date,term,combined_compound,close,rsi,macd_hist,asset_sentiment_z,asset_rsi_z,asset_macd_hist_z,asset_seta_score
2026-03-24,AAVE,0.32044386054308777,112.25984902576401,,0.0,,,,
2026-03-25,AAVE,0.1300416463429162,112.53925560461128,,0.01783107511732851,,,,
2026-03-26,AAVE,-0.03282279979757788,105.07645815143461,,-0.44822642649976385,,,,
2026-03-27,AAVE,0.15187095278288085,98.62937538508223,,-1.1273022720648829,,,,
2026-03-28,AAVE,0.03482402204694808,96.75118697639937,,-1.610150096777319,,,,
2026-03-29,AAVE,0.15610886219454784,95.36886142821098,,-1.9093796516470443,,,,
2026-03-30,AAVE,0.12036911703356011,96.68060695573523,,-1.9015535398721004,,,,
2026-03-31,AAVE,-0.01240717658686918,98.11412403744538,,-1.6895759413426643,,,,
2026-04-01,AAVE,-0.015624404799853804,98.06833815050187,,-1.4513071361799321,,,,
2026-04-02,AAVE,0.2946418438600169,94.3177690639049,,-1.442172742752152,,,,
2026-04-03,AAVE,-0.07924306079496107,94.76768658389533,,-1.3057819539938715,,,,
2026-04-04,AAVE,-0.2968512803630787,94.49362377026765,,-1.1400057448660839,,,,
2026-04-05,AAVE,-0.10678153160780203,94.03085530110852,,-0.973946036748734,,,,
2026-04-06,AAVE,0.10320767302906927,93.00759504995122,,-0.8499632173465375,,,,
2026-04-07,AAVE,-0.030646868970047453,95.82669105581228,34.70376710418127,-0.5117053229108555,,,,
2026-04-08,AAVE,0.08838479172863066,91.95201555466507,28.154039087388256,-0.48289058018144626,,,,
2026-04-09,AAVE,0.19881333119256808,90.53808957318785,26.210063776483878,-0.49139943556273114,,,,
2026-04-10,AAVE,-0.18271223313484342,93.62572882759166,36.51827516840796,-0.2344565753119614,,,,
2026-04-11,AAVE,0.2169154439128362,94.64048529252301,39.509134163148715,0.0436447452992228,,,,
2026-04-12,AAVE,-0.19065729815952312,89.92135078066666,31.9664370820135,-0.045593753737008136,-1.4217884455011998,,1.2491354578024598,
2026-04-13,AAVE,0.36581125489437993,103.27306805366428,56.986681887131006,0.7929477558978659,1.7526777013301804,,2.1367664185864297,
2026-04-14,AAVE,0.2929056344166994,100.06009065308717,52.02805786078406,1.1101186650699755,1.2548963542443905,,2.1871810411938415,
2026-04-15,AAVE,-0.060161766197746505,105.53929526872454,58.63781909029361,1.6360625241012596,-0.7036748979145523,,2.3646963035226283,
2026-04-16,AAVE,0.20242710592477112,115.46315152643439,67.39922854039187,2.5452087441752473,0.76136735838417,,2.675129906089775,
2026-04-17,AAVE,-0.1614392067525246,114.89225711329503,66.52621025060566,2.971328317404976,-1.252727905617799,,2.539803285399257,
2026-04-18,AAVE,-0.13363223411777722,101.17258392425697,49.823835304931855,2.2264616522096,-1.0502543026038504,,1.7973147015842104,
2026-04-19,AAVE,-0.3034605589112407,90.33616897066055,41.05606255141627,0.9656188882626393,-1.8336304775990009,,0.8506346252742957,
2026-04-20,AAVE,-0.4698230418563474,90.69922363371674,41.4279517945002,0.15999090902703283,-2.369509953958869,,0.25610360478664573,
2026-04-21,AAVE,-0.14119672225903457,91.89883933160925,42.714059456459495,-0.26506219297911926,-0.7629657960528033,,-0.0595232198717853,
2026-04-22,AAVE,-0.15369476637724735,94.04694611982924,45.041199764066796,-0.3681617330333693,-0.8009992659703137,,-0.13545330563199517,
2026-04-23,AAVE,-0.06599107650605512,94.3490183587444,45.37723731652364,-0.38103286668187564,-0.3656372912983736,,-0.14305152326356163,
2026-04-24,AAVE,-0.060064174902251855,94.34437735234354,45.372647125881365,-0.35538112891539253,-0.33051534633801416,,-0.12102100101012539,
2026-04-25,AAVE,-0.006373937665569009,94.12235707092496,45.13741613867206,-0.319991360154241,-0.059420285206941946,,-0.09141514025218866,
2026-04-26,AAVE,0.09055514175718915,96.53530116003748,48.275986869718686,-0.11146657697245832,0.4286596390554636,0.2772105482070636,0.07638930395364722,0.27754381127039873
2026-04-27,AAVE,0.08192541278733359,97.61896824616439,49.66859218429027,0.11006736733952716,0.37780172236456566,0.38971768896400716,0.2547568890834243,0.34446306236005575
2026-04-28,AAVE,0.1315912296520546,96.48263279300063,48.20302580744301,0.18621578486892254,0.6259274323651443,0.2511683424410336,0.31349733609374264,0.4197706765064906
2026-04-29,AAVE,0.03780342017363822,93.24271421682718,44.19856511195576,0.03257736092248398,0.1280906903356615,-0.1167576109973488,0.18114615267640022,0.07055283863798004
2026-04-30,AAVE,-0.04019365719806714,92.76922978166252,43.62814766106335,-0.0805599099020502,-0.28616287388961376,-0.16720993873755144,0.08313167105092009,-0.13968862986183492
2026-05-01,AAVE,0.1961959128950003,91.98443936159187,42.645737309729704,-0.18206420825928293,0.9724875353647289,-0.2567910249441042,-0.004951971929313888,0.31047211508386613
2026-05-02,AAVE,0.4942785523345192,93.28914681557376,44.86838684772777,-0.1371943277619312,2.364561612118919,-0.03679479273698228,0.034112460171773044,0.9450199450780048
2026-05-03,AAVE,0.12564342423859634,92.4405489368502,43.682651512899675,-0.14003832317207432,0.4832865431284335,-0.15331549688047674,0.031198795343130695,0.1566796067901696
2026-05-04,AAVE,0.03444420782908797,92.24874733784486,43.40345718250375,-0.1304049848496871,0.014999744532380744,-0.17870652474746598,0.0394298508123443,-0.0357831043675842
2026-05-05,AAVE,0.0298005192675783,93.51931206007383,45.871500857917766,-0.019834069377574925,-0.009027266107804802,0.07794799796254721,0.13886564003703364,0.06143318495675233
2026-05-06,AAVE,0.16287146506151184,94.30763971232453,47.404034512822136,0.11747621651119733,0.6793938121487211,0.2369216434385101,0.2626885161993197,0.42164057275083744
2026-05-07,AAVE,-0.24879639407098297,92.43489051564643,44.20229224721868,0.09425672987030476,-1.4464763048841673,-0.1078116706505257,0.23818693920787298,-0.5394779413864629
2026-05-08,AAVE,-0.0015027397385352975,95.78593867172873,50.62821663430273,0.30479320880095506,-0.1534402681072613,0.5867911129454906,0.43162428923656004,0.24414851341171068
2026-05-09,AAVE,0.10094474376847612,95.76671663257443,50.592224591112405,0.4350292725551723,0.3827509528111125,0.5711445378235508,0.5482127261205065,0.48890756030766225
2026-05-10,AAVE,-0.2720905060949939,102.10960572917543,60.55679192119695,0.9131309520101718,-1.5468937252624806,1.5989862875413798,0.986872232645598,0.15700006595110105
2026-05-11,AAVE,0.42019743109017815,101.21569949220313,58.75824611669049,1.1202885981847153,1.9756223106373765,1.344134718941974,1.1572722678616794,1.5406710202960465
2026-05-12,AAVE,-0.024479384644830536,96.63629664925743,50.485873586594934,0.9090110795055131,-0.2783721226935005,0.4428314313378387,0.9368724601203056,0.30256231836004305
2026-05-13,AAVE,0.036187442539232104,96.32041628970244,49.963343608260736,0.716558246980772,0.03217257648448105,0.37982252650272236,0.7409332193820459,0.3490957543592229
2026-05-14,AAVE,0.1467854699937144,98.32610648914708,53.27052595520592,0.6925170868105774,0.5967650726892878,0.7306543074571079,0.7074191350837159,0.6701280618379623
2026-05-15,AAVE,0.22988210098208134,92.83653877194214,44.58464034754401,0.29538514106412384,1.009788108693592,-0.23324395427950603,0.31981715434470737,0.42988720349699727
2026-05-16,AAVE,-0.23134057363308017,90.02189226338868,40.90213415560464,-0.14474058834072678,-1.3544923198476122,-0.6370589854931686,-0.10877148240828166,-0.7655460683094799
2026-05-17,AAVE,0.10091129646817636,89.1611669254335,39.81902008446841,-0.4637172929356913,0.35730717803194845,-0.745648980168177,-0.4185804841252359,-0.2063459680752445
2026-05-18,AAVE,0.30156816301367867,89.38709193217765,40.26614939499671,-0.6196344579912141,1.3652708997947678,-0.682451794689935,-0.5666544762989884,0.17137647862123018
2026-05-19,AAVE,0.17623185051272622,87.35489044297879,37.56270239906757,-0.8078717125254711,0.7088238769721976,-0.9706082524825239,-0.7444137194674479,-0.23097704079611248
2026-05-20,AAVE,0.10954977213993199,87.97789233271247,38.91666839381607,-0.8352086854180945,0.3595884118401976,-0.7996162499569296,-0.7612999350921792,-0.3244394907786536
2026-05-21,AAVE,0.07840130462102479,88.05967880082578,39.10336384480304,-0.7928989239334434,0.195131816011481,-0.7643155047497563,-0.7095417595887767,-0.36410445289696747
2026-05-22,AAVE,0.2321717176067328,85.92,36.00307322148146,-0.8491154329143291,0.9885978369076097,-1.0967620126975604,-0.7563170861058701,-0.16048459487798516
2026-05-23,AAVE,,,36.00307322148146,-0.6792923463314633,,-1.0713640063479324,-0.5709617560849765,
2026-03-24,ADA,0.05881497682821709,0.26620381894244105,,0.0,,,,
2026-03-25,ADA,0.06677734152496455,0.27034822254806007,,0.0002644861560280987,,,,
2026-03-26,ADA,0.13639906756624992,0.2545891392067584,,-0.0005899145468628486,,,,
2026-03-27,ADA,0.00032835932973311784,0.24590432257931547,,-0.0016480150503265828,,,,
2026-03-28,ADA,-0.0709958039825834,0.24577223396902548,,-0.0022287519846672797,,,,
2026-03-29,ADA,-0.08489772116650962,0.23958116723407022,,-0.002861433544665648,,,,
2026-03-30,ADA,0.029671890197043863,0.24317455758457318,,-0.0028625637980847873,,,,
2026-03-31,ADA,-0.007556945569586591,0.24161684359867408,,-0.0027899977608674877,,,,
2026-04-01,ADA,0.11078127309556351,0.2484146253813803,,-0.0021354571587479817,,,,
2026-04-02,ADA,0.15247838254999888,0.23928447196356822,,-0.0021620747491217455,,,,
2026-04-03,ADA,0.10081470728441334,0.24620430301161852,,-0.0015850334416351152,,,,
2026-04-04,ADA,-0.051442880441676817,0.24791110190477494,,-0.0009889508123388391,,,,
2026-04-05,ADA,0.06336743870034814,0.2506912008448064,,-0.0003414315673190404,,,,
2026-04-06,ADA,0.27057788473643873,0.2461140793117127,,-0.00016435930803520953,,,,
2026-04-07,ADA,0.24303920050054895,0.2626642780457681,68.29634814958267,0.0010572343045187633,,,,
2026-04-08,ADA,0.19902127961075583,0.2508103318155233,58.79378296364398,0.0010543798846069062,,,,
2026-04-09,ADA,0.21458600355818302,0.25416470052220863,60.46989806021594,0.0012523707776963735,,,,
2026-04-10,ADA,0.13589943984162295,0.25427895878074847,60.52879367745732,0.0013562379265317824,,,,
2026-04-11,ADA,0.0012650576380143497,0.24959883993076,56.79605828652216,0.0010866081612739315,,,,
2026-04-12,ADA,0.06630598023540807,0.2361992087636667,47.72194903052068,3.807669843221371e-05,-0.15096134578313744,,0.5059644345298655,
2026-04-13,ADA,0.04169730445009079,0.24870574583568042,54.955570985498255,0.00020949484426592384,-0.38091036516640686,,0.6015135226261009,
2026-04-14,ADA,0.27336561459496167,0.2397083445934665,49.63465806691049,-0.0002362408392133095,1.7408391773079646,,0.28906551601272495,
2026-04-15,ADA,0.1350381801938405,0.2459726113500767,53.04350819591299,-7.092794727316977e-05,0.42616460043467086,,0.3949110057076694,
2026-04-16,ADA,-0.03845508499182759,0.25932446376398144,59.35760676986827,0.0009211871966948327,-1.1764191094833194,,1.0538229131669137,
2026-04-17,ADA,-0.07063392358422556,0.25880092209827804,59.022465836245416,0.001491922852504825,-1.391257393779723,,1.3720591774615467,
2026-04-18,ADA,0.15353316677961318,0.24914281657551474,53.06964693858913,0.0011822801831244973,0.6729650132073997,,1.105546297815272,
2026-04-19,ADA,0.17686498675458134,0.24251400981636229,49.38789966424074,0.0005276935300777344,0.8630417550118274,,0.6351564704407355,
2026-04-20,ADA,0.06475705537240113,0.24802077941980336,52.34561822356233,0.0004644785969953715,-0.19162394142718112,,0.5768841819668343,
2026-04-21,ADA,0.3004395294902091,0.2498969722878162,53.345979381811624,0.0005424842662198207,1.8982485279156183,,0.6172393796650667,
2026-04-22,ADA,0.12038639390121883,0.24849134729308606,52.457518326522695,0.0004942407065421047,0.2530044270536059,,0.5698442842170192,
2026-04-23,ADA,0.30399105886750855,0.24989885148729996,53.29630752816007,0.0005477964414704237,1.8112077553262642,,0.5954866205331979,
2026-04-24,ADA,0.21989220331852494,0.25033338409198924,53.5686651335201,0.0005990092092537909,1.0300341879104493,,0.6194269067975113,
2026-04-25,ADA,0.055880665146797626,0.25038943490464777,53.60624818269409,0.0006205497057892627,-0.4156033303433336,,0.6220810562821504,
2026-04-26,ADA,-0.0030063817100948603,0.25224505043657036,54.90754245002139,0.0007357926670999806,-0.918288108086306,-0.06761325430894885,0.6928947000288647,-0.17973080951854767
2026-04-27,ADA,0.2164973829398087,0.24811780912046905,51.45081732261166,0.0005202363242312455,1.0246145350108469,-0.7617537142572383,0.5207634818730951,0.33754874428909587
2026-04-28,ADA,0.22667908333797823,0.2468073321599323,50.36656738676712,0.000287214802714552,1.0818230779238232,-0.9475587479222563,0.3378776432636834,0.24982489977195743
2026-04-29,ADA,0.3384794424997538,0.24451006604141942,48.43947235612896,-8.167380589832332e-06,1.9418241105568126,-1.275228634679777,0.1083025840703599,0.42665182903989995
2026-04-30,ADA,0.26183524633298627,0.24601325094699966,49.79313263270946,-8.459707550771299e-05,1.2402555362049172,-0.9529087617690701,0.047827669636179786,0.22457788684209978
2026-05-01,ADA,0.2521677518823251,0.24827690810821565,51.84349318377236,2.8939354982307833e-05,1.1237571511333517,-0.5120478049572665,0.13618992947413883,0.3367454978084024
2026-05-02,ADA,0.03994941120147704,0.2500979558647872,53.48906759419267,0.00022727884849423497,-0.6631283653128842,-0.16022522004495326,0.2917617158286139,-0.22579039739005557
2026-05-03,ADA,0.08076762774694199,0.24949547254423493,52.845668681409975,0.00031319186900854805,-0.31046409688730775,-0.2934136895316474,0.3567760574010926,-0.10517692839408958
2026-05-04,ADA,0.17367980043468093,0.24982686211799315,53.179273213287004,0.0003830182106066655,0.48478155200179845,-0.21599330099115124,0.4085434045488213,0.2516776518680204
2026-05-05,ADA,0.349974899757579,0.26203548641906127,63.44094065893499,0.0011962057182340745,1.9078999079575172,1.90562703711564,1.0575283832295022,1.6521065892865496
2026-05-06,ADA,0.27740666191818786,0.2668686982932311,66.56510280103186,0.0019592809849754084,1.257813732792413,2.280676741091457,1.6189723056142504,1.6730202071286773
2026-05-07,ADA,0.2666365540719591,0.26269385980287974,61.66332082543788,0.0020716068760579806,1.1375158511789065,1.267569727024252,1.6380355441013423,1.3266879218092409
2026-05-08,ADA,0.27116717807998264,0.273468709341011,68.17673055154617,0.002719499910434942,1.1452434418832838,2.2627964216180056,2.028963983985885,1.7456254984344808
2026-05-09,ADA,0.5665640968493418,0.27098119800771225,65.41360554778822,0.002816541253198839,3.1437571078135353,1.6639736947740422,1.987932017581947,2.353074556832211
2026-05-10,ADA,0.2569324590901611,0.28240935463694705,71.19051606337827,0.0034448783124769594,0.8340293966579405,2.381478903155085,2.2860868409428234,1.7338814818925488
2026-05-11,ADA,0.2878553002886267,0.28046169591358533,69.07303162396516,0.0035118179050720568,1.0410239913914991,1.901881353779943,2.188980132500409,1.643668042440705
2026-05-12,ADA,0.19447031181660213,0.2710100688697019,59.78046331458278,0.0027364854866193866,0.3437219831336434,0.4750637121223399,1.6044421310307537,0.7613405461993854
2026-05-13,ADA,0.28991039938669577,0.2645236941916904,54.37416524868184,0.0016568759703755095,1.037110533494235,-0.35417748029761664,0.8727576822659338,0.5704182739881891
2026-05-14,ADA,0.37426612340401866,0.2704806155796174,58.12002603612392,0.0012334721085063326,1.6094347512098925,0.22812137728647497,0.5836217795667509,0.8872968475399249
2026-05-15,ADA,0.288097300180886,0.2615066432491059,51.28863019932256,0.0002878946798023953,0.9572648670602127,-0.8348174220701968,-0.04876371077840052,0.11783160696950591
2026-05-16,ADA,0.05402283302643335,0.2549972409274598,46.97546756894505,-0.0007787753630347427,-0.7559643429948166,-1.4590776674700108,-0.7583488288735631,-0.9676136861009987
2026-05-17,ADA,0.01748884957038265,0.2520623174235924,45.13255387163217,-0.0016355374301238066,-1.0072134784972229,-1.6641069816177207,-1.3060933903389869,-1.2939455029859015
2026-05-18,ADA,0.18060403840459766,0.25150653288368763,44.77432769409779,-0.0021602615501021072,0.19706602345062516,-1.6406184684017682,-1.605285558338949,-0.894944798641965
2026-05-19,ADA,0.33959782201494165,0.24801462148332398,42.49230909880026,-0.002631816895898693,1.3482918227398724,-1.8731187732996128,-1.8420067917513074,-0.575220940419327
2026-05-20,ADA,0.3584529519813751,0.2490478107601212,43.41132075743613,-0.00275054757682995,1.4473515476327394,-1.6632661247333889,-1.8440334841328472,-0.473249263606775
2026-05-21,ADA,0.3705321869532615,0.250382279041614,44.64184381710911,-0.0026164145581425097,1.4929411555971672,-1.4372829611187938,-1.6995082864693587,-0.3438609120375788
2026-05-22,ADA,0.1408292088890375,0.24237278625788267,39.14050863603975,-0.002921169373763472,-0.16973261803154424,-2.0720611599255854,-1.8196519242405857,-1.235406972462469
2026-05-23,ADA,,,39.14050863603975,-0.0023369354990107776,,-1.9608740277777064,-1.414237896431212,
2026-03-24,ATOM,0.03281229411512612,1.7868420738233937,,0.0,,,,
2026-03-25,ATOM,0.48442738798728213,1.7650273101065972,,-0.0013921672571402866,,,,
2026-03-26,ATOM,,1.698165419710802,,-0.006455567627794316,,,,
2026-03-27,ATOM,0.24923031976893545,1.6732297127535773,,-0.010864249351800928,,,,
2026-03-28,ATOM,0.498154328324087,1.6657331953131913,,-0.013493765575400973,,,,
2026-03-29,ATOM,,1.6452321190904833,,-0.01566945728521188,,,,
2026-03-30,ATOM,0.13539338515549898,1.6656251499121089,,-0.014801166988995737,,,,
2026-03-31,ATOM,0.24332334430217742,1.7070613042764151,,-0.010693827117785958,,,,
2026-04-01,ATOM,,1.6761324216883708,,-0.009365421472132124,,,,
2026-04-02,ATOM,-0.36828287074957045,1.666660383470789,,-0.008457763810598682,,,,
2026-04-03,ATOM,0.11831584519818425,1.6879052327798965,,-0.005881846792462377,,,,
2026-04-04,ATOM,,1.712365269658174,,-0.002176739277738076,,,,
2026-04-05,ATOM,0.3878397970569863,1.6974647411922728,,-0.0004650429918146952,,,,
2026-04-06,ATOM,,1.7029391449236226,,0.0012088323072564737,,,,
2026-04-07,ATOM,0.010939243852649813,1.8068669038584937,46.393712549272955,0.009051562786106915,,,,
2026-04-08,ATOM,,1.780958321301096,43.286452199272304,0.012043200954657742,,,,
2026-04-09,ATOM,0.16194738967120648,1.8017956950906662,46.39601684606109,0.014793210664066976,,,,
2026-04-10,ATOM,0.5955943603116354,1.807054027594663,47.183019307473266,0.016219677544437566,,,,
2026-04-11,ATOM,0.8868715580385178,1.7785581032909161,43.45926678289568,0.014550709930459971,,,,
2026-04-12,ATOM,0.08463964109797031,1.7258956384082027,37.55969773850026,0.009453657810577224,,,1.00386291895776,
2026-04-13,ATOM,0.472948472905159,1.7799157950365194,45.70222574091802,0.009261833506379482,,,0.9404743090667851,
2026-04-14,ATOM,0.24270824671983718,1.7460422953072714,42.0033706274859,0.006524289308829483,,,0.6579760589540983,
2026-04-15,ATOM,,1.766625774822799,44.920548950893135,0.0057950908102344855,,,0.5708783381373325,
2026-04-16,ATOM,0.43682791045169966,1.808849899503153,50.42882827684183,0.007730757511606295,,,0.7358877893752511,
2026-04-17,ATOM,0.18600493037104607,1.8340587447795431,53.42363580985838,0.010131743905368888,,,0.9361228932470647,
2026-04-18,ATOM,,1.7838962763566648,47.299973171549226,0.007865406540422025,,,0.6913759886242391,
2026-04-19,ATOM,,1.7581844626772898,44.485270363762695,0.004334943026247389,,,0.3311946341092341,
2026-04-20,ATOM,0.16910154612303402,1.8009574497926093,49.833466170367565,0.004557882244867185,,,0.3469582715040377,
2026-04-21,ATOM,-0.14593896798640493,1.8460989909202816,54.78431503298315,0.007262461986771999,-1.4051933804045151,,0.6122249912652915,
2026-04-22,ATOM,-0.3217023856461048,1.862894859082166,56.50429240116818,0.009555200144199597,-1.8119495478996912,,0.8281721130801664,
2026-04-23,ATOM,,1.913880815486856,61.315000544272465,0.013629768175820765,,,1.205926414399182,
2026-04-24,ATOM,-0.3380870527088642,1.9930404287882277,67.35242036688531,0.020374469029338482,-1.690934448809043,,1.7787804230496644,
2026-04-25,ATOM,,2.0312445504133105,69.80193028895395,0.02577906770718714,,,2.1153891278297783,
2026-04-26,ATOM,0.5266999751075482,2.0011191218830953,65.62094724689484,0.025641010339554487,1.0193547200513184,1.6316814064106921,1.9458441049845827,1.48099954143911
2026-04-27,ATOM,0.24252963845252523,1.9856919735368077,63.52260474631421,0.022915729591314292,0.11232690330273878,1.304750674397726,1.609895080875348,0.9193244879030177
2026-04-28,ATOM,0.24319802553653716,1.9539066727525054,59.314196284959856,0.01761552241500991,0.11225538046772238,0.8159730728068151,1.1093185689715404,0.6224896447205956
2026-04-29,ATOM,0.11055836155861615,1.9289010197668939,56.16189376893857,0.011371758801749766,-0.3217304617764187,0.45938718830229014,0.5544776648038742,0.1754672712212818
2026-04-30,ATOM,0.46068044078890236,1.8880506780567814,51.35975850670292,0.0038268111425735496,0.8358464779106582,-0.0733566050849325,-0.10897352636403261,0.27963955172957383
2026-05-01,ATOM,,1.8970322338726255,52.32497369926863,-0.000966741637700344,,0.03572213381965056,-0.5284060295293711,
2026-05-02,ATOM,0.81417213235721,1.883307728694489,50.67030242068912,-0.005231331820935707,1.8648411744443372,-0.15353264961848273,-0.8923155748518433,0.43218200243663707
2026-05-03,ATOM,-0.062065364792943,1.875228664625725,49.6744728527749,-0.008568619505519147,-0.9321318375825763,-0.2663033133950087,-1.1592319737465882,-0.8005133211755096
2026-05-04,ATOM,,1.889064072442769,51.434717515622886,-0.009731685797093916,,-0.052908808415087605,-1.2254401373488801,
2026-05-05,ATOM,0.24316708513796328,1.8830380723758782,50.604492852287095,-0.010716350555151334,0.05408299783776497,-0.15235409853479906,-1.272543848212762,-0.4058361848891623
2026-05-06,ATOM,0.20474415785173575,1.901794189047163,53.13986261238374,-0.00993161740921649,-0.07122461374177237,0.16230377796286694,-1.1700264643518077,-0.33080665141339116
2026-05-07,ATOM,0.10976483229609829,1.8842312728223534,50.524715517409085,-0.010374156610723287,-0.3822581646977481,-0.16796963014521027,-1.1764686639288948,-0.5562347541013308
2026-05-08,ATOM,0.8897526417100803,1.949933496339066,58.710863887821,-0.00622529621003888,2.071517356602008,0.8671855853253575,-0.7977624188569898,0.8494338925813135
2026-05-09,ATOM,0.4774138964767258,1.936036052511179,56.578400797551936,-0.004481801708047878,0.7345421469186602,0.5782155150542359,-0.6345129560355866,0.2769276264730588
2026-05-10,ATOM,-0.19002501526847482,2.011704895326237,64.20241402997416,0.001388785288584611,-1.3574250451036391,1.5009132892404147,-0.11258192120471076,-0.12647060763074458
2026-05-11,ATOM,-0.24763182903304692,2.045187706894874,66.96632605030891,0.0068430287522609975,-1.4705543103743577,1.7440421733699938,0.37207071745197207,0.04661214309684665
2026-05-12,ATOM,0.3366256335626046,2.1055519471128257,71.27266591541867,0.013450309030070995,0.34782649812571176,2.0980988973632706,0.9511739983262011,1.0539124679571261
2026-05-13,ATOM,-0.12080360634922982,2.039821460746785,61.82192724096532,0.012356199049453974,-1.06632505477219,0.9596182146258859,0.8378236861312702,0.11270254831827076
2026-05-14,ATOM,-0.49163070974349976,2.0471782030784844,62.42251141672248,0.011128455822054233,-2.07505163068086,1.0028032360106574,0.7157694743282305,-0.3144488391706778
2026-05-15,ATOM,-0.04467092299968936,1.9281411090866085,48.992632091594665,0.0017897908362104198,-0.7186783763066955,-0.5689307047518235,-0.13494202859753207,-0.49863317052748485
2026-05-16,ATOM,0.1795734023936093,2.0423200044211516,58.267250944105236,0.0027361257851951093,-0.04050412461570298,0.5246220591982603,-0.04734046399541766,0.12698282871457162
2026-05-17,ATOM,,2.0343048286341108,57.47717207282549,0.0022749146625250724,,0.423743781608684,-0.08941164026373566,
2026-05-18,ATOM,0.13516065859943008,2.0754216603646443,60.44055251908644,0.00408596332776618,-0.17430241517900608,0.7679880997673787,0.07984659339728552,0.18462944187779678
2026-05-19,ATOM,-0.09793385402858258,2.0400056465932583,56.77065532845595,0.002332822101254496,-0.8776879801263714,0.3170089029059066,-0.085446097303677,-0.2816063503698797
2026-05-20,ATOM,0.587841502714157,1.9894999215924951,51.92831490992059,-0.0025306888313451,1.2159236448611852,-0.2757492567613223,-0.544095371177229,0.24041606956290873
2026-05-21,ATOM,0.15203248097002509,2.0499697502271372,56.69140025828781,-0.0020007974325523953,-0.12768322694861783,0.31320080299921627,-0.48799566584005155,-0.10351174963169774
2026-05-22,ATOM,-0.2524052922382951,2.0717,58.29074509629523,-0.0005859129209086697,-1.3466181395699348,0.5073266860111562,-0.3477917138589436,-0.4907867641823101
2026-05-23,ATOM,,,58.29074509629523,-0.00046873033672693853,,0.5006199672464795,-0.33552037881733193,
2026-03-24,AVAX,0.15540625395915472,9.613547159635079,,0.0,,,,
2026-03-25,AVAX,0.13174453856185078,9.671586334743804,,0.0037039245653431863,,,,
2026-03-26,AVAX,-0.057156968906320035,9.099667419954189,,-0.03067566414852081,,,,
2026-03-27,AVAX,0.21533936795827055,8.779956342422832,,-0.07095779532160776,,,,
2026-03-28,AVAX,0.15517682675111832,8.748337274249227,,-0.09428078370715139,,,,
2026-03-29,AVAX,0.03220023664941546,8.598515214294554,,-0.11308003417069395,,,,
2026-03-30,AVAX,0.13217813045430746,8.794899145352364,,-0.10570661575279633,,,,
2026-03-31,AVAX,0.06669281236189882,8.910345864173255,,-0.08723949934765218,,,,
2026-04-01,AVAX,0.3391128803444349,9.128204704555476,,-0.056052605911763975,,,,
2026-04-02,AVAX,0.15396526238806907,8.751897822419203,,-0.05631858424835723,,,,
2026-04-03,AVAX,0.28769349735010136,8.912322873923973,,-0.041903330697759505,,,,
2026-04-04,AVAX,0.14336776619276065,8.980932026025357,,-0.024805806868601427,,,,
2026-04-05,AVAX,0.055931442462694304,9.061447644781982,,-0.006106988106684558,,,,
2026-04-06,AVAX,0.15031878502782067,8.908814560798744,,-0.002249818150749483,,,,
2026-04-07,AVAX,0.10420562573396912,9.423746346373575,61.42838275458814,0.034710252853949686,,,,
2026-04-08,AVAX,0.09334759546063397,9.058546963329839,52.30770095060558,0.03423404620879886,,,,
2026-04-09,AVAX,0.11784168087638809,9.360863763491095,57.88259658983877,0.05283976658965536,,,,
2026-04-10,AVAX,0.1189120606354339,9.39951185448174,58.549659863128326,0.06548317298766262,,,,
2026-04-11,AVAX,0.16177868105178345,9.37295050091176,57.87127626162915,0.06941596442698511,,,,
2026-04-12,AVAX,0.0754406606987491,9.032806552390728,49.89808673447806,0.04751262608899044,-0.6583429484104145,,1.1434178006765152,
2026-04-13,AVAX,0.10680857024868952,9.665346842897641,60.73263708042516,0.07253005620616106,-0.283851403678381,,1.4497496328418087,
2026-04-14,AVAX,0.18047415333388858,9.308234937100895,53.67542897405406,0.06232245812906926,0.5810296384889295,,1.2058444661499375,
2026-04-15,AVAX,0.24530456070667583,9.438242210423661,55.69389907813709,0.06151635648404324,1.2878345604213444,,1.1315385442007684,
2026-04-16,AVAX,0.18018724700396102,9.73120541515745,59.930829906421394,0.07690444647360972,0.4957867420135974,,1.3010003491134297,
2026-04-17,AVAX,0.28232368820782766,9.731091410588892,59.92842822947232,0.0827572893356864,1.6062458407419797,,1.3152059235207407,
2026-04-18,AVAX,0.04795780662660488,9.331670833197949,52.057271458879725,0.05665537510545661,-1.0888627764648384,,0.8743121568456348,
2026-04-19,AVAX,0.11717762570742984,9.015786280412094,46.8198412503837,0.017095088546446043,-0.27681251936146295,,0.24579966368364084,
2026-04-20,AVAX,0.018460524884297298,9.277687847552603,51.20334415902089,0.008007167730647784,-1.3706382625538247,,0.09810693069219947,
2026-04-21,AVAX,0.04065046366767061,9.388662058014102,52.97220997931798,0.008845057976737965,-1.0701489010893874,,0.1099171497958376,
2026-04-22,AVAX,0.40897599552284203,9.340627370983526,52.091985731013594,0.005692594669790822,2.708818740190246,,0.056467826191735106,
2026-04-23,AVAX,0.24279488026975746,9.382801592596286,52.8330566362246,0.0059482596279567465,0.9891465135663099,,0.05984277644734071,
2026-04-24,AVAX,0.4212708677351195,9.399957544249382,53.15053101843108,0.006716506148217321,2.463179071357201,,0.07196830038194404,
2026-04-25,AVAX,0.17403401741754626,9.369483961363757,52.47489019769544,0.004710842210080408,0.18236172712148968,,0.03627485017499717,
2026-04-26,AVAX,0.2342871214326471,9.460065811499492,54.33317157754927,0.008786423119592136,0.7292532653854137,-0.11463146458777873,0.1072560837732561,0.28948869190980875
2026-04-27,AVAX,0.12762804668999891,9.261931001969156,49.75077690325273,-0.0019852869602639614,-0.27153864949050954,-1.1849899885005266,-0.08623662642008514,-0.4899834442723873
2026-04-28,AVAX,0.1659977280684861,9.179149279171337,47.931871217069585,-0.014132231170646797,0.09370578879826306,-1.5051667949946717,-0.3044835645629928,-0.5054127923479941
2026-04-29,AVAX,0.18138522977179927,9.120776541182664,46.63707359732092,-0.024914448003775402,0.23942238184525227,-1.6558502095625918,-0.4964865974225215,-0.5499320893574331
2026-04-30,AVAX,0.2871558859404043,9.0899032495377,45.930373678040056,-0.03246432304423204,1.2347095845764244,-1.6643634010134518,-0.6266564438185032,-0.19342211961901667
2026-05-01,AVAX,0.2953378688838501,9.082371403560495,45.74824373372396,-0.036028862652991975,1.2693613944711604,-1.5780898953573133,-0.6811472536551182,-0.17002658691526526
2026-05-02,AVAX,0.24269199844152317,9.180401331034194,48.6048192417645,-0.03008978932956506,0.7461248277992473,-0.9428603224282145,-0.558591706680782,-0.151985677613
2026-05-03,AVAX,-0.13186909021101892,9.080840471118366,45.95809574493841,-0.0310465732999642,-2.5979465114873066,-1.4120281008020734,-0.5677441531588525,-1.6331102807832005
2026-05-04,AVAX,0.10529845591876756,9.171424231501723,48.695453038663715,-0.024070043954820895,-0.4698449702496307,-0.8238316655334487,-0.42630836633046953,-0.5629799976590277
2026-05-05,AVAX,0.08274110327327829,9.40789365554595,55.090560027960215,-0.0031218459753849757,-0.6622822790649064,0.48728447754687715,-0.015411913469542004,-0.12335114240276206
2026-05-06,AVAX,0.17945221805616338,9.617322420784589,59.86243446249086,0.02376682771988572,0.21434104842316767,1.4101506481125763,0.5107900230321242,0.6620186207126771
2026-05-07,AVAX,0.18641541561050212,9.506982723200899,56.45865039706627,0.03250828213337516,0.2750734437647532,0.6935754438359777,0.6746776184503965,0.5205052961918135
2026-05-08,AVAX,0.10250301703510717,9.900030212308689,64.25543538829623,0.06146807088584213,-0.49777925736837997,2.100912118888789,1.2231680607327753,0.7981123509391173
2026-05-09,AVAX,0.18074121503004184,9.959846120577957,65.27453833832669,0.08017604076092898,0.23269198898648707,2.098395405795889,1.5388278078823203,1.1842437596980575
2026-05-10,AVAX,0.2325919966795892,10.220215353667268,69.36841839342132,0.10409377372614327,0.7122212372077903,2.514974078905167,1.9090288430693685,1.6120893714754767
2026-05-11,AVAX,0.16123161140826783,10.130677396073308,66.46645579585461,0.1074555679534128,0.03274748058550413,1.8914287875854217,1.8787066642241224,1.1441396277770648
2026-05-12,AVAX,0.33392648678294484,9.836298491081491,57.891549600323984,0.08443968351343238,1.6299456944824091,0.5127059340090642,1.407032283684428,1.2278997431010112
2026-05-13,AVAX,0.2187145908306865,9.759183256642075,55.858561733898725,0.05977011656765269,0.5350042501434394,0.18199102440466447,0.9360717687067523,0.5494205379908008
2026-05-14,AVAX,0.0960643204614477,9.89781803993112,58.66862545898705,0.04898970684235515,-0.623311681873733,0.6300707968852161,0.726922187759803,0.1577732226440125
2026-05-15,AVAX,-0.03276708553472741,9.539060382042607,49.82845280846699,0.01562579762874286,-1.780892196105447,-0.8107234844531691,0.10937458254943416,-0.9227615490132993
2026-05-16,AVAX,0.04584344599608072,9.290899481761127,44.799840430490846,-0.023121607954116094,-1.0251873839104193,-1.570325966063059,-0.605765354283793,-1.0629023496682233
2026-05-17,AVAX,0.04556599759619451,9.191953646982482,42.93915443092749,-0.05363682602951697,-1.0087483315327501,-1.7738442519981497,-1.1531838480249754,-1.2816077626200375
2026-05-18,AVAX,0.07253808362709566,9.241137519430584,44.18021972640556,-0.06781706927035543,-0.7460625175897329,-1.51441581387551,-1.3809046159746992,-1.167021135990956
2026-05-19,AVAX,0.06107623005239501,9.090959776661675,41.23137577562264,-0.08358373868273429,-0.8408025241020303,-1.864462738623338,-1.6187826370884089,-1.381294622354336
2026-05-20,AVAX,0.4250056320155801,9.283370768893722,46.1872272219626,-0.07746451745574828,2.4237153220049126,-1.09249551530405,-1.4653192346958164,0.20214170380200508
2026-05-21,AVAX,0.1645950269518207,9.44,49.89157003675706,-0.06005537476200673,0.08400122455862502,-0.5305222473196431,-1.1283953569470235,-0.46407479145654995
2026-05-22,AVAX,-0.11449198489936396,9.146652563973497,43.809046896108725,-0.06506212536411642,-2.310180484574008,-1.4005180266265476,-1.1936477132685037,-1.7023219157981184
2026-05-23,AVAX,,,43.809046896108725,-0.05204970029129313,,-1.3572188953530175,-0.9373618895750156,
2026-03-24,BNB,0.5026837769849867,638.0644867359217,,0.0,,,,
2026-03-25,BNB,0.15716786107416847,647.3575177511082,,0.5930595291742975,,,,
2026-03-26,BNB,0.2460413355672594,628.5349779207801,,-0.26887362963243505,,,,
2026-03-27,BNB,0.14962615514200622,613.1631037724225,,-1.7767578170827254,,,,
2026-03-28,BNB,0.43193759504918633,610.5616324760585,,-2.791438947878385,,,,
2026-03-29,BNB,0.14829373977323992,605.5900570800243,,-3.5886909487698815,,,,
2026-03-30,BNB,0.1734869474283313,608.6045441568095,,-3.6900381133494884,,,,
2026-03-31,BNB,0.12950098156082843,616.7365856783837,,-3.0148921102058925,,,,
2026-04-01,BNB,0.17607743466226228,610.6317688285947,,-2.790138994210702,,,,
2026-04-02,BNB,0.15854722691304776,583.2896597771816,,-4.20842042701317,,,,
2026-04-03,BNB,0.10205243560716823,588.2818190207132,,-4.5090861225608165,,,,
2026-04-04,BNB,0.03076156931023838,593.4310294657064,,-4.073190773080125,,,,
2026-04-05,BNB,0.36688341342506353,601.3909095022981,,-3.0098295918443085,,,,
2026-04-06,BNB,0.4088296519243655,600.1345165038218,,-2.1902291372770257,,,,
2026-04-07,BNB,0.18296052443574493,620.318806649657,68.28273369845432,-0.19309170974321077,,,,
2026-04-08,BNB,0.1484816845818252,601.280387331922,59.18141878212981,-0.0652517557994976,,,,
2026-04-09,BNB,0.07357630878829521,602.9457456052711,59.68758543303107,0.2056626143906417,,,,
2026-04-10,BNB,0.2475153923819804,605.7751817746448,60.58193606382596,0.6258714630485507,,,,
2026-04-11,BNB,0.22366788138916277,607.3659686554416,61.10441180729011,1.037152964735057,,,,
2026-04-12,BNB,0.27768981452995145,592.2047296596668,53.78702900005126,0.34983988530551713,0.4892657195887425,,1.0567753416975736,
2026-04-13,BNB,0.21526024666012972,615.1054137511484,61.32147837506268,1.4382047490734209,-0.012001390278511487,,1.4935937322009551,
2026-04-14,BNB,0.14986035543273435,614.165050065157,60.88253105145,2.0577183307768,-0.5351376193020798,,1.64350982166236,
2026-04-15,BNB,0.2771911845912583,622.8279553022775,63.47627583430103,2.9590573177669564,0.5180909367577688,,1.8592006984712504,
2026-04-16,BNB,0.19940387626054518,636.0314428860892,67.06115589326086,4.272814397389852,-0.14228335029877548,,2.1379986780611437,
2026-04-17,BNB,0.18779250914393816,643.6241064265952,68.948587048784,5.408389539765427,-0.23847622513703612,,2.2540795662080324,
2026-04-18,BNB,0.23164385652606373,629.9890046724958,62.07008292509902,5.0057217674825925,0.14856105419912446,,1.9038661021847492,
2026-04-19,BNB,0.16557925563739712,616.4597699367936,56.09066695005214,3.6553687803372967,-0.4409061781768456,,1.3558768701975614,
2026-04-20,BNB,0.1516371259479644,629.5546382151609,60.097398438031846,3.472569525911682,-0.556171631112879,,1.233357753118315,
2026-04-21,BNB,0.05102303436368676,631.878475504301,60.781334457135806,3.335856247840356,-1.4148038804185092,,1.1389611199619232,
2026-04-22,BNB,0.16218934248052316,637.8211127101641,62.54913904024297,3.458535768204321,-0.3904339544527764,,1.1340162726991472,
2026-04-23,BNB,0.27250285840052413,638.6523949898309,62.801730214353746,3.403289173239756,0.6195831846361599,,1.0759522226705167,
2026-04-24,BNB,0.14115521514639365,636.4348150570073,61.60799263068212,3.0370900058442425,-0.5994710182904875,,0.9262261406324985,
2026-04-25,BNB,0.12231151076310004,628.6112130436043,57.458422515422,2.1305031807152948,-0.7594014991622425,,0.6114959784055517,
2026-04-26,BNB,0.2514476139501017,635.8172695526204,60.12263063122797,1.8870384673773293,0.46411246965790137,-0.3446999014566354,0.5198395963894961,0.23818689634301873
2026-04-27,BNB,0.14866263331899793,626.7377332755052,55.41369898577612,1.0283592416069771,-0.5187317832998717,-1.488634401601354,0.2245988773764483,-0.5867033705874205
2026-04-28,BNB,0.16225577276223474,624.5053638702619,54.287865263195926,0.26371521684979937,-0.38001262170805633,-1.6249392422799251,-0.03849865885043974,-0.651036419022332
2026-04-29,BNB,0.24700117242582287,617.270790176444,50.693355115357015,-0.7217355143435644,0.45001983480975516,-2.174101071397587,-0.3773705696097811,-0.5854335583783083
2026-04-30,BNB,0.28399531478904283,615.0865032116408,49.62499212989561,-1.4699821738006111,0.8018646136128729,-2.112701517322124,-0.6304955319688452,-0.5022132693421416
2026-05-01,BNB,0.16872802767479655,615.2055001103996,49.68720165739603,-1.8799890081898143,-0.35030392611141475,-1.8924778030723242,-0.7610598391020335,-0.9361828630968732
2026-05-02,BNB,0.17599211136600934,618.0316749910427,51.22770635812159,-1.8794497876832033,-0.2728644161504941,-1.491557233444469,-0.7460221783327294,-0.7804195899933573
2026-05-03,BNB,0.3905236754670811,617.3440840986375,50.82001164282182,-1.8415731969952989,1.826009543485798,-1.471691534716915,-0.7187862327907639,0.07326048714201558
2026-05-04,BNB,0.38961528627506925,622.5567960518446,53.820537276328864,-1.4015389582432023,1.7274954199945873,-0.8934989240306043,-0.5503937015857995,0.25783038031291383
2026-05-05,BNB,0.29419810026224624,630.5249917933514,58.03530760611292,-0.5534644898454373,0.7870775012089313,-0.11891966963397924,-0.2369326290236755,0.20807531088627612
2026-05-06,BNB,0.22058057193412411,647.6137642386414,65.34121173908477,1.0892195798631872,0.06925480138054053,1.1927318303279293,0.366750771837795,0.49554670120193345
2026-05-07,BNB,0.21011265812665342,637.0531632664,58.55655481144628,1.376836370908487,-0.03353315529384138,-0.06161104468148726,0.46799155203665804,0.10850089008901469
2026-05-08,BNB,0.2054895163485023,649.3872196762436,63.34384346866717,2.257991355688166,-0.07876285003992946,0.8172120738903581,0.7865094016824425,0.44961130265586835
2026-05-09,BNB,0.2994479602333627,649.6902904110876,63.45554984159616,2.6920371629666677,0.8523367687148432,0.8170126118476488,0.9319834130078021,0.8656335149425725
2026-05-10,BNB,0.2513898381966909,663.4078417843774,68.18186825366394,3.673035319722815,0.36222969168738306,1.6200689350571593,1.2682172981393662,1.011377746633911
2026-05-11,BNB,0.0797798776932718,670.2153305586407,70.23892016457454,4.496071426127981,-1.348100767844413,1.8657705167605843,1.523523223887312,0.4775478150566036
2026-05-12,BNB,0.19828658279801412,664.7912497414117,66.54723631879047,4.386117414512055,-0.14839952307558782,1.1695340706514115,1.436215220598094,0.7223649781446164
2026-05-13,BNB,0.36673378211488566,671.4030553335252,68.70637787453286,4.45525254673298,1.5196907113801625,1.4814278963721421,1.4175059634267722,1.4775564424917393
2026-05-14,BNB,0.2556367218661014,678.1110538556914,70.76780553346335,4.628997493218993,0.3964212278698803,1.7373209989083063,1.4360243113738065,1.110572084232586
2026-05-15,BNB,0.18292556473177704,672.1295689367757,66.55753291594219,4.038838237563041,-0.3384108420919366,1.0024004886883213,1.1956078066777378,0.524038151773043
2026-05-16,BNB,0.18339116126039462,656.0342342324585,56.77008013544387,2.346168155838143,-0.3302502612365542,-0.6317898830607334,0.5831902080099314,-0.1466800070098623
2026-05-17,BNB,0.13443148104333139,648.7409902602172,52.96906022297528,0.6075796856299807,-0.8231926576302208,-1.235581609470622,-0.04185180669447841,-0.7125070879016184
2026-05-18,BNB,0.20645806541922743,643.0531226981416,50.14901260764888,-0.9675832853624158,-0.07631428923576164,-1.6326523566990558,-0.6063170558144636,-0.7022165394483605
2026-05-19,BNB,0.1293445772758304,639.4690664633964,48.40040177980673,-2.221276031698874,-0.868871247736313,-1.820121582077303,-1.044445135561989,-1.2069185143863128
2026-05-20,BNB,0.16446980540963074,648.8829683481283,53.03279122773307,-2.37319476476317,-0.4955172309310776,-1.054336495917596,-1.0791204627487438,-0.838243979972333
2026-05-21,BNB,0.1401378443706995,657.7055705663529,56.934871551969124,-1.858905432612925,-0.7422404696123107,-0.4268167702736723,-0.8783394904454822,-0.6884430660606706
2026-05-22,BNB,0.3245066320529293,649.5884609057259,52.6046051356348,-2.030825704749086,1.1851902574839766,-1.096171812359056,-0.9264057782237725,-0.13269717418125787
2026-05-23,BNB,,,52.6046051356348,-1.624660563799269,,-1.070802160623445,-0.7644807828409605,
2026-03-24,BTC,0.035824928857116335,70532.33391720292,,0.0,,,,
2026-03-25,BTC,0.08348992750296287,71301.88130420126,,49.11071643523174,,,,
2026-03-26,BTC,0.06134009402118681,68777.81158522719,,-83.8742688776669,,,,
2026-03-27,BTC,-0.05048471895004351,66364.9551674553,,-316.73348009596623,,,,
2026-03-28,BTC,-0.0193899498664665,66327.7197985175,,-447.65657147043464,,,,
2026-03-29,BTC,-0.01954191701992832,65965.68339665918,,-527.5326162161545,,,,
2026-03-30,BTC,0.01602481291036392,66739.25979469695,,-497.5516173940879,,,,
2026-03-31,BTC,0.00602206811813069,68223.65912420322,,-353.7889257931056,,,,
2026-04-01,BTC,0.04345520213260929,68104.7323713907,,-247.76051971179845,,,,
2026-04-02,BTC,0.02141099345723489,66893.23955485396,,-240.10173442217285,,,,
2026-04-03,BTC,-0.0646296991827821,66953.7694469559,,-212.77584988027525,,,,
2026-04-04,BTC,-0.05668051320030127,67293.697947904,,-156.23995087117885,,,,
2026-04-05,BTC,-0.0028557274399938076,69001.00479198077,,3.2595079322142055,,,,
2026-04-06,BTC,0.039627087481378324,68851.67103354876,,100.43941120915815,,,,
2026-04-07,BTC,0.08325494253351434,71911.92989928057,75.3523506257838,358.0640746461843,,,,
2026-04-08,BTC,0.03933284364584291,71086.85810613615,70.74133485024132,453.9784685944187,,,,
2026-04-09,BTC,0.11720751853885936,71800.10658777827,72.31831464991163,540.6453048337141,,,,
2026-04-10,BTC,0.052807297839734,72990.3264224803,74.7627813370199,646.1796897394006,,,,
2026-04-11,BTC,0.07663559057972859,73076.44231396372,74.93524431180303,686.0734932902437,,,,
2026-04-12,BTC,0.036335468175830304,70747.41879192904,62.49628993368663,527.0414975794399,0.22953798642270076,,1.3022158010069218,
2026-04-13,BTC,0.05888405025863588,74441.72500155793,70.7814381476434,634.8569824233991,0.6611248714264012,,1.452111801502853,
2026-04-14,BTC,0.029597353353414124,74176.89660579553,69.59452895823559,650.165743775083,0.06049024055754178,,1.3855795717908121,
2026-04-15,BTC,0.10525607172503414,74829.47161430036,70.88989484398013,663.7552552219124,1.5210052318513243,,1.3288379174733633,
2026-04-16,BTC,0.05936462311115082,75164.19155786654,71.55919125580601,653.7571893226,0.5756303790317918,,1.2341378208209501,
2026-04-17,BTC,0.0595160964681869,77098.60813443833,75.1194947224077,730.0978591049574,0.5636161021334131,,1.3292891153413424,
2026-04-18,BTC,0.05375254198321008,75732.12712082856,68.58774027049219,644.232458285097,0.43353024322843775,,1.0855958455830768,
2026-04-19,BTC,0.07564424583551614,73822.81662959562,60.65212097275021,425.0901958618406,0.8678752671868157,,0.5759996503222146,
2026-04-20,BTC,0.06911348849292608,75864.0291140952,65.27744671502433,385.0446587250851,0.709307872147074,,0.4738837487638823,
2026-04-21,BTC,0.05151260334608602,76346.86744098483,66.28697145908728,359.02333979034483,0.3251515445428724,,0.4052843298465302,
2026-04-22,BTC,0.08716726478691832,78208.09670319437,69.91774022979938,430.30361217234304,1.0633147550058806,,0.5608725696835285,
2026-04-23,BTC,0.10817881836178106,78281.73127099819,70.05514115178173,443.773141059816,1.4420218952710446,,0.5802973160047978,
2026-04-24,BTC,0.027338912536794813,77460.24092064063,66.41076592014818,362.16569108693693,-0.2771474341307047,,0.37666935439042604,
2026-04-25,BTC,0.043431484886184556,77645.79570442978,66.83050204104838,288.68564904065715,0.07017525957237099,,0.19385191553440487,
2026-04-26,BTC,0.1554006205911511,78674.32355682243,69.13299998270799,277.2902529630169,2.284034495752734,-0.11124278206741171,0.1630956007737043,0.9291696439129814
2026-04-27,BTC,0.04436438799101828,77369.79485588043,63.14575816194472,155.88345632657388,0.01484213340986478,-1.4590762425755384,-0.14103833721407133,-0.47409752057293697
2026-04-28,BTC,-0.0022001150325881916,76328.85746487633,58.77188045078233,-11.645518336290934,-0.9261740271319612,-2.145871082694249,-0.5594219602364117,-1.1820575237319828
2026-04-29,BTC,0.13552508063066973,75755.22700494803,56.45134079321136,-169.45185585172635,1.8175526307222014,-2.2533589491244665,-0.9422943744984345,-0.23167494479798972
2026-04-30,BTC,0.15191455080311292,76309.37505736074,58.16960393850802,-240.53335876932533,1.9977798046142792,-1.7507298541029102,-1.0931253856983225,-0.05404465009465809
2026-05-01,BTC,0.11604866952546751,78229.51024039036,63.538016183147604,-165.80887400020833,1.2654316487055188,-0.754590548216928,-0.8797239722679661,0.015878303336739397
2026-05-02,BTC,0.19019604324768205,78674.73361924311,64.67022262539746,-97.36071556451111,2.42830546054987,-0.5344692920800431,-0.6897072619522193,0.6040692180102694
2026-05-03,BTC,0.09056415735642409,78559.33509700642,64.11451207923383,-71.99027770010002,0.6535647335674776,-0.6211078052568576,-0.6132067438705828,-0.10886847131124111
2026-05-04,BTC,0.26487719525089576,79846.71228097136,67.47254263081851,14.735868023822377,3.2045287555226913,0.008151883734241893,-0.3804040283437511,1.1701358588262238
2026-05-05,BTC,0.07821551410128347,80903.39253665537,69.95752844697182,120.61612987268973,0.29647908045411947,0.4727303651652357,-0.09843511913289889,0.2308802059913488
2026-05-06,BTC,0.10441401567412689,81432.28296503118,71.14573150223828,198.99418002317725,0.6966384663612143,0.6856619419993413,0.11067214664315086,0.5175556131372333
2026-05-07,BTC,0.046980831664761774,80004.06764059002,63.80677270213601,130.67420480748524,-0.20981155563123904,-0.7303178093978399,-0.07402525312878719,-0.32522754101048373
2026-05-08,BTC,0.02775344942878731,80185.31709177083,64.30992648027237,76.40264433110451,-0.5103974550965471,-0.6176299979803668,-0.2205853673816542,-0.4556235916472251
2026-05-09,BTC,-0.0343524448518673,80653.94720888002,65.63996790507863,51.94718857476505,-1.4606131055100868,-0.3471122013775407,-0.28520186191948754,-0.7739394611931432
2026-05-10,BTC,-0.03878737836951616,82191.08952171597,69.63694578839312,115.53343896587785,-1.479065243204312,0.4512342111829751,-0.10577830245806939,-0.48798932466425315
2026-05-11,BTC,0.11881514520614149,81724.69009857305,67.08691957051197,102.84455177334257,0.9759821419137388,-0.06856714237480961,-0.14028944743316885,0.327735879823102
2026-05-12,BTC,0.005657498350022226,80481.90815724083,60.70766315628286,-6.768263604147933,-0.788589783144682,-1.3355292182022767,-0.44876966951756814,-0.8507255795738262
2026-05-13,BTC,0.11484328230056821,79287.10264307725,55.26662102655049,-168.30786478871437,0.9161962618453201,-2.237619799930123,-0.8988436892349891,-0.5744605420114055
2026-05-14,BTC,0.06608705200858872,81074.91413392633,60.91197853928265,-163.1987395107269,0.14482047749584923,-1.1177556321691102,-0.8690558891872866,-0.5381152654085793
2026-05-15,BTC,0.01708795045767919,79060.52947859793,52.82308901025029,-296.18056228436694,-0.6281510637526841,-2.4164144617783947,-1.2245200361993118,-1.3435407748943855
2026-05-16,BTC,-0.019159119825196354,78108.82483661234,49.479910477490264,-440.2511778888288,-1.1822689365129597,-2.6793403712313584,-1.5853162923054813,-1.752304573666236
2026-05-17,BTC,0.05609322562866237,77409.37944689905,47.1195764847358,-566.617596634163,0.019595509881297813,-2.7234737029519693,-1.8627104954960567,-1.3680170555818887
2026-05-18,BTC,-0.017169806294905665,76951.89291545041,45.587776194188386,-658.5303461021231,-1.137550972490512,-2.648115875758391,-2.018145752819839,-1.8548988775696738
2026-05-19,BTC,0.0069611709594060945,76781.11195660256,44.999669782517685,-704.2321812271477,-0.7394349137474192,-2.485662885878979,-2.04063855661991,-1.6536643982486343
2026-05-20,BTC,0.032229554776632044,77504.38558188338,48.055936764268914,-659.9125823031472,-0.32845063296987875,-1.9754257017846186,-1.8494329098310944,-1.2788378366726654
2026-05-21,BTC,0.1887253180706964,77540.49383503072,48.21065977380687,-603.8418135767664,2.111238897560735,-1.8560355019663692,-1.6511789597011712,-0.20766877947596812
2026-05-22,BTC,0.08408418766313214,75485.49825501017,40.76800981838134,-675.4180454205681,0.45788072948027586,-2.5092902397055217,-1.7663391111199014,-1.0995365134555164
2026-05-23,BTC,,,40.76800981838134,-540.3344363364545,,-2.3287003950428335,-1.387885360511601,
2026-03-24,COIN,0.1708787142811775,181.04,,0.0,,,,
2026-03-25,COIN,0.13026807061516782,181.1,,0.0038290598290586786,,,,
2026-03-26,COIN,0.16424577300494997,173.38,,-0.4866527771690244,,,,
2026-03-27,COIN,0.21751741735771277,161.14,,-1.5485938998635764,,,,
2026-03-28,COIN,0.10249622739954883,,,-1.2388751198908612,,,,
2026-03-29,COIN,0.20251495683634205,,,-0.9911000959126888,,,,
2026-03-30,COIN,0.1133652793336791,160.79,,-2.170776606835264,,,,
2026-03-31,COIN,0.11558847203775913,174.61,,-1.4551001043266998,,,,
2026-04-01,COIN,0.04098502138665638,172.99,,-1.0156571182673555,,,,
2026-04-02,COIN,0.24048501525309163,171.46,,-0.7643297984977488,,,,
2026-04-03,COIN,0.2170238838342104,,,-0.611463838798199,,,,
2026-04-04,COIN,0.15531789472177393,,,-0.4891710710385593,,,,
2026-04-05,COIN,0.1752391592486491,,,-0.3913368568308475,,,,
2026-04-06,COIN,0.2477393783972152,174.79,,0.0783970713713753,,,,
2026-04-07,COIN,0.1619473186517807,175.18,,0.3169325489848731,,,,
2026-04-08,COIN,0.1408683516348011,175.09,,0.4686173497240307,,,,
2026-04-09,COIN,0.19818168193489683,169.02,,0.17521655751237653,,,,
2026-04-10,COIN,0.2760170366505318,167.85,,-0.0694675085411589,,,,
2026-04-11,COIN,-0.01152885538144451,,,-0.055574006832927125,,,,
2026-04-12,COIN,0.1714556962363171,,,-0.04445920546634152,0.14402788530806696,,0.6669303145982782,
2026-04-13,COIN,0.0964670390138298,174.53,,0.3352809801673722,-0.9025945922959399,,1.137457582514817,
2026-04-14,COIN,0.1815116706617501,184.41,,1.130687022201144,0.32794225367731883,,1.9788681255642182,
2026-04-15,COIN,0.3003008993073236,195.9,,2.323335358308566,1.8733353782673479,,2.755127483006972,
2026-04-16,COIN,0.30284676135164984,199.825,,3.2143708939179625,1.737521687913035,,2.8681325062185,
2026-04-17,COIN,0.2572225841624611,206.33,72.12765590900692,4.026975185425025,1.084083084121169,,2.8251861939083516,
2026-04-18,COIN,0.32751570811089453,,72.12765590900692,3.2215801483400197,1.8285534058467376,,2.017748115208903,
2026-04-19,COIN,0.23904080068360992,,72.12765590900692,2.5772641186720158,0.7068936476103962,,1.494096614886457,
2026-04-20,COIN,0.23001892597019657,211.63,72.12765590900692,4.256135799575073,0.5794366724669143,,2.2621950055511353,
2026-04-21,COIN,0.06393599583793654,195.95,51.55302257954165,3.3396607165725958,-1.4485226593660194,,1.6137684890477653,
2026-04-22,COIN,0.06225545100662461,206.24,58.38891056350069,3.214626940825167,-1.3945545386355818,,1.4592047956338219,
2026-04-23,COIN,0.13720900879176273,197.93,52.00687340653036,2.3978723887734628,-0.46942469500698475,,0.9749355787885654,
2026-04-24,COIN,0.05787132892459846,199.77,53.225962096338584,1.832660329769622,-1.383225068700447,,0.6473390929735677,
2026-04-25,COIN,0.07915315386048873,,53.225962096338584,1.4661282638156967,-1.086192786705668,,0.4346159322061185,
2026-04-26,COIN,0.2256285989391346,,53.225962096338584,1.1729026110525567,0.6764137802210878,,0.2644727812994383,
2026-04-27,COIN,0.10387150485473785,196.68,53.225962096338584,0.5889494099891115,-0.7941632388523451,,-0.06986863315288751,
2026-04-28,COIN,0.12441261912025925,194.1,50.79265036582684,-0.01767072847740181,-0.5319414418463136,,-0.41661518304879025,
2026-04-29,COIN,-0.000747423113546232,181.73,42.59848655801122,-1.2428907976315866,-1.9452441900028024,,-1.104485045073103,
2026-04-30,COIN,0.2236634863075202,187.77,47.08714809254248,-1.6138932680414184,0.7114864579448346,,-1.2756579145064162,
2026-05-01,COIN,0.22296757955858723,191.25,49.535675495210185,-1.5897349641101384,0.68983898252715,,-1.2204313141262932,
2026-05-02,COIN,0.2895033425873534,,49.535675495210185,-1.271787971288111,1.433862086120812,,-1.0101161899789037,
2026-05-03,COIN,0.07471323828725145,,49.535675495210185,-1.0174303770304887,-1.0890722663186017,,-0.8450182324346913,
2026-05-04,COIN,0.06481341656298363,202.99,49.535675495210185,-0.03836184583850244,-1.1717057109876936,,-0.2740017831070283,
2026-05-05,COIN,0.1715263894218619,197.75,45.29098220688684,-0.07901663132616488,0.08586200761289375,,-0.2941269442983441,
2026-05-06,COIN,0.16334830935348105,197.96,45.455364307868905,-0.12783888010432864,-0.011619042747647548,-0.9553977249908742,-0.3190747172037396,-0.38698934975744315
2026-05-07,COIN,0.03631513619077836,192.96,42.203868049471396,-0.5114196515101481,-1.4890128225877903,-1.2142411177106684,-0.5410238638552974,-1.122184623504906
2026-05-08,COIN,0.05416868059079712,201.16,48.686591707197934,-0.2411538504459001,-1.2406786071173406,-0.5335929981159737,-0.37317362423168843,-0.7683014295512349
2026-05-09,COIN,0.10462911716934531,,48.686591707197934,-0.1929230803567199,-0.6346410805332074,-0.5190493493686581,-0.33973044341860237,-0.5114903700494612
2026-05-10,COIN,0.18986212055080673,,48.686591707197934,-0.15433846428537645,0.37491301820025813,-0.5056433182234571,-0.31240283570136534,-0.09544863889734347
2026-05-11,COIN,0.12699423974833027,216.6,48.686591707197934,1.5387076021897519,-0.3755756316713069,-0.4932330445305044,0.7286361859198811,-0.07960931025170975
2026-05-12,COIN,0.08434784029676919,207.64,41.79641093358241,1.3492540350468456,-0.8764043428656003,-1.1885373939772041,0.6019822114990506,-0.5265282918896862
2026-05-13,COIN,0.185947362565371,201.8,38.66639857022274,0.7424142865711509,0.353451341019292,-1.4374733830419566,0.21814226815112367,-0.22441879805953305
2026-05-14,COIN,0.3152986819249434,212.01,46.24552674070076,0.9283579000597708,1.852730651662182,-0.6184973031052133,0.3326482928000205,0.655337557573315
2026-05-15,COIN,0.1634728632977114,195.43,38.02758593398168,-0.1103358345316412,0.039440107408967945,-1.4185620279038886,-0.3292196168295501,-0.5085584504564444
2026-05-16,COIN,0.1871043077388116,,38.02758593398168,-0.08826866762531349,0.321087969499951,-1.3494604681486577,-0.31179613204427736,-0.3699417922579001
2026-05-17,COIN,0.0837312447140481,,38.02758593398168,-0.07061493410025133,-0.9201463206061812,-1.289647295602508,-0.2973522099814665,-0.8441583799176648
2026-05-18,COIN,0.21433660510366725,189.44,38.02758593398168,-1.5717735454197417,0.6615336496805816,-1.2372085618054645,-1.25399455022061,-0.4827474737355896
2026-05-19,COIN,0.17430486734291514,193.45,41.41433649197551,-1.8269091745185246,0.1700739421319423,-0.8707545444380823,-1.383723509498251,-0.608313839328123
2026-05-20,COIN,0.13940395385586649,191.29,40.371408495326754,-2.069016577121413,-0.25844205572075574,-0.9489076826827983,-1.496631054410687,-0.8370384434163478
2026-05-21,COIN,0.11666461122168718,193.56,42.023789643803454,-2.0028385116368868,-0.5356282908041526,-0.763353457358752,-1.4164836349643533,-0.8682024440185926
2026-05-22,COIN,0.12331814374737442,184.97,37.75961283991125,-2.4353972057431683,-0.44779339713926036,-1.1591859387403298,-1.6378379939928414,-1.0182245386756554
2026-05-23,COIN,,,37.75961283991125,-1.9483177645945347,,-1.1230719579200947,-1.294145368695313,
2026-03-24,DOGE,0.07943355615350074,0.09509153477286081,,0.0,,,,
2026-03-25,DOGE,0.13581412228979944,0.09615762333965777,,6.803528175570727e-05,,,,
2026-03-26,DOGE,0.2386588910175468,0.0919833521035874,,-0.00015943534819138572,,,,
2026-03-27,DOGE,0.15877170794065254,0.090024587973774,,-0.0004184470992919804,,,,
2026-03-28,DOGE,-0.006474659662039396,0.09092691709266551,,-0.0005001083774099585,,,,
2026-03-29,DOGE,0.19106203619294493,0.09035418635436195,,-0.0005593240216979893,,,,
2026-03-30,DOGE,-0.026431226352722898,0.09075930213164438,,-0.0005376883028407986,,,,
2026-03-31,DOGE,0.1574519839986456,0.09224066015486357,,-0.00039660192980632515,,,,
2026-04-01,DOGE,0.10004147112788225,0.09217261362781967,,-0.00028601762436978283,,,,
2026-04-02,DOGE,0.29932321266669387,0.09038907113358008,,-0.0003091754888969664,,,,
2026-04-03,DOGE,0.1321082616954678,0.09154358623129133,,-0.00022674173585693336,,,,
2026-04-04,DOGE,0.144769792800605,0.0920447319043655,,-0.00012362623613407773,,,,
2026-04-05,DOGE,0.09518939436732488,0.09233724765792069,,-2.5985808015209608e-05,,,,
2026-04-06,DOGE,0.10053549112352615,0.09060844629205922,,-6.583203077606403e-05,,,,
2026-04-07,DOGE,0.2213698175687461,0.09490671554579269,69.37676699336772,0.00019502019321181456,,,,
2026-04-08,DOGE,0.09919601240333778,0.09241563625609345,60.71223532370261,0.00019694522015092594,,,,
2026-04-09,DOGE,0.23216990259916348,0.0926030295164082,61.1057559227208,0.00020696376588715557,,,,
2026-04-10,DOGE,0.08714929511130533,0.09371580076089576,63.447117016636895,0.00028011373249681626,,,,
2026-04-11,DOGE,0.09930730897545116,0.09311102969903089,61.287749674876174,0.0002787506351698591,,,,
2026-04-12,DOGE,0.1153176309125426,0.09086353530572461,53.940543125095566,0.00012528555434529205,-0.22175612430750555,,0.847623941811885,
2026-04-13,DOGE,0.3846477564717994,0.09413181246545729,61.22087990342241,0.00023624889364122004,2.5452961953098505,,1.1696758090899262,
2026-04-14,DOGE,0.11767797675322023,0.0929982268488761,57.80785361929203,0.00022567890438762343,-0.28021040932702634,,1.075291365485892,
2026-04-15,DOGE,0.1891160963221532,0.09488185201396859,61.63520061188666,0.0003315252510524194,0.4818282590507631,,1.3524284809637466,
2026-04-16,DOGE,-0.00017760178028295806,0.09925550829371557,68.72851984092337,0.0006629428167794036,-1.494331899458837,,2.1626451214801365,
2026-04-17,DOGE,0.07890855573344605,0.09946596139749582,69.0252892977042,0.0008511737146694254,-0.6297105869491132,,2.3493285652144347,
2026-04-18,DOGE,0.18140027099038783,0.09481744574732308,56.31301656954726,0.0006277625769310075,0.4702001027052314,,1.6053338809629505,
2026-04-19,DOGE,0.10871308650509692,0.09306462092018088,52.39460173862724,0.00034141919266969024,-0.3236901158113398,,0.8152218968003518,
2026-04-20,DOGE,0.07766220233086871,0.09524987398992008,56.462011153034005,0.0002811824567598835,-0.6545906046461775,,0.637157416683452,
2026-04-21,DOGE,0.15982372804058131,0.0951861269563352,56.31086510002456,0.00022165589263982611,0.2710318087279381,,0.46573854706213297,
2026-04-22,DOGE,0.19268747423360563,0.0956752711919341,57.25639072137433,0.0002004739618222354,0.6344423377230599,,0.39967416536560146,
2026-04-23,DOGE,-0.01915683225384914,0.09715714838630349,60.075423540462744,0.00026733307362738156,-1.7092076729474974,,0.5739522774612139,
2026-04-24,DOGE,0.21194632721638892,0.09846710651086003,62.43401950455601,0.00037428896063788474,0.8608254654157891,,0.8522766824255577,
2026-04-25,DOGE,0.06716571530731637,0.09801132911457115,61.08192818330377,0.0003872317290977888,-0.7524638492945566,,0.8652198205992839,
2026-04-26,DOGE,0.3646355750329368,0.09925,63.401640750664114,0.00044782356623690846,2.351122540460954,0.5741137505028783,1.006535269731883,1.41464372225481
2026-04-27,DOGE,0.21558808323523934,0.09894946442808265,62.42934965639058,0.0004358553515484561,0.7710732979255129,0.35781376446523266,0.9458270674111183,0.6995215687331106
2026-04-28,DOGE,0.09121228677715408,0.09932990531003676,63.19871873888929,0.00042150021957703125,-0.53046364771597,0.5102121812888719,0.8823680926318173,0.20558862308981873
2026-04-29,DOGE,0.2074492604215467,0.10403201498161098,71.08110866218145,0.0006812396555197298,0.6933935209623039,1.9889170307731543,1.5472508704304757,1.3382077787460105
2026-04-30,DOGE,0.05179443357291493,0.10645621106287391,74.15463740392083,0.0009522364794178955,-0.9516292048655225,2.249976040966533,2.1277288568309767,0.9326597873930439
2026-05-01,DOGE,0.22050521877292714,0.10849687639636026,76.42595789761052,0.0011894367388053766,0.8410274622416942,2.2959204785277287,2.4847198034351585,1.770603069485544
2026-05-02,DOGE,0.14052426249085737,0.10849984394919303,76.42920190200638,0.0012602674579000632,-0.020722568897790877,2.047695365324196,2.4159447644631573,1.3308030113770895
2026-05-03,DOGE,0.09852599146076078,0.10826355394936306,75.53786142244873,0.0012049666463915826,-0.4721923588163858,1.757858610181325,2.126973421391912,0.9765726659454167
2026-05-04,DOGE,0.14967156061164086,0.1100766997947007,77.68812841244832,0.0012015518400503092,0.09065488645005483,1.8900249165076395,1.9886005449279924,1.1998495930107116
2026-05-05,DOGE,0.1873743480199778,0.11485050404828147,82.13961716798374,0.0014170409096237843,0.5040773027453351,2.2244535663916993,2.25692795991617,1.5460453789904949
2026-05-06,DOGE,0.11413745010327332,0.11247656410593397,74.21050651348119,0.0012990563356206383,-0.3167603767836967,1.169996569222035,1.9115702397361887,0.7977658919739884
2026-05-07,DOGE,0.14274018812384756,0.1078323862817251,61.66869286452797,0.0008303997985194787,0.008691512738339808,-0.40030880162254917,0.9910119892498347,0.18068756138352157
2026-05-08,DOGE,-0.09009283935852723,0.10953027919510884,64.06012287195043,0.0005693601078125194,-2.455703724364283,-0.09369376383474604,0.48432454920501705,-0.8650922541346319
2026-05-09,DOGE,0.12232222644828405,0.10872007061348121,62.07010155951536,0.0002907759012686071,-0.1564176936491202,-0.34591373317369184,-0.05346182165495768,-0.18237974390824294
2026-05-10,DOGE,0.10115262717785413,0.11240823373288689,67.082992656184,0.00030221181238397794,-0.3832783532729725,0.3083886941104027,-0.03079966461801887,-0.07003463246147384
2026-05-11,DOGE,0.12575873966361073,0.11128024882588998,64.28470660656151,0.00018678310777053972,-0.11064727902423514,-0.06386551703840491,-0.25597774973320997,-0.14021189164117853
2026-05-12,DOGE,0.23028424888133847,0.110110494663025,61.423241813501875,-5.202249586788027e-06,1.0326553738709439,-0.4437495705204704,-0.6299577342496915,0.09094995811732898
2026-05-13,DOGE,0.1992832363659521,0.11262481925223469,65.02676990862534,1.3512195076378908e-08,0.6775146820764477,0.049019821573897365,-0.6111686063320929,0.10236123740312045
2026-05-14,DOGE,-0.013669661403782304,0.11539878193506438,68.5205334100263,0.00014512716195749613,-1.6447939949484918,0.5252812442543683,-0.31481180632029476,-0.5947767665991747
2026-05-15,DOGE,0.14436301207530347,0.1132980451380066,63.35852697194723,5.8896293546238654e-05,0.09273024017604738,-0.1960521282701724,-0.4848178561430549,-0.16716889925354922
2026-05-16,DOGE,0.024476433404785957,0.10932101847125383,54.9228083334333,-0.00028769114505146657,-1.2101025616809808,-1.3441479608751987,-1.1695925086578776,-1.238163165532315
2026-05-17,DOGE,0.06323088863124478,0.10894030379519193,54.179147379291216,-0.0005491324157383538,-0.7703569642921989,-1.3951168214071148,-1.6452215476247656,-1.2202442964264435
2026-05-18,DOGE,0.1119427003080281,0.10469491220490937,46.6016415533312,-0.0009888836027355796,-0.22775775928259612,-2.2579325555573493,-2.3728443169016638,-1.4803361654507423
2026-05-19,DOGE,-0.03926579858462955,0.10290168492621703,43.81416684676332,-0.0013585982435382893,-1.843734388762045,-2.403889154839029,-2.8257219695402696,-2.3063770928186074
2026-05-20,DOGE,0.09106769952237664,0.10360557799617362,45.19979886070446,-0.0015025773744887566,-0.4138415938540633,-2.0905217408380543,-2.8304008231469653,-1.641813406737131
2026-05-21,DOGE,0.08754350650322652,0.10555182803272371,48.94870425390822,-0.001414813240116524,-0.4480985035385431,-1.5826528339549464,-2.509798405519948,-1.4069747732578854
2026-05-22,DOGE,0.13941824346438758,0.10228,43.55445035217383,-0.0015161785640380168,0.12643155210198787,-2.0736074743901263,-2.5021768357080156,-1.3221626721886475
2026-05-23,DOGE,,,43.55445035217383,-0.0012129428512304135,,-1.9622122628201575,-1.9455958873123453,
2026-03-24,DOT,-0.42798262249883545,1.4015977544218958,,0.0,,,,
2026-03-25,DOT,0.181558399913983,1.3626131787595683,,-0.0024879045436927427,,,,
2026-03-26,DOT,0.077683531994969,1.322019435296829,,-0.0065017822814104065,,,,
2026-03-27,DOT,-0.09281065101081867,1.2900541074538483,,-0.010696232146204031,,,,
2026-03-28,DOT,-0.00283516764798053,1.257507765444855,,-0.014796681219106985,,,,
2026-03-29,DOT,0.0670731886075331,1.258640737604205,,-0.016440200321913997,,,,
2026-03-30,DOT,-0.007003865750576755,1.2425869300812227,,-0.01751695691678353,,,,
2026-03-31,DOT,0.016428030291004127,1.251540833701456,,-0.01654617400101716,,,,
2026-04-01,DOT,0.08661130206572824,1.2551768170629365,,-0.014644588201790265,,,,
2026-04-02,DOT,-0.031651455022298686,1.236396080914099,,-0.013656482148472905,,,,
2026-04-03,DOT,0.08528387416364958,1.2377215560706518,,-0.011978468335957684,,,,
2026-04-04,DOT,-0.04961096449932163,1.2519626158219377,,-0.009104454174542254,,,,
2026-04-05,DOT,0.08241508331200208,1.243928704597154,,-0.0070322564528313425,,,,
2026-04-06,DOT,0.14420091589099157,1.2411567052314347,,-0.005219418913482696,,,,
2026-04-07,DOT,0.1151654562794136,1.313313453932662,24.499190220415926,0.0011294985147168313,,,,
2026-04-08,DOT,0.05529610546070626,1.2697184981000214,21.79717728260306,0.002599144474249339,,,,
2026-04-09,DOT,0.10335936581599986,1.2993359911673394,27.636369585606346,0.005599839809900406,,,,
2026-04-10,DOT,0.07916693103353369,1.305036531863304,28.739261883528997,0.007863778631602071,,,,
2026-04-11,DOT,0.2688483467662728,1.2877347567380553,27.37551326539122,0.008061376129404638,,,,
2026-04-12,DOT,0.07904581327911761,1.2246857111464426,23.07789827840371,0.004015615095675988,0.27314520417472954,,1.1390182495732017,
2026-04-13,DOT,0.015152028549737333,1.2298388774259545,24.126321657592896,0.0018656380503246223,-0.18726940096892092,,0.8540138531004915,
2026-04-14,DOT,0.11241920502397418,1.1669287066365723,20.460057190665864,-0.0033312882990324533,0.5229129531735119,,0.24552976700755863,
2026-04-15,DOT,0.03603609584802132,1.1816422476767625,23.392210222542303,-0.005204195350473426,-0.05574386729830376,,0.02283795965593423,
2026-04-16,DOT,-0.1322504601017927,1.328997290020442,45.18573345191212,0.00358124153189341,-1.284808695116995,,1.0411417085663413,
2026-04-17,DOT,0.16658583849288428,1.3354969851330631,45.91658851258231,0.009589353216542293,0.9594624652903924,,1.6311049521005019,
2026-04-18,DOT,-0.2095540592620981,1.2730579922344007,40.35067962511156,0.0091203740393066,-1.7565162245116692,,1.475458795873028,
2026-04-19,DOT,0.07268539229980431,1.2404403162802236,37.77466175714461,0.006498604057431436,0.29432699142898966,,1.1276970748606034,
2026-04-20,DOT,-0.16045417599221307,1.2809653666879979,42.67158384075721,0.007317930308911192,-1.3593952100751963,,1.1669282162779744,
2026-04-21,DOT,0.43058245526993,1.2792654856811694,42.520425134201055,0.007539743057190358,2.5313247318130854,,1.1430364892368865,
2026-04-22,DOT,0.2144017175828615,1.2728214776910887,41.91427721616844,0.0070554744261448095,1.0880396706193498,,1.050380864976951,
2026-04-23,DOT,0.3178305496080618,1.2419491121020698,39.04270686028792,0.0045789922612033684,1.6455837252745915,,0.7567701253918697,
2026-04-24,DOT,0.07679577809439439,1.2538274338967454,40.72536627705611,0.0037014630819134607,0.13640456211096835,,0.6445127628720688,
2026-04-25,DOT,0.06153654728850515,1.2468995762231763,40.03130337624173,0.002663525364697803,0.03886768847891216,,0.5177885034952407,
2026-04-26,DOT,-0.0037161190007122943,1.2622907856445937,42.38072049760213,0.0029977371012971862,-0.3760273174861612,0.9230932331868447,0.5452596383901162,0.2900949344786238
2026-04-27,DOT,0.3433786793818221,1.2336960536429977,39.30017274532376,0.0013605531294330793,1.7763444367067276,0.5663550735956859,0.35144779513293495,0.9858786353012773
2026-04-28,DOT,0.09627414935689518,1.2283728560059197,38.73570091702572,5.559438971129184e-05,0.21303024849185054,0.48928909033101264,0.19667225120007883,0.2910005018560677
2026-04-29,DOT,0.09417614200876562,1.2111168129330039,36.886157471011614,-0.001734376946569742,0.1968501109395242,0.27235555679069184,-0.014486482191799406,0.15610076675547743
2026-04-30,DOT,0.06702231361243412,1.2039235219627007,36.11209345404205,-0.003088377200228979,0.020377311113184218,0.17849881351503746,-0.17427960382778016,0.009416687351450882
2026-05-01,DOT,0.11934485460172535,1.2036131986701228,36.07692005433334,-0.003651846341109311,0.3593819426587785,0.1708358485763942,-0.23942357414212717,0.12317645939379149
2026-05-02,DOT,0.414880193042172,1.2271508452273412,40.78784208534065,-0.0021600428930668505,2.1531412632716096,0.7207685617636846,-0.05541347560262215,1.0608630311569627
2026-05-03,DOT,-0.007729724660083905,1.2096450398065546,38.51444345456407,-0.0020726112509328147,-0.50901746492029,0.4326818669700639,-0.043995687836149044,-0.08700113222794156
2026-05-04,DOT,0.2596858331166208,1.2278266937588795,42.12263503976066,-0.0005877817756269575,1.1622418984067515,0.8542622116721316,0.1414872881209817,0.7636216093006346
2026-05-05,DOT,0.025407423341075156,1.2775746586751124,50.65528183796359,0.003710900269377551,-0.3205037317621655,1.7754997778477306,0.6783005166645781,0.6079385956488264
2026-05-06,DOT,0.06785054775669468,1.3187024658294306,56.38059998137218,0.00898933035319477,-0.047674399863144805,2.201622715478736,1.3132341119762805,1.035387288291247
2026-05-07,DOT,-0.015270534006029013,1.3094417194549517,54.83771545129787,0.011368975228091617,-0.5785510770938704,1.8740067628383992,1.5529523787816275,0.7966673116484597
2026-05-08,DOT,-0.0771556469087094,1.3740351310595673,62.53821816060345,0.016494260407514682,-0.9625196735450303,2.3831617855118084,2.062906117557468,0.9488125015027707
2026-05-09,DOT,0.03607191551570728,1.3466585897479098,58.02261746319924,0.017164882527233347,-0.21906294071608373,1.8132849152699446,2.0224466729093047,1.0630943001673412
2026-05-10,DOT,0.003050378490089329,1.3820630063895054,61.85822750074346,0.018975664852061137,-0.4320835669938629,2.0003917406058274,2.100798097705247,1.0575235246957773
2026-05-11,DOT,0.298333338811818,1.36314878325223,58.768775298258106,0.017896415232213404,1.486195634047226,1.633383111049956,1.8851556844229522,1.6500398922607629
2026-05-12,DOT,0.0875141785154731,1.3341732990604118,54.29503277339549,0.01437944990116619,0.09768691673178119,1.2056127917744912,1.4564693406509888,0.8376994064203565
2026-05-13,DOT,0.0433575168773869,1.3264580307289602,53.135157384959676,0.010842940356383004,-0.193951240169747,1.073964455211752,1.0558024163282909,0.5613495653941141
2026-05-14,DOT,0.1871623397108892,1.3635424773004086,57.801471701842196,0.010313870441633809,0.7598334484575893,1.4110767173700989,0.9803053365742651,1.021347995566345
2026-05-15,DOT,0.12185565107607627,1.3152309012437575,50.71675668168856,0.0062242580819167476,0.3162785905756022,0.800227989814721,0.5370833909926431,0.5277048504724501
2026-05-16,DOT,0.13168215479672932,1.2679797705180071,44.9178261905232,0.00017083973494146087,0.37908500766966086,0.3079296834470559,-0.11264028742885354,0.21022082187332505
2026-05-17,DOT,0.07724457818446592,1.2499996642327147,42.90737688038152,-0.0049285049480286905,0.005791128274638103,0.13504763157004276,-0.6573610871952238,-0.15437758537769905
2026-05-18,DOT,0.33578067623608115,1.2509310852208113,43.049580213355945,-0.007944416117807346,1.7292859386714854,0.1455499811878746,-0.9691524506539455,0.4446336346287729
2026-05-19,DOT,-0.09183374757961145,1.2247304952497626,40.02923358345459,-0.011209767100020744,-1.1493276285130734,-0.11668515775932596,-1.2939049238531404,-0.8829080758889691
2026-05-20,DOT,0.3791346718944063,1.2472440932144893,43.68541133942633,-0.011325912034432312,1.9506095902201077,0.2038212701418646,-1.2764099673042106,0.4584672269393394
2026-05-21,DOT,0.11215522167306746,1.2910487557775836,50.064481552881034,-0.008077547071577373,0.18920756341365497,0.759998616144198,-0.9117782694631166,0.03014912936978642
2026-05-22,DOT,0.19238064154334292,1.2579996997131027,45.84506446030018,-0.0077768715603412815,0.7133576096841742,0.37664897069487,-0.8664287491061846,0.1384091103502753
2026-05-23,DOT,,,45.84506446030018,-0.006221497248273026,,0.37213494014386006,-0.6842059103231789,
2026-03-24,ETH,0.16024118917175156,2155.6177822313507,,0.0,,,,
2026-03-25,ETH,0.06949591607297423,2168.075376080391,,0.7950145362352486,,,,
2026-03-26,ETH,0.13384291747423857,2058.8488260043387,,-5.720756981792074,,,,
2026-03-27,ETH,0.19125293020770753,1991.5293404252334,,-13.789770339389083,,,,
2026-03-28,ETH,0.08429689728045034,1993.2765894212598,,-17.970227253029147,,,,
2026-03-29,ETH,0.107531264699066,1982.9818020961904,,-20.221802704870214,,,,
2026-03-30,ETH,0.08175541437848345,2024.6162273789428,,-17.78627070802538,,,,
2026-03-31,ETH,0.06936014684944593,2103.6146197826074,,-10.115605577152799,,,,
2026-04-01,ETH,0.19152334436236335,2140.1322361870307,,-2.2537377307338886,,,,
2026-04-02,ETH,0.11223444193542252,2056.7608823534792,,-2.330057103972944,,,,
2026-04-03,ETH,0.08481171510652838,2053.4871616118676,,-2.2609231578799687,,,,
2026-04-04,ETH,0.1660737580370798,2065.1795006277057,,-1.143993933330826,,,,
2026-04-05,ETH,0.15911989152459194,2109.178286956892,,2.635451184364179,,,,
2026-04-06,ETH,0.06964092150528288,2107.304087149112,,4.952071390125237,,,,
2026-04-07,ETH,0.1958170113707352,2239.810274101718,70.62321821663268,14.79493579505656,,,,
2026-04-08,ETH,0.28920114260646235,2190.3161876434046,63.59542735732983,17.190572125134384,,,,
2026-04-09,ETH,0.07997002921165541,2190.092067733771,63.564581394880946,17.897960329995286,,,,
2026-04-10,ETH,0.1676306121005373,2246.201292489191,67.77824738914964,21.064374237751245,,,,
2026-04-11,ETH,0.2855702442944635,2285.7234586312384,70.37695378108288,24.499511867456903,,,,
2026-04-12,ETH,0.10415230430748489,2191.761141758402,58.33182883954548,19.348497523986204,-0.5377329129296233,,1.2924884588202434,
2026-04-13,ETH,0.09186045862701772,2370.1196365206283,69.13169534579829,26.42065301649089,-0.6957043262246237,,1.6344653611732585,
2026-04-14,ETH,0.0980262751973134,2323.4763963536698,64.42871650834286,26.364017392258596,-0.58425994494011,,1.5024102353617272,
2026-04-15,ETH,0.20811743896541307,2360.4484055000335,66.38102867627441,27.11820347887662,1.054515891581447,,1.4428118815450472,
2026-04-16,ETH,0.13752397068573835,2348.7056450192385,65.15782676744637,25.17039056253701,-0.02507938497280236,,1.2444389615509333,
2026-04-17,ETH,0.19396073592963228,2419.9291344954204,68.90098767514445,26.868468425673733,0.828592697077272,,1.2783972789675093,
2026-04-18,ETH,0.05088088853125675,2351.3086927018735,61.99100606828312,21.776952282031985,-1.3435710188152246,,0.9246701958297953,
2026-04-19,ETH,-0.0010031044999030056,2263.8361275629077,54.48921398722614,11.444023291633684,-1.9415870102272839,,0.27053061977509435,
2026-04-20,ETH,0.10232620141126722,2314.8508995493225,57.70394728035174,7.179402563663906,-0.43186664734894936,,-0.002103801387591675,
2026-04-21,ETH,0.2310367227037275,2328.043379422721,58.51993793158249,4.511744723859948,1.3890304423805067,,-0.17287283169043452,
2026-04-22,ETH,0.23174119307118154,2375.163379492183,61.38543529597827,5.13976721528563,1.3322368070281143,,-0.12905833056490612,
2026-04-23,ETH,0.11962853445826133,2331.0862048683234,57.391497284265455,1.9688311087789145,-0.26115261835253745,,-0.3369466151931993,
2026-04-24,ETH,0.1945653096673234,2315.79787435529,56.02978322741499,-1.584243527613566,0.8025554057420093,,-0.5683655531763722,
2026-04-25,ETH,0.08210863194751326,2319.905936058554,56.32962138536699,-3.9491338984735123,-0.8136086382867596,,-0.7153235345674892,
2026-04-26,ETH,0.19713478127122802,2370.3121678321704,59.939378144417184,-2.481680001710984,0.8475223577709489,-0.5174385744322979,-0.6007227035207172,0.0035605597224750707
2026-04-27,ETH,0.212668466349457,2303.3527817175677,53.60103076849985,-6.173456616395484,1.0431235180411915,-1.5913002276897952,-0.8396859505059584,-0.3120464462422494
2026-04-28,ETH,0.1735632163492248,2289.327894881278,52.352290610240075,-9.513183298547318,0.4617534220656289,-1.6566383469722186,-1.0441920201791128,-0.6255477413191477
2026-04-29,ETH,0.10552373331397938,2251.97892734839,49.07352684669214,-13.923983783707968,-0.5380614560746191,-1.9756913768915512,-1.3048237348482545,-1.1993791159517893
2026-04-30,ETH,0.19125943575972867,2256.764067799741,49.50982371668638,-16.054255214342177,0.7313284296179516,-1.7341672301630582,-1.3955811672941112,-0.6463931473899701
2026-05-01,ETH,0.15895201820549493,2295.5120302760147,53.01971006198753,-14.439444012926984,0.24101838317760774,-1.133760257698599,-1.2415411109838335,-0.6161830573336866
2026-05-02,ETH,0.11362779100330898,2316.815035318445,54.87692240989405,-11.64232465869992,-0.44421549736708243,-0.8203184885702067,-1.0231459670236243,-0.7307255356249822
2026-05-03,ETH,-0.022901341606365172,2322.4365286588454,55.37821161871551,-9.225009307029769,-2.336786772269756,-0.7216957787768216,-0.8401510028465763,-1.403268743394922
2026-05-04,ETH,0.045017376725088515,2346.827392172478,57.58021636556593,-5.953624393272225,-1.3081046031451355,-0.3699464578923588,-0.6060299240371687,-0.8160347558369125
2026-05-05,ETH,0.20509442302588154,2360.561108309417,58.81269728466944,-2.984961361216225,0.9666222066627301,-0.17111483712877007,-0.39572930106863646,0.21659564120587013
2026-05-06,ETH,0.014236751071987602,2350.644640913287,57.5133243057241,-1.8641568927384036,-1.693091248324034,-0.3741146701907919,-0.3136453593069286,-0.8835645081789297
2026-05-07,ETH,0.228873161343225,2290.7956904287553,50.29157796537382,-5.142634423899764,1.2776311730954373,-1.4763848581887926,-0.5369854361703352,-0.09295861906956343
2026-05-08,ETH,0.20198994823697022,2307.198956938614,52.06804592599535,-6.128674020968482,0.8859094839503809,-1.146995066339356,-0.5981260744610417,-0.1691725486599669
2026-05-09,ETH,-0.07683070582050883,2326.2624277558734,54.120178608366245,-5.442431595846603,-2.7166027551234917,-0.7989765439203748,-0.5414928645761293,-1.488781924598348
2026-05-10,ETH,0.14033727815215988,2370.9265916991826,58.59313413736156,-2.097828328674101,0.08235133390305004,-0.07992259911178907,-0.29688606694361663,-0.0801020662554017
2026-05-11,ETH,0.13976514012914698,2339.367240685404,54.54650565349725,-2.1219708940956963,0.07413949006886181,-0.723264632791166,-0.2953712614569462,-0.2759349722468889
2026-05-12,ETH,0.1949475671956672,2274.4923454947507,47.312833059996976,-6.377596288046302,0.787754843393859,-1.793133912972597,-0.6000877154127252,-0.402864551158053
2026-05-13,ETH,0.16576192742126936,2257.878267640026,45.64345507786287,-9.96791777793003,0.3974520857875833,-1.920533330898244,-0.8511425025534937,-0.6725219157204879
2026-05-14,ETH,0.15563012003096777,2282.9985722245783,48.59670389085635,-10.266919395532515,0.2597263383061186,-1.4119466590378646,-0.8586637615965751,-0.5772925908678845
2026-05-15,ETH,0.16700971285447147,2223.0804240581883,42.645082232759954,-13.89086632492686,0.408325271850197,-2.130383069180424,-1.1043771391338433,-0.8070979537542013
2026-05-16,ETH,0.2990580359041518,2179.8155915829634,38.936976930479716,-18.314415478113844,2.0861295815950904,-2.415250283976799,-1.3929279256075966,-0.30800163023728233
2026-05-17,ETH,0.04478680809162042,2129.2988932221533,35.09931782974812,-23.428304939763564,-1.21824381068222,-2.62204069469325,-1.7043843772175826,-1.7852250458461378
2026-05-18,ETH,0.05790638464792339,2128.6091142404985,35.04852135820589,-25.4735723607369,-1.0276894707351434,-2.4028725377213265,-1.78094976390302,-1.6662224787813613
2026-05-19,ETH,0.01646652905579408,2110.117983692455,33.64290578267959,-26.56625188343027,-1.5212666888443445,-2.3562648414464724,-1.7877653483415294,-1.8517157324741385
2026-05-20,ETH,-0.1405303437072915,2127.537017895508,36.237144340633634,-24.65233501646445,-3.17957874948584,-1.958525013115378,-1.6031698123727938,-2.3403399474407873
2026-05-21,ETH,0.09396828711893984,2131.967396363826,36.912707377455895,-21.72699047164068,-0.41819323502193156,-1.796512523276106,-1.368903665513214,-1.1169021506455685
2026-05-22,ETH,0.15325668672610676,2064.1207562725476,31.422259938972317,-22.884084313864722,0.2813949112405805,-2.1938326764015716,-1.4104431637262005,-0.9687247875420993
2026-05-23,ETH,0.06738563417494298,,31.422259938972317,-18.307267451091775,-0.7226384460550089,-2.0654673122845666,-1.072505754709912,-1.230447298520347
2026-03-24,HBAR,0.02439031112939118,0.09415099601719137,,0.0,,,,
2026-03-25,HBAR,0.502491865616031,0.09466832468561157,,3.30147070444764e-05,,,,
2026-03-26,HBAR,,0.09108059476088938,,-0.0001770587890787323,,,,
2026-03-27,HBAR,0.26868629226982593,0.089067969510048,,-0.0004275598083986076,,,,
2026-03-28,HBAR,0.1763998091687262,0.08977970624804504,,-0.0005154314258696959,,,,
2026-03-29,HBAR,0.4968760241370648,0.08799946551614359,,-0.0006546211174628379,,,,
2026-03-30,HBAR,0.047029036710659666,0.0872013936256928,,-0.0007545076952071618,,,,
2026-03-31,HBAR,,0.08757908280084781,,-0.0007477696230854849,,,,
2026-04-01,HBAR,0.38330096616119147,0.08845066540786595,,-0.000641331063739628,,,,
2026-04-02,HBAR,0.6124428610349696,0.08799388828162331,,-0.0005612929473473205,,,,
2026-04-03,HBAR,0.4624602038796991,0.08771482058994087,,-0.0004893775463378355,,,,
2026-04-04,HBAR,0.37069301283124834,0.08748144988315493,,-0.0004222915648840254,,,,
2026-04-05,HBAR,0.4642869784414768,0.08801824487101341,,-0.0003116366647665724,,,,
2026-04-06,HBAR,0.18503582216724757,0.08742574861344785,,-0.0002508327692697656,,,,
2026-04-07,HBAR,,0.09184335114840095,63.77485944475698,9.584254068332175e-05,,,,
2026-04-08,HBAR,-0.1826310155853629,0.08900722102662503,52.18106572383776,0.00014038850571892916,,,,
2026-04-09,HBAR,0.31292065203379843,0.08935194289745045,53.29251565882278,0.00019590504679785,,,,
2026-04-10,HBAR,0.47440794132096425,0.0895478038096467,53.94746419962169,0.00024544099774269357,,,,
2026-04-11,HBAR,0.4519006694585085,0.0883606156739279,49.42358113407276,0.00019980930538732178,,,,
2026-04-12,HBAR,0.20089005065049975,0.0851898117702738,39.81923564550309,-3.0124663414687848e-05,,,0.6534787596361824,
2026-04-13,HBAR,0.45514412598639725,0.08783428473032662,48.76214684562297,7.663834123674629e-06,,,0.7357812556141626,
2026-04-14,HBAR,0.20483444493222983,0.0851092695038911,41.85930779468295,-0.0001314110079518229,,,0.316743363779239,
2026-04-15,HBAR,0.26269129064850977,0.08712351683209832,47.74748259452181,-7.130165512845687e-05,-0.2329517657955659,,0.4851859263177261,
2026-04-16,HBAR,0.6446769200608135,0.09075552712338132,56.33475690365888,0.00021390582442651156,1.5529363402336118,,1.2840019480895872,
2026-04-17,HBAR,0.5520587937913835,0.09078378409681995,56.39479814671902,0.0003947787492176377,1.049220278202075,,1.6818138825455229,
2026-04-18,HBAR,0.4078574762280498,0.08881626774123602,51.12356401707659,0.0003725097667903023,0.34368446654249823,,1.5100740307485971,
2026-04-19,HBAR,0.5495521041572093,0.08727511996986273,47.38723395785414,0.00025044357114781604,0.9985287097964637,,1.1171760838455818,
2026-04-20,HBAR,0.33917191276406095,0.08975925669075528,53.31047567933291,0.00032853876827549093,-0.03792540085033301,,1.2708069302875262,
2026-04-21,HBAR,-0.08470655148569495,0.09038306028119926,54.68996942351203,0.000408526448724036,-1.9552276403336208,,1.411265525037421,
2026-04-22,HBAR,0.09975889423899348,0.09085118972624798,55.74666303741175,0.000474641339983117,-1.0428334460132882,,1.5000281818734285,
2026-04-23,HBAR,0.22136638497057368,0.09082041203288663,55.654763809112076,0.0004956742922301703,-0.4610585547729143,,1.4727489665022955,
2026-04-24,HBAR,0.5722853275964657,0.09099675546123086,56.10129580589652,0.000499436420512643,1.162705165343861,,1.4106706994590985,
2026-04-25,HBAR,0.413697876479472,0.09125836880197707,56.796338459399536,0.0004964797239198726,0.4038186241857175,,1.3417286056115445,
2026-04-26,HBAR,0.40951280098296705,0.09232064372215809,59.593832325085785,0.0005394315667714279,0.3767530801057036,1.2124010786452752,1.3848368647259994,0.9298726150536638
2026-04-27,HBAR,0.07685698345307258,0.08971384831742038,50.8861447459369,0.0003735254159981435,-1.1966185557787896,-0.3102768880802347,0.9497206299574016,-0.2868142997483658
2026-04-28,HBAR,0.33189384659094034,0.08891610773377298,48.54830355651579,0.00020000650806358133,0.036372901774169616,-0.7059273970029818,0.5131927750394268,-0.043271225879398634
2026-04-29,HBAR,0.4388739457140987,0.08863783251138184,47.72462918160652,6.350742980479999e-05,0.5513639318014134,-0.8242842965116761,0.17099921194961146,0.024560047351945995
2026-04-30,HBAR,0.44153496535867914,0.08731073777890663,43.89944301515505,-0.00010971078634882132,0.5541031644184687,-1.4242637653383015,-0.2624999721922606,-0.28438785549178114
2026-05-01,HBAR,0.45181752660049956,0.08817232963980666,46.876460354465195,-0.00015693654335417154,0.5943601839582816,-0.861154442354368,-0.3776766168272404,-0.1339052441711699
2026-05-02,HBAR,0.41700300359292425,0.08857453563517735,48.256840705538714,-0.00015167625822746854,0.41151810309286363,-0.5975138209738431,-0.35900437930000867,-0.12234821884501006
2026-05-03,HBAR,,0.08771209134088553,45.5251569941614,-0.0001941558177137021,,-1.0505159835267572,-0.46318323462735783,
2026-05-04,HBAR,0.17631566089271566,0.08773247869140577,45.603546248749666,-0.00020754816472797627,-0.8038244778397727,-0.9986381969226412,-0.4912395776732873,-0.7684931235146877
2026-05-05,HBAR,0.28978114476684713,0.09030525127063119,54.501376173677755,-3.8646854808704976e-05,-0.2168402771030359,0.5988593048908286,-0.040535595755579516,0.08076100189936036
2026-05-06,HBAR,0.39789551392511696,0.0913757170960287,57.60843219137563,0.00013987287853212786,0.3420349733512933,1.1230938999820679,0.4351904261594852,0.6042992871829832
2026-05-07,HBAR,0.3018580565761868,0.09009286175276442,52.942436726308884,0.00016456069614196296,-0.16239756113263226,0.2681426656432726,0.4955268323111063,0.16414182493326074
2026-05-08,HBAR,0.28004350071075773,0.09267000000000002,59.958772318582575,0.00033749617918042295,-0.2753439543271731,1.4854024258434417,0.9503617720558927,0.6205916776389311
2026-05-09,HBAR,0.13014225404631347,0.09286178739588942,60.43159305305838,0.0004412881223125854,-1.057714494418269,1.4913192560378448,1.203016242601039,0.3852148518243574
2026-05-10,HBAR,0.018212043796665967,0.09750274153560787,69.74253413636868,0.0007792309316296571,-1.5922180393793348,2.7169640096466767,2.0108783802948627,0.7814655012307278
2026-05-11,HBAR,0.1743276308650896,0.09691732790229321,67.58221615394173,0.0009109088406846123,-0.7534097657846316,2.169258220330701,2.2102544756452973,1.0124899024789467
2026-05-12,HBAR,0.39128136164295485,0.0938461349202848,57.51656537086956,0.0007456883563846924,0.39428821119578217,0.661273481653607,1.719738037403829,0.8720187401955436
2026-05-13,HBAR,0.32363085193680596,0.09338565534963998,56.16583217945811,0.000567948898017777,0.03111681836160258,0.45170966760028275,1.2476693413854063,0.5222604300403477
2026-05-14,HBAR,0.13670927072369493,0.09497167981884715,59.678205570373066,0.0005209888217405367,-0.9625930808611124,0.9582062823559775,1.1077056354404289,0.23473634299447693
2026-05-15,HBAR,0.00563766641587019,0.09283064546625544,53.45165519414679,0.0003194208275075993,-1.6106059519610347,0.014851121260573549,0.6057325635060197,-0.45806727535443603
2026-05-16,HBAR,0.1590436068560742,0.0912201790353471,49.28613506577372,6.46456934664762e-05,-0.780173729483013,-0.6138700517414134,-0.022381639293167728,-0.5029449991035796
2026-05-17,HBAR,0.16973753470506234,0.09007,46.49904764402452,-0.00018089578583288328,-0.7122578118984221,-1.018821727457658,-0.6257190844015529,-0.7782653683171322
2026-05-18,HBAR,0.33741555037036536,0.09014300367923703,46.70505174100791,-0.0003293051377885255,0.1875123717432933,-0.9640483167306649,-0.9797102022212149,-0.5081226069882466
2026-05-19,HBAR,0.26196436426470054,0.08847411224042152,42.66102811373805,-0.0005194672146516864,-0.219924120540874,-1.5262699224157077,-1.4167751144872731,-0.9708831592872439
2026-05-20,HBAR,0.022089024076675276,0.0887519785448586,43.5376280347427,-0.0006004089782521582,-1.4875410130467692,-1.347336288118711,-1.5681944044479765,-1.4696756129887139
2026-05-21,HBAR,0.2772340744066425,0.08987366227079485,47.056347489394,-0.000553431554410412,-0.10557318528726589,-0.8027198148697212,-1.4155375757596085,-0.7077064913037052
2026-05-22,HBAR,,0.08791,42.10890727001965,-0.0006243776873910078,,-1.4943426329936433,-1.5418982108172297,
2026-05-23,HBAR,,,42.10890727001965,-0.0004995021499128062,,-1.4440577940437471,-1.207467602829094,
2026-03-24,HNT,-0.14553673450269158,1.2467781397750832,,0.0,,,,
2026-03-25,HNT,0.020426655104011315,1.244562239573195,,-0.00014141357413759436,,,,
2026-03-26,HNT,0.29754036872037687,1.1972405021049501,,-0.0032422761524154705,,,,
2026-03-27,HNT,0.3008764153614485,1.1629252512999948,,-0.007198078295624654,,,,
2026-03-28,HNT,0.06095468434889803,1.1533252871911235,,-0.009888692576215847,,,,
2026-03-29,HNT,0.1564366234434955,1.1200845445542804,,-0.013131426094490108,,,,
2026-03-30,HNT,-0.162017798174154,1.0681460343155764,,-0.017713546475898463,,,,
2026-03-31,HNT,0.10405507224752257,1.071833711242813,,-0.019304660205380356,,,,
2026-04-01,HNT,0.06884487508474676,1.0702201609541064,,-0.019231972810721663,,,,
2026-04-02,HNT,0.25662862809704307,1.0341354169722514,,-0.020276294992212944,,,,
2026-04-03,HNT,0.13244509061798454,1.0192085500980184,,-0.020569531975439308,,,,
2026-04-04,HNT,0.027289107818296188,1.0020271935270635,,-0.020473625481505123,,,,
2026-04-05,HNT,0.11190692315501058,1.0013298995701723,,-0.019040201071824032,,,,
2026-04-06,HNT,-0.1492667288394556,0.9892974675993641,,-0.01752357437817746,,,,
2026-04-07,HNT,0.4238068057462366,1.0946240795581428,40.28359993496521,-0.008504782400101822,,,,
2026-04-08,HNT,0.20238395601702588,1.0208342178018013,31.04173933401225,-0.006667969325503925,,,,
2026-04-09,HNT,0.3175421823929667,1.0031774500047708,29.30900716352926,-0.005831489695888398,,,,
2026-04-10,HNT,0.02311722375193302,1.0153080383286741,32.112692792119105,-0.0037515987107612225,,,,
2026-04-11,HNT,-0.06370995191907977,1.043205508579652,38.18465645182792,1.3363323429362028e-05,,,,
2026-04-12,HNT,0.17497849237503485,1.005333500176168,33.76898470017642,0.0004398447788341517,0.4079241428161757,,1.3729290878590497,
2026-04-13,HNT,-0.11953182924400706,1.0387177392331561,40.32048828934314,0.003297879172071444,-1.2917612106243739,,1.5749627240440511,
2026-04-14,HNT,0.09030530362611945,1.0101412281300242,36.95104108229593,0.003568434096827902,-0.03964703958706111,,1.483217348598353,
2026-04-15,HNT,0.0882672143436689,1.0161770998374633,38.12715247207784,0.004403772309327952,-0.05100385408338677,,1.4651980412332168,
2026-04-16,HNT,0.19476797773366172,1.0516890499227223,44.66708530858126,0.007420373308179309,0.5976904569236113,,1.652507420295582,
2026-04-17,HNT,0.22275308291593565,1.1601357800619811,58.94014835189104,0.01628362709672159,0.7508071313895253,,2.250972279393371,
2026-04-18,HNT,0.2298008623944968,1.0450936100391996,45.52468033557969,0.014047169998413885,0.771344388296128,,1.8499415866931963,
2026-04-19,HNT,0.22548716295756166,1.0804305626994999,49.339065242705864,0.014535695884733676,0.7225143848340729,,1.7437613441198374,
2026-04-20,HNT,0.12048718512778037,1.0491852726236772,46.254999960488156,0.012424326005562751,0.03851127611540304,,1.4681154157757759,
2026-04-21,HNT,0.5167059293149867,1.0330277673073682,44.699016270170425,0.009728622950259336,2.3407248318416523,,1.1862278869206975,
2026-04-22,HNT,0.2742400071655231,1.0269171195649895,44.094883793870736,0.007426977868643193,0.8530464032964543,,0.9600974189074425,
2026-04-23,HNT,0.2557523781582713,1.0001672400585824,41.45359618239233,0.004158901590171633,0.7228312673510636,,0.6686622496721976,
2026-04-24,HNT,0.139634208077242,1.0039713019698242,41.9857930105369,0.0023968051028650725,0.013753741930696315,,0.5086534760971022,
2026-04-25,HNT,0.15304450798828623,1.0159749862073635,43.72417649119597,0.0021888175199732338,0.09552439125573484,,0.48167790041829994,
2026-04-26,HNT,0.16970188795486893,0.9981127218559813,41.72076516703619,0.0010548545185304,0.19753090735052162,0.08723464844521538,0.37651625304500963,0.21813763338727615
2026-04-27,HNT,0.5174259645879269,0.9936133967189757,41.20857454026364,0.0002503396137613495,2.205500889136918,0.011935379433374891,0.3007940445592718,0.9760191828525613
2026-04-28,HNT,0.2395343765175915,0.9499011853225089,36.51799629257641,-0.002808554973021647,0.5295328611864231,-0.6701337262486735,0.026619480054153426,0.018758870616213206
2026-04-29,HNT,0.021851195773416585,0.9399762673419509,35.52914190755418,-0.004957471363655201,-0.7723486214082701,-0.7914292102922006,-0.1662458522313886,-0.5962419673203848
2026-04-30,HNT,-0.24535185947762803,0.9159655796388582,33.187793024364154,-0.007311003138771081,-2.203878917096966,-1.0964669889915062,-0.3772534583832477,-1.3236677010512126
2026-05-01,HNT,-0.1109855842751229,0.8939542573040206,31.160519619698462,-0.009525149766206192,-1.377237883189937,-1.3250615932019956,-0.5736168626565261,-1.1204986900335312
2026-05-02,HNT,-0.0726195384824276,0.887212925298028,30.545116071482823,-0.010539658406137839,-1.1261802947944453,-1.338059829402313,-0.6570067535505807,-1.0489920928036462
2026-05-03,HNT,-0.18355247763320803,0.9600199559177629,43.51899902665379,-0.0056484623002956424,-1.6688979700319564,0.5568523118119898,-0.1915379489637948,-0.557964879158324
2026-05-04,HNT,0.08019253988996147,0.9109464419497677,38.32282989318394,-0.005077347086767103,-0.21230340880083537,-0.2139075690387266,-0.13517723355743608,-0.18964680429918296
2026-05-05,HNT,0.05630886709062116,0.9394949974945233,42.61543686240691,-0.002278682247833605,-0.34109970760385006,0.42891525846896267,0.1347109440881447,0.032647977725592164
2026-05-06,HNT,0.24413342207930983,0.9509473362453509,44.290460669795394,0.0006836098679286473,0.7055717606656522,0.6703875536894571,0.4198434529957033,0.609298006271809
2026-05-07,HNT,-0.07125347740662284,0.9206458511472877,40.88956863326038,0.0009269825644966784,-1.05702070287289,0.13919012866756036,0.4381357720271944,-0.24961051094072959
2026-05-08,HNT,0.16453571243952025,0.9621662407292203,46.905643079233805,0.00403482271673633,0.27460700810888317,1.053864607520897,0.7364322562045884,0.6469318623611989
2026-05-09,HNT,0.08095001814946799,0.9525370313870587,45.742892437545734,0.0055016933743134155,-0.20129899792765926,0.8475891002051481,0.8673199400203339,0.4339531128965809
2026-05-10,HNT,-0.07327923007742926,0.9814402466091148,49.76804019642222,0.008309650204579654,-1.0681740764040135,1.417215067759128,1.1228520252166876,0.3347504973311392
2026-05-11,HNT,0.0846452095250405,0.9522313651770057,46.05004597782481,0.008083458508058805,-0.1552719622117881,0.818075323764273,1.075595977210067,0.5059926054075867
2026-05-12,HNT,0.1611344652026993,0.9093782201821922,41.188377771452345,0.00507820977652873,0.28754865975206745,0.056603527738422955,0.7619463785707823,0.36058443579358856
2026-05-13,HNT,0.457239342491954,0.8961610798172358,39.79297015367449,0.0023683683522514286,1.932509671819104,-0.1626660885602591,0.48316396936020073,0.8691532329676241
2026-05-14,HNT,0.1606141954371764,0.8833492477672729,38.43372649516132,6.204709673093833e-06,0.23518078009584836,-0.3757623356466526,0.2409839533352562,0.05363879734492043
2026-05-15,HNT,0.10451275296599435,0.8498663907626736,35.0629116964744,-0.0033334033766497656,-0.08757148057084191,-0.902923850380404,-0.10017444297211281,-0.3359580802340918
2026-05-16,HNT,0.3144626736896113,0.8241335667710578,32.68997267048117,-0.006608400427768564,1.1113044996854513,-1.2479900770842935,-0.4341098284057105,-0.06010817177282063
2026-05-17,HNT,-0.12013727445993573,0.8050682149312791,31.01520226887446,-0.009230655399032901,-1.3754578053105009,-1.4594367571181261,-0.6978579932571338,-1.1973715472367783
2026-05-18,HNT,0.10027295743953435,0.8326207005188238,36.10942749519871,-0.008310241334028051,-0.10536517791706401,-0.6364547466494763,-0.5942211839283152,-0.4113488503401631
2026-05-19,HNT,0.14805924030937365,0.7931235124343308,32.414131631673484,-0.009477613388690659,0.17076476139143634,-1.1945179967241926,-0.7077459798230616,-0.5023732884076018
2026-05-20,HNT,0.13404429438186188,0.8130632894360045,35.976251371454524,-0.008077644109678123,0.08785480557175056,-0.6159107101653452,-0.553335094637965,-0.31563181921229283
2026-05-21,HNT,-0.05327938807848841,0.8,34.68643118354173,-0.0072296717373363725,-1.0023684681466298,-0.8081780255149359,-0.45834070558621665,-0.7809030065889977
2026-05-22,HNT,-0.06897977136201225,0.774,32.21114770915308,-0.007581245206482831,-1.0753044470161013,-1.1760251048222212,-0.4909232942974831,-0.9302062985423519
2026-05-23,HNT,,,32.21114770915308,-0.006064996165186257,,-1.1466046716871525,-0.31645291964834377,
2026-03-24,HYPE,0.19171105313599113,40.3445369979774,,0.0,,,,
2026-03-25,HYPE,,40.29639192176115,,-0.00307250628844713,,,,
2026-03-26,HYPE,0.11328784215748311,39.113738269427486,,-0.08030441818301597,,,,
2026-03-27,HYPE,-0.105254189491272,38.66579908303588,,-0.15289859356145485,,,,
2026-03-28,HYPE,0.26919126547425987,39.44009357070401,,-0.14043183436924822,,,,
2026-03-29,HYPE,0.16312932175202297,37.81879254819647,,-0.22786529376401982,,,,
2026-03-30,HYPE,0.32529091202967103,36.80978681275867,,-0.33373626247759564,,,,
2026-03-31,HYPE,0.04942065980856617,36.56287633570781,,-0.3962177822679752,,,,
2026-04-01,HYPE,0.4363477251666288,36.019881659238756,,-0.44622059298116623,,,,
2026-04-02,HYPE,-0.25657153517582587,35.20553790484106,,-0.5020805978741659,,,,
2026-04-03,HYPE,-0.41088552230807646,35.611353725125355,,-0.479671428061616,,,,
2026-04-04,HYPE,0.02925026823788881,36.436971436511264,,-0.381495337412032,,,,
2026-04-05,HYPE,0.3351574198545577,36.85453048757789,,-0.26614840689074293,,,,
2026-04-06,HYPE,-0.061101505388940366,36.3254879012501,,-0.20588910230089275,,,,
2026-04-07,HYPE,-0.3954846204793797,38.6208997931379,50.682577370844356,-0.002597197470304402,,,,
2026-04-08,HYPE,0.632421047730092,38.779276017710394,51.72909876929162,0.1433131683693748,,,,
2026-04-09,HYPE,0.03144030387749273,39.46507933250082,56.07567330519527,0.2789415597838062,,,,
2026-04-10,HYPE,,41.615063129642884,66.31585283339348,0.49382035798247703,,,,
2026-04-11,HYPE,,42.25809292056594,68.66853746629747,0.6498116735030508,,,,
2026-04-12,HYPE,0.09444544489383697,40.87358525568378,59.09755297942454,0.6298423772184936,,,1.9848526567575209,
2026-04-13,HYPE,-0.0657228872872889,44.34256514008221,70.27629357283698,0.8089339004684624,,,2.126388493854138,
2026-04-14,HYPE,0.3928901424046234,43.56983604343085,65.95231251226306,0.8308649336156024,,,1.9265767463837091,
2026-04-15,HYPE,,44.660015850858954,68.86307155079784,0.8701339401871122,,,1.8151003920041846,
2026-04-16,HYPE,-0.290759752385815,43.8484258524662,64.44596760532966,0.7948617890090837,-1.293473346138483,,1.5279060106276094,
2026-04-17,HYPE,0.14678599351481536,44.650443715879256,66.71789307085324,0.7529083829878067,0.25215284002019045,,1.353368552680067,
2026-04-18,HYPE,0.021435598694626246,43.80427683463006,62.20178109819765,0.6271384573609753,-0.19860644459460416,,1.0455602462188003,
2026-04-19,HYPE,0.27466124191136493,40.67495231196553,48.9936484079854,0.30829186616354953,0.7185967567274211,,0.37315716812425853,
2026-04-20,HYPE,0.7366682895615697,40.736056355277086,49.220390416305364,0.08804606481636412,2.1412980559783863,,-0.09200929467186224,
2026-04-21,HYPE,,39.76084771999627,45.726659318829505,-0.12518875174586408,,,-0.5402864052911787,
2026-04-22,HYPE,0.3105106052815914,41.15870930991633,51.08619521531886,-0.17112196909633104,0.6637506447790771,,-0.6259372341766289,
2026-04-23,HYPE,0.16482087967097758,41.29982153341522,51.60573602335915,-0.18959867706422362,0.15646626594942234,,-0.6514839175466328,
2026-04-24,HYPE,-0.17662628013491632,41.16450291367113,51.04581602651551,-0.20710663419512665,-1.0090252890414102,,-0.674857222452345,
2026-04-25,HYPE,0.19622124127621451,41.50562763548018,52.446533358622744,-0.19221206211379815,0.30000500872696745,,-0.6278169899236108,
2026-04-26,HYPE,0.5518241863936186,42.470736257664825,56.2597350802625,-0.11752972559231267,1.4847921687845709,-0.20042309296822725,-0.4500775891222342,0.39876666288668994
2026-04-27,HYPE,,41.65213322339259,52.42012199391007,-0.12285298490933771,,-0.6551331642904112,-0.4544416625582562,
2026-04-28,HYPE,0.1099580624098579,40.135670519122804,46.13818783500742,-0.22229891469091978,-0.061249134283704834,-1.3503295433643596,-0.6721180760450719,-0.6312339395363114
2026-04-29,HYPE,0.3744067892249053,39.97696691545319,45.52333781946615,-0.2883703128742774,0.8561019351291764,-1.3357362279604779,-0.8085405441311059,-0.3008422575758045
2026-04-30,HYPE,-0.3458625055969116,39.70232547333732,44.42014210764557,-0.33680125707675707,-1.6190095018070996,-1.3761422175939209,-0.9005007624674839,-1.3305966947412613
2026-05-01,HYPE,-0.045707119427000474,41.149391476082194,51.13889549297073,-0.2609936912517238,-0.5646495057546238,-0.5678478756220126,-0.7075043777804828,-0.6084654783225981
2026-05-02,HYPE,-0.04364160279378296,41.254903688958194,51.598337417685634,-0.19630976344717255,-0.5468191007348406,-0.5006569429064538,-0.5447580518988223,-0.5323521387355191
2026-05-03,HYPE,0.2520509953738004,41.52917526736465,52.83972230543227,-0.13077149671802113,0.49396741494580526,-0.34267767727496456,-0.38213138402548186,-0.019855752411811797
2026-05-04,HYPE,,41.79885599395257,54.08664349326738,-0.06812829388565722,,-0.1850863761909869,-0.22733809389546036,
2026-05-05,HYPE,-0.3548492273361422,43.73969297526432,61.89513154562129,0.09622104499092615,-1.5982232108234375,0.7761182450847299,0.17395217586283507,-0.35426815804510553
2026-05-06,HYPE,0.1484850022849813,43.09566751291921,58.34896039553124,0.15052316597716503,0.1626453474365338,0.32053763737401414,0.30500732044742346,0.25272162632104483
2026-05-07,HYPE,-0.391644429172203,42.51703265156225,55.28424048338443,0.13683321849425945,-1.6648544837268977,-0.07308483378588168,0.2674713874947766,-0.6076258273780907
2026-05-08,HYPE,0.1830013628515725,43.25987864783791,58.31152052497052,0.165266759919188,0.318313184154321,0.31805217420945564,0.33553886378845904,0.3234025850611028
2026-05-09,HYPE,0.07035893932967446,42.924846818989984,56.45513819838136,0.14944763384212084,-0.07506153202685219,0.07018540779076983,0.291647575634883,0.07852528221695498
2026-05-10,HYPE,0.1939173060182482,43.00219305386293,56.797089184468305,0.1326974410689093,0.35815052434199623,0.11467688626585816,0.24559430632115237,0.25134156751290165
2026-05-11,HYPE,0.4247988054953826,42.01182246593716,51.24770715486779,0.04780010895190934,1.1524695220979049,-0.6334224313327076,0.023421572668679003,0.27798755123995333
2026-05-12,HYPE,-0.7416667246110737,40.24052838002612,43.130908509038825,-0.1253057308195324,-2.699209262397874,-1.660803624631043,-0.4287958659982961,-1.7065635521479514
2026-05-13,HYPE,-0.8533884671628476,38.83031978307199,37.97416077571426,-0.3212952306904004,-2.7456865291896673,-2.1628331524991102,-0.9333393235102226,-2.027126354478667
2026-05-14,HYPE,,44.1544777058977,58.263112009336695,-0.09084983653456019,,0.4081458058002073,-0.31538643660230165,
2026-05-15,HYPE,0.12052796687819065,44.15699503360837,58.27006238367425,0.055388754122872585,0.17668038522815593,0.4030136757136272,0.07740424042813546,0.21479752893379114
2026-05-16,HYPE,0.4989754944317043,41.8227893009519,49.961798966068955,-0.00806836574183245,1.2867005968147063,-0.6642273963484122,-0.09413680331731791,0.28717097882616355
2026-05-17,HYPE,0.6928668318165466,45.69696487091983,60.124250434609465,0.19659061286075896,1.7845226891670332,0.6539902231114902,0.46208465426693524,1.0486315388803409
2026-05-18,HYPE,0.5404371410080543,47.72839496025024,64.22686794052146,0.4405232245116444,1.298819480361959,1.1606851713626951,1.1130768406476057,1.2016563957478739
2026-05-19,HYPE,0.28176574361026285,48.058705520903,64.85994971254937,0.586718922186049,0.5382270181190528,1.2074778758959241,1.4729846495473151,1.0194295648805929
2026-05-20,HYPE,0.33048124592453243,54.845278122602615,74.7480111496557,1.074677504959224,0.6713051624154256,2.3071158511262864,2.6054121566043946,1.7422804672853744
2026-05-21,HYPE,0.3238443589518113,58.54273569789354,78.32632703884043,1.5516773361745135,0.6427027934332419,2.5111457369068946,3.3965946038959562,2.029403219614152
2026-05-22,HYPE,-0.34493275205558166,55.11990251508631,68.63084020152947,1.538866406456935,-1.306848612779561,1.3504193710605004,3.058183328567575,0.7998413647765981
2026-05-23,HYPE,,,68.63084020152947,1.2310931251655477,,1.3105542781657793,2.249958785571501,
2026-03-24,KAS,0.23734352844251153,0.03626,,0.0,,,,
2026-03-25,KAS,0.28652761658213566,0.03857,,0.00014741880341880286,,,,
2026-03-26,KAS,0.22341770570971337,0.03602,,6.901907614385804e-05,,,,
2026-03-27,KAS,0.14596542401602647,0.03448,,-8.251095606464688e-05,,,,
2026-03-28,KAS,0.23512113472184168,0.03477,,-0.00015495980801073653,,,,
2026-03-29,KAS,0.06571257385181621,0.03283,,-0.00031600442525613233,,,,
2026-03-30,KAS,-0.06739949279669663,0.03189,,-0.00045959902503237145,,,,
2026-03-31,KAS,0.09809124877032718,0.03262,,-0.00047710580800198847,,,,
2026-04-01,KAS,0.19848243339313507,0.03208,,-0.0004946264680357067,,,,
2026-04-02,KAS,0.3411911602540299,0.03126,,-0.000527978956089532,,,,
2026-04-03,KAS,0.19423525982654244,0.03098,,-0.0005338412253950872,,,,
2026-04-04,KAS,0.15733237643823558,0.03116,,-0.0004915929908255532,,,,
2026-04-05,KAS,0.14171387676706615,0.03142,,-0.0004151788937799499,,,,
2026-04-06,KAS,0.24903580631538608,0.0312,,-0.0003510422512240279,,,,
2026-04-07,KAS,0.23964815550839527,0.03278,76.48386192832999,-0.0001822911369011005,,,,
2026-04-08,KAS,0.10289122000464963,0.03194,73.0815662417044,-0.00011083917871857287,,,,
2026-04-09,KAS,0.09835940773499312,0.03219,73.45996451926757,-3.43041978536269e-05,,,,
2026-04-10,KAS,-0.034025680833543154,0.03341,75.28575609020372,0.00010338595309821287,,,,
2026-04-11,KAS,-0.010864317321876682,0.03293,73.15344497094546,0.00016346336866293935,,,,
2026-04-12,KAS,0.13820902872564778,0.0315,67.05976983914096,0.00011074592118925073,-0.12876959642924962,,1.232336489807348,
2026-04-13,KAS,0.2109915753767686,0.0331,70.06446342495065,0.00018320948348225948,0.5318520301559043,,1.404354948739633,
2026-04-14,KAS,0.2673453428112488,0.03236,67.01957320803061,0.00018058451305645454,1.0152945043981412,,1.3046113691117582,
2026-04-15,KAS,0.06240038425516337,0.03319,68.66448182318007,0.00023081525387638638,-0.886204135782282,,1.3928241582832717,
2026-04-16,KAS,0.1041781389994671,0.03409,70.38907468092188,0.00031548291389822875,-0.4771584152661745,,1.5721348483375739,
2026-04-17,KAS,0.36212989173174837,0.03618,73.97157365213656,0.0004925205196434373,1.826732473309686,,1.9651601396139944,
2026-04-18,KAS,0.3424392275920379,0.03422,65.91727367274709,0.0004585891216784279,1.535108184583367,,1.7054951323798166,
2026-04-19,KAS,0.3472123134634457,0.03415,65.64237421983633,0.0004137753465309823,1.479703008884034,,1.4687669858773236,
2026-04-20,KAS,0.0916002862900206,0.03484,67.0989083988832,0.0004120482671252865,-0.7032941398141632,,1.3841638056048686,
2026-04-21,KAS,0.1955711662870935,0.03425,64.5779292462714,0.00035479187920263813,0.1973425259786357,,1.1615496476040605,
2026-04-22,KAS,0.022301418942194434,0.03429,64.67483079388356,0.00030512875669504744,-1.2755943241669392,,0.9796571356341122,
2026-04-23,KAS,0.41450848608215396,0.03429,64.67483079388356,0.0002595802120794568,1.9717814167176755,,0.8207323270115936,
2026-04-24,KAS,0.4360919749029602,0.03369,61.736766649417014,0.00018011610104650945,1.9752475431004004,,0.5702819913337925,
2026-04-25,KAS,0.5827436423598277,0.03364,61.48609436628971,0.00011824920411711888,2.6950847066344044,,0.3760630933050044,
2026-04-26,KAS,0.24788867122911848,0.03391,62.374523692748014,9.08072036065014e-05,0.3534542673186271,-1.2833128169479793,0.2871065247559504,-0.1574801807301578
2026-04-27,KAS,0.5195018169578723,0.03337,59.422169186774205,3.448134058489364e-05,2.088659284142148,-1.7223215133301972,0.10984255024840327,0.35172002473232106
2026-04-28,KAS,0.28944303482683686,0.03281,56.43872833248791,-3.8350616297940846e-05,0.5407966608228361,-2.0291391689730083,-0.11904022431722569,-0.42813515365793575
2026-04-29,KAS,0.5973494544970509,0.0326,55.317111858850126,-9.52867103596529e-05,2.369426394070916,-1.976312756505562,-0.29749396956961516,0.26562853980581336
2026-04-30,KAS,0.22788895244229276,0.03254,54.980913376269804,-0.00012948507416589693,0.04976715239414072,-1.8344594629530915,-0.4025474689282627,-0.65119521860675
2026-05-01,KAS,0.5211287903606985,0.03264,55.46670997052405,-0.00013713318552322152,1.8063463434881397,-1.6210623766880532,-0.421322454020299,0.10982308818275036
2026-05-02,KAS,0.41327208121068776,0.0332,58.187744731071334,-9.807050674904454e-05,1.1097660469294042,-1.1448971549785856,-0.2875143464685047,0.014182968337634591
2026-05-03,KAS,0.2975725973790512,0.03365,60.287578190324076,-3.857456032562738e-05,0.3942106636780311,-0.7971937726570982,-0.08620742942017107,-0.10733609515196835
2026-05-04,KAS,0.47976675408609676,0.03338,58.392723445885785,-1.5251112144649883e-05,1.4654470286452204,-1.0485143433834676,-0.006633075848215231,0.2696345856885833
2026-05-05,KAS,-0.04276872920519362,0.03446,63.35426060974662,7.036606774529116e-05,-1.6492115264837068,-0.2779898347715877,0.28523035191266927,-0.6575124554511583
2026-05-06,KAS,0.4797933834652603,0.0366,70.78766736021458,0.0002580259029395185,1.4207819034851548,0.8620144885812652,0.9200953195941255,1.102945703846679
2026-05-07,KAS,0.3729422190279048,0.03538,62.94832986886679,0.000284791215276238,0.7764623863004172,-0.366094375856272,0.9910540722000107,0.4980728634232885
2026-05-08,KAS,0.3230172821536893,0.03648,66.5457457778798,0.00035671575910052096,0.47435081041555266,0.2055807461370647,1.208555726212653,0.6139812658711363
2026-05-09,KAS,0.5283028279209183,0.03729,68.93739638187725,0.0004338546810262704,1.6326810573288104,0.5819189757613945,1.427694647333619,1.2559565098600283
2026-05-10,KAS,0.3566141528316261,0.03867,72.53933407979301,0.000545605350171582,0.6175704131258448,1.132623895157293,1.7332494447177966,1.1067901672128648
2026-05-11,KAS,0.601586595692453,0.04041,76.2749359239304,0.000694922651214029,1.956995048547255,1.6460912417650202,2.1049497006120297,1.908110302132017
2026-05-12,KAS,0.46845145219718576,0.03807,63.72091586371442,0.000597998592020622,1.167631435805167,-0.34152515233393216,1.7191018108531544,0.8803255718778334
2026-05-13,KAS,0.31418013957305346,0.03724,59.95171324956892,0.0004468178506723925,0.28678336467845494,-0.9235819110688019,1.2111346797251716,0.20097917646829289
2026-05-14,KAS,0.2254712507027225,0.03757,60.94097096968381,0.00034256531811677486,-0.22045372188341536,-0.7485045995240639,0.8685733892255716,-0.05216085184291386
2026-05-15,KAS,0.3624068710887153,0.03514,50.95886319676047,9.62740399170236e-05,0.5662857052185689,-2.180874050710414,0.09205709072382126,-0.40013080590855016
2026-05-16,KAS,0.2684615615580464,0.03419,47.67131568335803,-0.0001319026620855018,0.01790844761269096,-2.436175690961703,-0.6253449015560735,-0.9112927987102565
2026-05-17,KAS,0.6164464320357422,0.03396,46.882720667911705,-0.00029051474810538695,1.9727897227204314,-2.3355680340868776,-1.1093474873681182,-0.244358767348326
2026-05-18,KAS,0.41434837972032046,0.03485,50.308252541393614,-0.00032507244752290473,0.8039104134248916,-1.7797364329321683,-1.1928360907836828,-0.5702075917447986
2026-05-19,KAS,0.41254073034426203,0.03364,45.96788269283765,-0.0004133398771973396,0.782277013863416,-2.1796548145803105,-1.43301190582747,-0.7708892105769676
2026-05-20,KAS,0.23366020637666807,0.03494,50.8719836263218,-0.0003695199793753421,-0.2461708323866119,-1.5116534534323065,-1.2656650176179798,-0.9316638742697305
2026-05-21,KAS,0.2611557989715226,0.03525,51.990991583643016,-0.0003075446914884251,-0.08569352760151078,-1.3318864091939682,-1.0524813150068235,-0.7495877283008419
2026-05-22,KAS,0.7797057482339907,0.0337,46.31105708270531,-0.0003554387019765596,2.7337549698296932,-1.9115220727755569,-1.1778858318208698,0.16667961655294933
2026-05-23,KAS,,,46.31105708270531,-0.0002843509615812477,,-1.8205665345723232,-0.9347433589400665,
2026-03-24,LINK,0.21895632659079353,9.245107156764758,,0.0,,,,
2026-03-25,LINK,0.24523992255815918,9.374718602538275,,0.008271499673296035,,,,
2026-03-26,LINK,0.09700685796591559,8.90715615954856,,-0.01683528547933065,,,,
2026-03-27,LINK,0.24273777753206094,8.563050897549022,,-0.05362967385797174,,,,
2026-03-28,LINK,0.28069269340902697,8.431296757879105,,-0.08214681746250015,,,,
2026-03-29,LINK,0.2502964585264849,8.4049724947114,,-0.09706551098085112,,,,
2026-03-30,LINK,0.2852985432691393,8.616331864551212,,-0.08728925074464652,,,,
2026-03-31,LINK,0.17018497141610872,8.773267991940816,,-0.06582137396323587,,,,
2026-04-01,LINK,0.21451404959307274,8.940675929521326,,-0.03733249332252396,,,,
2026-04-02,LINK,-0.10892477292470891,8.63379080338961,,-0.0361196046682484,,,,
2026-04-03,LINK,0.1774646893364726,8.65776971138183,,-0.03086906741039376,,,,
2026-04-04,LINK,0.3815771297662309,8.694234376297327,,-0.02249588338258876,,,,
2026-04-05,LINK,0.11060102954339142,8.819476065185802,,-0.006887606058550377,,,,
2026-04-06,LINK,0.12735555359791448,8.800064321056364,,0.0032215299767567596,,,,
2026-04-07,LINK,0.1486289145694716,9.286285494227634,71.73473374910697,0.04161494218580597,,,,
2026-04-08,LINK,0.19385282938551682,8.858282247591823,59.76684650315092,0.03728522908474058,,,,
2026-04-09,LINK,0.2920498767780151,8.944677150815235,61.17492242716672,0.039147167056075696,,,,
2026-04-10,LINK,0.24089791183702122,9.086986282183311,63.44439679431588,0.04827139720419657,,,,
2026-04-11,LINK,0.13703641407782283,9.071738578160247,63.019343687914834,0.05130425474161074,,,,
2026-04-12,LINK,0.26024465055743545,8.734060068895639,54.33713345928507,0.02966645702475844,0.6119153555665134,,0.9240597453552042,
2026-04-13,LINK,0.10248087225904068,9.358325245853672,64.16597591522608,0.055021242578045984,-0.9044616944895056,,1.3576913420551704,
2026-04-14,LINK,0.30209378847572416,9.024537241133466,57.09001161456041,0.0472348087626581,1.022944530119235,,1.1323651091059943,
2026-04-15,LINK,0.3227584513295538,9.26365442006297,60.454382934138884,0.05553809115193922,1.1623475005517392,,1.228748061203925,
2026-04-16,LINK,0.1699448592753294,9.60079623269178,64.66146158278019,0.07961994474066894,-0.32637473644175813,,1.582848826330314,
2026-04-17,LINK,0.11767353511563228,9.616339635877576,64.84713986894943,0.09162396137934083,-0.8197699938865768,,1.6700996897858345,
2026-04-18,LINK,0.10835368514926225,9.285899960082935,57.884047089271476,0.07313989205382684,-0.8818137677486715,,1.2572609613845092,
2026-04-19,LINK,0.1850391320345031,9.068206904827047,53.78651965461199,0.04354397187330876,-0.10594385218999798,,0.693320312167459,
2026-04-20,LINK,0.236819098455464,9.28918570062652,57.105859102744716,0.036430593086984805,0.41803364737516774,,0.548248528757348,
2026-04-21,LINK,0.2878670677184922,9.400388993315861,58.71297895871005,0.036693081913922565,0.9207610623211336,,0.5409626366604129,
2026-04-22,LINK,0.16168581333245702,9.293286253640131,56.516664929540326,0.02754944962972855,-0.3932509435176863,,0.3598778095190706,
2026-04-23,LINK,0.22898006464149145,9.351290440254164,57.44510376850217,0.023463514720940937,0.3164653858169471,,0.2760181480968784,
2026-04-24,LINK,0.1265320645395964,9.380055173854648,57.92488304378741,0.020842366323920156,-0.7695155341230546,,0.22088557232639247,
2026-04-25,LINK,0.222826143007246,9.348845442332431,57.17172245747486,0.015401788443385231,0.27207146210870403,,0.1105609672284679,
2026-04-26,LINK,0.3171631013155353,9.488772057435954,59.70163125289121,0.019365668911258085,1.2606346467420133,-0.08081675553886994,0.1881196998881035,0.5364447420015754
2026-04-27,LINK,0.3133772121310272,9.319783093628212,55.44214720575314,0.0092578796734291,1.176818490211957,-1.022781134365818,-0.01969730491161095,0.15798386430155414
2026-04-28,LINK,0.23579586952383025,9.237290257413706,53.43784897799496,-0.003641012296390009,0.3305690570755673,-1.3859784114538307,-0.2849778871719011,-0.3690592667574927
2026-04-29,LINK,0.18325067046322963,9.109386497490567,50.395785455223454,-0.02050285261386929,-0.2430629238244708,-1.8591429666678405,-0.6299692465070278,-0.8439588334822488
2026-04-30,LINK,0.25298382374416234,9.10305393569211,50.24328254748155,-0.031159546648043684,0.5241387273520001,-1.724003318909786,-0.8382020798207451,-0.5590061286783592
2026-05-01,LINK,0.33616120645143005,9.094067379193604,50.01199267291267,-0.037466686526680906,1.4019389754421367,-1.6329291852087455,-0.9494130680018589,-0.21392708578632652
2026-05-02,LINK,0.10507694665970123,9.175782087693761,52.16818305076196,-0.03484324243615748,-1.1259652370721822,-1.1578039889340888,-0.8732798100269354,-1.0597112345171802
2026-05-03,LINK,0.13590680939387167,9.130711570285118,50.864965194622535,-0.03477152872870354,-0.7702760732444243,-1.3334959403774367,-0.853237276541667,-0.9641303943735008
2026-05-04,LINK,0.2553684155415939,9.357377313561758,56.720559465649025,-0.01888212486216001,0.5466783022996479,-0.22068363095006252,-0.5026191251706182,0.0016804940836549487
2026-05-05,LINK,0.1412637560354931,9.765984674142068,64.85227091868629,0.01774267709939128,-0.7174293547018259,1.2832985582314897,0.2917551746056449,0.18554437797040998
2026-05-06,LINK,0.2015722883444372,9.9981839848867,68.47693813523844,0.05414570346780849,-0.03817975112590816,1.8222523202627499,1.0668008296018445,0.851444044509015
2026-05-07,LINK,0.15892984707333827,9.84955064330159,63.93198843948797,0.06407415920765226,-0.5164965330900614,0.9646159190442055,1.2478612641820788,0.4571445417318607
2026-05-08,LINK,0.0423198264009823,10.34400244433129,70.86074878393487,0.09778255438711705,-1.7694066040377536,2.0344282741596635,1.8820939546593627,0.4671940270306063
2026-05-09,LINK,0.1959173148783553,10.373431024983727,71.21517591244806,0.1147291433712943,-0.04954034075049353,1.9356601496249817,2.1054989059734774,1.1925315803793404
2026-05-10,LINK,0.21233085310886468,10.714939073998746,75.01333516932529,0.13993608043624756,0.13479238734020155,2.3022294579877842,2.42053260256103,1.4707455731007248
2026-05-11,LINK,0.20176086228820367,10.59137969314901,71.3452925196903,0.13900059483013866,0.01376075300278318,1.648915881122943,2.2471124809646605,1.174312809827394
2026-05-12,LINK,0.15366467166295888,10.285003323819101,63.10531434535532,0.10974482127444846,-0.535208734760212,0.42615368324890845,1.6456257047705996,0.40745032250176755
2026-05-13,LINK,0.2494153359554041,10.213135530579299,61.31635369945923,0.07898773470427609,0.572118905585799,0.15691154248697042,1.0691457238889182,0.5966647421470862
2026-05-14,LINK,0.2627503370952196,10.47961612753252,65.25008397412935,0.07031456631719402,0.717807364869276,0.7370065662101397,0.8974357815090568,0.7774556502634693
2026-05-15,LINK,0.2513234524559183,10.06563772199827,55.76323637207418,0.03235226684700493,0.5759235985659068,-0.69425740113704,0.21243660548644047,0.08582320073118285
2026-05-16,LINK,0.29348939054878664,9.714292260643244,49.222244544776856,-0.01805449527815417,1.0544770941477952,-1.617634977135391,-0.6931449379152509,-0.27144313685607446
2026-05-17,LINK,0.21050826647490575,9.560157652598285,46.6377043077632,-0.06099211395779519,0.0714470252182113,-1.8883631399543312,-1.434647093869764,-0.968324260059944
2026-05-18,LINK,0.14194383351645132,9.601831264796242,47.44125364791963,-0.08436232076755654,-0.737516170793411,-1.6879054222589942,-1.785160430466581,-1.3369262241350368
2026-05-19,LINK,0.16490682703630533,9.44014093013795,44.63296722075332,-0.10702888124197152,-0.4571276647606469,-1.9615757117380528,-2.079973463781755,-1.395315818560201
2026-05-20,LINK,0.16766535217985187,9.627476933970017,48.441089220923516,-0.10554820526714792,-0.4195283426874842,-1.394055467989251,-1.9656370304932524,-1.1757190866197447
2026-05-21,LINK,0.154754118580759,9.742869504225812,50.690810649965286,-0.0933608249247996,-0.5702313522532149,-1.065396609595913,-1.7027542366485278,-1.0585377947746182
2026-05-22,LINK,0.20058886483121718,9.420991890707558,44.81645638091554,-0.10279434570507845,-0.008978213702082275,-1.7674667876298233,-1.7903823415443774,-1.070946024233093
2026-05-23,LINK,,,44.81645638091554,-0.08223547656406276,,-1.6924260065265717,-1.4135150516963009,
2026-03-24,LTC,0.14212609831988812,56.36745195637933,,0.0,,,,
2026-03-25,LTC,0.19462856367629158,56.638060037273334,,0.017269575532839098,,,,
2026-03-26,LTC,0.4298167185200999,54.55940461577623,,-0.10550578251428874,,,,
2026-03-27,LTC,0.3157100008757785,53.685279296125586,,-0.2325117385447554,,,,
2026-03-28,LTC,0.007792893797159195,53.82218734667835,,-0.2904597603358501,,,,
2026-03-29,LTC,,53.27357395429371,,-0.3451722362007789,,,,
2026-03-30,LTC,0.8956877544511109,53.305515943500566,,-0.35715221065179115,,,,
2026-03-31,LTC,0.6619013486345454,53.901548424363945,,-0.3049073115341805,,,,
2026-04-01,LTC,0.5320086262694715,53.818830452977295,,-0.25776759258704995,,,,
2026-04-02,LTC,0.4391497785511427,52.29829769981726,,-0.3074693195196623,,,,
2026-04-03,LTC,0.30857485894156617,53.23440603954793,,-0.25778606178450947,,,,
2026-04-04,LTC,0.7331815045978873,53.59447169948474,,-0.18458885103901967,,,,
2026-04-05,LTC,-0.5111175767898559,54.111199926539456,,-0.09007211445641816,,,,
2026-04-06,LTC,0.4788301660442336,53.53977310417352,,-0.05638565617698488,,,,
2026-04-07,LTC,0.39253958100862796,55.36893562448695,61.96825593099995,0.09073618028456887,,,,
2026-04-08,LTC,0.26017752985740084,53.97331361643067,52.465756536091156,0.09523972338275521,,,,
2026-04-09,LTC,0.2030347601566464,54.56423912382671,55.57226379412761,0.13667655090967046,,,,
2026-04-10,LTC,0.409499802058842,54.99398721097684,57.735516479261726,0.18849277870321623,,,,
2026-04-11,LTC,0.2747156652033329,55.070925052221014,58.12859680721868,0.22115318238280857,,,,
2026-04-12,LTC,0.4586244974076748,53.4925952975205,48.22069602194003,0.1339556104845102,,,1.1785689232811467,
2026-04-13,LTC,0.39446289149485525,54.650194482831225,54.36453022134066,0.1504997037248223,0.15004725524453152,,1.1880767019020066,
2026-04-14,LTC,0.1864957037013532,54.31356448210775,52.41678154051465,0.13549855902988667,-0.551556208644831,,1.0568784777277982,
2026-04-15,LTC,0.5584776296832366,55.172352060530024,56.68076648428922,0.17749178368615848,0.730948080718534,,1.1992612706677561,
2026-04-16,LTC,0.5996102535929065,56.39072911397865,61.89747156215003,0.27555024121204,0.8442148965556221,,1.5606979011047408,
2026-04-17,LTC,0.567077047753885,56.429094041596755,62.05243768221445,0.3276752622742794,0.7050396583149311,,1.6661211692943154,
2026-04-18,LTC,0.8883,55.67287435721251,57.12096347538345,0.29682224365498344,1.7108387664739242,,1.4303766717067827,
2026-04-19,LTC,0.4258485331024975,54.08123281236963,48.40202824140331,0.16158637416236024,0.11178780989787475,,0.7964533731888642,
2026-04-20,LTC,0.7495504040613926,55.04883216106246,53.08983668144872,0.13097113065948546,1.1942773818589256,,0.6411456938914406,
2026-04-21,LTC,,55.596928064277655,55.55317273552229,0.14046473078900862,,,0.6676016024713911,
2026-04-22,LTC,0.16820354776028545,55.518210938023856,55.105614118317504,0.13427821613792834,-0.8093873739223273,,0.6242194981490367,
2026-04-23,LTC,0.31477006012694286,56.231770701793096,58.37901514412757,0.16884322963912785,-0.28943167886883125,,0.7656886195883802,
2026-04-24,LTC,0.37921088599798386,56.57758437964544,59.9048093420318,0.20328503241905038,-0.05843238440190049,,0.9012922533261631,
2026-04-25,LTC,-0.30046930255773235,56.0759434063579,56.65995398462761,0.18129820915538958,-2.258623969778772,,0.7779870565138927,
2026-04-26,LTC,-0.18246158835066528,56.29933194798045,57.75728597363509,0.17095207644763072,-1.7395213838860162,0.40117134723687703,0.7126551498813046,-0.361660604418952
2026-04-27,LTC,0.3368324593898638,55.57700457822279,53.07758911362534,0.10770144997361836,-0.05946234291155898,-0.7549079332099542,0.40325684409311535,-0.12928026389967523
2026-04-28,LTC,-0.011917681162819846,55.70333090693819,53.7828640655238,0.06852063713028006,-1.1625037748329723,-0.5574126765160214,0.21037576018708096,-0.569112584831871
2026-04-29,LTC,0.3405218220349075,55.30998607775754,51.20220258624261,0.013159868470668495,-0.011658764990465255,-1.1639764875555025,-0.06078825401401826,-0.37209292846704234
2026-04-30,LTC,0.19108104276694357,55.16902319186262,50.271259985835925,-0.033363648056232736,-0.4981917375924596,-1.3201180233892735,-0.28847996584931207,-0.6818560918085596
2026-05-01,LTC,0.9155349858247674,55.400040831397995,51.8174024674743,-0.04809433591824652,1.811896711722746,-0.8951968538458044,-0.3576227991345543,0.3489127887949908
2026-05-02,LTC,0.19462877022610564,55.36416781152242,51.549378905922545,-0.05904840936184119,-0.5112899872917217,-0.9281701751958495,-0.407572730556794,-0.6052388666424817
2026-05-03,LTC,0.038137135527376076,55.27999332421617,50.884292152901835,-0.07000904696368915,-0.9961075725068615,-1.053443102484101,-0.45734209759534133,-0.8516785890265772
2026-05-04,LTC,0.16481615110441214,54.95740590857981,48.311768249589385,-0.09545461544860706,-0.5727064108538343,-1.5923776915823578,-0.5805921966238804,-0.8809735308034051
2026-05-05,LTC,0.03585887819707901,56.34291325582406,58.10788703445507,-0.019420981521202807,-0.9736116470003664,0.789331017916516,-0.17899660441734036,-0.20634433475039388
2026-05-06,LTC,0.38251984876561906,56.741611355346926,60.43184456966806,0.053300445291402404,0.16693468601824366,1.3003091663715576,0.20512076658661524,0.5184028542947493
2026-05-07,LTC,0.4229920913359787,56.43872320801838,57.8081817064917,0.07523858975555153,0.29816885322901276,0.6457395130050143,0.31914412164096373,0.40873263168539853
2026-05-08,LTC,0.3773584009857848,58.32495144949772,67.32266920394078,0.20372953268889224,0.1426239433728422,2.592049061252643,0.9947677150238954,1.1330946102320982
2026-05-09,LTC,0.49360710372477773,57.98824920077834,64.52546138492849,0.2499434263534248,0.5315761774044562,1.8373252129510618,1.2124096216623024,1.1275509213457917
2026-05-10,LTC,0.3332802874570506,60.41560267084624,73.17773952304097,0.4179909578447047,-0.019685262221145746,3.0459344070868752,2.0044826661952055,1.507251017096166
2026-05-11,LTC,0.2650650762532046,58.50312056466222,60.63036311472129,0.3756812701568465,-0.254103806448219,0.7578809753762723,1.7101331489130165,0.638762714707499
2026-05-12,LTC,0.5760557219621028,58.099168778073846,58.35440422952431,0.29915632371362344,0.8241135171146938,0.338249048927318,1.283975965932048,0.8163129113036873
2026-05-13,LTC,0.40633257982967425,56.9858682779213,52.50462642688183,0.1592466645797106,0.22326166336334444,-0.7252799278610671,0.5676184986275127,0.042006236575271444
2026-05-14,LTC,0.4869474042863026,58.2135445476862,57.55733777464514,0.13597570416543947,0.504013869523827,0.2097813032492434,0.44377003879691906,0.3976709504233795
2026-05-15,LTC,0.42595578537508844,57.47901918096234,53.865111054607354,0.06149848212514286,0.2821364428028824,-0.47707141451906815,0.06022089235361494,-0.012200579528482993
2026-05-16,LTC,0.4394828648126995,56.14062615976242,47.842767774186775,-0.0798472040694228,0.32764882227965886,-1.5500963563995684,-0.6646928943642032,-0.5333772463172679
2026-05-17,LTC,-0.5235419099992141,54.5653619855183,41.90434132078198,-0.2706297493890355,-2.891435866684253,-2.4198213398716524,-1.6051418265274213,-2.3640632965934234
2026-05-18,LTC,-0.052231797604355965,54.34571253706423,41.13758860835785,-0.39526823919987764,-1.2690898204058343,-2.3438143168424226,-2.130334759605448,-1.8498806510966948
2026-05-19,LTC,0.34292424274841327,54.471745843981445,41.79568780685729,-0.44895359870837287,0.05555071727136915,-2.0896659881817996,-2.262809998174636,-1.283522508998383
2026-05-20,LTC,0.11297034660726785,53.91061079079005,39.66915069832049,-0.4981828588037458,-0.7130672232315101,-2.246947429174426,-2.351037138206623,-1.6646222595069187
2026-05-21,LTC,0.14390921401910484,54.12346157647594,40.897549873171535,-0.49150901538191183,-0.6006380371808387,-1.9496453979224724,-2.2011936714615556,-1.4855069356875439
2026-05-22,LTC,0.07570345755819498,52.61304356767229,35.390781487087395,-0.5590007837248524,-0.8217728378727418,-2.5091368128395968,-2.3565831757368487,-1.7884251317220303
2026-05-23,LTC,,,35.390781487087395,-0.44720062697988194,,-2.3285751590668937,-1.7999019645150325,
2026-03-24,MATIC,,,,,,,,
2026-03-25,MATIC,,,,,,,,
2026-03-26,MATIC,,,,,,,,
2026-03-27,MATIC,,,,,,,,
2026-03-28,MATIC,,,,,,,,
2026-03-29,MATIC,0.40750000000000003,,,,,,,
2026-03-30,MATIC,,,,,,,,
2026-03-31,MATIC,,,,,,,,
2026-04-01,MATIC,0.36375,,,,,,,
2026-04-02,MATIC,-0.5106,,,,,,,
2026-04-03,MATIC,-0.3612,,,,,,,
2026-04-04,MATIC,,,,,,,,
2026-04-05,MATIC,,,,,,,,
2026-04-06,MATIC,,,,,,,,
2026-04-07,MATIC,,,,,,,,
2026-04-08,MATIC,,,,,,,,
2026-04-09,MATIC,,,,,,,,
2026-04-10,MATIC,,,,,,,,
2026-04-11,MATIC,,,,,,,,
2026-04-12,MATIC,,,,,,,,
2026-04-13,MATIC,,,,,,,,
2026-04-14,MATIC,,,,,,,,
2026-04-15,MATIC,,,,,,,,
2026-04-16,MATIC,,,,,,,,
2026-04-17,MATIC,,,,,,,,
2026-04-18,MATIC,,,,,,,,
2026-04-19,MATIC,,,,,,,,
2026-04-20,MATIC,,,,,,,,
2026-04-21,MATIC,,,,,,,,
2026-04-22,MATIC,,,,,,,,
2026-04-23,MATIC,,,,,,,,
2026-04-24,MATIC,,,,,,,,
2026-04-25,MATIC,,,,,,,,
2026-04-26,MATIC,,,,,,,,
2026-04-27,MATIC,,,,,,,,
2026-04-28,MATIC,,,,,,,,
2026-04-29,MATIC,,,,,,,,
2026-04-30,MATIC,,,,,,,,
2026-05-01,MATIC,,,,,,,,
2026-05-02,MATIC,,,,,,,,
2026-05-03,MATIC,,,,,,,,
2026-05-04,MATIC,,,,,,,,
2026-05-05,MATIC,,,,,,,,
2026-05-06,MATIC,,,,,,,,
2026-05-07,MATIC,,,,,,,,
2026-05-08,MATIC,,,,,,,,
2026-05-09,MATIC,,,,,,,,
2026-05-10,MATIC,,,,,,,,
2026-05-11,MATIC,,,,,,,,
2026-05-12,MATIC,,,,,,,,
2026-05-13,MATIC,,,,,,,,
2026-05-14,MATIC,,,,,,,,
2026-05-15,MATIC,,,,,,,,
2026-05-16,MATIC,,,,,,,,
2026-05-17,MATIC,,,,,,,,
2026-05-18,MATIC,,,,,,,,
2026-05-19,MATIC,,,,,,,,
2026-05-20,MATIC,,,,,,,,
2026-05-21,MATIC,,,,,,,,
2026-05-22,MATIC,,,,,,,,
2026-05-23,MATIC,,,,,,,,
2026-03-24,MSTR,0.2389652447246956,136.25,,0.0,,,,
2026-03-25,MSTR,0.26929473048038777,139.13,,0.18379487179486204,,,,
2026-03-26,MSTR,0.10044564753097791,132.93,,-0.10672931550881004,,,,
2026-03-27,MSTR,0.39133529578090775,126.03,,-0.7237468489745269,,,,
2026-03-28,MSTR,-0.04122307881522134,,,-0.5789974791796215,,,,
2026-03-29,MSTR,0.10099093386047543,,,-0.4631979833436972,,,,
2026-03-30,MSTR,0.026615457396090208,121.44,,-1.540160192651848,,,,
2026-03-31,MSTR,0.062029270872822596,124.8,,-1.546456872980725,,,,
2026-04-01,MSTR,-0.1103720075071538,122.78,,-1.587363050054306,,,,
2026-04-02,MSTR,0.046352690544283634,119.83,,-1.7035499256624678,,,,
2026-04-03,MSTR,0.17012034454543679,,,-1.362839940529974,,,,
2026-04-04,MSTR,0.1583961343458925,,,-1.0902719524239792,,,,
2026-04-05,MSTR,0.3218282218535244,,,-0.8722175619391832,,,,
2026-04-06,MSTR,0.09297111616644121,127.69,,-0.46842239313828227,,,,
2026-04-07,MSTR,0.06540925630391058,123.72,,-0.4436220678064493,,,,
2026-04-08,MSTR,0.15000786925842985,128.3,,-0.08449459717807395,,,,
2026-04-09,MSTR,0.21892793390047216,128.86,,0.20900216742018474,,,,
2026-04-10,MSTR,0.20543236443046248,128.64,,0.3957231555820191,,,,
2026-04-11,MSTR,0.05794746175272898,,,0.31657852446561563,,,,
2026-04-12,MSTR,0.04711520781889559,,,0.25326281957249286,-0.6697237943287787,,1.1443929273813251,
2026-04-13,MSTR,0.06508317781966023,132.36,,0.8005820682441325,-0.5067040659377692,,1.7189612466459245,
2026-04-14,MSTR,0.163388234862256,137.41,,1.2997022923066481,0.3086926410233509,,2.0659240425097196,
2026-04-15,MSTR,0.19262041781509293,143.54,,1.9563822539616242,0.5433147792519789,,2.38843857549038,
2026-04-16,MSTR,0.21649948037822614,148.94,,2.6263474725189693,0.7270337387496572,,2.54692728123787,
2026-04-17,MSTR,0.21681111263779923,166.52,82.61640965553336,4.040832117056468,0.7078252382017532,,2.9563621022614375,
2026-04-18,MSTR,0.3208455049482407,,82.61640965553336,3.2326656936451745,1.5219177461750486,,2.099892564499888,
2026-04-19,MSTR,0.0990282495808293,,82.61640965553336,2.5861325549161394,-0.38053055738213604,,1.5548386121089715,
2026-04-20,MSTR,0.09396325299958264,170.81,82.61640965553336,4.724266109808678,-0.41613037690804616,,2.518243216296427,
2026-04-21,MSTR,0.12371396419639566,163.97,72.16565118404347,4.50100316662168,-0.1488865400374561,,2.140969728568044,
2026-04-22,MSTR,0.08600226752063396,179.36,77.72852532731483,5.074098124353265,-0.4804159592019933,,2.192006868168783,
2026-04-23,MSTR,0.14538543686355462,172.47,70.8970913932728,4.682869755818042,0.06353233258607115,,1.8473799668915123,
2026-04-24,MSTR,0.08390761295871454,171.02,69.5124806554382,4.044225929726391,-0.5003889586772395,,1.4657934925000609,
2026-04-25,MSTR,0.23112549173918087,,69.5124806554382,3.2353807437811124,0.8666754830433957,,1.054821363613031,
2026-04-26,MSTR,0.11169220774020999,,69.5124806554382,2.5883045950248906,-0.2617282110481778,,0.7380027930105766,
2026-04-27,MSTR,0.17543879831895853,169.2,69.5124806554382,2.302681460654558,0.34591584132366504,,0.5932159740300963,
2026-04-28,MSTR,-0.0953147374268089,165.71,65.37884066247864,1.481205874136597,-2.108741713628674,,0.2036358429004271,
2026-04-29,MSTR,0.3034301672369104,158.19,58.77028814602928,0.32223950839845017,1.4965065825066728,,-0.344283819181743,
2026-04-30,MSTR,0.15327093068747116,,58.77028814602928,0.2577916067187598,0.1362818866156525,,-0.3698838548918324,
2026-05-01,MSTR,0.16771473978272408,,58.77028814602928,0.2062332853750064,0.26508804084665816,,-0.38933043391341515,
2026-05-02,MSTR,0.5398172253449619,,58.77028814602928,0.16498662830000477,3.1561209861600865,,-0.40383677215193287,
2026-05-03,MSTR,-0.04028106421221048,,58.77028814602928,0.13198930264000452,-1.4699065873279504,,-0.4143888779641185,
2026-05-04,MSTR,0.07432851933871787,,58.77028814602928,0.10559144211200433,-0.5498595110291247,,-0.4217858799031005,
2026-05-05,MSTR,0.01659823269966064,,58.77028814602928,0.08447315368960417,-0.9893238468718868,,-0.4266738497161684,
2026-05-06,MSTR,0.09316358358238315,,58.77028814602928,0.06757852295168298,-0.37042687354991144,-1.0099436021461423,-0.4295739753953769,-0.5800260226824203
2026-05-07,MSTR,0.03278420034528838,,58.77028814602928,0.054062818361344966,-0.843198023854768,-0.962539142595474,-0.43090587518685836,-0.755312714876607
2026-05-08,MSTR,0.2720462869416191,,58.77028814602928,0.04325025468907562,1.07533759310673,-0.921327393081857,-0.4310067805402465,0.02443478515606093
2026-05-09,MSTR,0.2659790294175347,,58.77028814602928,0.034600203751260494,1.00395971724144,-0.8850606714058113,-0.4301472444969444,0.007021512125749335
2026-05-10,MSTR,0.2215849801726994,,58.77028814602928,0.027680163001008395,0.6345990121395135,-0.8528177579513431,-0.42854395455212174,-0.13056890889523398
2026-05-11,MSTR,0.1116063562410392,,58.77028814602928,0.022144130400807427,-0.26001770810543395,-0.8239016105759593,-0.4263701507910972,-0.4790886116522905
2026-05-12,MSTR,0.20946634216878848,,58.77028814602928,0.01771530432064594,0.5393852777030085,-0.7977737126145727,-0.4237640755330008,-0.15070722536306863
2026-05-13,MSTR,0.22854733618699816,,58.77028814602928,0.014172243456517464,0.6876932329118398,-0.7740104943170555,-0.420835812651206,-0.08337659892574248
2026-05-14,MSTR,0.16079283216436216,,58.77028814602928,0.011337794765214682,0.12114296139306645,-0.7522735606127031,-0.41767281455925603,-0.30252672799436114
2026-05-15,MSTR,0.19426134396678132,,58.77028814602928,0.009070235812171035,0.3987861741094153,-0.7322888363075368,-0.41434436287323007,-0.18447549011046394
2026-05-16,MSTR,-0.20423723695228496,,58.77028814602928,0.007256188649737538,-2.737782785286194,-0.7138316343165961,-0.41090516464287274,-1.4325341538023182
2026-05-17,MSTR,0.14348173907502398,,58.77028814602928,0.0058049509197886096,0.0210214348241487,-0.6967157558567001,-0.4073982490792061,-0.3228256275511123
2026-05-18,MSTR,0.021126783217595743,,58.77028814602928,0.004643960735830177,-0.942629300348763,-0.6807853956655877,-0.40385729903604095,-0.7024445285499937
2026-05-19,MSTR,0.06641895505703518,,58.77028814602928,0.0037151685886627206,-0.5728326002651206,-0.6659090369192011,-0.400308526241317,-0.5489983090542038
2026-05-20,MSTR,0.24833593294171954,,58.77028814602928,0.0029721348709301765,0.8804699566442558,-0.6519747823185132,-0.39677217858257247,0.03756389438737666
2026-05-21,MSTR,0.00543007940420261,,58.77028814602928,0.0023777078967448517,-1.0624036095810772,-0.6388867382476996,-0.3932637508735761,-0.7346065905688135
2026-05-22,MSTR,0.1527881287118187,,58.77028814602928,0.001902166317396592,0.12559293265127158,-0.626562182202268,-0.38979495680664317,-0.2546699686421647
2026-05-23,MSTR,,,58.77028814602928,0.001521733053916563,,-0.6149293204441356,-0.39003784407806563,
2026-03-24,PEPE,0.4324158424827787,3.530211645798817e-06,,0.0,,,,
2026-03-25,PEPE,0.27439303092850376,3.53795873208375e-06,,4.944009480983027e-10,,,,
2026-03-26,PEPE,,3.4011199868458312e-06,,-7.955491311022316e-09,,,,
2026-03-27,PEPE,0.3421091213089724,3.279663190930001e-06,,-2.0568763713038917e-08,,,,
2026-03-28,PEPE,0.04646984678927808,3.2800000000000004e-06,,-2.731088983752615e-08,,,,
2026-03-29,PEPE,0.30372930502251255,3.270106532920356e-06,,-3.061028710769705e-08,,,,
2026-03-30,PEPE,0.2887012348921703,3.3120173695603657e-06,,-2.8203092096593954e-08,,,,
2026-03-31,PEPE,0.33662271316349507,3.401564414889049e-06,,-1.924099263540674e-08,,,,
2026-04-01,PEPE,0.5454557447493475,3.4002277837032904e-06,,-1.2396343917474537e-08,,,,
2026-04-02,PEPE,0.5534316597610712,3.3385362994495153e-06,,-1.1061132047165274e-08,,,,
2026-04-03,PEPE,0.37502860562950374,3.419725116227544e-06,,-4.105624895205587e-09,,,,
2026-04-04,PEPE,-0.0559891114752926,3.401951312132347e-06,,-2.9825044203993345e-10,,,,
2026-04-05,PEPE,0.5091961213136713,3.4897839659659693e-06,,8.076583766926351e-09,,,,
2026-04-06,PEPE,0.10095427722930908,3.3292561005367335e-06,,3.006994324409959e-09,,,,
2026-04-07,PEPE,0.39022998441333573,3.7201527212063024e-06,66.71514515294767,2.4960225780952964e-08,,,,
2026-04-08,PEPE,0.4321282037655124,3.5395344597621004e-06,55.54089765239254,2.6170379172024018e-08,,,,
2026-04-09,PEPE,0.21811863679892074,3.511449627413328e-06,54.02563271354985,2.3990414362527006e-08,,,,
2026-04-10,PEPE,0.37858592207003383,3.629928437781568e-06,59.0955385309887,2.90985367716647e-08,,,,
2026-04-11,PEPE,0.4373701558972398,3.639996973853795e-06,59.504237964005405,3.1522102947536036e-08,,,,
2026-04-12,PEPE,0.3203270545384754,3.461249737289264e-06,49.960512644431496,2.0014367190711712e-08,,,0.9724595188919395,
2026-04-13,PEPE,0.29838789587499576,3.7504060393648515e-06,60.888742522057946,3.019290973735952e-08,-0.1780388892169983,,1.3677347448698152,
2026-04-14,PEPE,0.08360910916142165,3.5698896255065162e-06,53.09322746091038,2.3388184133567944e-08,-1.4258373645554419,,0.9929123580883433,
2026-04-15,PEPE,-0.06428025454897432,3.719881216363524e-06,57.914634630279515,2.733433236547403e-08,-2.0364466706780306,,1.1222473182287562,
2026-04-16,PEPE,0.577226967291534,3.979919189082857e-06,64.69075657286895,4.477265895695337e-08,1.4604988746365186,,1.7716742556511975,
2026-04-17,PEPE,0.445648187438352,3.960410026288679e-06,63.86001551496407,5.181138460015523e-08,0.7185427444898933,,1.8841215225720418,
2026-04-18,PEPE,0.02964930829185787,3.771629702875703e-06,56.322807273116304,4.104228156530275e-08,-1.4716359951830051,,1.3474628184857882,
2026-04-19,PEPE,0.4582779841503926,3.6481564996043287e-06,51.9998195333728,2.3750314862612806e-08,0.8013713183529955,,0.6128614291784468,
2026-04-20,PEPE,0.1209120869756066,3.759863871485294e-06,55.3395871318343,1.8230960159715858e-08,-0.9830093838835359,,0.3730908903886144,
2026-04-21,PEPE,0.662247656171769,3.8109755586405315e-06,56.81998757245417,1.6471157196146284e-08,1.7864130101043416,,0.2924012442549477,
2026-04-22,PEPE,-0.11548075714138234,3.799849276287908e-06,56.38185016061509,1.3150597293683717e-08,-2.0151249187662663,,0.1456122781877054,
2026-04-23,PEPE,0.09537846305304104,3.830305308145628e-06,57.3512947253504,1.1649567693572924e-08,-0.9621666363458307,,0.07798530884270408,
2026-04-24,PEPE,0.2961017129976302,3.8691922624389615e-06,58.61604004264786,1.1879160941218704e-08,0.00988384788842099,,0.08695361883588822,
2026-04-25,PEPE,0.20492446636188483,3.851704062511346e-06,57.78610045593601,9.556633754241828e-09,-0.43124965455571684,,-0.018919340131082707,
2026-04-26,PEPE,0.015842752902284263,3.892460571143954e-06,59.23472850945947,9.451497363187994e-09,-1.3164735241525507,0.35535844532840866,-0.02345966656332104,-0.427019776031494
2026-04-27,PEPE,0.12525623172447084,3.9015134589511775e-06,59.56663530930811,8.69689709839979e-09,-0.7591507658772493,0.42321840372209596,-0.05821788962874765,-0.19416015212289525
2026-04-28,PEPE,0.3808923760365485,3.8798180676515565e-06,58.34071402916292,5.5926775258581265e-09,0.49970152167064813,0.11944891265300842,-0.20386754124995993,0.1745550200891738
2026-04-29,PEPE,0.10690056272615212,3.849794779426159e-06,56.60456724393674,6.342766406987649e-10,-0.8532472686482433,-0.30991339577288757,-0.4374404935176467,-0.5655050742464577
2026-04-30,PEPE,0.8002389441619627,3.87061312593545e-06,57.54794595090278,-1.983212893306675e-09,2.3818662540664675,-0.06621170404411925,-0.5562317431897051,0.7660134674564396
2026-05-01,PEPE,0.387945495594563,3.93045222053899e-06,60.22452968142885,-5.015182896889327e-10,0.4479621386223746,0.6191918014230772,-0.4752908477733428,0.22235514154387012
2026-05-02,PEPE,0.1956769582564632,3.998493329121149e-06,63.07534827979958,3.996369069835623e-09,-0.4533802524611569,1.3032965595825676,-0.2468517748679352,0.13558133442992698
2026-05-03,PEPE,0.3807299826651811,3.94020305118647e-06,59.16319968645543,2.077678439762245e-09,0.42391555327546904,0.27385841943866934,-0.33946601054141146,0.149883943979365
2026-05-04,PEPE,0.1316065399864223,3.980093877994272e-06,60.94827876703698,2.4987352551631627e-09,-0.7632032729488568,0.7290824917727258,-0.31378805114525077,-0.18069297699130027
2026-05-05,PEPE,0.3329517603297718,4.1118459604089924e-06,66.20303516393014,1.0220903552023218e-08,0.210819285038895,1.9517899487583474,0.08537289917682765,0.6954765683961106
2026-05-06,PEPE,0.2212720111919774,4.161589978975382e-06,67.95620662228697,1.6857599701345086e-08,-0.3330109762183934,2.153852966607025,0.4276459988120855,0.6412452991383758
2026-05-07,PEPE,0.5134796712245171,4.1529817846065195e-06,67.30554763144158,1.870371257113312e-08,1.08844809015621,1.849327074425791,0.5180334440096331,1.1455873915931112
2026-05-08,PEPE,0.18049976072928142,4.313017864477941e-06,72.56478932866561,2.8170258417058102e-08,-0.5511720820869256,2.6235760284797673,1.0009494954063192,0.8668888243310556
2026-05-09,PEPE,0.2944595834910776,4.2495205075663e-06,67.89789668540573,2.758730460631771e-08,0.017052162723805643,1.5909064385185006,0.9500187099939176,0.7690984096432476
2026-05-10,PEPE,0.26340131868693045,4.409353840024254e-06,72.66371755320085,3.492564431080644e-08,-0.13812029569489973,2.277576710621935,1.3035541717472048,1.0190911464327819
2026-05-11,PEPE,0.5353833082065917,4.341973056228771e-06,68.07545593829829,3.2264332742537553e-08,1.2158540831729052,1.3805023575782582,1.1349705955819251,1.2409835192172172
2026-05-12,PEPE,0.3294650049505755,4.141747618380413e-06,56.63193130074584,1.492357141891575e-08,0.16997481185775487,-0.6588420452140417,0.21681876197062963,-0.06461706022992166
2026-05-13,PEPE,0.32692964639466565,4.050815036915412e-06,52.32962044206119,-3.768152331973394e-09,0.15540278666452506,-1.3788222620959942,-0.7679724189547328,-0.5818772896494081
2026-05-14,PEPE,0.147650347200737,4.089573648304353e-06,53.93595448328651,-1.4041604787104659e-08,-0.7602703854887773,-1.0612676487660249,-1.2839817304214645,-1.0076829679517578
2026-05-15,PEPE,0.11227885676953941,3.909668468712178e-06,46.16062081084059,-3.242270517359134e-08,-0.9270491472343864,-2.244088029638387,-2.1379065740481407,-1.6854180399997127
2026-05-16,PEPE,0.1394836986870995,3.7600000000000004e-06,40.88066863566724,-5.291842040320203e-08,-0.7736389445988602,-2.7631809122060127,-2.8937087503928858,-2.006522476619214
2026-05-17,PEPE,0.33408099583738826,3.679206797683125e-06,38.33180386168657,-6.914904560912214e-08,0.24024692667577258,-2.7858461169309336,-3.2487014646140113,-1.7142655037931744
2026-05-18,PEPE,-0.01677682607233525,3.6905114377127816e-06,38.905782213173836,-7.582048502002725e-08,-1.5572242999783645,-2.463986993067857,-3.162327716704544,-2.3107841329230663
2026-05-19,PEPE,0.36151570725952276,3.639749194959113e-06,37.23007947949811,-7.993883732627809e-08,0.40406542892340924,-2.447462348915771,-3.0106353092222613,-1.4758031258720459
2026-05-20,PEPE,0.4101062045350176,3.7107711419047747e-06,41.055362587209075,-7.428689400693142e-08,0.650258105601091,-1.8814884399270368,-2.6089028509603076,-1.0870141450257669
2026-05-21,PEPE,0.48115382352285085,3.799995912220446e-06,45.54515325090472,-6.1476426359239e-08,1.0062308027248652,-1.3174253570781589,-2.072302134610074,-0.6144259264165237
2026-05-22,PEPE,,3.599953811898664e-06,38.47015442630695,-6.317089892144155e-08,,-2.0103093604221205,-2.0340437254299637,
2026-05-23,PEPE,,,38.47015442630695,-5.0536719137153247e-08,,-1.9072238561680264,-1.5676376000605934,
2026-03-24,POL,0.4372856398694864,0.09604050479503584,,0.0,,,,
2026-03-25,POL,0.13041963205065507,0.09801832665761319,,0.0001262199707171785,,,,
2026-03-26,POL,0.295054055215712,0.09473481345667627,,-1.111827880127425e-05,,,,
2026-03-27,POL,0.20032985904255018,0.09075375507352662,,-0.0003509405799414469,,,,
2026-03-28,POL,0.16694522598668368,0.09162395148360444,,-0.0004894663032569776,,,,
2026-03-29,POL,0.339528344142697,0.09098721592378178,,-0.0005896147691728927,,,,
2026-03-30,POL,0.2168006376822909,0.09138538913949601,,-0.0005930698539260525,,,,
2026-03-31,POL,0.4007298868041527,0.09110570131043542,,-0.0005776460614842016,,,,
2026-04-01,POL,0.14882701088258374,0.09271352573832306,,-0.0004294247003619972,,,,
2026-04-02,POL,-0.00865592650795742,0.09128939943579316,,-0.0003982516712512889,,,,
2026-04-03,POL,-0.01262381991765981,0.09231163737894767,,-0.00028504746361589185,,,,
2026-04-04,POL,0.2162184775082555,0.09269728584936564,,-0.00016633802624678137,,,,
2026-04-05,POL,0.14035557383121455,0.09071247384111449,,-0.00020129909431176613,,,,
2026-04-06,POL,0.07186764769627632,0.09010464128071913,,-0.00024241072829037438,,,,
2026-04-07,POL,0.4646919163861316,0.09288298532598496,70.08367820705678,-6.857189470873821e-05,,,,
2026-04-08,POL,0.21796043629507966,0.08867100014654733,58.514548311017016,-0.00021506938247248578,,,,
2026-04-09,POL,0.18346974995078053,0.08661179804072963,53.83558073833771,-0.000416792057034168,,,,
2026-04-10,POL,-0.10475450740504699,0.08566511140486512,51.78543033041254,-0.00057060608119992,,,,
2026-04-11,POL,0.18814536525665207,0.08558976204098738,51.616943239847984,-0.0006294214703536391,,,,
2026-04-12,POL,0.23023221697251456,0.08189407442397668,44.0472513611454,-0.000855217306318825,0.23286568344724332,,-2.004172888004649,
2026-04-13,POL,0.1005190784236783,0.08572869302308164,51.92522905457621,-0.0006913208967874967,-0.6315111337403663,,-1.2681010459847326,
2026-04-14,POL,0.16559210961162182,0.08267773385416778,46.33532402032708,-0.0007296104850120968,-0.17618519186713746,,-1.3237384188351577,
2026-04-15,POL,0.09325770861205779,0.08522238255993143,51.06689050079656,-0.0005338575840691234,-0.6681080640297286,,-0.5636672020588974,
2026-04-16,POL,0.13961368568917193,0.09073912398544057,59.420315499887614,-1.0784292160136155e-05,-0.32728146940545094,,1.3639127250647987,
2026-04-17,POL,0.2449030633118802,0.09058270976421755,59.11219743695312,0.0003280037529919291,0.4344563991796143,,2.2805441982374575,
2026-04-18,POL,0.11539122435466521,0.08952932843867363,56.96970053031714,0.0004755356145072303,-0.5189214260841767,,2.384736249693383,
2026-04-19,POL,0.0807510879418798,0.0876301496473541,53.224141187759635,0.000440397281216427,-0.758303878385307,,2.0425613900601682,
2026-04-20,POL,0.0747040122724371,0.09302855298129344,61.06099516113113,0.0007573177064898074,-0.7811841910221317,,2.511006300717311,
2026-04-21,POL,0.19770468939528554,0.09356497914614022,61.746825624681414,0.0009662821440316405,0.16136740605403768,,2.5870139728933927,
2026-04-22,POL,-0.011070639114877254,0.09329811676690247,61.16962100590035,0.0010431612480850734,-1.3967610361864493,,2.413784760073732,
2026-04-23,POL,0.17700982092993178,0.09441001183039796,62.73278047374219,0.0011188331978271788,0.046889624034327906,,2.2862424309045184,
2026-04-24,POL,0.1454090590559446,0.09178395201648043,56.906163636378864,0.000948684083079094,-0.19676082636622963,,1.8311567880771715,
2026-04-25,POL,0.2721504703967366,0.09195366125946015,57.18293704461358,0.0008096357920676229,0.788898381942442,,1.5043127270626064,
2026-04-26,POL,0.266666887155265,0.0923693112013723,57.896180200743174,0.0007112200731333785,0.7283277237813452,0.26001962440089676,1.2811282046408095,0.7536754382250499
2026-04-27,POL,0.10388717253110126,0.09236644223945382,57.88901219043202,0.000615101264686484,-0.5689835340896693,0.2524833586497317,1.081735204845853,0.1726721554128077
2026-04-28,POL,0.08942957809104182,0.09197644010407881,56.85845837617359,0.0004993529470813743,-0.6725058004765175,0.07535836935690278,0.863100642182918,0.012535383271339157
2026-04-29,POL,0.33746211562751055,0.09295085366614735,58.83047863611792,0.00046330464740845323,1.3057448390138136,0.40886507954310497,0.7839633581494947,0.8801464669133052
2026-04-30,POL,0.3759666101134876,0.09526897018651545,63.146388722869375,0.0005637965050205713,1.542864887901771,1.1193221598314609,0.9327009246970628,1.2327528805192656
2026-05-01,POL,0.26763169307148926,0.09564377527004929,63.80704491280351,0.000619298536517409,0.6712026601568899,1.1751587019856624,1.0013745676253085,0.9214410449460473
2026-05-02,POL,-0.28964563931127574,0.09739693814398197,66.80464853480414,0.0007302443758513337,-3.1933813699521902,1.578830249054709,1.1565571358014974,-0.45673633252401435
2026-05-03,POL,0.16207667079776633,0.09547752794818809,60.861419663009016,0.0006340859474298795,-0.06617285011080296,0.5607727625170891,0.968381396218785,0.432277107576441
2026-05-04,POL,,0.0974289604226545,64.33537220730364,0.0006587422860530286,,1.1084298114071476,0.9865476083947028,
2026-05-05,POL,0.20322300752520217,0.09805997896566006,65.40469602637918,0.0006720633147775682,0.2194874564176338,1.2327379562056562,0.9859273661170017,0.7533945792638509
2026-05-06,POL,0.3269188662522927,0.09916736778271457,67.25991041358324,0.0007064503502845507,1.0689687711244236,1.4612243490791137,1.0202379276456033,1.1720261914671846
2026-05-07,POL,0.27871443855501243,0.09861669386532139,65.38225495543224,0.0006448146920791779,0.7153102623133057,1.1093620790277263,0.8963643701369828,0.887842039674735
2026-05-08,POL,0.3085339046104079,0.10183210527787867,70.5517268440291,0.0007650980171543744,0.908563522164185,1.8183637383691629,1.0762481535168211,1.2318089764314692
2026-05-09,POL,0.44128619091165255,0.10107224120832198,67.96863415978432,0.0007376625784896009,1.7688254004286272,1.3496862546926531,1.0070297013699614,1.4145449469902354
2026-05-10,POL,0.18807508665130881,0.1044906724516475,72.79440026499914,0.0008840458549086083,0.009050351446757742,1.9422703548764058,1.2239322904755932,0.9534809341843027
2026-05-11,POL,0.12542452989178285,0.10319625936351587,68.58106730763403,0.0008289240467798933,-0.4258876575841272,1.2685935959801742,1.1043046605101514,0.5415144139134468
2026-05-12,POL,0.6001955736397611,0.09870192645418263,56.37925898862385,0.0004442916387558441,2.6786595522342163,-0.5090870605844466,0.44698764720098794,1.052833996878649
2026-05-13,POL,0.19207857671068052,0.09610377376736522,50.75712621101989,-6.711401735411387e-06,-0.012359924195027936,-1.2915156318018384,-0.32028985529794285,-0.4884856158079456
2026-05-14,POL,0.5011101597807769,0.09447019318909093,47.546700020913065,-0.0004140999090214894,1.9468346225353907,-1.6703753632541671,-1.0028999651806139,-0.023248749516277922
2026-05-15,POL,0.07121263926555635,0.09089709205521998,41.38132513473555,-0.0008956275464470239,-0.8188518778152447,-2.3264481947426625,-1.7600402189909505,-1.5534872752461817
2026-05-16,POL,0.294570554494001,0.09108728751235472,41.81383731254298,-0.0011561755668536577,0.6214093174541089,-2.1061230563035305,-2.0863738549760273,-1.0091853464022238
2026-05-17,POL,0.18214085737480226,0.0907961405778939,41.3113461182209,-0.0012926424755754571,-0.11098530804480312,-2.027949626321021,-2.1829397439144382,-1.3076609342885588
2026-05-18,POL,0.14221053444365547,0.09086627042418183,41.49372988918615,-0.001318181892672215,-0.3701001384970662,-1.8916147592075843,-2.1106512441032472,-1.348719856392076
2026-05-19,POL,0.12287702928279276,0.08945731726297132,38.87957168587877,-0.001364242507551738,-0.4929413647094272,-2.058788726651612,-2.075356691847588,-1.4374201714335308
2026-05-20,POL,0.11303508259899515,0.09098476090001559,43.06717420511469,-0.0012302474697573837,-0.552356850709371,-1.5247263298114726,-1.8072449733371865,-1.2205341312283462
2026-05-21,POL,0.11884608925159161,0.0915,44.449763774608705,-0.001052213824445942,-0.5077327984654545,-1.32828081289501,-1.5070377689144563,-1.0536886939290215
2026-05-22,POL,0.005771953496781764,0.0903,41.897775813972274,-0.0009629747950890917,-1.2453464820444,-1.547619790377611,-1.347127663673705,-1.3665628290331546
2026-05-23,POL,,,41.897775813972274,-0.0007703798360712734,,-1.4930347812048856,-1.0469160641178739,
2026-03-24,POPCAT,0.28807353373445,0.05151019678151959,,0.0,,,,
2026-03-25,POPCAT,0.20101318172479846,0.053386507100799015,,0.00011974174117339031,,,,
2026-03-26,POPCAT,0.7596779659444466,0.05007465709270949,,-2.3110961258490108e-05,,,,
2026-03-27,POPCAT,0.1920976485806207,0.04730237541664939,,-0.0002885775339523229,,,,
2026-03-28,POPCAT,0.2527868009108305,0.04682738588552166,,-0.00046971436432825364,,,,
2026-03-29,POPCAT,0.2121869381559547,0.046087424476646176,,-0.0006043387661606855,,,,
2026-03-30,POPCAT,0.16123133058567996,0.04692057809760146,,-0.0006009829088637001,,,,
2026-03-31,POPCAT,0.5977129886344075,0.04796781246041058,,-0.0004962877234219126,,,,
2026-04-01,POPCAT,0.12246029464916793,0.04791153481759785,,-0.0004028557230726275,,,,
2026-04-02,POPCAT,0.39940607708651416,0.046695995078669866,,-0.0003944443378267582,,,,
2026-04-03,POPCAT,0.5280972188781325,0.04809107316578246,,-0.0002722606165059797,,,,
2026-04-04,POPCAT,0.15922013548238204,0.04831487163816928,,-0.00015929946331190003,,,,
2026-04-05,POPCAT,0.06833539228735493,0.048767635372663244,,-4.306534363576406e-05,,,,
2026-04-06,POPCAT,0.21045450634274424,0.047403990093549966,,-4.669380175416338e-05,,,,
2026-04-07,POPCAT,0.3470729077380896,0.051319615201675356,75.70961335911615,0.00021175753565487194,,,,
2026-04-08,POPCAT,0.34318278462180696,0.05078004421677339,73.75841457907482,0.00033612412062907567,,,,
2026-04-09,POPCAT,0.6013180110656966,0.05049589384905255,72.69587630805124,0.000385463730757601,,,,
2026-04-10,POPCAT,0.031842659477442505,0.05229190194368312,75.13414292320135,0.0005170637262982322,,,,
2026-04-11,POPCAT,0.0951726662197189,0.052113490152985026,74.42315702928562,0.0005661428912414701,,,,
2026-04-12,POPCAT,0.20409921597627925,0.049593222984207805,65.05767943815457,0.0004101846939387159,-0.4287391101238752,,1.255370258227091,
2026-04-13,POPCAT,0.22167864848095922,0.05358681093019254,71.23485286184336,0.0005486527586067958,-0.3309978624008866,,1.4904510267739741,
2026-04-14,POPCAT,0.31658190757806415,0.050212312906985856,61.36345877719619,0.00039293825155670446,0.15699513888903727,,1.0388431179367823,
2026-04-15,POPCAT,0.26932222302692244,0.05286551725656129,65.42084659354003,0.00044477691744335926,-0.091720650129108,,1.1123233675964352,
2026-04-16,POPCAT,0.23214083646200595,0.06083192996354835,74.18631411883857,0.0009620512308110237,-0.28711106383778184,,2.1185483101956324,
2026-04-17,POPCAT,0.20884546018013964,0.06297990545080294,75.95608526623228,0.0013704234369798303,-0.406648071728113,,2.5459824365733548,
2026-04-18,POPCAT,0.5114336298228449,0.06139475627101905,72.03131761405297,0.001447767599078831,1.2343163899564185,,2.3315922775049422,
2026-04-19,POPCAT,0.2256422933846262,0.05893443211960794,66.30464682899162,0.001254423910118885,-0.35020000041979293,,1.8156594225180929,
2026-04-20,POPCAT,0.3171098395404531,0.060188714124193236,67.71388436030014,0.0011357521169142659,0.1650692692988978,,1.5136560910183208,
2026-04-21,POPCAT,0.18917933077234778,0.060292204477548524,67.83342302428655,0.0009940747492938485,-0.5603360514559272,,1.2215694673640534,
2026-04-22,POPCAT,0.11134664208974894,0.05971064406951489,66.34682888598022,0.0007994208584204032,-0.9813239057854674,,0.8745212190017132,
2026-04-23,POPCAT,0.16462709234945477,0.06005355320499889,66.8087220799161,0.0006389418324029977,-0.6545847647616111,,0.5962532949805229,
2026-04-24,POPCAT,0.03781998905003071,0.06040166435699961,67.29939815135234,0.0005071712281835951,-1.3393631305663038,,0.36971707291190714,
2026-04-25,POPCAT,-0.14558323341199247,0.05918649022798585,63.75617564537479,0.0002993809790523029,-2.180997322619628,,0.01766708503570648,
2026-04-26,POPCAT,0.25909200416564937,0.06224291690813749,68.27977064095857,0.00032675703204483033,0.01858232728302829,-0.2909672006478365,0.06382141742287055,-0.060710804054278464
2026-04-27,POPCAT,0.378881379587911,0.06350287999922254,69.94507591603988,0.00038470481458565764,0.6658537172526809,0.08385332733135338,0.1626645971324457,0.3402968642402121
2026-04-28,POPCAT,-0.2042491529471567,0.060898361310288175,62.62584459531981,0.00021127762726258666,-2.3323445298884593,-1.4896098272398852,-0.14267072296449615,-1.4226219770166981
2026-04-29,POPCAT,0.08131426202006833,0.058888606531315064,57.61570864810886,-6.0604670151636134e-05,-0.8345832997779402,-2.234459774503645,-0.6196077926665746,-1.190053590062242
2026-04-30,POPCAT,-0.2561130922948569,0.05571691852331505,50.719604018433145,-0.00045395793777016236,-2.3507074644276713,-2.82869135779448,-1.2850743184266429,-2.174412688637405
2026-05-01,POPCAT,0.09038033142616972,0.05819501576207615,55.228565363670185,-0.0005412358704687463,-0.6587025466431984,-1.885673643170018,-1.386223981305282,-1.2450503059998692
2026-05-02,POPCAT,0.11483122227800391,0.060500962945236866,58.98884401943332,-0.0004418490877970637,-0.5307027690971879,-1.2415608054342715,-1.1734742232635165,-0.9367916162482116
2026-05-03,POPCAT,,0.06011739696662507,58.11450676856396,-0.00040130588054748803,,-1.3029872724370068,-1.0726824469400955,
2026-05-04,POPCAT,0.07894189003544859,0.06024127923136263,58.32933594219598,-0.00036647120962498116,-0.6948115844465789,-1.2130413719232505,-0.98737934678362,-0.9380508493906927
2026-05-05,POPCAT,0.1290859909594059,0.06211805746878226,61.54705236050135,-0.00022433964178265918,-0.43976107134807374,-0.7178641737354333,-0.724418958658724,-0.6085893682574767
2026-05-06,POPCAT,0.18710335088396446,0.07048282611242086,71.94509869646647,0.00039215247673428074,-0.14731566089291853,0.8099890465245332,0.36081234875147933,0.29231415422563634
2026-05-07,POPCAT,0.5052319940392316,0.0686981507380463,67.73652436980444,0.0006250394618689398,1.4143392279064173,0.1757279371084637,0.7630530853107916,0.8473699978883436
2026-05-08,POPCAT,0.5150353873392567,0.06955843876568582,68.68739688309623,0.0007726526543114175,1.413435333490297,0.31532681765916065,1.0052062466184883,0.9615340526794134
2026-05-09,POPCAT,-0.06875271628110668,0.06798036771224678,64.90837639190076,0.0007017083462614935,-1.423893660021759,-0.2652469161236194,0.861575480466947,-0.39065889470570536
2026-05-10,POPCAT,0.22580269096004776,0.07222879717469129,69.73582414894257,0.0008677297648171929,0.01476917290364712,0.4841058604725822,1.1321759005654901,0.4907921974728805
2026-05-11,POPCAT,0.12763496177121997,0.07076947869155037,66.35891223031227,0.0008073407217171697,-0.4641427168597314,-0.05179640305099713,1.0027513084057151,0.09962938486252282
2026-05-12,POPCAT,0.24364793906832738,0.06679591011651592,58.10778259089721,0.00044591402104735044,0.11248889443509065,-1.3280785614971495,0.351139060461806,-0.2480862925365668
2026-05-13,POPCAT,0.22321831440630371,0.06349732111824838,52.29472997035625,-4.3191374979445214e-05,0.00958355991732343,-2.0823516677972163,-0.526622769942739,-0.7788589073550573
2026-05-14,POPCAT,0.4483598624225758,0.06379568460033802,52.755120982596985,-0.00035703604460069795,1.1282412291417718,-1.8861272507274562,-1.0752106696476469,-0.4371048844558222
2026-05-15,POPCAT,0.3207190381361451,0.06000296534191463,46.59875405638303,-0.0008048480157078668,0.47558773725966463,-2.5040920016278885,-1.8106882802242803,-1.1041989896517848
2026-05-16,POPCAT,0.07798610390751808,0.05800036219401376,43.699005709593855,-0.0011970776129411479,-0.7529430208013516,-2.59346797287165,-2.3489231954880263,-1.7838945588284434
2026-05-17,POPCAT,0.24983668155167918,0.05619937927511865,41.21506418392776,-0.0015183126174068149,0.12728456598730328,-2.6047801522778777,-2.6680865820845288,-1.5309461939138005
2026-05-18,POPCAT,0.07641955993390427,0.0571010004569161,42.9630007860071,-0.0016022754952614245,-0.7594706611120126,-2.225780389029531,-2.597827768989868,-1.7508707118506246
2026-05-19,POPCAT,0.348606597587413,0.05570645547513889,40.93553647036133,-0.0016760033784177582,0.6468982633339333,-2.2609233469948746,-2.524850081515242,-1.1769727232194616
2026-05-20,POPCAT,0.23513758238531648,0.05689999999999999,43.397518421739235,-0.0015704654509326958,0.0535626603504914,-1.8998550986476397,-2.245684244851721,-1.2222367389096116
2026-05-21,POPCAT,0.2071908062375337,0.05779999999999999,45.25073205155825,-0.0013732535762133306,-0.09296989872971423,-1.6438608773941341,-1.8957753107808712,-1.0990788159443872
2026-05-22,POPCAT,,0.0535,38.72676365965583,-0.0014576423489079827,,-2.1313418347417867,-1.9274912829568724,
2026-05-23,POPCAT,,,38.72676365965583,-0.0011661138791263861,,-2.0119934551151633,-1.4914426201864606,
2026-03-24,SHIB,0.3608962108420745,6.199846366588788e-06,,0.0,,,,
2026-03-25,SHIB,0.20498449266867028,6.123223443448483e-06,,-4.889895949694724e-09,,,,
2026-03-26,SHIB,-0.03139105049758464,5.917543897154621e-06,,-2.081329464964082e-08,,,,
2026-03-27,SHIB,0.24086116385604775,5.772682963986614e-06,,-3.8888808732030394e-08,,,,
2026-03-28,SHIB,-0.000611628998506956,5.82990868897126e-06,,-4.438034485264361e-08,,,,
2026-03-29,SHIB,0.06695088163214999,5.783379008049393e-06,,-4.8216887811472666e-08,,,,
2026-03-30,SHIB,0.25487296554123823,5.922325146024252e-06,,-3.886846570029847e-08,,,,
2026-03-31,SHIB,0.3121000264175769,5.941056736492206e-06,,-2.9329245136245884e-08,,,,
2026-04-01,SHIB,0.2963545580155292,6.003949431459981e-06,,-1.728539169994303e-08,,,,
2026-04-02,SHIB,0.3438169055916059,5.860769518023676e-06,,-1.741471714177143e-08,,,,
2026-04-03,SHIB,0.2572029954805594,5.984000009873924e-06,,-8.125794472282156e-09,,,,
2026-04-04,SHIB,0.23636164167046192,5.982055407885496e-06,,-1.3904987516169037e-09,,,,
2026-04-05,SHIB,0.1959245172036398,5.993804105608026e-06,,4.268201363707805e-09,,,,
2026-04-06,SHIB,0.3202740681698546,5.834137100515324e-06,,-1.9936039894839444e-09,,,,
2026-04-07,SHIB,0.1031340298941641,6.138258110725371e-06,40.333257853179354,1.4203714421992642e-08,,,,
2026-04-08,SHIB,0.01848257552698877,5.939925208953181e-06,34.96755499484236,1.1531078330665375e-08,,,,
2026-04-09,SHIB,0.11411831292706232,5.910136814831105e-06,34.23097554080995,7.901059396494973e-09,,,,
2026-04-10,SHIB,0.04554114613301224,5.966770618085716e-06,36.95023786996955,9.358517660852213e-09,,,,
2026-04-11,SHIB,0.14264208738207995,5.95e-06,36.469380674715936,9.22247706327283e-09,,,,
2026-04-12,SHIB,0.05572426868651859,5.762265320753751e-06,31.523797316356436,-2.8367531476313095e-09,-0.9797416731791475,,0.4049072563279585,
2026-04-13,SHIB,0.08542537763946588,6.0046630791514875e-06,42.38743192967635,5.7194699938640775e-09,-0.7129930180811995,,0.8017309165128549,
2026-04-14,SHIB,0.3327027007383277,5.829963694281108e-06,37.74026868092408,1.1732745593934174e-10,1.2323116050093015,,0.5033793732053744,
2026-04-15,SHIB,-0.023603719686497517,5.964461450249722e-06,42.92805241038297,5.6666409466592335e-09,-1.5154462564468063,,0.7623187118363102,
2026-04-16,SHIB,0.3956613622218371,6.270649959476841e-06,52.60920653152579,2.8858554204630902e-08,1.610446481264677,,1.7851233446667152,
2026-04-17,SHIB,0.1896010473249066,6.313508593765512e-06,53.790797166830096,4.50218768724721e-08,0.06784085898381799,,2.238799293400836,
2026-04-18,SHIB,-0.06217563310473094,6.070685569767451e-06,46.6882109909873,3.759835705017707e-08,-1.707138318152217,,1.7496605720662117,
2026-04-19,SHIB,0.242314870466951,5.907553275437668e-06,42.6169780961415,2.0780196418279525e-08,0.5065661213934408,,0.997279651503752,
2026-04-20,SHIB,0.08396897910976604,6.008071757331562e-06,45.755772726725965,1.5733507033647774e-08,-0.6507613039629436,,0.761163732901905,
2026-04-21,SHIB,-0.07595296464537582,6.099999999999998e-06,48.528662826288766,1.7745434728212996e-08,-1.7164843317462253,,0.8224092484247301,
2026-04-22,SHIB,0.006207331834811101,6.110528066448277e-06,48.85114033399613,1.884088376958609e-08,-1.0828910420639428,,0.8444032615039821,
2026-04-23,SHIB,0.2291268374073242,6.157604494844709e-06,50.349101859903975,2.1593965388050658e-08,0.5067389018661163,,0.9337149792803762,
2026-04-24,SHIB,0.14705605499978092,6.202993823582182e-06,51.81437024583913,2.5084814130473497e-08,-0.0883627337644547,,1.0483452959870618,
2026-04-25,SHIB,-0.028572227393081174,6.1693512088257654e-06,50.62189563653555,2.3754277587547667e-08,-1.3260040611299437,,0.9616542440760549,
2026-04-26,SHIB,-0.28667419162206353,6.217957909215628e-06,52.328939995779315,2.4666357417328966e-08,-2.759963290945841,1.1759602762312231,0.9719795680296823,-0.45960336310006483
2026-04-27,SHIB,-0.032002698904978304,6.1377251851944244e-06,49.29929867798168,1.86578023194335e-08,-1.0790272109418364,0.7174324284650272,0.697417089028484,-0.0071560291286812405
2026-04-28,SHIB,0.24880649033982172,6.137028207767037e-06,49.27261125031443,1.3659766342786325e-08,0.7149162338417381,0.6896403567146984,0.4719271152401473,0.6344367351231489
2026-04-29,SHIB,0.12393166311497333,6.159002304048533e-06,50.18814774122523,1.0972791068846141e-08,-0.09399085158675022,0.7938572939230472,0.3484407639151754,0.30509307671676666
2026-04-30,SHIB,0.18428342044273213,6.221735016324036e-06,52.806814125189675,1.2451309997317251e-08,0.298795178216621,1.1219815376207058,0.40800644211735326,0.578514465208066
2026-05-01,SHIB,0.0044107436309879094,6.2724628212993484e-06,54.87277821448589,1.5668669395089608e-08,-0.8788357590844703,1.3406917994092369,0.5438098302214356,0.21381618525541363
2026-05-02,SHIB,0.08352070196370281,6.270773446628899e-06,54.78676133335748,1.642638700011612e-08,-0.34552443332033755,1.2598408057420676,0.5687420690169598,0.41036508909957314
2026-05-03,SHIB,0.020300134676694864,6.167859182502246e-06,49.677898567346396,9.10535294771898e-09,-0.7578210083551497,0.5251489757715442,0.2300012751752004,-0.07658332805803653
2026-05-04,SHIB,0.31468832242009115,6.189955636235946e-06,50.74002085392952,5.061633595163427e-09,1.2048365249686404,0.6600599282601293,0.041795066405553846,0.6924911083871611
2026-05-05,SHIB,0.16558378796137319,6.349929308115508e-06,57.70080921504792,1.2071515523643906e-08,0.19587641262532493,1.564365988736487,0.36639314425641184,0.6575783049479995
2026-05-06,SHIB,0.1883522594861531,6.4064059425228226e-06,59.85743269003758,1.9009658428039973e-08,0.3469570078519323,1.7358882231018646,0.6842596939315686,0.8648271782508029
2026-05-07,SHIB,0.2263657019881942,6.274689706234856e-06,53.06249992292293,1.348577157444133e-08,0.6000917874232231,0.7952192712536036,0.41489876799422326,0.6030721267436373
2026-05-08,SHIB,0.3095036147927245,6.4502473215666995e-06,59.638989718266934,2.0019259736147496e-08,1.1478302086521504,1.5924367976626776,0.7180127306111009,1.1522669419429936
2026-05-09,SHIB,0.04869876223514345,6.369975622292014e-06,55.789906538795655,1.739552358507813e-08,-0.6479582740319247,1.0479862222762149,0.582386299808532,0.2299284470126541
2026-05-10,SHIB,-0.0654662616209127,6.602848056785495e-06,63.20840405518769,2.9114236362522545e-08,-1.3979404280792949,1.8844693737555462,1.127085141587723,0.3442901833712628
2026-05-11,SHIB,0.14502174080413366,6.599843719622136e-06,63.061385111471566,3.4088742231034787e-08,0.05212442749433178,1.7522266680319127,1.329801308187974,0.9454581638636987
2026-05-12,SHIB,0.2011807149888637,6.4189265496827765e-06,54.79599941338338,2.3143661558484728e-08,0.43799203416411725,0.726092678156598,0.7884444276917922,0.6295579454201639
2026-05-13,SHIB,0.1514208628664621,6.275891393291394e-06,49.294902183461026,5.159044189550516e-09,0.08769608675714853,0.048472754335421635,-0.08215737387526405,0.024973048840906693
2026-05-14,SHIB,0.03918729128451863,6.359261456377749e-06,52.30073078377361,-1.8581413636200453e-09,-0.6982555379218104,0.4171372513357954,-0.42081132248405484,-0.280404436513202
2026-05-15,SHIB,0.10540035242203337,6.125119315255239e-06,44.34917249210208,-2.189195269325956e-08,-0.22402718258842008,-0.5765173212032819,-1.3702656502994208,-0.6736457644861789
2026-05-16,SHIB,-0.009082014589414303,5.860039099549441e-06,37.41394910862756,-5.095862684588823e-08,-1.0275465994203692,-1.403877369354489,-2.5826419784806722,-1.6069744441186962
2026-05-17,SHIB,0.05397635163138619,5.7410424587812806e-06,34.78428609776674,-7.472434383774661e-08,-0.5673127473706335,-1.6524234007603846,-3.2594656254578296,-1.7004918068137176
2026-05-18,SHIB,-0.18880506536538502,5.7471043403551114e-06,35.03478444203574,-8.577043079100056e-08,-2.1979509069406618,-1.553663214320732,-3.295044529039287,-2.33379268578427
2026-05-19,SHIB,-0.02860637270657435,5.685119851045278e-06,33.61304275404966,-9.241211818507336e-08,-1.061374236103143,-1.6477605334788994,-3.17538519792642,-1.871493413862853
2026-05-20,SHIB,0.024176590845047374,5.7753456578554875e-06,37.58360801684946,-8.602071361701749e-08,-0.6853060600057975,-1.1485484825863592,-2.729590360530154,-1.437564076937273
2026-05-21,SHIB,0.3487915054581024,5.84e-06,40.33735287668137,-7.323132001762895e-08,1.5377657044910586,-0.8103490305195903,-2.199339736390903,-0.28780034827672446
2026-05-22,SHIB,0.0024276168474720583,5.6506956892980284e-06,35.41114734790422,-7.314237092844588e-08,-0.841269273507169,-1.3467560677322845,-2.0945262948986585,-1.3688924181921505
2026-05-23,SHIB,,,35.41114734790422,-5.851389674275669e-08,,-1.307134215700611,-1.58946970228702,
2026-03-24,SOL,0.18517918021472546,90.76866922831088,,0.0,,,,
2026-03-25,SOL,0.17237695745165246,91.68764326549108,,0.058646776161924666,,,,
2026-03-26,SOL,0.08873498551489732,86.48236978876282,,-0.23999098231498464,,,,
2026-03-27,SOL,0.152795002544034,83.07068209361495,,-0.6319032381460993,,,,
2026-03-28,SOL,0.14402378017882703,82.02360283013559,,-0.9093894325832748,,,,
2026-03-29,SOL,0.18853382223799717,81.39911156580304,,-1.0715680423729905,,,,
2026-03-30,SOL,0.17446284235351228,82.48692228647884,,-1.0412549885141196,,,,
2026-03-31,SOL,0.1360652754617174,83.13332586761415,,-0.9176772911316053,,,,
2026-04-01,SOL,0.12020151440972626,81.16757666079867,,-0.9067311854124411,,,,
2026-04-02,SOL,0.10912008352835273,78.94365585384958,,-0.9813634768608845,,,,
2026-04-03,SOL,0.0827320013921286,80.38669581160714,,-0.8694687064953821,,,,
2026-04-04,SOL,0.06671571150465806,80.82889682140632,,-0.7084176046333703,,,,
2026-04-05,SOL,0.09310234302026939,81.8589269099667,,-0.4858703258399504,,,,
2026-04-06,SOL,0.09501614744054948,80.03329668528117,,-0.41757890391526997,,,,
2026-04-07,SOL,0.23647743708475166,85.56062522073809,60.52705368332017,0.020648383182606533,,,,
2026-04-08,SOL,0.21033522065924856,82.57745622324643,53.02206597497437,0.12460457287565108,,,,
2026-04-09,SOL,0.1068298087741306,83.34144454983954,54.57547005814393,0.252447386733329,,,,
2026-04-10,SOL,0.1072774983177589,84.83995066359795,57.54109227166483,0.4348599728541154,,,,
2026-04-11,SOL,0.06151961117281188,84.95568722522738,57.77041071336943,0.5526772095939709,,,,
2026-04-12,SOL,0.13086911909584037,81.54029843961105,49.307206536424445,0.39722332506375246,-0.04601654329331993,,1.3768559360680486,
2026-04-13,SOL,0.06688482529980698,86.55614090744389,58.843083100023314,0.615793674758996,-1.266998618697733,,1.6083619519233896,
2026-04-14,SOL,0.24280532039030187,83.75755573978753,52.86747275873875,0.5572353153957059,1.9866891044100201,,1.40071602504679,
2026-04-15,SOL,0.13467170832540878,84.91477378879561,54.90667573827445,0.5792278438397416,-0.0076178145723636214,,1.3454587694352071,
2026-04-16,SOL,0.3402134219688258,89.09242145221103,61.39950391576887,0.8419918078447233,2.951248494119901,,1.6313230610675968,
2026-04-17,SOL,0.21807127068364618,88.81844115264097,60.78139567190432,0.9558805555208456,1.0685040993506978,,1.664804270403743,
2026-04-18,SOL,0.1542897407393566,86.1918219676129,55.058849980811566,0.8181684028315288,0.11278269796248577,,1.3733547777229325,
2026-04-19,SOL,0.1972452170483276,83.48508409076754,49.850264029353106,0.5229990196867198,0.745821828714465,,0.9065076760066301,
2026-04-20,SOL,0.13547448141464402,85.30710648383618,53.06871805532787,0.432434641613052,-0.20068507292494253,,0.7510583035798434,
2026-04-21,SOL,0.17321030515266855,86.05654603959876,54.36600118522238,0.4054249142609214,0.3828110609721508,,0.6926964174837585,
2026-04-22,SOL,0.24019967853476407,86.90296090679666,55.85033347678091,0.4249305976972908,1.376006785395837,,0.7039875312249535,
2026-04-23,SOL,0.2118827573875559,86.15525945134696,54.17398981443439,0.36986743695354696,0.905589756611598,,0.6068906548699073,
2026-04-24,SOL,0.23255277021771245,86.21518047130586,54.29239246659894,0.32165004811192166,1.1823247044712424,,0.5225182830008396,
2026-04-25,SOL,0.21681008635005608,86.18607118931622,54.21910348366269,0.27383628027034923,0.9111010943320665,,0.4403924883235753,
2026-04-26,SOL,0.1953738876571737,86.94350533039238,55.88772277445359,0.2783532064480062,0.5656897779343629,0.1436437973723713,0.4397230884262687,0.4012859769133372
2026-04-27,SOL,0.1348906918655783,84.80467793035824,50.311318960779865,0.12996614446765584,-0.3810725406668702,-1.4328170482676794,0.20090440608204999,-0.5220028089224369
2026-04-28,SOL,0.11649783559430323,83.99571113795872,48.3464133139799,-0.021907102010950502,-0.6611413029484348,-1.8015973878099492,-0.04336772837181044,-0.8179460560339017
2026-04-29,SOL,0.2310797061259747,83.02724205699077,46.028777530711245,-0.17813310756856213,1.1444876843484857,-2.120423014377663,-0.2946076614052378,-0.2667141289954758
2026-04-30,SOL,0.31294974100196193,83.05434811558787,46.106649544695486,-0.26495643188060797,2.2471270504040692,-1.8853170131322627,-0.4317011958081395,0.2037453574795071
2026-05-01,SOL,0.1798831733545603,83.75448125808447,48.18617275295096,-0.2601731725282225,0.24149573369515853,-1.317034972846941,-0.41737929984340016,-0.42372598832903896
2026-05-02,SOL,0.31724218384840813,84.25911890377843,49.692923313471184,-0.21010650621362548,2.1598644317558753,-0.9337448639056716,-0.32802718486428506,0.48541415807136323
2026-05-03,SOL,0.15335821716006534,83.90619548322515,48.627881745345576,-0.18853032368099754,-0.20713140670792912,-1.1289920829950717,-0.2872666762269713,-0.5077301904497845
2026-05-04,SOL,0.28771399328416913,84.09141295504573,49.24271388427717,-0.15116989027233446,1.6764918659789945,-0.9534827388809631,-0.21976350594367633,0.31862287294420605
2026-05-05,SOL,0.21478875390608135,86.27871018999767,55.94783839338831,0.022237910157304697,0.624350608082491,0.5755353088144042,0.08345089664026857,0.4474361048693982
2026-05-06,SOL,0.26837466523372033,89.1473109007369,62.87455073850044,0.31525575259898064,1.3497222356835021,1.9941981773448618,0.5943858854031533,1.3164641130978054
2026-05-07,SOL,0.1949551089327032,88.40916790029578,60.24932182368763,0.436989883385952,0.30038297122270174,1.351101472303595,0.797310181470081,0.7646766846211834
2026-05-08,SOL,0.16159461253565935,92.00986006075472,67.39990307842538,0.7208835330531006,-0.1777703469475985,2.530114020625851,1.2693238299354694,1.0687232163893567
2026-05-09,SOL,0.09910476462955974,93.12655405490851,69.24751152357895,0.9313674540823084,-1.0620546247840306,2.5353909422448986,1.5815044073505546,0.8102467549650236
2026-05-10,SOL,0.21208086777372304,96.43664742936079,73.95882839530458,1.2226605138811257,0.5709733853002255,2.862099030697813,1.9801517399672366,1.681064585319605
2026-05-11,SOL,0.2559216796198725,97.35587059794133,75.09968809196567,1.3939666711340482,1.1822214862391063,2.6565884151631822,2.135672306734631,1.9105668110649865
2026-05-12,SOL,0.24511804521189984,94.2775193451393,64.85299659293841,1.222794218046689,1.0040841064741086,1.189867971842573,1.7774873910347682,1.2918402514528458
2026-05-13,SOL,0.19593750527982065,91.13709617813109,56.39883840602398,0.8391876698291316,0.2850401493314438,0.022238708322235595,1.1415022358213252,0.4631383429756457
2026-05-14,SOL,0.1582743648485986,92.13071552318081,58.25314128726244,0.6044530922462983,-0.2656807295675154,0.27797578704794224,0.758273097846574,0.20460237364134873
2026-05-15,SOL,0.18566309266107864,89.20722796930319,51.33538396779183,0.2239754740862474,0.1391753973247038,-0.6897572970699852,0.15210089548938588,-0.10562676154429826
2026-05-16,SOL,0.18699943876396277,86.52773671707311,45.94943841764166,-0.21284500440202514,0.15769320610749124,-1.4031500726613273,-0.5422250210610151,-0.5205352456737062
2026-05-17,SOL,0.18028670675989614,85.1925530229602,43.50031374805078,-0.575805560276841,0.0557444833734402,-1.6647702745894608,-1.1054220675704651,-0.8087599092986016
2026-05-18,SOL,0.18536108995291337,85.32341749354815,43.81640004176067,-0.7785730091984591,0.13195282930498312,-1.553318389684844,-1.3938158884119454,-0.8313591517070436
2026-05-19,SOL,0.17910526157609918,84.2443258508474,41.74262954519782,-0.9457471645031139,0.03535674542928304,-1.7437810700690681,-1.607282227375774,-0.9911762910617394
2026-05-20,SOL,0.1757674170487048,86.09877950903602,46.43455451895998,-0.8924810305631439,-0.01634207257391041,-1.0984570172805062,-1.4806798669733772,-0.7802778943057291
2026-05-21,SOL,0.24686569230752023,87.27593327246555,49.22974506482876,-0.7450290449104477,1.077359704376431,-0.7197667124507072,-1.2244096725657356,-0.15230903375436042
2026-05-22,SOL,0.2317006102326281,84.31112827567448,43.125789317392694,-0.8089049286372829,0.8282678002488041,-1.4703089183251488,-1.2933745865725605,-0.49779793136979106
2026-05-23,SOL,,,43.125789317392694,-0.6471239429098263,,-1.4218839080080918,-1.018570654377493,
2026-03-24,SUI,0.7261550901865587,0.952319358390711,,0.0,,,,
2026-03-25,SUI,0.15367700923773392,0.9679955070152094,,0.0010004151828738373,,,,
2026-03-26,SUI,0.1611797957369631,0.9256537985115009,,-0.0011294164460776202,,,,
2026-03-27,SUI,0.035626045228256326,0.8798500735277702,,-0.005327940475668807,,,,
2026-03-28,SUI,0.052291591488903326,0.858834628764961,,-0.009008913669553692,,,,
2026-03-29,SUI,0.23529923775628003,0.8460902612247656,,-0.01162415936672891,,,,
2026-03-30,SUI,0.3058173351495682,0.8630440080081363,,-0.01151257412816237,,,,
2026-03-31,SUI,0.2939686606026875,0.8777226959870066,,-0.009816663021916795,,,,
2026-04-01,SUI,0.41529609021878544,0.8820744131199931,,-0.007853298610815908,,,,
2026-04-02,SUI,0.17192381983141727,0.8611246508020334,,-0.007422004509996194,,,,
2026-04-03,SUI,0.6057465958942349,0.8737303766697422,,-0.005815242434105004,,,,
2026-04-04,SUI,0.4355315046048568,0.8718276010358914,,-0.004468593484619435,,,,
2026-04-05,SUI,0.3539505955250313,0.8703006175083966,,-0.0033214049639363474,,,,
2026-04-06,SUI,-0.3235529296178138,0.8711891405424167,,-0.0021976497542732336,,,,
2026-04-07,SUI,-0.1629130442934266,0.9598585285897703,73.99272589702747,0.004459487426386702,,,,
2026-04-08,SUI,0.280198113432621,0.9136221738787567,62.65060610007762,0.00561632968330469,,,,
2026-04-09,SUI,0.37756953473338584,0.9306124591226256,64.78666919307307,0.007287225759288838,,,,
2026-04-10,SUI,0.00926054279969384,0.9445933353680089,66.48524513910391,0.008984067163543477,,,,
2026-04-11,SUI,-0.11549505045939296,0.9415106120322161,65.7323373667697,0.009498783798658636,,,,
2026-04-12,SUI,0.05619629467661804,0.9011720662985073,56.68618126381673,0.006846356034773649,-0.5757685833684848,,1.2408160928957153,
2026-04-13,SUI,0.0550959422953408,0.9601654566053828,64.40194723278236,0.008671396036007613,-0.5620817778133335,,1.3919366398600657,
2026-04-14,SUI,0.3171907815052031,0.9331925725812407,59.208614117939305,0.007701223816329407,0.4679352422571604,,1.1850764147555557,
2026-04-15,SUI,0.05116174884096488,0.959207133990652,62.36113188614734,0.008393907092092584,-0.5932113340731151,,1.20947970375065,
2026-04-16,SUI,0.30309874295029593,1.0009960779633278,66.7998602250874,0.01108007720679169,0.4330910056883021,,1.4666181867724217,
2026-04-17,SUI,0.4169516561391327,0.9975056427316338,66.09869915633666,0.01196003483861945,0.8775915480227579,,1.4771359041008763,
2026-04-18,SUI,-0.04203766842776777,0.9570636800991169,58.444134505952626,0.009276345153334233,-1.0123610504010356,,1.0832826296544744,
2026-04-19,SUI,0.047482450672680955,0.9230292528422315,52.89282718620348,0.004887485088379091,-0.619846829644993,,0.5091446968736598,
2026-04-20,SUI,0.11356998175305383,0.9446235643266165,55.76385382257172,0.0031988851413770596,-0.3321642480060292,,0.28426565180874114,
2026-04-21,SUI,-0.0729246539587361,0.9496648663020898,56.431446186224115,0.0022276098207619985,-1.0946212838640574,,0.1531773030323179,
2026-04-22,SUI,-0.14857394032042281,0.9448852699926962,55.57510359520545,0.0011250315778300098,-1.3510624274875653,,0.004721088488483987,
2026-04-23,SUI,0.32703422872003324,0.9458174461484506,55.71624753473005,0.0003599019808163944,0.6489393794928696,,-0.09847902798373746,
2026-04-24,SUI,0.16812602457283365,0.9463238011014274,55.79839904780571,-0.0001816071883903765,-0.030423911278226648,,-0.1711640355814277,
2026-04-25,SUI,0.19993147574522263,0.9387642410668502,54.18234785663798,-0.0010689025317840804,0.10627720899724798,,-0.2919333179540351,
2026-04-26,SUI,0.06508072178405419,0.945835107292958,55.48113576062064,-0.0011903005923797972,-0.4806654149297262,-0.8815448714744771,-0.3044779216111451,-0.5480730038975772
2026-04-27,SUI,0.21521735654522073,0.9354943745538964,53.11005925742721,-0.0019337398205405767,0.1876676652196427,-1.219774583354234,-0.40593527918716943,-0.4126458926745639
2026-04-28,SUI,0.10939218298666374,0.9236552931249838,50.45162014260933,-0.003119303817540159,-0.287894484912333,-1.5443272136125141,-0.5700681225476885,-0.749476394812994
2026-04-29,SUI,0.20383071027550123,0.9068732669951384,46.870180572387255,-0.00482817148931631,0.14410163005718,-1.908268853800778,-0.8059433647773161,-0.7566230135505561
2026-04-30,SUI,0.1615168993050172,0.9078173056157145,47.097683636784545,-0.005633213678725874,-0.05235615879644505,-1.7092142643658819,-0.9039719365720083,-0.804898323799945
2026-05-01,SUI,0.1880936021581685,0.9188655045089632,49.80651913025253,-0.005171890787062279,0.07224566401209227,-1.238840654133039,-0.8168780709938477,-0.587817351933229
2026-05-02,SUI,0.17152200886506885,0.9275564068080667,51.893275729596176,-0.004079667480725583,-0.006983073066530991,-0.9005212629670052,-0.6409886624481069,-0.46524620685114604
2026-05-03,SUI,0.5419910756714612,0.9201377911315353,49.98302783150797,-0.0036680375825886044,1.7011272992437456,-1.1297782821406537,-0.5692609564877464,0.17073914810897825
2026-05-04,SUI,0.012523179872085649,0.9288598346718469,52.21039662801861,-0.002666149403558118,-0.7851299646858113,-0.7816401450391834,-0.41029095499137014,-0.6716313158834906
2026-05-05,SUI,0.014560826661327264,0.9664048489095447,60.38790897176662,0.0004986719448363865,-0.7611724485435991,0.4110255341122998,0.07786286125346473,-0.15780246080771032
2026-05-06,SUI,0.2858489427393055,0.9924531710468227,64.87822037071538,0.004118444130394175,0.5252429657696425,1.0421689936658183,0.6337258847309646,0.7128656498268919
2026-05-07,SUI,0.17514731879893977,0.9682362138656275,58.26543827192559,0.004616416782970652,-0.007237846012543367,0.05751586894737635,0.7003466996286762,0.2244636321677984
2026-05-08,SUI,0.027297725089856718,1.0212986322085364,66.35699694347011,0.008052868877855529,-0.7147823063426304,1.2300074035625488,1.2106878681238145,0.44629565896885676
2026-05-09,SUI,0.327793721899791,1.070364359011278,71.80128955445835,0.012877544827896891,0.7429654622123404,1.8954321227588922,1.8724666471711802,1.4275558158639576
2026-05-10,SUI,0.30417939523766774,1.3322594477393728,85.39085070796827,0.03187233725064283,0.6178658216106782,3.146845761593522,3.8788756389054857,2.3548627487939733
2026-05-11,SUI,0.23112458063008093,1.2912676661199909,78.9754687276782,0.03935076978117357,0.25357873651584245,2.1659678398874105,3.9205739926415797,1.9273940443650341
2026-05-12,SUI,0.31193144898670067,1.238040936580959,71.46726554882258,0.03834844509211956,0.6481123434021204,1.2642213022821178,3.3168076727595848,1.6335536298733588
2026-05-13,SUI,0.29111841484891354,1.2079849659527042,67.56130805761994,0.033474389432973616,0.5366447880557869,0.8061322553707355,2.6274263567133596,1.2447254988475431
2026-05-14,SUI,0.2518559930966818,1.1881562212941899,65.03594989837464,0.027005496625348582,0.3342621603951236,0.5119879261052066,1.9627339227130196,0.8761214188035172
2026-05-15,SUI,0.03726368546257051,1.0989941909389103,55.06823707177275,0.015389861533071432,-0.7506683507150012,-0.6154862663784488,0.960619332436133,-0.1967274204686953
2026-05-16,SUI,0.049605989404345165,1.06086430994043,51.43752134782929,0.004378934815267674,-0.6780685231152599,-1.007222504559701,0.02685453034001792,-0.5653378015120089
2026-05-17,SUI,0.32409701984132927,1.0434671952840844,49.82345503838973,-0.004362625201101769,0.7268650490904173,-1.1582900237231983,-0.7114645745886686,-0.2701803598573932
2026-05-18,SUI,0.18827232472786223,1.063821345664293,51.73182535030602,-0.008804402267053937,0.0233435975467639,-0.918872012121964,-1.0721570104426001,-0.5879712677506637
2026-05-19,SUI,-0.0021440038023555485,1.0511224161929003,50.44280451168666,-0.012407616711231216,-0.9553029448706339,-1.0405809991822907,-1.3467620284200381,-1.0983240862289523
2026-05-20,SUI,0.16605615936019769,1.0787734347308766,53.17855005134584,-0.012693031009134229,-0.07510647127926619,-0.7146082053005061,-1.3375293226286111,-0.6456838468904416
2026-05-21,SUI,0.0977772329842519,1.1236585109748427,57.299327938633,-0.009755183276600667,-0.43096042302946863,-0.23698039358064937,-1.0691245765419901,-0.5642156602485793
2026-05-22,SUI,0.11167132469194054,1.0479,49.39709381290405,-0.012628022035983594,-0.35382379056426655,-1.128463200627711,-1.282337894787851,-0.8647698448503752
2026-05-23,SUI,-0.04860520362854004,,49.39709381290405,-0.01010241762878688,-1.2221972530127179,-1.1015079364264224,-1.0466178492707991,-1.1333166369142536
2026-03-24,TRX,0.08348562881012205,0.3058949986893695,,0.0,,,,
2026-03-25,TRX,0.13701496947701292,0.3144100446545677,,0.0005434103407989888,,,,
2026-03-26,TRX,0.4988691463245234,0.3112752929720156,,0.000654231875680118,,,,
2026-03-27,TRX,0.19138301184491635,0.31101959671612256,,0.0006703491442160877,,,,
2026-03-28,TRX,0.17453887349300787,0.3164763552768101,,0.0009892903792451252,,,,
2026-03-29,TRX,0.08307425453019544,0.32157854680756254,,0.0014564339508268296,,,,
2026-03-30,TRX,0.1945714967137372,0.3196427150404153,,0.0015395097255164545,,,,
2026-03-31,TRX,-0.15482747567564115,0.3131259012344579,,0.0010816478505755016,,,,
2026-04-01,TRX,0.06205692133166594,0.3155161888219321,,0.000874703720684731,,,,
2026-04-02,TRX,0.05054437363158601,0.31522490336317405,,0.0006627529716739904,,,,
2026-04-03,TRX,0.1503998323123683,0.31514499719716027,,0.00047075416384701743,,,,
2026-04-04,TRX,0.16528898091198582,0.3175057465023289,,0.0004560097273815411,,,,
2026-04-05,TRX,0.1808672369722836,0.31875887021725574,,0.00048141240865728083,,,,
2026-04-06,TRX,0.20765943822018074,0.3165102816270104,,0.00030607854008909844,,,,
2026-04-07,TRX,0.12503949258391436,0.31541013468391244,84.92693464156295,8.671143015355053e-05,,,,
2026-04-08,TRX,0.19183414422515613,0.31793623692629436,85.53233744346011,8.246584253313776e-05,,,,
2026-04-09,TRX,0.006199042023074908,0.3203762488838008,86.11255505660226,0.0002075947810275705,,,,
2026-04-10,TRX,0.09217911022952092,0.3192499314373462,84.42934051504092,0.00017918573890495426,,,,
2026-04-11,TRX,0.0038144692477583785,0.3188848840829736,83.85722128724893,0.00010420539225472307,,,,
2026-04-12,TRX,-0.1708655565938741,0.3213326713646684,84.6102869092644,0.00018323667784494319,-2.026749936192036,,-0.8209897171362,
2026-04-13,TRX,-0.2998737362074577,0.3205452586701681,83.26464780353622,0.00014777598232120197,-2.4028238840142424,,-0.8621240398262523,
2026-04-14,TRX,0.18146513027370842,0.32372880441880925,84.34846429438673,0.00029549331897144255,0.518648417006974,,-0.5158360027074781,
2026-04-15,TRX,0.15049633761363557,0.3271810136387854,85.44895358484467,0.0005667514966093204,0.31872879558729206,,0.10106050321646536,
2026-04-16,TRX,0.07826584902425607,0.3271300583985741,85.35355829676912,0.0006763673649686826,-0.13638035996570777,,0.34890475568639345,
2026-04-17,TRX,-0.039834135234305124,0.32787310802038533,85.60591673631954,0.0007280526777674588,-0.86960422454219,,0.46071211270102286,
2026-04-18,TRX,0.18620011255207355,0.3296021799058986,86.20170382032373,0.0008019850691585828,0.5864205092718656,,0.6227188242811629,
2026-04-19,TRX,0.20210252667177647,0.3290700742769867,85.03522879397758,0.0007398548876444166,0.6727366335425464,,0.46001672435321606,
2026-04-20,TRX,0.21673956792693935,0.3290394914812917,84.96406503311549,0.0006260200248044759,0.7487531706844682,,0.1734988747737331,
2026-04-21,TRX,0.2597477515234781,0.33297124293403063,86.52531416917567,0.0007371851697413334,1.0012528083663559,,0.4460309698402621,
2026-04-22,TRX,0.2277779451675384,0.329718651500295,79.19893710047542,0.0005233803267899574,0.7656878231356914,,-0.10219470103469662,
2026-04-23,TRX,-0.08671512516671387,0.3289734239893194,77.57813692104742,0.0002759198125659255,-1.29989928280005,,-0.7312256422316339,
2026-04-24,TRX,-0.06082960341826435,0.3234391183188593,66.6667846040703,-0.00028591979237261797,-1.08786915803844,,-2.024990957345246,
2026-04-25,TRX,0.008655878439582897,0.3239950044957524,67.16631993591724,-0.000626040075407128,-0.612825873126481,,-2.5229258569725923,
2026-04-26,TRX,0.2310261574836034,0.3234507933390305,66.12160302236182,-0.0008781400854670791,0.8577085859152539,-2.27399442208247,-2.6831370366419613,-1.1440560032512277
2026-04-27,TRX,0.14585895881379168,0.32538937480277946,68.0292632064188,-0.0009014077108933775,0.27936617988768553,-1.7795775821342361,-2.437782074222307,-1.1534614249518886
2026-04-28,TRX,0.24538475371524687,0.3231599594578184,63.59431960356609,-0.0010439652321006954,0.9342313334952503,-2.07094112028065,-2.4243565802444116,-0.9748967767594182
2026-04-29,TRX,0.31757607473445437,0.32306487619975505,63.404469883167685,-0.0011152307525941112,1.3710654659119226,-1.872136506331842,-2.312840848752957,-0.7070670201606706
2026-04-30,TRX,0.0926964591247746,0.3265594331061735,67.27160296215237,-0.0009064516861342058,-0.14540089844796047,-1.3355273015253408,-1.8578256454443522,-1.016166243470092
2026-05-01,TRX,0.08256637353417887,0.326855590886986,67.58423470209311,-0.0007351390149957326,-0.2118973783239432,-1.2319771046734784,-1.523796526040007,-0.911491040543623
2026-05-02,TRX,0.057718025262103914,0.3299187400949264,70.70156255504745,-0.00041803158870053723,-0.3786948261663526,-0.8510494823839525,-1.017657125258641,-0.712089912759319
2026-05-03,TRX,0.2555783629635748,0.33853122720663553,77.30890447057087,0.0003289324296347055,0.983478376493482,-0.10055779607767698,0.10884445416089648,0.3958773480223587
2026-05-04,TRX,,0.34097825369732154,78.77361918007821,0.0009119501472769952,,0.06745442480895235,0.9766819438010337,
2026-05-05,TRX,0.02674238666063626,0.3448153349612197,80.85996941790015,0.0014482782770135296,-0.6103233050440426,0.3072603891895068,1.7117758135012313,0.3615815387896044
2026-05-06,TRX,0.3965360910124734,0.346209489562227,81.56882680085032,0.0017680242791239765,1.890511327747565,0.3847050823745764,2.0528790664326872,1.487479775741205
2026-05-07,TRX,0.13354871259418627,0.34896191989668046,82.91419675106587,0.0020179114849076165,0.0932226059074756,0.5368170987071589,2.2408283840712073,0.8705826871965001
2026-05-08,TRX,0.11532744356947677,0.35037268866095694,83.5759457559655,0.0021206921147988982,-0.03233278942491308,0.6050208822040969,2.2195722746943933,0.8344448312995818
2026-05-09,TRX,0.6446857722657577,0.3501651049623817,83.06614083457718,0.002017768302678767,3.183664017868029,0.5312650987830617,1.9729930756995444,2.0247430594919935
2026-05-10,TRX,0.3944154741299688,0.3506223150621846,83.30765758785861,0.0018291350527866066,1.569616305269328,0.5509051703419372,1.6661204628322275,1.2929542120599806
2026-05-11,TRX,0.19973762672718148,0.35111858716505223,83.58138393159946,0.00159499313142605,0.378234923922522,0.5745824497018562,1.3384656287306478,0.72520839309876
2026-05-12,TRX,0.1662272475797419,0.34908339314084114,77.93703528084589,0.001179413796613257,0.17026839685075226,-0.1469941334052502,0.818623711551668,0.26959623218422624
2026-05-13,TRX,-0.3114393712233397,0.3494790647226824,78.24463390883898,0.0008243424029382648,-2.573241707213072,-0.10556279114751314,0.38070331504987565,-0.94675452571452
2026-05-14,TRX,0.09503776676892821,0.3537039919790509,81.250557532251,0.0007683049519441034,-0.20084914222950256,0.2867284424666417,0.3084279180048383,0.09820725124964297
2026-05-15,TRX,0.2401674018254217,0.3519863500013547,76.61579033506598,0.0005216417507604588,0.6448189094425315,-0.3274944847054234,0.001827630217374942,0.16022750743059805
2026-05-16,TRX,0.18281058814192655,0.35504262806491016,78.91997651520543,0.00047190001220788307,0.30204189859093844,-0.01594543786237907,-0.0600455280108569,0.09801946967440459
2026-05-17,TRX,0.15609290607851,0.35511270479677903,78.97114189715626,0.0003565444272982535,0.14109089541287906,-0.008834442244579818,-0.20427419936714356,-0.00749623431836538
2026-05-18,TRX,0.14096362006866062,0.3554421080336583,79.22638610272921,0.00022184745986487692,0.0494057785469405,0.02624063379417329,-0.3726771050774888,-0.08416862996621846
2026-05-19,TRX,0.3129331031891035,0.3559734344290787,79.6553382897754,9.446935519213679e-05,1.0748479070953199,0.08545167528572208,-0.5307986358265113,0.29633507467589115
2026-05-20,TRX,0.06491408175175033,0.35893541561223685,81.8992188477308,0.0001332593379681033,-0.4279186725297448,0.39891171229769085,-0.47544441294882767,-0.194127279207239
2026-05-21,TRX,0.26670948390923,0.3650612784676418,85.4688207258987,0.00047577463568307474,0.7960287792397441,0.8926497535040678,-0.027970794776982336,0.5778151993140233
2026-05-22,TRX,0.11525047793085105,0.361808,76.80605489802824,0.0003910645842921442,-0.132970505583134,-0.3484641174066242,-0.13837504124405198,-0.19923994982845647
2026-05-23,TRX,,,76.80605489802824,0.0003128516674337145,,-0.3443641817735239,-0.24998486826581903,
2026-03-24,WIF,0.3924587375753145,0.19204219419021956,,0.0,,,,
2026-03-25,WIF,0.3149421826935166,0.189990020936765,,-0.0001309649027845472,,,,
2026-03-26,WIF,,0.186401902495636,,-0.0004348726109339296,,,,
2026-03-27,WIF,0.15303083151107033,0.17002601924632577,,-0.00164634028764402,,,,
2026-03-28,WIF,0.23371841907790966,0.17567883716060448,,-0.001953569245087453,,,,
2026-03-29,WIF,0.33643534409921616,0.17102652817914146,,-0.0023311299860434677,,,,
2026-03-30,WIF,0.0594236141677946,0.17619222576591645,,-0.002101105609112883,,,,
2026-03-31,WIF,,0.17895005593945384,,-0.0016511925375090877,,,,
2026-04-01,WIF,0.2086826128292363,0.18100731670286607,,-0.0011279879799970687,,,,
2026-04-02,WIF,0.5444220619141682,0.17907112417101895,,-0.0008385549335625645,,,,
2026-04-03,WIF,0.24400644613424313,0.18111904302954535,,-0.00045464998228544754,,,,
2026-04-04,WIF,0.4117394142086804,0.18110247171916047,,-0.00016237150347526595,,,,
2026-04-05,WIF,0.44783867630523166,0.18200574855437293,,0.00011622819388567348,,,,
2026-04-06,WIF,0.4106788575010188,0.1789802362815841,,0.0001206585894670759,,,,
2026-04-07,WIF,0.512435540738944,0.19908641503760585,54.099047283268426,0.001428948205856457,,,,
2026-04-08,WIF,0.3439479687467776,0.19401453207698485,49.37963604240642,0.0018758268781395868,,,,
2026-04-09,WIF,0.31702531186860056,0.19890783665848077,53.586515688307344,0.0023910433400737624,,,,
2026-04-10,WIF,0.3338453136205673,0.19809696436905294,52.803389906009926,0.0025526071930133394,,,,
2026-04-11,WIF,0.37873234498826785,0.19889942149683956,53.52720700821692,0.002581180004124661,,,,
2026-04-12,WIF,0.5072211624036542,0.18787820354249465,43.63031525369505,0.001764456419880722,,,1.097502515326087,
2026-04-13,WIF,0.42669038993218644,0.20168307362847318,54.88291115383789,0.002041052818369735,,,1.1932306878076462,
2026-04-14,WIF,0.289190541544598,0.1932462201887224,48.50956688694265,0.001564354553719183,-0.4396520065335002,,0.8643450238505039,
2026-04-15,WIF,-0.027137460106480892,0.1999401035483,53.15742944771839,0.001602537892603837,-2.4383253944040297,,0.8540914192302056,
2026-04-16,WIF,0.37112598145414144,0.21856425218781564,63.12956124973925,0.0027191465628240803,0.3064669891534724,,1.4426048869019832,
2026-04-17,WIF,0.10891546053704287,0.21486102132492366,60.37717656868416,0.0030220781824961203,-1.4374100269651007,,1.5128346849271415,
2026-04-18,WIF,0.13036239604795616,0.2024538327915964,52.170315165971864,0.0022367784423781125,-1.220685273859875,,1.0112583191955393,
2026-04-19,WIF,0.3710712628587056,0.1947736877227648,47.83582252347416,0.0011071338786565609,0.40193497465407213,,0.34370023700914115,
2026-04-20,WIF,0.3141630025604208,0.19921315757072056,50.4010936942861,0.0005918006135470113,0.00901375199984008,,0.036526406718991655,
2026-04-21,WIF,0.13827902773167008,0.1967041724802944,48.93640728469148,4.3737395907719225e-05,-1.1740567366287324,,-0.2902611131717912,
2026-04-22,WIF,0.2542313684947789,0.18960035318731716,44.953108128441976,-0.0007894412132012523,-0.35719513311541917,,-0.7820298553423917,
2026-04-23,WIF,0.5290940104900022,0.17921472018052942,39.84656002995553,-0.001965286414716218,1.5004623882273063,,-1.4340237796403175,
2026-04-24,WIF,0.14511392396353184,0.1789896154765321,39.74118328535129,-0.002641368184627703,-1.1128652485440522,,-1.7247403056360913,
2026-04-25,WIF,-0.004117523151198404,0.17816610305663302,39.33139124527787,-0.0030009353641384765,-1.9621904483894732,,-1.8043004061283445,
2026-04-26,WIF,0.16988330459622666,0.17854313151687765,39.63827438975024,-0.003059812771576096,-0.8057349202082317,-1.458883064422779,-1.7249445548016267,-1.2774422538506145
2026-04-27,WIF,0.14040456621455027,0.17780449677157845,39.219718217567944,-0.002991362291361226,-0.9692886110217439,-1.4067202656813131,-1.5983846015209602,-1.2892469045693797
2026-04-28,WIF,0.23654741097878043,0.17892497414881187,40.25041739512183,-0.0027212313330112663,-0.33296059409656237,-1.1869931253841164,-1.393401887330348,-0.9073027414529642
2026-04-29,WIF,0.2975158798060121,0.17807187174381015,39.69843482799619,-0.002458598683776928,0.07159474145973704,-1.1959968971378443,-1.2128629104192366,-0.6940200456832295
2026-04-30,WIF,0.557963038520339,0.18370606919645868,45.057386804766075,-0.0017948255017589546,1.7245131187400982,-0.4332509187861609,-0.8478044024944722,0.3054886511118495
2026-05-01,WIF,0.28195004647704036,0.18817359223717123,48.93275632839429,-0.0009847849572415584,-0.08065444594836108,0.11801233213607742,-0.41856196911101773,-0.12242666947182651
2026-05-02,WIF,0.46674533698722714,0.1895806084451172,50.12590837205367,-0.0003186003994974532,1.1113855615583337,0.2861462394284934,-0.06609826715795811,0.5105686163044941
2026-05-03,WIF,,0.18788224181261923,48.64837023550438,2.504339397611929e-05,,0.06532242046820243,0.11622439118152121,
2026-05-04,WIF,0.0617522952879779,0.190932110771565,51.41778600244252,0.00045147473330075074,-1.4988992239168566,0.4746077286656618,0.3425484033294603,-0.35441284996820605
2026-05-05,WIF,0.19814579995943232,0.2002256270860605,58.722895399696554,0.001304867452743178,-0.6027730167070279,1.5040873889778983,0.7942330072709505,0.44838691219184346
2026-05-06,WIF,0.2862057827143413,0.22133961947734018,69.82437142340743,0.0031325161486697286,-0.025914626769605528,2.6860786376055295,1.7154192636645842,1.3100835196731917
2026-05-07,WIF,0.45699445816506634,0.219716773027827,68.30379557095594,0.004016849676131238,1.077597019146769,2.2280702235072587,2.0566343828292153,1.7164501895596498
2026-05-08,WIF,0.5349985389491543,0.2258338359314417,70.87816021931029,0.004748361026389215,1.5297906192565878,2.2766010954788176,2.263142096597345,1.973839205325484
2026-05-09,WIF,0.42453736250679935,0.2255486281772152,70.59028069369381,0.004926338931102268,0.7965178387185772,2.0550467109864288,2.197465301608983,1.5943607392660544
2026-05-10,WIF,0.3735440339496359,0.23193412795213939,73.21348878723535,0.005162523747614379,0.45743934879724846,2.1310923139991207,2.1648860937919263,1.4717692618562137
2026-05-11,WIF,0.33983567641275003,0.23080478701736185,71.99047386515066,0.004931464316481407,0.23272038641380613,1.8726221356764565,1.9558506617590403,1.2416299937961714
2026-05-12,WIF,0.4555363986806944,0.22105203809955357,62.31022293161998,0.003858092203803831,0.9818821664529155,0.9190531563398706,1.4428411587194505,1.1013211610989626
2026-05-13,WIF,0.21448231776234591,0.21604921959174442,58.001734310042444,0.0026073788499707,-0.6144098515978363,0.4962897575569791,0.8901984699115518,0.17018252760142472
2026-05-14,WIF,0.33158423951581417,0.22004533625730782,60.35956261738702,0.0018794241783593795,0.16881622410344826,0.7110514216835877,0.5699370549064122,0.45182303261837925
2026-05-15,WIF,0.24997912941500544,0.20438297427661972,48.796491445500834,0.00025844333873597473,-0.37949421573350195,-0.41397387194423263,-0.13029284400374389,-0.31507770107779376
2026-05-16,WIF,-0.012137491781149923,0.19714031861166034,44.54669733314565,-0.0013005575655947567,-2.0547482091173666,-0.8168670006596012,-0.7990596379383521,-1.3066772752263327
2026-05-17,WIF,0.1636891689636816,0.19263110309549708,42.08896074842686,-0.002561579245453737,-0.879339485996453,-1.0338420693652095,-1.3176097123598147,-1.0571713289160884
2026-05-18,WIF,0.27521866755120455,0.1930296649627458,42.39150283957644,-0.0032506872356318564,-0.14059517163063406,-0.9801224926029138,-1.5664136995224247,-0.8201989262898551
2026-05-19,WIF,0.27002529053721575,0.1897436840392181,40.51233447877991,-0.0037729365647724278,-0.17361064699930037,-1.1350142161581194,-1.7262738465294851,-0.9278306776060015
2026-05-20,WIF,0.2374958772113155,0.19402964632408268,43.999305076233206,-0.003671401933217111,-0.3886803067483012,-0.7759245784445494,-1.6291746936473104,-0.8770019043268784
2026-05-21,WIF,0.32865356554135683,0.19984416169540753,48.41683224644296,-0.0030782976583120726,0.22817716753370415,-0.3331953295200627,-1.3495921903629136,-0.4135653889514112
2026-05-22,WIF,,0.19035,42.51894962928237,-0.0031781265038898394,,-0.9063427681315002,-1.3571648840288293,
2026-05-23,WIF,,,42.51894962928237,-0.002542501203111872,,-0.8889549611710824,-1.0695839873254522,
2026-03-24,XRP,0.007143552381548406,1.415408027967631,,0.0,,,,
2026-03-25,XRP,0.044460134602217746,1.4141191619971534,,-8.225241520989356e-05,,,,
2026-03-26,XRP,0.10624926970904675,1.3600836971528532,,-0.003577724487821072,,,,
2026-03-27,XRP,0.14873627649840626,1.3248451874975506,,-0.007821565969743687,,,,
2026-03-28,XRP,0.01188392395158374,1.3323665593608292,,-0.009565339041379314,,,,
2026-03-29,XRP,0.15787459117040467,1.326815733126507,,-0.010463142002963069,,,,
2026-03-30,XRP,0.08381629770875332,1.3231326183899086,,-0.01064060237236487,,,,
2026-03-31,XRP,-0.06531083514755945,1.339950995848148,,-0.009024653772709008,,,,
2026-04-01,XRP,0.36520743084061325,1.347802320802554,,-0.006921029201852318,,,,
2026-04-02,XRP,0.19473851708743503,1.3197669883786878,,-0.006896442466755099,,,,
2026-04-03,XRP,-0.23200940785477664,1.3181195507213859,,-0.006476513062279976,,,,
2026-04-04,XRP,0.1809141842428109,1.3151762692894775,,-0.00589874036401725,,,,
2026-04-05,XRP,0.16172429088497126,1.3258857914504834,,-0.004367587894365133,,,,
2026-04-06,XRP,0.07951092008509347,1.3210513379307716,,-0.003301166594708728,,,,
2026-04-07,XRP,-0.1884174590366204,1.3783979354787734,52.53194935117215,0.001393840083522918,,,,
2026-04-08,XRP,0.2603615680639764,1.3427644526449702,42.481674255325785,0.0021801054164203547,,,,
2026-04-09,XRP,0.2042110003752519,1.3438263816757006,42.832687989276,0.00281207662776135,,,,
2026-04-10,XRP,0.15875091107452974,1.3564525994369538,46.976045890735456,0.0040458068967388,,,,
2026-04-11,XRP,0.08310875286947123,1.3550962441221965,46.585439133441405,0.004690477545518917,,,,
2026-04-12,XRP,0.1347205846223024,1.324925236035799,38.847468929536085,0.003082567964948466,0.2826871623204623,,1.238809722507081,
2026-04-13,XRP,-0.014583749171995869,1.3762935183371807,53.12386432950717,0.005343695239476557,-0.7477983485049376,,1.5323345613448676,
2026-04-14,XRP,0.14738564866836143,1.3624216708542107,49.74640755700383,0.00573567579864671,0.4032712127300692,,1.4814072133939595,
2026-04-15,XRP,0.16587428930806544,1.3924792427632688,56.238655140865454,0.0077259632925035324,0.5238654064133236,,1.6751320704177806,
2026-04-16,XRP,0.20476988787494052,1.45346389241683,65.87222509893807,0.012569789266665063,0.7857631115058649,,2.1731154382471347,
2026-04-17,XRP,0.3783495582394454,1.476353085694904,68.66078127233047,0.016488424396149247,1.8835200557582068,,2.3701106647890713,
2026-04-18,XRP,0.017643265227079263,1.4327960773722166,58.81263867111973,0.01534372468920739,-0.6415621057824963,,1.985532906739873,
2026-04-19,XRP,0.1313025661125392,1.3945251012028366,51.78448242559145,0.011387802620660793,0.1660811799886473,,1.394184185886086,
2026-04-20,XRP,0.06359598016784862,1.4249707617722913,56.262307789133345,0.010236616926363898,-0.3199006843416362,,1.1938391884858859,
2026-04-21,XRP,0.27088974323395815,1.4340007532376116,57.522356562530135,0.009513703419064783,1.1624248139891986,,1.0624716250781294,
2026-04-22,XRP,0.19106596840003076,1.4297181524721518,56.68823497553953,0.008225856752133356,0.5639656499149079,,0.875836749455379,
2026-04-23,XRP,0.01393197343613932,1.4392365719588547,58.14109084165654,0.007513432455000465,-0.7329348016028405,,0.7668796633020599,
2026-04-24,XRP,0.2939975290485587,1.4338170202298675,56.96932474179498,0.006228587152817419,1.3037235305773618,,0.5930963893645973,
2026-04-25,XRP,0.08288078784222404,1.4241822098055779,54.85281080851828,0.004369108995796931,-0.25219571577750566,,0.3515706677002547,
2026-04-26,XRP,0.2895822002442979,1.4310433371557632,56.10349313239984,0.003289713143552954,1.247864439192933,0.34275393658191083,0.2097324991629529,0.6648917064006323
2026-04-27,XRP,0.20238721659335193,1.4006368092862846,49.55209024512112,0.00037000886765364144,0.5886447771349843,-0.5211752572478818,-0.16836426314534744,0.028596054736024952
2026-04-28,XRP,0.12795719943527598,1.3803640629754172,45.718816591406124,-0.0029042384131145633,0.029965187784134543,-0.9970850613830367,-0.5901491459417371,-0.4641841870837783
2026-04-29,XRP,0.08114726984102737,1.3687304371436366,43.63284419188451,-0.005671117094575321,-0.321466346742196,-1.210793705373028,-0.93491024431456,-0.7722977236031547
2026-04-30,XRP,0.15159459053546284,1.3674177986578608,43.39227460700468,-0.007303355691099588,0.2184388551194036,-1.1791793339525731,-1.1183175611829872,-0.6018735264929066
2026-05-01,XRP,0.18910923600294813,1.3856472487803833,47.70452918152732,-0.0068750829536038255,0.5031869627137423,-0.5871793342892766,-1.0327567904471344,-0.2847060523354264
2026-05-02,XRP,0.14728270681069316,1.3937519361024975,49.54480105808937,-0.005808241399162107,0.17117985117127038,-0.33096407938832434,-0.8711458403606595,-0.292161035456187
2026-05-03,XRP,0.07529171577585485,1.3879259929415149,48.2309139078395,-0.005272865014451496,-0.39805376754339356,-0.5003874482313393,-0.7839316200927524,-0.5445172275145849
2026-05-04,XRP,-0.049467494544779,1.3915070890874384,49.124028354311854,-0.00448631281872428,-1.356245288423603,-0.36797215135302835,-0.6668719431627903,-0.8529513437241867
2026-05-05,XRP,0.0796990392667416,1.4127783923257737,54.18052292756393,-0.0024443879530620816,-0.32125627737623225,0.34436325781901406,-0.3862293736427794,-0.1410623456976225
2026-05-06,XRP,0.2568610923098425,1.4248387609014184,56.80203169959807,-0.0003049099712296626,1.080311940698116,0.7050529330327682,-0.09356556543940228,0.6155709865572562
2026-05-07,XRP,0.2214831540703106,1.3868973692292481,47.57935300812061,-0.0014067431315125589,0.7812728575970785,-0.6246694355203899,-0.24265354578616166,0.05231224864686597
2026-05-08,XRP,0.08857000420381783,1.4180593394943168,54.162194021808745,-6.9186033153373e-05,-0.28977752680207863,0.33855979353820137,-0.05560723215492183,-0.031025242305847606
2026-05-09,XRP,0.17551710337602516,1.4203018398965113,54.60398921275193,0.0008818013506461898,0.4151656424207814,0.3975513492452188,0.07761941492935652,0.30861748622068513
2026-05-10,XRP,0.1756115192811428,1.4732338079500136,63.53736176998039,0.004773515598387764,0.4109254841259114,1.6497655452949371,0.6231017778302516,0.8462303905879212
2026-05-11,XRP,0.3492675279148405,1.4774690632848275,64.14534216858033,0.00718582013254412,1.7738616518206014,1.6432826015225304,0.9501394213011393,1.4875712675753416
2026-05-12,XRP,0.21802655298368437,1.436884157926952,54.728141731762285,0.0056677064443654696,0.6979514540248256,0.292028486170437,0.7210542588856752,0.5831054051267639
2026-05-13,XRP,0.39837753418142,1.4267671321735653,52.652976803517014,0.003697135835770325,2.0541250172181615,-0.008604503673966347,0.4317373265598599,0.9485898537530326
2026-05-14,XRP,0.1209643624761266,1.4852415419935456,61.6938115782155,0.005915193218290388,-0.13066580225773908,1.2735593769373093,0.7430699850334392,0.5527224876881289
2026-05-15,XRP,0.13356406883858749,1.4335232084358998,52.1998315517637,0.0035966018713900066,-0.030124211344165625,-0.10754583302776279,0.39997630078206076,0.07567945578862313
2026-05-16,XRP,0.20359907929261647,1.4133505934990351,49.03044709578913,0.0005610480627201153,0.5263244348816963,-0.5657413675266681,-0.046658884447596034,0.026809698360399294
2026-05-17,XRP,0.13308555575540393,1.400872352557553,47.12442581352208,-0.002274996949549069,-0.04373690324401543,-0.8318136672016448,-0.46319252252426457,-0.405996618215379
2026-05-18,XRP,0.15639461411097197,1.389235294988342,45.35370864973007,-0.004778456011583679,0.14528247717211246,-1.0680017180164512,-0.8255112125397318,-0.5099408882980099
2026-05-19,XRP,0.16981476508811794,1.3604133702321803,41.222285550490795,-0.008028028191524962,0.2534960048958429,-1.6111858160475048,-1.2826105376900567,-0.7667405041629313
2026-05-20,XRP,0.2804321250958462,1.365797765915013,42.280103858403,-0.009373636717454954,1.1488870710612666,-1.406145465214113,-1.4432529079125276,-0.3952646835134855
2026-05-21,XRP,0.1674096864456229,1.3726909202501263,43.67758316343955,-0.009337688821889949,0.2107787600339766,-1.1722245563139633,-1.4011508443966594,-0.6877011161995961
2026-05-22,XRP,0.041857704798970025,1.3341026179087168,38.11431139692267,-0.011318930405088641,-0.8261396594400258,-1.870770381933251,-1.6381889430674994,-1.3831436612762356
2026-05-23,XRP,,,38.11431139692267,-0.009055144324070914,,-1.784527039088797,-1.2716983391217926,
