date,term,combined_compound,close,rsi,macd_hist,asset_sentiment_z,asset_rsi_z,asset_macd_hist_z,asset_seta_score
2026-03-24,AAPL,0.2996945355990607,251.64,,0.0,,,,
2026-03-25,AAPL,0.3536349941274317,252.62,,0.06254131054131448,,,,
2026-03-26,AAPL,0.1957840903299806,252.89,,0.11555069845212074,,,,
2026-03-27,AAPL,0.2858470655159909,248.8,,-0.11870155544625413,,,,
2026-03-28,AAPL,0.21812055238884726,,,-0.0949612443570033,,,,
2026-03-29,AAPL,0.40794411411843706,,,-0.07596899548560265,,,,
2026-03-30,AAPL,0.2505973377386356,246.63,,-0.5077116633089018,,,,
2026-03-31,AAPL,0.1498163727475953,253.79,,-0.15648950435805076,,,,
2026-04-01,AAPL,0.34086628714388595,255.63,,0.19104575094837506,,,,
2026-04-02,AAPL,0.2026705030241458,255.92,,0.41869894329131413,,,,
2026-04-03,AAPL,0.22134336611761307,,,0.3349591546330513,,,,
2026-04-04,AAPL,0.2839530376721532,,,0.26796732370644105,,,,
2026-04-05,AAPL,0.3716182574995328,,,0.21437385896515282,,,,
2026-04-06,AAPL,0.2893701441875902,258.86,,0.8682001953752144,,,,
2026-04-07,AAPL,0.3085435666719275,253.5,,0.5976122620636302,,,,
2026-04-08,AAPL,0.16012091206861526,258.9,,0.7364752131219199,,,,
2026-04-09,AAPL,0.25060540292724487,260.49,,0.8798707456372192,,,,
2026-04-10,AAPL,0.28631183541131955,260.48,,0.9144765161176331,,,,
2026-04-11,AAPL,0.31251619666222197,,,0.7315812128941066,,,,
2026-04-12,AAPL,0.3341461501401212,,,0.5852649703152852,0.831484122020856,,0.7068643442360218,
2026-04-13,AAPL,0.2138230685016701,259.2,,0.6017100998219167,-0.8568574538324306,,0.7202530050055173,
2026-04-14,AAPL,0.330816031673663,258.83,,0.4742788191172296,0.7999982623509663,,0.39236043055401315,
2026-04-15,AAPL,0.24191388273009135,266.43,,0.838511778329722,-0.4803260358459209,,1.2429299155555642,
2026-04-16,AAPL,0.2254153239216711,263.4,,0.8115237600766512,-0.702070314541827,,1.118476479566479,
2026-04-17,AAPL,0.2623187044617285,270.23,75.64901438771369,1.1681333073089926,-0.14663449187946712,,1.8202459837119709,
2026-04-18,AAPL,0.3476125204023241,,75.64901438771369,0.9345066458471942,1.1062876938724155,,1.2085059098482165,
2026-04-19,AAPL,0.3578518152841398,,75.64901438771369,0.7476053166777552,1.2028950584641396,,0.7511069797342871,
2026-04-20,AAPL,0.2488693261389465,273.05,75.64901438771369,1.4790728226572178,-0.42765499516411193,,2.189766140224223,
2026-04-21,AAPL,0.2707854579601102,266.17,60.507287564386715,1.0766656587308843,-0.09125879729894638,,1.2599625578134261,
2026-04-22,AAPL,0.2287924626322649,273.17,66.49519499594359,1.1825982544409461,-0.7254968507404037,,1.4091358489355132,
2026-04-23,AAPL,0.3132339964828068,273.43,66.69717074940607,1.168768766832942,0.5857780622705904,,1.3172794976086653,
2026-04-24,AAPL,0.413278422182844,271.06,62.970759720384486,0.9100953738932169,1.9925101693857417,,0.763882599465977,
2026-04-25,AAPL,0.26086473023436807,,62.970759720384486,0.7280762991145728,-0.2910728741593585,,0.3791091931221151,
2026-04-26,AAPL,0.362216618582333,,62.970759720384486,0.5824610392916583,1.2064906922085996,,0.07138344900613247,
2026-04-27,AAPL,0.28005919412235036,267.61,62.970759720384486,0.14209977893536863,-0.034751766048401155,,-0.8488002499999113,
2026-04-28,AAPL,0.26634724447849806,270.71,66.28482350975584,0.04318345600287987,-0.24157130330098278,,-1.0302960495480151,
2026-04-29,AAPL,0.3147027340159405,270.17,65.39018631270578,-0.09851291930128792,0.50187497214135,,-1.285047359109552,
2026-04-30,AAPL,0.3250699127033229,271.35,66.45561791398748,-0.14960413187244725,0.6523472014230082,,-1.3407786239490276,
2026-05-01,AAPL,0.36250902228440474,280.14,73.09896389947963,0.3447659017617557,1.2052964132782247,,-0.2996689097078814,
2026-05-02,AAPL,0.32316789182972566,,73.09896389947963,0.2758127214094044,0.576639373525246,,-0.43947348220061566,
2026-05-03,AAPL,0.3108245643688021,,73.09896389947963,0.22065017712752333,0.37553664040545043,,-0.549010709353108,
2026-05-04,AAPL,0.296087178257261,276.83,73.09896389947963,0.4280229263637345,0.13747060540715236,,-0.09901969594907178,
2026-05-05,AAPL,0.2700240137254351,284.18,77.99943752962275,0.8166365027791098,-0.28217682051170817,,0.7388302117620501,
2026-05-06,AAPL,0.32218578558684086,287.51,79.48529601005119,1.1827544432961687,0.565625022333994,1.6199246261543607,1.4872480317650312,1.158401806309415
2026-05-07,AAPL,0.25501093283826665,287.44,79.36395559994186,1.2959042540189722,-0.538244528291584,1.4714946818382955,1.6581167873971472,0.7235856294539992
2026-05-08,AAPL,0.34066081845153073,293.32,81.86793068146494,1.6213285135302566,0.8735085987835658,1.698208076400571,2.1932684537298233,1.5168463985525444
2026-05-09,AAPL,0.40149788919055784,,81.86793068146494,1.2970628108242055,1.8024550099081742,1.563102169149438,1.4825516916725712,1.6346781622098725
2026-05-10,AAPL,0.4020144636749384,,81.86793068146494,1.0376502486593644,1.7328534918745975,1.4561105411176325,0.9450327100536212,1.4134843721012151
2026-05-11,AAPL,0.3118575904425137,292.68,81.86793068146494,1.484863435414539,0.29444623512915563,1.3686535228575354,1.759989737310794,1.0563714721021609
2026-05-12,AAPL,0.23993564171975862,294.8,82.87559593672825,1.4566901363472988,-0.8466081016533028,1.4186172699391406,1.640199802850524,0.5790018811755783
2026-05-13,AAPL,0.27749203869794603,298.87,84.34168000590178,1.5538761608030827,-0.23884863798801306,1.515888682782372,1.751419468957988,0.8846529903269027
2026-05-14,AAPL,0.2709359164669613,298.21,83.09924213541446,1.4191411806903353,-0.3418505583030316,1.2841144505659041,1.4528662946516337,0.6843540002440487
2026-05-15,AAPL,0.26995596227029434,300.23,83.88184232755383,1.3139024674847661,-0.35417177654055915,1.3191462935644238,1.2275459702444607,0.6223389685264417
2026-05-16,AAPL,0.4402469178726568,,83.88184232755383,1.0511219739878115,2.313215906303372,1.2604368281164198,0.7323906220409722,1.5231345975685662
2026-05-17,AAPL,0.6137091204722063,,83.88184232755383,0.8408975791902478,4.129388672304437,1.2089960156198682,0.33960389829805704,2.1163354430971526
2026-05-18,AAPL,0.32835618225291024,297.84,83.88184232755383,0.7073866529199613,0.3704486137941737,1.1634347421529032,0.08948571298781564,0.5240555820598851
2026-05-19,AAPL,0.41602479051729974,298.97,84.42451886961355,0.43456514986158545,1.4890859893060557,1.185809439323032,-0.42028459624140146,0.8252918486469115
2026-05-20,AAPL,0.4014871059439639,302.25,85.65482489776186,0.36489015420718296,1.268793699962702,1.2859788668883392,-0.5463979184103503,0.7293917645284775
2026-05-21,AAPL,0.44311201389567606,304.99,86.60657868573549,0.39090273526382546,1.7475319732227235,1.3456801320129146,-0.49150934504351673,0.9552640253799086
2026-05-22,AAPL,0.22098580567980183,308.81,87.81987782186235,0.5435589436616421,-1.074417440524436,1.4286781185584634,-0.19628522327670359,-0.060049107625246526
2026-05-23,AAPL,,,87.81987782186235,0.43484715492931336,,1.371412165000158,-0.4262126271898741,
2026-03-24,AAVE,0.32044386054308777,112.25984902576401,,0.0,,,,
2026-03-25,AAVE,0.1300416463429162,112.53925560461128,,0.01783107511732851,,,,
2026-03-26,AAVE,-0.03282279979757788,105.07645815143461,,-0.44822642649976385,,,,
2026-03-27,AAVE,0.15187095278288085,98.62937538508223,,-1.1273022720648829,,,,
2026-03-28,AAVE,0.03482402204694808,96.75118697639937,,-1.610150096777319,,,,
2026-03-29,AAVE,0.15610886219454784,95.36886142821098,,-1.9093796516470443,,,,
2026-03-30,AAVE,0.12036911703356011,96.68060695573523,,-1.9015535398721004,,,,
2026-03-31,AAVE,-0.01240717658686918,98.11412403744538,,-1.6895759413426643,,,,
2026-04-01,AAVE,-0.015624404799853804,98.06833815050187,,-1.4513071361799321,,,,
2026-04-02,AAVE,0.2946418438600169,94.3177690639049,,-1.442172742752152,,,,
2026-04-03,AAVE,-0.07924306079496107,94.76768658389533,,-1.3057819539938715,,,,
2026-04-04,AAVE,-0.2968512803630787,94.49362377026765,,-1.1400057448660839,,,,
2026-04-05,AAVE,-0.10678153160780203,94.03085530110852,,-0.973946036748734,,,,
2026-04-06,AAVE,0.10320767302906927,93.00759504995122,,-0.8499632173465375,,,,
2026-04-07,AAVE,-0.030646868970047453,95.82669105581228,34.70376710418127,-0.5117053229108555,,,,
2026-04-08,AAVE,0.08838479172863066,91.95201555466507,28.154039087388256,-0.48289058018144626,,,,
2026-04-09,AAVE,0.19881333119256808,90.53808957318785,26.210063776483878,-0.49139943556273114,,,,
2026-04-10,AAVE,-0.18271223313484342,93.62572882759166,36.51827516840796,-0.2344565753119614,,,,
2026-04-11,AAVE,0.2169154439128362,94.64048529252301,39.509134163148715,0.0436447452992228,,,,
2026-04-12,AAVE,-0.19065729815952312,89.92135078066666,31.9664370820135,-0.045593753737008136,-1.4217884455011998,,1.2491354578024598,
2026-04-13,AAVE,0.36581125489437993,103.27306805366428,56.986681887131006,0.7929477558978659,1.7526777013301804,,2.1367664185864297,
2026-04-14,AAVE,0.2929056344166994,100.06009065308717,52.02805786078406,1.1101186650699755,1.2548963542443905,,2.1871810411938415,
2026-04-15,AAVE,-0.060161766197746505,105.53929526872454,58.63781909029361,1.6360625241012596,-0.7036748979145523,,2.3646963035226283,
2026-04-16,AAVE,0.20242710592477112,115.46315152643439,67.39922854039187,2.5452087441752473,0.76136735838417,,2.675129906089775,
2026-04-17,AAVE,-0.1614392067525246,114.89225711329503,66.52621025060566,2.971328317404976,-1.252727905617799,,2.539803285399257,
2026-04-18,AAVE,-0.13363223411777722,101.17258392425697,49.823835304931855,2.2264616522096,-1.0502543026038504,,1.7973147015842104,
2026-04-19,AAVE,-0.3034605589112407,90.33616897066055,41.05606255141627,0.9656188882626393,-1.8336304775990009,,0.8506346252742957,
2026-04-20,AAVE,-0.4698230418563474,90.69922363371674,41.4279517945002,0.15999090902703283,-2.369509953958869,,0.25610360478664573,
2026-04-21,AAVE,-0.14119672225903457,91.89883933160925,42.714059456459495,-0.26506219297911926,-0.7629657960528033,,-0.0595232198717853,
2026-04-22,AAVE,-0.15369476637724735,94.04694611982924,45.041199764066796,-0.3681617330333693,-0.8009992659703137,,-0.13545330563199517,
2026-04-23,AAVE,-0.06599107650605512,94.3490183587444,45.37723731652364,-0.38103286668187564,-0.3656372912983736,,-0.14305152326356163,
2026-04-24,AAVE,-0.060064174902251855,94.34437735234354,45.372647125881365,-0.35538112891539253,-0.33051534633801416,,-0.12102100101012539,
2026-04-25,AAVE,-0.006373937665569009,94.12235707092496,45.13741613867206,-0.319991360154241,-0.059420285206941946,,-0.09141514025218866,
2026-04-26,AAVE,0.09055514175718915,96.53530116003748,48.275986869718686,-0.11146657697245832,0.4286596390554636,0.2772105482070636,0.07638930395364722,0.27754381127039873
2026-04-27,AAVE,0.08192541278733359,97.61896824616439,49.66859218429027,0.11006736733952716,0.37780172236456566,0.38971768896400716,0.2547568890834243,0.34446306236005575
2026-04-28,AAVE,0.1315912296520546,96.48263279300063,48.20302580744301,0.18621578486892254,0.6259274323651443,0.2511683424410336,0.31349733609374264,0.4197706765064906
2026-04-29,AAVE,0.03780342017363822,93.24271421682718,44.19856511195576,0.03257736092248398,0.1280906903356615,-0.1167576109973488,0.18114615267640022,0.07055283863798004
2026-04-30,AAVE,-0.04019365719806714,92.76922978166252,43.62814766106335,-0.0805599099020502,-0.28616287388961376,-0.16720993873755144,0.08313167105092009,-0.13968862986183492
2026-05-01,AAVE,0.1961959128950003,91.98443936159187,42.645737309729704,-0.18206420825928293,0.9724875353647289,-0.2567910249441042,-0.004951971929313888,0.31047211508386613
2026-05-02,AAVE,0.4942785523345192,93.28914681557376,44.86838684772777,-0.1371943277619312,2.364561612118919,-0.03679479273698228,0.034112460171773044,0.9450199450780048
2026-05-03,AAVE,0.12564342423859634,92.4405489368502,43.682651512899675,-0.14003832317207432,0.4832865431284335,-0.15331549688047674,0.031198795343130695,0.1566796067901696
2026-05-04,AAVE,0.03444420782908797,92.24874733784486,43.40345718250375,-0.1304049848496871,0.014999744532380744,-0.17870652474746598,0.0394298508123443,-0.0357831043675842
2026-05-05,AAVE,0.0298005192675783,93.51931206007383,45.871500857917766,-0.019834069377574925,-0.009027266107804802,0.07794799796254721,0.13886564003703364,0.06143318495675233
2026-05-06,AAVE,0.16287146506151184,94.30763971232453,47.404034512822136,0.11747621651119733,0.6793938121487211,0.2369216434385101,0.2626885161993197,0.42164057275083744
2026-05-07,AAVE,-0.24879639407098297,92.43489051564643,44.20229224721868,0.09425672987030476,-1.4464763048841673,-0.1078116706505257,0.23818693920787298,-0.5394779413864629
2026-05-08,AAVE,-0.0015027397385352975,95.78593867172873,50.62821663430273,0.30479320880095506,-0.1534402681072613,0.5867911129454906,0.43162428923656004,0.24414851341171068
2026-05-09,AAVE,0.10094474376847612,95.76671663257443,50.592224591112405,0.4350292725551723,0.3827509528111125,0.5711445378235508,0.5482127261205065,0.48890756030766225
2026-05-10,AAVE,-0.2720905060949939,102.10960572917543,60.55679192119695,0.9131309520101718,-1.5468937252624806,1.5989862875413798,0.986872232645598,0.15700006595110105
2026-05-11,AAVE,0.42019743109017815,101.21569949220313,58.75824611669049,1.1202885981847153,1.9756223106373765,1.344134718941974,1.1572722678616794,1.5406710202960465
2026-05-12,AAVE,-0.024479384644830536,96.63629664925743,50.485873586594934,0.9090110795055131,-0.2783721226935005,0.4428314313378387,0.9368724601203056,0.30256231836004305
2026-05-13,AAVE,0.036187442539232104,96.32041628970244,49.963343608260736,0.716558246980772,0.03217257648448105,0.37982252650272236,0.7409332193820459,0.3490957543592229
2026-05-14,AAVE,0.1467854699937144,98.32610648914708,53.27052595520592,0.6925170868105774,0.5967650726892878,0.7306543074571079,0.7074191350837159,0.6701280618379623
2026-05-15,AAVE,0.22988210098208134,92.83653877194214,44.58464034754401,0.29538514106412384,1.009788108693592,-0.23324395427950603,0.31981715434470737,0.42988720349699727
2026-05-16,AAVE,-0.23134057363308017,90.02189226338868,40.90213415560464,-0.14474058834072678,-1.3544923198476122,-0.6370589854931686,-0.10877148240828166,-0.7655460683094799
2026-05-17,AAVE,0.10091129646817636,89.1611669254335,39.81902008446841,-0.4637172929356913,0.35730717803194845,-0.745648980168177,-0.4185804841252359,-0.2063459680752445
2026-05-18,AAVE,0.30156816301367867,89.38709193217765,40.26614939499671,-0.6196344579912141,1.3652708997947678,-0.682451794689935,-0.5666544762989884,0.17137647862123018
2026-05-19,AAVE,0.17623185051272622,87.35489044297879,37.56270239906757,-0.8078717125254711,0.7088238769721976,-0.9706082524825239,-0.7444137194674479,-0.23097704079611248
2026-05-20,AAVE,0.10954977213993199,87.97789233271247,38.91666839381607,-0.8352086854180945,0.3595884118401976,-0.7996162499569296,-0.7612999350921792,-0.3244394907786536
2026-05-21,AAVE,0.07840130462102479,88.05967880082578,39.10336384480304,-0.7928989239334434,0.195131816011481,-0.7643155047497563,-0.7095417595887767,-0.36410445289696747
2026-05-22,AAVE,0.2321717176067328,85.92,36.00307322148146,-0.8491154329143291,0.9885978369076097,-1.0967620126975604,-0.7563170861058701,-0.16048459487798516
2026-05-23,AAVE,,,36.00307322148146,-0.6792923463314633,,-1.0713640063479324,-0.5709617560849765,
2026-03-24,ADA,0.05881497682821709,0.26620381894244105,,0.0,,,,
2026-03-25,ADA,0.06677734152496455,0.27034822254806007,,0.0002644861560280987,,,,
2026-03-26,ADA,0.13639906756624992,0.2545891392067584,,-0.0005899145468628486,,,,
2026-03-27,ADA,0.00032835932973311784,0.24590432257931547,,-0.0016480150503265828,,,,
2026-03-28,ADA,-0.0709958039825834,0.24577223396902548,,-0.0022287519846672797,,,,
2026-03-29,ADA,-0.08489772116650962,0.23958116723407022,,-0.002861433544665648,,,,
2026-03-30,ADA,0.029671890197043863,0.24317455758457318,,-0.0028625637980847873,,,,
2026-03-31,ADA,-0.007556945569586591,0.24161684359867408,,-0.0027899977608674877,,,,
2026-04-01,ADA,0.11078127309556351,0.2484146253813803,,-0.0021354571587479817,,,,
2026-04-02,ADA,0.15247838254999888,0.23928447196356822,,-0.0021620747491217455,,,,
2026-04-03,ADA,0.10081470728441334,0.24620430301161852,,-0.0015850334416351152,,,,
2026-04-04,ADA,-0.051442880441676817,0.24791110190477494,,-0.0009889508123388391,,,,
2026-04-05,ADA,0.06336743870034814,0.2506912008448064,,-0.0003414315673190404,,,,
2026-04-06,ADA,0.27057788473643873,0.2461140793117127,,-0.00016435930803520953,,,,
2026-04-07,ADA,0.24303920050054895,0.2626642780457681,68.29634814958267,0.0010572343045187633,,,,
2026-04-08,ADA,0.19902127961075583,0.2508103318155233,58.79378296364398,0.0010543798846069062,,,,
2026-04-09,ADA,0.21458600355818302,0.25416470052220863,60.46989806021594,0.0012523707776963735,,,,
2026-04-10,ADA,0.13589943984162295,0.25427895878074847,60.52879367745732,0.0013562379265317824,,,,
2026-04-11,ADA,0.0012650576380143497,0.24959883993076,56.79605828652216,0.0010866081612739315,,,,
2026-04-12,ADA,0.06630598023540807,0.2361992087636667,47.72194903052068,3.807669843221371e-05,-0.15096134578313744,,0.5059644345298655,
2026-04-13,ADA,0.04169730445009079,0.24870574583568042,54.955570985498255,0.00020949484426592384,-0.38091036516640686,,0.6015135226261009,
2026-04-14,ADA,0.27336561459496167,0.2397083445934665,49.63465806691049,-0.0002362408392133095,1.7408391773079646,,0.28906551601272495,
2026-04-15,ADA,0.1350381801938405,0.2459726113500767,53.04350819591299,-7.092794727316977e-05,0.42616460043467086,,0.3949110057076694,
2026-04-16,ADA,-0.03845508499182759,0.25932446376398144,59.35760676986827,0.0009211871966948327,-1.1764191094833194,,1.0538229131669137,
2026-04-17,ADA,-0.07063392358422556,0.25880092209827804,59.022465836245416,0.001491922852504825,-1.391257393779723,,1.3720591774615467,
2026-04-18,ADA,0.15353316677961318,0.24914281657551474,53.06964693858913,0.0011822801831244973,0.6729650132073997,,1.105546297815272,
2026-04-19,ADA,0.17686498675458134,0.24251400981636229,49.38789966424074,0.0005276935300777344,0.8630417550118274,,0.6351564704407355,
2026-04-20,ADA,0.06475705537240113,0.24802077941980336,52.34561822356233,0.0004644785969953715,-0.19162394142718112,,0.5768841819668343,
2026-04-21,ADA,0.3004395294902091,0.2498969722878162,53.345979381811624,0.0005424842662198207,1.8982485279156183,,0.6172393796650667,
2026-04-22,ADA,0.12038639390121883,0.24849134729308606,52.457518326522695,0.0004942407065421047,0.2530044270536059,,0.5698442842170192,
2026-04-23,ADA,0.30399105886750855,0.24989885148729996,53.29630752816007,0.0005477964414704237,1.8112077553262642,,0.5954866205331979,
2026-04-24,ADA,0.21989220331852494,0.25033338409198924,53.5686651335201,0.0005990092092537909,1.0300341879104493,,0.6194269067975113,
2026-04-25,ADA,0.055880665146797626,0.25038943490464777,53.60624818269409,0.0006205497057892627,-0.4156033303433336,,0.6220810562821504,
2026-04-26,ADA,-0.0030063817100948603,0.25224505043657036,54.90754245002139,0.0007357926670999806,-0.918288108086306,-0.06761325430894885,0.6928947000288647,-0.17973080951854767
2026-04-27,ADA,0.2164973829398087,0.24811780912046905,51.45081732261166,0.0005202363242312455,1.0246145350108469,-0.7617537142572383,0.5207634818730951,0.33754874428909587
2026-04-28,ADA,0.22667908333797823,0.2468073321599323,50.36656738676712,0.000287214802714552,1.0818230779238232,-0.9475587479222563,0.3378776432636834,0.24982489977195743
2026-04-29,ADA,0.3384794424997538,0.24451006604141942,48.43947235612896,-8.167380589832332e-06,1.9418241105568126,-1.275228634679777,0.1083025840703599,0.42665182903989995
2026-04-30,ADA,0.26183524633298627,0.24601325094699966,49.79313263270946,-8.459707550771299e-05,1.2402555362049172,-0.9529087617690701,0.047827669636179786,0.22457788684209978
2026-05-01,ADA,0.2521677518823251,0.24827690810821565,51.84349318377236,2.8939354982307833e-05,1.1237571511333517,-0.5120478049572665,0.13618992947413883,0.3367454978084024
2026-05-02,ADA,0.03994941120147704,0.2500979558647872,53.48906759419267,0.00022727884849423497,-0.6631283653128842,-0.16022522004495326,0.2917617158286139,-0.22579039739005557
2026-05-03,ADA,0.08076762774694199,0.24949547254423493,52.845668681409975,0.00031319186900854805,-0.31046409688730775,-0.2934136895316474,0.3567760574010926,-0.10517692839408958
2026-05-04,ADA,0.17367980043468093,0.24982686211799315,53.179273213287004,0.0003830182106066655,0.48478155200179845,-0.21599330099115124,0.4085434045488213,0.2516776518680204
2026-05-05,ADA,0.349974899757579,0.26203548641906127,63.44094065893499,0.0011962057182340745,1.9078999079575172,1.90562703711564,1.0575283832295022,1.6521065892865496
2026-05-06,ADA,0.27740666191818786,0.2668686982932311,66.56510280103186,0.0019592809849754084,1.257813732792413,2.280676741091457,1.6189723056142504,1.6730202071286773
2026-05-07,ADA,0.2666365540719591,0.26269385980287974,61.66332082543788,0.0020716068760579806,1.1375158511789065,1.267569727024252,1.6380355441013423,1.3266879218092409
2026-05-08,ADA,0.27116717807998264,0.273468709341011,68.17673055154617,0.002719499910434942,1.1452434418832838,2.2627964216180056,2.028963983985885,1.7456254984344808
2026-05-09,ADA,0.5665640968493418,0.27098119800771225,65.41360554778822,0.002816541253198839,3.1437571078135353,1.6639736947740422,1.987932017581947,2.353074556832211
2026-05-10,ADA,0.2569324590901611,0.28240935463694705,71.19051606337827,0.0034448783124769594,0.8340293966579405,2.381478903155085,2.2860868409428234,1.7338814818925488
2026-05-11,ADA,0.2878553002886267,0.28046169591358533,69.07303162396516,0.0035118179050720568,1.0410239913914991,1.901881353779943,2.188980132500409,1.643668042440705
2026-05-12,ADA,0.19447031181660213,0.2710100688697019,59.78046331458278,0.0027364854866193866,0.3437219831336434,0.4750637121223399,1.6044421310307537,0.7613405461993854
2026-05-13,ADA,0.28991039938669577,0.2645236941916904,54.37416524868184,0.0016568759703755095,1.037110533494235,-0.35417748029761664,0.8727576822659338,0.5704182739881891
2026-05-14,ADA,0.37426612340401866,0.2704806155796174,58.12002603612392,0.0012334721085063326,1.6094347512098925,0.22812137728647497,0.5836217795667509,0.8872968475399249
2026-05-15,ADA,0.288097300180886,0.2615066432491059,51.28863019932256,0.0002878946798023953,0.9572648670602127,-0.8348174220701968,-0.04876371077840052,0.11783160696950591
2026-05-16,ADA,0.05402283302643335,0.2549972409274598,46.97546756894505,-0.0007787753630347427,-0.7559643429948166,-1.4590776674700108,-0.7583488288735631,-0.9676136861009987
2026-05-17,ADA,0.01748884957038265,0.2520623174235924,45.13255387163217,-0.0016355374301238066,-1.0072134784972229,-1.6641069816177207,-1.3060933903389869,-1.2939455029859015
2026-05-18,ADA,0.18060403840459766,0.25150653288368763,44.77432769409779,-0.0021602615501021072,0.19706602345062516,-1.6406184684017682,-1.605285558338949,-0.894944798641965
2026-05-19,ADA,0.33959782201494165,0.24801462148332398,42.49230909880026,-0.002631816895898693,1.3482918227398724,-1.8731187732996128,-1.8420067917513074,-0.575220940419327
2026-05-20,ADA,0.3584529519813751,0.2490478107601212,43.41132075743613,-0.00275054757682995,1.4473515476327394,-1.6632661247333889,-1.8440334841328472,-0.473249263606775
2026-05-21,ADA,0.3705321869532615,0.250382279041614,44.64184381710911,-0.0026164145581425097,1.4929411555971672,-1.4372829611187938,-1.6995082864693587,-0.3438609120375788
2026-05-22,ADA,0.1408292088890375,0.24237278625788267,39.14050863603975,-0.002921169373763472,-0.16973261803154424,-2.0720611599255854,-1.8196519242405857,-1.235406972462469
2026-05-23,ADA,,,39.14050863603975,-0.0023369354990107776,,-1.9608740277777064,-1.414237896431212,
2026-03-24,AFRM,0.5037077092198035,44.79,,0.0,,,,
2026-03-25,AFRM,0.20628570265173912,45.05,,0.01659259259259329,,,,
2026-03-26,AFRM,0.6891073310228065,43.85,,-0.05049631740002496,,,,
2026-03-27,AFRM,-0.02341428571428572,42.53,,-0.17406128884836083,,,,
2026-03-28,AFRM,,,,-0.13924903107868866,,,,
2026-03-29,AFRM,,,,-0.11139922486295092,,,,
2026-03-30,AFRM,0.19763495652228596,43.03,,-0.1972816627556831,,,,
2026-03-31,AFRM,0.12991268623918295,45.82,,-0.02547351284435248,,,,
2026-04-01,AFRM,0.836,45.54,,0.06723190132370657,,,,
2026-04-02,AFRM,0.14346678603061488,46.31,,0.1723527941092227,,,,
2026-04-03,AFRM,0.6701589429725427,,,0.13788223528737814,,,,
2026-04-04,AFRM,0.7604910319093615,,,0.11030578822990253,,,,
2026-04-05,AFRM,-0.3388487273275852,,,0.08824463058392203,,,,
2026-04-06,AFRM,-0.20793382477611302,48.45,,0.4721412386896472,,,,
2026-04-07,AFRM,0.49638,47.4,,0.4561746825108534,,,,
2026-04-08,AFRM,0.4938141691036523,49.81,,0.5741785902659369,,,,
2026-04-09,AFRM,0.5154,49.01,,0.5638032595325565,,,,
2026-04-10,AFRM,-0.607135220515728,48.53,,0.4926428319627185,,,,
2026-04-11,AFRM,0.80545,,,0.3941142655701748,,,,
2026-04-12,AFRM,0.8288666666666668,,,0.3152914124561399,,,0.6118058262266003,
2026-04-13,AFRM,0.3407,51.97,,0.6284925271526384,,,1.6555729286125487,
2026-04-14,AFRM,0.4646,55.82,,0.9003718850043589,0.29357716330026606,,2.2498044579692196,
2026-04-15,AFRM,0.4939,59.62,,1.2553950427402905,0.35608244959694574,,2.700499623271493,
2026-04-16,AFRM,0.25943333333333335,60.28,,1.440671459273927,-0.22817269041513502,,2.6088813123412593,
2026-04-17,AFRM,0.17282,64.5,85.40611985899024,1.7337487125706939,-0.4395956578761033,,2.67420572545907,
2026-04-18,AFRM,0.6072,,85.40611985899024,1.3869989700565548,0.6781329559801484,,1.8196407915983928,
2026-04-19,AFRM,0.4939,,85.40611985899024,1.109599176045244,0.36915297299775274,,1.2424173156426785,
2026-04-20,AFRM,0.17,67.06,85.40611985899024,1.8180338613595213,-0.49405547588325427,,2.2407484324195797,
2026-04-21,AFRM,0.33956666666666663,64.6,73.04011092978087,1.6445952046582795,-0.02830717205237208,,1.799165252203055,
2026-04-22,AFRM,0.06743333333333333,66.58,75.54152856756613,1.5416613646031907,-0.7671975033201497,,1.538579492010061,
2026-04-23,AFRM,0.35015,62.98,63.92761469949978,1.1286982175039073,0.029229841302646553,,0.8695909770751572,
2026-04-24,AFRM,0.0,63.72,65.11487783437774,0.8174590469940801,-0.9446395388384028,,0.37615334135941214,
2026-04-25,AFRM,,,65.11487783437774,0.6539672375952641,,,0.11511944480965434,
2026-04-26,AFRM,0.1531,,65.11487783437774,0.5231737900762106,-0.4945385047555048,,-0.09419360472970417,
2026-04-27,AFRM,0.41335,65.13,65.11487783437774,0.4816356384742022,0.25881203597840957,,-0.15981100948678684,
2026-04-28,AFRM,0.9042,63.16,58.249880111036845,0.16803756302765027,1.6123982455202477,,-0.6666324405536986,
2026-04-29,AFRM,0.7579,63.48,58.86805227291064,-0.06339233914876274,1.150183622738351,,-1.0241521356461647,
2026-04-30,AFRM,0.34835,,58.86805227291064,-0.05071387131901073,-0.020201823345270577,,-0.9768440072875411,
2026-05-01,AFRM,,,58.86805227291064,-0.040571097055209115,,,-0.9365391401294564,
2026-05-02,AFRM,,,58.86805227291064,-0.032456877644167825,,,-0.9018458020179555,
2026-05-03,AFRM,0.8097,,58.86805227291064,-0.025965502115334438,1.269292247875369,,-0.8716880892706919,
2026-05-04,AFRM,0.17556666666666665,,58.86805227291064,-0.020772401692267906,-0.5431057680714854,,-0.8452255033809811,
2026-05-05,AFRM,0.39165,,58.86805227291064,-0.01661792135381468,0.08281190398887696,,-0.8217957280258351,
2026-05-06,AFRM,-0.46535992093384265,,58.86805227291064,-0.013294337083052277,-2.2385670422542647,-0.792817194750262,-0.8008729983322083,-1.373533874826447
2026-05-07,AFRM,0.135025,,58.86805227291064,-0.010635469666442354,-0.5649571445893684,-0.7627565182747149,-0.7820372575595295,-0.6894209905860207
2026-05-08,AFRM,0.54915,,58.86805227291064,-0.008508375733153883,0.5834010250384472,-0.7359185126078495,-0.764950963158989,-0.21690043271467266
2026-05-09,AFRM,0.6763333333333333,,58.86805227291064,-0.006806700586523107,0.9210740866001237,-0.7117617843441286,-0.7493414309924087,-0.06990132996091167
2026-05-10,AFRM,0.4215,,58.86805227291064,-0.005445360469218841,0.19899248642947748,-0.6898647267123764,-0.7349872597635292,-0.3478586013709807
2026-05-11,AFRM,0.40090824022858096,,58.86805227291064,-0.004356288375375605,0.13856576339327578,-0.6698934017125178,-0.7217078056767645,-0.36205405685947434
2026-05-12,AFRM,0.1171,,58.86805227291064,-0.0034850307003004843,-0.6707058413956923,-0.6515793670236864,-0.7093549652293949,-0.6765626362342013
2026-05-13,AFRM,0.21364,,58.86805227291064,-0.0027880245602407427,-0.38512745789551456,-0.6347040004257696,-0.6978067223753868,-0.5538041999985527
2026-05-14,AFRM,0.2961416666666667,,58.86805227291064,-0.002230419648192594,-0.14136455535654446,-0.619087183896836,-0.6869620558616815,-0.44836059407017304
2026-05-15,AFRM,0.5881833333333334,,58.86805227291064,-0.0017843357185540754,0.713973291099552,-0.6045789823559895,-0.676736902600021,-0.0988054490469823
2026-05-16,AFRM,,,58.86805227291064,-0.001427468574843438,,-0.5910534227127383,-0.6670609458616219,
2026-05-17,AFRM,0.66445,,58.86805227291064,-0.0011419748598751056,0.9235568459548897,-0.5784037736720931,-0.6578750509872979,-0.0014609090158613502
2026-05-18,AFRM,0.37095,,58.86805227291064,-0.0009135798879000845,0.04627813547137348,-0.5665389160160792,-0.6491292116415912,-0.34618918410875166
2026-05-19,AFRM,0.11549999999999999,,58.86805227291064,-0.0007308639103200676,-0.7140187498970859,-0.5553805173502533,-0.6407809001393548,-0.6444559252057168
2026-05-20,AFRM,-0.5062000000000001,,58.86805227291064,-0.0005846911282567646,-2.4196724122387705,-0.5448608085551611,-0.6327937386426078,-1.3211653290548389
2026-05-21,AFRM,0.02865781620770693,,58.86805227291064,-0.0004677529026055893,-0.8655229566077899,-0.5349208159859927,-0.6251364259143622,-0.6942263552132224
2026-05-22,AFRM,0.5857207306444645,,58.86805227291064,-0.000374202322085182,0.7310946457567518,-0.5255089428736467,-0.6177818681583517,-0.05054938500689879
2026-05-23,AFRM,,,58.86805227291064,-0.00029936185766832324,,-0.5165798211441315,-0.617631103070389,
2026-03-24,AMC,0.062041772062363755,0.9959,,0.0,,,,
2026-03-25,AMC,0.019851990248907374,0.99,,-0.00037652421652420995,,,,
2026-03-26,AMC,0.10789527005951076,0.9653,,-0.0021682224007922458,,,,
2026-03-27,AMC,0.06614850749948797,0.9482,,-0.004263044369654136,,,,
2026-03-28,AMC,0.19788281225798496,,,-0.0034104354957233086,,,,
2026-03-29,AMC,-0.04658107361231293,,,-0.002728348396578647,,,,
2026-03-30,AMC,0.20593385974923237,0.98,,-0.0021436094175226266,,,,
2026-03-31,AMC,0.32638029424733067,0.98,,-0.0015642215607367732,,,,
2026-04-01,AMC,0.0797237817581039,1.03,,0.0021097685529284102,,,,
2026-04-02,AMC,0.254094158923752,1.12,,0.010078696739470039,,,,
2026-04-03,AMC,0.34562816724144635,,,0.008062957391576031,,,,
2026-04-04,AMC,0.11321568440984266,,,0.006450365913260825,,,,
2026-04-05,AMC,0.05754838955680427,,,0.00516029273060866,,,,
2026-04-06,AMC,0.15691485222365623,1.26,,0.03133537773449501,,,,
2026-04-07,AMC,0.171196740401132,1.28,,0.036072438832947015,,,,
2026-04-08,AMC,0.3767291288217742,1.34,,0.04079132251814087,,,,
2026-04-09,AMC,0.3311343400478008,1.35,,0.04196758640635777,,,,
2026-04-10,AMC,0.02711438557444885,1.35,,0.04012791388430904,,,,
2026-04-11,AMC,0.5059835423522477,,,0.03210233110744722,,,,
2026-04-12,AMC,0.21336999073851026,,,0.025681864885957778,0.24362339369258038,,0.7145284511870617,
2026-04-13,AMC,0.3553271992305107,1.45,,0.03795228897996841,1.166228404608355,,1.318025627360546,
2026-04-14,AMC,0.20738348839671314,1.54,,0.042236875601918925,0.13791662354350806,,1.4419984059738233,
2026-04-15,AMC,0.1042940586778935,1.67,,0.05022169043216476,-0.5766628012831224,,1.7038717565164034,
2026-04-16,AMC,-0.011893272645432088,1.61,,0.04786733791370043,-1.328851562795872,,1.4725759429522016,
2026-04-17,AMC,0.3341214560805493,1.86,85.09144384118575,0.058830391091226425,1.067469602013702,,1.831420918927915,
2026-04-18,AMC,0.45573869753560264,,85.09144384118575,0.04706431287298113,1.761572575007449,,1.2135015436537766,
2026-04-19,AMC,0.18005086628762437,,85.09144384118575,0.0376514502983849,-0.08502901897089218,,0.7517689949273874,
2026-04-20,AMC,0.3520122009497349,1.83,85.09144384118575,0.051929523216708684,1.0486473994298806,,1.3489852014414476,
2026-04-21,AMC,0.2553965453097246,1.67,64.74592382991206,0.037477368091930724,0.38242726509818314,,0.6639271864323434,
2026-04-22,AMC,0.18270877452620504,1.71,66.5030941212504,0.02746975584174899,-0.11883192714931684,,0.1932951606442947,
2026-04-23,AMC,0.2538056132954533,1.67,63.11524937857715,0.015604490295672624,0.37507443094415494,,-0.3635464349670922,
2026-04-24,AMC,-0.055318143981469926,1.64,60.62094032511141,0.0037994913271308106,-1.7155659725885062,,-0.9056252840497866,
2026-04-25,AMC,0.06109472493793625,,60.62094032511141,0.0030395930617046207,-0.887327433578333,,-0.9157741220216493,
2026-04-26,AMC,-0.016579848311525407,,60.62094032511141,0.00243167444936368,-1.3631090445427925,,-0.9192619760220992,
2026-04-27,AMC,0.19710703276769048,1.65,60.62094032511141,-0.0061217086480588045,0.0932235350409513,,-1.2824544144980954,
2026-04-28,AMC,0.34701418273514656,1.64,59.5655130195162,-0.013403746218347556,1.0958292867569024,,-1.5518552410045736,
2026-04-29,AMC,-0.07337987116387976,1.56,53.07775772524158,-0.023982917655967162,-1.705175007292405,,-1.912966001497526,
2026-04-30,AMC,0.24103560759238365,1.52,50.13729830842126,-0.033466722604230115,0.39548401667791516,,-2.155989594379505,
2026-05-01,AMC,0.24271546993778348,1.45,45.397525399131496,-0.043605068815199655,0.40088625809972905,,-2.3563185003307976,
2026-05-02,AMC,-0.006038753329976956,,45.397525399131496,-0.03488405505215972,-1.260896312286025,,-1.888904334330951,
2026-05-03,AMC,0.32931318954757843,,45.397525399131496,-0.027907244041727786,0.9934880489052484,,-1.5513238471297344,
2026-05-04,AMC,0.18598880294590658,1.45,45.397525399131496,-0.041115248642383195,0.019236289135788925,,-1.9287478499313924,
2026-05-05,AMC,0.2677915873495563,1.59,56.46815681458346,-0.03516316359250973,0.5731137505660675,,-1.63670002019108,
2026-05-06,AMC,0.3276448047990523,1.64,59.06914905871534,-0.027463190322312703,0.9662959160510344,-0.20425790423725146,-1.319476706594373,-0.07060201682907358
2026-05-07,AMC,0.13705623031219508,1.52,51.16743085428277,-0.029857728583291374,-0.35189228331139405,-0.7539529982936419,-1.3583965861140488,-0.7744617886468648
2026-05-08,AMC,0.24612931488603484,1.5,49.967700573440574,-0.0320039672715917,0.4074862836977953,-0.8107397830008327,-1.3865930792661414,-0.49620534520097404
2026-05-09,AMC,0.4088367906722529,,49.967700573440574,-0.025603173817273367,1.5031993098713403,-0.7821179487187898,-1.1370350141800172,0.025533835078894063
2026-05-10,AMC,0.1278314678775755,,49.967700573440574,-0.020482539053818694,-0.4502406696706552,-0.7563642296326163,-0.9420599476099907,-0.6896235210410442
2026-05-11,AMC,0.24556153857699917,1.41,49.967700573440574,-0.03382832194819524,0.37324574343234085,-0.7330265847155113,-1.359397937004662,-0.4784290591431156
2026-05-12,AMC,0.3707263227854849,1.34,45.000474977999225,-0.04109420716026589,1.22913054965899,-1.0669894223417082,-1.550720161362064,-0.29366065524753565
2026-05-13,AMC,0.3039447460136221,1.33,44.44655020656813,-0.044717754555184445,0.7463683933222637,-1.0644397864360358,-1.6116441655326215,-0.5042778282616917
2026-05-14,AMC,0.2036284291629162,1.34,45.17334221783586,-0.044490128743595744,0.03515393081502364,-0.9734006273797507,-1.5503004160219487,-0.7430487406945003
2026-05-15,AMC,0.4159217712970009,1.28,41.65227906155584,-0.04622642916137107,1.5054476470876506,-1.188393641804829,-1.5536666799806345,-0.22043903770057877
2026-05-16,AMC,0.4241064796831482,,41.65227906155584,-0.036981143329096855,1.514465798633056,-1.1416147057336108,-1.2279384071331005,-0.10507961440679087
2026-05-17,AMC,0.04007806064467671,,41.65227906155584,-0.029584914663277485,-1.1387056006547756,-1.1000093162844222,-0.9745742009057435,-1.0778572954189598
2026-05-18,AMC,0.28877029923641645,1.36,41.65227906155584,-0.028491926473046797,0.5831010647089246,-1.0626864609497861,-0.9240780281499402,-0.362788920846348
2026-05-19,AMC,0.1747279965377505,1.36,41.65227906155584,-0.024703405006675738,-0.21253456162848183,-1.0289563118304266,-0.7917054395811972,-0.6312123500748799
2026-05-20,AMC,0.17994605226836535,1.52,53.147515989637924,-0.010826851913910805,-0.17418401093349142,-0.17136724158595454,-0.3441945307270534,-0.22434213606729897
2026-05-21,AMC,0.35014127917865817,1.56,55.50748178619277,0.0010118090490274698,1.01866614671975,0.006711108716032386,0.03741087766819027,0.4207030546031668
2026-05-22,AMC,0.40912341224273696,1.52,52.65141837172954,0.00584483731248117,1.4019162026854668,-0.20914283523636015,0.19302322472215416,0.5559305979199249
2026-05-23,AMC,,,52.65141837172954,0.004675869849984936,,-0.20625149943160026,0.15208131908013267,
2026-03-24,AMD,0.1182418286543172,205.37,,0.0,,,,
2026-03-25,AMD,0.18500758734507905,220.27,,0.9508831908831781,,,,
2026-03-26,AMD,0.13782061581747418,203.77,,0.44187277700665617,,,,
2026-03-27,AMD,0.257577791703256,201.99,,-0.017098604543351048,,,,
2026-03-28,AMD,0.3622437862419209,,,-0.013678883634680838,,,,
2026-03-29,AMD,0.36783005110292866,,,-0.010943106907744693,,,,
2026-03-30,AMD,0.2597992256882565,196.04,,-0.9911899454469439,,,,
2026-03-31,AMD,0.03778049415525429,203.43,,-0.7892334253432493,,,,
2026-04-01,AMD,0.3814031695234823,210.21,,-0.18761564799993474,,,,
2026-04-02,AMD,0.30070106026885485,217.5,,0.6659388872009678,,,,
2026-04-03,AMD,0.07442440492773465,,,0.5327511097607742,,,,
2026-04-04,AMD,0.35105544723150073,,,0.42620088780861937,,,,
2026-04-05,AMD,0.44619794519710804,,,0.34096071024689545,,,,
2026-04-06,AMD,0.20411973955029467,220.18,,1.6974360266876647,,,,
2026-04-07,AMD,0.0908724717393658,221.53,,1.9478468205667776,,,,
2026-04-08,AMD,0.24629944188516573,231.82,,2.647991232298838,,,,
2026-04-09,AMD,0.26487806566516486,236.64,,3.238199307181687,,,,
2026-04-10,AMD,0.37651295900137843,245.04,,3.9496484586161036,,,,
2026-04-11,AMD,0.27305343293635925,,,3.1597187668928823,,,,
2026-04-12,AMD,0.24785588765497252,,,2.5277750135143053,-0.011590094359546166,,1.050135856139776,
2026-04-13,AMD,0.38350109401873733,246.83,,3.7951144303886544,1.1080033263855589,,1.735877046667821,
2026-04-14,AMD,0.4120734867357105,255.07,,4.223329646022901,1.2712573866219181,,1.805903145159283,
2026-04-15,AMD,0.33219291276902524,258.12,,4.399937497395442,0.5744960999639092,,1.735411895749527,
2026-04-16,AMD,0.32031709389491575,278.26,,5.490200178965267,0.4601424710651115,,2.083614133353652,
2026-04-17,AMD,0.20818660028110617,278.39,94.90502310074868,5.806465906573088,-0.5127578178181701,,2.007036223097895,
2026-04-18,AMD,0.37912704405600023,,94.90502310074868,4.645172725258471,0.9751884749015944,,1.348922348542279,
2026-04-19,AMD,0.46125125883552465,,94.90502310074868,3.7161381802067766,1.5910362585034183,,0.8663514958442475,
2026-04-20,AMD,0.3219571677810775,274.95,94.90502310074868,4.3685606283751035,0.38010407484183095,,1.1361791554074256,
2026-04-21,AMD,0.25806181984096016,284.49,95.33293791535502,4.3838790703132045,-0.17760515609007907,,1.0990540828088275,
2026-04-22,AMD,0.377474139745078,303.46,95.92951487914183,5.234470730888681,0.8630272858206954,,1.4312894730449939,
2026-04-23,AMD,0.1966470895023876,305.33,95.98401208766732,5.460793573689003,-0.73997094912687,,1.4580408463866417,
2026-04-24,AMD,0.2912732550213493,347.81,96.97484994624571,7.863161672680132,0.1133694768271543,,2.301096211595916,
2026-04-25,AMD,0.410657452893418,,96.97484994624571,6.290529338144104,1.1655483641453643,,1.54019149048378,
2026-04-26,AMD,0.17588634445059267,,96.97484994624571,5.032423470515283,-0.9489959119210813,,0.9836694459832029,
2026-04-27,AMD,0.16187894036169623,334.63,96.97484994624571,6.961389143076531,-1.0442386263437833,,1.6883980596738608,
2026-04-28,AMD,0.16496225868488185,323.21,89.03199503443318,5.599002729511948,-0.98784536495061,,1.099438919330552,
2026-04-29,AMD,0.1837292089419853,337.11,89.91437431973645,5.102087951151095,-0.7985668732818996,,0.8766297900412743,
2026-04-30,AMD,0.21014991874676778,354.49,90.90015707546897,5.384139900157031,-0.5470379367925511,,0.9656315826173765,
2026-05-01,AMD,0.18050346619940702,360.54,91.22180009019452,5.4043217985613765,-0.8038418848267964,,0.9498104415131149,
2026-05-02,AMD,0.27433122046380415,,91.22180009019452,4.323457438849097,0.06716348543859961,,0.5023384471603805,
2026-05-03,AMD,0.17716707006072918,,91.22180009019452,3.458765951079279,-0.829871346534281,,0.14548933418003623,
2026-05-04,AMD,0.16520310184659437,341.54,91.22180009019452,2.438151003578561,-0.9219463615992801,,-0.27528709305965643,
2026-05-05,AMD,0.15770847453959136,355.26,92.07611122925056,1.8881586026308739,-0.9702109717335571,,-0.49924708344939167,
2026-05-06,AMD,0.2800654923031947,421.39,94.38683891483576,5.364346241915378,0.18605403791151226,0.22250769941251733,0.9542722859644908,0.42745561077770733
2026-05-07,AMD,0.21291593063195413,408.46,88.92642083891818,6.124187098563702,-0.4509002334420125,-1.663386380318299,1.2402047193576076,-0.3073145916650125
2026-05-08,AMD,0.2763560651574404,455.19,90.96154378955305,8.93504586512335,0.1603814725566604,-0.8949110652532771,2.2568025037488617,0.4727200205713395
2026-05-09,AMD,0.2806670671749631,,90.96154378955305,7.148036692098678,0.20029201288404563,-0.8605900019027514,1.4860269792218503,0.267747898349348
2026-05-10,AMD,0.3596725811862386,,90.96154378955305,5.718429353678943,0.960532574536124,-0.8299856290433907,0.9030863557989893,0.4061432478411292
2026-05-11,AMD,0.30611978049850413,458.79,90.96154378955305,9.80865389331914,0.4262876673308994,-0.8024683861271995,2.3473794046184846,0.6339883724797453
2026-05-12,AMD,0.22171986498261678,448.29,86.17506113885337,8.588373751634734,-0.409951098831333,-2.234516956708377,1.8051568912238383,-0.29278845917789487
2026-05-13,AMD,0.17948021342253329,445.5,85.13047353279585,6.777082986301558,-0.8207300358872963,-2.2621863470834165,1.1150162351729418,-0.672443047928061
2026-05-14,AMD,0.31905127978942244,449.7,85.41704864172533,5.120948193875314,0.5790073148168853,-1.971577441041927,0.5028097075745308,-0.20902739411346472
2026-05-15,AMD,0.14471548748071336,424.1,75.82465232164917,1.735441423286943,-1.1634728492633384,-3.455858347210461,-0.7345338704021245,-1.722506804989111
2026-05-16,AMD,0.12251325227086447,,75.82465232164917,1.3883531386295545,-1.3509497789570781,-2.860794504161473,-0.8492382668663687,-1.6533897428911837
2026-05-17,AMD,0.25057651218167165,,75.82465232164917,1.1106825109036436,-0.06625612897884507,-2.4956011577950603,-0.9359590583260721,-1.0559705164278776
2026-05-18,AMD,0.2793942143534877,420.99,75.82465232164917,-1.8463285364838669,0.22331267086831486,-2.242410526223508,-1.9450419486691461,-1.1669106741204702
2026-05-19,AMD,0.27636925490317427,414.05,72.84186790837904,-4.334108957850212,0.19070183271710797,-2.404279283680137,-2.636098765012377,-1.4358326815209108
2026-05-20,AMD,0.20471759472371043,447.58,76.72407515075624,-3.967251678403997,-0.5411143453331956,-1.7373478254904369,-2.3623322845909436,-1.4463497711576925
2026-05-21,AMD,0.17734656209134983,449.59,76.93691036910995,-3.832884650867612,-0.8130976187145493,-1.6162635653508015,-2.1993759195507194,-1.469930892956276
2026-05-22,AMD,0.08095615669029041,467.36,78.78395358776048,-2.836779449559465,-1.7516529442074815,-1.315556987761909,-1.8160293097253453,-1.6401370669291688
2026-05-23,AMD,,,78.78395358776048,-2.269423559647578,,-1.2680134345849061,-1.6049255764665675,
2026-03-24,AMZN,0.37362817983544544,207.24,,0.0,,,,
2026-03-25,AMZN,0.38983687762362096,211.71,,0.2852649572649625,,,,
2026-03-26,AMZN,0.27932603306168297,207.54,,0.18233961087976694,,,,
2026-03-27,AMZN,0.267033925414216,199.34,,-0.41610115464571756,,,,
2026-03-28,AMZN,0.20436450966064348,,,-0.332880923716574,,,,
2026-03-29,AMZN,0.4097558204914165,,,-0.26630473897325924,,,,
2026-03-30,AMZN,0.157629914152682,200.95,,-0.7109931199811497,,,,
2026-03-31,AMZN,0.12540839225993092,208.27,,-0.3261804265397665,,,,
2026-04-01,AMZN,0.2203722405593562,210.57,,0.08250446531780942,,,,
2026-04-02,AMZN,0.20199782714376804,209.77,,0.2867052491101945,,,,
2026-04-03,AMZN,0.29181091852524677,,,0.22936419928815563,,,,
2026-04-04,AMZN,0.30066220312265846,,,0.18349135943052453,,,,
2026-04-05,AMZN,0.19266087815514416,,,0.14679308754441964,,,,
2026-04-06,AMZN,0.3743814992885751,212.79,,0.7556257301745826,,,,
2026-04-07,AMZN,0.3595823746177033,213.77,,0.9013638073788998,,,,
2026-04-08,AMZN,0.3145186876133689,221.25,,1.4205332924135405,,,,
2026-04-09,AMZN,0.2148505983025969,233.65,,2.4572918502803667,,,,
2026-04-10,AMZN,0.16976185241784658,238.38,,3.269034468198785,,,,
2026-04-11,AMZN,0.41307000676665445,,,2.615227574559028,,,,
2026-04-12,AMZN,0.3511313931732612,,,2.092182059647222,0.7788741106866838,,1.280112694969862,
2026-04-13,AMZN,0.181238084583225,239.89,,3.3434540710367795,-1.0409315554572003,,2.055873929038437,
2026-04-14,AMZN,0.33751221092160455,249.02,,3.9225829726353183,0.6562586587166229,,2.1584534744626462,
2026-04-15,AMZN,0.08268646434678716,248.5,,4.000895773040288,-1.9389817737771728,,1.9602749187727042,
2026-04-16,AMZN,0.23804204196254627,249.7,,3.8618489882359794,-0.32455394052958947,,1.705329386929666,
2026-04-17,AMZN,0.23053809319706173,250.56,90.4614682662879,3.5633545478867994,-0.3945748058142485,,1.4205426151203975,
2026-04-18,AMZN,0.3405168640786529,,90.4614682662879,2.850683638309439,0.7626941129479374,,0.9443623613726047,
2026-04-19,AMZN,0.36136649342130106,,90.4614682662879,2.2805469106475513,0.9529572700592794,,0.5774043423370693,
2026-04-20,AMZN,0.27925672934750567,248.28,90.4614682662879,2.2175314504871206,0.06164798277782867,,0.5257992989114837,
2026-04-21,AMZN,0.25918503811137633,249.91,90.78767603826219,1.808311831241035,-0.1573380797914168,,0.2612644403707412,
2026-04-22,AMZN,0.31974753274301343,255.36,91.62780728629241,1.7120587510305025,0.5127744289023706,,0.19576287931377118,
2026-04-23,AMZN,0.3076291992940822,255.08,91.16779903806098,1.4474354379506416,0.3679925869963279,,0.02168125177500276,
2026-04-24,AMZN,0.29811039394880373,263.99,92.46428328756804,1.6743382484578628,0.2537710926670457,,0.1704755997853122,
2026-04-25,AMZN,0.36434057860614344,,92.46428328756804,1.3394705987662903,0.9993509107905446,,-0.055879170443758674,
2026-04-26,AMZN,0.23289089252601916,,92.46428328756804,1.0715764790130322,-0.5324900527331722,,-0.23687266793676146,
2026-04-27,AMZN,0.3936823960182612,261.12,92.46428328756804,1.2526150278088828,1.319094803197298,,-0.10870231765800889,
2026-04-28,AMZN,0.22260648380426595,259.7,89.64352040542681,0.8071014697178338,-0.6715600739331631,,-0.4180566139655765,
2026-04-29,AMZN,0.30728858190267005,263.04,90.2570392364749,0.5847228262478534,0.323605577989714,,-0.5675140880990962,
2026-04-30,AMZN,0.2864377983366809,265.06,90.61899435842594,0.428286262537128,0.0733013202586177,,-0.6679955634319491,
2026-05-01,AMZN,0.3480153816075417,268.26,91.17811854926778,0.3957102723570749,0.8024051785841461,,-0.6788388283089973,
2026-05-02,AMZN,0.36448230024545997,,91.17811854926778,0.31656821788565814,0.9781055316611332,,-0.7230108572949221,
2026-05-03,AMZN,0.296392886304739,,91.17811854926778,0.2532545743085244,0.14689630619469174,,-0.7550888267292115,
2026-05-04,AMZN,0.313983192103861,272.05,91.17811854926778,0.6901002917056047,0.3590016393266332,,-0.42404219896018425,
2026-05-05,AMZN,0.42593031803961623,273.55,91.49762466296252,0.5823978634371869,1.674175118026343,,-0.4977244895590283,
2026-05-06,AMZN,0.4077184961107312,274.99,91.7493706264463,0.4548686862628468,1.4021775159158272,0.6791700664767999,-0.585416520954981,0.5889970700228765
2026-05-07,AMZN,0.34801499896856736,271.17,84.59376872846869,-0.015119872245710653,0.6728716138805307,-3.808624356917381,-0.9249894750160783,-1.1509355040278253
2026-05-08,AMZN,0.3294177899880987,272.68,85.08882350512727,-0.3349351501820994,0.4419750184237186,-2.7236335438424777,-1.1400751423867665,-0.9823225984992857
2026-05-09,AMZN,0.4261649059373697,,85.08882350512727,-0.2679481201456806,1.562585954691367,-2.3053417550725155,-1.0639662019315197,-0.3857580052246637
2026-05-10,AMZN,0.42043515475443277,,85.08882350512727,-0.2143584961165459,1.4445534248882805,-2.035569835426259,-1.0015883524694285,-0.333326086413394
2026-05-11,AMZN,0.08562907268635284,268.99,85.08882350512727,-0.8190308655952556,-2.350026612362791,-1.8431452984422676,-1.4159035930678256,-1.9177253123981446
2026-05-12,AMZN,0.27551931085268183,265.82,78.01049186303582,-1.4497210619231442,-0.2093993855428906,-3.292435648326745,-1.8071269890263448,-1.6136285454230832
2026-05-13,AMZN,0.447452471957491,270.13,79.99603252096627,-1.6093337856572738,1.6787027868153774,-2.3583706560766915,-1.8388073655105235,-0.5876722917500135
2026-05-14,AMZN,0.2878927623819742,267.22,75.06752132339719,-1.922412648662526,-0.09995786551168016,-2.9234017713505485,-1.962976741775894,-1.5058967001426047
2026-05-15,AMZN,0.24386604259834838,264.14,70.14183413226718,-2.321736438851289,-0.5882959088599385,-3.1290351326694146,-2.1193985113508895,-1.8098484567500666
2026-05-16,AMZN,0.5188916065943748,,70.14183413226718,-1.8573891510810334,2.367087348645411,-2.6611920529951996,-1.7391910605097876,-0.3732799945933316
2026-05-17,AMZN,0.3287055821335381,,70.14183413226718,-1.485911320864826,0.3082816798479449,-2.3557579611115176,-1.452376056991188,-1.0191275334916337
2026-05-18,AMZN,0.2837548008429866,264.86,70.14183413226718,-1.9755881934025155,-0.18006398808023294,-2.136327442977486,-1.7064916744155585,-1.2248713304500065
2026-05-19,AMZN,0.2492595561864203,259.34,60.56230346697556,-2.4984505245810738,-0.5530573228702101,-2.8713073749054923,-1.9506257336381903,-1.6678028617111886
2026-05-20,AMZN,0.1249906103577833,265.01,64.8853125772849,-2.417552108439896,-1.8524092795504012,-2.16269422547455,-1.8272892686735789,-1.9379587600645989
2026-05-21,AMZN,0.3961474480612359,268.46,67.23851308756562,-2.098634104720114,1.061184883739312,-1.788725717039228,-1.584142893269858,-0.5873866295970009
2026-05-22,AMZN,,266.32,64.35747826609938,-1.9992057725598285,,-1.942540400090585,-1.4831797741732204,
2026-05-23,AMZN,,,64.35747826609938,-1.5993646180478631,,-1.8235879050977388,-1.2159501393150878,
2026-03-24,ARM,0.19100869565217393,134.96,,0.0,,,,
2026-03-25,ARM,0.00301236832921604,157.07,,1.4110085470085323,,,,
2026-03-26,ARM,0.19083109973975765,154.8,,2.0733518981177075,,,,
2026-03-27,ARM,-0.21088888888888888,144.13,,1.6909313111164126,,,,
2026-03-28,ARM,0.3894333333333333,,,1.35274504889313,,,,
2026-03-29,ARM,0.060979770001769046,,,1.082196039114504,,,,
2026-03-30,ARM,0.15919689841169868,136.96,,0.24681948140027754,,,,
2026-03-31,ARM,0.3455111111111111,151.28,,0.7548944188264368,,,,
2026-04-01,ARM,0.2442687684115395,155.07,,1.2560137109397358,,,,
2026-04-02,ARM,0.0869,149.11,,1.1014189064363413,,,,
2026-04-03,ARM,,,,0.8811351251490729,,,,
2026-04-04,ARM,0.4362497379665928,,,0.7049081001192583,,,,
2026-04-05,ARM,0.3818,,,0.5639264800954065,,,,
2026-04-06,ARM,0.26335,148.77,,0.6004240378394363,,,,
2026-04-07,ARM,0.25952500979031123,143.86,,0.1179315123977327,,,,
2026-04-08,ARM,0.014725000000000016,148.91,,0.10007265450809699,,,,
2026-04-09,ARM,0.18252075490206482,149.795,,0.10834471320831662,,,,
2026-04-10,ARM,0.6131249999999999,148.93,,0.02063363800282758,,,,
2026-04-11,ARM,0.46545873376280067,,,0.01650691040226171,,,,
2026-04-12,ARM,-0.2642303630486131,,,0.013205528321809101,,,-1.0917956422758297,
2026-04-13,ARM,0.32742559651037056,157.58,,0.7643681256337258,0.5521802066963282,,0.09182716386806761,
2026-04-14,ARM,0.8572,161.22,,1.1187493999741056,2.423065867286905,,0.644319862677861,
2026-04-15,ARM,,159.34,,1.1258241091631467,,,0.6359806366731171,
2026-04-16,ARM,0.5364827448248863,162.33,,1.2230689657319536,1.107049060825326,,0.7711565400508187,
2026-04-17,ARM,0.1031896608165268,166.73,90.34157405506123,1.4589282721301053,-0.5600597275517413,,1.1132936215887845,
2026-04-18,ARM,0.29611226792484524,,90.34157405506123,1.1671426177040836,0.19714876520010008,,0.6101320513815122,
2026-04-19,ARM,,,90.34157405506123,0.9337140941632667,,,0.21175978751836452,
2026-04-20,ARM,0.2889073318392038,175.1,90.34157405506123,2.118842684119592,0.16474827818438584,,2.0298324487389556,
2026-04-21,ARM,0.07409255862534045,175.49,90.37518342257563,2.2210768826025573,-0.6988733128424605,,1.9927943403510997,
2026-04-22,ARM,0.5040274091255024,196.57,91.73879217859357,3.4542197955822616,1.0457318236983484,,3.0853519419155155,
2026-04-23,ARM,0.270562758190278,204.61,92.19309589529028,4.4914957904821335,0.07620681773395854,,3.368031005244919,
2026-04-24,ARM,0.4062625130524665,234.81,93.61373898888,6.755592876789137,0.6339495228756724,,3.8933828041818774,
2026-04-25,ARM,,,93.61373898888,5.404474301431311,,,2.5649447742583273,
2026-04-26,ARM,0.24443801476003757,,93.61373898888,4.323579441145046,-0.05626082209170878,,1.7541583513288983,
2026-04-27,ARM,-0.05110545557604895,215.88,93.61373898888,5.414860185159901,-1.2818194061882882,,2.2113325991713824,
2026-04-28,ARM,0.2613800525408859,198.65,82.14294507724034,3.7725169922762163,0.05897513575595924,,1.2145005532737296,
2026-04-29,ARM,0.17788385376751423,201.69,82.47543289630359,2.602973535954032,-0.30048067003686724,,0.5320475124976302,
2026-04-30,ARM,0.3823896611786261,,82.47543289630359,2.0823788287632254,0.5930515840242797,,0.2262827997338182,
2026-05-01,ARM,0.36554468276277186,,82.47543289630359,1.6659030630105782,0.5084953977531094,,-0.018761983786727082,
2026-05-02,ARM,0.4767,,82.47543289630359,1.3327224504084612,0.9830438296925945,,-0.2148246198802158,
2026-05-03,ARM,0.20429786958917978,,82.47543289630359,1.066177960326769,-0.24512778782901615,,-0.3707434683358819,
2026-05-04,ARM,0.37777499999999997,,82.47543289630359,0.852942368261413,0.5404089097789035,,-0.4936480684205184,
2026-05-05,ARM,-0.23308,,82.47543289630359,0.682353894609129,-2.115896572544302,,-0.5894859189366887,
2026-05-06,ARM,0.2923331186412885,,82.47543289630359,0.5458831156873032,0.19113608676314034,-1.0416589284695315,-0.6632684881807057,-0.43502379028981497
2026-05-07,ARM,0.19111758282542893,,82.47543289630359,0.43670649254984184,-0.25604682655993355,-0.9912291845040131,-0.7192074410356054,-0.615549718285859
2026-05-08,ARM,0.32170389108161135,,82.47543289630359,0.34936519403987276,0.3277697389030802,-0.947575982458423,-0.7608136216573482,-0.38140898567349923
2026-05-09,ARM,0.5719,,82.47543289630359,0.2794921552318961,1.414514764761521,-0.9092984785766247,-0.7909854342302519,0.055720732062545464
2026-05-10,ARM,-0.19192458253949882,,82.47543289630359,0.22359372418551615,-1.9079475551045537,-0.8753711060899318,-0.8120933740910629,-1.26941836609612
2026-05-11,ARM,0.7235267538145185,,82.47543289630359,0.1788749793484108,1.955533404818994,-0.8450234056750751,-0.8260602077993751,0.2808882778852627
2026-05-12,ARM,-0.10105855670422316,,82.47543289630359,0.1430999834787272,-1.4530699413112986,-0.8176637767979542,-0.8344346706173188,-1.0768575107491014
2026-05-13,ARM,0.41866498009000597,,82.47543289630359,0.11447998678298177,0.6883731594391652,-0.792829358609945,-0.8384570161740986,-0.21403664865954697
2026-05-14,ARM,0.10505723664313554,,82.47543289630359,0.09158398942638257,-0.6090409280827991,-0.7701520772304127,-0.8391157083464619,-0.726396706906182
2026-05-15,ARM,0.010427015999917466,,82.47543289630359,0.07326719154110606,-0.9854041071667592,-0.7493350369940617,-0.8371953721215771,-0.8701207656013953
2026-05-16,ARM,0.2716880239383007,,82.47543289630359,0.058613753232883425,0.10910632939181937,-0.730135725971966,-0.8333166602475784,-0.42539318410913557
2026-05-17,ARM,0.0,,82.47543289630359,0.04689100258630674,-1.020807858968514,-0.7123538266217939,-0.8279689690264944,-0.870419982281892
2026-05-18,ARM,-0.05750952614203096,,82.47543289630359,0.03751280206904539,-1.2331317200439418,-0.695822209631492,-0.821537023863085,-0.9484604580659499
2026-05-19,ARM,0.39012310615430273,,82.47543289630359,0.03001024165523347,0.6428974812752017,-0.6804001727186924,-0.814322325679487,-0.19125775700937306
2026-05-20,ARM,0.33459808194567675,,82.47543289630359,0.024008193324185356,0.40343877282756135,-0.6659682914487014,-0.8065603579222553,-0.2803830856802625
2026-05-21,ARM,0.13561724434677688,,82.47543289630359,0.019206554659348285,-0.44101142533571114,-0.6524244465178518,-0.7984343369515847,-0.6116622051751155
2026-05-22,ARM,,,82.47543289630359,0.015365243727476496,,-0.639680722349035,-0.7900861678225549,
2026-05-23,ARM,,,82.47543289630359,0.012292194981981197,,-0.6276609596938852,-0.7923347713417092,
2026-03-24,ATOM,0.03281229411512612,1.7868420738233937,,0.0,,,,
2026-03-25,ATOM,0.48442738798728213,1.7650273101065972,,-0.0013921672571402866,,,,
2026-03-26,ATOM,,1.698165419710802,,-0.006455567627794316,,,,
2026-03-27,ATOM,0.24923031976893545,1.6732297127535773,,-0.010864249351800928,,,,
2026-03-28,ATOM,0.498154328324087,1.6657331953131913,,-0.013493765575400973,,,,
2026-03-29,ATOM,,1.6452321190904833,,-0.01566945728521188,,,,
2026-03-30,ATOM,0.13539338515549898,1.6656251499121089,,-0.014801166988995737,,,,
2026-03-31,ATOM,0.24332334430217742,1.7070613042764151,,-0.010693827117785958,,,,
2026-04-01,ATOM,,1.6761324216883708,,-0.009365421472132124,,,,
2026-04-02,ATOM,-0.36828287074957045,1.666660383470789,,-0.008457763810598682,,,,
2026-04-03,ATOM,0.11831584519818425,1.6879052327798965,,-0.005881846792462377,,,,
2026-04-04,ATOM,,1.712365269658174,,-0.002176739277738076,,,,
2026-04-05,ATOM,0.3878397970569863,1.6974647411922728,,-0.0004650429918146952,,,,
2026-04-06,ATOM,,1.7029391449236226,,0.0012088323072564737,,,,
2026-04-07,ATOM,0.010939243852649813,1.8068669038584937,46.393712549272955,0.009051562786106915,,,,
2026-04-08,ATOM,,1.780958321301096,43.286452199272304,0.012043200954657742,,,,
2026-04-09,ATOM,0.16194738967120648,1.8017956950906662,46.39601684606109,0.014793210664066976,,,,
2026-04-10,ATOM,0.5955943603116354,1.807054027594663,47.183019307473266,0.016219677544437566,,,,
2026-04-11,ATOM,0.8868715580385178,1.7785581032909161,43.45926678289568,0.014550709930459971,,,,
2026-04-12,ATOM,0.08463964109797031,1.7258956384082027,37.55969773850026,0.009453657810577224,,,1.00386291895776,
2026-04-13,ATOM,0.472948472905159,1.7799157950365194,45.70222574091802,0.009261833506379482,,,0.9404743090667851,
2026-04-14,ATOM,0.24270824671983718,1.7460422953072714,42.0033706274859,0.006524289308829483,,,0.6579760589540983,
2026-04-15,ATOM,,1.766625774822799,44.920548950893135,0.0057950908102344855,,,0.5708783381373325,
2026-04-16,ATOM,0.43682791045169966,1.808849899503153,50.42882827684183,0.007730757511606295,,,0.7358877893752511,
2026-04-17,ATOM,0.18600493037104607,1.8340587447795431,53.42363580985838,0.010131743905368888,,,0.9361228932470647,
2026-04-18,ATOM,,1.7838962763566648,47.299973171549226,0.007865406540422025,,,0.6913759886242391,
2026-04-19,ATOM,,1.7581844626772898,44.485270363762695,0.004334943026247389,,,0.3311946341092341,
2026-04-20,ATOM,0.16910154612303402,1.8009574497926093,49.833466170367565,0.004557882244867185,,,0.3469582715040377,
2026-04-21,ATOM,-0.14593896798640493,1.8460989909202816,54.78431503298315,0.007262461986771999,-1.4051933804045151,,0.6122249912652915,
2026-04-22,ATOM,-0.3217023856461048,1.862894859082166,56.50429240116818,0.009555200144199597,-1.8119495478996912,,0.8281721130801664,
2026-04-23,ATOM,,1.913880815486856,61.315000544272465,0.013629768175820765,,,1.205926414399182,
2026-04-24,ATOM,-0.3380870527088642,1.9930404287882277,67.35242036688531,0.020374469029338482,-1.690934448809043,,1.7787804230496644,
2026-04-25,ATOM,,2.0312445504133105,69.80193028895395,0.02577906770718714,,,2.1153891278297783,
2026-04-26,ATOM,0.5266999751075482,2.0011191218830953,65.62094724689484,0.025641010339554487,1.0193547200513184,1.6316814064106921,1.9458441049845827,1.48099954143911
2026-04-27,ATOM,0.24252963845252523,1.9856919735368077,63.52260474631421,0.022915729591314292,0.11232690330273878,1.304750674397726,1.609895080875348,0.9193244879030177
2026-04-28,ATOM,0.24319802553653716,1.9539066727525054,59.314196284959856,0.01761552241500991,0.11225538046772238,0.8159730728068151,1.1093185689715404,0.6224896447205956
2026-04-29,ATOM,0.11055836155861615,1.9289010197668939,56.16189376893857,0.011371758801749766,-0.3217304617764187,0.45938718830229014,0.5544776648038742,0.1754672712212818
2026-04-30,ATOM,0.46068044078890236,1.8880506780567814,51.35975850670292,0.0038268111425735496,0.8358464779106582,-0.0733566050849325,-0.10897352636403261,0.27963955172957383
2026-05-01,ATOM,,1.8970322338726255,52.32497369926863,-0.000966741637700344,,0.03572213381965056,-0.5284060295293711,
2026-05-02,ATOM,0.81417213235721,1.883307728694489,50.67030242068912,-0.005231331820935707,1.8648411744443372,-0.15353264961848273,-0.8923155748518433,0.43218200243663707
2026-05-03,ATOM,-0.062065364792943,1.875228664625725,49.6744728527749,-0.008568619505519147,-0.9321318375825763,-0.2663033133950087,-1.1592319737465882,-0.8005133211755096
2026-05-04,ATOM,,1.889064072442769,51.434717515622886,-0.009731685797093916,,-0.052908808415087605,-1.2254401373488801,
2026-05-05,ATOM,0.24316708513796328,1.8830380723758782,50.604492852287095,-0.010716350555151334,0.05408299783776497,-0.15235409853479906,-1.272543848212762,-0.4058361848891623
2026-05-06,ATOM,0.20474415785173575,1.901794189047163,53.13986261238374,-0.00993161740921649,-0.07122461374177237,0.16230377796286694,-1.1700264643518077,-0.33080665141339116
2026-05-07,ATOM,0.10976483229609829,1.8842312728223534,50.524715517409085,-0.010374156610723287,-0.3822581646977481,-0.16796963014521027,-1.1764686639288948,-0.5562347541013308
2026-05-08,ATOM,0.8897526417100803,1.949933496339066,58.710863887821,-0.00622529621003888,2.071517356602008,0.8671855853253575,-0.7977624188569898,0.8494338925813135
2026-05-09,ATOM,0.4774138964767258,1.936036052511179,56.578400797551936,-0.004481801708047878,0.7345421469186602,0.5782155150542359,-0.6345129560355866,0.2769276264730588
2026-05-10,ATOM,-0.19002501526847482,2.011704895326237,64.20241402997416,0.001388785288584611,-1.3574250451036391,1.5009132892404147,-0.11258192120471076,-0.12647060763074458
2026-05-11,ATOM,-0.24763182903304692,2.045187706894874,66.96632605030891,0.0068430287522609975,-1.4705543103743577,1.7440421733699938,0.37207071745197207,0.04661214309684665
2026-05-12,ATOM,0.3366256335626046,2.1055519471128257,71.27266591541867,0.013450309030070995,0.34782649812571176,2.0980988973632706,0.9511739983262011,1.0539124679571261
2026-05-13,ATOM,-0.12080360634922982,2.039821460746785,61.82192724096532,0.012356199049453974,-1.06632505477219,0.9596182146258859,0.8378236861312702,0.11270254831827076
2026-05-14,ATOM,-0.49163070974349976,2.0471782030784844,62.42251141672248,0.011128455822054233,-2.07505163068086,1.0028032360106574,0.7157694743282305,-0.3144488391706778
2026-05-15,ATOM,-0.04467092299968936,1.9281411090866085,48.992632091594665,0.0017897908362104198,-0.7186783763066955,-0.5689307047518235,-0.13494202859753207,-0.49863317052748485
2026-05-16,ATOM,0.1795734023936093,2.0423200044211516,58.267250944105236,0.0027361257851951093,-0.04050412461570298,0.5246220591982603,-0.04734046399541766,0.12698282871457162
2026-05-17,ATOM,,2.0343048286341108,57.47717207282549,0.0022749146625250724,,0.423743781608684,-0.08941164026373566,
2026-05-18,ATOM,0.13516065859943008,2.0754216603646443,60.44055251908644,0.00408596332776618,-0.17430241517900608,0.7679880997673787,0.07984659339728552,0.18462944187779678
2026-05-19,ATOM,-0.09793385402858258,2.0400056465932583,56.77065532845595,0.002332822101254496,-0.8776879801263714,0.3170089029059066,-0.085446097303677,-0.2816063503698797
2026-05-20,ATOM,0.587841502714157,1.9894999215924951,51.92831490992059,-0.0025306888313451,1.2159236448611852,-0.2757492567613223,-0.544095371177229,0.24041606956290873
2026-05-21,ATOM,0.15203248097002509,2.0499697502271372,56.69140025828781,-0.0020007974325523953,-0.12768322694861783,0.31320080299921627,-0.48799566584005155,-0.10351174963169774
2026-05-22,ATOM,-0.2524052922382951,2.0717,58.29074509629523,-0.0005859129209086697,-1.3466181395699348,0.5073266860111562,-0.3477917138589436,-0.4907867641823101
2026-05-23,ATOM,,,58.29074509629523,-0.00046873033672693853,,0.5006199672464795,-0.33552037881733193,
2026-03-24,AVAX,0.15540625395915472,9.613547159635079,,0.0,,,,
2026-03-25,AVAX,0.13174453856185078,9.671586334743804,,0.0037039245653431863,,,,
2026-03-26,AVAX,-0.057156968906320035,9.099667419954189,,-0.03067566414852081,,,,
2026-03-27,AVAX,0.21533936795827055,8.779956342422832,,-0.07095779532160776,,,,
2026-03-28,AVAX,0.15517682675111832,8.748337274249227,,-0.09428078370715139,,,,
2026-03-29,AVAX,0.03220023664941546,8.598515214294554,,-0.11308003417069395,,,,
2026-03-30,AVAX,0.13217813045430746,8.794899145352364,,-0.10570661575279633,,,,
2026-03-31,AVAX,0.06669281236189882,8.910345864173255,,-0.08723949934765218,,,,
2026-04-01,AVAX,0.3391128803444349,9.128204704555476,,-0.056052605911763975,,,,
2026-04-02,AVAX,0.15396526238806907,8.751897822419203,,-0.05631858424835723,,,,
2026-04-03,AVAX,0.28769349735010136,8.912322873923973,,-0.041903330697759505,,,,
2026-04-04,AVAX,0.14336776619276065,8.980932026025357,,-0.024805806868601427,,,,
2026-04-05,AVAX,0.055931442462694304,9.061447644781982,,-0.006106988106684558,,,,
2026-04-06,AVAX,0.15031878502782067,8.908814560798744,,-0.002249818150749483,,,,
2026-04-07,AVAX,0.10420562573396912,9.423746346373575,61.42838275458814,0.034710252853949686,,,,
2026-04-08,AVAX,0.09334759546063397,9.058546963329839,52.30770095060558,0.03423404620879886,,,,
2026-04-09,AVAX,0.11784168087638809,9.360863763491095,57.88259658983877,0.05283976658965536,,,,
2026-04-10,AVAX,0.1189120606354339,9.39951185448174,58.549659863128326,0.06548317298766262,,,,
2026-04-11,AVAX,0.16177868105178345,9.37295050091176,57.87127626162915,0.06941596442698511,,,,
2026-04-12,AVAX,0.0754406606987491,9.032806552390728,49.89808673447806,0.04751262608899044,-0.6583429484104145,,1.1434178006765152,
2026-04-13,AVAX,0.10680857024868952,9.665346842897641,60.73263708042516,0.07253005620616106,-0.283851403678381,,1.4497496328418087,
2026-04-14,AVAX,0.18047415333388858,9.308234937100895,53.67542897405406,0.06232245812906926,0.5810296384889295,,1.2058444661499375,
2026-04-15,AVAX,0.24530456070667583,9.438242210423661,55.69389907813709,0.06151635648404324,1.2878345604213444,,1.1315385442007684,
2026-04-16,AVAX,0.18018724700396102,9.73120541515745,59.930829906421394,0.07690444647360972,0.4957867420135974,,1.3010003491134297,
2026-04-17,AVAX,0.28232368820782766,9.731091410588892,59.92842822947232,0.0827572893356864,1.6062458407419797,,1.3152059235207407,
2026-04-18,AVAX,0.04795780662660488,9.331670833197949,52.057271458879725,0.05665537510545661,-1.0888627764648384,,0.8743121568456348,
2026-04-19,AVAX,0.11717762570742984,9.015786280412094,46.8198412503837,0.017095088546446043,-0.27681251936146295,,0.24579966368364084,
2026-04-20,AVAX,0.018460524884297298,9.277687847552603,51.20334415902089,0.008007167730647784,-1.3706382625538247,,0.09810693069219947,
2026-04-21,AVAX,0.04065046366767061,9.388662058014102,52.97220997931798,0.008845057976737965,-1.0701489010893874,,0.1099171497958376,
2026-04-22,AVAX,0.40897599552284203,9.340627370983526,52.091985731013594,0.005692594669790822,2.708818740190246,,0.056467826191735106,
2026-04-23,AVAX,0.24279488026975746,9.382801592596286,52.8330566362246,0.0059482596279567465,0.9891465135663099,,0.05984277644734071,
2026-04-24,AVAX,0.4212708677351195,9.399957544249382,53.15053101843108,0.006716506148217321,2.463179071357201,,0.07196830038194404,
2026-04-25,AVAX,0.17403401741754626,9.369483961363757,52.47489019769544,0.004710842210080408,0.18236172712148968,,0.03627485017499717,
2026-04-26,AVAX,0.2342871214326471,9.460065811499492,54.33317157754927,0.008786423119592136,0.7292532653854137,-0.11463146458777873,0.1072560837732561,0.28948869190980875
2026-04-27,AVAX,0.12762804668999891,9.261931001969156,49.75077690325273,-0.0019852869602639614,-0.27153864949050954,-1.1849899885005266,-0.08623662642008514,-0.4899834442723873
2026-04-28,AVAX,0.1659977280684861,9.179149279171337,47.931871217069585,-0.014132231170646797,0.09370578879826306,-1.5051667949946717,-0.3044835645629928,-0.5054127923479941
2026-04-29,AVAX,0.18138522977179927,9.120776541182664,46.63707359732092,-0.024914448003775402,0.23942238184525227,-1.6558502095625918,-0.4964865974225215,-0.5499320893574331
2026-04-30,AVAX,0.2871558859404043,9.0899032495377,45.930373678040056,-0.03246432304423204,1.2347095845764244,-1.6643634010134518,-0.6266564438185032,-0.19342211961901667
2026-05-01,AVAX,0.2953378688838501,9.082371403560495,45.74824373372396,-0.036028862652991975,1.2693613944711604,-1.5780898953573133,-0.6811472536551182,-0.17002658691526526
2026-05-02,AVAX,0.24269199844152317,9.180401331034194,48.6048192417645,-0.03008978932956506,0.7461248277992473,-0.9428603224282145,-0.558591706680782,-0.151985677613
2026-05-03,AVAX,-0.13186909021101892,9.080840471118366,45.95809574493841,-0.0310465732999642,-2.5979465114873066,-1.4120281008020734,-0.5677441531588525,-1.6331102807832005
2026-05-04,AVAX,0.10529845591876756,9.171424231501723,48.695453038663715,-0.024070043954820895,-0.4698449702496307,-0.8238316655334487,-0.42630836633046953,-0.5629799976590277
2026-05-05,AVAX,0.08274110327327829,9.40789365554595,55.090560027960215,-0.0031218459753849757,-0.6622822790649064,0.48728447754687715,-0.015411913469542004,-0.12335114240276206
2026-05-06,AVAX,0.17945221805616338,9.617322420784589,59.86243446249086,0.02376682771988572,0.21434104842316767,1.4101506481125763,0.5107900230321242,0.6620186207126771
2026-05-07,AVAX,0.18641541561050212,9.506982723200899,56.45865039706627,0.03250828213337516,0.2750734437647532,0.6935754438359777,0.6746776184503965,0.5205052961918135
2026-05-08,AVAX,0.10250301703510717,9.900030212308689,64.25543538829623,0.06146807088584213,-0.49777925736837997,2.100912118888789,1.2231680607327753,0.7981123509391173
2026-05-09,AVAX,0.18074121503004184,9.959846120577957,65.27453833832669,0.08017604076092898,0.23269198898648707,2.098395405795889,1.5388278078823203,1.1842437596980575
2026-05-10,AVAX,0.2325919966795892,10.220215353667268,69.36841839342132,0.10409377372614327,0.7122212372077903,2.514974078905167,1.9090288430693685,1.6120893714754767
2026-05-11,AVAX,0.16123161140826783,10.130677396073308,66.46645579585461,0.1074555679534128,0.03274748058550413,1.8914287875854217,1.8787066642241224,1.1441396277770648
2026-05-12,AVAX,0.33392648678294484,9.836298491081491,57.891549600323984,0.08443968351343238,1.6299456944824091,0.5127059340090642,1.407032283684428,1.2278997431010112
2026-05-13,AVAX,0.2187145908306865,9.759183256642075,55.858561733898725,0.05977011656765269,0.5350042501434394,0.18199102440466447,0.9360717687067523,0.5494205379908008
2026-05-14,AVAX,0.0960643204614477,9.89781803993112,58.66862545898705,0.04898970684235515,-0.623311681873733,0.6300707968852161,0.726922187759803,0.1577732226440125
2026-05-15,AVAX,-0.03276708553472741,9.539060382042607,49.82845280846699,0.01562579762874286,-1.780892196105447,-0.8107234844531691,0.10937458254943416,-0.9227615490132993
2026-05-16,AVAX,0.04584344599608072,9.290899481761127,44.799840430490846,-0.023121607954116094,-1.0251873839104193,-1.570325966063059,-0.605765354283793,-1.0629023496682233
2026-05-17,AVAX,0.04556599759619451,9.191953646982482,42.93915443092749,-0.05363682602951697,-1.0087483315327501,-1.7738442519981497,-1.1531838480249754,-1.2816077626200375
2026-05-18,AVAX,0.07253808362709566,9.241137519430584,44.18021972640556,-0.06781706927035543,-0.7460625175897329,-1.51441581387551,-1.3809046159746992,-1.167021135990956
2026-05-19,AVAX,0.06107623005239501,9.090959776661675,41.23137577562264,-0.08358373868273429,-0.8408025241020303,-1.864462738623338,-1.6187826370884089,-1.381294622354336
2026-05-20,AVAX,0.4250056320155801,9.283370768893722,46.1872272219626,-0.07746451745574828,2.4237153220049126,-1.09249551530405,-1.4653192346958164,0.20214170380200508
2026-05-21,AVAX,0.1645950269518207,9.44,49.89157003675706,-0.06005537476200673,0.08400122455862502,-0.5305222473196431,-1.1283953569470235,-0.46407479145654995
2026-05-22,AVAX,-0.11449198489936396,9.146652563973497,43.809046896108725,-0.06506212536411642,-2.310180484574008,-1.4005180266265476,-1.1936477132685037,-1.7023219157981184
2026-05-23,AVAX,,,43.809046896108725,-0.05204970029129313,,-1.3572188953530175,-0.9373618895750156,
2026-03-24,BAC,0.27148493601560797,48.14,,0.0,,,,
2026-03-25,BAC,0.32678702781394453,48.75,,0.038928774928768915,,,,
2026-03-26,BAC,0.24005810452870366,48.24,,0.028652131070360836,,,,
2026-03-27,BAC,0.1193779303020018,46.97,,-0.060493525867939074,,,,
2026-03-28,BAC,-0.15116500924920875,,,-0.048394820694351255,,,,
2026-03-29,BAC,-0.11569652000319564,,,-0.038715856555481,,,,
2026-03-30,BAC,-0.0734159720306288,47.23,,-0.10290805701669431,,,,
2026-03-31,BAC,0.13971667758235054,48.75,,-0.017749666804874352,,,,
2026-04-01,BAC,0.027504239920475668,49.27,,0.07019900707707077,,,,
2026-04-02,BAC,0.05387424433408104,49.38,,0.1289609219913236,,,,
2026-04-03,BAC,0.04374495719818638,,,0.10316873759305889,,,,
2026-04-04,BAC,0.18834673363815624,,,0.0825349900744471,,,,
2026-04-05,BAC,0.23623538290534574,,,0.06602799205955767,,,,
2026-04-06,BAC,0.1623369396864897,50.06,,0.23002745809585398,,,,
2026-04-07,BAC,0.1733201732203124,50.28,,0.2595253392757795,,,,
2026-04-08,BAC,0.10143735929735612,51.88,,0.3648314842237173,,,,
2026-04-09,BAC,0.21838110210652262,52.71,,0.46216133223303724,,,,
2026-04-10,BAC,0.21106976463995641,52.54,,0.484518577405731,,,,
2026-04-11,BAC,0.30707771931120875,,,0.3876148619245847,,,,
2026-04-12,BAC,0.21216275250171734,,,0.3100918895396677,0.5744539759996958,,0.944813571849455,
2026-04-13,BAC,0.2011305087715859,53.35,,0.46145010825033883,0.478537157062033,,1.610328237931231,
2026-04-14,BAC,0.12098858685085687,53.35,,0.4470795326679359,-0.1241889223795181,,1.4237802392675416,
2026-04-15,BAC,0.33870100410951415,54.32,,0.46820261244457195,1.4497745481592264,,1.424660854030637,
2026-04-16,BAC,0.3042459059968537,53.51,,0.39580255097092776,1.1323989964345247,,1.0210139727888112,
2026-04-17,BAC,0.33816670414175043,53.91,81.81418584089265,0.34489658640688425,1.3072115077837465,,0.7463177278545541,
2026-04-18,BAC,0.37094369926177373,,81.81418584089265,0.2759172691255074,1.4506442584509183,,0.39485431502470714,
2026-04-19,BAC,0.20161527988439246,,81.81418584089265,0.2207338153004057,0.23596946144140035,,0.11387318976319732,
2026-04-20,BAC,0.23252754723952193,53.95,81.81418584089265,0.22123649021784741,0.4512342758832266,,0.11441421670631732,
2026-04-21,BAC,0.3117548002825491,53.48,76.34016522492368,0.13328454604437012,1.000259352088978,,-0.3406932335800925,
2026-04-22,BAC,0.34868467020582583,53.12,73.05455524874432,0.03516508327807455,1.2186905861770208,,-0.8392848776422569,
2026-04-23,BAC,0.28968800825483976,52.47,67.41296090999482,-0.08277086963675995,0.766963927407584,,-1.3986174962008164,
2026-04-24,BAC,0.32156553190136095,52.05,63.97511620909487,-0.19207830290298977,0.9708045728995688,,-1.8321203778745132,
2026-04-25,BAC,0.34700932046683414,,63.97511620909487,-0.1536626423223919,1.1178837480008663,,-1.5503674903873972,
2026-04-26,BAC,0.36608919413525204,,63.97511620909487,-0.12293011385791353,1.2109918014850667,,-1.3398133760753137,
2026-04-27,BAC,0.33013798663099186,52.63,63.97511620909487,-0.18249161516987034,0.9240833245896439,,-1.5470073652518175,
2026-04-28,BAC,0.3695136264561747,52.66,64.15076028198648,-0.20965701363750577,1.1702468894339295,,-1.590555284489751,
2026-04-29,BAC,0.19768686782633915,52.88,65.24139890853192,-0.21261435351823543,-0.07318105584805397,,-1.529280896065721,
2026-04-30,BAC,0.21116373477206235,53.46,68.0049864117571,-0.17678457252791446,0.02546624003625808,,-1.3161718298552656,
2026-05-01,BAC,0.2740825063918163,53.24,65.8657921698768,-0.16917323518594007,0.4861747877296773,,-1.2393525721273775,
2026-05-02,BAC,0.5101291665095675,,65.8657921698768,-0.1353385881487521,2.100313498418037,,-1.0592786780062842,
2026-05-03,BAC,0.32752808724871746,,65.8657921698768,-0.10827087051900186,0.7765754762002776,,-0.9176242266463822,
2026-05-04,BAC,0.43275833333333336,52.19,65.8657921698768,-0.2121684969390245,1.4744708226031151,,-1.333644928629001,
2026-05-05,BAC,0.14471378334836973,53.12,71.04468331955398,-0.18907669650367565,-0.5585519664758352,,-1.1963512196000317,
2026-05-06,BAC,0.17421125392782466,53.6,72.90657897338147,-0.14227720625884754,-0.34338424004091894,0.38819407843683135,-0.9691341345638296,-0.311635712854467
2026-05-07,BAC,0.3647499359024471,52.75,64.94278036803885,-0.16762471629155673,1.009051263910234,-0.7420502606399887,-1.054596498289801,-0.13537352211484327
2026-05-08,BAC,0.2763881036219235,51.31,54.15109984064557,-0.27413418103487364,0.36677507017940886,-2.0308343566852805,-1.4674204452940665,-0.9027664125220405
2026-05-09,BAC,0.39301459585568377,,54.15109984064557,-0.21930734482789893,1.1850741728856624,-1.8242702797087904,-1.198218070102935,-0.4327168357892526
2026-05-10,BAC,0.3981988245300326,,54.15109984064557,-0.1754458758623192,1.1913371593435864,-1.6705584362327217,-0.9887799714774617,-0.32126665857562037
2026-05-11,BAC,0.16735036596760108,50.55,54.15109984064557,-0.3701566780210298,-0.4688342280232519,-1.5504163216158149,-1.747247452366441,-1.1768328234039775
2026-05-12,BAC,0.2547273888569301,50.78,55.73146493972045,-0.3998740795906007,0.16525892281141324,-1.2932720341563706,-1.790620427045793,-0.8590641692360838
2026-05-13,BAC,0.33011292015089944,49.84,49.59959537660733,-0.4617591948351655,0.7087118289534933,-1.825797727471267,-1.9447862872680706,-0.8476904728404039
2026-05-14,BAC,0.3011509990095012,49.85,49.66304604631187,-0.4788830665815154,0.48893640068712857,-1.6868417989577715,-1.9190091493592272,-0.8861807242202482
2026-05-15,BAC,0.14791595955899078,49.77,49.130171303520285,-0.47170591478655294,-0.6427304166505405,-1.6273723949851227,-1.8123694730413051,-1.2890147270681445
2026-05-16,BAC,0.3272637602256444,,49.130171303520285,-0.37736473182924235,0.6899269715107484,-1.5324473595405852,-1.414900524124185,-0.6082335764951317
2026-05-17,BAC,0.342503254890562,,49.130171303520285,-0.3018917854633939,0.7925924750743655,-1.4525245422309554,-1.1095850699912568,-0.45159589363691743
2026-05-18,BAC,0.1698403990759547,50.69,49.130171303520285,-0.25917066472090694,-0.5046975913461133,-1.3840232587161307,-0.9343055518396799,-0.8973776797051884
2026-05-19,BAC,0.15922557155010392,50.7,49.22177606239883,-0.20697748511016845,-0.5785159950365375,-1.3165852130547873,-0.7295682756127098,-0.8452524446148642
2026-05-20,BAC,0.2271684207615597,51.23,53.14610646956011,-0.12799299124963798,-0.058699343347457585,-0.9220223870967452,-0.42917981241434866,-0.42884039719231115
2026-05-21,BAC,0.23437720551397248,51.49,54.98406820188583,-0.05329576564858779,-0.0030859482015025723,-0.7326335054569526,-0.14597078201107397,-0.264815665521009
2026-05-22,BAC,0.16782490612342954,51.795,57.10957408873047,0.017791797970622747,-0.5152898245403953,-0.5220094086670751,0.12360598562556681,-0.3256369567286106
2026-05-23,BAC,,,57.10957408873047,0.014233438376498209,,-0.5131656979242012,0.10902643133704286,
2026-03-24,BNB,0.5026837769849867,638.0644867359217,,0.0,,,,
2026-03-25,BNB,0.15716786107416847,647.3575177511082,,0.5930595291742975,,,,
2026-03-26,BNB,0.2460413355672594,628.5349779207801,,-0.26887362963243505,,,,
2026-03-27,BNB,0.14962615514200622,613.1631037724225,,-1.7767578170827254,,,,
2026-03-28,BNB,0.43193759504918633,610.5616324760585,,-2.791438947878385,,,,
2026-03-29,BNB,0.14829373977323992,605.5900570800243,,-3.5886909487698815,,,,
2026-03-30,BNB,0.1734869474283313,608.6045441568095,,-3.6900381133494884,,,,
2026-03-31,BNB,0.12950098156082843,616.7365856783837,,-3.0148921102058925,,,,
2026-04-01,BNB,0.17607743466226228,610.6317688285947,,-2.790138994210702,,,,
2026-04-02,BNB,0.15854722691304776,583.2896597771816,,-4.20842042701317,,,,
2026-04-03,BNB,0.10205243560716823,588.2818190207132,,-4.5090861225608165,,,,
2026-04-04,BNB,0.03076156931023838,593.4310294657064,,-4.073190773080125,,,,
2026-04-05,BNB,0.36688341342506353,601.3909095022981,,-3.0098295918443085,,,,
2026-04-06,BNB,0.4088296519243655,600.1345165038218,,-2.1902291372770257,,,,
2026-04-07,BNB,0.18296052443574493,620.318806649657,68.28273369845432,-0.19309170974321077,,,,
2026-04-08,BNB,0.1484816845818252,601.280387331922,59.18141878212981,-0.0652517557994976,,,,
2026-04-09,BNB,0.07357630878829521,602.9457456052711,59.68758543303107,0.2056626143906417,,,,
2026-04-10,BNB,0.2475153923819804,605.7751817746448,60.58193606382596,0.6258714630485507,,,,
2026-04-11,BNB,0.22366788138916277,607.3659686554416,61.10441180729011,1.037152964735057,,,,
2026-04-12,BNB,0.27768981452995145,592.2047296596668,53.78702900005126,0.34983988530551713,0.4892657195887425,,1.0567753416975736,
2026-04-13,BNB,0.21526024666012972,615.1054137511484,61.32147837506268,1.4382047490734209,-0.012001390278511487,,1.4935937322009551,
2026-04-14,BNB,0.14986035543273435,614.165050065157,60.88253105145,2.0577183307768,-0.5351376193020798,,1.64350982166236,
2026-04-15,BNB,0.2771911845912583,622.8279553022775,63.47627583430103,2.9590573177669564,0.5180909367577688,,1.8592006984712504,
2026-04-16,BNB,0.19940387626054518,636.0314428860892,67.06115589326086,4.272814397389852,-0.14228335029877548,,2.1379986780611437,
2026-04-17,BNB,0.18779250914393816,643.6241064265952,68.948587048784,5.408389539765427,-0.23847622513703612,,2.2540795662080324,
2026-04-18,BNB,0.23164385652606373,629.9890046724958,62.07008292509902,5.0057217674825925,0.14856105419912446,,1.9038661021847492,
2026-04-19,BNB,0.16557925563739712,616.4597699367936,56.09066695005214,3.6553687803372967,-0.4409061781768456,,1.3558768701975614,
2026-04-20,BNB,0.1516371259479644,629.5546382151609,60.097398438031846,3.472569525911682,-0.556171631112879,,1.233357753118315,
2026-04-21,BNB,0.05102303436368676,631.878475504301,60.781334457135806,3.335856247840356,-1.4148038804185092,,1.1389611199619232,
2026-04-22,BNB,0.16218934248052316,637.8211127101641,62.54913904024297,3.458535768204321,-0.3904339544527764,,1.1340162726991472,
2026-04-23,BNB,0.27250285840052413,638.6523949898309,62.801730214353746,3.403289173239756,0.6195831846361599,,1.0759522226705167,
2026-04-24,BNB,0.14115521514639365,636.4348150570073,61.60799263068212,3.0370900058442425,-0.5994710182904875,,0.9262261406324985,
2026-04-25,BNB,0.12231151076310004,628.6112130436043,57.458422515422,2.1305031807152948,-0.7594014991622425,,0.6114959784055517,
2026-04-26,BNB,0.2514476139501017,635.8172695526204,60.12263063122797,1.8870384673773293,0.46411246965790137,-0.3446999014566354,0.5198395963894961,0.23818689634301873
2026-04-27,BNB,0.14866263331899793,626.7377332755052,55.41369898577612,1.0283592416069771,-0.5187317832998717,-1.488634401601354,0.2245988773764483,-0.5867033705874205
2026-04-28,BNB,0.16225577276223474,624.5053638702619,54.287865263195926,0.26371521684979937,-0.38001262170805633,-1.6249392422799251,-0.03849865885043974,-0.651036419022332
2026-04-29,BNB,0.24700117242582287,617.270790176444,50.693355115357015,-0.7217355143435644,0.45001983480975516,-2.174101071397587,-0.3773705696097811,-0.5854335583783083
2026-04-30,BNB,0.28399531478904283,615.0865032116408,49.62499212989561,-1.4699821738006111,0.8018646136128729,-2.112701517322124,-0.6304955319688452,-0.5022132693421416
2026-05-01,BNB,0.16872802767479655,615.2055001103996,49.68720165739603,-1.8799890081898143,-0.35030392611141475,-1.8924778030723242,-0.7610598391020335,-0.9361828630968732
2026-05-02,BNB,0.17599211136600934,618.0316749910427,51.22770635812159,-1.8794497876832033,-0.2728644161504941,-1.491557233444469,-0.7460221783327294,-0.7804195899933573
2026-05-03,BNB,0.3905236754670811,617.3440840986375,50.82001164282182,-1.8415731969952989,1.826009543485798,-1.471691534716915,-0.7187862327907639,0.07326048714201558
2026-05-04,BNB,0.38961528627506925,622.5567960518446,53.820537276328864,-1.4015389582432023,1.7274954199945873,-0.8934989240306043,-0.5503937015857995,0.25783038031291383
2026-05-05,BNB,0.29419810026224624,630.5249917933514,58.03530760611292,-0.5534644898454373,0.7870775012089313,-0.11891966963397924,-0.2369326290236755,0.20807531088627612
2026-05-06,BNB,0.22058057193412411,647.6137642386414,65.34121173908477,1.0892195798631872,0.06925480138054053,1.1927318303279293,0.366750771837795,0.49554670120193345
2026-05-07,BNB,0.21011265812665342,637.0531632664,58.55655481144628,1.376836370908487,-0.03353315529384138,-0.06161104468148726,0.46799155203665804,0.10850089008901469
2026-05-08,BNB,0.2054895163485023,649.3872196762436,63.34384346866717,2.257991355688166,-0.07876285003992946,0.8172120738903581,0.7865094016824425,0.44961130265586835
2026-05-09,BNB,0.2994479602333627,649.6902904110876,63.45554984159616,2.6920371629666677,0.8523367687148432,0.8170126118476488,0.9319834130078021,0.8656335149425725
2026-05-10,BNB,0.2513898381966909,663.4078417843774,68.18186825366394,3.673035319722815,0.36222969168738306,1.6200689350571593,1.2682172981393662,1.011377746633911
2026-05-11,BNB,0.0797798776932718,670.2153305586407,70.23892016457454,4.496071426127981,-1.348100767844413,1.8657705167605843,1.523523223887312,0.4775478150566036
2026-05-12,BNB,0.19828658279801412,664.7912497414117,66.54723631879047,4.386117414512055,-0.14839952307558782,1.1695340706514115,1.436215220598094,0.7223649781446164
2026-05-13,BNB,0.36673378211488566,671.4030553335252,68.70637787453286,4.45525254673298,1.5196907113801625,1.4814278963721421,1.4175059634267722,1.4775564424917393
2026-05-14,BNB,0.2556367218661014,678.1110538556914,70.76780553346335,4.628997493218993,0.3964212278698803,1.7373209989083063,1.4360243113738065,1.110572084232586
2026-05-15,BNB,0.18292556473177704,672.1295689367757,66.55753291594219,4.038838237563041,-0.3384108420919366,1.0024004886883213,1.1956078066777378,0.524038151773043
2026-05-16,BNB,0.18339116126039462,656.0342342324585,56.77008013544387,2.346168155838143,-0.3302502612365542,-0.6317898830607334,0.5831902080099314,-0.1466800070098623
2026-05-17,BNB,0.13443148104333139,648.7409902602172,52.96906022297528,0.6075796856299807,-0.8231926576302208,-1.235581609470622,-0.04185180669447841,-0.7125070879016184
2026-05-18,BNB,0.20645806541922743,643.0531226981416,50.14901260764888,-0.9675832853624158,-0.07631428923576164,-1.6326523566990558,-0.6063170558144636,-0.7022165394483605
2026-05-19,BNB,0.1293445772758304,639.4690664633964,48.40040177980673,-2.221276031698874,-0.868871247736313,-1.820121582077303,-1.044445135561989,-1.2069185143863128
2026-05-20,BNB,0.16446980540963074,648.8829683481283,53.03279122773307,-2.37319476476317,-0.4955172309310776,-1.054336495917596,-1.0791204627487438,-0.838243979972333
2026-05-21,BNB,0.1401378443706995,657.7055705663529,56.934871551969124,-1.858905432612925,-0.7422404696123107,-0.4268167702736723,-0.8783394904454822,-0.6884430660606706
2026-05-22,BNB,0.3245066320529293,649.5884609057259,52.6046051356348,-2.030825704749086,1.1851902574839766,-1.096171812359056,-0.9264057782237725,-0.13269717418125787
2026-05-23,BNB,,,52.6046051356348,-1.624660563799269,,-1.070802160623445,-0.7644807828409605,
2026-03-24,BP,0.12710717696738894,44.79,,0.0,,,,
2026-03-25,BP,-0.33022077537886796,45.41,,0.039566951566951045,,,,
2026-03-26,BP,0.406397647298229,46.17,,0.1107038287026944,,,,
2026-03-27,BP,-0.20313338424532365,46.68,,0.18169227855316694,,,,
2026-03-28,BP,-0.2872149346671171,,,0.14535382284253354,,,,
2026-03-29,BP,0.19126422807376545,,,0.11628305827402682,,,,
2026-03-30,BP,-0.24585545669102576,47.35,,0.2644197265340027,,,,
2026-03-31,BP,0.27886504672261786,47.0,,0.2636896093941017,,,,
2026-04-01,BP,-0.11100685130494337,46.17,,0.1938836777578466,,,,
2026-04-02,BP,0.227231613423356,47.12,,0.19759524757658997,,,,
2026-04-03,BP,0.02512889661406382,,,0.158076198061272,,,,
2026-04-04,BP,-0.14091496716864638,,,0.12646095844901756,,,,
2026-04-05,BP,-0.03367326828539372,,,0.10116876675921405,,,,
2026-04-06,BP,-0.22400149916108283,47.48,,0.18741547072552167,,,,
2026-04-07,BP,-0.07252466659391565,47.24,,0.1580878714596703,,,,
2026-04-08,BP,-0.10725682675940398,45.89,,0.040149390984822286,,,,
2026-04-09,BP,0.3013341458777004,45.9,,-0.04044562891460868,,,,
2026-04-10,BP,-0.12706061930507423,46.44,,-0.05949402147536864,,,,
2026-04-11,BP,,,,-0.04759521718029491,,,,
2026-04-12,BP,,,,-0.038076173744235886,,,-1.3970748473628856,
2026-04-13,BP,0.28144715356081723,46.44,,-0.0590762361135595,,,-1.4736119849034526,
2026-04-14,BP,-0.872,46.17,,-0.08870648933637254,-2.8070057032224485,,-1.6013334864478812,
2026-04-15,BP,-0.5859,46.12,,-0.11026597303418134,-1.6584932362423814,,-1.6418185164715056,
2026-04-16,BP,0.7506,47.63,,-0.025829796977103636,2.2436861131038115,,-0.879144705460375,
2026-04-17,BP,,44.59,54.33356194248289,-0.1696953777741363,,,-1.912088108173466,
2026-04-18,BP,,,54.33356194248289,-0.13575630221930907,,,-1.5262454216491643,
2026-04-19,BP,0.45367500000000005,,54.33356194248289,-0.10860504177544728,1.3087513684142433,,-1.2481190017209227,
2026-04-20,BP,0.5719880681180395,45.12,54.33356194248289,-0.20740668147962493,1.5208806213203925,,-1.847108577938576,
2026-04-21,BP,0.41058184627279637,45.91,58.38245678674773,-0.1773813244542904,1.036927471020158,,-1.5275305910835857,
2026-04-22,BP,0.4215,46.37,60.18626066854843,-0.12222341892436561,1.0235397771077999,,-1.0887683081697546,
2026-04-23,BP,,46.35,60.06436546446085,-0.08455829417963676,,,-0.7972717558231539,
2026-04-24,BP,0.6124,46.25,59.41640233166108,-0.06474446126596847,1.446932017629897,,-0.6401451921681308,
2026-04-25,BP,,,59.41640233166108,-0.051795569012774795,,,-0.5354036482552459,
2026-04-26,BP,0.0,,59.41640233166108,-0.04143645521021985,-0.16485597456300377,,-0.45117382935703204,
2026-04-27,BP,0.5586333333333333,45.97,59.41640233166108,-0.05540308460632781,1.273077105973999,,-0.5449442944190869,
2026-04-28,BP,0.53522,46.35,61.537187932488806,-0.03320028316764656,1.162287146756761,,-0.37201119996174675,
2026-04-29,BP,0.46230000000000004,46.8,63.51841860920457,0.009891513713715466,0.9403981964283555,,-0.04317056303675199,
2026-04-30,BP,,,63.51841860920457,0.007913210970972362,,,-0.05769821917984988,
2026-05-01,BP,0.68665,,63.51841860920457,0.006330568776777873,1.454492757431762,,-0.06920813133654463,
2026-05-02,BP,,,63.51841860920457,0.005064455021422304,,,-0.07827894858694938,
2026-05-03,BP,,,63.51841860920457,0.0040515640171378264,,,-0.08538034677685735,
2026-05-04,BP,0.38820000000000005,,63.51841860920457,0.0032412512137102445,0.6682878302315814,,-0.09089331328293225,
2026-05-05,BP,-0.21866666666666668,,63.51841860920457,0.002593000970968179,-0.8892281877393454,,-0.09512669202417022,
2026-05-06,BP,-0.07975000000000002,,63.51841860920457,0.0020744007767745376,-0.5166437174057931,0.9567432059770163,-0.09833067829397055,0.05086627134259649
2026-05-07,BP,0.1852,,63.51841860920457,0.0016595206214196356,0.18094429451320554,0.9141191759613312,-0.10070782067486721,0.3164011243912214
2026-05-08,BP,-0.1736,,63.51841860920457,0.0013276164971356974,-0.7638492479873648,0.8768032322113583,-0.1024219844619246,-0.07322532487011588
2026-05-09,BP,,,63.51841860920457,0.001062093197708558,,0.8437716380649931,-0.10360564874614374,
2026-05-10,BP,,,63.51841860920457,0.0008496745581668408,,0.8142579823852696,-0.10436584238665117,
2026-05-11,BP,0.42775,,63.51841860920457,0.0006797396465334782,0.8376005999404671,0.7876754986519956,-0.10478896920809908,0.5399061988093559
2026-05-12,BP,,,63.51841860920457,0.0005437917172267659,,0.7635662570304269,-0.10494472757926583,
2026-05-13,BP,0.15019999999999997,,63.51841860920457,0.00043503337378139606,0.0855486343982411,0.7415668906795205,-0.10488929231541727,0.22522273326852738
2026-05-14,BP,,,63.51841860920457,0.00034802669902511685,,0.7213848509893879,-0.10466789621710428,
2026-05-15,BP,0.3182,,63.51841860920457,0.00027842135922009903,0.5374097320452506,0.7027815702330183,-0.10431692338093566,0.39450328687372505
2026-05-16,BP,,,63.51841860920457,0.00022273708737607922,,0.6855602753633254,-0.10386560575536466,
2026-05-17,BP,-0.9517,,63.51841860920457,0.00017818966990085228,-2.6606971850030163,0.669557006519234,-0.10333739748396593,-0.8944129912906261
2026-05-18,BP,0.9118,,63.51841860920457,0.00014255173592067627,1.9413913815788093,0.6546338892326408,-0.10275108772663939,0.9421213930833242
2026-05-19,BP,,,63.51841860920457,0.00011404138873652436,,0.6406740208197509,-0.10212170133118233,
2026-05-20,BP,0.5986,,63.51841860920457,9.123311098921394e-05,1.1441144626743096,0.6275775321281295,-0.10146122749125493,0.6154806764607863
2026-05-21,BP,0.9609,,63.51841860920457,7.29864887913656e-05,1.913662437507003,0.6152585179798753,-0.10077920899709492,0.9198087676976354
2026-05-22,BP,,,63.51841860920457,5.838919103309803e-05,,0.6036426184395849,-0.10008321855276416,
2026-05-23,BP,,,63.51841860920457,4.671135282646732e-05,,0.5926650937666391,-0.10020620851260723,
2026-03-24,BTC,0.035824928857116335,70532.33391720292,,0.0,,,,
2026-03-25,BTC,0.08348992750296287,71301.88130420126,,49.11071643523174,,,,
2026-03-26,BTC,0.06134009402118681,68777.81158522719,,-83.8742688776669,,,,
2026-03-27,BTC,-0.05048471895004351,66364.9551674553,,-316.73348009596623,,,,
2026-03-28,BTC,-0.0193899498664665,66327.7197985175,,-447.65657147043464,,,,
2026-03-29,BTC,-0.01954191701992832,65965.68339665918,,-527.5326162161545,,,,
2026-03-30,BTC,0.01602481291036392,66739.25979469695,,-497.5516173940879,,,,
2026-03-31,BTC,0.00602206811813069,68223.65912420322,,-353.7889257931056,,,,
2026-04-01,BTC,0.04345520213260929,68104.7323713907,,-247.76051971179845,,,,
2026-04-02,BTC,0.02141099345723489,66893.23955485396,,-240.10173442217285,,,,
2026-04-03,BTC,-0.0646296991827821,66953.7694469559,,-212.77584988027525,,,,
2026-04-04,BTC,-0.05668051320030127,67293.697947904,,-156.23995087117885,,,,
2026-04-05,BTC,-0.0028557274399938076,69001.00479198077,,3.2595079322142055,,,,
2026-04-06,BTC,0.039627087481378324,68851.67103354876,,100.43941120915815,,,,
2026-04-07,BTC,0.08325494253351434,71911.92989928057,75.3523506257838,358.0640746461843,,,,
2026-04-08,BTC,0.03933284364584291,71086.85810613615,70.74133485024132,453.9784685944187,,,,
2026-04-09,BTC,0.11720751853885936,71800.10658777827,72.31831464991163,540.6453048337141,,,,
2026-04-10,BTC,0.052807297839734,72990.3264224803,74.7627813370199,646.1796897394006,,,,
2026-04-11,BTC,0.07663559057972859,73076.44231396372,74.93524431180303,686.0734932902437,,,,
2026-04-12,BTC,0.036335468175830304,70747.41879192904,62.49628993368663,527.0414975794399,0.22953798642270076,,1.3022158010069218,
2026-04-13,BTC,0.05888405025863588,74441.72500155793,70.7814381476434,634.8569824233991,0.6611248714264012,,1.452111801502853,
2026-04-14,BTC,0.029597353353414124,74176.89660579553,69.59452895823559,650.165743775083,0.06049024055754178,,1.3855795717908121,
2026-04-15,BTC,0.10525607172503414,74829.47161430036,70.88989484398013,663.7552552219124,1.5210052318513243,,1.3288379174733633,
2026-04-16,BTC,0.05936462311115082,75164.19155786654,71.55919125580601,653.7571893226,0.5756303790317918,,1.2341378208209501,
2026-04-17,BTC,0.0595160964681869,77098.60813443833,75.1194947224077,730.0978591049574,0.5636161021334131,,1.3292891153413424,
2026-04-18,BTC,0.05375254198321008,75732.12712082856,68.58774027049219,644.232458285097,0.43353024322843775,,1.0855958455830768,
2026-04-19,BTC,0.07564424583551614,73822.81662959562,60.65212097275021,425.0901958618406,0.8678752671868157,,0.5759996503222146,
2026-04-20,BTC,0.06911348849292608,75864.0291140952,65.27744671502433,385.0446587250851,0.709307872147074,,0.4738837487638823,
2026-04-21,BTC,0.05151260334608602,76346.86744098483,66.28697145908728,359.02333979034483,0.3251515445428724,,0.4052843298465302,
2026-04-22,BTC,0.08716726478691832,78208.09670319437,69.91774022979938,430.30361217234304,1.0633147550058806,,0.5608725696835285,
2026-04-23,BTC,0.10817881836178106,78281.73127099819,70.05514115178173,443.773141059816,1.4420218952710446,,0.5802973160047978,
2026-04-24,BTC,0.027338912536794813,77460.24092064063,66.41076592014818,362.16569108693693,-0.2771474341307047,,0.37666935439042604,
2026-04-25,BTC,0.043431484886184556,77645.79570442978,66.83050204104838,288.68564904065715,0.07017525957237099,,0.19385191553440487,
2026-04-26,BTC,0.1554006205911511,78674.32355682243,69.13299998270799,277.2902529630169,2.284034495752734,-0.11124278206741171,0.1630956007737043,0.9291696439129814
2026-04-27,BTC,0.04436438799101828,77369.79485588043,63.14575816194472,155.88345632657388,0.01484213340986478,-1.4590762425755384,-0.14103833721407133,-0.47409752057293697
2026-04-28,BTC,-0.0022001150325881916,76328.85746487633,58.77188045078233,-11.645518336290934,-0.9261740271319612,-2.145871082694249,-0.5594219602364117,-1.1820575237319828
2026-04-29,BTC,0.13552508063066973,75755.22700494803,56.45134079321136,-169.45185585172635,1.8175526307222014,-2.2533589491244665,-0.9422943744984345,-0.23167494479798972
2026-04-30,BTC,0.15191455080311292,76309.37505736074,58.16960393850802,-240.53335876932533,1.9977798046142792,-1.7507298541029102,-1.0931253856983225,-0.05404465009465809
2026-05-01,BTC,0.11604866952546751,78229.51024039036,63.538016183147604,-165.80887400020833,1.2654316487055188,-0.754590548216928,-0.8797239722679661,0.015878303336739397
2026-05-02,BTC,0.19019604324768205,78674.73361924311,64.67022262539746,-97.36071556451111,2.42830546054987,-0.5344692920800431,-0.6897072619522193,0.6040692180102694
2026-05-03,BTC,0.09056415735642409,78559.33509700642,64.11451207923383,-71.99027770010002,0.6535647335674776,-0.6211078052568576,-0.6132067438705828,-0.10886847131124111
2026-05-04,BTC,0.26487719525089576,79846.71228097136,67.47254263081851,14.735868023822377,3.2045287555226913,0.008151883734241893,-0.3804040283437511,1.1701358588262238
2026-05-05,BTC,0.07821551410128347,80903.39253665537,69.95752844697182,120.61612987268973,0.29647908045411947,0.4727303651652357,-0.09843511913289889,0.2308802059913488
2026-05-06,BTC,0.10441401567412689,81432.28296503118,71.14573150223828,198.99418002317725,0.6966384663612143,0.6856619419993413,0.11067214664315086,0.5175556131372333
2026-05-07,BTC,0.046980831664761774,80004.06764059002,63.80677270213601,130.67420480748524,-0.20981155563123904,-0.7303178093978399,-0.07402525312878719,-0.32522754101048373
2026-05-08,BTC,0.02775344942878731,80185.31709177083,64.30992648027237,76.40264433110451,-0.5103974550965471,-0.6176299979803668,-0.2205853673816542,-0.4556235916472251
2026-05-09,BTC,-0.0343524448518673,80653.94720888002,65.63996790507863,51.94718857476505,-1.4606131055100868,-0.3471122013775407,-0.28520186191948754,-0.7739394611931432
2026-05-10,BTC,-0.03878737836951616,82191.08952171597,69.63694578839312,115.53343896587785,-1.479065243204312,0.4512342111829751,-0.10577830245806939,-0.48798932466425315
2026-05-11,BTC,0.11881514520614149,81724.69009857305,67.08691957051197,102.84455177334257,0.9759821419137388,-0.06856714237480961,-0.14028944743316885,0.327735879823102
2026-05-12,BTC,0.005657498350022226,80481.90815724083,60.70766315628286,-6.768263604147933,-0.788589783144682,-1.3355292182022767,-0.44876966951756814,-0.8507255795738262
2026-05-13,BTC,0.11484328230056821,79287.10264307725,55.26662102655049,-168.30786478871437,0.9161962618453201,-2.237619799930123,-0.8988436892349891,-0.5744605420114055
2026-05-14,BTC,0.06608705200858872,81074.91413392633,60.91197853928265,-163.1987395107269,0.14482047749584923,-1.1177556321691102,-0.8690558891872866,-0.5381152654085793
2026-05-15,BTC,0.01708795045767919,79060.52947859793,52.82308901025029,-296.18056228436694,-0.6281510637526841,-2.4164144617783947,-1.2245200361993118,-1.3435407748943855
2026-05-16,BTC,-0.019159119825196354,78108.82483661234,49.479910477490264,-440.2511778888288,-1.1822689365129597,-2.6793403712313584,-1.5853162923054813,-1.752304573666236
2026-05-17,BTC,0.05609322562866237,77409.37944689905,47.1195764847358,-566.617596634163,0.019595509881297813,-2.7234737029519693,-1.8627104954960567,-1.3680170555818887
2026-05-18,BTC,-0.017169806294905665,76951.89291545041,45.587776194188386,-658.5303461021231,-1.137550972490512,-2.648115875758391,-2.018145752819839,-1.8548988775696738
2026-05-19,BTC,0.0069611709594060945,76781.11195660256,44.999669782517685,-704.2321812271477,-0.7394349137474192,-2.485662885878979,-2.04063855661991,-1.6536643982486343
2026-05-20,BTC,0.032229554776632044,77504.38558188338,48.055936764268914,-659.9125823031472,-0.32845063296987875,-1.9754257017846186,-1.8494329098310944,-1.2788378366726654
2026-05-21,BTC,0.1887253180706964,77540.49383503072,48.21065977380687,-603.8418135767664,2.111238897560735,-1.8560355019663692,-1.6511789597011712,-0.20766877947596812
2026-05-22,BTC,0.08408418766313214,75485.49825501017,40.76800981838134,-675.4180454205681,0.45788072948027586,-2.5092902397055217,-1.7663391111199014,-1.0995365134555164
2026-05-23,BTC,,,40.76800981838134,-540.3344363364545,,-2.3287003950428335,-1.387885360511601,
2026-03-24,C,0.6078929905043253,113.74,,0.0,,,,
2026-03-25,C,0.2045997395101806,114.48,,0.0472250712250684,,,,
2026-03-26,C,0.3174543669861555,112.41,,-0.05786098489461665,,,,
2026-03-27,C,0.40693795411237443,107.38,,-0.4416723281804589,,,,
2026-03-28,C,0.2982114047484868,,,-0.35333786254436705,,,,
2026-03-29,C,0.21282224267513622,,,-0.28267029003549365,,,,
2026-03-30,C,0.2427976909786386,107.27,,-0.6944185130402017,,,,
2026-03-31,C,0.2217989301261994,113.41,,-0.3709534300487324,,,,
2026-04-01,C,0.24416278967246147,115.3,,-0.02324171483211579,,,,
2026-04-02,C,-0.009826917342964259,115.25,,0.19768640181304847,,,,
2026-04-03,C,0.24064428204692184,,,0.1581491214504388,,,,
2026-04-04,C,0.37552202792225237,,,0.12651929716035104,,,,
2026-04-05,C,0.25379158825881665,,,0.10121543772828084,,,,
2026-04-06,C,-0.20785643974306683,117.36,,0.6077073820295104,,,,
2026-04-07,C,0.06922781987966137,117.13,,0.6725246239135406,,,,
2026-04-08,C,0.21883635378260066,123.49,,1.0844899867770394,,,,
2026-04-09,C,-0.022609874491672954,124.92,,1.3753523067612343,,,,
2026-04-10,C,0.5207804347826087,124.39,,1.4468447749888396,,,,
2026-04-11,C,0.7933739130434782,,,1.1574758199910715,,,,
2026-04-12,C,0.549108,,,0.9259806559928572,1.181605382150237,,1.0096959573658608,
2026-04-13,C,0.4809595238095238,126.28,,1.32934934266202,0.8490031000486509,,1.5074831544440739,
2026-04-14,C,0.4243026086956522,129.58,,1.4980086548297376,0.5833347044034135,,1.6090546301533026,
2026-04-15,C,0.548536,131.69,,1.6404650378070453,1.079677614846666,,1.657203019406029,
2026-04-16,C,0.48894038461538464,129.34,,1.470664401129305,0.7887658056051758,,1.3362958894674068,
2026-04-17,C,0.6070325581395348,132.18,78.71756477922494,1.4419100774711127,1.24473534142659,,1.2297818110148147,
2026-04-18,C,0.8293083333333334,,78.71756477922494,1.15352806197689,1.9913292044298694,,0.8168270606837038,
2026-04-19,C,0.8704999999999999,,78.71756477922494,0.9228224495815116,1.9529414172365893,,0.49481290526648897,
2026-04-20,C,0.5109259259259259,133.05,78.71756477922494,1.1504689783707995,0.5573767050035554,,0.7823736833828877,
2026-04-21,C,0.5768215384615385,131.68,73.62604689781975,0.9218024597185064,0.7910175158530621,,0.45826174919251894,
2026-04-22,C,0.5324658227848101,129.73,68.12222067664807,0.5664958285556168,0.6032048266786381,,-0.036801552197125595,
2026-04-23,C,0.5228231884057971,128.51,64.85565795117438,0.19573512502302037,0.5531760853262924,,-0.551414111173613,
2026-04-24,C,0.5429585365853659,127.98,63.432622901122045,-0.12168793485247953,0.6202339858601094,,-0.976147059781569,
2026-04-25,C,0.26226620196836353,,63.432622901122045,-0.09735034788198327,-0.5066366943012078,,-0.9146761659056841,
2026-04-26,C,0.6293781963626854,,63.432622901122045,-0.07788027830558697,0.9686140754813736,,-0.8636690681109174,
2026-04-27,C,0.5969126984126985,129.14,63.432622901122045,-0.25049422806535127,0.8155280175137725,,-1.0780976154866793,
2026-04-28,C,0.6321506666666666,128.53,61.3487735854439,-0.42385442847074906,0.9353531428217785,,-1.2780239766818215,
2026-04-29,C,0.20325909090909092,127.61,58.792429609688185,-0.6077459434849075,-0.814877883193353,,-1.4721768547378715,
2026-04-30,C,0.4052541666666667,,58.792429609688185,-0.486196754787926,0.021798181355450568,,-1.2566154142614203,
2026-05-01,C,0.5383478260869565,,58.792429609688185,-0.3889574038303407,0.5710429118321892,,-1.0895635233674452,
2026-05-02,C,0.8115073170731707,,58.792429609688185,-0.3111659230642725,1.645633237563055,,-0.9580241623760647,
2026-05-03,C,,,58.792429609688185,-0.24893273845141817,,,-0.8532713830843747,
2026-05-04,C,0.6093218181818182,,58.792429609688185,-0.1991461907611347,0.7928718083153681,,-0.7691380235636018,
2026-05-05,C,0.4642717391304348,,58.792429609688185,-0.15931695260890777,0.1876396088903417,,-0.7011016313702276,
2026-05-06,C,0.2799016564670064,,58.792429609688185,-0.12745356208712622,-0.5788220927690201,-0.8364325007682917,-0.6457570602852607,-0.6761857054236737
2026-05-07,C,0.4302390243902439,,58.792429609688185,-0.10196284966970115,0.05796109049524799,-0.8033322883683621,-0.6004914864063696,-0.3979626962343203
2026-05-08,C,0.4832620689655172,,58.792429609688185,-0.08157027973576092,0.28205616088725766,-0.7739255537824702,-0.5632726653625771,-0.2883370013886111
2026-05-09,C,0.29046652526289224,,58.792429609688185,-0.06525622378860874,-0.54606202900949,-0.747568365917907,-0.5325043864789577,-0.6024466373228554
2026-05-10,C,0.8188222222222222,,58.792429609688185,-0.052204979030887166,1.6881790506970178,-0.7237642511539903,-0.5069239694216205,0.3060651541061239
2026-05-11,C,0.08281372517903848,,58.792429609688185,-0.041763983224709644,-1.4123536814809008,-0.7021233697091177,-0.4855273360675133,-0.9212366843253497
2026-05-12,C,0.16121676660125905,,58.792429609688185,-0.033411186579767715,-1.0572586537936495,-0.682334717122443,-0.467512928336367,-0.7678577551551028
2026-05-13,C,0.751974119981518,,58.792429609688185,-0.026728949263814084,1.393208556988983,-0.6641467065961324,-0.4522389632859818,0.22236772183095896
2026-05-14,C,0.4447409090909091,,58.792429609688185,-0.021383159411051178,0.10858916080890961,-0.647353299730775,-0.43919040221880135,-0.2825274462613091
2026-05-15,C,0.22730793665459872,,58.792429609688185,-0.01710652752884112,-0.7961517132913083,-0.6317839034487337,-0.4279531601875383,-0.6363818044074049
2026-05-16,C,0.4821391959137916,,58.792429609688185,-0.013685222023072985,0.2801032286080157,-0.6172958805389482,-0.41819381127155125,-0.1986056160999436
2026-05-17,C,0.8148040000000001,,58.792429609688185,-0.010948177618458566,1.6416633050393732,-0.6037689100887281,-0.40964352471361737,0.3526415915750457
2026-05-18,C,0.6163408163265306,,58.792429609688185,-0.008758542094767119,0.7960247606775315,-0.5911006806023684,-0.4020852936925523,0.02045411198253641
2026-05-19,C,0.3800333333333334,,58.792429609688185,-0.007006833675813784,-0.19801053343039313,-0.5792035586490085,-0.39534374791294263,-0.37156840534074265
2026-05-20,C,0.33636521739130437,,58.792429609688185,-0.005605466940651116,-0.37985028068390675,-0.5680019820069346,-0.38927700664307374,-0.4391238088685652
2026-05-21,C,0.314047619047619,,58.792429609688185,-0.00448437355252107,-0.47049194404019923,-0.5574303980094418,-0.3837701508786806,-0.47055694228251643
2026-05-22,C,,,58.792429609688185,-0.003587498842017034,,-0.5474316171463217,-0.37872998503220445,
2026-05-23,C,,,58.792429609688185,-0.002869999073613627,,-0.5379554864695525,-0.3774931642044534,
2026-03-24,COIN,0.1708787142811775,181.04,,0.0,,,,
2026-03-25,COIN,0.13026807061516782,181.1,,0.0038290598290586786,,,,
2026-03-26,COIN,0.16424577300494997,173.38,,-0.4866527771690244,,,,
2026-03-27,COIN,0.21751741735771277,161.14,,-1.5485938998635764,,,,
2026-03-28,COIN,0.10249622739954883,,,-1.2388751198908612,,,,
2026-03-29,COIN,0.20251495683634205,,,-0.9911000959126888,,,,
2026-03-30,COIN,0.1133652793336791,160.79,,-2.170776606835264,,,,
2026-03-31,COIN,0.11558847203775913,174.61,,-1.4551001043266998,,,,
2026-04-01,COIN,0.04098502138665638,172.99,,-1.0156571182673555,,,,
2026-04-02,COIN,0.24048501525309163,171.46,,-0.7643297984977488,,,,
2026-04-03,COIN,0.2170238838342104,,,-0.611463838798199,,,,
2026-04-04,COIN,0.15531789472177393,,,-0.4891710710385593,,,,
2026-04-05,COIN,0.1752391592486491,,,-0.3913368568308475,,,,
2026-04-06,COIN,0.2477393783972152,174.79,,0.0783970713713753,,,,
2026-04-07,COIN,0.1619473186517807,175.18,,0.3169325489848731,,,,
2026-04-08,COIN,0.1408683516348011,175.09,,0.4686173497240307,,,,
2026-04-09,COIN,0.19818168193489683,169.02,,0.17521655751237653,,,,
2026-04-10,COIN,0.2760170366505318,167.85,,-0.0694675085411589,,,,
2026-04-11,COIN,-0.01152885538144451,,,-0.055574006832927125,,,,
2026-04-12,COIN,0.1714556962363171,,,-0.04445920546634152,0.14402788530806696,,0.6669303145982782,
2026-04-13,COIN,0.0964670390138298,174.53,,0.3352809801673722,-0.9025945922959399,,1.137457582514817,
2026-04-14,COIN,0.1815116706617501,184.41,,1.130687022201144,0.32794225367731883,,1.9788681255642182,
2026-04-15,COIN,0.3003008993073236,195.9,,2.323335358308566,1.8733353782673479,,2.755127483006972,
2026-04-16,COIN,0.30284676135164984,199.825,,3.2143708939179625,1.737521687913035,,2.8681325062185,
2026-04-17,COIN,0.2572225841624611,206.33,72.12765590900692,4.026975185425025,1.084083084121169,,2.8251861939083516,
2026-04-18,COIN,0.32751570811089453,,72.12765590900692,3.2215801483400197,1.8285534058467376,,2.017748115208903,
2026-04-19,COIN,0.23904080068360992,,72.12765590900692,2.5772641186720158,0.7068936476103962,,1.494096614886457,
2026-04-20,COIN,0.23001892597019657,211.63,72.12765590900692,4.256135799575073,0.5794366724669143,,2.2621950055511353,
2026-04-21,COIN,0.06393599583793654,195.95,51.55302257954165,3.3396607165725958,-1.4485226593660194,,1.6137684890477653,
2026-04-22,COIN,0.06225545100662461,206.24,58.38891056350069,3.214626940825167,-1.3945545386355818,,1.4592047956338219,
2026-04-23,COIN,0.13720900879176273,197.93,52.00687340653036,2.3978723887734628,-0.46942469500698475,,0.9749355787885654,
2026-04-24,COIN,0.05787132892459846,199.77,53.225962096338584,1.832660329769622,-1.383225068700447,,0.6473390929735677,
2026-04-25,COIN,0.07915315386048873,,53.225962096338584,1.4661282638156967,-1.086192786705668,,0.4346159322061185,
2026-04-26,COIN,0.2256285989391346,,53.225962096338584,1.1729026110525567,0.6764137802210878,,0.2644727812994383,
2026-04-27,COIN,0.10387150485473785,196.68,53.225962096338584,0.5889494099891115,-0.7941632388523451,,-0.06986863315288751,
2026-04-28,COIN,0.12441261912025925,194.1,50.79265036582684,-0.01767072847740181,-0.5319414418463136,,-0.41661518304879025,
2026-04-29,COIN,-0.000747423113546232,181.73,42.59848655801122,-1.2428907976315866,-1.9452441900028024,,-1.104485045073103,
2026-04-30,COIN,0.2236634863075202,187.77,47.08714809254248,-1.6138932680414184,0.7114864579448346,,-1.2756579145064162,
2026-05-01,COIN,0.22296757955858723,191.25,49.535675495210185,-1.5897349641101384,0.68983898252715,,-1.2204313141262932,
2026-05-02,COIN,0.2895033425873534,,49.535675495210185,-1.271787971288111,1.433862086120812,,-1.0101161899789037,
2026-05-03,COIN,0.07471323828725145,,49.535675495210185,-1.0174303770304887,-1.0890722663186017,,-0.8450182324346913,
2026-05-04,COIN,0.06481341656298363,202.99,49.535675495210185,-0.03836184583850244,-1.1717057109876936,,-0.2740017831070283,
2026-05-05,COIN,0.1715263894218619,197.75,45.29098220688684,-0.07901663132616488,0.08586200761289375,,-0.2941269442983441,
2026-05-06,COIN,0.16334830935348105,197.96,45.455364307868905,-0.12783888010432864,-0.011619042747647548,-0.9553977249908742,-0.3190747172037396,-0.38698934975744315
2026-05-07,COIN,0.03631513619077836,192.96,42.203868049471396,-0.5114196515101481,-1.4890128225877903,-1.2142411177106684,-0.5410238638552974,-1.122184623504906
2026-05-08,COIN,0.05416868059079712,201.16,48.686591707197934,-0.2411538504459001,-1.2406786071173406,-0.5335929981159737,-0.37317362423168843,-0.7683014295512349
2026-05-09,COIN,0.10462911716934531,,48.686591707197934,-0.1929230803567199,-0.6346410805332074,-0.5190493493686581,-0.33973044341860237,-0.5114903700494612
2026-05-10,COIN,0.18986212055080673,,48.686591707197934,-0.15433846428537645,0.37491301820025813,-0.5056433182234571,-0.31240283570136534,-0.09544863889734347
2026-05-11,COIN,0.12699423974833027,216.6,48.686591707197934,1.5387076021897519,-0.3755756316713069,-0.4932330445305044,0.7286361859198811,-0.07960931025170975
2026-05-12,COIN,0.08434784029676919,207.64,41.79641093358241,1.3492540350468456,-0.8764043428656003,-1.1885373939772041,0.6019822114990506,-0.5265282918896862
2026-05-13,COIN,0.185947362565371,201.8,38.66639857022274,0.7424142865711509,0.353451341019292,-1.4374733830419566,0.21814226815112367,-0.22441879805953305
2026-05-14,COIN,0.3152986819249434,212.01,46.24552674070076,0.9283579000597708,1.852730651662182,-0.6184973031052133,0.3326482928000205,0.655337557573315
2026-05-15,COIN,0.1634728632977114,195.43,38.02758593398168,-0.1103358345316412,0.039440107408967945,-1.4185620279038886,-0.3292196168295501,-0.5085584504564444
2026-05-16,COIN,0.1871043077388116,,38.02758593398168,-0.08826866762531349,0.321087969499951,-1.3494604681486577,-0.31179613204427736,-0.3699417922579001
2026-05-17,COIN,0.0837312447140481,,38.02758593398168,-0.07061493410025133,-0.9201463206061812,-1.289647295602508,-0.2973522099814665,-0.8441583799176648
2026-05-18,COIN,0.21433660510366725,189.44,38.02758593398168,-1.5717735454197417,0.6615336496805816,-1.2372085618054645,-1.25399455022061,-0.4827474737355896
2026-05-19,COIN,0.17430486734291514,193.45,41.41433649197551,-1.8269091745185246,0.1700739421319423,-0.8707545444380823,-1.383723509498251,-0.608313839328123
2026-05-20,COIN,0.13940395385586649,191.29,40.371408495326754,-2.069016577121413,-0.25844205572075574,-0.9489076826827983,-1.496631054410687,-0.8370384434163478
2026-05-21,COIN,0.11666461122168718,193.56,42.023789643803454,-2.0028385116368868,-0.5356282908041526,-0.763353457358752,-1.4164836349643533,-0.8682024440185926
2026-05-22,COIN,0.12331814374737442,184.97,37.75961283991125,-2.4353972057431683,-0.44779339713926036,-1.1591859387403298,-1.6378379939928414,-1.0182245386756554
2026-05-23,COIN,,,37.75961283991125,-1.9483177645945347,,-1.1230719579200947,-1.294145368695313,
2026-03-24,COP,-0.01987857142857142,129.35,,0.0,,,,
2026-03-25,COP,0.04954848484848484,128.93,,-0.02680341880343349,,,,
2026-03-26,COP,0.08916875,133.25,,0.23355519516886034,,,,
2026-03-27,COP,-0.040141666666666666,133.8,,0.4191280671395352,,,,
2026-03-28,COP,-0.06666,,,0.33530245371162815,,,,
2026-03-29,COP,-0.52372,,,0.2682419629693025,,,,
2026-03-30,COP,-0.11618695652173913,132.89,,0.3996895277085658,,,,
2026-03-31,COP,-0.0017777777777777794,132.0,,0.3369704304605581,,,,
2026-04-01,COP,0.04685,128.38,,0.04449372194283485,,,,
2026-04-02,COP,0.23563529411764705,130.52,,-0.009170160421519302,,,,
2026-04-03,COP,0.39720000000000005,,,-0.007336128337215475,,,,
2026-04-04,COP,0.17002857142857142,,,-0.005868902669772413,,,,
2026-04-05,COP,0.2376666666666667,,,-0.004695122135817964,,,,
2026-04-06,COP,-0.014654545454545446,131.64,,0.06683601412641726,,,,
2026-04-07,COP,0.06539230769230768,131.77,,0.07437283149618668,,,,
2026-04-08,COP,0.03797333333333334,125.22,,-0.34765034074330664,,,,
2026-04-09,COP,0.061304166666666667,123.47,,-0.7096730886871849,,,,
2026-04-10,COP,0.2028684210526316,122.55,,-0.960524752932624,,,,
2026-04-11,COP,-0.16294999999999998,,,-0.7684198023460992,,,,
2026-04-12,COP,-0.070025,,,-0.6147358418768794,-0.526255583530032,,-1.3563143581389414,
2026-04-13,COP,0.32386190476190474,123.62,,-0.8485107678335684,1.4468676224554413,,-1.7325398875072928,
2026-04-14,COP,0.3446592592592592,118.79,,-1.1335885464853575,1.4392934877194394,,-2.074577322963263,
2026-04-15,COP,0.46907222222222217,118.92,,-1.2371223718791509,1.847016567473344,,-2.0160799523118764,
2026-04-16,COP,0.04287142857142857,121.57,,-1.0578003853028448,-0.1453791860609434,,-1.54439992080683,
2026-04-17,COP,0.176325,116.04,21.65387428098215,-1.2302077594426044,0.48120020978446654,,-1.7103279490099212,
2026-04-18,COP,0.41273333333333334,,21.65387428098215,-0.9841662075540833,1.5214896276631638,,-1.2092265477281359,
2026-04-19,COP,0.18017500000000003,,21.65387428098215,-0.7873329660432664,0.4151256701283916,,-0.8346201775131045,
2026-04-20,COP,0.2915,116.45,21.65387428098215,-1.0490042781874993,0.9173065584704183,,-1.2381453919685517,
2026-04-21,COP,0.30888947368421055,120.26,34.404536886876286,-0.727660819179814,0.9669497085521594,,-0.6579513163579112,
2026-04-22,COP,0.32750416666666665,122.6,39.694462355528636,-0.3152224567310635,1.0198795123405764,,0.0715231570079807,
2026-04-23,COP,-0.026695652173913044,124.37,43.4118940782821,0.09703411327711908,-0.665596472046143,,0.7931819395575747,
2026-04-24,COP,0.28944400000000003,121.76,39.54121032227351,0.20782304079042513,0.8436520642011661,,0.9637055752919744,
2026-04-25,COP,-0.41868,,39.54121032227351,0.1662584326323402,-2.3305811121782125,,0.8645335449210623,
2026-04-26,COP,0.07155454545454544,,39.54121032227351,0.13300674610587215,-0.12585824528328132,,0.7847616516898778,
2026-04-27,COP,0.07778421052631579,121.68,39.54121032227351,0.2359618918007711,-0.09606447787909356,,0.9466656589452962,
2026-04-28,COP,0.047654545454545456,124.32,46.08179447855068,0.47074894853210614,-0.23218009222317365,,1.3231604513399784,
2026-04-29,COP,0.45405518229492736,128.25,52.758411345526056,0.8653137018645576,1.5922876539502249,,1.9043274428782582,
2026-04-30,COP,0.1371529411764706,,52.758411345526056,0.6922509614916461,0.1374890697196777,,1.5301995050677277,
2026-05-01,COP,0.12573529411764706,,52.758411345526056,0.5538007691933171,0.0833636130990492,,1.2504753046555317,
2026-05-02,COP,0.35635,,52.758411345526056,0.4430406153546538,1.1352276696303705,,1.0351409745933589,
2026-05-03,COP,0.19796666666666665,,52.758411345526056,0.3544324922837232,0.38714464366210344,,0.8663661720787407,
2026-05-04,COP,0.25379583333333333,,52.758411345526056,0.28354599382697865,0.6408195673227706,,0.7325498880612225,
2026-05-05,COP,0.13242666666666666,,52.758411345526056,0.22683679506158305,0.06073657173890639,,0.6256346266221551,
2026-05-06,COP,0.290244,,52.758411345526056,0.18146943604926657,0.8076744063644818,0.9455552992546403,0.5397574228136063,0.7686635791662668
2026-05-07,COP,0.11937058823529412,,52.758411345526056,0.1451755488394133,-0.020903288431850846,0.9038908070985395,0.4705104193577065,0.40395905256413345
2026-05-08,COP,0.1614,,52.758411345526056,0.11614043907153082,0.18326297590215945,0.8673626137963844,0.4145038505042219,0.45786512965104564
2026-05-09,COP,0.8549800000000001,,52.758411345526056,0.09291235125722475,3.1623365888163715,0.8349892576855064,0.36909008483588884,1.6261584382829672
2026-05-10,COP,0.13504285714285713,,52.758411345526056,0.07432988100577997,-0.02167914051791538,0.8060338799083046,0.33217910919998117,0.3327922405253196
2026-05-11,COP,0.1629930409991639,,52.758411345526056,0.05946390480462416,0.10223028950453492,0.7799309661987655,0.3021091294078953,0.3655041444838122
2026-05-12,COP,0.08296666666666667,,52.758411345526056,0.047571123843699326,-0.25656386547237314,0.7562382451544092,0.27755230669892095,0.20751161936704976
2026-05-13,COP,0.19251666666666667,,52.758411345526056,0.03805689907495946,0.24062953843177035,0.7346041315119927,0.2574440611214126,0.3938662731627297
2026-05-14,COP,0.13140000000000002,,52.758411345526056,0.030445519259967746,-0.040414386334299585,0.7147451052881945,0.24092889435015233,0.2705364453577842
2026-05-15,COP,0.5223782608695652,,52.758411345526056,0.024356415407974286,1.710102088226537,0.6964296304279262,0.22731821996146523,0.9611651904074323
2026-05-16,COP,0.3308909090909091,,52.758411345526056,0.019485132326379606,0.8239730737139617,0.6794664894500256,0.2160571742822663,0.5982463286052723
2026-05-17,COP,-0.12404999999999997,,52.758411345526056,0.015588105861103818,-1.2273286264208403,0.6636961684963751,0.20669829078221272,-0.2298131127847598
2026-05-18,COP,0.25020000000000003,,52.758411345526056,0.012470484688883232,0.47026317841224585,0.6489843924276578,0.1988805042757745,0.44246474037592803
2026-05-19,COP,0.47885483870967743,,52.758411345526056,0.009976387751106763,1.4748390363461963,0.6352172030004537,0.19231234186945823,0.8381944779994521
2026-05-20,COP,0.04975,,52.758411345526056,0.007981110200885544,-0.4647225788689121,0.6222971626976376,0.18675842989984848,0.05682764623168095
2026-05-21,COP,0.3783818181818182,,52.758411345526056,0.0063848881607084795,1.0167847418192264,0.6101403919139783,0.1820286425716511,0.6443646070733794
2026-05-22,COP,,,52.758411345526056,0.005107910528566961,,0.5986742314443286,0.17796936381165043,
2026-05-23,COP,,,52.758411345526056,0.004086328422853613,,0.5878353799615429,0.175784712699546,
2026-03-24,CRM,0.18699015763885504,183.02,,0.0,,,,
2026-03-25,CRM,0.2106507178964253,181.96,,-0.06764672364670332,,,,
2026-03-26,CRM,0.26894214386780996,185.64,,0.1285029569565495,,,,
2026-03-27,CRM,0.14313912172344748,179.31,,-0.15939507626836985,,,,
2026-03-28,CRM,0.4125843996225143,,,-0.12751606101469587,,,,
2026-03-29,CRM,0.354859138109338,,,-0.10201284881175669,,,,
2026-03-30,CRM,0.08564105579966884,185.03,,0.15183754674700115,,,,
2026-03-31,CRM,0.27883534605832355,186.67,,0.33967279470600514,,,,
2026-04-01,CRM,0.3364468855475928,186.24,,0.4117839658098894,,,,
2026-04-02,CRM,0.1227907781565663,187.18,,0.4940730012183399,,,,
2026-04-03,CRM,0.17739251182296153,,,0.3952584009746719,,,,
2026-04-04,CRM,0.11485436949561129,,,0.3162067207797375,,,,
2026-04-05,CRM,0.4115117439444533,,,0.25296537662379004,,,,
2026-04-06,CRM,0.1358744978706149,185.03,,0.19893031733652045,,,,
2026-04-07,CRM,0.026182122655020085,182.96,,0.0052257933381397725,,,,
2026-04-08,CRM,0.10327217115777533,176.37,,-0.5421173941515134,,,,
2026-04-09,CRM,0.14622522690454468,170.85,,-1.212901314982897,,,,
2026-04-10,CRM,0.2267344393122265,164.96,,-1.9467399826515674,,,,
2026-04-11,CRM,0.15592187249731848,,,-1.557391986121254,,,,
2026-04-12,CRM,0.39064980423091306,,,-1.245913588897003,1.5201300024399234,,-1.452081151258484,
2026-04-13,CRM,0.2173419141357352,172.82,,-1.3960211439418848,0.024171577845136214,,-1.5229703818182323,
2026-04-14,CRM,0.14993246467953206,171.31,,-1.3490873936961219,-0.5557140196287925,,-1.360106857720973,
2026-04-15,CRM,0.23664833835861887,177.6,,-0.831553312756476,0.2198499209312687,,-0.6559327582631407,
2026-04-16,CRM,0.23779464363522698,181.22,,-0.2146839374761096,0.22550038615529305,,0.1654584160299551,
2026-04-17,CRM,0.2683044574585403,182.14,34.850784704868346,0.26029117968394133,0.49959652412762556,,0.787884292407172,
2026-04-18,CRM,0.4053008988900575,,34.850784704868346,0.2082329437471533,1.6681459557804812,,0.6957473764204332,
2026-04-19,CRM,0.44059413588641166,,34.850784704868346,0.1665863549977229,1.8215771515857029,,0.6215046370458286,
2026-04-20,CRM,0.23143777656205958,186.27,34.850784704868346,1.008494947778971,0.0010784977947264607,,1.6766786576741128,
2026-04-21,CRM,0.2780409964853507,187.11,36.83302831636414,1.3082576779385027,0.40624220592811183,,1.9054088973997327,
2026-04-22,CRM,0.20572486147998958,189.8,41.80884168412809,1.610870749134065,-0.24073208349290753,,2.0759570821594933,
2026-04-23,CRM,0.13297124137323038,173.3,27.49959715699285,0.6710744126903931,-0.8805279128662219,,0.918029467648579,
2026-04-24,CRM,0.06856107730789436,178.16,34.5997100171509,0.3634413907190309,-1.4015583588079128,,0.536566429048678,
2026-04-25,CRM,0.2136536607614509,,34.5997100171509,0.29075311257522474,-0.0903819198759488,,0.43999354540036006,
2026-04-26,CRM,-0.017862057374823465,,34.5997100171509,0.23260249006017986,-2.035706789771025,,0.3621962748089916,
2026-04-27,CRM,0.20854250014609935,180.18,34.5997100171509,0.17451060854257816,-0.06740615217267294,,0.2851476628194813,
2026-04-28,CRM,-0.12453154947629837,181.32,36.55989054906144,0.21252353158510173,-2.6425598649889,,0.3282957706379416,
2026-04-29,CRM,0.2565643628572074,181.22,36.475731309447255,0.22236147369496528,0.39150672254088176,,0.33588042524066763,
2026-04-30,CRM,0.23505046275996724,,36.475731309447255,0.17788917895597223,0.2148822080883974,,0.2741745054110064,
2026-05-01,CRM,0.2942814122083148,,36.475731309447255,0.14231134316477778,0.6861445982592074,,0.22430772114462805,
2026-05-02,CRM,0.17097749185155411,,36.475731309447255,0.11384907453182225,-0.3248924162272511,,0.18397789839528347,
2026-05-03,CRM,0.21013378748941186,,36.475731309447255,0.09107925962545782,0.001342678983578415,,0.15134584522639902,
2026-05-04,CRM,0.1210290977895021,,36.475731309447255,0.07286340770036626,-0.7367232061165621,,0.12493441009206087,
2026-05-05,CRM,0.20094426401267587,,36.475731309447255,0.058290726160293016,-0.057981029356981434,,0.10355328036898073,
2026-05-06,CRM,0.27517952744221175,,36.475731309447255,0.04663258092823441,0.5708109396298363,0.3437672586799846,0.0862413446462619,0.3573269568498085
2026-05-07,CRM,0.33752207298554643,,36.475731309447255,0.03730606474258752,1.0831981354651092,0.3349121547762513,0.07222163336794987,0.5554193906293041
2026-05-08,CRM,0.28443201917288263,,36.475731309447255,0.029844851794070038,0.6154199540193256,0.3267102806581031,0.06086562034554092,0.36244075190882347
2026-05-09,CRM,0.14224167636564922,,36.475731309447255,0.02387588143525604,-0.6118733041722293,0.3190848322065556,0.05166469265920896,-0.1335244642091624
2026-05-10,CRM,0.2599714396228398,,36.475731309447255,0.019100705148204833,0.4137266600526186,0.31197111540453865,0.04420722185715387,0.27234416519955523
2026-05-11,CRM,0.3000327358112626,,36.475731309447255,0.015280564118563877,0.7552435001853328,0.3053141910566696,0.03816007224412854,0.4051396790643726
2026-05-12,CRM,0.28296588821232477,,36.475731309447255,0.012224451294851113,0.5956722155871073,0.29906705740927103,0.033253655806462556,0.337965100199563
2026-05-13,CRM,0.27748227393189084,,36.475731309447255,0.009779561035880902,0.5398106822551357,0.29318923099700406,0.02926983843903696,0.3126619937328666
2026-05-14,CRM,0.2152721150103125,,36.475731309447255,0.007823648828704732,-0.01954505899732067,0.28764562635427454,0.026032146770828466,0.08628530833860262
2026-05-15,CRM,0.25271435992944985,,36.475731309447255,0.006258919062963789,0.31728154755473353,0.2824056628242337,0.023397835343111482,0.21865366847209694
2026-05-16,CRM,0.3009351143772093,,36.475731309447255,0.005007135250371039,0.7481628466191621,0.2774425459052371,0.021251460079303112,0.3888733404430269
2026-05-17,CRM,0.14943181448832155,,36.475731309447255,0.004005708200296845,-0.637603883090406,0.27273268414858964,0.019499672226069548,-0.1673718463237647
2026-05-18,CRM,0.20689566710049767,,36.475731309447255,0.0032045665602374873,-0.10500852483692417,0.2682552123494923,0.018067001505452655,0.04389325422171381
2026-05-19,CRM,0.30670685582404517,,36.475731309447255,0.0025636532481899954,0.8147395804655374,0.26399159883529455,0.016892441113660474,0.4101610441709015
2026-05-20,CRM,0.22472380602410774,,36.475731309447255,0.00205092259855201,0.046670193470659004,0.2599253198433164,0.01592668265685404,0.10142367813831474
2026-05-21,CRM,0.33701096111354417,,36.475731309447255,0.0016407380788416165,1.0867293737565535,0.25604158783427433,0.01512987781920448,0.5160431891986651
2026-05-22,CRM,-0.0017354683793642963,,36.475731309447255,0.0013125904630733043,-2.0158109490310716,0.2523271234794047,0.014469826830783416,-0.7262852945193722
2026-05-23,CRM,,,36.475731309447255,0.001050072370458649,,0.24876996325057435,0.01400505788941667,
2026-03-24,CVX,0.03888097933277158,206.79,,0.0,,,,
2026-03-25,CVX,0.29753571505048587,205.15,,-0.10466096866095995,,,,
2026-03-26,CVX,-0.07573231623869173,207.79,,0.003943240720473116,,,,
2026-03-27,CVX,0.05129813720319779,211.15,,0.28646445045553626,,,,
2026-03-28,CVX,-0.052713337933816655,,,0.22917156036442904,,,,
2026-03-29,CVX,0.12483353312764549,,,0.18333724829154321,,,,
2026-03-30,CVX,0.1329966870130828,210.71,,0.4332364425796012,,,,
2026-03-31,CVX,0.09576826731284041,206.9,,0.2304225995021304,,,,
2026-04-01,CVX,0.14205273144128297,197.41,,-0.5172821098040715,,,,
2026-04-02,CVX,0.09752200543836863,198.97,,-0.8609537656380668,,,,
2026-04-03,CVX,0.10490750147339951,,,-0.6887630125104534,,,,
2026-04-04,CVX,0.15572602416989836,,,-0.5510104100083627,,,,
2026-04-05,CVX,0.11446383197081018,,,-0.4408083280066901,,,,
2026-04-06,CVX,0.2502747348104414,198.86,,-0.9893123006442758,,,,
2026-04-07,CVX,0.17830564522649417,201.54,,-0.829689596104177,,,,
2026-04-08,CVX,0.029416677372459694,192.89,,-1.2299288908998756,,,,
2026-04-09,CVX,0.2551617075005903,190.36,,-1.5667302760571755,,,,
2026-04-10,CVX,0.14460265402312902,188.55,,-1.7965947101369721,,,,
2026-04-11,CVX,0.20602438681801258,,,-1.4372757681095774,,,,
2026-04-12,CVX,0.16511247250541636,,,-1.1498206144876617,0.4457915771367241,,-0.8951553415703105,
2026-04-13,CVX,0.30395699078488,191.78,,-1.2628688693856098,1.7155159086283585,,-1.0087024175260344,
2026-04-14,CVX,0.17229394915650043,187.02,,-1.3895018448783931,0.3957537019443021,,-1.1302329794177606,
2026-04-15,CVX,0.10043048125840089,184.91,,-1.5000360896758798,-0.3258499851326486,,-1.2183207331177834,
2026-04-16,CVX,0.21287048612973555,188.15,,-1.249842187097368,0.8101095009211466,,-0.8292035353316218,
2026-04-17,CVX,0.27043371802135735,183.99,19.55774615451469,-1.2560685170973187,1.3294509956297078,,-0.8101701821555327,
2026-04-18,CVX,0.3225297870429203,,19.55774615451469,-1.0048548136778548,1.7131624312229723,,-0.4353288325160804,
2026-04-19,CVX,0.3411201764990088,,19.55774615451469,-0.8038838509422837,1.7444540139863716,,-0.13609277663773425,
2026-04-20,CVX,0.3043106062445669,183.25,19.55774615451469,-1.0374697597516942,1.32809589472548,,-0.4770792520090849,
2026-04-21,CVX,0.20910221099669013,185.98,25.952375660198342,-0.7159753852891928,0.4417743179228912,,0.013590834853335995,
2026-04-22,CVX,0.24169586388062334,186.32,26.59018053140548,-0.40733688189138295,0.7273923469158282,,0.4834743940994142,
2026-04-23,CVX,0.2234011946452564,187.6,29.0672557819221,-0.06201852262818264,0.5434865135101408,,0.9941348090329828,
2026-04-24,CVX,0.2871456807006212,185.21,27.220323624382374,0.054118427227817456,1.110275318507796,,1.1340573175301722,
2026-04-25,CVX,0.3088877304062449,,27.220323624382374,0.043294741782254675,1.2633839719176805,,1.079710087191697,
2026-04-26,CVX,0.3642241383266156,,27.220323624382374,0.03463579342580392,1.678463674781756,,1.0332140043174656,
2026-04-27,CVX,0.25328283725991424,184.78,27.220323624382374,0.07829125602951148,0.6542594476665514,,1.0670204778543375,
2026-04-28,CVX,0.29903753952555884,188.36,35.48003535865078,0.4324962525574243,1.0428957953893208,,1.5392831989067122,
2026-04-29,CVX,0.17900691267066782,192.22,41.73666746567198,0.9256751373364267,-0.05703340775241554,,2.1109181050654806,
2026-04-30,CVX,0.23241113840622427,193.31,43.4056188656145,1.3012221811622915,0.432819773710024,,2.39985257433169,
2026-05-01,CVX,0.15567300808666792,190.63,40.34551209254283,1.339794728233156,-0.28484771506997,,2.2492791389056097,
2026-05-02,CVX,0.3133267386715162,,40.34551209254283,1.0718357825865246,1.1788530413623037,,1.805090690552276,
2026-05-03,CVX,0.1315245414334557,,40.34551209254283,0.8574686260692195,-0.533620766245502,,1.4811640633959464,
2026-05-04,CVX,0.24988710520166943,192.28,40.34551209254283,1.168504289105635,0.5873877342646046,,1.761029022196173,
2026-05-05,CVX,0.23805930618291107,192.64,41.095826241645746,1.250129264865968,0.4668553937273181,,1.7642770488951818,
2026-05-06,CVX,0.2152559919754653,185.16,33.42909872828537,0.787867249352058,0.24232131881140723,0.2547186010638163,1.2032773681795126,0.5343273182975615
2026-05-07,CVX,0.1756697084314339,182.5,31.19998886863233,0.3147453740251285,-0.14506541006567256,-0.007189239841119299,0.6574972790260591,0.13706624772921294
2026-05-08,CVX,0.37011585276387876,181.62,30.475969712178966,-0.027503347319072446,1.7086791538491046,-0.092435253924403,0.2647968729962691,0.7351801472612017
2026-05-09,CVX,0.32707554257668453,,30.475969712178966,-0.02200267785525778,1.2546543010857998,-0.09047939405868696,0.2680741103642224,0.5551401353259806
2026-05-10,CVX,0.29006242337080124,,30.475969712178966,-0.01760214228420587,0.8809108055480707,-0.08864238494193044,0.27017424908115556,0.40682388146099585
2026-05-11,CVX,0.2694153177303386,184.74,30.475969712178966,-0.059098669072887855,0.6712227709245613,-0.0869126843142925,0.219129947762463,0.3081542874042757
2026-05-12,CVX,0.1744108800176428,185.95,33.33699651559522,0.0751927478412604,-0.24985345211258195,0.28494911602342543,0.37407644859704486,0.0977662885411083
2026-05-13,CVX,0.3121450739130352,186.0,33.43632987626043,0.185683353806954,1.0786531303844427,0.29245224281960164,0.5000719275852245,0.6692185032752249
2026-05-14,CVX,0.28394589085481536,186.64,34.77604371448143,0.3126931841559122,0.7897702533382315,0.4657352420602739,0.6442688876092427,0.6489093402361477
2026-05-15,CVX,0.16080620726633607,191.1,43.33514444960984,0.6864696639024781,-0.41658559831436587,1.5532791459956838,1.0747603474103369,0.6217776086960598
2026-05-16,CVX,0.53724596396399,,43.33514444960984,0.5491757311219829,2.989442333262887,1.468158401557572,0.893404127801161,1.9042456921127746
2026-05-17,CVX,0.3876822765313275,,43.33514444960984,0.43934058489758643,1.5744878786219572,1.3957607476646943,0.7494462115042632,1.27335723919947
2026-05-18,CVX,0.39697868324063057,196.12,43.33514444960984,1.3134471684551676,1.6037346877232088,1.3331987083159111,1.74589552217138,1.565222144235471
2026-05-19,CVX,0.39142492433775483,197.25,45.76073297652733,1.6179978307142033,1.508956821780635,1.5548497042768132,2.0125746186548263,1.6738100255917459
2026-05-20,CVX,0.4522088551545488,191.33,38.23579419536289,1.3617008994644162,1.952456000677801,0.6033455759988228,1.6586938955265387,1.4595942417287289
2026-05-21,CVX,0.2710021117383837,191.01,37.8732544879043,1.121586396258777,0.4070090143185483,0.5473704306863068,1.351211000495793,0.7323780350820492
2026-05-22,CVX,,191.46,38.752721350361384,0.9507852033427977,,0.6463982883488367,1.1356053927280243,
2026-05-23,CVX,,,38.752721350361384,0.7606281626742383,,0.6341770079047205,0.9004083074167532,
2026-03-24,DIA,-0.1169,461.17,,0.0,,,,
2026-03-25,DIA,0.0,464.14,,0.1895384615384046,,,,
2026-03-26,DIA,0.6288,459.31,,-0.010269734823577896,,,,
2026-03-27,DIA,0.08561032616198062,451.39,,-0.6408117720323481,,,,
2026-03-28,DIA,,,,-0.5126494176258785,,,,
2026-03-29,DIA,,,,-0.4101195341007027,,,,
2026-03-30,DIA,-0.13055,452.06,,-0.9973216389321702,,,,
2026-03-31,DIA,0.9753,463.19,,-0.3845743822629909,,,,
2026-04-01,DIA,-0.08895,465.48,,0.17209094968985061,,,,
2026-04-02,DIA,,465.06,,0.49108580214047315,,,,
2026-04-03,DIA,,,,0.39286864171237856,,,,
2026-04-04,DIA,-0.02106877975165844,,,0.3142949133699029,,,,
2026-04-05,DIA,,,,0.25143593069592235,,,,
2026-04-06,DIA,-0.06403129016682504,466.77,,0.8746661082730749,,,,
2026-04-07,DIA,0.20778363912105563,465.88,,0.8906734023944974,,,,
2026-04-08,DIA,-0.7501219926316292,479.16,,1.7000992939005297,,,,
2026-04-09,DIA,,481.9,,2.2878801016053965,,,,
2026-04-10,DIA,,479.25,,2.356733874041561,,,,
2026-04-11,DIA,,,,1.8853870992332489,,,,
2026-04-12,DIA,,,,1.508309679386599,,,1.0088719499565404,
2026-04-13,DIA,,482.13,,2.1044076038013597,,,1.4849340706245415,
2026-04-14,DIA,,485.49,,2.227966959937893,,,1.4825752271209829,
2026-04-15,DIA,,484.72,,2.105992921230306,,,1.2844860975377788,
2026-04-16,DIA,,485.63,,1.9389310794159726,,,1.0763300114970349,
2026-04-17,DIA,,494.22,83.91637841612535,2.2380671758989195,,,1.280009528863415,
2026-04-18,DIA,,,83.91637841612535,1.7904537407191352,,,0.8415907942289409,
2026-04-19,DIA,,,83.91637841612535,1.4323629925753085,,,0.5004586248051907,
2026-04-20,DIA,0.5162603593505919,494.33,83.91637841612535,1.9868646800454943,,,0.9816909327615795,
2026-04-21,DIA,,491.36,78.13151135117633,1.6282682659077814,,,0.6314136024267484,
2026-04-22,DIA,,494.76,79.54793305493445,1.471739907613724,,,0.4739682662376343,
2026-04-23,DIA,,493.0,76.77578449720326,1.1174158289554832,,,0.1329419944627577,
2026-04-24,DIA,,492.21,75.50387575387668,0.7170477956078312,,,-0.2522087460857833,
2026-04-25,DIA,,,75.50387575387668,0.5736382364862642,,,-0.38705651551480735,
2026-04-26,DIA,,,75.50387575387668,0.45891058918901173,,,-0.4927908222123285,
2026-04-27,DIA,,491.83,75.50387575387668,0.17358745015133792,,,-0.7639199557760393,
2026-04-28,DIA,,491.42,74.64069280910475,-0.16656281033064602,,,-1.0764952632723528,
2026-04-29,DIA,,488.67,69.93459696591322,-0.6198250033570964,,,-1.4690852552923908,
2026-04-30,DIA,,496.65,74.88340634924634,-0.43404657189757145,,,-1.2398331592066532,
2026-05-01,DIA,,495.02,72.26677949799239,-0.4697671389975344,,,-1.2330472963533912,
2026-05-02,DIA,,,72.26677949799239,-0.37581371119802753,,,-1.1084253736635212,
2026-05-03,DIA,,,72.26677949799239,-0.300650968958422,,,-1.0090417266907086,
2026-05-04,DIA,,489.56,72.26677949799239,-0.8547083274743503,,,-1.4898814621910415,
2026-05-05,DIA,,492.96,74.7428893857504,-0.914268959036618,,,-1.4877217837456094,
2026-05-06,DIA,,499.05,77.85132568102709,-0.5792725308571667,,0.27257033318151114,-1.1391782265580637,
2026-05-07,DIA,,495.91,72.87151167162733,-0.6022532055569627,,-0.8339414757713064,-1.130999015112199,
2026-05-08,DIA,,496.13,73.00181616041357,-0.6326023009250559,,-0.7744060054364882,-1.1303843792256618,
2026-05-09,DIA,,,73.00181616041357,-0.5060818407400447,,-0.7480201189348801,-0.9902458661880078,
2026-05-10,DIA,,,73.00181616041357,-0.40486547259203576,,-0.7241912158815316,-0.878734404152403,
2026-05-11,DIA,0.08733977632522584,497.11,73.00181616041357,-0.3735531641655827,,-0.7025286978934591,-0.834539320281508,
2026-05-12,DIA,0.23835,497.89,73.6063816738435,-0.40461266699859166,,-0.54349921860162,-0.8488627675885703,
2026-05-13,DIA,-0.4232133704289794,497.14,72.24133502777778,-0.5069975337126182,,-0.8480258465719763,-0.9282136118516643,
2026-05-14,DIA,0.9094500000000001,500.8,74.70649725539892,-0.36612912543889564,,-0.23963174734503337,-0.7825737645352692,
2026-05-15,DIA,,495.37,65.42357657866143,-0.659446913502979,,-2.261582808356666,-1.0400532162225329,
2026-05-16,DIA,,,65.42357657866143,-0.5275575308023841,,-2.0511542705003905,-0.8995032104893034,
2026-05-17,DIA,,,65.42357657866143,-0.422046024641908,,-1.8905643228988713,-0.7874281743156831,
2026-05-18,DIA,-0.32359999999999994,497.01,65.42357657866143,-0.5781720158426484,,-1.7628062330169334,-0.9207522584377102,
2026-05-19,DIA,,493.98,59.8425053547612,-0.8824841864231034,,-2.5146396879607673,-1.1853929826683236,
2026-05-20,DIA,,500.24,65.22161768093555,-0.6747393787289333,,-1.4798774199078588,-0.9711350873701804,
2026-05-21,DIA,,503.11,67.37902984449812,-0.37174151615773,,-1.0684881614983597,-0.6744467310259938,
2026-05-22,DIA,,506.155,69.5381188623139,-0.012909167505180008,,-0.6781356994270366,-0.3284179569704812,
2026-05-23,DIA,,,69.5381188623139,-0.01032733400414454,,-0.6649304198919247,-0.325747788097238,
2026-03-24,DIS,-0.030004501344429804,96.39,,0.0,,,,
2026-03-25,DIS,0.05254371650673587,95.95,,-0.028079772079775012,,,,
2026-03-26,DIS,0.09571593408452544,94.75,,-0.12072483827241512,,,,
2026-03-27,DIS,0.12887269723112638,92.42,,-0.32082037630628335,,,,
2026-03-28,DIS,0.04190777661360522,,,-0.2566563010450267,,,,
2026-03-29,DIS,0.10442279904098768,,,-0.20532504083602132,,,,
2026-03-30,DIS,0.07651935956243368,94.32,,-0.24656478624466893,,,,
2026-03-31,DIS,0.1730399427607381,96.38,,-0.09465529207088269,,,,
2026-04-01,DIS,0.03848908254033906,96.56,,0.01990883105681851,,,,
2026-04-02,DIS,0.10331826024834245,96.61,,0.0967182859208901,,,,
2026-04-03,DIS,0.17806206007795758,,,0.07737462873671208,,,,
2026-04-04,DIS,0.17281336157883612,,,0.06189970298936964,,,,
2026-04-05,DIS,0.08043269646944044,,,0.04951976239149572,,,,
2026-04-06,DIS,0.09752826829226686,96.28,,0.1106137880943023,,,,
2026-04-07,DIS,-0.013587134183200955,95.78,,0.08779070632943212,,,,
2026-04-08,DIS,0.027636215257505065,99.18,,0.2876162720739812,,,,
2026-04-09,DIS,0.08896234759002625,99.79,,0.43781169258978014,,,,
2026-04-10,DIS,0.06762252702609473,99.17,,0.4695328195389642,,,,
2026-04-11,DIS,0.07180442229682658,,,0.37562625563117136,,,,
2026-04-12,DIS,0.08102192893076511,,,0.3005010045049371,-0.015001746434407303,,1.0677566436762773,
2026-04-13,DIS,0.013498062795956028,101.18,,0.5691679969541152,-1.1581752327113637,,1.954242506751416,
2026-04-14,DIS,0.11744383164172896,102.59,,0.6866887568483727,0.6683187925053544,,2.0948509993010176,
2026-04-15,DIS,0.10228959813606481,103.04,,0.7476948502195484,0.3855088996077612,,2.0322457886512253,
2026-04-16,DIS,0.1430058587795309,103.9,,0.7945416996212451,1.0813317045020183,,1.9499647084206657,
2026-04-17,DIS,0.08575713414489246,106.29,66.19625273414749,0.9258881243449621,0.03349200546081099,,2.0812230002339196,
2026-04-18,DIS,-0.015406668952147809,,66.19625273414749,0.7407104994759697,-1.7079860339498998,,1.4573621666131256,
2026-04-19,DIS,0.06758516038564127,,66.19625273414749,0.5925683995807756,-0.22022445437322996,,1.0074989216495762,
2026-04-20,DIS,0.06425026023658853,106.3,66.19625273414749,0.8204579083183645,-0.2756823314142175,,1.5345946063978497,
2026-04-21,DIS,0.09576000025985014,104.29,54.995940054131026,0.643201450121129,0.3025618112623089,,1.0203783846367538,
2026-04-22,DIS,0.05577651622801439,104.82,56.69158564853834,0.5148318401256602,-0.4418551343653932,,0.6598360217924027,
2026-04-23,DIS,0.05705807020079773,103.65,52.03100249992222,0.31416947217066493,-0.4096219315991397,,0.1143864590241086,
2026-04-24,DIS,0.09409256590577209,102.6,48.201271488622126,0.0856565208582225,0.3028263920076724,,-0.5050916847962048,
2026-04-25,DIS,0.12799077128630923,,48.201271488622126,0.06852521668657774,0.9414220586468315,,-0.5420988367977325,
2026-04-26,DIS,0.17783577334288028,,48.201271488622126,0.054820173349261925,1.7973293569844064,,-0.5694935358490645,
2026-04-27,DIS,0.026377917088897876,102.35,48.201271488622126,-0.158312117024884,-1.0423484741941407,,-1.1372653335821825,
2026-04-28,DIS,-0.025620458171349614,101.47,44.50827458850634,-0.32685905635690293,-1.8911728145843956,,-1.5367695829632342,
2026-04-29,DIS,-0.002826307885361755,101.3,43.937573091936464,-0.4448499147008258,-1.4152082326327038,,-1.7565536270147535,
2026-04-30,DIS,0.02371913273038985,103.75,53.242650381608755,-0.35675174300864754,-0.9172349121049568,,-1.4554976607520915,
2026-05-01,DIS,-0.026089006121490538,103.08,50.76137552700706,-0.34239721335859774,-1.7149038838341168,,-1.364130823180393,
2026-05-02,DIS,0.08503037069124479,,50.76137552700706,-0.2739177706868783,0.21907065071674328,,-1.1503346145288238,
2026-05-03,DIS,0.1659721639404306,,50.76137552700706,-0.21913421654950271,1.5751432578720406,,-0.9835555928528714,
2026-05-04,DIS,-0.13683390957935185,101.31,50.76137552700706,-0.39920447194241193,-3.1412657710587464,,-1.3988752655125678,
2026-05-05,DIS,0.1446392352707638,100.48,47.103644689792674,-0.5087203211071829,1.1067548760860042,,-1.6074515347331648,
2026-05-06,DIS,0.14214178933980542,108.06,66.46834309668094,-0.07979075885485187,1.0432087142972337,1.5855957341102491,-0.521967644272413,0.7363719126702443
2026-05-07,DIS,0.026494717029107117,108.66,67.48309736588004,0.21887532525904874,-0.6949504527828,1.5639646055439813,0.23226644865147758,0.2608891351455176
2026-05-08,DIS,0.07351944369787086,108.02,65.21598352381977,0.34060545097304384,0.02051408402933652,1.212927863350592,0.5365751933627606,0.5330565506257403
2026-05-09,DIS,0.09647941610666921,,65.21598352381977,0.2724843607784351,0.3694242357605733,1.1496008632199148,0.35637054395006895,0.5995611164552245
2026-05-10,DIS,0.14602135050061946,,65.21598352381977,0.21798748862274797,1.1122615478208429,1.095372702270409,0.21197447672367795,0.8371087728265633
2026-05-11,DIS,0.051560468333344524,104.72,65.21598352381977,0.06555539236957864,-0.3472641581195863,1.048246900343599,-0.18760822697079818,0.11928593876400574
2026-05-12,DIS,0.04654631072168756,106.16,68.42614703901128,0.051860216551679716,-0.42070284527251756,1.3460753463169617,-0.22173474638883747,0.16902104186943023
2026-05-13,DIS,0.07486405016288253,104.9,63.89791750929558,-0.0551651948061429,0.025616335329875315,0.797410225403794,-0.5031346065135905,0.09852921979901116
2026-05-14,DIS,0.10900296440787682,105.42,64.92941191419888,-0.10135656654562686,0.5622681996534208,0.8878154298033851,-0.6198613161051104,0.3052935139708507
2026-05-15,DIS,-0.003045002357962697,102.72,55.98500679445798,-0.3122587781447077,-1.2056743032012474,-0.1543088529063642,-1.167367150992702,-0.8787725224502188
2026-05-16,DIS,0.06564167056932976,,55.98500679445798,-0.24980702251576625,-0.1083135895091453,-0.1517431641886505,-0.9796222584851308,-0.38273506260579254
2026-05-17,DIS,0.1272430158906321,,55.98500679445798,-0.19984561801261314,0.8700378667847518,-0.1493012817526813,-0.8309838475168081,0.053929607933053986
2026-05-18,DIS,0.10168497896650347,103.91,55.98500679445798,-0.307643989809705,0.45245720596694833,-0.14697356305475387,-1.1018987231863828,-0.19367880348556168
2026-05-19,DIS,0.06541626913497228,102.29,50.383692189006894,-0.4465224293500569,-0.1362497962208173,-0.8252264469435673,-1.4384437731824704,-0.7336009845261382
2026-05-20,DIS,0.04335193308897319,104.08,54.77156524072914,-0.40742817590732106,-0.49300682572244725,-0.27000987357891154,-1.301847810854343,-0.6687600356189553
2026-05-21,DIS,0.07660898159612124,103.58,53.3522336341934,-0.40404731068779887,0.055912713389531035,-0.4431697499905444,-1.2639181109484308,-0.4897612729258801
2026-05-22,DIS,0.10624312802473364,102.99,51.65134056982903,-0.428050820056863,0.5438053654996572,-0.6493531853319724,-1.2975120826131274,-0.366537434183667
2026-05-23,DIS,,,51.65134056982903,-0.34244065604549045,,-0.6370425248175043,-1.0466688295073003,
2026-03-24,DOGE,0.07943355615350074,0.09509153477286081,,0.0,,,,
2026-03-25,DOGE,0.13581412228979944,0.09615762333965777,,6.803528175570727e-05,,,,
2026-03-26,DOGE,0.2386588910175468,0.0919833521035874,,-0.00015943534819138572,,,,
2026-03-27,DOGE,0.15877170794065254,0.090024587973774,,-0.0004184470992919804,,,,
2026-03-28,DOGE,-0.006474659662039396,0.09092691709266551,,-0.0005001083774099585,,,,
2026-03-29,DOGE,0.19106203619294493,0.09035418635436195,,-0.0005593240216979893,,,,
2026-03-30,DOGE,-0.026431226352722898,0.09075930213164438,,-0.0005376883028407986,,,,
2026-03-31,DOGE,0.1574519839986456,0.09224066015486357,,-0.00039660192980632515,,,,
2026-04-01,DOGE,0.10004147112788225,0.09217261362781967,,-0.00028601762436978283,,,,
2026-04-02,DOGE,0.29932321266669387,0.09038907113358008,,-0.0003091754888969664,,,,
2026-04-03,DOGE,0.1321082616954678,0.09154358623129133,,-0.00022674173585693336,,,,
2026-04-04,DOGE,0.144769792800605,0.0920447319043655,,-0.00012362623613407773,,,,
2026-04-05,DOGE,0.09518939436732488,0.09233724765792069,,-2.5985808015209608e-05,,,,
2026-04-06,DOGE,0.10053549112352615,0.09060844629205922,,-6.583203077606403e-05,,,,
2026-04-07,DOGE,0.2213698175687461,0.09490671554579269,69.37676699336772,0.00019502019321181456,,,,
2026-04-08,DOGE,0.09919601240333778,0.09241563625609345,60.71223532370261,0.00019694522015092594,,,,
2026-04-09,DOGE,0.23216990259916348,0.0926030295164082,61.1057559227208,0.00020696376588715557,,,,
2026-04-10,DOGE,0.08714929511130533,0.09371580076089576,63.447117016636895,0.00028011373249681626,,,,
2026-04-11,DOGE,0.09930730897545116,0.09311102969903089,61.287749674876174,0.0002787506351698591,,,,
2026-04-12,DOGE,0.1153176309125426,0.09086353530572461,53.940543125095566,0.00012528555434529205,-0.22175612430750555,,0.847623941811885,
2026-04-13,DOGE,0.3846477564717994,0.09413181246545729,61.22087990342241,0.00023624889364122004,2.5452961953098505,,1.1696758090899262,
2026-04-14,DOGE,0.11767797675322023,0.0929982268488761,57.80785361929203,0.00022567890438762343,-0.28021040932702634,,1.075291365485892,
2026-04-15,DOGE,0.1891160963221532,0.09488185201396859,61.63520061188666,0.0003315252510524194,0.4818282590507631,,1.3524284809637466,
2026-04-16,DOGE,-0.00017760178028295806,0.09925550829371557,68.72851984092337,0.0006629428167794036,-1.494331899458837,,2.1626451214801365,
2026-04-17,DOGE,0.07890855573344605,0.09946596139749582,69.0252892977042,0.0008511737146694254,-0.6297105869491132,,2.3493285652144347,
2026-04-18,DOGE,0.18140027099038783,0.09481744574732308,56.31301656954726,0.0006277625769310075,0.4702001027052314,,1.6053338809629505,
2026-04-19,DOGE,0.10871308650509692,0.09306462092018088,52.39460173862724,0.00034141919266969024,-0.3236901158113398,,0.8152218968003518,
2026-04-20,DOGE,0.07766220233086871,0.09524987398992008,56.462011153034005,0.0002811824567598835,-0.6545906046461775,,0.637157416683452,
2026-04-21,DOGE,0.15982372804058131,0.0951861269563352,56.31086510002456,0.00022165589263982611,0.2710318087279381,,0.46573854706213297,
2026-04-22,DOGE,0.19268747423360563,0.0956752711919341,57.25639072137433,0.0002004739618222354,0.6344423377230599,,0.39967416536560146,
2026-04-23,DOGE,-0.01915683225384914,0.09715714838630349,60.075423540462744,0.00026733307362738156,-1.7092076729474974,,0.5739522774612139,
2026-04-24,DOGE,0.21194632721638892,0.09846710651086003,62.43401950455601,0.00037428896063788474,0.8608254654157891,,0.8522766824255577,
2026-04-25,DOGE,0.06716571530731637,0.09801132911457115,61.08192818330377,0.0003872317290977888,-0.7524638492945566,,0.8652198205992839,
2026-04-26,DOGE,0.3646355750329368,0.09925,63.401640750664114,0.00044782356623690846,2.351122540460954,0.5741137505028783,1.006535269731883,1.41464372225481
2026-04-27,DOGE,0.21558808323523934,0.09894946442808265,62.42934965639058,0.0004358553515484561,0.7710732979255129,0.35781376446523266,0.9458270674111183,0.6995215687331106
2026-04-28,DOGE,0.09121228677715408,0.09932990531003676,63.19871873888929,0.00042150021957703125,-0.53046364771597,0.5102121812888719,0.8823680926318173,0.20558862308981873
2026-04-29,DOGE,0.2074492604215467,0.10403201498161098,71.08110866218145,0.0006812396555197298,0.6933935209623039,1.9889170307731543,1.5472508704304757,1.3382077787460105
2026-04-30,DOGE,0.05179443357291493,0.10645621106287391,74.15463740392083,0.0009522364794178955,-0.9516292048655225,2.249976040966533,2.1277288568309767,0.9326597873930439
2026-05-01,DOGE,0.22050521877292714,0.10849687639636026,76.42595789761052,0.0011894367388053766,0.8410274622416942,2.2959204785277287,2.4847198034351585,1.770603069485544
2026-05-02,DOGE,0.14052426249085737,0.10849984394919303,76.42920190200638,0.0012602674579000632,-0.020722568897790877,2.047695365324196,2.4159447644631573,1.3308030113770895
2026-05-03,DOGE,0.09852599146076078,0.10826355394936306,75.53786142244873,0.0012049666463915826,-0.4721923588163858,1.757858610181325,2.126973421391912,0.9765726659454167
2026-05-04,DOGE,0.14967156061164086,0.1100766997947007,77.68812841244832,0.0012015518400503092,0.09065488645005483,1.8900249165076395,1.9886005449279924,1.1998495930107116
2026-05-05,DOGE,0.1873743480199778,0.11485050404828147,82.13961716798374,0.0014170409096237843,0.5040773027453351,2.2244535663916993,2.25692795991617,1.5460453789904949
2026-05-06,DOGE,0.11413745010327332,0.11247656410593397,74.21050651348119,0.0012990563356206383,-0.3167603767836967,1.169996569222035,1.9115702397361887,0.7977658919739884
2026-05-07,DOGE,0.14274018812384756,0.1078323862817251,61.66869286452797,0.0008303997985194787,0.008691512738339808,-0.40030880162254917,0.9910119892498347,0.18068756138352157
2026-05-08,DOGE,-0.09009283935852723,0.10953027919510884,64.06012287195043,0.0005693601078125194,-2.455703724364283,-0.09369376383474604,0.48432454920501705,-0.8650922541346319
2026-05-09,DOGE,0.12232222644828405,0.10872007061348121,62.07010155951536,0.0002907759012686071,-0.1564176936491202,-0.34591373317369184,-0.05346182165495768,-0.18237974390824294
2026-05-10,DOGE,0.10115262717785413,0.11240823373288689,67.082992656184,0.00030221181238397794,-0.3832783532729725,0.3083886941104027,-0.03079966461801887,-0.07003463246147384
2026-05-11,DOGE,0.12575873966361073,0.11128024882588998,64.28470660656151,0.00018678310777053972,-0.11064727902423514,-0.06386551703840491,-0.25597774973320997,-0.14021189164117853
2026-05-12,DOGE,0.23028424888133847,0.110110494663025,61.423241813501875,-5.202249586788027e-06,1.0326553738709439,-0.4437495705204704,-0.6299577342496915,0.09094995811732898
2026-05-13,DOGE,0.1992832363659521,0.11262481925223469,65.02676990862534,1.3512195076378908e-08,0.6775146820764477,0.049019821573897365,-0.6111686063320929,0.10236123740312045
2026-05-14,DOGE,-0.013669661403782304,0.11539878193506438,68.5205334100263,0.00014512716195749613,-1.6447939949484918,0.5252812442543683,-0.31481180632029476,-0.5947767665991747
2026-05-15,DOGE,0.14436301207530347,0.1132980451380066,63.35852697194723,5.8896293546238654e-05,0.09273024017604738,-0.1960521282701724,-0.4848178561430549,-0.16716889925354922
2026-05-16,DOGE,0.024476433404785957,0.10932101847125383,54.9228083334333,-0.00028769114505146657,-1.2101025616809808,-1.3441479608751987,-1.1695925086578776,-1.238163165532315
2026-05-17,DOGE,0.06323088863124478,0.10894030379519193,54.179147379291216,-0.0005491324157383538,-0.7703569642921989,-1.3951168214071148,-1.6452215476247656,-1.2202442964264435
2026-05-18,DOGE,0.1119427003080281,0.10469491220490937,46.6016415533312,-0.0009888836027355796,-0.22775775928259612,-2.2579325555573493,-2.3728443169016638,-1.4803361654507423
2026-05-19,DOGE,-0.03926579858462955,0.10290168492621703,43.81416684676332,-0.0013585982435382893,-1.843734388762045,-2.403889154839029,-2.8257219695402696,-2.3063770928186074
2026-05-20,DOGE,0.09106769952237664,0.10360557799617362,45.19979886070446,-0.0015025773744887566,-0.4138415938540633,-2.0905217408380543,-2.8304008231469653,-1.641813406737131
2026-05-21,DOGE,0.08754350650322652,0.10555182803272371,48.94870425390822,-0.001414813240116524,-0.4480985035385431,-1.5826528339549464,-2.509798405519948,-1.4069747732578854
2026-05-22,DOGE,0.13941824346438758,0.10228,43.55445035217383,-0.0015161785640380168,0.12643155210198787,-2.0736074743901263,-2.5021768357080156,-1.3221626721886475
2026-05-23,DOGE,,,43.55445035217383,-0.0012129428512304135,,-1.9622122628201575,-1.9455958873123453,
2026-03-24,DOT,-0.42798262249883545,1.4015977544218958,,0.0,,,,
2026-03-25,DOT,0.181558399913983,1.3626131787595683,,-0.0024879045436927427,,,,
2026-03-26,DOT,0.077683531994969,1.322019435296829,,-0.0065017822814104065,,,,
2026-03-27,DOT,-0.09281065101081867,1.2900541074538483,,-0.010696232146204031,,,,
2026-03-28,DOT,-0.00283516764798053,1.257507765444855,,-0.014796681219106985,,,,
2026-03-29,DOT,0.0670731886075331,1.258640737604205,,-0.016440200321913997,,,,
2026-03-30,DOT,-0.007003865750576755,1.2425869300812227,,-0.01751695691678353,,,,
2026-03-31,DOT,0.016428030291004127,1.251540833701456,,-0.01654617400101716,,,,
2026-04-01,DOT,0.08661130206572824,1.2551768170629365,,-0.014644588201790265,,,,
2026-04-02,DOT,-0.031651455022298686,1.236396080914099,,-0.013656482148472905,,,,
2026-04-03,DOT,0.08528387416364958,1.2377215560706518,,-0.011978468335957684,,,,
2026-04-04,DOT,-0.04961096449932163,1.2519626158219377,,-0.009104454174542254,,,,
2026-04-05,DOT,0.08241508331200208,1.243928704597154,,-0.0070322564528313425,,,,
2026-04-06,DOT,0.14420091589099157,1.2411567052314347,,-0.005219418913482696,,,,
2026-04-07,DOT,0.1151654562794136,1.313313453932662,24.499190220415926,0.0011294985147168313,,,,
2026-04-08,DOT,0.05529610546070626,1.2697184981000214,21.79717728260306,0.002599144474249339,,,,
2026-04-09,DOT,0.10335936581599986,1.2993359911673394,27.636369585606346,0.005599839809900406,,,,
2026-04-10,DOT,0.07916693103353369,1.305036531863304,28.739261883528997,0.007863778631602071,,,,
2026-04-11,DOT,0.2688483467662728,1.2877347567380553,27.37551326539122,0.008061376129404638,,,,
2026-04-12,DOT,0.07904581327911761,1.2246857111464426,23.07789827840371,0.004015615095675988,0.27314520417472954,,1.1390182495732017,
2026-04-13,DOT,0.015152028549737333,1.2298388774259545,24.126321657592896,0.0018656380503246223,-0.18726940096892092,,0.8540138531004915,
2026-04-14,DOT,0.11241920502397418,1.1669287066365723,20.460057190665864,-0.0033312882990324533,0.5229129531735119,,0.24552976700755863,
2026-04-15,DOT,0.03603609584802132,1.1816422476767625,23.392210222542303,-0.005204195350473426,-0.05574386729830376,,0.02283795965593423,
2026-04-16,DOT,-0.1322504601017927,1.328997290020442,45.18573345191212,0.00358124153189341,-1.284808695116995,,1.0411417085663413,
2026-04-17,DOT,0.16658583849288428,1.3354969851330631,45.91658851258231,0.009589353216542293,0.9594624652903924,,1.6311049521005019,
2026-04-18,DOT,-0.2095540592620981,1.2730579922344007,40.35067962511156,0.0091203740393066,-1.7565162245116692,,1.475458795873028,
2026-04-19,DOT,0.07268539229980431,1.2404403162802236,37.77466175714461,0.006498604057431436,0.29432699142898966,,1.1276970748606034,
2026-04-20,DOT,-0.16045417599221307,1.2809653666879979,42.67158384075721,0.007317930308911192,-1.3593952100751963,,1.1669282162779744,
2026-04-21,DOT,0.43058245526993,1.2792654856811694,42.520425134201055,0.007539743057190358,2.5313247318130854,,1.1430364892368865,
2026-04-22,DOT,0.2144017175828615,1.2728214776910887,41.91427721616844,0.0070554744261448095,1.0880396706193498,,1.050380864976951,
2026-04-23,DOT,0.3178305496080618,1.2419491121020698,39.04270686028792,0.0045789922612033684,1.6455837252745915,,0.7567701253918697,
2026-04-24,DOT,0.07679577809439439,1.2538274338967454,40.72536627705611,0.0037014630819134607,0.13640456211096835,,0.6445127628720688,
2026-04-25,DOT,0.06153654728850515,1.2468995762231763,40.03130337624173,0.002663525364697803,0.03886768847891216,,0.5177885034952407,
2026-04-26,DOT,-0.0037161190007122943,1.2622907856445937,42.38072049760213,0.0029977371012971862,-0.3760273174861612,0.9230932331868447,0.5452596383901162,0.2900949344786238
2026-04-27,DOT,0.3433786793818221,1.2336960536429977,39.30017274532376,0.0013605531294330793,1.7763444367067276,0.5663550735956859,0.35144779513293495,0.9858786353012773
2026-04-28,DOT,0.09627414935689518,1.2283728560059197,38.73570091702572,5.559438971129184e-05,0.21303024849185054,0.48928909033101264,0.19667225120007883,0.2910005018560677
2026-04-29,DOT,0.09417614200876562,1.2111168129330039,36.886157471011614,-0.001734376946569742,0.1968501109395242,0.27235555679069184,-0.014486482191799406,0.15610076675547743
2026-04-30,DOT,0.06702231361243412,1.2039235219627007,36.11209345404205,-0.003088377200228979,0.020377311113184218,0.17849881351503746,-0.17427960382778016,0.009416687351450882
2026-05-01,DOT,0.11934485460172535,1.2036131986701228,36.07692005433334,-0.003651846341109311,0.3593819426587785,0.1708358485763942,-0.23942357414212717,0.12317645939379149
2026-05-02,DOT,0.414880193042172,1.2271508452273412,40.78784208534065,-0.0021600428930668505,2.1531412632716096,0.7207685617636846,-0.05541347560262215,1.0608630311569627
2026-05-03,DOT,-0.007729724660083905,1.2096450398065546,38.51444345456407,-0.0020726112509328147,-0.50901746492029,0.4326818669700639,-0.043995687836149044,-0.08700113222794156
2026-05-04,DOT,0.2596858331166208,1.2278266937588795,42.12263503976066,-0.0005877817756269575,1.1622418984067515,0.8542622116721316,0.1414872881209817,0.7636216093006346
2026-05-05,DOT,0.025407423341075156,1.2775746586751124,50.65528183796359,0.003710900269377551,-0.3205037317621655,1.7754997778477306,0.6783005166645781,0.6079385956488264
2026-05-06,DOT,0.06785054775669468,1.3187024658294306,56.38059998137218,0.00898933035319477,-0.047674399863144805,2.201622715478736,1.3132341119762805,1.035387288291247
2026-05-07,DOT,-0.015270534006029013,1.3094417194549517,54.83771545129787,0.011368975228091617,-0.5785510770938704,1.8740067628383992,1.5529523787816275,0.7966673116484597
2026-05-08,DOT,-0.0771556469087094,1.3740351310595673,62.53821816060345,0.016494260407514682,-0.9625196735450303,2.3831617855118084,2.062906117557468,0.9488125015027707
2026-05-09,DOT,0.03607191551570728,1.3466585897479098,58.02261746319924,0.017164882527233347,-0.21906294071608373,1.8132849152699446,2.0224466729093047,1.0630943001673412
2026-05-10,DOT,0.003050378490089329,1.3820630063895054,61.85822750074346,0.018975664852061137,-0.4320835669938629,2.0003917406058274,2.100798097705247,1.0575235246957773
2026-05-11,DOT,0.298333338811818,1.36314878325223,58.768775298258106,0.017896415232213404,1.486195634047226,1.633383111049956,1.8851556844229522,1.6500398922607629
2026-05-12,DOT,0.0875141785154731,1.3341732990604118,54.29503277339549,0.01437944990116619,0.09768691673178119,1.2056127917744912,1.4564693406509888,0.8376994064203565
2026-05-13,DOT,0.0433575168773869,1.3264580307289602,53.135157384959676,0.010842940356383004,-0.193951240169747,1.073964455211752,1.0558024163282909,0.5613495653941141
2026-05-14,DOT,0.1871623397108892,1.3635424773004086,57.801471701842196,0.010313870441633809,0.7598334484575893,1.4110767173700989,0.9803053365742651,1.021347995566345
2026-05-15,DOT,0.12185565107607627,1.3152309012437575,50.71675668168856,0.0062242580819167476,0.3162785905756022,0.800227989814721,0.5370833909926431,0.5277048504724501
2026-05-16,DOT,0.13168215479672932,1.2679797705180071,44.9178261905232,0.00017083973494146087,0.37908500766966086,0.3079296834470559,-0.11264028742885354,0.21022082187332505
2026-05-17,DOT,0.07724457818446592,1.2499996642327147,42.90737688038152,-0.0049285049480286905,0.005791128274638103,0.13504763157004276,-0.6573610871952238,-0.15437758537769905
2026-05-18,DOT,0.33578067623608115,1.2509310852208113,43.049580213355945,-0.007944416117807346,1.7292859386714854,0.1455499811878746,-0.9691524506539455,0.4446336346287729
2026-05-19,DOT,-0.09183374757961145,1.2247304952497626,40.02923358345459,-0.011209767100020744,-1.1493276285130734,-0.11668515775932596,-1.2939049238531404,-0.8829080758889691
2026-05-20,DOT,0.3791346718944063,1.2472440932144893,43.68541133942633,-0.011325912034432312,1.9506095902201077,0.2038212701418646,-1.2764099673042106,0.4584672269393394
2026-05-21,DOT,0.11215522167306746,1.2910487557775836,50.064481552881034,-0.008077547071577373,0.18920756341365497,0.759998616144198,-0.9117782694631166,0.03014912936978642
2026-05-22,DOT,0.19238064154334292,1.2579996997131027,45.84506446030018,-0.0077768715603412815,0.7133576096841742,0.37664897069487,-0.8664287491061846,0.1384091103502753
2026-05-23,DOT,,,45.84506446030018,-0.006221497248273026,,0.37213494014386006,-0.6842059103231789,
2026-03-24,DXY,,27.65,,0.0,,,,
2026-03-25,DXY,,27.7,,0.003190883190882232,,,,
2026-03-26,DXY,,27.81,,0.012036265939400437,,,,
2026-03-27,DXY,,27.84,,0.018829243694625575,,,,
2026-03-28,DXY,,,,0.01506339495570046,,,,
2026-03-29,DXY,,,,0.012050715964560369,,,,
2026-03-30,DXY,,27.98,,0.03349755862339907,,,,
2026-03-31,DXY,,27.78,,0.024613865597283072,,,,
2026-04-01,DXY,,27.73,,0.014292688574185683,,,,
2026-04-02,DXY,,27.86,,0.01506618114376742,,,,
2026-04-03,DXY,,,,0.012052944915013936,,,,
2026-04-04,DXY,,,,0.00964235593201114,,,,
2026-04-05,DXY,,,,0.007713884745608912,,,,
2026-04-06,DXY,,27.83,,0.008544258890009218,,,,
2026-04-07,DXY,,27.75,,0.0011897080328002393,,,,
2026-04-08,DXY,,27.53,,-0.017950232071328495,,,,
2026-04-09,DXY,,27.48,,-0.032583763488131176,,,,
2026-04-10,DXY,,27.44,,-0.04291320971954987,,,,
2026-04-11,DXY,,,,-0.034330567775639906,,,,
2026-04-12,DXY,,,,-0.027464454220511924,,,-1.3739229528077777,
2026-04-13,DXY,,27.38,,-0.047085415045269405,,,-1.9984305983561519,
2026-04-14,DXY,,27.32,,-0.052843876940181014,,,-1.9725694366005486,
2026-04-15,DXY,,27.29,,-0.05544394595992862,,,-1.857943972932244,
2026-04-16,DXY,,27.37,,-0.048781784611400605,,,-1.4961722931516483,
2026-04-17,DXY,,27.36,47.630514923832784,-0.04229588440275967,,,-1.1993456038867938,
2026-04-18,DXY,,,47.630514923832784,-0.033836707522207736,,,-0.8679706792875551,
2026-04-19,DXY,,,47.630514923832784,-0.02706936601776619,,,-0.6104800675215577,
2026-04-20,DXY,,27.32,47.630514923832784,-0.029682735617569622,,,-0.6864095022224702,
2026-04-21,DXY,,27.47,56.847044498148804,-0.015812389567812973,,,-0.17707367045894146,
2026-04-22,DXY,,27.48,57.28683501475109,-0.00492158499458234,,,0.2235662974558657,
2026-04-23,DXY,,27.53,59.50886518344565,0.006094710572982137,,,0.6253230615109305,
2026-04-24,DXY,,27.48,56.351819788211166,0.010216511587419569,,,0.7631528688226218,
2026-04-25,DXY,,,56.351819788211166,0.008173209269935658,,,0.6696600583108129,
2026-04-26,DXY,,,56.351819788211166,0.006538567415948535,,,0.5943235516696768,
2026-04-27,DXY,,27.45,56.351819788211166,0.008204846911164534,,,0.6461785993585735,
2026-04-28,DXY,,27.53,60.82454228320231,0.0145505861123824,,,0.8743972303101548,
2026-04-29,DXY,,27.61,64.05681925107477,0.023489317361694566,,,1.187324231534317,
2026-04-30,DXY,,,64.05681925107477,0.01879145388935565,,,0.9764689274901782,
2026-05-01,DXY,,,64.05681925107477,0.015033163111484525,,,0.8109165554698218,
2026-05-02,DXY,,,64.05681925107477,0.012026530489187622,,,0.6794776154929479,
2026-05-03,DXY,,,64.05681925107477,0.009621224391350096,,,0.5743598179745957,
2026-05-04,DXY,,,64.05681925107477,0.007696979513080078,,,0.48987633871498293,
2026-05-05,DXY,,,64.05681925107477,0.0061575836104640624,,,0.42173867840830503,
2026-05-06,DXY,,,64.05681925107477,0.004926066888371251,,0.9437735347526204,0.3666390939479537,
2026-05-07,DXY,,,64.05681925107477,0.003940853510697,,0.9022604143313342,0.32198690756905085,
2026-05-08,DXY,,,64.05681925107477,0.0031526828085575997,,0.8658566727287493,0.2857319758435178,
2026-05-09,DXY,,,64.05681925107477,0.002522146246846081,,0.8335874355165267,0.25624060312482044,
2026-05-10,DXY,,,64.05681925107477,0.0020177169974768677,,0.8047204586965684,0.23220486818661612,
2026-05-11,DXY,,,64.05681925107477,0.0016141735979814942,,0.7786935529358258,0.2125743822047872,
2026-05-12,DXY,,,64.05681925107477,0.001291338878385194,,0.7550669005667011,0.19650380545564444,
2026-05-13,DXY,,,64.05681925107477,0.001033071102708158,,0.7334907651539864,0.18331185567708186,
2026-05-14,DXY,,,64.05681925107477,0.0008264568821665236,,0.7136830453035985,0.17244894387138843,
2026-05-15,DXY,,,64.05681925107477,0.0006611655057332175,,0.6954133110135231,0.16347142987346613,
2026-05-16,DXY,,,64.05681925107477,0.0005289324045865754,,0.6784912195409433,0.15602103819029836,
2026-05-17,DXY,,,64.05681925107477,0.0004231459236692589,,0.6627579576917667,0.14980834187312042,
2026-05-18,DXY,0.9601,,64.05681925107477,0.0003385167389354099,,0.6480798180224489,0.14459947873357523,
2026-05-19,DXY,,,64.05681925107477,0.0002708133911483307,,0.6343433070400148,0.14020544998124945,
2026-05-20,DXY,,,64.05681925107477,0.00021665071291866733,,0.6214513712981874,0.1364734898503138,
2026-05-21,DXY,,,64.05681925107477,0.00017332057033493664,,0.6093204513265703,0.1332801003892089,
2026-05-22,DXY,,,64.05681925107477,0.00013865645626794793,,0.597878156870256,0.13052542749285279,
2026-05-23,DXY,,,64.05681925107477,0.00011092516501436112,,0.5870614141921311,0.12910170494905657,
2026-03-24,ETH,0.16024118917175156,2155.6177822313507,,0.0,,,,
2026-03-25,ETH,0.06949591607297423,2168.075376080391,,0.7950145362352486,,,,
2026-03-26,ETH,0.13384291747423857,2058.8488260043387,,-5.720756981792074,,,,
2026-03-27,ETH,0.19125293020770753,1991.5293404252334,,-13.789770339389083,,,,
2026-03-28,ETH,0.08429689728045034,1993.2765894212598,,-17.970227253029147,,,,
2026-03-29,ETH,0.107531264699066,1982.9818020961904,,-20.221802704870214,,,,
2026-03-30,ETH,0.08175541437848345,2024.6162273789428,,-17.78627070802538,,,,
2026-03-31,ETH,0.06936014684944593,2103.6146197826074,,-10.115605577152799,,,,
2026-04-01,ETH,0.19152334436236335,2140.1322361870307,,-2.2537377307338886,,,,
2026-04-02,ETH,0.11223444193542252,2056.7608823534792,,-2.330057103972944,,,,
2026-04-03,ETH,0.08481171510652838,2053.4871616118676,,-2.2609231578799687,,,,
2026-04-04,ETH,0.1660737580370798,2065.1795006277057,,-1.143993933330826,,,,
2026-04-05,ETH,0.15911989152459194,2109.178286956892,,2.635451184364179,,,,
2026-04-06,ETH,0.06964092150528288,2107.304087149112,,4.952071390125237,,,,
2026-04-07,ETH,0.1958170113707352,2239.810274101718,70.62321821663268,14.79493579505656,,,,
2026-04-08,ETH,0.28920114260646235,2190.3161876434046,63.59542735732983,17.190572125134384,,,,
2026-04-09,ETH,0.07997002921165541,2190.092067733771,63.564581394880946,17.897960329995286,,,,
2026-04-10,ETH,0.1676306121005373,2246.201292489191,67.77824738914964,21.064374237751245,,,,
2026-04-11,ETH,0.2855702442944635,2285.7234586312384,70.37695378108288,24.499511867456903,,,,
2026-04-12,ETH,0.10415230430748489,2191.761141758402,58.33182883954548,19.348497523986204,-0.5377329129296233,,1.2924884588202434,
2026-04-13,ETH,0.09186045862701772,2370.1196365206283,69.13169534579829,26.42065301649089,-0.6957043262246237,,1.6344653611732585,
2026-04-14,ETH,0.0980262751973134,2323.4763963536698,64.42871650834286,26.364017392258596,-0.58425994494011,,1.5024102353617272,
2026-04-15,ETH,0.20811743896541307,2360.4484055000335,66.38102867627441,27.11820347887662,1.054515891581447,,1.4428118815450472,
2026-04-16,ETH,0.13752397068573835,2348.7056450192385,65.15782676744637,25.17039056253701,-0.02507938497280236,,1.2444389615509333,
2026-04-17,ETH,0.19396073592963228,2419.9291344954204,68.90098767514445,26.868468425673733,0.828592697077272,,1.2783972789675093,
2026-04-18,ETH,0.05088088853125675,2351.3086927018735,61.99100606828312,21.776952282031985,-1.3435710188152246,,0.9246701958297953,
2026-04-19,ETH,-0.0010031044999030056,2263.8361275629077,54.48921398722614,11.444023291633684,-1.9415870102272839,,0.27053061977509435,
2026-04-20,ETH,0.10232620141126722,2314.8508995493225,57.70394728035174,7.179402563663906,-0.43186664734894936,,-0.002103801387591675,
2026-04-21,ETH,0.2310367227037275,2328.043379422721,58.51993793158249,4.511744723859948,1.3890304423805067,,-0.17287283169043452,
2026-04-22,ETH,0.23174119307118154,2375.163379492183,61.38543529597827,5.13976721528563,1.3322368070281143,,-0.12905833056490612,
2026-04-23,ETH,0.11962853445826133,2331.0862048683234,57.391497284265455,1.9688311087789145,-0.26115261835253745,,-0.3369466151931993,
2026-04-24,ETH,0.1945653096673234,2315.79787435529,56.02978322741499,-1.584243527613566,0.8025554057420093,,-0.5683655531763722,
2026-04-25,ETH,0.08210863194751326,2319.905936058554,56.32962138536699,-3.9491338984735123,-0.8136086382867596,,-0.7153235345674892,
2026-04-26,ETH,0.19713478127122802,2370.3121678321704,59.939378144417184,-2.481680001710984,0.8475223577709489,-0.5174385744322979,-0.6007227035207172,0.0035605597224750707
2026-04-27,ETH,0.212668466349457,2303.3527817175677,53.60103076849985,-6.173456616395484,1.0431235180411915,-1.5913002276897952,-0.8396859505059584,-0.3120464462422494
2026-04-28,ETH,0.1735632163492248,2289.327894881278,52.352290610240075,-9.513183298547318,0.4617534220656289,-1.6566383469722186,-1.0441920201791128,-0.6255477413191477
2026-04-29,ETH,0.10552373331397938,2251.97892734839,49.07352684669214,-13.923983783707968,-0.5380614560746191,-1.9756913768915512,-1.3048237348482545,-1.1993791159517893
2026-04-30,ETH,0.19125943575972867,2256.764067799741,49.50982371668638,-16.054255214342177,0.7313284296179516,-1.7341672301630582,-1.3955811672941112,-0.6463931473899701
2026-05-01,ETH,0.15895201820549493,2295.5120302760147,53.01971006198753,-14.439444012926984,0.24101838317760774,-1.133760257698599,-1.2415411109838335,-0.6161830573336866
2026-05-02,ETH,0.11362779100330898,2316.815035318445,54.87692240989405,-11.64232465869992,-0.44421549736708243,-0.8203184885702067,-1.0231459670236243,-0.7307255356249822
2026-05-03,ETH,-0.022901341606365172,2322.4365286588454,55.37821161871551,-9.225009307029769,-2.336786772269756,-0.7216957787768216,-0.8401510028465763,-1.403268743394922
2026-05-04,ETH,0.045017376725088515,2346.827392172478,57.58021636556593,-5.953624393272225,-1.3081046031451355,-0.3699464578923588,-0.6060299240371687,-0.8160347558369125
2026-05-05,ETH,0.20509442302588154,2360.561108309417,58.81269728466944,-2.984961361216225,0.9666222066627301,-0.17111483712877007,-0.39572930106863646,0.21659564120587013
2026-05-06,ETH,0.014236751071987602,2350.644640913287,57.5133243057241,-1.8641568927384036,-1.693091248324034,-0.3741146701907919,-0.3136453593069286,-0.8835645081789297
2026-05-07,ETH,0.228873161343225,2290.7956904287553,50.29157796537382,-5.142634423899764,1.2776311730954373,-1.4763848581887926,-0.5369854361703352,-0.09295861906956343
2026-05-08,ETH,0.20198994823697022,2307.198956938614,52.06804592599535,-6.128674020968482,0.8859094839503809,-1.146995066339356,-0.5981260744610417,-0.1691725486599669
2026-05-09,ETH,-0.07683070582050883,2326.2624277558734,54.120178608366245,-5.442431595846603,-2.7166027551234917,-0.7989765439203748,-0.5414928645761293,-1.488781924598348
2026-05-10,ETH,0.14033727815215988,2370.9265916991826,58.59313413736156,-2.097828328674101,0.08235133390305004,-0.07992259911178907,-0.29688606694361663,-0.0801020662554017
2026-05-11,ETH,0.13976514012914698,2339.367240685404,54.54650565349725,-2.1219708940956963,0.07413949006886181,-0.723264632791166,-0.2953712614569462,-0.2759349722468889
2026-05-12,ETH,0.1949475671956672,2274.4923454947507,47.312833059996976,-6.377596288046302,0.787754843393859,-1.793133912972597,-0.6000877154127252,-0.402864551158053
2026-05-13,ETH,0.16576192742126936,2257.878267640026,45.64345507786287,-9.96791777793003,0.3974520857875833,-1.920533330898244,-0.8511425025534937,-0.6725219157204879
2026-05-14,ETH,0.15563012003096777,2282.9985722245783,48.59670389085635,-10.266919395532515,0.2597263383061186,-1.4119466590378646,-0.8586637615965751,-0.5772925908678845
2026-05-15,ETH,0.16700971285447147,2223.0804240581883,42.645082232759954,-13.89086632492686,0.408325271850197,-2.130383069180424,-1.1043771391338433,-0.8070979537542013
2026-05-16,ETH,0.2990580359041518,2179.8155915829634,38.936976930479716,-18.314415478113844,2.0861295815950904,-2.415250283976799,-1.3929279256075966,-0.30800163023728233
2026-05-17,ETH,0.04478680809162042,2129.2988932221533,35.09931782974812,-23.428304939763564,-1.21824381068222,-2.62204069469325,-1.7043843772175826,-1.7852250458461378
2026-05-18,ETH,0.05790638464792339,2128.6091142404985,35.04852135820589,-25.4735723607369,-1.0276894707351434,-2.4028725377213265,-1.78094976390302,-1.6662224787813613
2026-05-19,ETH,0.01646652905579408,2110.117983692455,33.64290578267959,-26.56625188343027,-1.5212666888443445,-2.3562648414464724,-1.7877653483415294,-1.8517157324741385
2026-05-20,ETH,-0.1405303437072915,2127.537017895508,36.237144340633634,-24.65233501646445,-3.17957874948584,-1.958525013115378,-1.6031698123727938,-2.3403399474407873
2026-05-21,ETH,0.09396828711893984,2131.967396363826,36.912707377455895,-21.72699047164068,-0.41819323502193156,-1.796512523276106,-1.368903665513214,-1.1169021506455685
2026-05-22,ETH,0.15325668672610676,2064.1207562725476,31.422259938972317,-22.884084313864722,0.2813949112405805,-2.1938326764015716,-1.4104431637262005,-0.9687247875420993
2026-05-23,ETH,0.06738563417494298,,31.422259938972317,-18.307267451091775,-0.7226384460550089,-2.0654673122845666,-1.072505754709912,-1.230447298520347
2026-03-24,FXE,-0.5859,106.96,,0.0,,,,
2026-03-25,FXE,,106.72,,-0.015316239316246084,,,,
2026-03-26,FXE,,106.3,,-0.05088176881682557,,,,
2026-03-27,FXE,,106.31,,-0.06971719200027154,,,,
2026-03-28,FXE,,,,-0.05577375360021723,,,,
2026-03-29,FXE,,,,-0.044619002880173786,,,,
2026-03-30,FXE,-0.4767,105.79,,-0.11837981287595087,,,,
2026-03-31,FXE,,106.69,,-0.073736250059284,,,,
2026-04-01,FXE,,106.81,,-0.03325456904391351,,,,
2026-04-02,FXE,,106.38,,-0.03252751273432311,,,,
2026-04-03,FXE,,,,-0.026022010187458477,,,,
2026-04-04,FXE,,,,-0.020817608149966776,,,,
2026-04-05,FXE,,,,-0.01665408651997341,,,,
2026-04-06,FXE,,106.56,,-0.0036034469450747786,,,,
2026-04-07,FXE,,107.01,,0.03361039616144407,,,,
2026-04-08,FXE,,107.69,,0.09977212972166397,,,,
2026-04-09,FXE,,107.96,,0.15421688977341408,,,,
2026-04-10,FXE,,108.26,,0.20002663196582243,,,,
2026-04-11,FXE,,,,0.16002130557265795,,,,
2026-04-12,FXE,,,,0.12801704445812634,,,1.3185030241151323,
2026-04-13,FXE,,108.54,,0.21784414677745795,,,2.0173306257072663,
2026-04-14,FXE,,108.82,,0.24223776414856302,,,1.9869042151584777,
2026-04-15,FXE,,108.93,,0.2503114579290529,,,1.8482947128524534,
2026-04-16,FXE,,108.73,,0.22737891717439002,,,1.5258284113657794,
2026-04-17,FXE,,108.65,53.13949808940274,0.19335430809611465,,,1.175549104408269,
2026-04-18,FXE,,,53.13949808940274,0.1546834464768917,,,0.8221145906764585,
2026-04-19,FXE,,,53.13949808940274,0.12374675718151334,,,0.5465233381409177,
2026-04-20,FXE,,108.79,53.13949808940274,0.1281426618210323,,,0.5705613198470013,
2026-04-21,FXE,,108.22,44.553164498179484,0.0680504358269915,,,0.046856853154346935,
2026-04-22,FXE,,108.0,42.241303619823796,0.008630189189194726,,,-0.4700214335592181,
2026-04-23,FXE,,107.83,40.492779405315204,-0.04408275304645848,,,-0.9151815973473458,
2026-04-24,FXE,,108.17,45.36389821985258,-0.057180905230693246,,,-1.0002727830656117,
2026-04-25,FXE,,,45.36389821985258,-0.04574472418455461,,,-0.873170421614938,
2026-04-26,FXE,,,45.36389821985258,-0.03659577934764369,,,-0.7719267125334837,
2026-04-27,FXE,,108.08,45.36389821985258,-0.060919148011687185,,,-0.9650996529243868,
2026-04-28,FXE,,108.05,44.9274309189324,-0.07379968219529098,,,-1.0500348325132531,
2026-04-29,FXE,,107.74,41.32205964815431,-0.10123027466736789,,,-1.2526463164721926,
2026-04-30,FXE,,,41.32205964815431,-0.08098421973389436,,,-1.0408018480691434,
2026-05-01,FXE,,,41.32205964815431,-0.06478737578711546,,,-0.8749616926860924,
2026-05-02,FXE,,,41.32205964815431,-0.051829900629692394,,,-0.743544561035648,
2026-05-03,FXE,,,41.32205964815431,-0.041463920503753915,,,-0.6385530294891362,
2026-05-04,FXE,,,41.32205964815431,-0.033171136403003176,,,-0.5541936512218133,
2026-05-05,FXE,,,41.32205964815431,-0.026536909122402585,,,-0.48612554072064884,
2026-05-06,FXE,,,41.32205964815431,-0.021229527297922046,,-0.765456155664277,-0.43101890329511977,
2026-05-07,FXE,,,41.32205964815431,-0.01698362183833768,,-0.7371969898959407,-0.38627782812723044,
2026-05-08,FXE,,,41.32205964815431,-0.013586897470670156,,-0.7118922967872839,-0.349855918682808,
2026-05-09,FXE,,,41.32205964815431,-0.010869517976536125,,-0.6890571811768029,-0.32012762500317965,
2026-05-10,FXE,,,41.32205964815431,-0.0086956143812289,,-0.6683117341514567,-0.2957949149511462,
2026-05-11,FXE,,,41.32205964815431,-0.00695649150498312,,-0.6493534466531578,-0.27581753265145625,
2026-05-12,FXE,,,41.32205964815431,-0.005565193203986518,,-0.6319380045426273,-0.2593597115828659,
2026-05-13,FXE,,,41.32205964815431,-0.004452154563189259,,-0.6158656111128313,-0.24574879523035367,
2026-05-14,FXE,,,41.32205964815431,-0.003561723650551407,,-0.6009710489957061,-0.23444272908006794,
2026-05-15,FXE,,,41.32205964815431,-0.0028493789204411257,,-0.5871163294568356,-0.2250043105927526,
2026-05-16,FXE,,,41.32205964815431,-0.002279503136352945,,-0.5741851682455819,-0.21708067314847537,
2026-05-17,FXE,,,41.32205964815431,-0.001823602509082367,,-0.5620787742812322,-0.21038687289478766,
2026-05-18,FXE,,,41.32205964815431,-0.0014588820072659048,,-0.5507125973522897,-0.20469271998481275,
2026-05-19,FXE,,,41.32205964815431,-0.001167105605812735,,-0.5400137867252098,-0.19981219137367334,
2026-05-20,FXE,,,41.32205964815431,-0.000933684484650199,,-0.529919183835352,-0.19559490691031575,
2026-05-21,FXE,,,41.32205964815431,-0.0007469475877202036,,-0.520373721148362,-0.19191925973181467,
2026-05-22,FXE,,,41.32205964815431,-0.0005975580701761407,,-0.5113291333982626,-0.18868687602477627,
2026-05-23,FXE,,,41.32205964815431,-0.00047804645614091257,,-0.502742911561844,-0.18729946407439818,
2026-03-24,GLD,0.07913513124266726,404.13,,0.0,,,,
2026-03-25,GLD,0.034946310005311745,416.29,,0.7760227920227862,,,,
2026-03-26,GLD,0.11574798447523905,400.64,,0.22122329526546308,,,,
2026-03-27,GLD,0.12521126116889011,414.7,,0.7568922559796101,,,,
2026-03-28,GLD,0.10198948345722422,,,0.605513804783688,,,,
2026-03-29,GLD,0.2772555603905964,,,0.4844110438269503,,,,
2026-03-30,GLD,-0.07884008759941882,414.58,,1.05004293707277,,,,
2026-03-31,GLD,-0.41583334827431373,430.29,,2.1267251242139613,,,,
2026-04-01,GLD,0.1282338726507647,437.82,,3.156906531288029,,,,
2026-04-02,GLD,0.14474087290110424,429.41,,3.0794895488180822,,,,
2026-04-03,GLD,-0.06036513749116429,,,2.4635916390544654,,,,
2026-04-04,GLD,0.0024156384522500225,,,1.9708733112435723,,,,
2026-04-05,GLD,-0.09619443503543734,,,1.5766986489948582,,,,
2026-04-06,GLD,-0.02560815168045969,427.65,,1.9109911872608745,,,,
2026-04-07,GLD,-0.039896828426200986,431.81,,1.8664669340507638,,,,
2026-04-08,GLD,-0.06843715571919456,434.53,,1.864053810016947,,,,
2026-04-09,GLD,0.048883674597491836,437.91,,1.9260327282994059,,,,
2026-04-10,GLD,0.018208270661108607,437.13,,1.7552509942471834,,,,
2026-04-11,GLD,-0.29221879321166444,,,1.4042007953977462,,,,
2026-04-12,GLD,0.0611963741613062,,,1.1233606363181963,0.3771848962085655,,-0.4361750389794044,
2026-04-13,GLD,-0.13104674122408033,435.36,,1.0259996994108516,-0.8338610586826294,,-0.5306905287207931,
2026-04-14,GLD,0.1597597333993349,445.09,,1.3094511232231802,1.014774467398344,,-0.19699095099197186,
2026-04-15,GLD,-0.19685699705928564,440.46,,1.0490239252140192,-1.234687259623577,,-0.49302961576061594,
2026-04-16,GLD,0.02174937046587467,440.08,,0.7301903012859636,0.16625894591108373,,-0.8468444247011021,
2026-04-17,GLD,0.249688035248013,445.93,86.88059882576734,0.7873822407113877,1.543843307361821,,-0.7528025256220828,
2026-04-18,GLD,0.36018029708834365,,86.88059882576734,0.6299057925691098,2.0099275562208496,,-0.9122121454861531,
2026-04-19,GLD,0.07862997566820207,,86.88059882576734,0.5039246340552879,0.3386609438172872,,-1.0258085356213278,
2026-04-20,GLD,-0.016834149951234993,442.09,86.88059882576734,0.3283144529414983,-0.23117248455328956,,-1.1865353371716039,
2026-04-21,GLD,0.011904897235333929,429.57,75.9997635752261,-0.7831538886530112,-0.054285069948011216,,-2.250933687521458,
2026-04-22,GLD,0.003566734926076612,435.26,77.14153877775455,-1.1569910186777914,-0.1045262002770727,,-2.352125704304398,
2026-04-23,GLD,0.18965324583540982,431.04,74.3176854836264,-1.6786940673557673,1.039172788833649,,-2.5112604298958616,
2026-04-24,GLD,-0.005939191740967331,433.25,74.83717611141601,-1.8515544116296532,-0.19597943211643296,,-2.370405355987637,
2026-04-25,GLD,-0.05905573473845919,,74.83717611141601,-1.4812435293037227,-0.5272771763495124,,-1.9062719460006128,
2026-04-26,GLD,-0.05535559159416395,,74.83717611141601,-1.1849948234429784,-0.4940857439111636,,-1.5793042361309753,
2026-04-27,GLD,0.003754057013283348,429.89,74.83717611141601,-1.816527622474121,-0.10361092194780883,,-1.926177187649673,
2026-04-28,GLD,-0.0254417525910255,421.91,68.1427610681909,-2.5006632270056084,-0.2941703036412279,,-2.223370149392777,
2026-04-29,GLD,0.004863992374911907,417.41,65.25408515956573,-3.140323978285476,-0.08788564483594542,,-2.4086721685610484,
2026-04-30,GLD,0.18005690997545093,423.66,67.32582810715994,-3.025379359988378,1.0820513884926684,,-2.150866502219974,
2026-05-01,GLD,-0.12248819491255517,423.18,66.99544086331795,-2.8660857279640255,-0.9636842879601266,,-1.9231553342421197,
2026-05-02,GLD,-0.015280910900831224,,66.99544086331795,-2.2928685823712205,-0.22657973608469903,,-1.5165585333828417,
2026-05-03,GLD,-0.007570443286870916,,66.99544086331795,-1.8342948658969767,-0.17099062172256171,,-1.211736213591149,
2026-05-04,GLD,,414.71,66.99544086331795,-2.769615261707109,,,-1.6697360677889672,
2026-05-05,GLD,-0.0022226482253717736,418.27,68.5357451098448,-2.61866207457121,-0.13187008424899382,,-1.5217089968709532,
2026-05-06,GLD,-0.006358036734532849,430.96,72.5440997430689,-1.5894211254446462,-0.15935774828946692,-0.22213277383748678,-0.9310092428130274,-0.409685704310941
2026-05-07,GLD,0.02723968694924631,431.68,72.75616643543576,-0.8239157573027696,0.08121592135789935,-0.18917146221726192,-0.49927303186440897,-0.17404697968134153
2026-05-08,GLD,-0.00011229876772988505,433.77,73.39847221103787,-0.1745357281483949,-0.11639498788466686,-0.09891955396235716,-0.13436406437676526,-0.11654308065560345
2026-05-09,GLD,-0.06236220917612469,,73.39847221103787,-0.1396285825187159,-0.5660548512263689,-0.09682375624151202,-0.11339612256663845,-0.2894879041329927
2026-05-10,GLD,-0.07588070103008958,,73.39847221103787,-0.1117028660149727,-0.6561149299984816,-0.09485548298231007,-0.09641355139559403,-0.3198266823127639
2026-05-11,GLD,0.3270961246502719,434.65,73.39847221103787,0.5537280152685583,2.1993517115243693,-0.09300233257653558,0.28517103949257394,0.9373912966845592
2026-05-12,GLD,0.12359617550441868,432.93,71.53169278564448,0.6225670988875072,0.7364433656846318,-0.3650131041093106,0.3218070673276602,0.2816155352393576
2026-05-13,GLD,0.41132315701221833,430.5,69.34501248902968,0.4692969585293376,2.572385009786398,-0.6798822799321258,0.22914432946615781,0.8937326187747688
2026-05-14,GLD,-0.09468764759293374,427.21,66.38606000667875,0.1288949199967504,-0.8152120427312771,-1.0907132751607689,0.02640324841505248,-0.6453778251162258
2026-05-15,GLD,0.41850749416058963,417.29,58.30727643710553,-0.7343582183231798,2.4572659361971954,-2.0972526745759175,-0.48650175711353205,0.2077800449720433
2026-05-16,GLD,-0.01086032493395587,,58.30727643710553,-0.5874865746585439,-0.2819889441841944,-1.9224239225291153,-0.39339719211986984,-0.8075419120683732
2026-05-17,GLD,0.34175734236235944,,58.30727643710553,-0.46998925972683525,1.9021897764121825,-1.7853244728186317,-0.31852344333154103,0.12972153571982123
2026-05-18,GLD,0.06525262109542888,418.43,58.30727643710553,-1.2318662582589621,0.16557255447115105,-1.6740788928828407,-0.7759672471011807,-0.6687848202067459
2026-05-19,GLD,0.13952614170252928,411.5,52.3241082530311,-1.833185204074392,0.6279920495055299,-2.1980271699250604,-1.1241804627010568,-0.7454654699856231
2026-05-20,GLD,0.01827062292632766,417.4,55.719036087244255,-1.7364552566601295,-0.14280636185924855,-1.6917552657284602,-1.045212486593605,-0.8782128704403189
2026-05-21,GLD,0.389804884387806,416.99,55.423681567470446,-1.6060042560166554,2.1325313775773176,-1.6313518973444618,-0.9492946205493689,0.07881859566277788
2026-05-22,GLD,-0.1684913245682547,413.85,53.10210896063607,-1.6318178231697813,-1.3046294609237385,-1.7749359429978258,-0.9497765660022774,-1.3392655370695263
2026-05-23,GLD,,,53.10210896063607,-1.3054542585358249,,-1.6794626818712282,-0.731914638939783,
2026-03-24,GME,-0.019746003016747535,22.81,,0.0,,,,
2026-03-25,GME,0.15527067068464437,23.08,,0.017230769230769737,,,,
2026-03-26,GME,0.22147033263391255,22.56,,-0.006097041420114807,,,,
2026-03-27,GME,0.06712564956634312,22.1,,-0.04978034558909803,,,,
2026-03-28,GME,0.12168832610985605,,,-0.039824276471278425,,,,
2026-03-29,GME,0.17287117870559804,,,-0.031859421177022736,,,,
2026-03-30,GME,0.14966756551014598,22.27,,-0.061544173608122185,,,,
2026-03-31,GME,-0.009747449758435209,23.04,,-0.01568305948027774,,,,
2026-04-01,GME,0.11092278645665035,22.76,,-0.0035575340062706795,,,,
2026-04-02,GME,0.12483507814615727,23.36,,0.04295519048379673,,,,
2026-04-03,GME,0.16136480271960926,,,0.03436415238703738,,,,
2026-04-04,GME,0.11450099957307902,,,0.027491321909629912,,,,
2026-04-05,GME,0.25743115221082974,,,0.021993057527703933,,,,
2026-04-06,GME,0.05739862757326926,23.08,,0.04913479572305329,,,,
2026-04-07,GME,0.24888750174480329,23.43,,0.0730419092543578,,,,
2026-04-08,GME,0.1639251767712684,22.91,,0.05088037526801717,,,,
2026-04-09,GME,0.19821551518356906,22.87,,0.03152216171260014,,,,
2026-04-10,GME,0.03939849398282359,23.22,,0.039752848142520225,,,,
2026-04-11,GME,0.179593341953048,,,0.03180227851401618,,,,
2026-04-12,GME,0.24086489059079083,,,0.025441822811212947,1.2861738586041151,,0.3707856847073922,
2026-04-13,GME,0.22976178027776178,23.4,,0.054407356869259044,1.0860874302178372,,1.0986069311615054,
2026-04-14,GME,0.1879206627207768,24.03,,0.09781759967594336,0.55062069207384,,1.993115139648155,
2026-04-15,GME,0.13126420225465105,24.79,,0.16751223714952468,-0.16028814300840238,,2.8556503710258276,
2026-04-16,GME,0.1711711694183506,25.18,,0.22603358604043633,0.34638772896572795,,3.018463476074164,
2026-04-17,GME,0.190026129597118,24.55,73.80241690989948,0.20887475494100405,0.578631445944831,,2.351556433239807,
2026-04-18,GME,0.30073781643016406,,73.80241690989948,0.16709980395280322,1.8653096156891495,,1.6380881414339088,
2026-04-19,GME,0.19697332912587143,,73.80241690989948,0.13367984316224257,0.5456833154899595,,1.1391499769903677,
2026-04-20,GME,0.0407572929413141,24.92,73.80241690989948,0.1763556322158376,-1.3705314958467487,,1.5924283125950918,
2026-04-21,GME,0.1135048399493214,24.46,66.67189862461407,0.1341377277573198,-0.4498232091130607,,1.0124203294167688,
2026-04-22,GME,0.11582636035877208,25.66,72.7084440490574,0.17357185918184798,-0.412244597972118,,1.437920856825772,
2026-04-23,GME,0.20550821419947968,25.01,65.76044953724491,0.14365841906425464,0.7258186177935926,,1.0259519985390242,
2026-04-24,GME,0.06998431148557516,24.95,65.14164157725074,0.10917237160661197,-1.0024358009645133,,0.5806214867496113,
2026-04-25,GME,0.3172963494974558,,65.14164157725074,0.08733789728528951,2.0275738331840203,,0.2985852419055278,
2026-04-26,GME,0.18887502694158814,,65.14164157725074,0.06987031782823161,0.4414310150621149,,0.07260283656274119,
2026-04-27,GME,0.21613768492601781,25.41,65.14164157725074,0.0957035385987598,0.7629436896983924,,0.4036405375732784,
2026-04-28,GME,0.40221232426833764,25.09,61.02239465436966,0.0611259429547637,2.7030239647946948,,-0.05338626747029289,
2026-04-29,GME,0.17858006841638266,24.52,55.533035268276606,-0.005468607950206206,0.18346936626182062,,-0.9238476791531265,
2026-04-30,GME,0.2652028519389383,24.95,58.561449362932834,-0.024809641859170006,1.1357775216142738,,-1.1472741012882612,
2026-05-01,GME,0.2422423715020199,26.53,67.35824636502826,0.05992766177184705,0.8554274750897042,,-0.012557863767036052,
2026-05-02,GME,0.09586225148529359,,67.35824636502826,0.04794212941747755,-0.796021148163209,,-0.17297227301132434,
2026-05-03,GME,0.056799640081969784,,67.35824636502826,0.03835370353398204,-1.205268179984276,,-0.30073055505363794,
2026-05-04,GME,0.16305183515204974,23.84,67.35824636502826,-0.12615297610638843,0.003439337019521696,,-2.370760825858117,
2026-05-05,GME,0.09149736135004823,24.23,69.5073688460437,-0.16406426763382065,-0.8048914074668276,,-2.5906229197706043,
2026-05-06,GME,0.030206284500528483,25.17,73.23478525014079,-0.12418159808427598,-1.4584380132686345,1.1199424877741009,-1.9852333706338035,-0.8429624701653645
2026-05-07,GME,0.05017793658689048,23.97,62.69806966102607,-0.17391666188033988,-1.1968548414853892,-0.8677227441249783,-2.3651844009127436,-1.448614080105472
2026-05-08,GME,0.16701929877755375,24.28,64.13369022782916,-0.18045412690911666,0.12671043788602654,-0.5725023643317496,-2.2659410542967233,-0.8008488504341312
2026-05-09,GME,0.20157262154092706,,64.13369022782916,-0.14436330152729338,0.5158913908205395,-0.5563601247645724,-1.8010601451783377,-0.5008695246546573
2026-05-10,GME,0.07238160251899843,,64.13369022782916,-0.11549064122183472,-0.9576260519250932,-0.5415228724225062,-1.4574141660479132,-0.9827315323111632
2026-05-11,GME,-0.005327052912830027,23.17,64.13369022782916,-0.242687564464318,-1.7751300369341836,-0.5278226463455745,-2.516921822715811,-1.623475355492089
2026-05-12,GME,-0.11409048289182827,22.37,56.57571533028753,-0.32104908102328333,-2.732572573971723,-1.887309066621694,-2.922922321818648,-2.536098446120792
2026-05-13,GME,0.03171996011904096,22.08,54.531344477444634,-0.37381830480844713,-1.1755184419884248,-2.0465458564183057,-3.019036937981686,-1.9898822151153672
2026-05-14,GME,0.12363608542695853,21.61,51.29616017343779,-0.4184156973351195,-0.21387041213305785,-2.305775978401832,-3.018825586858151,-1.682928634431218
2026-05-15,GME,0.016076887403499652,21.59,51.15707675307821,-0.42588167260473325,-1.3120868274464192,-2.09539656965865,-2.8002679313346053,-1.9935340812765445
2026-05-16,GME,0.10960227942092003,,51.15707675307821,-0.3407053380837866,-0.33044508126122263,-1.9209465831429482,-2.1139069495925633,-1.3426340923251425
2026-05-17,GME,0.14227011679474755,,51.15707675307821,-0.2725642704670293,0.014031469669351754,-1.7841029633498304,-1.618104851761844,-1.0150497566657615
2026-05-18,GME,0.3158971649834516,21.91,51.15707675307821,-0.2957054592171659,1.7907236381728058,-1.6730402868461156,-1.7018434588743907,-0.29617566844702947
2026-05-19,GME,0.12363002446784406,22.1,52.79262258440509,-0.24945372353723094,-0.21116292908254466,-1.386221554020468,-1.3771357760118172,-0.9134723706427035
2026-05-20,GME,0.24668952627185864,22.55,55.864436525404905,-0.17522922513533523,1.0623767328099096,-0.9512525058635584,-0.9042232478778816,-0.13169203299846804
2026-05-21,GME,-0.025523754744064073,22.49,55.34730037817105,-0.11951053753587582,-1.73283179188952,-0.9905819014919283,-0.5534046275131376,-1.1563286754573276
2026-05-22,GME,0.13518738420158183,21.96,50.86787438640741,-0.10803371260974082,-0.07571426589475566,-1.510060855786232,-0.47708423958830976,-0.6264292349702648
2026-05-23,GME,,,50.86787438640741,-0.08642697008779265,,-1.4449943284734497,-0.3325180970256152,
2026-03-24,GOOG,0.24880425531914893,289.2,,0.0,,,,
2026-03-25,GOOG,-0.07630731707317073,289.59,,0.02488888888888141,,,,
2026-03-26,GOOG,0.09300972222222223,280.74,,-0.52565900601453,,,,
2026-03-27,GOOG,0.02994266666666666,273.76,,-1.2874817840042578,,,,
2026-03-28,GOOG,0.22492,,,-1.0299854272034061,,,,
2026-03-29,GOOG,-0.042820833333333336,,,-0.8239883417627248,,,,
2026-03-30,GOOG,0.0557768115942029,273.14,,-1.7242795199123377,,,,
2026-03-31,GOOG,0.022623287671232877,286.86,,-0.9647575909791679,,,,
2026-04-01,GOOG,0.1609142857142857,294.9,,0.08939447245133492,,,,
2026-04-02,GOOG,0.024335802469135803,294.46,,0.7315770659226613,,,,
2026-04-03,GOOG,0.10067765957446807,,,0.5852616527381291,,,,
2026-04-04,GOOG,0.061144186046511624,,,0.46820932219050326,,,,
2026-04-05,GOOG,0.13483809523809523,,,0.37456745775240274,,,,
2026-04-06,GOOG,0.12981460674157302,297.66,,1.549947569159631,,,,
2026-04-07,GOOG,0.31531489361702125,303.93,,2.115688907480697,,,,
2026-04-08,GOOG,0.2598842105263158,314.74,,3.050195208334328,,,,
2026-04-09,GOOG,0.02680864197530864,316.37,,3.5740497133326117,,,,
2026-04-10,GOOG,0.18579915254237286,315.72,,3.6594040537987427,,,,
2026-04-11,GOOG,0.2596560606060606,,,2.927523243038994,,,,
2026-04-12,GOOG,0.30239166666666667,,,2.342018594431195,1.5300349056559988,,0.9422940233376144,
2026-04-13,GOOG,0.22607555555555559,319.21,,3.1544473214541195,0.8330533384275164,,1.326719380840495,
2026-04-14,GOOG,0.228695,330.58,,3.7137963022133853,0.8229277938167429,,1.5196589219752736,
2026-04-15,GOOG,0.051468918918918916,334.47,,4.067799348719566,-0.7112678014577546,,1.5790969623936466,
2026-04-16,GOOG,0.20187108433734938,332.77,,3.908526038899929,0.6081804260232285,,1.3970346075626885,
2026-04-17,GOOG,0.24752142857142856,339.4,84.63445452012968,3.958583240982982,0.9789301334047975,,1.3402708585729932,
2026-04-18,GOOG,0.025924615384615383,,84.63445452012968,3.166866592786384,-0.9795198289065659,,0.8994070565265346,
2026-04-19,GOOG,0.19223809523809524,,84.63445452012968,2.533493274229107,0.5078067305020971,,0.558175794520576,
2026-04-20,GOOG,0.11027857142857143,335.4,84.63445452012968,2.6758418857558386,-0.237341642321207,,0.6172168796007416,
2026-04-21,GOOG,0.3078358974358974,330.47,75.69103984841597,1.8542884048569093,1.5074328302730453,,0.1786396468650847,
2026-04-22,GOOG,0.07499090909090908,337.73,78.61186189612623,1.6047931172251602,-0.5917924971393209,,0.04334376213153236,
2026-04-23,GOOG,0.2302511904761905,337.75,78.6194832999119,1.2612342436030435,0.8105344127680223,,-0.14291563672169888,
2026-04-24,GOOG,0.26003170731707315,342.32,80.34312632443878,1.1642238228638693,1.0490228249691875,,-0.19393549749428068,
2026-04-25,GOOG,0.26278169014084507,,80.34312632443878,0.9313790582910944,1.0398486557162512,,-0.3206051426940509,
2026-04-26,GOOG,0.18103673469387757,,80.34312632443878,0.7451032466328744,0.2841781760133328,,-0.42042628780036384,
2026-04-27,GOOG,0.1889182795698925,348.52,80.34312632443878,1.4268439530508594,0.35197739104713577,,-0.023043060743961997,
2026-04-28,GOOG,0.176558,347.5,78.4446074084102,1.1727163835690906,0.23188941593985865,,-0.1708485401576047,
2026-04-29,GOOG,0.3093859649122807,347.31,78.14275503265657,0.8202284766873227,1.4389859737527448,,-0.3763625368590961,
2026-04-30,GOOG,0.044152,,78.14275503265657,0.6561827813498571,-1.0295817501663793,,-0.4683438929272208,
2026-05-01,GOOG,0.18449454545454544,,78.14275503265657,0.5249462250798853,0.2864245947704691,,-0.5398018006194539,
2026-05-02,GOOG,0.2543673913043478,,78.14275503265657,0.41995698006390825,0.9292891519745985,,-0.5946048417655896,
2026-05-03,GOOG,,,78.14275503265657,0.33596558405112553,,,-0.635976472879125,
2026-05-04,GOOG,0.04297272727272727,,78.14275503265657,0.2687724672409004,-1.057932623335275,,-0.666581743723947,
2026-05-05,GOOG,0.14370750000000002,,78.14275503265657,0.21501797379271892,-0.0980349057708938,,-0.6886062849361628,
2026-05-06,GOOG,0.05613999999999999,,78.14275503265657,0.17201437903417371,-0.9212655204098302,-0.6223547989793071,-0.7038293150805416,-0.7663614423818866
2026-05-07,GOOG,0.18030714285714286,,78.14275503265657,0.13761150322733862,0.2735878316597313,-0.6022980696767158,-0.7136899610324555,-0.2853612765488589
2026-05-08,GOOG,0.11921250000000001,,78.14275503265657,0.11008920258186983,-0.31851270155685873,-0.5840839748912233,-0.719346010250233,-0.5184340761651804
2026-05-09,GOOG,0.24579428571428572,,78.14275503265657,0.08807136206549515,0.9105093361520978,-0.5674446453397062,-0.7217247327004193,-0.02254707895119845
2026-05-10,GOOG,0.3757658536585366,,78.14275503265657,0.07045708965239506,2.065427235959232,-0.5521639894426896,-0.7215659726348954,0.4440519057604172
2026-05-11,GOOG,0.14577118644067796,,78.14275503265657,0.05636567172191498,-0.11780131555391103,-0.5380654588750898,-0.7194581087505171,-0.42437759650924645
2026-05-12,GOOG,0.07665076923076923,,78.14275503265657,0.04509253737753127,-0.7685780983935441,-0.5250031784216066,-0.7158676944186957,-0.6796925012095083
2026-05-13,GOOG,0.019205479452054797,,78.14275503265657,0.03607402990202502,-1.2865464991701179,-0.5128553973407759,-0.7111636589801485,-0.8818243165643244
2026-05-14,GOOG,0.0897828947368421,,78.14275503265657,0.02885922392161966,-0.6029612435177737,-0.5015195757646139,-0.705636927354913,-0.6033314483429676
2026-05-15,GOOG,0.20097894736842106,,78.14275503265657,0.023087379137294306,0.46258702404793717,-0.4909086439202732,-0.6995162401298931,-0.17209265559587503
2026-05-16,GOOG,0.10815961538461538,,78.14275503265657,0.018469903309835445,-0.4334800943300061,-0.4809481165985517,-0.6929808588131721,-0.5255707303555196
2026-05-17,GOOG,0.15132962962962962,,78.14275503265657,0.014775922647867645,-0.011044283948388746,-0.47157384065429087,-0.6861707390438051,-0.3517410874887843
2026-05-18,GOOG,0.30833809523809524,,78.14275503265657,0.011820738118293761,1.493434155421478,-0.46273021745594,-0.6791946582057546,0.2547961994700828
2026-05-19,GOOG,0.24280217391304348,,78.14275503265657,0.009456590494634654,0.8408935567958232,-0.45436878611791615,-0.6721366978862593,-0.0015942224829233187
2026-05-20,GOOG,0.23898644067796612,,78.14275503265657,0.0075652723957073675,0.7920575138010569,-0.44644708392111676,-0.6650614075581041,-0.016629541923343427
2026-05-21,GOOG,0.23145744680851066,,78.14275503265657,0.0060522179165651835,0.7088527955785919,-0.43892772193267326,-0.6580179136086413,-0.04554257243095755
2026-05-22,GOOG,,,78.14275503265657,0.004841774333250726,,-0.43177762931824243,-0.6510431863639631,
2026-05-23,GOOG,,,78.14275503265657,0.0038734194666005806,,-0.4249674310774492,-0.6517796620582464,
2026-03-24,GOOGL,0.08940759072771183,290.44,,0.0,,,,
2026-03-25,GOOGL,0.10472791972368607,290.93,,0.031270655270645875,,,,
2026-03-26,GOOGL,-0.017954175148160893,280.92,,-0.5896548502041241,,,,
2026-03-27,GOOGL,-0.04070588626136601,274.34,,-1.3665758034940245,,,,
2026-03-28,GOOGL,0.03085581467516139,,,-1.0932606427952196,,,,
2026-03-29,GOOGL,0.030078090996484747,,,-0.8746085142361755,,,,
2026-03-30,GOOGL,0.09071387137242293,273.5,,-1.8181088103208847,,,,
2026-03-31,GOOGL,0.04840826053002143,287.56,,-1.040616603161554,,,,
2026-04-01,GOOGL,0.04642284124715904,297.39,,0.14396708552329662,,,,
2026-04-02,GOOGL,0.1861984737094542,295.77,,0.7905696129414621,,,,
2026-04-03,GOOGL,0.0875303401935567,,,0.6324556903531697,,,,
2026-04-04,GOOGL,0.016006728396059062,,,0.5059645522825358,,,,
2026-04-05,GOOGL,0.24521585349917932,,,0.40477164182602876,,,,
2026-04-06,GOOGL,0.06519505885600656,299.99,,1.7084936199458396,,,,
2026-04-07,GOOGL,0.10844771338698138,305.46,,2.2411920554230154,,,,
2026-04-08,GOOGL,0.07007800828511676,317.32,,3.215206397969167,,,,
2026-04-09,GOOGL,0.22109794280611098,318.49,,3.7252306280764613,,,,
2026-04-10,GOOGL,0.05585776053881309,317.24,,3.7547692311952128,,,,
2026-04-11,GOOGL,0.174917894931812,,,3.00381538495617,,,,
2026-04-12,GOOGL,0.10236530504801515,,,2.4030523079649355,0.22337707293072503,,0.9188417430741173,
2026-04-13,GOOGL,0.07530124996840999,321.31,,3.229393341959957,-0.13704828978561323,,1.2961959851617617,
2026-04-14,GOOGL,0.132395988509598,332.91,,3.7957661555020383,0.6292436233162781,,1.48723843175535,
2026-04-15,GOOGL,0.16564777209768583,337.12,,4.168476831309614,1.0431342492667972,,1.5548936236089812,
2026-04-16,GOOGL,0.11459825749468104,336.02,,4.051893124776662,0.3242945713142033,,1.3978894698783617,
2026-04-17,GOOGL,0.15934188264883373,341.68,83.70235774170536,4.056913012504316,0.9240961849392456,,1.3203521489836914,
2026-04-18,GOOGL,0.1518419797449774,,83.70235774170536,3.245530410003452,0.7914865721053099,,0.8847971229591218,
2026-04-19,GOOGL,0.10489732570028008,,83.70235774170536,2.5964243280027617,0.11561212493162841,,0.5472116098556112,
2026-04-20,GOOGL,0.17198745002373608,337.42,83.70235774170536,2.6850442256770464,1.0549359703097523,,0.5780652616872448,
2026-04-21,GOOGL,0.151630040774727,332.29,74.76908474505412,1.8210872457780383,0.7377070886008552,,0.1328621690459385,
2026-04-22,GOOGL,0.14497216138896227,339.32,77.6391128704716,1.5292088675668474,0.6250172402124472,,-0.019144622358744336,
2026-04-23,GOOGL,0.05857770788823526,338.89,77.06169592602663,1.1316338723652581,-0.643929739503141,,-0.22647901614954996,
2026-04-24,GOOGL,0.36116340345013903,344.4,79.19674596905583,1.0651495241035498,3.143501729512346,,-0.2580768910438435,
2026-04-25,GOOGL,0.2783616223102781,,79.19674596905583,0.8521196192828384,1.9466463301261658,,-0.3684700575751736,
2026-04-26,GOOGL,0.24171257324169595,,79.19674596905583,0.6816956954262707,1.4399885394006,,-0.45502205701710374,
2026-04-27,GOOGL,0.0809641843348131,350.34,79.19674596905583,1.3577960232383468,-0.4305894967278627,,-0.07376256300429221,
2026-04-28,GOOGL,-0.0017894247114126998,349.78,78.20171139248939,1.1351500173025304,-1.3521226676662192,,-0.19799885179347554,
2026-04-29,GOOGL,0.15887901812530916,349.94,78.27016643414349,0.8250934521410347,0.51409373287899,,-0.3717213907518213,
2026-04-30,GOOGL,0.2024570978711632,384.8,87.48889213143757,2.6890956989669803,1.000496018923681,,0.7060242132936888,
2026-05-01,GOOGL,0.16756146318049653,385.69,87.63314388719888,3.644026779800015,0.579148150827949,,1.2275072363816677,
2026-05-02,GOOGL,0.10509023587533528,,87.63314388719888,2.915221423840011,-0.16161838148939153,,0.7846193192079435,
2026-05-03,GOOGL,0.35772763198441976,,87.63314388719888,2.3321771390720087,2.590033419813535,,0.4353090538000144,
2026-05-04,GOOGL,0.002008463601483844,383.25,87.63314388719888,3.455409343436287,-1.3126220471935124,,1.0741155469818195,
2026-05-05,GOOGL,0.04214273104871421,388.43,88.65698449723027,3.4247200482988553,-0.8538586966476637,,1.0302713116714766,
2026-05-06,GOOGL,0.1997229672069083,398.04,90.00429132473532,3.6740759979431807,0.8657982085076509,1.5468353739787366,1.146456021928725,1.1543067021752988
2026-05-07,GOOGL,0.09602270286789848,397.99,89.94443038081893,3.4610346358501722,-0.27736584147829085,1.4177440739104161,0.9978927933205063,0.6137447235779603
2026-05-08,GOOGL,0.0653236032414931,400.8,90.33353727315972,3.1439696976079077,-0.6111439822346546,1.392397008178508,0.7964426783335149,0.41219431305974497
2026-05-09,GOOGL,0.1247222789422005,,90.33353727315972,2.5151757580863254,0.05659243193607986,1.3067233179484579,0.41888553461500083,0.5403196285434695
2026-05-10,GOOGL,0.14488162843944116,,90.33353727315972,2.012140606469057,0.28274208778124615,1.2353035271992354,0.11711061223433128,0.5188210769425685
2026-05-11,GOOGL,0.19822677056461746,388.64,90.33353727315972,1.0295746139810333,0.8792917632304443,1.174568893367028,-0.47030227323242085,0.5629966913325599
2026-05-12,GOOGL,0.11758622741205271,387.35,88.22549898979742,-0.05941385668774757,-0.048746485505865904,0.7464182788271486,-1.1076778657295834,-0.12787647027307678
2026-05-13,GOOGL,0.17759425998380132,402.62,90.52291578843312,0.034514740455907855,0.6403858664514261,1.1395011289931367,-1.029199156696087,0.2892449382696854
2026-05-14,GOOGL,0.11107070839014489,401.07,88.63245614824328,-0.20854282496761556,-0.13675538116246116,0.7538696694776522,-1.150002702188277,-0.1735420622781719
2026-05-15,GOOGL,0.09797306868466722,396.78,83.43864228089471,-0.824460396946705,-0.2885776129073848,-0.24898590257815129,-1.47567741160401,-0.6328300394176023
2026-05-16,GOOGL,0.08134375558163551,,83.43864228089471,-0.6595683175573654,-0.48131435296275,-0.2446849332752193,-1.3408306357531221,-0.6681804118936024
2026-05-17,GOOGL,0.02453153280216249,,83.43864228089471,-0.5276546540458931,-1.138964223255922,-0.2405996600696784,-1.2332749723973873,-0.8977480790424885
2026-05-18,GOOGL,0.28913168576266923,396.94,83.43864228089471,-1.0511907840434276,1.939863913374374,-0.2367126180062292,-1.4962772739126862,0.25604859777407507
2026-05-19,GOOGL,0.007044130506232461,387.66,71.28464808572782,-2.1937774347486325,-1.314956497967618,-2.4380400423482675,-2.0588070267910052,-1.875036719928829
2026-05-20,GOOGL,0.19835966478135353,388.91,71.77071929048266,-2.903902302089893,0.8853997395208887,-2.1406413799683497,-2.3188082432544403,-0.9836749911584814
2026-05-21,GOOGL,0.10888771548582625,387.66,70.48581098845476,-3.4586681616225796,-0.15070705812197502,-2.164014545031286,-2.456105507748306,-1.4463188390826676
2026-05-22,GOOGL,-0.10939379036426544,383.03,65.78768052594341,-4.094796961147846,-2.5289124772895653,-2.6033768385052127,-2.5964078798407715,-2.5715004064196214
2026-05-23,GOOGL,,,65.78768052594341,-3.275837568918277,,-2.3565229107760843,-2.091468405727666,
2026-03-24,GS,0.16008468445365615,835.72,,0.0,,,,
2026-03-25,GS,-0.0020268258838265635,841.84,,0.39056410256407614,,,,
2026-03-26,GS,0.03604034927108749,822.64,,-0.611301219957677,,,,
2026-03-27,GS,-0.007817302158386588,802.89,,-2.46710133053784,,,,
2026-03-28,GS,0.1636457098245633,,,-1.973681064430272,,,,
2026-03-29,GS,0.0405686445526908,,,-1.5789448515442175,,,,
2026-03-30,GS,0.01998748671021426,807.6,,-3.1147991486237823,,,,
2026-03-31,GS,0.09907370539433603,845.99,,-0.8404275055580062,,,,
2026-04-01,GS,0.14044777064087224,860.21,,1.559886398690519,,,,
2026-04-02,GS,0.1050242107323299,863.04,,3.182871563631474,,,,
2026-04-03,GS,0.06465853880122233,,,2.5462972509051793,,,,
2026-04-04,GS,0.345221966031699,,,2.0370378007241436,,,,
2026-04-05,GS,0.24257143142071144,,,1.6296302405793148,,,,
2026-04-06,GS,0.1144593867141171,866.05,,4.312175971085058,,,,
2026-04-07,GS,0.17704174810007994,864.15,,4.381782276184211,,,,
2026-04-08,GS,0.23802878960631352,905.75,,6.828977150409503,,,,
2026-04-09,GS,0.20075278058853904,903.72,,7.8381831864628015,,,,
2026-04-10,GS,0.2087796724696529,907.8,,8.265242550121867,,,,
2026-04-11,GS,0.27579552684321124,,,6.612194040097492,,,,
2026-04-12,GS,0.14674109620191156,,,5.289755232077994,0.08567047513815973,,0.8706194659245468,
2026-04-13,GS,0.11621131846201081,890.79,,5.020664292223364,-0.22438191100316793,,0.7642705095310489,
2026-04-14,GS,0.32518029965864725,909.63,,5.225710257512473,1.7843661921491125,,0.7921993246270697,
2026-04-15,GS,0.16470505725130088,899.49,,4.308881966547345,0.18282953597373006,,0.5134702082015042,
2026-04-16,GS,0.4258480530818005,900.0,,3.4067835861368607,2.3948123102918646,,0.2435171002570967,
2026-04-17,GS,0.2926536481997141,925.95,83.200966975385,4.176963734651071,1.144956791770607,,0.46285931025632854,
2026-04-18,GS,0.45798333333333335,,83.200966975385,3.341570987720857,2.2725757783994482,,0.2043877638520608,
2026-04-19,GS,0.07179052111648379,,83.200966975385,2.6732567901766835,-0.8040614611619259,,-0.0030994325561513585,
2026-04-20,GS,0.2170673076923077,941.74,83.200966975385,5.400666890396611,0.3631814717200603,,0.8343551046741075,
2026-04-21,GS,0.29868005599665903,926.55,73.89285341386918,4.419516655369751,0.9976786775557498,,0.510736209055386,
2026-04-22,GS,0.27288484735718194,934.84,75.2205764892978,3.914428209763983,0.7649478209256301,,0.3414097039534221,
2026-04-23,GS,0.3039845728778743,931.3,73.50156764063831,2.97031890519521,0.9890258285161098,,0.03153080316821084,
2026-04-24,GS,0.19972883291017565,926.91,71.32472273233338,1.7395166294243651,0.12488917970017237,,-0.3720482283622365,
2026-04-25,GS,0.21352266322916555,,71.32472273233338,1.3916133035394935,0.2370407008998386,,-0.48060515033773077,
2026-04-26,GS,0.24994249374885,,71.32472273233338,1.1132906428315934,0.5374325699276102,,-0.5647275729248631,
2026-04-27,GS,0.16719118316558976,937.81,71.32472273233338,1.31097225018042,-0.17368755695562904,,-0.4876902418356149,
2026-04-28,GS,0.28761798255469745,926.55,64.71271833719229,-0.015448818710929402,0.8586194371466385,,-0.9266257271414354,
2026-04-29,GS,0.1594275956236452,905.6,56.20522499715104,-2.398804989743674,-0.26321513516698886,,-1.667663205922003,
2026-04-30,GS,0.25315946315913296,,56.20522499715104,-1.9190439917949398,0.5608657265210555,,-1.441325322730632,
2026-05-01,GS,0.1884940109637516,,56.20522499715104,-1.5352351934359518,-0.019574284383948187,,-1.2676643299236614,
2026-05-02,GS,0.3194786102350798,,56.20522499715104,-1.2281881547487643,1.138171877718661,,-1.1317447171207733,
2026-05-03,GS,0.03652981805243065,,56.20522499715104,-0.9825505237990129,-1.3740645877950877,,-1.023820661468066,
2026-05-04,GS,0.35447540983606557,,56.20522499715104,-0.7860404190392103,1.4178661245283721,,-0.9371656727433988,
2026-05-05,GS,0.2647052261946172,,56.20522499715104,-0.6288323352313689,0.614998039271145,,-0.8669447003607952,
2026-05-06,GS,0.21247795805301273,,56.20522499715104,-0.5030658681850966,0.14855977299236678,-1.0712333431353855,-0.809578097526225,-0.5048195230015364
2026-05-07,GS,0.3864819562867881,,56.20522499715104,-0.40245269454807797,1.642042372783775,-1.0178610877249585,-0.7623578959451652,0.12275125401247297
2026-05-08,GS,0.38452565318154197,,56.20522499715104,-0.3219621556384631,1.5622422375695026,-0.9718504342585665,-0.7232028470995677,0.11638091062036082
2026-05-09,GS,0.3747132599423999,,56.20522499715104,-0.2575697245107733,1.4282713386543744,-0.931643096409385,-0.6904945092682382,0.08466725375846279
2026-05-10,GS,0.30497592081211156,,56.20522499715104,-0.20605577960861865,0.8168765816578583,-0.8961074019447463,-0.6629632331612868,-0.1409705578686666
2026-05-11,GS,0.14898980796029193,,56.20522499715104,-0.16484462368689634,-0.5161176493842415,-0.8643989176272531,-0.6396063284847449,-0.657648633587296
2026-05-12,GS,0.11709127788544166,,56.20522499715104,-0.13187569894951778,-0.7794212134555616,-0.8358729738710771,-0.6196278402575907,-0.7484187296208249
2026-05-13,GS,0.17746461120941215,,56.20522499715104,-0.10550055915961565,-0.2522051911916307,-0.8100276953259656,-0.6023933464594311,-0.5246083890122712
2026-05-14,GS,0.23017307673164655,,56.20522499715104,-0.08440044732769536,0.2080548678100628,-0.7864657127488086,-0.5873955044141402,-0.3289364180248595
2026-05-15,GS,0.17236001146829433,,56.20522499715104,-0.06752035786215771,-0.3007938880904105,-0.7648677227163052,-0.5742274743947308,-0.522046114369475
2026-05-16,GS,0.3510166432147741,,56.20522499715104,-0.05401628628972688,1.2635761836693737,-0.7449737923982669,-0.562562228806626,0.11316966710628165
2026-05-17,GS,0.3694312111867193,,56.20522499715104,-0.043213029031782924,1.3883519475813035,-0.7265698631346178,-0.5521363274695852,0.17172892185126057
2026-05-18,GS,0.12713463414011983,,56.20522499715104,-0.03457042322542847,-0.7332724491541582,-0.7094778260359794,-0.542737123741838,-0.6689734645950085
2026-05-19,GS,0.27304914071283576,,56.20522499715104,-0.027656338580342776,0.5496001436147859,-0.6935481032756288,-0.5341926318625073,-0.14848216309552642
2026-05-20,GS,0.19001319189667612,,56.20522499715104,-0.022125070864277063,-0.18698853273467225,-0.678654019962964,-0.5263634743269552,-0.43630066138084467
2026-05-21,GS,0.1949643797316721,,56.20522499715104,-0.017700056691424493,-0.14137400765106242,-0.6646874771107849,-0.519136464808297,-0.41169678563614953
2026-05-22,GS,0.08912540184069669,,56.20522499715104,-0.014160045353140305,-1.0785365470066253,-0.6515555844048835,-0.5124194832065414,-0.7806071390860776
2026-05-23,GS,,,56.20522499715104,-0.011328036282513665,,-0.6391780107990214,-0.5112901393127179,
2026-03-24,HBAR,0.02439031112939118,0.09415099601719137,,0.0,,,,
2026-03-25,HBAR,0.502491865616031,0.09466832468561157,,3.30147070444764e-05,,,,
2026-03-26,HBAR,,0.09108059476088938,,-0.0001770587890787323,,,,
2026-03-27,HBAR,0.26868629226982593,0.089067969510048,,-0.0004275598083986076,,,,
2026-03-28,HBAR,0.1763998091687262,0.08977970624804504,,-0.0005154314258696959,,,,
2026-03-29,HBAR,0.4968760241370648,0.08799946551614359,,-0.0006546211174628379,,,,
2026-03-30,HBAR,0.047029036710659666,0.0872013936256928,,-0.0007545076952071618,,,,
2026-03-31,HBAR,,0.08757908280084781,,-0.0007477696230854849,,,,
2026-04-01,HBAR,0.38330096616119147,0.08845066540786595,,-0.000641331063739628,,,,
2026-04-02,HBAR,0.6124428610349696,0.08799388828162331,,-0.0005612929473473205,,,,
2026-04-03,HBAR,0.4624602038796991,0.08771482058994087,,-0.0004893775463378355,,,,
2026-04-04,HBAR,0.37069301283124834,0.08748144988315493,,-0.0004222915648840254,,,,
2026-04-05,HBAR,0.4642869784414768,0.08801824487101341,,-0.0003116366647665724,,,,
2026-04-06,HBAR,0.18503582216724757,0.08742574861344785,,-0.0002508327692697656,,,,
2026-04-07,HBAR,,0.09184335114840095,63.77485944475698,9.584254068332175e-05,,,,
2026-04-08,HBAR,-0.1826310155853629,0.08900722102662503,52.18106572383776,0.00014038850571892916,,,,
2026-04-09,HBAR,0.31292065203379843,0.08935194289745045,53.29251565882278,0.00019590504679785,,,,
2026-04-10,HBAR,0.47440794132096425,0.0895478038096467,53.94746419962169,0.00024544099774269357,,,,
2026-04-11,HBAR,0.4519006694585085,0.0883606156739279,49.42358113407276,0.00019980930538732178,,,,
2026-04-12,HBAR,0.20089005065049975,0.0851898117702738,39.81923564550309,-3.0124663414687848e-05,,,0.6534787596361824,
2026-04-13,HBAR,0.45514412598639725,0.08783428473032662,48.76214684562297,7.663834123674629e-06,,,0.7357812556141626,
2026-04-14,HBAR,0.20483444493222983,0.0851092695038911,41.85930779468295,-0.0001314110079518229,,,0.316743363779239,
2026-04-15,HBAR,0.26269129064850977,0.08712351683209832,47.74748259452181,-7.130165512845687e-05,-0.2329517657955659,,0.4851859263177261,
2026-04-16,HBAR,0.6446769200608135,0.09075552712338132,56.33475690365888,0.00021390582442651156,1.5529363402336118,,1.2840019480895872,
2026-04-17,HBAR,0.5520587937913835,0.09078378409681995,56.39479814671902,0.0003947787492176377,1.049220278202075,,1.6818138825455229,
2026-04-18,HBAR,0.4078574762280498,0.08881626774123602,51.12356401707659,0.0003725097667903023,0.34368446654249823,,1.5100740307485971,
2026-04-19,HBAR,0.5495521041572093,0.08727511996986273,47.38723395785414,0.00025044357114781604,0.9985287097964637,,1.1171760838455818,
2026-04-20,HBAR,0.33917191276406095,0.08975925669075528,53.31047567933291,0.00032853876827549093,-0.03792540085033301,,1.2708069302875262,
2026-04-21,HBAR,-0.08470655148569495,0.09038306028119926,54.68996942351203,0.000408526448724036,-1.9552276403336208,,1.411265525037421,
2026-04-22,HBAR,0.09975889423899348,0.09085118972624798,55.74666303741175,0.000474641339983117,-1.0428334460132882,,1.5000281818734285,
2026-04-23,HBAR,0.22136638497057368,0.09082041203288663,55.654763809112076,0.0004956742922301703,-0.4610585547729143,,1.4727489665022955,
2026-04-24,HBAR,0.5722853275964657,0.09099675546123086,56.10129580589652,0.000499436420512643,1.162705165343861,,1.4106706994590985,
2026-04-25,HBAR,0.413697876479472,0.09125836880197707,56.796338459399536,0.0004964797239198726,0.4038186241857175,,1.3417286056115445,
2026-04-26,HBAR,0.40951280098296705,0.09232064372215809,59.593832325085785,0.0005394315667714279,0.3767530801057036,1.2124010786452752,1.3848368647259994,0.9298726150536638
2026-04-27,HBAR,0.07685698345307258,0.08971384831742038,50.8861447459369,0.0003735254159981435,-1.1966185557787896,-0.3102768880802347,0.9497206299574016,-0.2868142997483658
2026-04-28,HBAR,0.33189384659094034,0.08891610773377298,48.54830355651579,0.00020000650806358133,0.036372901774169616,-0.7059273970029818,0.5131927750394268,-0.043271225879398634
2026-04-29,HBAR,0.4388739457140987,0.08863783251138184,47.72462918160652,6.350742980479999e-05,0.5513639318014134,-0.8242842965116761,0.17099921194961146,0.024560047351945995
2026-04-30,HBAR,0.44153496535867914,0.08731073777890663,43.89944301515505,-0.00010971078634882132,0.5541031644184687,-1.4242637653383015,-0.2624999721922606,-0.28438785549178114
2026-05-01,HBAR,0.45181752660049956,0.08817232963980666,46.876460354465195,-0.00015693654335417154,0.5943601839582816,-0.861154442354368,-0.3776766168272404,-0.1339052441711699
2026-05-02,HBAR,0.41700300359292425,0.08857453563517735,48.256840705538714,-0.00015167625822746854,0.41151810309286363,-0.5975138209738431,-0.35900437930000867,-0.12234821884501006
2026-05-03,HBAR,,0.08771209134088553,45.5251569941614,-0.0001941558177137021,,-1.0505159835267572,-0.46318323462735783,
2026-05-04,HBAR,0.17631566089271566,0.08773247869140577,45.603546248749666,-0.00020754816472797627,-0.8038244778397727,-0.9986381969226412,-0.4912395776732873,-0.7684931235146877
2026-05-05,HBAR,0.28978114476684713,0.09030525127063119,54.501376173677755,-3.8646854808704976e-05,-0.2168402771030359,0.5988593048908286,-0.040535595755579516,0.08076100189936036
2026-05-06,HBAR,0.39789551392511696,0.0913757170960287,57.60843219137563,0.00013987287853212786,0.3420349733512933,1.1230938999820679,0.4351904261594852,0.6042992871829832
2026-05-07,HBAR,0.3018580565761868,0.09009286175276442,52.942436726308884,0.00016456069614196296,-0.16239756113263226,0.2681426656432726,0.4955268323111063,0.16414182493326074
2026-05-08,HBAR,0.28004350071075773,0.09267000000000002,59.958772318582575,0.00033749617918042295,-0.2753439543271731,1.4854024258434417,0.9503617720558927,0.6205916776389311
2026-05-09,HBAR,0.13014225404631347,0.09286178739588942,60.43159305305838,0.0004412881223125854,-1.057714494418269,1.4913192560378448,1.203016242601039,0.3852148518243574
2026-05-10,HBAR,0.018212043796665967,0.09750274153560787,69.74253413636868,0.0007792309316296571,-1.5922180393793348,2.7169640096466767,2.0108783802948627,0.7814655012307278
2026-05-11,HBAR,0.1743276308650896,0.09691732790229321,67.58221615394173,0.0009109088406846123,-0.7534097657846316,2.169258220330701,2.2102544756452973,1.0124899024789467
2026-05-12,HBAR,0.39128136164295485,0.0938461349202848,57.51656537086956,0.0007456883563846924,0.39428821119578217,0.661273481653607,1.719738037403829,0.8720187401955436
2026-05-13,HBAR,0.32363085193680596,0.09338565534963998,56.16583217945811,0.000567948898017777,0.03111681836160258,0.45170966760028275,1.2476693413854063,0.5222604300403477
2026-05-14,HBAR,0.13670927072369493,0.09497167981884715,59.678205570373066,0.0005209888217405367,-0.9625930808611124,0.9582062823559775,1.1077056354404289,0.23473634299447693
2026-05-15,HBAR,0.00563766641587019,0.09283064546625544,53.45165519414679,0.0003194208275075993,-1.6106059519610347,0.014851121260573549,0.6057325635060197,-0.45806727535443603
2026-05-16,HBAR,0.1590436068560742,0.0912201790353471,49.28613506577372,6.46456934664762e-05,-0.780173729483013,-0.6138700517414134,-0.022381639293167728,-0.5029449991035796
2026-05-17,HBAR,0.16973753470506234,0.09007,46.49904764402452,-0.00018089578583288328,-0.7122578118984221,-1.018821727457658,-0.6257190844015529,-0.7782653683171322
2026-05-18,HBAR,0.33741555037036536,0.09014300367923703,46.70505174100791,-0.0003293051377885255,0.1875123717432933,-0.9640483167306649,-0.9797102022212149,-0.5081226069882466
2026-05-19,HBAR,0.26196436426470054,0.08847411224042152,42.66102811373805,-0.0005194672146516864,-0.219924120540874,-1.5262699224157077,-1.4167751144872731,-0.9708831592872439
2026-05-20,HBAR,0.022089024076675276,0.0887519785448586,43.5376280347427,-0.0006004089782521582,-1.4875410130467692,-1.347336288118711,-1.5681944044479765,-1.4696756129887139
2026-05-21,HBAR,0.2772340744066425,0.08987366227079485,47.056347489394,-0.000553431554410412,-0.10557318528726589,-0.8027198148697212,-1.4155375757596085,-0.7077064913037052
2026-05-22,HBAR,,0.08791,42.10890727001965,-0.0006243776873910078,,-1.4943426329936433,-1.5418982108172297,
2026-05-23,HBAR,,,42.10890727001965,-0.0004995021499128062,,-1.4440577940437471,-1.207467602829094,
2026-03-24,HNT,-0.14553673450269158,1.2467781397750832,,0.0,,,,
2026-03-25,HNT,0.020426655104011315,1.244562239573195,,-0.00014141357413759436,,,,
2026-03-26,HNT,0.29754036872037687,1.1972405021049501,,-0.0032422761524154705,,,,
2026-03-27,HNT,0.3008764153614485,1.1629252512999948,,-0.007198078295624654,,,,
2026-03-28,HNT,0.06095468434889803,1.1533252871911235,,-0.009888692576215847,,,,
2026-03-29,HNT,0.1564366234434955,1.1200845445542804,,-0.013131426094490108,,,,
2026-03-30,HNT,-0.162017798174154,1.0681460343155764,,-0.017713546475898463,,,,
2026-03-31,HNT,0.10405507224752257,1.071833711242813,,-0.019304660205380356,,,,
2026-04-01,HNT,0.06884487508474676,1.0702201609541064,,-0.019231972810721663,,,,
2026-04-02,HNT,0.25662862809704307,1.0341354169722514,,-0.020276294992212944,,,,
2026-04-03,HNT,0.13244509061798454,1.0192085500980184,,-0.020569531975439308,,,,
2026-04-04,HNT,0.027289107818296188,1.0020271935270635,,-0.020473625481505123,,,,
2026-04-05,HNT,0.11190692315501058,1.0013298995701723,,-0.019040201071824032,,,,
2026-04-06,HNT,-0.1492667288394556,0.9892974675993641,,-0.01752357437817746,,,,
2026-04-07,HNT,0.4238068057462366,1.0946240795581428,40.28359993496521,-0.008504782400101822,,,,
2026-04-08,HNT,0.20238395601702588,1.0208342178018013,31.04173933401225,-0.006667969325503925,,,,
2026-04-09,HNT,0.3175421823929667,1.0031774500047708,29.30900716352926,-0.005831489695888398,,,,
2026-04-10,HNT,0.02311722375193302,1.0153080383286741,32.112692792119105,-0.0037515987107612225,,,,
2026-04-11,HNT,-0.06370995191907977,1.043205508579652,38.18465645182792,1.3363323429362028e-05,,,,
2026-04-12,HNT,0.17497849237503485,1.005333500176168,33.76898470017642,0.0004398447788341517,0.4079241428161757,,1.3729290878590497,
2026-04-13,HNT,-0.11953182924400706,1.0387177392331561,40.32048828934314,0.003297879172071444,-1.2917612106243739,,1.5749627240440511,
2026-04-14,HNT,0.09030530362611945,1.0101412281300242,36.95104108229593,0.003568434096827902,-0.03964703958706111,,1.483217348598353,
2026-04-15,HNT,0.0882672143436689,1.0161770998374633,38.12715247207784,0.004403772309327952,-0.05100385408338677,,1.4651980412332168,
2026-04-16,HNT,0.19476797773366172,1.0516890499227223,44.66708530858126,0.007420373308179309,0.5976904569236113,,1.652507420295582,
2026-04-17,HNT,0.22275308291593565,1.1601357800619811,58.94014835189104,0.01628362709672159,0.7508071313895253,,2.250972279393371,
2026-04-18,HNT,0.2298008623944968,1.0450936100391996,45.52468033557969,0.014047169998413885,0.771344388296128,,1.8499415866931963,
2026-04-19,HNT,0.22548716295756166,1.0804305626994999,49.339065242705864,0.014535695884733676,0.7225143848340729,,1.7437613441198374,
2026-04-20,HNT,0.12048718512778037,1.0491852726236772,46.254999960488156,0.012424326005562751,0.03851127611540304,,1.4681154157757759,
2026-04-21,HNT,0.5167059293149867,1.0330277673073682,44.699016270170425,0.009728622950259336,2.3407248318416523,,1.1862278869206975,
2026-04-22,HNT,0.2742400071655231,1.0269171195649895,44.094883793870736,0.007426977868643193,0.8530464032964543,,0.9600974189074425,
2026-04-23,HNT,0.2557523781582713,1.0001672400585824,41.45359618239233,0.004158901590171633,0.7228312673510636,,0.6686622496721976,
2026-04-24,HNT,0.139634208077242,1.0039713019698242,41.9857930105369,0.0023968051028650725,0.013753741930696315,,0.5086534760971022,
2026-04-25,HNT,0.15304450798828623,1.0159749862073635,43.72417649119597,0.0021888175199732338,0.09552439125573484,,0.48167790041829994,
2026-04-26,HNT,0.16970188795486893,0.9981127218559813,41.72076516703619,0.0010548545185304,0.19753090735052162,0.08723464844521538,0.37651625304500963,0.21813763338727615
2026-04-27,HNT,0.5174259645879269,0.9936133967189757,41.20857454026364,0.0002503396137613495,2.205500889136918,0.011935379433374891,0.3007940445592718,0.9760191828525613
2026-04-28,HNT,0.2395343765175915,0.9499011853225089,36.51799629257641,-0.002808554973021647,0.5295328611864231,-0.6701337262486735,0.026619480054153426,0.018758870616213206
2026-04-29,HNT,0.021851195773416585,0.9399762673419509,35.52914190755418,-0.004957471363655201,-0.7723486214082701,-0.7914292102922006,-0.1662458522313886,-0.5962419673203848
2026-04-30,HNT,-0.24535185947762803,0.9159655796388582,33.187793024364154,-0.007311003138771081,-2.203878917096966,-1.0964669889915062,-0.3772534583832477,-1.3236677010512126
2026-05-01,HNT,-0.1109855842751229,0.8939542573040206,31.160519619698462,-0.009525149766206192,-1.377237883189937,-1.3250615932019956,-0.5736168626565261,-1.1204986900335312
2026-05-02,HNT,-0.0726195384824276,0.887212925298028,30.545116071482823,-0.010539658406137839,-1.1261802947944453,-1.338059829402313,-0.6570067535505807,-1.0489920928036462
2026-05-03,HNT,-0.18355247763320803,0.9600199559177629,43.51899902665379,-0.0056484623002956424,-1.6688979700319564,0.5568523118119898,-0.1915379489637948,-0.557964879158324
2026-05-04,HNT,0.08019253988996147,0.9109464419497677,38.32282989318394,-0.005077347086767103,-0.21230340880083537,-0.2139075690387266,-0.13517723355743608,-0.18964680429918296
2026-05-05,HNT,0.05630886709062116,0.9394949974945233,42.61543686240691,-0.002278682247833605,-0.34109970760385006,0.42891525846896267,0.1347109440881447,0.032647977725592164
2026-05-06,HNT,0.24413342207930983,0.9509473362453509,44.290460669795394,0.0006836098679286473,0.7055717606656522,0.6703875536894571,0.4198434529957033,0.609298006271809
2026-05-07,HNT,-0.07125347740662284,0.9206458511472877,40.88956863326038,0.0009269825644966784,-1.05702070287289,0.13919012866756036,0.4381357720271944,-0.24961051094072959
2026-05-08,HNT,0.16453571243952025,0.9621662407292203,46.905643079233805,0.00403482271673633,0.27460700810888317,1.053864607520897,0.7364322562045884,0.6469318623611989
2026-05-09,HNT,0.08095001814946799,0.9525370313870587,45.742892437545734,0.0055016933743134155,-0.20129899792765926,0.8475891002051481,0.8673199400203339,0.4339531128965809
2026-05-10,HNT,-0.07327923007742926,0.9814402466091148,49.76804019642222,0.008309650204579654,-1.0681740764040135,1.417215067759128,1.1228520252166876,0.3347504973311392
2026-05-11,HNT,0.0846452095250405,0.9522313651770057,46.05004597782481,0.008083458508058805,-0.1552719622117881,0.818075323764273,1.075595977210067,0.5059926054075867
2026-05-12,HNT,0.1611344652026993,0.9093782201821922,41.188377771452345,0.00507820977652873,0.28754865975206745,0.056603527738422955,0.7619463785707823,0.36058443579358856
2026-05-13,HNT,0.457239342491954,0.8961610798172358,39.79297015367449,0.0023683683522514286,1.932509671819104,-0.1626660885602591,0.48316396936020073,0.8691532329676241
2026-05-14,HNT,0.1606141954371764,0.8833492477672729,38.43372649516132,6.204709673093833e-06,0.23518078009584836,-0.3757623356466526,0.2409839533352562,0.05363879734492043
2026-05-15,HNT,0.10451275296599435,0.8498663907626736,35.0629116964744,-0.0033334033766497656,-0.08757148057084191,-0.902923850380404,-0.10017444297211281,-0.3359580802340918
2026-05-16,HNT,0.3144626736896113,0.8241335667710578,32.68997267048117,-0.006608400427768564,1.1113044996854513,-1.2479900770842935,-0.4341098284057105,-0.06010817177282063
2026-05-17,HNT,-0.12013727445993573,0.8050682149312791,31.01520226887446,-0.009230655399032901,-1.3754578053105009,-1.4594367571181261,-0.6978579932571338,-1.1973715472367783
2026-05-18,HNT,0.10027295743953435,0.8326207005188238,36.10942749519871,-0.008310241334028051,-0.10536517791706401,-0.6364547466494763,-0.5942211839283152,-0.4113488503401631
2026-05-19,HNT,0.14805924030937365,0.7931235124343308,32.414131631673484,-0.009477613388690659,0.17076476139143634,-1.1945179967241926,-0.7077459798230616,-0.5023732884076018
2026-05-20,HNT,0.13404429438186188,0.8130632894360045,35.976251371454524,-0.008077644109678123,0.08785480557175056,-0.6159107101653452,-0.553335094637965,-0.31563181921229283
2026-05-21,HNT,-0.05327938807848841,0.8,34.68643118354173,-0.0072296717373363725,-1.0023684681466298,-0.8081780255149359,-0.45834070558621665,-0.7809030065889977
2026-05-22,HNT,-0.06897977136201225,0.774,32.21114770915308,-0.007581245206482831,-1.0753044470161013,-1.1760251048222212,-0.4909232942974831,-0.9302062985423519
2026-05-23,HNT,,,32.21114770915308,-0.006064996165186257,,-1.1466046716871525,-0.31645291964834377,
2026-03-24,HOOD,0.25607600156912386,69.08,,0.0,,,,
2026-03-25,HOOD,0.19022052068585002,72.54,,0.2208091168091187,,,,
2026-03-26,HOOD,0.18081581017395396,70.35,,0.20736886226572776,,,,
2026-03-27,HOOD,0.22951452802545103,66.02,,-0.08923223587812301,,,,
2026-03-28,HOOD,-0.014853491651273427,,,-0.07138578870249841,,,,
2026-03-29,HOOD,0.060060976747057536,,,-0.05710863096199874,,,,
2026-03-30,HOOD,0.10245916523310568,65.16,,-0.41991372665293636,,,,
2026-03-31,HOOD,0.1364496207007698,69.3,,-0.24709300387977473,,,,
2026-04-01,HOOD,0.22640200152898235,70.11,,-0.07308640955758852,,,,
2026-04-02,HOOD,0.11206494436196511,68.9,,-0.03620334932970676,,,,
2026-04-03,HOOD,0.09158491870072556,,,-0.028962679463765406,,,,
2026-04-04,HOOD,0.330821388207905,,,-0.023170143571012325,,,,
2026-04-05,HOOD,0.09490386314292153,,,-0.018536114856809865,,,,
2026-04-06,HOOD,0.25231557352391554,69.78,,0.11114622574684005,,,,
2026-04-07,HOOD,0.11483011258775683,69.65,,0.13157894908428353,,,,
2026-04-08,HOOD,0.1526129528745236,71.83,,0.2775082300365491,,,,
2026-04-09,HOOD,0.23473269349893855,70.12,,0.24556325834410314,,,,
2026-04-10,HOOD,0.03902394371196436,69.19,,0.15302284873324434,,,,
2026-04-11,HOOD,0.7042294261902571,,,0.12241827898659546,,,,
2026-04-12,HOOD,-0.13492006604745985,,,0.09793462318927637,-1.835507077237171,,0.42551430222189235,
2026-04-13,HOOD,0.4452053050736431,71.67,,0.26203574548488984,1.5365315565501692,,1.2923073166222643,
2026-04-14,HOOD,0.29725410357064436,79.09,,0.7643219645674513,0.6536821013158857,,3.0148788028471225,
2026-04-15,HOOD,0.4503083810751637,87.32,,1.5608126518432588,1.4462255170741924,,3.715532970978688,
2026-04-16,HOOD,0.364499254142564,86.85,,1.9411805591622582,0.9172902929457517,,3.289914845896415,
2026-04-17,HOOD,0.2929516047750496,90.75,87.52869065754648,2.3152501031408255,0.49375015422666485,,3.037659530605082,
2026-04-18,HOOD,0.574125,,87.52869065754648,1.8522000825126606,1.9269391904281228,,2.0809121076701267,
2026-04-19,HOOD,0.49869155530756687,,87.52869065754648,1.4817600660101284,1.4248795305043473,,1.470401217278829,
2026-04-20,HOOD,0.4113164857169782,91.275,87.52869065754648,2.1341476964907913,0.924691701965544,,2.1064534105771577,
2026-04-21,HOOD,0.17176466300895746,86.43,76.55552466969158,1.750847502707261,-0.35437069698005114,,1.5271448318908976,
2026-04-22,HOOD,0.006163091540470601,88.43,77.57401185285892,1.5132583049066977,-1.2046984140000783,,1.185601208448434,
2026-04-23,HOOD,0.2100365825818883,83.54,69.61134374577293,0.9363000293621306,-0.1011544936360597,,0.4761744579308619,
2026-04-24,HOOD,0.22540792372573984,84.71,70.39437356816572,0.5614779223157145,-0.01641487197541267,,0.015267161296460899,
2026-04-25,HOOD,-0.7465399639338255,,70.39437356816572,0.4491823378525712,-3.8647072464214975,,-0.12315045989382928,
2026-04-26,HOOD,0.29017987439879384,,70.39437356816572,0.35934587028205645,0.367416488027321,,-0.23355033165138311,
2026-04-27,HOOD,0.3641981935454089,83.95,70.39437356816572,0.027011946694972977,0.660245580870646,,-0.6480705335819178,
2026-04-28,HOOD,0.13519863760846618,82.07,66.68091098962583,-0.33044415640655167,-0.2919478501181973,,-1.0782602559507228,
2026-04-29,HOOD,0.016051403910732932,71.2,52.601175487409165,-1.2720773408916513,-0.778921247064128,,-2.1171578559776,
2026-04-30,HOOD,0.10837149153430241,,52.601175487409165,-1.017661872713321,-0.3803029679514175,,-1.708208168109565,
2026-05-01,HOOD,0.010372464150197337,,52.601175487409165,-0.814129498170657,-0.7855450745479071,,-1.4079416318953586,
2026-05-02,HOOD,0.043140213763093016,,52.601175487409165,-0.6513035985365261,-0.6325185523085542,,-1.179510999430789,
2026-05-03,HOOD,-0.010452187915872786,,52.601175487409165,-0.521042878829221,-0.8479195528074815,,-1.001879476381385,
2026-05-04,HOOD,0.4221885420808361,,52.601175487409165,-0.4168343030633772,1.0192082216954372,,-0.8617703955581102,
2026-05-05,HOOD,0.1072837963768701,,52.601175487409165,-0.33346744245070203,-0.35279410303991304,,-0.7501825782685517,
2026-05-06,HOOD,0.27198556332798673,,52.601175487409165,-0.2667739539605618,0.37003967940582255,-1.0566671636251177,-0.6606922846185278,-0.3671919627107646
2026-05-07,HOOD,0.27755380743615193,,52.601175487409165,-0.2134191631684499,0.3898876262903643,-1.0047589820600415,-0.5885448938985851,-0.32203611227144224
2026-05-08,HOOD,0.3032938138361754,,52.601175487409165,-0.1707353305347601,0.499059810207782,-0.9599192113312953,-0.5301295662244678,-0.2473907091836161
2026-05-09,HOOD,0.1494035583720853,,52.601175487409165,-0.13658826442780825,-0.19810239439873126,-0.920668944502499,-0.4826542519998627,-0.500237916710201
2026-05-10,HOOD,0.19765351396488645,,52.601175487409165,-0.10927061154224704,0.02325169234369922,-0.8859298652462793,-0.4439326648048521,-0.3896580820778597
2026-05-11,HOOD,0.30512861817919545,,52.601175487409165,-0.08741648923379808,0.5154738595330246,-0.8548946563400538,-0.4122376943771166,-0.17395016140194122
2026-05-12,HOOD,0.22520820339462644,,52.601175487409165,-0.0699331913870389,0.1401738156887048,-0.8269452248946507,-0.3861964810418493,-0.30787298550546804
2026-05-13,HOOD,0.24931120755283964,,52.601175487409165,-0.05594655310963148,0.2514605091122696,-0.8015992017673935,-0.3647129504051197,-0.24930944200684613
2026-05-14,HOOD,0.4100140269729161,,52.601175487409165,-0.044757242487705184,0.9983571621250058,-0.7784738435835651,-0.3469092558445844,0.061727935021557545
2026-05-15,HOOD,0.5210108949484148,,52.601175487409165,-0.03580579399016415,1.4807038301758313,-0.7572610199254093,-0.33208072725465104,0.2654790079163144
2026-05-16,HOOD,-0.2603529257650673,,52.601175487409165,-0.028644635192131673,-2.0874067133788694,-0.7377094746006204,-0.3196607589584681,-1.1521737554192744
2026-05-17,HOOD,0.39844150367259046,,52.601175487409165,-0.022915708153705694,0.8971373659570134,-0.7196119859064595,-0.3091931843356655,0.05021339531016793
2026-05-18,HOOD,0.3816416949082698,,52.601175487409165,-0.018332566522964555,0.8083562651797694,-0.7027959029013671,-0.30031039124159936,0.022410617829017862
2026-05-19,HOOD,0.2981540794864545,,52.601175487409165,-0.014666053218372,0.42202410033814586,-0.6871160561331454,-0.2927158987414126,-0.12513994632710904
2026-05-20,HOOD,0.18082679023675619,,52.601175487409165,-0.011732842574697866,-0.11770712250949504,-0.6724493692007597,-0.2861704354505921,-0.33466879039920355
2026-05-21,HOOD,0.39695016883319173,,52.601175487409165,-0.00938627405975856,0.8737956141338078,-0.6586907088505838,-0.2804807864299867,0.06776679706935199
2026-05-22,HOOD,0.2313214784389505,,52.601175487409165,-0.007509019247807114,0.10137387053230408,-0.64574965050776,-0.27549084086853276,-0.23582259919996618
2026-05-23,HOOD,,,52.601175487409165,-0.00600721539824578,,-0.633547929669726,-0.27331055795910164,
2026-03-24,HYPE,0.19171105313599113,40.3445369979774,,0.0,,,,
2026-03-25,HYPE,,40.29639192176115,,-0.00307250628844713,,,,
2026-03-26,HYPE,0.11328784215748311,39.113738269427486,,-0.08030441818301597,,,,
2026-03-27,HYPE,-0.105254189491272,38.66579908303588,,-0.15289859356145485,,,,
2026-03-28,HYPE,0.26919126547425987,39.44009357070401,,-0.14043183436924822,,,,
2026-03-29,HYPE,0.16312932175202297,37.81879254819647,,-0.22786529376401982,,,,
2026-03-30,HYPE,0.32529091202967103,36.80978681275867,,-0.33373626247759564,,,,
2026-03-31,HYPE,0.04942065980856617,36.56287633570781,,-0.3962177822679752,,,,
2026-04-01,HYPE,0.4363477251666288,36.019881659238756,,-0.44622059298116623,,,,
2026-04-02,HYPE,-0.25657153517582587,35.20553790484106,,-0.5020805978741659,,,,
2026-04-03,HYPE,-0.41088552230807646,35.611353725125355,,-0.479671428061616,,,,
2026-04-04,HYPE,0.02925026823788881,36.436971436511264,,-0.381495337412032,,,,
2026-04-05,HYPE,0.3351574198545577,36.85453048757789,,-0.26614840689074293,,,,
2026-04-06,HYPE,-0.061101505388940366,36.3254879012501,,-0.20588910230089275,,,,
2026-04-07,HYPE,-0.3954846204793797,38.6208997931379,50.682577370844356,-0.002597197470304402,,,,
2026-04-08,HYPE,0.632421047730092,38.779276017710394,51.72909876929162,0.1433131683693748,,,,
2026-04-09,HYPE,0.03144030387749273,39.46507933250082,56.07567330519527,0.2789415597838062,,,,
2026-04-10,HYPE,,41.615063129642884,66.31585283339348,0.49382035798247703,,,,
2026-04-11,HYPE,,42.25809292056594,68.66853746629747,0.6498116735030508,,,,
2026-04-12,HYPE,0.09444544489383697,40.87358525568378,59.09755297942454,0.6298423772184936,,,1.9848526567575209,
2026-04-13,HYPE,-0.0657228872872889,44.34256514008221,70.27629357283698,0.8089339004684624,,,2.126388493854138,
2026-04-14,HYPE,0.3928901424046234,43.56983604343085,65.95231251226306,0.8308649336156024,,,1.9265767463837091,
2026-04-15,HYPE,,44.660015850858954,68.86307155079784,0.8701339401871122,,,1.8151003920041846,
2026-04-16,HYPE,-0.290759752385815,43.8484258524662,64.44596760532966,0.7948617890090837,-1.293473346138483,,1.5279060106276094,
2026-04-17,HYPE,0.14678599351481536,44.650443715879256,66.71789307085324,0.7529083829878067,0.25215284002019045,,1.353368552680067,
2026-04-18,HYPE,0.021435598694626246,43.80427683463006,62.20178109819765,0.6271384573609753,-0.19860644459460416,,1.0455602462188003,
2026-04-19,HYPE,0.27466124191136493,40.67495231196553,48.9936484079854,0.30829186616354953,0.7185967567274211,,0.37315716812425853,
2026-04-20,HYPE,0.7366682895615697,40.736056355277086,49.220390416305364,0.08804606481636412,2.1412980559783863,,-0.09200929467186224,
2026-04-21,HYPE,,39.76084771999627,45.726659318829505,-0.12518875174586408,,,-0.5402864052911787,
2026-04-22,HYPE,0.3105106052815914,41.15870930991633,51.08619521531886,-0.17112196909633104,0.6637506447790771,,-0.6259372341766289,
2026-04-23,HYPE,0.16482087967097758,41.29982153341522,51.60573602335915,-0.18959867706422362,0.15646626594942234,,-0.6514839175466328,
2026-04-24,HYPE,-0.17662628013491632,41.16450291367113,51.04581602651551,-0.20710663419512665,-1.0090252890414102,,-0.674857222452345,
2026-04-25,HYPE,0.19622124127621451,41.50562763548018,52.446533358622744,-0.19221206211379815,0.30000500872696745,,-0.6278169899236108,
2026-04-26,HYPE,0.5518241863936186,42.470736257664825,56.2597350802625,-0.11752972559231267,1.4847921687845709,-0.20042309296822725,-0.4500775891222342,0.39876666288668994
2026-04-27,HYPE,,41.65213322339259,52.42012199391007,-0.12285298490933771,,-0.6551331642904112,-0.4544416625582562,
2026-04-28,HYPE,0.1099580624098579,40.135670519122804,46.13818783500742,-0.22229891469091978,-0.061249134283704834,-1.3503295433643596,-0.6721180760450719,-0.6312339395363114
2026-04-29,HYPE,0.3744067892249053,39.97696691545319,45.52333781946615,-0.2883703128742774,0.8561019351291764,-1.3357362279604779,-0.8085405441311059,-0.3008422575758045
2026-04-30,HYPE,-0.3458625055969116,39.70232547333732,44.42014210764557,-0.33680125707675707,-1.6190095018070996,-1.3761422175939209,-0.9005007624674839,-1.3305966947412613
2026-05-01,HYPE,-0.045707119427000474,41.149391476082194,51.13889549297073,-0.2609936912517238,-0.5646495057546238,-0.5678478756220126,-0.7075043777804828,-0.6084654783225981
2026-05-02,HYPE,-0.04364160279378296,41.254903688958194,51.598337417685634,-0.19630976344717255,-0.5468191007348406,-0.5006569429064538,-0.5447580518988223,-0.5323521387355191
2026-05-03,HYPE,0.2520509953738004,41.52917526736465,52.83972230543227,-0.13077149671802113,0.49396741494580526,-0.34267767727496456,-0.38213138402548186,-0.019855752411811797
2026-05-04,HYPE,,41.79885599395257,54.08664349326738,-0.06812829388565722,,-0.1850863761909869,-0.22733809389546036,
2026-05-05,HYPE,-0.3548492273361422,43.73969297526432,61.89513154562129,0.09622104499092615,-1.5982232108234375,0.7761182450847299,0.17395217586283507,-0.35426815804510553
2026-05-06,HYPE,0.1484850022849813,43.09566751291921,58.34896039553124,0.15052316597716503,0.1626453474365338,0.32053763737401414,0.30500732044742346,0.25272162632104483
2026-05-07,HYPE,-0.391644429172203,42.51703265156225,55.28424048338443,0.13683321849425945,-1.6648544837268977,-0.07308483378588168,0.2674713874947766,-0.6076258273780907
2026-05-08,HYPE,0.1830013628515725,43.25987864783791,58.31152052497052,0.165266759919188,0.318313184154321,0.31805217420945564,0.33553886378845904,0.3234025850611028
2026-05-09,HYPE,0.07035893932967446,42.924846818989984,56.45513819838136,0.14944763384212084,-0.07506153202685219,0.07018540779076983,0.291647575634883,0.07852528221695498
2026-05-10,HYPE,0.1939173060182482,43.00219305386293,56.797089184468305,0.1326974410689093,0.35815052434199623,0.11467688626585816,0.24559430632115237,0.25134156751290165
2026-05-11,HYPE,0.4247988054953826,42.01182246593716,51.24770715486779,0.04780010895190934,1.1524695220979049,-0.6334224313327076,0.023421572668679003,0.27798755123995333
2026-05-12,HYPE,-0.7416667246110737,40.24052838002612,43.130908509038825,-0.1253057308195324,-2.699209262397874,-1.660803624631043,-0.4287958659982961,-1.7065635521479514
2026-05-13,HYPE,-0.8533884671628476,38.83031978307199,37.97416077571426,-0.3212952306904004,-2.7456865291896673,-2.1628331524991102,-0.9333393235102226,-2.027126354478667
2026-05-14,HYPE,,44.1544777058977,58.263112009336695,-0.09084983653456019,,0.4081458058002073,-0.31538643660230165,
2026-05-15,HYPE,0.12052796687819065,44.15699503360837,58.27006238367425,0.055388754122872585,0.17668038522815593,0.4030136757136272,0.07740424042813546,0.21479752893379114
2026-05-16,HYPE,0.4989754944317043,41.8227893009519,49.961798966068955,-0.00806836574183245,1.2867005968147063,-0.6642273963484122,-0.09413680331731791,0.28717097882616355
2026-05-17,HYPE,0.6928668318165466,45.69696487091983,60.124250434609465,0.19659061286075896,1.7845226891670332,0.6539902231114902,0.46208465426693524,1.0486315388803409
2026-05-18,HYPE,0.5404371410080543,47.72839496025024,64.22686794052146,0.4405232245116444,1.298819480361959,1.1606851713626951,1.1130768406476057,1.2016563957478739
2026-05-19,HYPE,0.28176574361026285,48.058705520903,64.85994971254937,0.586718922186049,0.5382270181190528,1.2074778758959241,1.4729846495473151,1.0194295648805929
2026-05-20,HYPE,0.33048124592453243,54.845278122602615,74.7480111496557,1.074677504959224,0.6713051624154256,2.3071158511262864,2.6054121566043946,1.7422804672853744
2026-05-21,HYPE,0.3238443589518113,58.54273569789354,78.32632703884043,1.5516773361745135,0.6427027934332419,2.5111457369068946,3.3965946038959562,2.029403219614152
2026-05-22,HYPE,-0.34493275205558166,55.11990251508631,68.63084020152947,1.538866406456935,-1.306848612779561,1.3504193710605004,3.058183328567575,0.7998413647765981
2026-05-23,HYPE,,,68.63084020152947,1.2310931251655477,,1.3105542781657793,2.249958785571501,
2026-03-24,IEF,-0.7506,94.86,,0.0,,,,
2026-03-25,IEF,,95.36,,0.03190883190883369,,,,
2026-03-26,IEF,0.7216,94.59,,0.0010236280549725044,,,,
2026-03-27,IEF,-0.24955,94.6,,-0.017825162748540152,,,,
2026-03-28,IEF,0.8943,,,-0.014260130198832122,,,,
2026-03-29,IEF,0.9652,,,-0.011408104159065697,,,,
2026-03-30,IEF,-0.6908,95.27,,0.03214549493287178,,,,
2026-03-31,IEF,0.1027,95.44,,0.056228635964108084,,,,
2026-04-01,IEF,0.9357,95.04,,0.042671466648236206,,,,
2026-04-02,IEF,,95.26,,0.04570246390140317,,,,
2026-04-03,IEF,,,,0.03656197112112254,,,,
2026-04-04,IEF,,,,0.029249576896898027,,,,
2026-04-05,IEF,,,,0.02339966151751842,,,,
2026-04-06,IEF,,95.01,,0.00793225382423296,,,,
2026-04-07,IEF,,95.25,,0.015353731289596287,,,,
2026-04-08,IEF,,95.46,,0.03196703308870151,,,,
2026-04-09,IEF,,95.43,,0.038081596921583194,,,,
2026-04-10,IEF,,95.27,,0.028912127692817702,,,,
2026-04-11,IEF,,,,0.023129702154254153,,,,
2026-04-12,IEF,,,,0.018503761723403317,,,-0.11835617269774876,
2026-04-13,IEF,,95.48,,0.03336229637604468,,,0.577699106854078,
2026-04-14,IEF,,95.79,,0.05243914671195049,,,1.4034687530366414,
2026-04-15,IEF,,95.58,,0.04709431134870368,,,1.0925579388784117,
2026-04-16,IEF,,95.41,,0.029167990708506147,,,0.2389858537236202,
2026-04-17,IEF,,95.93,79.95566926478124,0.04826327447369011,,,1.1084854032121474,
2026-04-18,IEF,,,79.95566926478124,0.038610619578952066,,,0.6276455956471134,
2026-04-19,IEF,,,79.95566926478124,0.030888495663161653,,,0.24738452138859554,
2026-04-20,IEF,,95.84,79.95566926478124,0.04606636136737627,,,0.9639752178481192,
2026-04-21,IEF,0.22807285959124562,95.42,71.60635898720231,0.015499686119536837,,,-0.5385734800087579,
2026-04-22,IEF,,95.52,72.21265587049852,0.00017661102715210708,,,-1.2500796835290753,
2026-04-23,IEF,,95.37,69.8048268464517,-0.020743628375571227,,,-2.07822228619606,
2026-04-24,IEF,,95.56,71.11847619724013,-0.022330103791285916,,,-1.976658409755532,
2026-04-25,IEF,,,71.11847619724013,-0.01786408303302875,,,-1.6722624252202158,
2026-04-26,IEF,,,71.11847619724013,-0.014291266426423005,,,-1.4477063574085955,
2026-04-27,IEF,,95.34,71.11847619724013,-0.03781076103201486,,,-2.2161205553674157,
2026-04-28,IEF,,95.25,69.20034704642067,-0.05184608050387443,,,-2.4732028492164897,
2026-04-29,IEF,,94.8,61.87743288006862,-0.08800155495154868,,,-3.1558806512568776,
2026-04-30,IEF,,94.98,63.53947953175992,-0.09572048273507983,,,-2.9262825202976064,
2026-05-01,IEF,,94.74,59.7961528052005,-0.11179654748863568,,,-2.918074699321479,
2026-05-02,IEF,,,59.7961528052005,-0.08943723799090855,,,-2.1902390185267797,
2026-05-03,IEF,,,59.7961528052005,-0.07154979039272684,,,-1.689891786397417,
2026-05-04,IEF,,94.39,59.7961528052005,-0.13077403447604496,,,-2.7031802876173283,
2026-05-05,IEF,,94.53,61.57243700442346,-0.12934939833288378,,,-2.443362939284723,
2026-05-06,IEF,,95.0,65.9983322379108,-0.09140642685335315,,-0.4090006470365842,-1.636830775695676,
2026-05-07,IEF,,94.71,61.306428172239976,-0.08085659429044614,,-1.0040926300641733,-1.389439120891814,
2026-05-08,IEF,,94.96,63.70208463464204,-0.05338346316737638,,-0.6524897680338861,-0.8593458053737393,
2026-05-09,IEF,,,63.70208463464204,-0.04270677053390111,,-0.6327026153096008,-0.6493001928185493,
2026-05-10,IEF,,,63.70208463464204,-0.034165416427120884,,-0.6146315571699755,-0.4819970525229946,
2026-05-11,IEF,,94.64,63.70208463464204,-0.04507341262314443,,-0.5980404425011266,-0.6791278889791446,
2026-05-12,IEF,,94.32,57.565883376905575,-0.06169341051145627,,-1.401238923048515,-0.9772425968316015,
2026-05-13,IEF,0.3818,94.32,57.565883376905575,-0.06766856230060822,,-1.326804688877031,-1.0683283385564597,
2026-05-14,IEF,0.875,94.26,56.59975966363804,-0.07033333293713687,,-1.382753891249341,-1.0952354144587353,
2026-05-15,IEF,,93.51,46.16906281217734,-0.11465741326129378,,-2.4419038189351845,-1.855663522783443,
2026-05-16,IEF,,,46.16906281217734,-0.091725930609035,,-2.1876432816583247,-1.3900615112145698,
2026-05-17,IEF,,,46.16906281217734,-0.07338074448722798,,-1.999512864428665,-1.032483013400187,
2026-05-18,IEF,,93.47,46.16906281217734,-0.1313143005933997,,-1.8530588513107857,-2.000772846128111,
2026-05-19,IEF,-0.8271,93.11,41.25990562889919,-0.15518596653163075,,-2.14557464419181,-2.2886457545705308,
2026-05-20,IEF,0.9136,93.74,49.50553730822205,-0.1189949956416837,,-1.292976658382061,-1.6151933820237396,
2026-05-21,IEF,,93.8,50.22220907404454,-0.08315997280206922,,-1.1815105763520057,-0.9930042768379422,
2026-05-22,IEF,,93.885,51.27722951454014,-0.047641602421371165,,-1.0491432248193286,-0.38957948676417714,
2026-05-23,IEF,,,51.27722951454014,-0.038113281937096954,,-1.0197835456084046,-0.2169787815859917,
2026-03-24,INTC,0.22931294784537815,44.06,,0.0,,,,
2026-03-25,INTC,0.30051530273227,47.18,,0.19911111111110813,,,,
2026-03-26,INTC,0.06681381589928954,44.1,,0.11646014561570155,,,,
2026-03-27,INTC,0.23882253990265515,43.13,,-0.004071296246692113,,,,
2026-03-28,INTC,0.2640467837930984,,,-0.0032570369973536906,,,,
2026-03-29,INTC,0.20220383444201992,,,-0.0026056295978829636,,,,
2026-03-30,INTC,0.20651044638671,41.19,,-0.2954330156522778,,,,
2026-03-31,INTC,0.0649070691547432,44.13,,-0.1879047896001332,,,,
2026-04-01,INTC,0.1380813237137278,48.03,,0.1386360031896282,,,,
2026-04-02,INTC,0.14694897139381782,50.38,,0.48609846347909247,,,,
2026-04-03,INTC,0.09625219493062563,,,0.388878770783274,,,,
2026-04-04,INTC,0.1984563163111613,,,0.31110301662661916,,,,
2026-04-05,INTC,0.2301997648339504,,,0.2488824133012953,,,,
2026-04-06,INTC,0.15127594991343007,50.78,,0.765493061942095,,,,
2026-04-07,INTC,0.1445947994893394,52.91,,0.939732050857492,,,,
2026-04-08,INTC,0.1441134155018654,58.95,,1.3780699688362958,,,,
2026-04-09,INTC,0.21297848714843592,61.72,,1.7471369202284075,,,,
2026-04-10,INTC,0.20085649941264935,62.38,,1.9148017232134755,,,,
2026-04-11,INTC,0.208875298909138,,,1.53184137857078,,,,
2026-04-12,INTC,0.24051438481229373,,,1.2254731028566237,0.8858742458613545,,1.0035368980728938,
2026-04-13,INTC,0.2897962591307272,65.18,,1.8590990971850134,1.5225813787832356,,1.7370948717374943,
2026-04-14,INTC,0.312032765379093,63.81,,1.7242204442847626,1.6851543819739558,,1.4359019465065703,
2026-04-15,INTC,0.10988120651751153,64.94,,1.588401719110733,-1.1589743943856423,,1.1850371917804916,
2026-04-16,INTC,0.22273813060123615,68.5,,1.6105702511095883,0.4381912355168357,,1.153628835017434,
2026-04-17,INTC,0.2743968004750805,68.5,91.7194623371447,1.4997383255254384,1.131732644808147,,0.9675455130531835,
2026-04-18,INTC,0.3490178684405599,,91.7194623371447,1.1997906604203505,1.980639046826214,,0.5570827844014414,
2026-04-19,INTC,0.22432313062263878,,91.7194623371447,0.9598325283362801,0.2981891419931535,,0.23121227185379892,
2026-04-20,INTC,0.2226921778528538,65.7,91.7194623371447,0.7823496090829973,0.2707005994678678,,-0.010758764933081472,
2026-04-21,INTC,0.25719247937242656,66.26,91.89131211482297,0.5287425734065128,0.7312653267272294,,-0.35644300201874113,
2026-04-22,INTC,0.2601878059480759,65.27,89.02492098609115,0.22726290259087278,0.7530460922198431,,-0.7616148040737587,
2026-04-23,INTC,0.3258779663664449,66.78,89.55984767842861,0.07060783545135152,1.5827668766132899,,-0.9537086129816175,
2026-04-24,INTC,0.35599599512824026,82.54,93.25500094213122,0.9221789215191132,1.850964423942491,,0.2548050941800686,
2026-04-25,INTC,0.2875865116874885,,93.25500094213122,0.7377431372152898,0.9237915047130967,,-0.011729811244506312,
2026-04-26,INTC,0.3101331348381238,,93.25500094213122,0.590194509772231,1.1771765250279482,,-0.2250519659962822,
2026-04-27,INTC,0.18911119894374243,84.99,93.25500094213122,1.735013445302302,-0.40095536354871364,,1.4159499125950308,
2026-04-28,INTC,0.215184682729037,84.52,91.949564665945,1.7972728764033725,-0.05447587550454124,,1.4407246453020017,
2026-04-29,INTC,0.2229028361449609,94.75,93.64802790688825,2.329449747506013,0.048699816835764825,,2.0447082210965375,
2026-04-30,INTC,0.2704232109273022,,93.64802790688825,1.8635597980048093,0.683566118159278,,1.3516195041849022,
2026-05-01,INTC,0.30451508064789506,,93.64802790688825,1.4908478384038464,1.1181878014759326,,0.8279966938848208,
2026-05-02,INTC,0.232389698383117,,93.64802790688825,1.1926782707230767,0.12926154692229525,,0.4160835232897127,
2026-05-03,INTC,0.41338894205058613,,93.64802790688825,0.9541426165784603,2.406023672107733,,0.08689772989096169,
2026-05-04,INTC,0.3002347481097384,,93.64802790688825,0.7633140932627676,0.9189561175289725,,-0.17676157384645047,
2026-05-05,INTC,0.35335299509130946,,93.64802790688825,0.6106512746102144,1.5432104723346751,,-0.3867921260170756,
2026-05-06,INTC,0.32140041911585665,,93.64802790688825,0.4885210196881715,1.1066500653938072,0.7734630237736821,-0.552455323704395,0.508962336178309
2026-05-07,INTC,0.2988536394387417,,93.64802790688825,0.3908168157505365,0.8049612953163956,0.744684881216362,-0.6814696426807145,0.3409490896872525
2026-05-08,INTC,0.3586777869220041,,93.64802790688825,0.3126534526004292,1.5108716456361984,0.7189376279537946,-0.7804376907876289,0.5858986394043291
2026-05-09,INTC,0.331474855490767,,93.64802790688825,0.250122762080343,1.1399797196522319,0.6957204192593441,-0.855012463103283,0.40820427470771115
2026-05-10,INTC,0.17370284515011938,,93.64802790688825,0.20009820966427405,-0.8207832862220025,0.674641540438775,-0.9099825445699162,-0.3989156157281434
2026-05-11,INTC,0.1329349581797523,,93.64802790688825,0.1600785677314196,-1.2957893811947196,0.6553895613133474,-0.9493466498099519,-0.6065028790268692
2026-05-12,INTC,0.23555007855198762,,93.64802790688825,0.12806285418513497,-0.016306320864967937,0.63771330348755,-0.9763969801015517,-0.10812763133018771
2026-05-13,INTC,0.25729613354394854,,93.64802790688825,0.10245028334810691,0.25495804912129355,0.6214076037957231,-0.9938104328637369,-0.009737629071886689
2026-05-14,INTC,0.30963663905142513,,93.64802790688825,0.08196022667848446,0.9043057537976217,0.6063029895858172,-1.0037410423142585,0.2424908857005163
2026-05-15,INTC,0.30362755408470915,,93.64802790688825,0.06556818134278686,0.8147217900405413,0.5922580549694605,-1.0079074854917123,0.20119388685954104
2026-05-16,INTC,0.2472593412201276,,93.64802790688825,0.05245454507422842,0.09362204106380886,0.5791537401883528,-1.0076717227655005,-0.09110657834762079
2026-05-17,INTC,0.28260679967522123,,93.64802790688825,0.041963636059382026,0.5431056795155644,0.5668889765060398,-1.0041070251400295,0.08607685721602887
2026-05-18,INTC,0.2516021556291483,,93.64802790688825,0.03357090884750491,0.13930159208524456,0.5553773270577017,-0.9980552080138092,-0.07708272745273442
2026-05-19,INTC,0.3154119359860272,,93.64802790688825,0.026856727078003573,0.958698133938654,0.5445443649559464,-0.99017382115237,0.24979041671653457
2026-05-20,INTC,0.27586243448891307,,93.64802790688825,0.021485381662401437,0.4357880336820067,0.5343256045587631,-0.9809744911743333,0.04032054748813163
2026-05-21,INTC,0.17813769739986715,,93.64802790688825,0.01718830532992044,-0.8419770199706335,0.5246648529209904,-0.9708537464033984,-0.4706474760329758
2026-05-22,INTC,-0.10825968084640727,,93.64802790688825,0.013750644263936351,-3.934011103655735,0.5155128840477541,-0.9601176090779632,-1.7069858589713567
2026-05-23,INTC,,,93.64802790688825,0.01100051541114766,,0.5068263637328996,-0.964651024878287,
2026-03-24,IWM,0.06954560627109807,248.78,,0.0,,,,
2026-03-25,IWM,0.05027899424501766,251.82,,0.19400569800568518,,,,
2026-03-26,IWM,-0.022083245608330224,247.44,,0.02547106598159643,,,,
2026-03-27,IWM,-0.08352428366691761,243.1,,-0.3589673045897898,,,,
2026-03-28,IWM,-0.08106930608234059,,,-0.28717384367183185,,,,
2026-03-29,IWM,0.3913853791204654,,,-0.22973907493746548,,,,
2026-03-30,IWM,-0.1313839280990024,239.61,,-0.9495754361239015,,,,
2026-03-31,IWM,0.376911369048059,248.0,,-0.5745516093031318,,,,
2026-04-01,IWM,0.4379804452536318,249.56,,-0.20484956965794066,,,,
2026-04-02,IWM,0.1363945889491549,251.29,,0.1534523815189438,,,,
2026-04-03,IWM,0.03870429641415055,,,0.12276190521515506,,,,
2026-04-04,IWM,-0.07408592131659389,,,0.09820952417212403,,,,
2026-04-05,IWM,-0.11538478184808047,,,0.07856761933769929,,,,
2026-04-06,IWM,-0.07177787027479365,252.36,,0.6104044879760596,,,,
2026-04-07,IWM,-0.1023857050714298,252.91,,0.734987117581833,,,,
2026-04-08,IWM,0.020721730997053284,260.47,,1.2583432804894148,,,,
2026-04-09,IWM,-0.15592946800142526,261.96,,1.6139665354326111,,,,
2026-04-10,IWM,0.13513313051382234,261.3,,1.7049291611123873,,,,
2026-04-11,IWM,-0.26985444252043966,,,1.3639433288899097,,,,
2026-04-12,IWM,0.11182280264943838,,,1.0911546631119275,0.41423788604636735,,1.0288077625163707,
2026-04-13,IWM,0.15875178905568,265.07,,1.7169516497502215,0.6389979240103748,,1.6825118365368426,
2026-04-14,IWM,0.3368501108056933,268.72,,1.9422812975710655,1.4689105794252577,,1.76836876708573,
2026-04-15,IWM,-0.03633903567258802,269.39,,2.001423429602319,-0.4477617449357798,,1.675889652888079,
2026-04-16,IWM,0.05372096507906913,269.95,,1.9417205261727815,0.025771163251533526,,1.4938037006715033,
2026-04-17,IWM,0.23197864843898142,275.78,90.59266902681901,2.142551096249731,0.9471089100584976,,1.5871865215921688,
2026-04-18,IWM,0.1918734242398478,,90.59266902681901,1.7140408769997846,0.7097749320641369,,1.083656770204975,
2026-04-19,IWM,-0.3096495164060344,,90.59266902681901,1.371232701599828,-1.8440641954542543,,0.7014215686084644,
2026-04-20,IWM,-0.0669321323636387,277.35,90.59266902681901,1.9553925297441008,-0.5776365091905108,,1.261387628334989,
2026-04-21,IWM,0.08588617751184437,274.51,83.10330669862694,1.6482179625822235,0.21687553153421027,,0.9078445979253636,
2026-04-22,IWM,0.21338409092815386,276.48,83.91289427992812,1.4428591680301803,0.8681974846416908,,0.6741399706064112,
2026-04-23,IWM,0.23165692827449336,275.52,81.85465811089503,1.1218074517102288,0.9360828398373068,,0.32593822246840937,
2026-04-24,IWM,0.07925757043562828,276.65,82.4018326026618,0.8758938061310593,0.11958093844366152,,0.058772150844656625,
2026-04-25,IWM,0.069433627506271,,82.4018326026618,0.7007150449048467,0.06522997257868142,,-0.13200106028661643,
2026-04-26,IWM,-0.12729043863281606,,82.4018326026618,0.5605720359238768,-0.9903004687656253,,-0.2841537316179255,
2026-04-27,IWM,-0.19830671710943185,277.14,82.4018326026618,0.5096266254796724,-1.3260939171255581,,-0.3365599875131211,
2026-04-28,IWM,0.004936151674818245,273.91,73.8409105375435,0.06482632683047562,-0.21533340519189206,,-0.8275836800195256,
2026-04-29,IWM,-0.09531542341933937,272.08,70.21395742897477,-0.3983224825266536,-0.7529471386991748,,-1.310585034535691,
2026-04-30,IWM,0.04125883074432611,277.97,74.5473394013462,-0.3551125348398525,0.006121747285091837,,-1.2190758787361493,
2026-05-01,IWM,-0.22089585475623608,279.28,75.40440141536095,-0.28826739188206574,-1.4129767658584298,,-1.1100496694380229,
2026-05-02,IWM,-0.23315745522528886,,75.40440141536095,-0.2306139135056533,-1.4234272220288502,,-1.018008994453986,
2026-05-03,IWM,,,75.40440141536095,-0.18449113080452317,,,-0.9434907878535771,
2026-05-04,IWM,,277.88,75.40440141536095,-0.24877427484497616,,,-0.9917807285595707,
2026-05-05,IWM,0.09777299354157985,282.56,78.82984208129479,-0.09179403435357525,0.3831632681336521,,-0.7989758423440826,
2026-05-06,IWM,0.3192561738765,286.8,80.94032042562954,0.22192164024060723,1.542227720609751,-0.016408951600857483,-0.43738025926853685,0.48075432498308224
2026-05-07,IWM,-0.07117045648656786,282.26,72.59508315063164,0.05660566178033655,-0.5706036436650674,-1.2746166118996203,-0.6169900667343591,-0.7957234610562207
2026-05-08,IWM,-0.07498463095087898,284.17,73.81811261036665,0.01120297620404731,-0.5825307421305231,-1.0288910496390928,-0.6588947267530301,-0.739348029769846
2026-05-09,IWM,-0.14438299480655364,,73.81811261036665,0.008962380963237315,-0.9451530626488417,-0.9838751745364412,-0.6514804042040215,-0.8686678986816755
2026-05-10,IWM,0.11884777019110819,,73.81811261036665,0.007169904770589319,0.5026537148522091,-0.944366322674616,-0.6439539941103131,-0.27543460909459505
2026-05-11,IWM,-0.08315655582558365,285.33,73.81811261036665,0.11108567388482449,-0.6139541421571268,-0.9093207980497825,-0.515214502334729,-0.6729422469782043
2026-05-12,IWM,-0.06448529786129947,282.57,67.92615130502116,-0.18593143682177704,-0.5025931273499861,-1.6979505857198307,-0.8516857332616503,-0.9659281466344387
2026-05-13,IWM,0.4461197985932995,282.67,68.00734539025574,-0.4165693306007281,2.232632281499665,-1.571563639188241,-1.1006532188454992,0.09138785518974407
2026-05-14,IWM,0.0857743831812404,284.45,69.48798346735698,-0.4853484767041145,0.28223265016680865,-1.2872410204570828,-1.155154821570805,-0.6198256925416429
2026-05-15,IWM,0.09613180285179364,277.6,58.30495666371658,-0.9987124103908034,0.33508398340189083,-2.5063860152134176,-1.6945206968055726,-1.1262384202449407
2026-05-16,IWM,-0.19897357064545154,,58.30495666371658,-0.7989699283126424,-1.2568370353002123,-2.2352249831741218,-1.421608549283385,-1.599784873857337
2026-05-17,IWM,-0.1232074470576644,,58.30495666371658,-0.6391759426501142,-0.828855384038437,-2.036844819992071,-1.2104321367610313,-1.3057252406413054
2026-05-18,IWM,0.4463265752548533,275.97,58.30495666371658,-1.3388091440224699,2.169830306310892,-1.8836021041930733,-1.9210513684220412,-0.27346391926017743
2026-05-19,IWM,0.12310366989235792,273.0,53.302305056885096,-1.763351874967003,0.457228727026096,-2.192296644805685,-2.2590752228265116,-1.1525200694792206
2026-05-20,IWM,0.004775728612870442,279.87,60.22929569383311,-1.5445035884164238,-0.170945219066698,-1.428562695609687,-1.9396777638284532,-1.0788502254581211
2026-05-21,IWM,0.49255020463519783,282.49,62.51309521512158,-1.2015675005920388,2.3066737537164514,-1.1622685022649057,-1.536956095891976,0.11290212203951622
2026-05-22,IWM,0.08511744624988643,285.095,64.68454891220608,-0.7970515088794432,0.2067380982857568,-0.9248901008409656,-1.1006110317306343,-0.5249551004571772
2026-05-23,IWM,,,64.68454891220608,-0.6376412071035547,,-0.9019963958747905,-0.9201818920889907,
2026-03-24,JETS,-0.02730354075152176,24.83,,0.0,,,,
2026-03-25,JETS,0.15893534290787603,25.3,,0.02999430199430151,,,,
2026-03-26,JETS,-0.010050536943660612,25.01,,0.02864631293577247,,,,
2026-03-27,JETS,-0.07047527314945082,24.13,,-0.0299934655338526,,,,
2026-03-28,JETS,-0.037449662832304116,,,-0.023994772427082083,,,,
2026-03-29,JETS,0.19989033584060967,,,-0.019195817941665666,,,,
2026-03-30,JETS,0.30727321372262917,23.64,,-0.12229670708510791,,,,
2026-03-31,JETS,-0.03503418392170487,24.63,,-0.08429319317385951,,,,
2026-04-01,JETS,0.036244395288073356,25.27,,-0.014707225971980431,,,,
2026-04-02,JETS,-0.10409958630679318,24.93,,0.008518409914229481,,,,
2026-04-03,JETS,-0.1296837298524023,,,0.006814727931383588,,,,
2026-04-04,JETS,-0.23742960770236624,,,0.005451782345106876,,,,
2026-04-05,JETS,-0.12772747216291588,,,0.004361425876085505,,,,
2026-04-06,JETS,-0.11910293910563213,24.99,,0.037232267765450675,,,,
2026-04-07,JETS,-0.02694689526968823,24.79,,0.03069126890096395,,,,
2026-04-08,JETS,-0.014255277389130173,26.19,,0.11465274311638413,,,,
2026-04-09,JETS,0.013212402424135988,26.11,,0.15622655567231916,,,,
2026-04-10,JETS,0.07275818248773867,25.89,,0.15976269027767398,,,,
2026-04-11,JETS,,,,0.12781015222213918,,,,
2026-04-12,JETS,,,,0.10224812177771134,,,1.0280907283898297,
2026-04-13,JETS,,25.81,,0.11556934639581473,,,1.138955433134859,
2026-04-14,JETS,,26.95,,0.17590055762497253,,,1.7498210123251723,
2026-04-15,JETS,,27.02,,0.2071164454427007,,,1.9075922546590833,
2026-04-16,JETS,,26.63,,0.18861883855183814,,,1.562511427846178,
2026-04-17,JETS,,27.92,82.57647953089821,0.2467152261340818,,,1.981449548453072,
2026-04-18,JETS,,,82.57647953089821,0.19737218090726538,,,1.3780146413957013,
2026-04-19,JETS,,,82.57647953089821,0.1578977447258123,,,0.9375270588219915,
2026-04-20,JETS,,27.55,82.57647953089821,0.20517668027451386,,,1.3501744496063357,
2026-04-21,JETS,,26.75,72.76263446867112,0.13653514098680963,,,0.6390979546283936,
2026-04-22,JETS,,25.88,65.3504390987703,0.02593556654474405,,,-0.48295826750313864,
2026-04-23,JETS,,25.72,64.05803750239329,-0.05991325011230941,,,-1.3112860047312411,
2026-04-24,JETS,,26.0,65.34949832079008,-0.09753210796798728,,,-1.597838462856713,
2026-04-25,JETS,,,65.34949832079008,-0.07802568637438989,,,-1.3422293614342762,
2026-04-26,JETS,,,65.34949832079008,-0.06242054909951189,,,-1.1476778417075046,
2026-04-27,JETS,,25.53,65.34949832079008,-0.1488866540259962,,,-1.8580895834547986,
2026-04-28,JETS,,25.28,62.64619452949121,-0.1904851326134655,,,-2.072717308395125,
2026-04-29,JETS,,24.93,59.6162708690615,-0.23241317247086907,,,-2.2344605896250367,
2026-04-30,JETS,,,59.6162708690615,-0.1859305379766953,,,-1.744025233023046,
2026-05-01,JETS,,,59.6162708690615,-0.14874443038135626,,,-1.3872677066855152,
2026-05-02,JETS,,,59.6162708690615,-0.11899554430508502,,,-1.1167139987064945,
2026-05-03,JETS,,,59.6162708690615,-0.09519643544406803,,,-0.9064718857233452,
2026-05-04,JETS,,,59.6162708690615,-0.07615714835525444,,,-0.7406582732589461,
2026-05-05,JETS,,,59.6162708690615,-0.06092571868420357,,,-0.6086712710508032,
2026-05-06,JETS,,,59.6162708690615,-0.048740574947362864,,-0.7997906098644025,-0.502991430343056,
2026-05-07,JETS,,,59.6162708690615,-0.0389924599578903,,-0.7692579774069285,-0.41805235174133737,
2026-05-08,JETS,,,59.6162708690615,-0.03119396796631224,,-0.7420196288385583,-0.3496100085617842,
2026-05-09,JETS,,,59.6162708690615,-0.024955174373049796,,-0.7175188433843585,-0.294363400203461,
2026-05-10,JETS,,,59.6162708690615,-0.019964139498439837,,-0.695322759019448,-0.24971067709511274,
2026-05-11,JETS,,,59.6162708690615,-0.01597131159875187,,-0.6750889917352568,-0.2135830388523928,
2026-05-12,JETS,,,59.6162708690615,-0.012777049279001501,,-0.6565426404584934,-0.18432609540236589,
2026-05-13,JETS,,,59.6162708690615,-0.010221639423201201,,-0.6394600611928221,-0.16061193507601518,
2026-05-14,JETS,0.32453333333333334,,59.6162708690615,-0.008177311538560966,,-0.6236571735290473,-0.1413721425066972,
2026-05-15,JETS,0.4037,,59.6162708690615,-0.006541849230848773,2.219470641605681,-0.6089808745785892,-0.12574577140204007,0.6673702628480835
2026-05-16,JETS,,,59.6162708690615,-0.005233479384679024,,-0.5953026286574322,-0.11303838587690121,
2026-05-17,JETS,-0.8519,,59.6162708690615,-0.004186783507743222,-3.3147185759249553,-0.5825136092914491,-0.10268952074161325,-1.5314483693799008
2026-05-18,JETS,,,59.6162708690615,-0.003349426806194586,,-0.570520967630663,-0.09424667293780173,
2026-05-19,JETS,0.12445000000000003,,59.6162708690615,-0.002679541444955677,0.5279184767278718,-0.5592449308085081,-0.08734442993448721,0.01719058246825017
2026-05-20,JETS,,,59.6162708690615,-0.002143633155964539,,-0.5486165203629617,-0.08168767671365464,
2026-05-21,JETS,,,59.6162708690615,-0.001714906524771631,,-0.5385757398238329,-0.07703806156849276,
2026-05-22,JETS,,,59.6162708690615,-0.0013719252198173132,,-0.5290701214402171,-0.07320307665675715,
2026-05-23,JETS,,,59.6162708690615,-0.0010975401758538533,,-0.5200535507782824,-0.07042726853590975,
2026-03-24,JNJ,0.2632534017209057,235.27,,0.0,,,,
2026-03-25,JNJ,0.24135031141862825,239.93,,0.29739031339029226,,,,
2026-03-26,JNJ,0.5546722222222222,239.24,,0.42348710805918927,,,,
2026-03-27,JNJ,0.17819113132255462,240.45,,0.555898589830438,,,,
2026-03-28,JNJ,0.12195507781931665,,,0.44471887186435044,,,,
2026-03-29,JNJ,0.28141797560527254,,,0.3557750974914803,,,,
2026-03-30,JNJ,0.2614858433357957,242.49,,0.7303791961830876,,,,
2026-03-31,JNJ,0.21716649933577878,244.44,,0.8983386918401441,,,,
2026-04-01,JNJ,0.15004250673166575,244.12,,0.9276517027226467,,,,
2026-04-02,JNJ,0.31468784951595524,243.04,,0.8179114161327599,,,,
2026-04-03,JNJ,0.2908322543747102,,,0.6543291329062078,,,,
2026-04-04,JNJ,0.327933884542561,,,0.5234633063249661,,,,
2026-04-05,JNJ,-0.10967622674669893,,,0.41877064505997286,,,,
2026-04-06,JNJ,0.11532675210682469,240.97,,0.23924782537990885,,,,
2026-04-07,JNJ,0.19800598775691905,238.41,,-0.0659408711991405,,,,
2026-04-08,JNJ,0.32430832263509596,241.3,,-0.08579653512538954,,,,
2026-04-09,JNJ,0.24800844667049465,241.31,,-0.1093694394278204,,,,
2026-04-10,JNJ,0.22795964117663847,238.46,,-0.316305750830143,,,,
2026-04-11,JNJ,0.3621667386518605,,,-0.2530446006641145,,,,
2026-04-12,JNJ,0.4043067198657092,,,-0.20243568053129168,1.1786034025290724,,-1.3010778642204563,
2026-04-13,JNJ,0.27098120536163806,237.96,,-0.4648119424991568,0.1649760629818176,,-1.7565357507075208,
2026-04-14,JNJ,0.3056965603132046,240.1,,-0.40748685903684256,0.4230945938484668,,-1.4942160749535118,
2026-04-15,JNJ,0.3504000996636861,238.67,,-0.4537217866901462,0.7505998744364714,,-1.482532069798019,
2026-04-16,JNJ,0.26305395816592503,234.54,,-0.7337159802900661,0.05102375432035499,,-1.8876175087617704,
2026-04-17,JNJ,-0.04912379759828249,234.18,73.4572788463223,-0.9032833150916488,-2.1843500225715338,,-1.9973765795595992,
2026-04-18,JNJ,-0.010607453230305448,,73.4572788463223,-0.7226266520733191,-1.7411261719485704,,-1.5364931952026875,
2026-04-19,JNJ,0.3287024480153768,,73.4572788463223,-0.5781013216586552,0.6490936223237522,,-1.206708075777283,
2026-04-20,JNJ,0.36899744921250655,230.69,73.4572788463223,-1.1540453781253674,0.9072592759247047,,-2.0460714661061687,
2026-04-21,JNJ,0.41780931737113014,226.16,63.630648357198474,-1.5348056142637858,1.2037676765734526,,-2.3672271956922213,
2026-04-22,JNJ,0.40212910456926765,226.1,63.53186115981264,-1.6952395880066522,1.0528239672667914,,-2.3164901220875156,
2026-04-23,JNJ,0.4789533328220381,230.65,67.63532319947413,-1.4111038907686022,1.5107656333021449,,-1.7742582915253649,
2026-04-24,JNJ,0.4200557654836153,227.5,62.40042535397018,-1.3513952194586647,1.0644842517604511,,-1.5941885913617742,
2026-04-25,JNJ,0.4020768687744961,,62.40042535397018,-1.0811161755669316,0.9136006605857387,,-1.1861314462246442,
2026-04-26,JNJ,0.44469396843505055,,62.40042535397018,-0.8648929404535453,1.1662892551458603,,-0.875087808447124,
2026-04-27,JNJ,0.31252530753105845,225.34,62.40042535397018,-1.1646195551693737,0.25138527671924005,,-1.228069568016522,
2026-04-28,JNJ,0.48000702385123817,227.79,65.21684807507557,-0.9384010830719545,1.3639499489077904,,-0.9051288763108005,
2026-04-29,JNJ,0.18686339504283078,227.35,64.4559079617083,-0.7545191388662165,-0.6449745001459029,,-0.648662256577729,
2026-04-30,JNJ,0.3032041107125403,229.85,66.8244485902544,-0.417468672148972,0.16166241723199098,,-0.19553827479331967,
2026-05-01,JNJ,0.2843342103206214,227.19,62.0840002588418,-0.3304315350538225,0.02835559140045923,,-0.07668980270558434,
2026-05-02,JNJ,0.2839,,62.0840002588418,-0.2643452280430578,0.024945687190873565,,0.013827567184789401,
2026-05-03,JNJ,0.45124,,62.0840002588418,-0.21147618243444644,1.1979147644991153,,0.08627416964714835,
2026-05-04,JNJ,0.3333467527417559,224.2,62.0840002588418,-0.46152034970455746,0.34572721377253407,,-0.26240562954180324,
2026-05-05,JNJ,0.5285058019946781,225.55,63.83529723916135,-0.3534110102501473,1.6827031677959876,,-0.10719891816808216,
2026-05-06,JNJ,0.6344860410736333,224.62,62.10120286862751,-0.2991281795150189,2.2570654294367,-0.7614195820805297,-0.028647497838358696,0.6658060477990133
2026-05-07,JNJ,0.3763528581554846,222.51,58.235872489917675,-0.356051427013957,0.5120402926215135,-1.5045308399898565,-0.11041579275400232,-0.2796678727745522
2026-05-08,JNJ,0.5516790441887972,221.32,56.11452841845856,-0.4201687152989657,1.632403597999749,-1.7692294369773387,-0.20269143433609368,0.061385177805869974
2026-05-09,JNJ,0.7348284680843531,,56.11452841845856,-0.33613497223917266,2.60083108873487,-1.6204599646066944,-0.07660128581936272,0.5312140603661308
2026-05-10,JNJ,0.5312646595011355,,56.11452841845856,-0.2689079777913381,1.2999924131579168,-1.5041452426790367,0.024466281210820166,0.07609327682270182
2026-05-11,JNJ,0.23466866869403913,221.43,56.11452841845856,-0.38035400517184836,-0.5182727427598266,-1.4099644305999024,-0.14382332144840917,-0.6734454227184241
2026-05-12,JNJ,0.38012689801768285,224.26,60.694398727739014,-0.11931242299599099,0.37930367044305885,-0.5413579916328594,0.2552628369436395,0.06589292177045758
2026-05-13,JNJ,0.3965525826451495,230.42,67.22753910350606,0.4759895688595397,0.47629344996155915,0.6769520816654674,1.1530686180058554,0.7395235898860204
2026-05-14,JNJ,0.2579128999256005,230.8,67.58546645741256,0.8796418223227822,-0.39335509988341094,0.7250715743289465,1.70906469367596,0.5728988404481075
2026-05-15,JNJ,0.23073088300314087,226.71,59.991014534321096,0.8547417755926068,-0.5591716479190589,-0.7211796496592343,1.6129736018819543,0.0438695264991924
2026-05-16,JNJ,0.35008439681169085,,59.991014534321096,0.6837934204740854,0.20268278057953487,-0.7031949146505917,1.322586967341883,0.2668907280392014
2026-05-17,JNJ,0.2603211727673739,,59.991014534321096,0.5470347363792687,-0.37315433768118483,-0.6865038596956204,1.0972702394439624,-0.026031821147971368
2026-05-18,JNJ,0.4890757856160416,228.92,59.991014534321096,0.8071017673314675,1.0939470864617318,-0.6709576709279168,1.4402072368541954,0.6683537043625762
2026-05-19,JNJ,0.38690895317025686,230.0,61.526494183660844,0.9352615690998678,0.42573651268557977,-0.35801589426387936,1.5767417863444364,0.535912372698399
2026-05-20,JNJ,0.4425067666177056,229.32,60.248859300532494,0.943666111176904,0.7786630208985152,-0.6045198561315837,1.541573051761405,0.5925811670483525
2026-05-21,JNJ,0.43545558507300697,231.73,63.16804782194395,1.0716155717859535,0.7228943291144555,-0.007270383255376317,1.6671861436167699,0.7871324597542002
2026-05-22,JNJ,,234.4,66.13520090084465,1.281936313148309,,0.5973873297778654,1.8851924874175108,
2026-05-23,JNJ,,,66.13520090084465,1.0255490505186473,,0.5865842033241443,1.4820937847811297,
2026-03-24,JPM,0.48233322493622416,292.4,,0.0,,,,
2026-03-25,JPM,0.3972313921467238,295.42,,0.19272934472937778,,,,
2026-03-26,JPM,0.32445779750114623,291.66,,0.06303148838081142,,,,
2026-03-27,JPM,0.08483902675902397,282.84,,-0.5850195556345316,,,,
2026-03-28,JPM,0.2676702892752611,,,-0.46801564450762523,,,,
2026-03-29,JPM,0.3242540182151539,,,-0.37441251560610017,,,,
2026-03-30,JPM,0.30378434272402066,283.77,,-0.9471860021502981,,,,
2026-03-31,JPM,0.24964339541556851,294.16,,-0.38354886397417687,,,,
2026-04-01,JPM,0.29505700627156706,295.38,,0.07339531521355991,,,,
2026-04-02,JPM,0.21965776179699312,294.6,,0.31171003535093866,,,,
2026-04-03,JPM,0.24434755606359437,,,0.249368028280751,,,,
2026-04-04,JPM,0.18178312132726301,,,0.19949442262460082,,,,
2026-04-05,JPM,0.3319118223217851,,,0.15959553809968063,,,,
2026-04-06,JPM,0.15891500749479961,295.45,,0.5653725477948803,,,,
2026-04-07,JPM,0.21698663995024492,297.4,,0.7430057166464854,,,,
2026-04-08,JPM,0.16429883878581117,307.97,,1.4904027994866105,,,,
2026-04-09,JPM,0.2965874748442857,310.33,,2.028397125955184,,,,
2026-04-10,JPM,0.27460192530350475,309.87,,2.222350370630343,,,,
2026-04-11,JPM,0.4481811898827999,,,1.7778802965042741,,,,
2026-04-12,JPM,0.23420940040825378,,,1.4223042372034191,-0.42177592064694364,,1.0899022769427311,
2026-04-13,JPM,0.3200605041579628,313.68,,2.204380857278135,0.4520253366770344,,1.750013967529573,
2026-04-14,JPM,0.27689725299347534,311.12,,2.0201667519948927,-0.002931044494002933,,1.4430344670008854,
2026-04-15,JPM,0.15755227249675635,305.93,,1.4380399906431531,-1.2195064747321436,,0.824352693560637,
2026-04-16,JPM,0.3947487290685471,309.95,,1.2215084318021852,1.237014335099544,,0.587648568523588,
2026-04-17,JPM,0.23714990444070141,310.29,73.36369532557042,1.0078427376039993,-0.4101946044272693,,0.3594234312751731,
2026-04-18,JPM,0.478719615512337,,73.36369532557042,0.8062741900831991,1.9567250277770676,,0.14509442882455953,
2026-04-19,JPM,0.23392805485390625,,73.36369532557042,0.6450193520665586,-0.48324453714710475,,-0.02703152239309456,
2026-04-20,JPM,0.3596769738418793,316.99,73.36369532557042,1.2070366443930451,0.7720463364182986,,0.5726906461613087,
2026-04-21,JPM,0.23162850536881996,313.0,66.03114850609003,0.9203811502607113,-0.5271519952021113,,0.25122895974070614,
2026-04-22,JPM,0.33690344206008965,313.02,66.04607668936315,0.6476733847141993,0.5525815363979125,,-0.054503424838277366,
2026-04-23,JPM,0.3165296737864722,311.69,64.03085996736073,0.3103735521225097,0.3327366165307472,,-0.4321398230473545,
2026-04-24,JPM,0.2776345772761086,308.28,59.055521147077776,-0.18317766699886207,-0.08052197173670973,,-0.9736399153091778,
2026-04-25,JPM,0.4986834880034939,,59.055521147077776,-0.1465421335990893,2.109862185624295,,-0.9051649226552454,
2026-04-26,JPM,0.37505385176788436,,59.055521147077776,-0.11723370687927215,0.8293543850536828,,-0.8488451059946363,
2026-04-27,JPM,0.2956362927750868,311.63,59.055521147077776,-0.2491098309423565,0.016532753775214393,,-0.9745579437787936,
2026-04-28,JPM,0.22465494946689396,311.45,58.73150896006449,-0.39594624598307515,-0.7056459406450246,,-1.1099055143789749,
2026-04-29,JPM,0.1709955553766993,309.25,55.46732599979895,-0.6533839499652174,-1.2231716163172788,,-1.353993028713968,
2026-04-30,JPM,-0.09976674445992134,313.23,59.818211661681225,-0.5707667327333867,-3.317897390821752,,-1.2170224312603408,
2026-05-01,JPM,-0.03565832314015939,312.47,58.64004056924889,-0.5805354435465784,-2.484063106926712,,-1.1893460565394252,
2026-05-02,JPM,0.3233908967365987,,58.64004056924889,-0.4644283548372634,0.4223363262529963,,-1.0300726542531615,
2026-05-03,JPM,0.05872518690444615,,58.64004056924889,-0.37154268386981126,-1.6643067250438202,,-0.9042027862671186,
2026-05-04,JPM,0.25341728445512424,307.65,58.64004056924889,-0.8702253143267793,-0.10489276309846399,,-1.4160441335371476,
2026-05-05,JPM,0.2324666413725074,309.4,61.01798866495918,-0.9416384838065417,-0.27124585107367816,,-1.4410104940590127,
2026-05-06,JPM,0.15090216323402497,314.9,66.35346822988208,-0.6216520625185007,-0.9195711214774772,0.5430629463744169,-1.0610324914964469,-0.5232193121275999
2026-05-07,JPM,0.3845642850609299,306.27,53.88973709522426,-0.973444896309656,0.975862946096848,-1.4133926028455592,-1.3999461446500376,-0.4536564458099398
2026-05-08,JPM,0.20138350149376222,302.1,49.09130892059762,-1.4410089325469793,-0.5204324054272459,-1.9306482959397178,-1.8166651431848788,-1.3323669939082774
2026-05-09,JPM,0.5456973265565945,,49.09130892059762,-1.152807146037584,2.179491115290422,-1.747623778596908,-1.4596933970860124,-0.09039870658870724
2026-05-10,JPM,0.4775501692721527,,49.09130892059762,-0.9222457168300675,1.5788604613008006,-1.60877034338431,-1.187523085480911,-0.20734384413924595
2026-05-11,JPM,0.08032197934756431,300.0,49.09130892059762,-1.6875720559414433,-1.4615531922583782,-1.4987591783644603,-1.8880243158555723,-1.600656325169361
2026-05-12,JPM,0.25224220324111973,304.88,55.34941078995938,-1.5218131780810598,-0.13970445496129297,-0.6566065258707369,-1.6542717984992,-0.7491452792954982
2026-05-13,JPM,0.23629382821781927,300.25,50.21026832253653,-1.650266927790016,-0.26071567240898164,-1.2732507980471885,-1.7109767432800287,-0.9995545313617578
2026-05-14,JPM,0.3028401849391377,299.91,49.84427300365448,-1.6788546248731466,0.25782594252720326,-1.2582820264199202,-1.6733784727071281,-0.7763677727272331
2026-05-15,JPM,0.32452204709615545,297.81,47.5393253654785,-1.7518422396089424,0.424469106464207,-1.468660081854778,-1.6784083888454717,-0.774332898624392
2026-05-16,JPM,0.39552856915783297,,47.5393253654785,-1.4014737916871538,0.9722230008895781,-1.3938677356722748,-1.3157933268629542,-0.42400911840473743
2026-05-17,JPM,0.23069564484432994,,47.5393253654785,-1.1211790333497231,-0.33812697625466553,-1.3295410252464397,-1.035373840794588,-0.8447252503141744
2026-05-18,JPM,0.31807796187823273,300.73,47.5393253654785,-1.100044118492079,0.36048171187559425,-1.2734429115706225,-0.9975016499302791,-0.5370906837000328
2026-05-19,JPM,0.2891592823106027,295.7,41.375176961780504,-1.269732539966674,0.12510670984502642,-1.8744341914095872,-1.131553398402806,-0.8517535930057074
2026-05-20,JPM,0.1634421146884495,301.98,48.66786016025209,-0.9026705488617882,-0.888375978172461,-0.9982774531651313,-0.7808913593591691,-0.8891010350262745
2026-05-21,JPM,0.2098231589616519,303.0,49.760990831284694,-0.5520493367590771,-0.5032635740039093,-0.8499772760521033,-0.4507517696688615,-0.5915241433178532
2026-05-22,JPM,0.15201608862787278,306.3,53.23106415004298,-0.08335052412581456,-0.9637544186270668,-0.43897418412877953,-0.012478260526347287,-0.5209375008473648
2026-05-23,JPM,,,53.23106415004298,-0.0666804193006516,,-0.4320130454516582,0.004287815432356409,
2026-03-24,KAS,0.23734352844251153,0.03626,,0.0,,,,
2026-03-25,KAS,0.28652761658213566,0.03857,,0.00014741880341880286,,,,
2026-03-26,KAS,0.22341770570971337,0.03602,,6.901907614385804e-05,,,,
2026-03-27,KAS,0.14596542401602647,0.03448,,-8.251095606464688e-05,,,,
2026-03-28,KAS,0.23512113472184168,0.03477,,-0.00015495980801073653,,,,
2026-03-29,KAS,0.06571257385181621,0.03283,,-0.00031600442525613233,,,,
2026-03-30,KAS,-0.06739949279669663,0.03189,,-0.00045959902503237145,,,,
2026-03-31,KAS,0.09809124877032718,0.03262,,-0.00047710580800198847,,,,
2026-04-01,KAS,0.19848243339313507,0.03208,,-0.0004946264680357067,,,,
2026-04-02,KAS,0.3411911602540299,0.03126,,-0.000527978956089532,,,,
2026-04-03,KAS,0.19423525982654244,0.03098,,-0.0005338412253950872,,,,
2026-04-04,KAS,0.15733237643823558,0.03116,,-0.0004915929908255532,,,,
2026-04-05,KAS,0.14171387676706615,0.03142,,-0.0004151788937799499,,,,
2026-04-06,KAS,0.24903580631538608,0.0312,,-0.0003510422512240279,,,,
2026-04-07,KAS,0.23964815550839527,0.03278,76.48386192832999,-0.0001822911369011005,,,,
2026-04-08,KAS,0.10289122000464963,0.03194,73.0815662417044,-0.00011083917871857287,,,,
2026-04-09,KAS,0.09835940773499312,0.03219,73.45996451926757,-3.43041978536269e-05,,,,
2026-04-10,KAS,-0.034025680833543154,0.03341,75.28575609020372,0.00010338595309821287,,,,
2026-04-11,KAS,-0.010864317321876682,0.03293,73.15344497094546,0.00016346336866293935,,,,
2026-04-12,KAS,0.13820902872564778,0.0315,67.05976983914096,0.00011074592118925073,-0.12876959642924962,,1.232336489807348,
2026-04-13,KAS,0.2109915753767686,0.0331,70.06446342495065,0.00018320948348225948,0.5318520301559043,,1.404354948739633,
2026-04-14,KAS,0.2673453428112488,0.03236,67.01957320803061,0.00018058451305645454,1.0152945043981412,,1.3046113691117582,
2026-04-15,KAS,0.06240038425516337,0.03319,68.66448182318007,0.00023081525387638638,-0.886204135782282,,1.3928241582832717,
2026-04-16,KAS,0.1041781389994671,0.03409,70.38907468092188,0.00031548291389822875,-0.4771584152661745,,1.5721348483375739,
2026-04-17,KAS,0.36212989173174837,0.03618,73.97157365213656,0.0004925205196434373,1.826732473309686,,1.9651601396139944,
2026-04-18,KAS,0.3424392275920379,0.03422,65.91727367274709,0.0004585891216784279,1.535108184583367,,1.7054951323798166,
2026-04-19,KAS,0.3472123134634457,0.03415,65.64237421983633,0.0004137753465309823,1.479703008884034,,1.4687669858773236,
2026-04-20,KAS,0.0916002862900206,0.03484,67.0989083988832,0.0004120482671252865,-0.7032941398141632,,1.3841638056048686,
2026-04-21,KAS,0.1955711662870935,0.03425,64.5779292462714,0.00035479187920263813,0.1973425259786357,,1.1615496476040605,
2026-04-22,KAS,0.022301418942194434,0.03429,64.67483079388356,0.00030512875669504744,-1.2755943241669392,,0.9796571356341122,
2026-04-23,KAS,0.41450848608215396,0.03429,64.67483079388356,0.0002595802120794568,1.9717814167176755,,0.8207323270115936,
2026-04-24,KAS,0.4360919749029602,0.03369,61.736766649417014,0.00018011610104650945,1.9752475431004004,,0.5702819913337925,
2026-04-25,KAS,0.5827436423598277,0.03364,61.48609436628971,0.00011824920411711888,2.6950847066344044,,0.3760630933050044,
2026-04-26,KAS,0.24788867122911848,0.03391,62.374523692748014,9.08072036065014e-05,0.3534542673186271,-1.2833128169479793,0.2871065247559504,-0.1574801807301578
2026-04-27,KAS,0.5195018169578723,0.03337,59.422169186774205,3.448134058489364e-05,2.088659284142148,-1.7223215133301972,0.10984255024840327,0.35172002473232106
2026-04-28,KAS,0.28944303482683686,0.03281,56.43872833248791,-3.8350616297940846e-05,0.5407966608228361,-2.0291391689730083,-0.11904022431722569,-0.42813515365793575
2026-04-29,KAS,0.5973494544970509,0.0326,55.317111858850126,-9.52867103596529e-05,2.369426394070916,-1.976312756505562,-0.29749396956961516,0.26562853980581336
2026-04-30,KAS,0.22788895244229276,0.03254,54.980913376269804,-0.00012948507416589693,0.04976715239414072,-1.8344594629530915,-0.4025474689282627,-0.65119521860675
2026-05-01,KAS,0.5211287903606985,0.03264,55.46670997052405,-0.00013713318552322152,1.8063463434881397,-1.6210623766880532,-0.421322454020299,0.10982308818275036
2026-05-02,KAS,0.41327208121068776,0.0332,58.187744731071334,-9.807050674904454e-05,1.1097660469294042,-1.1448971549785856,-0.2875143464685047,0.014182968337634591
2026-05-03,KAS,0.2975725973790512,0.03365,60.287578190324076,-3.857456032562738e-05,0.3942106636780311,-0.7971937726570982,-0.08620742942017107,-0.10733609515196835
2026-05-04,KAS,0.47976675408609676,0.03338,58.392723445885785,-1.5251112144649883e-05,1.4654470286452204,-1.0485143433834676,-0.006633075848215231,0.2696345856885833
2026-05-05,KAS,-0.04276872920519362,0.03446,63.35426060974662,7.036606774529116e-05,-1.6492115264837068,-0.2779898347715877,0.28523035191266927,-0.6575124554511583
2026-05-06,KAS,0.4797933834652603,0.0366,70.78766736021458,0.0002580259029395185,1.4207819034851548,0.8620144885812652,0.9200953195941255,1.102945703846679
2026-05-07,KAS,0.3729422190279048,0.03538,62.94832986886679,0.000284791215276238,0.7764623863004172,-0.366094375856272,0.9910540722000107,0.4980728634232885
2026-05-08,KAS,0.3230172821536893,0.03648,66.5457457778798,0.00035671575910052096,0.47435081041555266,0.2055807461370647,1.208555726212653,0.6139812658711363
2026-05-09,KAS,0.5283028279209183,0.03729,68.93739638187725,0.0004338546810262704,1.6326810573288104,0.5819189757613945,1.427694647333619,1.2559565098600283
2026-05-10,KAS,0.3566141528316261,0.03867,72.53933407979301,0.000545605350171582,0.6175704131258448,1.132623895157293,1.7332494447177966,1.1067901672128648
2026-05-11,KAS,0.601586595692453,0.04041,76.2749359239304,0.000694922651214029,1.956995048547255,1.6460912417650202,2.1049497006120297,1.908110302132017
2026-05-12,KAS,0.46845145219718576,0.03807,63.72091586371442,0.000597998592020622,1.167631435805167,-0.34152515233393216,1.7191018108531544,0.8803255718778334
2026-05-13,KAS,0.31418013957305346,0.03724,59.95171324956892,0.0004468178506723925,0.28678336467845494,-0.9235819110688019,1.2111346797251716,0.20097917646829289
2026-05-14,KAS,0.2254712507027225,0.03757,60.94097096968381,0.00034256531811677486,-0.22045372188341536,-0.7485045995240639,0.8685733892255716,-0.05216085184291386
2026-05-15,KAS,0.3624068710887153,0.03514,50.95886319676047,9.62740399170236e-05,0.5662857052185689,-2.180874050710414,0.09205709072382126,-0.40013080590855016
2026-05-16,KAS,0.2684615615580464,0.03419,47.67131568335803,-0.0001319026620855018,0.01790844761269096,-2.436175690961703,-0.6253449015560735,-0.9112927987102565
2026-05-17,KAS,0.6164464320357422,0.03396,46.882720667911705,-0.00029051474810538695,1.9727897227204314,-2.3355680340868776,-1.1093474873681182,-0.244358767348326
2026-05-18,KAS,0.41434837972032046,0.03485,50.308252541393614,-0.00032507244752290473,0.8039104134248916,-1.7797364329321683,-1.1928360907836828,-0.5702075917447986
2026-05-19,KAS,0.41254073034426203,0.03364,45.96788269283765,-0.0004133398771973396,0.782277013863416,-2.1796548145803105,-1.43301190582747,-0.7708892105769676
2026-05-20,KAS,0.23366020637666807,0.03494,50.8719836263218,-0.0003695199793753421,-0.2461708323866119,-1.5116534534323065,-1.2656650176179798,-0.9316638742697305
2026-05-21,KAS,0.2611557989715226,0.03525,51.990991583643016,-0.0003075446914884251,-0.08569352760151078,-1.3318864091939682,-1.0524813150068235,-0.7495877283008419
2026-05-22,KAS,0.7797057482339907,0.0337,46.31105708270531,-0.0003554387019765596,2.7337549698296932,-1.9115220727755569,-1.1778858318208698,0.16667961655294933
2026-05-23,KAS,,,46.31105708270531,-0.0002843509615812477,,-1.8205665345723232,-0.9347433589400665,
2026-03-24,LCID,0.3956933199120759,10.36,,0.0,,,,
2026-03-25,LCID,0.11723752059353226,10.68,,0.02042165242165197,,,,
2026-03-26,LCID,0.29826519512330907,9.91,,-0.01703513445507923,,,,
2026-03-27,LCID,0.10466056817862959,9.4,,-0.07217404001998011,,,,
2026-03-28,LCID,0.17817021571128733,,,-0.057739232015984084,,,,
2026-03-29,LCID,0.23512121957293117,,,-0.04619138561278727,,,,
2026-03-30,LCID,0.16795373067792055,9.15,,-0.12823917568668072,,,,
2026-03-31,LCID,0.12226436554071561,9.53,,-0.1191597983542328,,,,
2026-04-01,LCID,0.29443480263610766,9.56,,-0.104350405209404,,,,
2026-04-02,LCID,0.3143972120984477,9.96,,-0.0628755107283169,,,,
2026-04-03,LCID,0.14260849332354938,,,-0.05030040858265353,,,,
2026-04-04,LCID,-0.011553707359433028,,,-0.04024032686612283,,,,
2026-04-05,LCID,-0.005560696357736886,,,-0.03219226149289828,,,,
2026-04-06,LCID,0.017462577682744233,9.33,,-0.07076842953326232,,,,
2026-04-07,LCID,-0.0902542848935323,8.83,,-0.09935728988198408,,,,
2026-04-08,LCID,0.22421707348577177,8.82,,-0.11069977918704371,,,,
2026-04-09,LCID,0.19957998028018908,8.77,,-0.11293838457139571,,,,
2026-04-10,LCID,0.09559841454421521,8.58,,-0.11803056400337003,,,,
2026-04-11,LCID,0.19293654697344992,,,-0.09442445120269605,,,,
2026-04-12,LCID,0.012792785712178704,,,-0.07553956096215686,-1.0948151073817618,,-0.14135591474247577,
2026-04-13,LCID,0.21706122782018544,9.24,,-0.03269394903959377,0.5157303535610146,,0.840797446872239,
2026-04-14,LCID,0.19899560009551095,8.8,,-0.03183302915507946,0.3599452280654692,,0.8280132642989056,
2026-04-15,LCID,0.18578886857982047,8.21,,-0.06395776054437369,0.2449268090894773,,0.05284799067412778,
2026-04-16,LCID,0.03810500919892648,7.7,,-0.10982204183178451,-0.9643595112944838,,-1.030685558690103,
2026-04-17,LCID,0.0669997685603306,7.3,41.518627730221915,-0.1546234757358113,-0.698096786125515,,-1.917373864596516,
2026-04-18,LCID,0.1561449747171697,,41.518627730221915,-0.12369878058864903,0.06408300308811742,,-1.1495671279919988,
2026-04-19,LCID,0.21857849580508318,,41.518627730221915,-0.0989590244709192,0.5945198650932386,,-0.5698909562149543,
2026-04-20,LCID,0.14989787179325106,6.75,41.518627730221915,-0.21077950797070233,-0.01302982618777117,,-2.65217951091899,
2026-04-21,LCID,0.27105139347447726,7.11,46.7404499298807,-0.19402894586581265,1.0399743891910838,,-2.0847532758567215,
2026-04-22,LCID,0.1519766837152441,6.91,44.79058295361327,-0.18062427045862028,-0.030927430113253676,,-1.7066844407009112,
2026-04-23,LCID,-0.07812354352528182,6.27,39.16072451108211,-0.1976875200788324,-1.9601550770743954,,-1.8619353848310525,
2026-04-24,LCID,0.2390856651382376,6.25,38.995770465744336,-0.192935469690367,0.7718993496814971,,-1.6693445382001335,
2026-04-25,LCID,0.2619588431536627,,38.995770465744336,-0.15434837575229354,0.9434059403558136,,-0.9920203402236096,
2026-04-26,LCID,-0.18084038365263178,,38.995770465744336,-0.12347870060183475,-2.5707667420459255,,-0.4668584823774804,
2026-04-27,LCID,-0.10366151146885363,5.93,38.995770465744336,-0.17384956770540683,-1.8321221894834385,,-1.269594779363867,
2026-04-28,LCID,0.15874249291996945,5.87,38.344036920650574,-0.15727625752907803,0.162265595079824,,-0.9647058377369118,
2026-04-29,LCID,0.23126833532446994,5.76,37.339989005184954,-0.13747581220800065,0.7073154430146515,,-0.6206212879150618,
2026-04-30,LCID,0.23167562515754542,,37.339989005184954,-0.10998064976640043,0.6965867651004386,,-0.1531976774623892,
2026-05-01,LCID,0.258097785054352,,37.339989005184954,-0.08798451981312028,0.8825510426962258,,0.2211519321903361,
2026-05-02,LCID,0.36063418195874986,,37.339989005184954,-0.07038761585049613,1.608658675399525,,0.5185510654335317,
2026-05-03,LCID,0.29054023020179714,,37.339989005184954,-0.056310092680396995,1.0431530261099986,,0.7507917504352223,
2026-05-04,LCID,0.14051764939179023,,37.339989005184954,-0.04504807414431755,-0.10503335294460683,,0.9281179757899665,
2026-05-05,LCID,-0.0752423782321014,,37.339989005184954,-0.03603845931545413,-1.6954307933478714,,1.0599743479087074,
2026-05-06,LCID,-0.010854404765405506,,37.339989005184954,-0.028830767452363126,-1.174757929386395,-0.802373441498156,1.1549823330086402,-0.3641205043014128
2026-05-07,LCID,0.020044013319271616,,37.339989005184954,-0.023064613961890412,-0.9224648956095209,-0.7716646665643421,1.2207466384798495,-0.23426136666915615
2026-05-08,LCID,-0.21378241948475626,,37.339989005184954,-0.018451691169512285,-2.4671747622412044,-0.7442770448212604,1.2637322769824626,-0.8310333352481212
2026-05-09,LCID,0.2632061616553002,,37.339989005184954,-0.01476135293560965,0.8933996352420293,-0.7196480790810427,1.2892627677371429,0.5282442606936417
2026-05-10,LCID,0.04083624325340851,,37.339989005184954,-0.011809082348487543,-0.6743219676289988,-0.6973406716282042,1.3016118918607378,-0.08844742098183944
2026-05-11,LCID,0.31728472277115793,,37.339989005184954,-0.009447265878789857,1.2638662823382747,-0.6770092639414018,1.3041448178217492,0.6936871790994141
2026-05-12,LCID,0.026321629377968003,,37.339989005184954,-0.0075578127030317965,-0.7860476554091497,-0.6583765300425114,1.299472902058826,-0.12209015055876554
2026-05-13,LCID,0.24686960333362645,,37.339989005184954,-0.006046250162425437,0.7713236376896175,-0.6412169423869956,1.2896003225889376,0.5030444691364296
2026-05-14,LCID,0.28197924382993106,,37.339989005184954,-0.004837000129940261,1.0023012145877057,-0.6253449356771683,1.2760521182185756,0.5961326405975045
2026-05-15,LCID,-0.29841244582484167,,37.339989005184954,-0.0038696001039522088,-2.8550624034417664,-0.6106062208442408,1.2599805508685766,-0.9472126623694059
2026-05-16,LCID,0.6854825232096016,,37.339989005184954,-0.003095680083161856,3.2334567682179878,-0.5968713033369728,1.2422506772912745,1.4869965194734858
2026-05-17,LCID,0.6557,,37.339989005184954,-0.002476544066529307,2.7961601968526226,-0.5840305732257915,1.2235077665506073,1.3103072367384938
2026-05-18,LCID,-0.6521,,37.339989005184954,-0.001981235253223357,-3.798764133691109,-0.5719905352848829,1.204229688375143,-1.3298339075493657
2026-05-19,LCID,0.4466,,37.339989005184954,-0.0015849882025786854,1.4394681487344732,-0.5606708786314578,1.1847672589182126,0.7630161735798158
2026-05-20,LCID,0.32406666666666667,,37.339989005184954,-0.0012679905620629484,0.8439923545720998,-0.5500021733455436,1.1653751340093759,0.5222088300279896
2026-05-21,LCID,0.49766666666666665,,37.339989005184954,-0.001014392449650181,1.619125542964253,-0.5399240413088406,1.146235379785672,0.8295436187287506
2026-05-22,LCID,-0.4598632074713707,,37.339989005184954,-0.0008115139597202337,-2.673503852292705,-0.5303836899235044,1.1274754173676613,-0.890274022683835
2026-05-23,LCID,,,37.339989005184954,-0.0006492111677762757,,-0.5213347265033139,1.1304714873003292,
2026-03-24,LINK,0.21895632659079353,9.245107156764758,,0.0,,,,
2026-03-25,LINK,0.24523992255815918,9.374718602538275,,0.008271499673296035,,,,
2026-03-26,LINK,0.09700685796591559,8.90715615954856,,-0.01683528547933065,,,,
2026-03-27,LINK,0.24273777753206094,8.563050897549022,,-0.05362967385797174,,,,
2026-03-28,LINK,0.28069269340902697,8.431296757879105,,-0.08214681746250015,,,,
2026-03-29,LINK,0.2502964585264849,8.4049724947114,,-0.09706551098085112,,,,
2026-03-30,LINK,0.2852985432691393,8.616331864551212,,-0.08728925074464652,,,,
2026-03-31,LINK,0.17018497141610872,8.773267991940816,,-0.06582137396323587,,,,
2026-04-01,LINK,0.21451404959307274,8.940675929521326,,-0.03733249332252396,,,,
2026-04-02,LINK,-0.10892477292470891,8.63379080338961,,-0.0361196046682484,,,,
2026-04-03,LINK,0.1774646893364726,8.65776971138183,,-0.03086906741039376,,,,
2026-04-04,LINK,0.3815771297662309,8.694234376297327,,-0.02249588338258876,,,,
2026-04-05,LINK,0.11060102954339142,8.819476065185802,,-0.006887606058550377,,,,
2026-04-06,LINK,0.12735555359791448,8.800064321056364,,0.0032215299767567596,,,,
2026-04-07,LINK,0.1486289145694716,9.286285494227634,71.73473374910697,0.04161494218580597,,,,
2026-04-08,LINK,0.19385282938551682,8.858282247591823,59.76684650315092,0.03728522908474058,,,,
2026-04-09,LINK,0.2920498767780151,8.944677150815235,61.17492242716672,0.039147167056075696,,,,
2026-04-10,LINK,0.24089791183702122,9.086986282183311,63.44439679431588,0.04827139720419657,,,,
2026-04-11,LINK,0.13703641407782283,9.071738578160247,63.019343687914834,0.05130425474161074,,,,
2026-04-12,LINK,0.26024465055743545,8.734060068895639,54.33713345928507,0.02966645702475844,0.6119153555665134,,0.9240597453552042,
2026-04-13,LINK,0.10248087225904068,9.358325245853672,64.16597591522608,0.055021242578045984,-0.9044616944895056,,1.3576913420551704,
2026-04-14,LINK,0.30209378847572416,9.024537241133466,57.09001161456041,0.0472348087626581,1.022944530119235,,1.1323651091059943,
2026-04-15,LINK,0.3227584513295538,9.26365442006297,60.454382934138884,0.05553809115193922,1.1623475005517392,,1.228748061203925,
2026-04-16,LINK,0.1699448592753294,9.60079623269178,64.66146158278019,0.07961994474066894,-0.32637473644175813,,1.582848826330314,
2026-04-17,LINK,0.11767353511563228,9.616339635877576,64.84713986894943,0.09162396137934083,-0.8197699938865768,,1.6700996897858345,
2026-04-18,LINK,0.10835368514926225,9.285899960082935,57.884047089271476,0.07313989205382684,-0.8818137677486715,,1.2572609613845092,
2026-04-19,LINK,0.1850391320345031,9.068206904827047,53.78651965461199,0.04354397187330876,-0.10594385218999798,,0.693320312167459,
2026-04-20,LINK,0.236819098455464,9.28918570062652,57.105859102744716,0.036430593086984805,0.41803364737516774,,0.548248528757348,
2026-04-21,LINK,0.2878670677184922,9.400388993315861,58.71297895871005,0.036693081913922565,0.9207610623211336,,0.5409626366604129,
2026-04-22,LINK,0.16168581333245702,9.293286253640131,56.516664929540326,0.02754944962972855,-0.3932509435176863,,0.3598778095190706,
2026-04-23,LINK,0.22898006464149145,9.351290440254164,57.44510376850217,0.023463514720940937,0.3164653858169471,,0.2760181480968784,
2026-04-24,LINK,0.1265320645395964,9.380055173854648,57.92488304378741,0.020842366323920156,-0.7695155341230546,,0.22088557232639247,
2026-04-25,LINK,0.222826143007246,9.348845442332431,57.17172245747486,0.015401788443385231,0.27207146210870403,,0.1105609672284679,
2026-04-26,LINK,0.3171631013155353,9.488772057435954,59.70163125289121,0.019365668911258085,1.2606346467420133,-0.08081675553886994,0.1881196998881035,0.5364447420015754
2026-04-27,LINK,0.3133772121310272,9.319783093628212,55.44214720575314,0.0092578796734291,1.176818490211957,-1.022781134365818,-0.01969730491161095,0.15798386430155414
2026-04-28,LINK,0.23579586952383025,9.237290257413706,53.43784897799496,-0.003641012296390009,0.3305690570755673,-1.3859784114538307,-0.2849778871719011,-0.3690592667574927
2026-04-29,LINK,0.18325067046322963,9.109386497490567,50.395785455223454,-0.02050285261386929,-0.2430629238244708,-1.8591429666678405,-0.6299692465070278,-0.8439588334822488
2026-04-30,LINK,0.25298382374416234,9.10305393569211,50.24328254748155,-0.031159546648043684,0.5241387273520001,-1.724003318909786,-0.8382020798207451,-0.5590061286783592
2026-05-01,LINK,0.33616120645143005,9.094067379193604,50.01199267291267,-0.037466686526680906,1.4019389754421367,-1.6329291852087455,-0.9494130680018589,-0.21392708578632652
2026-05-02,LINK,0.10507694665970123,9.175782087693761,52.16818305076196,-0.03484324243615748,-1.1259652370721822,-1.1578039889340888,-0.8732798100269354,-1.0597112345171802
2026-05-03,LINK,0.13590680939387167,9.130711570285118,50.864965194622535,-0.03477152872870354,-0.7702760732444243,-1.3334959403774367,-0.853237276541667,-0.9641303943735008
2026-05-04,LINK,0.2553684155415939,9.357377313561758,56.720559465649025,-0.01888212486216001,0.5466783022996479,-0.22068363095006252,-0.5026191251706182,0.0016804940836549487
2026-05-05,LINK,0.1412637560354931,9.765984674142068,64.85227091868629,0.01774267709939128,-0.7174293547018259,1.2832985582314897,0.2917551746056449,0.18554437797040998
2026-05-06,LINK,0.2015722883444372,9.9981839848867,68.47693813523844,0.05414570346780849,-0.03817975112590816,1.8222523202627499,1.0668008296018445,0.851444044509015
2026-05-07,LINK,0.15892984707333827,9.84955064330159,63.93198843948797,0.06407415920765226,-0.5164965330900614,0.9646159190442055,1.2478612641820788,0.4571445417318607
2026-05-08,LINK,0.0423198264009823,10.34400244433129,70.86074878393487,0.09778255438711705,-1.7694066040377536,2.0344282741596635,1.8820939546593627,0.4671940270306063
2026-05-09,LINK,0.1959173148783553,10.373431024983727,71.21517591244806,0.1147291433712943,-0.04954034075049353,1.9356601496249817,2.1054989059734774,1.1925315803793404
2026-05-10,LINK,0.21233085310886468,10.714939073998746,75.01333516932529,0.13993608043624756,0.13479238734020155,2.3022294579877842,2.42053260256103,1.4707455731007248
2026-05-11,LINK,0.20176086228820367,10.59137969314901,71.3452925196903,0.13900059483013866,0.01376075300278318,1.648915881122943,2.2471124809646605,1.174312809827394
2026-05-12,LINK,0.15366467166295888,10.285003323819101,63.10531434535532,0.10974482127444846,-0.535208734760212,0.42615368324890845,1.6456257047705996,0.40745032250176755
2026-05-13,LINK,0.2494153359554041,10.213135530579299,61.31635369945923,0.07898773470427609,0.572118905585799,0.15691154248697042,1.0691457238889182,0.5966647421470862
2026-05-14,LINK,0.2627503370952196,10.47961612753252,65.25008397412935,0.07031456631719402,0.717807364869276,0.7370065662101397,0.8974357815090568,0.7774556502634693
2026-05-15,LINK,0.2513234524559183,10.06563772199827,55.76323637207418,0.03235226684700493,0.5759235985659068,-0.69425740113704,0.21243660548644047,0.08582320073118285
2026-05-16,LINK,0.29348939054878664,9.714292260643244,49.222244544776856,-0.01805449527815417,1.0544770941477952,-1.617634977135391,-0.6931449379152509,-0.27144313685607446
2026-05-17,LINK,0.21050826647490575,9.560157652598285,46.6377043077632,-0.06099211395779519,0.0714470252182113,-1.8883631399543312,-1.434647093869764,-0.968324260059944
2026-05-18,LINK,0.14194383351645132,9.601831264796242,47.44125364791963,-0.08436232076755654,-0.737516170793411,-1.6879054222589942,-1.785160430466581,-1.3369262241350368
2026-05-19,LINK,0.16490682703630533,9.44014093013795,44.63296722075332,-0.10702888124197152,-0.4571276647606469,-1.9615757117380528,-2.079973463781755,-1.395315818560201
2026-05-20,LINK,0.16766535217985187,9.627476933970017,48.441089220923516,-0.10554820526714792,-0.4195283426874842,-1.394055467989251,-1.9656370304932524,-1.1757190866197447
2026-05-21,LINK,0.154754118580759,9.742869504225812,50.690810649965286,-0.0933608249247996,-0.5702313522532149,-1.065396609595913,-1.7027542366485278,-1.0585377947746182
2026-05-22,LINK,0.20058886483121718,9.420991890707558,44.81645638091554,-0.10279434570507845,-0.008978213702082275,-1.7674667876298233,-1.7903823415443774,-1.070946024233093
2026-05-23,LINK,,,44.81645638091554,-0.08223547656406276,,-1.6924260065265717,-1.4135150516963009,
2026-03-24,LTC,0.14212609831988812,56.36745195637933,,0.0,,,,
2026-03-25,LTC,0.19462856367629158,56.638060037273334,,0.017269575532839098,,,,
2026-03-26,LTC,0.4298167185200999,54.55940461577623,,-0.10550578251428874,,,,
2026-03-27,LTC,0.3157100008757785,53.685279296125586,,-0.2325117385447554,,,,
2026-03-28,LTC,0.007792893797159195,53.82218734667835,,-0.2904597603358501,,,,
2026-03-29,LTC,,53.27357395429371,,-0.3451722362007789,,,,
2026-03-30,LTC,0.8956877544511109,53.305515943500566,,-0.35715221065179115,,,,
2026-03-31,LTC,0.6619013486345454,53.901548424363945,,-0.3049073115341805,,,,
2026-04-01,LTC,0.5320086262694715,53.818830452977295,,-0.25776759258704995,,,,
2026-04-02,LTC,0.4391497785511427,52.29829769981726,,-0.3074693195196623,,,,
2026-04-03,LTC,0.30857485894156617,53.23440603954793,,-0.25778606178450947,,,,
2026-04-04,LTC,0.7331815045978873,53.59447169948474,,-0.18458885103901967,,,,
2026-04-05,LTC,-0.5111175767898559,54.111199926539456,,-0.09007211445641816,,,,
2026-04-06,LTC,0.4788301660442336,53.53977310417352,,-0.05638565617698488,,,,
2026-04-07,LTC,0.39253958100862796,55.36893562448695,61.96825593099995,0.09073618028456887,,,,
2026-04-08,LTC,0.26017752985740084,53.97331361643067,52.465756536091156,0.09523972338275521,,,,
2026-04-09,LTC,0.2030347601566464,54.56423912382671,55.57226379412761,0.13667655090967046,,,,
2026-04-10,LTC,0.409499802058842,54.99398721097684,57.735516479261726,0.18849277870321623,,,,
2026-04-11,LTC,0.2747156652033329,55.070925052221014,58.12859680721868,0.22115318238280857,,,,
2026-04-12,LTC,0.4586244974076748,53.4925952975205,48.22069602194003,0.1339556104845102,,,1.1785689232811467,
2026-04-13,LTC,0.39446289149485525,54.650194482831225,54.36453022134066,0.1504997037248223,0.15004725524453152,,1.1880767019020066,
2026-04-14,LTC,0.1864957037013532,54.31356448210775,52.41678154051465,0.13549855902988667,-0.551556208644831,,1.0568784777277982,
2026-04-15,LTC,0.5584776296832366,55.172352060530024,56.68076648428922,0.17749178368615848,0.730948080718534,,1.1992612706677561,
2026-04-16,LTC,0.5996102535929065,56.39072911397865,61.89747156215003,0.27555024121204,0.8442148965556221,,1.5606979011047408,
2026-04-17,LTC,0.567077047753885,56.429094041596755,62.05243768221445,0.3276752622742794,0.7050396583149311,,1.6661211692943154,
2026-04-18,LTC,0.8883,55.67287435721251,57.12096347538345,0.29682224365498344,1.7108387664739242,,1.4303766717067827,
2026-04-19,LTC,0.4258485331024975,54.08123281236963,48.40202824140331,0.16158637416236024,0.11178780989787475,,0.7964533731888642,
2026-04-20,LTC,0.7495504040613926,55.04883216106246,53.08983668144872,0.13097113065948546,1.1942773818589256,,0.6411456938914406,
2026-04-21,LTC,,55.596928064277655,55.55317273552229,0.14046473078900862,,,0.6676016024713911,
2026-04-22,LTC,0.16820354776028545,55.518210938023856,55.105614118317504,0.13427821613792834,-0.8093873739223273,,0.6242194981490367,
2026-04-23,LTC,0.31477006012694286,56.231770701793096,58.37901514412757,0.16884322963912785,-0.28943167886883125,,0.7656886195883802,
2026-04-24,LTC,0.37921088599798386,56.57758437964544,59.9048093420318,0.20328503241905038,-0.05843238440190049,,0.9012922533261631,
2026-04-25,LTC,-0.30046930255773235,56.0759434063579,56.65995398462761,0.18129820915538958,-2.258623969778772,,0.7779870565138927,
2026-04-26,LTC,-0.18246158835066528,56.29933194798045,57.75728597363509,0.17095207644763072,-1.7395213838860162,0.40117134723687703,0.7126551498813046,-0.361660604418952
2026-04-27,LTC,0.3368324593898638,55.57700457822279,53.07758911362534,0.10770144997361836,-0.05946234291155898,-0.7549079332099542,0.40325684409311535,-0.12928026389967523
2026-04-28,LTC,-0.011917681162819846,55.70333090693819,53.7828640655238,0.06852063713028006,-1.1625037748329723,-0.5574126765160214,0.21037576018708096,-0.569112584831871
2026-04-29,LTC,0.3405218220349075,55.30998607775754,51.20220258624261,0.013159868470668495,-0.011658764990465255,-1.1639764875555025,-0.06078825401401826,-0.37209292846704234
2026-04-30,LTC,0.19108104276694357,55.16902319186262,50.271259985835925,-0.033363648056232736,-0.4981917375924596,-1.3201180233892735,-0.28847996584931207,-0.6818560918085596
2026-05-01,LTC,0.9155349858247674,55.400040831397995,51.8174024674743,-0.04809433591824652,1.811896711722746,-0.8951968538458044,-0.3576227991345543,0.3489127887949908
2026-05-02,LTC,0.19462877022610564,55.36416781152242,51.549378905922545,-0.05904840936184119,-0.5112899872917217,-0.9281701751958495,-0.407572730556794,-0.6052388666424817
2026-05-03,LTC,0.038137135527376076,55.27999332421617,50.884292152901835,-0.07000904696368915,-0.9961075725068615,-1.053443102484101,-0.45734209759534133,-0.8516785890265772
2026-05-04,LTC,0.16481615110441214,54.95740590857981,48.311768249589385,-0.09545461544860706,-0.5727064108538343,-1.5923776915823578,-0.5805921966238804,-0.8809735308034051
2026-05-05,LTC,0.03585887819707901,56.34291325582406,58.10788703445507,-0.019420981521202807,-0.9736116470003664,0.789331017916516,-0.17899660441734036,-0.20634433475039388
2026-05-06,LTC,0.38251984876561906,56.741611355346926,60.43184456966806,0.053300445291402404,0.16693468601824366,1.3003091663715576,0.20512076658661524,0.5184028542947493
2026-05-07,LTC,0.4229920913359787,56.43872320801838,57.8081817064917,0.07523858975555153,0.29816885322901276,0.6457395130050143,0.31914412164096373,0.40873263168539853
2026-05-08,LTC,0.3773584009857848,58.32495144949772,67.32266920394078,0.20372953268889224,0.1426239433728422,2.592049061252643,0.9947677150238954,1.1330946102320982
2026-05-09,LTC,0.49360710372477773,57.98824920077834,64.52546138492849,0.2499434263534248,0.5315761774044562,1.8373252129510618,1.2124096216623024,1.1275509213457917
2026-05-10,LTC,0.3332802874570506,60.41560267084624,73.17773952304097,0.4179909578447047,-0.019685262221145746,3.0459344070868752,2.0044826661952055,1.507251017096166
2026-05-11,LTC,0.2650650762532046,58.50312056466222,60.63036311472129,0.3756812701568465,-0.254103806448219,0.7578809753762723,1.7101331489130165,0.638762714707499
2026-05-12,LTC,0.5760557219621028,58.099168778073846,58.35440422952431,0.29915632371362344,0.8241135171146938,0.338249048927318,1.283975965932048,0.8163129113036873
2026-05-13,LTC,0.40633257982967425,56.9858682779213,52.50462642688183,0.1592466645797106,0.22326166336334444,-0.7252799278610671,0.5676184986275127,0.042006236575271444
2026-05-14,LTC,0.4869474042863026,58.2135445476862,57.55733777464514,0.13597570416543947,0.504013869523827,0.2097813032492434,0.44377003879691906,0.3976709504233795
2026-05-15,LTC,0.42595578537508844,57.47901918096234,53.865111054607354,0.06149848212514286,0.2821364428028824,-0.47707141451906815,0.06022089235361494,-0.012200579528482993
2026-05-16,LTC,0.4394828648126995,56.14062615976242,47.842767774186775,-0.0798472040694228,0.32764882227965886,-1.5500963563995684,-0.6646928943642032,-0.5333772463172679
2026-05-17,LTC,-0.5235419099992141,54.5653619855183,41.90434132078198,-0.2706297493890355,-2.891435866684253,-2.4198213398716524,-1.6051418265274213,-2.3640632965934234
2026-05-18,LTC,-0.052231797604355965,54.34571253706423,41.13758860835785,-0.39526823919987764,-1.2690898204058343,-2.3438143168424226,-2.130334759605448,-1.8498806510966948
2026-05-19,LTC,0.34292424274841327,54.471745843981445,41.79568780685729,-0.44895359870837287,0.05555071727136915,-2.0896659881817996,-2.262809998174636,-1.283522508998383
2026-05-20,LTC,0.11297034660726785,53.91061079079005,39.66915069832049,-0.4981828588037458,-0.7130672232315101,-2.246947429174426,-2.351037138206623,-1.6646222595069187
2026-05-21,LTC,0.14390921401910484,54.12346157647594,40.897549873171535,-0.49150901538191183,-0.6006380371808387,-1.9496453979224724,-2.2011936714615556,-1.4855069356875439
2026-05-22,LTC,0.07570345755819498,52.61304356767229,35.390781487087395,-0.5590007837248524,-0.8217728378727418,-2.5091368128395968,-2.3565831757368487,-1.7884251317220303
2026-05-23,LTC,,,35.390781487087395,-0.44720062697988194,,-2.3285751590668937,-1.7999019645150325,
2026-03-24,MA,0.25054577978043985,498.93,,0.0,,,,
2026-03-25,MA,0.22611983756768972,502.76,,0.2444216524217154,,,,
2026-03-26,MA,0.07853321909056439,500.75,,0.2559768313569475,,,,
2026-03-27,MA,0.1870377850373356,484.24,,-0.8049694738232793,,,,
2026-03-28,MA,0.2425935802102008,,,-0.6439755790586235,,,,
2026-03-29,MA,0.2572725542333908,,,-0.5151804632468987,,,,
2026-03-30,MA,0.1637941288123731,494.0,,-0.6640076022510066,,,,
2026-03-31,MA,0.19778040692053242,499.66,,-0.26854182851740416,,,,
2026-04-01,MA,0.22202014379937807,491.65,,-0.5123120249942454,,,,
2026-04-02,MA,0.1537640720202984,493.44,,-0.5173833388818032,,,,
2026-04-03,MA,0.03870238724204194,,,-0.41390667110544244,,,,
2026-04-04,MA,0.04549733541551977,,,-0.33112533688435386,,,,
2026-04-05,MA,0.2750038151260394,,,-0.26490026950748313,,,,
2026-04-06,MA,0.21537870413194568,501.5,,0.5194354673552616,,,,
2026-04-07,MA,0.302582331297822,498.28,,0.5151409089807628,,,,
2026-04-08,MA,0.2652506598420653,507.12,,1.0573450873707837,,,,
2026-04-09,MA,0.20495107823475656,503.57,,1.1205500895098393,,,,
2026-04-10,MA,0.2957373973315566,498.66,,0.7908683939674618,,,,
2026-04-11,MA,0.6080607110500336,,,0.6326947151739695,,,,
2026-04-12,MA,0.17802890525826562,,,0.5061557721391755,-0.3586749575474221,,0.774969474004891,
2026-04-13,MA,-0.1433540743659322,508.58,,1.216952230112584,-2.4760089871614226,,1.7423770810765777,
2026-04-14,MA,0.08347843607001837,513.16,,1.6314410569306586,-0.8220228111606352,,2.068225875901588,
2026-04-15,MA,0.42572356820679425,519.96,,2.231570067639487,1.5168099429612147,,2.4218064365978558,
2026-04-16,MA,0.3892291666666667,518.54,,2.3869275985899936,1.196740001316992,,2.2470776777847927,
2026-04-17,MA,0.44426363977602484,521.3,66.3054045689618,2.5166844281297145,1.4703604435391002,,2.1057785104812043,
2026-04-18,MA,0.3805350671147307,,66.3054045689618,2.0133475425037712,1.0031822076573735,,1.4940326514302062,
2026-04-19,MA,0.6599235962360073,,66.3054045689618,1.6106780340030165,2.4551028089993667,,1.0554320102860648,
2026-04-20,MA,0.6954345335357768,516.65,66.3054045689618,1.5792194534190118,2.3304308772505657,,0.9878786877472587,
2026-04-21,MA,0.3612714285714286,511.35,59.611173263695136,0.9463007892937725,0.5210156835314013,,0.3627209236358688,
2026-04-22,MA,0.339918831269443,510.16,58.448434873403826,0.38566954526226027,0.3969318880561508,,-0.19018628355117076,
2026-04-23,MA,0.14291714486930046,502.38,51.39083067505705,-0.5217015515481762,-0.6766306998571542,,-1.0667589290330295,
2026-04-24,MA,0.24431400043964385,504.17,52.802905763706256,-0.9869124722584273,-0.10890433181612848,,-1.4569330097582773,
2026-04-25,MA,0.40329,,52.802905763706256,-0.7895299778067422,0.7737261794659499,,-1.2138188915388566,
2026-04-26,MA,0.3239773658956655,,52.802905763706256,-0.6316239822453937,0.31588392642479685,,-1.026926102672753,
2026-04-27,MA,0.5209712170612547,506.43,52.802905763706256,-0.9330757156941618,1.3928985244441245,,-1.270493291402253,
2026-04-28,MA,0.26109917453874776,507.62,53.997857366160986,-0.9363723795589207,-0.08706662175992103,,-1.228212779837201,
2026-04-29,MA,0.43541428571428564,525.23,65.38072462209587,0.2061555319402011,0.898154149130104,,-0.13142908820906243,
2026-04-30,MA,0.1570336403274536,,65.38072462209587,0.1649244255521607,-0.7013660439423448,,-0.16921827903480458,
2026-05-01,MA,0.5483445858386811,,65.38072462209587,0.13193954044172873,1.5133506341468999,,-0.1990601321640316,
2026-05-02,MA,0.3130625,,65.38072462209587,0.10555163235338316,0.16345236593183635,,-0.22247376888837792,
2026-05-03,MA,0.13856000000000002,,65.38072462209587,0.08444130588270671,-0.8312827975107813,,-0.2406965095359635,
2026-05-04,MA,0.42228,,65.38072462209587,0.06755304470616519,0.8046402577214886,,-0.25473483425853827,
2026-05-05,MA,0.5625928571428571,,65.38072462209587,0.05404243576493162,1.5582879354133559,,-0.26540624763802717,
2026-05-06,MA,0.24049032258064515,,65.38072462209587,0.043233948611945294,-0.28721606056643695,0.705591365014711,-0.2733737846481889,0.01477884988338185
2026-05-07,MA,0.3489758620689655,,65.38072462209587,0.03458715888955588,0.3381098986407704,0.6810040313887212,-0.27917444571836453,0.25579283515741513
2026-05-08,MA,0.5108619047619047,,65.38072462209587,0.02766972711164417,1.2505158411931294,0.6588506262605408,-0.2832425856692366,0.612888748654643
2026-05-09,MA,0.30566145923137666,,65.38072462209587,0.022135781689315515,0.055250041714474375,0.6387515546751846,-0.28592910457940857,0.12794675171452258
2026-05-10,MA,0.52185,,65.38072462209587,0.017708625351452234,1.2901762703985198,0.6204055932709329,-0.28751715399086025,0.6159370399434297
2026-05-11,MA,0.3733516129032258,,65.38072462209587,0.014166900281161965,0.41774594350330646,0.6035701917489124,-0.2882349606795667,0.26169894672212624
2026-05-12,MA,0.015159229611266728,,65.38072462209587,0.011333520224929394,-1.629099552525748,0.5880475150696549,-0.28826627498855256,-0.5617054489859685
2026-05-13,MA,0.3442280080715505,,65.38072462209587,0.009066816179942983,0.27211553612045364,0.5736743468086943,-0.28775886836747633,0.19462085798054685
2026-05-14,MA,0.521575,,65.38072462209587,0.007253452943953853,1.2743331927349388,0.5603146505220651,-0.2868314337793738,0.5917782421167829
2026-05-15,MA,0.3384291935874273,,65.38072462209587,0.0058027623551630825,0.20963447922526648,0.5478539990403272,-0.28557918194915943,0.1625362368174569
2026-05-16,MA,0.48342337058924667,,65.38072462209587,0.004642209884130111,1.0381676487493805,0.5361953409250919,-0.2840783750205403,0.49090214927111775
2026-05-17,MA,0.040915642710296185,,65.38072462209587,0.003713767907304266,-1.503784053814575,0.5252557401801657,-0.2823899960124252,-0.5286538982755079
2026-05-18,MA,0.4558125,,65.38072462209587,0.0029710143258432353,0.8793956977482875,0.5149638350807489,-0.28056271647357534,0.4220786146814671
2026-05-19,MA,0.48616991448657854,,65.38072462209587,0.0023768114606745883,1.035777054236995,0.5052578356597527,-0.27863529491578837,0.4822975839179873
2026-05-20,MA,0.3388536903934634,,65.38072462209587,0.0019014491685398482,0.18195947566957243,0.4960839297463148,-0.27663851402736656,0.13861741498351343
2026-05-21,MA,0.30999599549341583,,65.38072462209587,0.0015211593348318786,0.013474217640438406,0.48739500244449485,-0.2745967444918002,0.06922916444198375
2026-05-22,MA,0.7534575454579666,,65.38072462209587,0.0012169274678655029,2.4621943406903766,0.47914959862903395,-0.2725292067274863,1.046863853846615
2026-05-23,MA,,,65.38072462209587,0.0009735419742922247,,0.47131107569907305,-0.2728480127425693,
2026-03-24,MATIC,,,,,,,,
2026-03-25,MATIC,,,,,,,,
2026-03-26,MATIC,,,,,,,,
2026-03-27,MATIC,,,,,,,,
2026-03-28,MATIC,,,,,,,,
2026-03-29,MATIC,0.40750000000000003,,,,,,,
2026-03-30,MATIC,,,,,,,,
2026-03-31,MATIC,,,,,,,,
2026-04-01,MATIC,0.36375,,,,,,,
2026-04-02,MATIC,-0.5106,,,,,,,
2026-04-03,MATIC,-0.3612,,,,,,,
2026-04-04,MATIC,,,,,,,,
2026-04-05,MATIC,,,,,,,,
2026-04-06,MATIC,,,,,,,,
2026-04-07,MATIC,,,,,,,,
2026-04-08,MATIC,,,,,,,,
2026-04-09,MATIC,,,,,,,,
2026-04-10,MATIC,,,,,,,,
2026-04-11,MATIC,,,,,,,,
2026-04-12,MATIC,,,,,,,,
2026-04-13,MATIC,,,,,,,,
2026-04-14,MATIC,,,,,,,,
2026-04-15,MATIC,,,,,,,,
2026-04-16,MATIC,,,,,,,,
2026-04-17,MATIC,,,,,,,,
2026-04-18,MATIC,,,,,,,,
2026-04-19,MATIC,,,,,,,,
2026-04-20,MATIC,,,,,,,,
2026-04-21,MATIC,,,,,,,,
2026-04-22,MATIC,,,,,,,,
2026-04-23,MATIC,,,,,,,,
2026-04-24,MATIC,,,,,,,,
2026-04-25,MATIC,,,,,,,,
2026-04-26,MATIC,,,,,,,,
2026-04-27,MATIC,,,,,,,,
2026-04-28,MATIC,,,,,,,,
2026-04-29,MATIC,,,,,,,,
2026-04-30,MATIC,,,,,,,,
2026-05-01,MATIC,,,,,,,,
2026-05-02,MATIC,,,,,,,,
2026-05-03,MATIC,,,,,,,,
2026-05-04,MATIC,,,,,,,,
2026-05-05,MATIC,,,,,,,,
2026-05-06,MATIC,,,,,,,,
2026-05-07,MATIC,,,,,,,,
2026-05-08,MATIC,,,,,,,,
2026-05-09,MATIC,,,,,,,,
2026-05-10,MATIC,,,,,,,,
2026-05-11,MATIC,,,,,,,,
2026-05-12,MATIC,,,,,,,,
2026-05-13,MATIC,,,,,,,,
2026-05-14,MATIC,,,,,,,,
2026-05-15,MATIC,,,,,,,,
2026-05-16,MATIC,,,,,,,,
2026-05-17,MATIC,,,,,,,,
2026-05-18,MATIC,,,,,,,,
2026-05-19,MATIC,,,,,,,,
2026-05-20,MATIC,,,,,,,,
2026-05-21,MATIC,,,,,,,,
2026-05-22,MATIC,,,,,,,,
2026-05-23,MATIC,,,,,,,,
2026-03-24,META,0.01703252992700444,592.92,,0.0,,,,
2026-03-25,META,0.12886911640624718,594.89,,0.12572079772071448,,,,
2026-03-26,META,-0.06527892850923799,547.54,,-2.8241232587397826,,,,
2026-03-27,META,0.027891512243703648,525.72,,-5.911334376949737,,,,
2026-03-28,META,0.11860208983430193,,,-4.72906750155979,,,,
2026-03-29,META,0.20167818830158846,,,-3.7832540012478315,,,,
2026-03-30,META,0.05433681592014883,536.38,,-6.273318836303364,,,,
2026-03-31,META,0.12393503935710412,572.13,,-4.0805751989581065,,,,
2026-04-01,META,0.24355968633220684,579.23,,-1.9765668064291653,,,,
2026-04-02,META,0.018285168695064472,574.46,,-0.7914822168548676,,,,
2026-04-03,META,0.2573133962567025,,,-0.6331857734838939,,,,
2026-04-04,META,0.34223252124569054,,,-0.5065486187871144,,,,
2026-04-05,META,0.23563172756444414,,,-0.405238895029691,,,,
2026-04-06,META,-0.22466330458265008,573.02,,0.476221159707535,,,,
2026-04-07,META,-0.049505208787285794,575.05,,1.0293109208080988,,,,
2026-04-08,META,0.30231298881577434,612.42,,3.775906876888313,,,,
2026-04-09,META,0.2087181442881569,628.39,,6.3790648608948235,,,,
2026-04-10,META,0.04866627178012083,629.86,,7.815961555298255,,,,
2026-04-11,META,0.1847867769294166,,,6.252769244238603,,,,
2026-04-12,META,0.3317191691301645,,,5.002215395390883,1.398510059451831,,1.227252674095311,
2026-04-13,META,0.09640508095081714,634.53,,7.586640086832374,-0.19115029309368042,,1.6736987481055636,
2026-04-14,META,0.1756711921410976,662.49,,9.429401404887335,0.3503837868181653,,1.8651885591434423,
2026-04-15,META,0.17943297816190307,671.58,,10.633833572031271,0.36797473779166506,,1.893428079622534,
2026-04-16,META,0.02630704656581026,676.87,,11.108291289222272,-0.7169204585860108,,1.7994197341174387,
2026-04-17,META,0.17997489836916006,688.55,80.33205590010115,11.482820134568822,0.3977180782855127,,1.7131163177052935,
2026-04-18,META,0.3781430874658849,,80.33205590010115,9.186256107655057,1.7212428640811697,,1.2343553191290895,
2026-04-19,META,0.47545809150488205,,80.33205590010115,7.3490048861240425,2.1421053518614035,,0.8775184736468546,
2026-04-20,META,0.1882292050596121,670.91,80.33205590010115,7.341015097492452,0.2537807327431038,,0.8488981788738821,
2026-04-21,META,-0.025379894533359437,668.84,78.8900347512336,5.898535881612855,-1.1249542523431564,,0.5766373765224634,
2026-04-22,META,0.24999186539514426,674.72,79.79420840211532,4.880492842453744,0.6851291642399714,,0.38441785960120317,
2026-04-23,META,0.1775102531603546,659.15,71.10891756150927,2.801833155218034,0.1964944551621894,,0.0013074611421226632,
2026-04-24,META,0.12455497807081518,675.03,74.19408555620922,2.168045858706261,-0.1613688359028977,,-0.11567808620515005,
2026-04-25,META,0.32698445161820605,,74.19408555620922,1.734436686965008,1.1920193872501545,,-0.19522997116666455,
2026-04-26,META,0.06849726629109114,,74.19408555620922,1.387549349572005,-0.5708808570084399,,-0.2582919641674749,
2026-04-27,META,0.10148899568665495,678.62,74.19408555620922,1.4929341067310418,-0.3367400196253074,,-0.23410048296640223,
2026-04-28,META,0.3704369213452506,671.34,69.61046009836927,0.3685760275124501,1.4817565578101226,,-0.4502945293473898,
2026-04-29,META,-0.03035644764651387,669.12,68.47831844902868,-0.7109176755806956,-1.2370372481595688,,-0.654740136419919,
2026-04-30,META,0.12014665459154372,611.91,47.18194141639533,-5.21341542133775,-0.20496649960908186,,-1.4991040832144273,
2026-05-01,META,0.2905291186095961,608.745,46.32363623895173,-8.164449345234388,0.9515361924184069,,-1.9518327748508373,
2026-05-02,META,0.19968462872359616,,46.32363623895173,-6.53155947618751,0.3170974819997918,,-1.5664031223209176,
2026-05-03,META,0.06640481323993772,,46.32363623895173,-5.225247580950011,-0.6078577709095379,,-1.2782278431827718,
2026-05-04,META,0.10365112045498356,610.41,46.32363623895173,-8.556783726214565,-0.33990509042585165,,-1.7975367976973178,
2026-05-05,META,-0.010508238694783545,604.96,44.45077010695213,-9.506273843029513,-1.125211029363251,,-1.8621631528811937,
2026-05-06,META,0.03248901922504888,612.88,47.174491654931664,-9.211319947827299,-0.8034935620644449,-1.2316072955408066,-1.7258404570655332,-1.20863175060768
2026-05-07,META,0.12831522759463326,616.81,48.52329143518327,-8.385472642567407,-0.1167210374741951,-1.0801899924069662,-1.524949242240147,-0.8282301853838119
2026-05-08,META,0.12350491550779057,609.63,46.20224689094594,-7.960065970042638,-0.14986526570222308,-1.1664628598336941,-1.4055127493032922,-0.8315387890219851
2026-05-09,META,0.10753475114512283,,46.20224689094594,-6.368052776034111,-0.2636876782045145,-1.1081799339599714,-1.1142852639451561,-0.7722146306533441
2026-05-10,META,0.05584084077246797,,46.20224689094594,-5.094442220827289,-0.6362598342082184,-1.05794522303952,-0.8870958984880986,-0.838016270141573
2026-05-11,META,0.08707630879868641,598.86,46.20224689094594,-6.535559533352783,-0.3992350584620626,-1.014055195913259,-1.0997708495563308,-0.793841837025702
2026-05-12,META,0.13987956593153653,603.0,48.126633333872434,-6.076009414326781,-0.0030388580349355234,-0.8584140485614915,-1.0031786199654982,-0.559693343772071
2026-05-13,META,0.10318552493635974,616.63,52.98556849423529,-4.600198754449858,-0.2782606859895951,-0.5270508107259602,-0.7480759335492041,-0.4938422976783873
2026-05-14,META,0.14419596475403196,618.43,53.603644477826705,-3.309258288735357,0.0351872602092568,-0.4754296694877322,-0.5276476153650231,-0.28684828137212387
2026-05-15,META,-0.07161044537577241,614.23,51.889483913522376,-2.5772276254534576,-1.5773301392438226,-0.5776163064816519,-0.40108979110050647,-0.9245438849721765
2026-05-16,META,0.1970137234984897,,51.889483913522376,-2.061782100362766,0.4617267431189522,-0.5650010397011629,-0.31121562488130233,-0.07817430212715867
2026-05-17,META,0.18241110264399538,,51.889483913522376,-1.6494256802902125,0.34623851295332375,-0.5531838137694729,-0.238954017515164,-0.09914594420406157
2026-05-18,META,0.040598576492596954,611.21,51.889483913522376,-1.5494410437112873,-0.739657024660626,-0.5420834634472648,-0.2197864466075442,-0.5244237828806931
2026-05-19,META,0.05711798122068773,602.61,47.68932029862569,-1.7822314563652562,-0.6041276345738682,-0.8178189371310916,-0.257581159263419,-0.5642710827479005
2026-05-20,META,0.11116221205421378,605.06,48.726920720018214,-1.638981421663905,-0.18063887102671147,-0.7272890489187439,-0.2305468578327056,-0.35960632043611945
2026-05-21,META,0.08372126597971162,607.38,49.74349391193698,-1.2721066493072088,-0.3928421970108368,-0.6413398787859713,-0.1646919274599121,-0.39894642067809977
2026-05-22,META,0.17235129069909452,610.42,51.11131069583253,-0.7354522991946881,0.30731798697296236,-0.5329536501656026,-0.0690744938982567,-0.05768124842997282
2026-05-23,META,,,51.11131069583253,-0.5883618393557501,,-0.5238410974388509,-0.04105148933766443,
2026-03-24,METV,0.09907500000000001,15.86,,0.0,,,,
2026-03-25,METV,0.07237058823529413,16.125,,0.016911680911681513,,,,
2026-03-26,METV,0.06069285714285715,15.55,,-0.010108645222035478,,,,
2026-03-27,METV,0.3088470588235294,15.23,,-0.046951708201760936,,,,
2026-03-28,METV,-0.029459999999999986,,,-0.03756136656140875,,,,
2026-03-29,METV,-0.030274999999999996,,,-0.030049093249126996,,,,
2026-03-30,METV,0.12397272727272729,15.25,,-0.06719474561533005,,,,
2026-03-31,METV,0.1951285714285714,15.93,,-0.02933002568788788,,,,
2026-04-01,METV,0.296,16.12,,0.008531336077340704,,,,
2026-04-02,METV,,16.03,,0.02651744735530529,,,,
2026-04-03,METV,,,,0.021213957884244232,,,,
2026-04-04,METV,,,,0.016971166307395383,,,,
2026-04-05,METV,,,,0.013576933045916308,,,,
2026-04-06,METV,,16.06,,0.04091759880991057,,,,
2026-04-07,METV,,16.0,,0.04034499479761576,,,,
2026-04-08,METV,,16.41,,0.06411891955116981,,,,
2026-04-09,METV,,16.44,,0.07750965620609362,,,,
2026-04-10,METV,,16.445,,0.08191834539345466,,,,
2026-04-11,METV,,,,0.06553467631476373,,,,
2026-04-12,METV,,,,0.05242774105181097,,,0.8721839886383881,
2026-04-13,METV,,16.75,,0.09413512557738896,,,1.6708791360522843,
2026-04-14,METV,,17.04,,0.11543069287612931,,,1.8995131369669247,
2026-04-15,METV,,17.41,,0.14516632907756952,,,2.1683411004499575,
2026-04-16,METV,,17.62,,0.16809155613149557,,,2.23598768411828,
2026-04-17,METV,,17.87,87.46929050965804,0.187715964281863,,,2.2276152960013653,
2026-04-18,METV,,,87.46929050965804,0.15017277142549035,,,1.5451335686984584,
2026-04-19,METV,,,87.46929050965804,0.1201382171403923,,,1.0600613036552864,
2026-04-20,METV,,17.84,87.46929050965804,0.15694016722970516,,,1.500939811049076,
2026-04-21,METV,,17.54,78.63043736049212,0.12512892139434856,,,1.0107160490630502,
2026-04-22,METV,,17.93,80.83935735756711,0.1199453854146405,,,0.9081204373611773,
2026-04-23,METV,,17.4957,71.92346419439446,0.07884503154871703,,,0.3163334994894884,
2026-04-24,METV,,18.015,75.41506260221955,0.07806408096178374,,,0.29992683365664297,
2026-04-25,METV,,,75.41506260221955,0.06245126476942697,,,0.06939793355132055,
2026-04-26,METV,,,75.41506260221955,0.04996101181554158,,,-0.1154045673804539,
2026-04-27,METV,,18.03,75.41506260221955,0.061518914520935275,,,0.0589829371990754,
2026-04-28,METV,,17.88,71.93923482853768,0.037780519964033754,,,-0.30173539405337196,
2026-04-29,METV,,17.88,71.93923482853768,0.016233408201938082,,,-0.625729566779957,
2026-04-30,METV,,,71.93923482853768,0.012986726561550421,,,-0.6639606006759747,
2026-05-01,METV,,,71.93923482853768,0.010389381249240381,,,-0.6917398214438377,
2026-05-02,METV,,,71.93923482853768,0.00831150499939226,,,-0.7112243423987178,
2026-05-03,METV,,,71.93923482853768,0.006649203999513853,,,-0.7241665298474097,
2026-05-04,METV,,,71.93923482853768,0.005319363199611127,,,-0.7319798657691003,
2026-05-05,METV,,,71.93923482853768,0.004255490559688879,,,-0.7357978170112837,
2026-05-06,METV,,,71.93923482853768,0.003404392447751148,,-0.745282023292072,-0.736524922617082,
2026-05-07,METV,,,71.93923482853768,0.0027235139582009182,,-0.7183008688711565,-0.7348801115536157,
2026-05-08,METV,,,71.93923482853768,0.0021788111665607124,,-0.6940889703549218,-0.7314327876569613,
2026-05-09,METV,,,71.93923482853768,0.0017430489332486143,,-0.6721995831710376,-0.7266324913449164,
2026-05-10,METV,,,71.93923482853768,0.0013944391465988693,,-0.6522811526834892,-0.7208330401573414,
2026-05-11,METV,-0.13032499999999997,,71.93923482853768,0.0011155513172791398,,-0.6340526728753612,-0.7143120315749084,
2026-05-12,METV,-0.2678333333333333,,71.93923482853768,0.0008924410538233563,,-0.6172864275429358,-0.7072865137775224,
2026-05-13,METV,0.05999999999999999,,71.93923482853768,0.0007139528430586406,,-0.601795633103217,-0.6999255272593357,
2026-05-14,METV,0.14738,,71.93923482853768,0.0005711622744468681,,-0.5874254172208482,-0.6923601129287117,
2026-05-15,METV,0.202475,,71.93923482853768,0.00045692981955747225,,-0.574046117848676,-0.6846912814393167,
2026-05-16,METV,,,71.93923482853768,0.0003655438556460222,,-0.5615482281551408,-0.6769963490289341,
2026-05-17,METV,0.25570000000000004,,71.93923482853768,0.00029243508451681777,,-0.5498385295096623,-0.6693339686207728,
2026-05-18,METV,0.09426666666666667,,71.93923482853768,0.00023394806761345421,,-0.5388370957077838,-0.6617481210350021,
2026-05-19,METV,0.16970000000000002,,71.93923482853768,0.00018715845409067455,,-0.5284749453275036,-0.6542712786427315,
2026-05-20,METV,-0.23644166666666666,,71.93923482853768,0.00014972676327251744,,-0.5186921825820588,-0.6469269111194142,
2026-05-21,METV,-0.07073749999999998,,71.93923482853768,0.00011978141061796954,,-0.5094365107801521,-0.6397314685443615,
2026-05-22,METV,,,71.93923482853768,9.582512849437563e-05,,-0.50066203313595,-0.6326959494961629,
2026-05-23,METV,,,71.93923482853768,7.66601027955005e-05,,-0.49232827743382496,-0.6330692595810925,
2026-03-24,MSFT,0.10659116539286817,372.74,,0.0,,,,
2026-03-25,MSFT,0.031006531832230455,371.04,,-0.1084900284899959,,,,
2026-03-26,MSFT,0.1368965825823651,365.97,,-0.4941105348170822,,,,
2026-03-27,MSFT,0.15043933855563388,356.77,,-1.2956569653033512,,,,
2026-03-28,MSFT,0.10804960081642674,,,-1.036525572242681,,,,
2026-03-29,MSFT,0.15839342007436122,,,-0.8292204577941447,,,,
2026-03-30,MSFT,0.13237211471994767,358.96,,-1.5037135929480607,,,,
2026-03-31,MSFT,0.18884284411104643,370.17,,-0.8423144213922804,,,,
2026-04-01,MSFT,0.12057690464342564,369.37,,-0.420734853431332,,,,
2026-04-02,MSFT,0.15884054452544025,373.46,,0.14145785139966915,,,,
2026-04-03,MSFT,0.134675282500167,,,0.11316628111973537,,,,
2026-04-04,MSFT,0.023369082934763943,,,0.09053302489578852,,,,
2026-04-05,MSFT,0.10936643429407811,,,0.0724264199166309,,,,
2026-04-06,MSFT,0.023819552367893033,372.88,,0.6264425635645408,,,,
2026-04-07,MSFT,0.12899029329887365,372.29,,0.7111245585059487,,,,
2026-04-08,MSFT,0.13300193957782505,374.33,,0.8679958963755253,,,,
2026-04-09,MSFT,0.09441447100472712,373.07,,0.8493140322801025,,,,
2026-04-10,MSFT,0.16821925514923555,370.87,,0.6596537939431847,,,,
2026-04-11,MSFT,0.1848327687909751,,,0.5277230351545478,,,,
2026-04-12,MSFT,0.22430868332858303,,,0.4221784281236382,1.848991731898354,,0.6800706444028072,
2026-04-13,MSFT,0.15422895292238303,384.37,,1.5807022638585817,0.5170742094801576,,1.9794149061543322,
2026-04-14,MSFT,0.28778263397218323,393.11,,2.4037941191394894,2.4950733579281716,,2.462348981784439,
2026-04-15,MSFT,0.1606332587048367,411.22,,3.9436397023193863,0.41475019567524357,,3.028788511568413,
2026-04-16,MSFT,0.11028577190407922,420.26,,5.264196822950588,-0.41059484150387227,,3.0614475741056206,
2026-04-17,MSFT,0.11421148097624413,422.79,71.75166531528075,5.950631236349062,-0.33675482603262724,,2.7927561957636873,
2026-04-18,MSFT,0.2055622879362153,,71.75166531528075,4.760504989079249,1.177856599101113,,1.944780412716222,
2026-04-19,MSFT,0.17984440495012463,,71.75166531528075,3.8084039912633987,0.7182694275065687,,1.3866892837321594,
2026-04-20,MSFT,0.1050635155879646,418.07,71.75166531528075,4.661497777908386,-0.5562043823875131,,1.6744158450432116,
2026-04-21,MSFT,0.2119461952698182,424.16,75.02355508362777,4.644805427574196,1.248572213704924,,1.5628437796984878,
2026-04-22,MSFT,0.2106481504627381,432.92,78.20954997719616,4.868827428792631,1.176157633923333,,1.5650463532112513,
2026-04-23,MSFT,-0.18901655894054634,415.75,61.618422464724276,3.5660918533048758,-3.8737428930233175,,0.9551130581512296,
2026-04-24,MSFT,0.17561248287033693,424.62,65.6700314684656,3.0283898796147515,0.5262043072851358,,0.6991975234876704,
2026-04-25,MSFT,0.1568300360558584,,65.6700314684656,2.4227119036918,0.29154082272555687,,0.4199697171234177,
2026-04-26,MSFT,0.17470289533174288,,65.6700314684656,1.938169522953439,0.5040986439162545,,0.19676574299131508,
2026-04-27,MSFT,0.20671995321684458,424.82,65.6700314684656,1.8506691661716967,0.8829818672879329,,0.1541668736051712,
2026-04-28,MSFT,0.07507995537325567,429.25,67.94325903777693,1.5758992260801143,-0.7583811299742719,,0.02522207560660686,
2026-04-29,MSFT,0.15629649980353402,424.46,63.92656358724979,0.890434609567345,0.2670487946690561,,-0.2959263664486501,
2026-04-30,MSFT,0.09505884145513073,407.78,52.32586458002038,-0.7773337891574261,-0.510694994477004,,-1.0666854588751784,
2026-05-01,MSFT,0.15686678126159712,414.44,55.77664520412758,-1.4820880184201677,0.28697518831371976,,-1.352513112603328,
2026-05-02,MSFT,0.24024704033683453,,55.77664520412758,-1.1856704147361334,1.3325303616725641,,-1.1751807129455387,
2026-05-03,MSFT,0.3660710114096148,,55.77664520412758,-0.9485363317889082,2.6535209152113377,,-1.0360954762547325,
2026-05-04,MSFT,0.15116686191578707,413.62,55.77664520412758,-1.7617974538181151,0.0936022406768888,,-1.369252123031096,
2026-05-05,MSFT,-0.08567230168299789,411.38,54.00814029044204,-2.286261022207041,-2.5110539450537432,,-1.5476886628194588,
2026-05-06,MSFT,0.12436243023902993,413.96,55.43635188443971,-2.438220931370642,-0.15212115781747618,-1.0966590161455692,-1.5525663857780194,-0.855616083704067
2026-05-07,MSFT,0.0749893104469177,420.77,59.05100724939974,-2.073230857334039,-0.7008127315775755,-0.6163950679207866,-1.3443323223993529,-0.868543309727072
2026-05-08,MSFT,0.15626162977048763,415.12,55.060635141890444,-2.19380271028424,0.2245970972261519,-1.074451634551877,-1.3539064299338834,-0.6386685804552674
2026-05-09,MSFT,0.09987847899795693,,55.060635141890444,-1.7550421682273925,-0.42079856425989975,-1.0253098621995398,-1.1321493164410232,-0.8155571792961288
2026-05-10,MSFT,0.14025284327753162,,55.060635141890444,-1.4040337345819154,0.048851322911088194,-0.9824293534140398,-0.9584312679067218,-0.5627176572317931
2026-05-11,MSFT,0.13510302470038152,412.66,55.060635141890444,-1.9270441964152845,-0.011646600497760468,-0.9445784770972312,-1.159168321519052,-0.6357826797839892
2026-05-12,MSFT,0.0700683846245184,407.77,51.045135495788166,-2.4069215815762988,-0.7726597902957771,-1.3750557648698016,-1.3303030741549158,-1.120671567825726
2026-05-13,MSFT,0.06266819679418437,405.21,49.39029053798686,-2.820272511975384,-0.8464752067063233,-1.4846018086041266,-1.4619863183163628,-1.2225665207586762
2026-05-14,MSFT,-0.08835821829596964,409.43,52.144470084391784,-2.7311456783386534,-2.4651100351867727,-1.1010140133992579,-1.3830955250080006,-1.7312768755968868
2026-05-15,MSFT,0.15017755078461548,421.92,59.21835257326353,-1.797750779483673,0.2367730282871763,-0.23518266898559106,-0.9689193918480657,-0.2665214069352265
2026-05-16,MSFT,0.2171178007929453,,59.21835257326353,-1.4382006235869387,0.9842013331749965,-0.23114674634891066,-0.8038387498964221,0.08318488439639882
2026-05-17,MSFT,-0.01883648777186871,,59.21835257326353,-1.1505604988695506,-1.655796850052987,-0.22731189253573045,-0.6723734345866956,-0.9322243381579227
2026-05-18,MSFT,0.08784344653044243,423.54,59.21835257326353,-0.29818375000432873,-0.4510573497877469,-0.2236619348102779,-0.3046297079340342,-0.3389104327383924
2026-05-19,MSFT,-0.47267749054445946,417.42,53.96137156007068,-0.44012996255090897,-4.989330910585507,-0.8824988882633419,-0.3622838011255979,-2.369167171050885
2026-05-20,MSFT,0.24572040816326532,421.06,56.00013860885607,-0.3247718125255883,1.0675664721604767,-0.6042384283909855,-0.3091948239181405,0.1529966131714529
2026-05-21,MSFT,0.14500721373535255,419.09,54.59111990392139,-0.4114644110604946,0.2149136012921703,-0.7717285171199936,-0.34393961047234717,-0.2487349977608341
2026-05-22,MSFT,-0.05987864579468964,418.57,54.203437325107096,-0.5267805119923779,-1.4883793314662817,-0.8041532334974412,-0.3911177120016981,-0.9539330162362544
2026-05-23,MSFT,,,54.203437325107096,-0.4214244095939019,,-0.7864803841142473,-0.3408422039807909,
2026-03-24,MSTR,0.2389652447246956,136.25,,0.0,,,,
2026-03-25,MSTR,0.26929473048038777,139.13,,0.18379487179486204,,,,
2026-03-26,MSTR,0.10044564753097791,132.93,,-0.10672931550881004,,,,
2026-03-27,MSTR,0.39133529578090775,126.03,,-0.7237468489745269,,,,
2026-03-28,MSTR,-0.04122307881522134,,,-0.5789974791796215,,,,
2026-03-29,MSTR,0.10099093386047543,,,-0.4631979833436972,,,,
2026-03-30,MSTR,0.026615457396090208,121.44,,-1.540160192651848,,,,
2026-03-31,MSTR,0.062029270872822596,124.8,,-1.546456872980725,,,,
2026-04-01,MSTR,-0.1103720075071538,122.78,,-1.587363050054306,,,,
2026-04-02,MSTR,0.046352690544283634,119.83,,-1.7035499256624678,,,,
2026-04-03,MSTR,0.17012034454543679,,,-1.362839940529974,,,,
2026-04-04,MSTR,0.1583961343458925,,,-1.0902719524239792,,,,
2026-04-05,MSTR,0.3218282218535244,,,-0.8722175619391832,,,,
2026-04-06,MSTR,0.09297111616644121,127.69,,-0.46842239313828227,,,,
2026-04-07,MSTR,0.06540925630391058,123.72,,-0.4436220678064493,,,,
2026-04-08,MSTR,0.15000786925842985,128.3,,-0.08449459717807395,,,,
2026-04-09,MSTR,0.21892793390047216,128.86,,0.20900216742018474,,,,
2026-04-10,MSTR,0.20543236443046248,128.64,,0.3957231555820191,,,,
2026-04-11,MSTR,0.05794746175272898,,,0.31657852446561563,,,,
2026-04-12,MSTR,0.04711520781889559,,,0.25326281957249286,-0.6697237943287787,,1.1443929273813251,
2026-04-13,MSTR,0.06508317781966023,132.36,,0.8005820682441325,-0.5067040659377692,,1.7189612466459245,
2026-04-14,MSTR,0.163388234862256,137.41,,1.2997022923066481,0.3086926410233509,,2.0659240425097196,
2026-04-15,MSTR,0.19262041781509293,143.54,,1.9563822539616242,0.5433147792519789,,2.38843857549038,
2026-04-16,MSTR,0.21649948037822614,148.94,,2.6263474725189693,0.7270337387496572,,2.54692728123787,
2026-04-17,MSTR,0.21681111263779923,166.52,82.61640965553336,4.040832117056468,0.7078252382017532,,2.9563621022614375,
2026-04-18,MSTR,0.3208455049482407,,82.61640965553336,3.2326656936451745,1.5219177461750486,,2.099892564499888,
2026-04-19,MSTR,0.0990282495808293,,82.61640965553336,2.5861325549161394,-0.38053055738213604,,1.5548386121089715,
2026-04-20,MSTR,0.09396325299958264,170.81,82.61640965553336,4.724266109808678,-0.41613037690804616,,2.518243216296427,
2026-04-21,MSTR,0.12371396419639566,163.97,72.16565118404347,4.50100316662168,-0.1488865400374561,,2.140969728568044,
2026-04-22,MSTR,0.08600226752063396,179.36,77.72852532731483,5.074098124353265,-0.4804159592019933,,2.192006868168783,
2026-04-23,MSTR,0.14538543686355462,172.47,70.8970913932728,4.682869755818042,0.06353233258607115,,1.8473799668915123,
2026-04-24,MSTR,0.08390761295871454,171.02,69.5124806554382,4.044225929726391,-0.5003889586772395,,1.4657934925000609,
2026-04-25,MSTR,0.23112549173918087,,69.5124806554382,3.2353807437811124,0.8666754830433957,,1.054821363613031,
2026-04-26,MSTR,0.11169220774020999,,69.5124806554382,2.5883045950248906,-0.2617282110481778,,0.7380027930105766,
2026-04-27,MSTR,0.17543879831895853,169.2,69.5124806554382,2.302681460654558,0.34591584132366504,,0.5932159740300963,
2026-04-28,MSTR,-0.0953147374268089,165.71,65.37884066247864,1.481205874136597,-2.108741713628674,,0.2036358429004271,
2026-04-29,MSTR,0.3034301672369104,158.19,58.77028814602928,0.32223950839845017,1.4965065825066728,,-0.344283819181743,
2026-04-30,MSTR,0.15327093068747116,,58.77028814602928,0.2577916067187598,0.1362818866156525,,-0.3698838548918324,
2026-05-01,MSTR,0.16771473978272408,,58.77028814602928,0.2062332853750064,0.26508804084665816,,-0.38933043391341515,
2026-05-02,MSTR,0.5398172253449619,,58.77028814602928,0.16498662830000477,3.1561209861600865,,-0.40383677215193287,
2026-05-03,MSTR,-0.04028106421221048,,58.77028814602928,0.13198930264000452,-1.4699065873279504,,-0.4143888779641185,
2026-05-04,MSTR,0.07432851933871787,,58.77028814602928,0.10559144211200433,-0.5498595110291247,,-0.4217858799031005,
2026-05-05,MSTR,0.01659823269966064,,58.77028814602928,0.08447315368960417,-0.9893238468718868,,-0.4266738497161684,
2026-05-06,MSTR,0.09316358358238315,,58.77028814602928,0.06757852295168298,-0.37042687354991144,-1.0099436021461423,-0.4295739753953769,-0.5800260226824203
2026-05-07,MSTR,0.03278420034528838,,58.77028814602928,0.054062818361344966,-0.843198023854768,-0.962539142595474,-0.43090587518685836,-0.755312714876607
2026-05-08,MSTR,0.2720462869416191,,58.77028814602928,0.04325025468907562,1.07533759310673,-0.921327393081857,-0.4310067805402465,0.02443478515606093
2026-05-09,MSTR,0.2659790294175347,,58.77028814602928,0.034600203751260494,1.00395971724144,-0.8850606714058113,-0.4301472444969444,0.007021512125749335
2026-05-10,MSTR,0.2215849801726994,,58.77028814602928,0.027680163001008395,0.6345990121395135,-0.8528177579513431,-0.42854395455212174,-0.13056890889523398
2026-05-11,MSTR,0.1116063562410392,,58.77028814602928,0.022144130400807427,-0.26001770810543395,-0.8239016105759593,-0.4263701507910972,-0.4790886116522905
2026-05-12,MSTR,0.20946634216878848,,58.77028814602928,0.01771530432064594,0.5393852777030085,-0.7977737126145727,-0.4237640755330008,-0.15070722536306863
2026-05-13,MSTR,0.22854733618699816,,58.77028814602928,0.014172243456517464,0.6876932329118398,-0.7740104943170555,-0.420835812651206,-0.08337659892574248
2026-05-14,MSTR,0.16079283216436216,,58.77028814602928,0.011337794765214682,0.12114296139306645,-0.7522735606127031,-0.41767281455925603,-0.30252672799436114
2026-05-15,MSTR,0.19426134396678132,,58.77028814602928,0.009070235812171035,0.3987861741094153,-0.7322888363075368,-0.41434436287323007,-0.18447549011046394
2026-05-16,MSTR,-0.20423723695228496,,58.77028814602928,0.007256188649737538,-2.737782785286194,-0.7138316343165961,-0.41090516464287274,-1.4325341538023182
2026-05-17,MSTR,0.14348173907502398,,58.77028814602928,0.0058049509197886096,0.0210214348241487,-0.6967157558567001,-0.4073982490792061,-0.3228256275511123
2026-05-18,MSTR,0.021126783217595743,,58.77028814602928,0.004643960735830177,-0.942629300348763,-0.6807853956655877,-0.40385729903604095,-0.7024445285499937
2026-05-19,MSTR,0.06641895505703518,,58.77028814602928,0.0037151685886627206,-0.5728326002651206,-0.6659090369192011,-0.400308526241317,-0.5489983090542038
2026-05-20,MSTR,0.24833593294171954,,58.77028814602928,0.0029721348709301765,0.8804699566442558,-0.6519747823185132,-0.39677217858257247,0.03756389438737666
2026-05-21,MSTR,0.00543007940420261,,58.77028814602928,0.0023777078967448517,-1.0624036095810772,-0.6388867382476996,-0.3932637508735761,-0.7346065905688135
2026-05-22,MSTR,0.1527881287118187,,58.77028814602928,0.001902166317396592,0.12559293265127158,-0.626562182202268,-0.38979495680664317,-0.2546699686421647
2026-05-23,MSTR,,,58.77028814602928,0.001521733053916563,,-0.6149293204441356,-0.39003784407806563,
2026-03-24,MU,0.15046234055187138,395.53,,0.0,,,,
2026-03-25,MU,0.2712259627306121,382.09,,-0.8577094017094169,,,,
2026-03-26,MU,0.0636079199339412,355.46,,-3.0478519882143607,,,,
2026-03-27,MU,0.20013998815283768,357.22,,-4.139596841023478,,,,
2026-03-28,MU,-0.0062250332569041,,,-3.3116774728187823,,,,
2026-03-29,MU,0.2044152796824152,,,-2.649341978255026,,,,
2026-03-30,MU,0.040725713091972544,321.8,,-7.430400280742312,,,,
2026-03-31,MU,0.07721746921949553,337.84,,-7.274392377119222,,,,
2026-04-01,MU,0.30757749316277366,367.85,,-4.814667776526626,,,,
2026-04-02,MU,0.11441779485875342,366.24,,-3.0469019368924872,,,,
2026-04-03,MU,0.17065570389553902,,,-2.4375215495139884,,,,
2026-04-04,MU,0.3221076782169565,,,-1.9500172396111903,,,,
2026-04-05,MU,0.533008450599201,,,-1.5600137916889505,,,,
2026-04-06,MU,0.3203748671201153,377.76,,0.9622136674265747,,,,
2026-04-07,MU,0.36755822471375693,377.58,,1.8972747256757039,,,,
2026-04-08,MU,0.2987170407611344,406.73,,4.334574045491051,,,,
2026-04-09,MU,0.3522062145828757,421.51,,6.658740746570105,,,,
2026-04-10,MU,0.2821964701666346,420.59,,7.773047515970838,,,,
2026-04-11,MU,0.2855338015236426,,,6.218438012776671,,,,
2026-04-12,MU,0.22508804904561905,,,4.974750410221336,-0.03015927742863316,,1.2133648433443092,
2026-04-13,MU,0.1121430850272829,426.56,,7.367915036300317,-0.8526862744210805,,1.5883443082790523,
2026-04-14,MU,0.2903712607855062,465.66,,9.921650434850983,0.4979334041106115,,1.8894019208402304,
2026-04-15,MU,0.1682724922892619,456.23,,10.383076674483362,-0.4426898134059748,,1.7859347772402498,
2026-04-16,MU,0.25677912223457056,457.23,,10.150848443714427,0.2548824846471903,,1.6048004466661423,
2026-04-17,MU,0.3933131717813933,455.07,50.63665366937868,9.27122516224139,1.2871064943035955,,1.3612892253161393,
2026-04-18,MU,0.2846798116897639,,50.63665366937868,7.41698012979311,0.41064920444183334,,0.9961227362326917,
2026-04-19,MU,0.8914500000000001,,50.63665366937868,5.933584103834487,3.6191093887920056,,0.7159143797297909,
2026-04-20,MU,0.3338291226348933,448.42,50.63665366937868,5.547529766822649,0.4220690512128086,,0.6316115636031308,
2026-04-21,MU,0.16843687583250302,449.38,50.9841418802502,4.4615821497336015,-0.5265028266670073,,0.428892235575719,
2026-04-22,MU,0.30793714375407705,487.48,60.63535334002587,5.840031557060865,0.2888980809910689,,0.6624435058038535,
2026-04-23,MU,0.3057458633937258,481.72,58.7519232692028,5.8785033319981785,0.2711215045326228,,0.6540893241631783,
2026-04-24,MU,0.23736841859346763,496.72,62.057190176750936,6.386542735282376,-0.14183314883161402,,0.7299817917453247,
2026-04-25,MU,0.40534572990108286,,62.057190176750936,5.109234188225898,0.8706008233504854,,0.48314949091206016,
2026-04-26,MU,0.3877120065480045,,62.057190176750936,4.087387350580716,0.7439617424133355,,0.286112993183232,
2026-04-27,MU,0.24845894255538037,524.56,62.057190176750936,7.957241955027964,-0.12232309432482483,,0.9958578861755601,
2026-04-28,MU,0.36693640237329417,504.29,54.16777118387303,6.690883990816765,0.615183235090931,,0.7377743204012628,
2026-04-29,MU,0.38157039419407335,518.46,57.483739152821244,6.216623169283643,0.6943835296761129,,0.634380531114255,
2026-04-30,MU,0.356525190481357,,57.483739152821244,4.973298535426913,0.5244991235020219,,0.3875061435677708,
2026-05-01,MU,0.48697920349099755,,57.483739152821244,3.9786388283415306,1.3218434574758053,,0.18994788817179542,
2026-05-02,MU,0.5090193143609046,,57.483739152821244,3.1829110626732238,1.4073071415431344,,0.03150074337669343,
2026-05-03,MU,0.5655879454512149,,57.483739152821244,2.546328850138579,1.6802242128047753,,-0.09542869247183956,
2026-05-04,MU,0.28950575127410394,,57.483739152821244,2.037063080110862,-0.025279969370106598,,-0.19677648719807753,
2026-05-05,MU,0.34367823789929636,,57.483739152821244,1.6296504640886873,0.3096434535024078,,-0.27731752154997574,
2026-05-06,MU,0.25699389711890563,,57.483739152821244,1.3037203712709484,-0.2357070020068271,0.17505027538290915,-0.3409474666169975,-0.14405195817295732
2026-05-07,MU,0.2612091046552672,,57.483739152821244,1.0429762970167573,-0.2063721135747149,0.17091430795928228,-0.3908616757962122,-0.14853305578096496
2026-05-08,MU,0.2447303362709262,,57.483739152821244,0.8343810376134044,-0.3092286183078044,0.16705795069871354,-0.42968218057212576,-0.2024787162851454
2026-05-09,MU,0.30548918456749496,,57.483739152821244,0.6675048300907207,0.08666477877477166,0.1634510925057334,-0.45955620888340903,-0.054165623403394036
2026-05-10,MU,0.3574710379633587,,57.483739152821244,0.5340038640725737,0.424642269989383,0.16006796945975146,-0.48223683810497436,0.07320624740218634
2026-05-11,MU,0.17492686017683434,,57.483739152821244,0.42720309125805755,-0.7782636300751724,0.15688639076012187,-0.49915067345737224,-0.4139847368392441
2026-05-12,MU,0.20461244395665493,,57.483739152821244,0.34176247300644036,-0.5720625416731207,0.1538871265261457,-0.5114550210343742,-0.3360953850217168
2026-05-13,MU,0.24480642716472803,,57.483739152821244,0.273409978405148,-0.2982092257832182,0.15105341896487415,-0.5200860712139127,-0.22999348598799885
2026-05-14,MU,0.43558700025380787,,57.483739152821244,0.21872798272411842,0.9794181001751705,0.14837058859459226,-0.5257992583201448,0.27853863915240246
2026-05-15,MU,0.42457433712386144,,57.483739152821244,0.17498238617929474,0.8891763841864772,0.14582571444552264,-0.5292028284546113,0.24065741947186425
2026-05-16,MU,0.3367090021084994,,57.483739152821244,0.1399859089434301,0.2878625180164366,0.14340737236952608,-0.5307855703791713,-0.0010684521963189308
2026-05-17,MU,0.25287647058823526,,57.483739152821244,0.1119887271547384,-0.2853050224658106,0.14110541938916715,-0.5309395888919674,-0.23107225983716428
2026-05-18,MU,0.08379957218295336,,57.483739152821244,0.08959098172378788,-1.4170270275377224,0.1389108148173028,-0.5299789140662073,-0.6841312407897604
2026-05-19,MU,0.2561572402513852,,57.483739152821244,0.07167278537902888,-0.2321138864648177,0.13681547096524116,-0.528154646012903,-0.2102473071002256
2026-05-20,MU,0.18413,,57.483739152821244,0.057338228303223104,-0.7210326501846716,0.13481212782779853,-0.5256672398948131,-0.40566959369397304
2026-05-21,MU,0.16073055555555557,,57.483739152821244,0.045870582642578484,-0.8704285955456064,0.13289424732603902,-0.522676445284336,-0.4651060976057317
2026-05-22,MU,-0.2840198993454377,,57.483739152821244,0.036696466114058524,-3.4960615314574066,0.13105592360185073,-0.5193093311852136,-1.5149006348579717
2026-05-23,MU,,,57.483739152821244,0.029357172891245398,,0.1292918065637942,-0.5211974222080134,
2026-03-24,NFLX,0.20964871836102494,90.92,,0.0,,,,
2026-03-25,NFLX,0.21290086097560157,92.28,,0.08679202279200808,,,,
2026-03-26,NFLX,0.03965254423653543,93.32,,0.2028143537795904,,,,
2026-03-27,NFLX,0.013909089628101478,93.43,,0.2712629110629705,,,,
2026-03-28,NFLX,-0.00712432578552442,,,0.21701032885037638,,,,
2026-03-29,NFLX,0.08011935948399729,,,0.17360826308030108,,,,
2026-03-30,NFLX,0.07042041836997738,92.97,,0.22342458800641563,,,,
2026-03-31,NFLX,0.08860471471930374,96.15,,0.4121882333784519,,,,
2026-04-01,NFLX,0.07599627111464176,95.55,,0.4669861192101341,,,,
2026-04-02,NFLX,0.04229723675892035,98.66,,0.6706434435217378,,,,
2026-04-03,NFLX,0.04525879713359671,,,0.5365147548173902,,,,
2026-04-04,NFLX,0.09566060311455941,,,0.4292118038539121,,,,
2026-04-05,NFLX,0.07626150347480361,,,0.3433694430831298,,,,
2026-04-06,NFLX,0.1083260214379785,98.93,,0.7304983640024911,,,,
2026-04-07,NFLX,0.12059184353688486,98.82,,0.7079083725234838,,,,
2026-04-08,NFLX,0.08049909104422265,99.39,,0.6805434193001758,,,,
2026-04-09,NFLX,0.08878474679627478,102.05,,0.7834479498948643,,,,
2026-04-10,NFLX,0.12021494200060583,103.01,,0.8523327788288841,,,,
2026-04-11,NFLX,0.01205223294031646,,,0.6818662230631074,,,,
2026-04-12,NFLX,0.025996223388572066,,,0.5454929784504858,-0.9393563306950998,,0.3747175409117722,
2026-04-13,NFLX,0.08515127458540418,103.16,,0.7250711516216395,0.0874691980022205,,1.0304953142317297,
2026-04-14,NFLX,0.16401367961034094,106.28,,0.852409557751018,1.3895930109602657,,1.4217072850318655,
2026-04-15,NFLX,0.1477662712065887,107.71,,0.9546528507343406,1.0549552597975096,,1.6558830517941239,
2026-04-16,NFLX,0.11408706261475358,107.79,,0.9474775574965459,0.46019675264662907,,1.5117762205083243,
2026-04-17,NFLX,0.08070880218596281,97.31,62.32193786927698,0.19602293201070742,-0.12525195815645293,,-1.0976469349676325,
2026-04-18,NFLX,0.08901504343565854,,62.32193786927698,0.15681834560856567,0.023709529583021964,,-1.1772293019163267,
2026-04-19,NFLX,0.1825891000482618,,62.32193786927698,0.12545467648685227,1.6183803874052218,,-1.2251019578033202,
2026-04-20,NFLX,0.15009804810496627,94.83,62.32193786927698,-0.7606873434728767,1.0046284075056537,,-3.2466122597794387,
2026-04-21,NFLX,0.22701577400675135,92.58,56.39993488966532,-1.2306150489608139,2.123532933973501,,-3.37887777318047,
2026-04-22,NFLX,0.2185520618391583,93.24,57.440973937518784,-1.4435574852317128,1.8315691070978726,,-3.0677326429819645,
2026-04-23,NFLX,0.1289317777851072,92.82,56.516184723350186,-1.549896656421929,0.4156981923475999,,-2.752508756651254,
2026-04-24,NFLX,0.18478181396872903,92.44,55.64330804155161,-1.5777592566925422,1.2515963572967916,,-2.4595632331535966,
2026-04-25,NFLX,0.12600245823644357,,55.64330804155161,-1.2622074053540338,0.3195110578792264,,-1.8766495999727935,
2026-04-26,NFLX,0.21092801727624214,,55.64330804155161,-1.009765924283227,1.587229668512238,,-1.468387779776653,
2026-04-27,NFLX,0.1257696178932359,91.37,55.64330804155161,-1.2967499037426915,0.2558354357793882,,-1.7308362945218825,
2026-04-28,NFLX,0.16545905033470176,92.27,57.723378179586234,-1.2097723203498263,0.8616712504145442,,-1.5426135105086574,
2026-04-29,NFLX,0.12367082507037758,92.12,57.330156948502356,-1.105132350612188,0.19607496120296122,,-1.3580733099202982,
2026-04-30,NFLX,0.10719384920218872,93.61,60.22841972534721,-0.8877275505806497,-0.06795897669654223,,-1.0631330247529047,
2026-05-01,NFLX,0.12288512500314337,92.06,55.96951093869049,-0.8030230457498193,0.18535210499751675,,-0.9372119804300119,
2026-05-02,NFLX,0.16141933839434922,,55.96951093869049,-0.6424184365998555,0.8045621940143926,,-0.728307040143976,
2026-05-03,NFLX,-0.043066374812801934,,55.96951093869049,-0.5139347492798844,-2.3652721912467767,,-0.5625057502199875,
2026-05-04,NFLX,0.39467762146885504,91.02,55.96951093869049,-0.6213438814456489,3.6051674578166515,,-0.6824859162022058,
2026-05-05,NFLX,0.06569576173631343,87.89,46.95172718962738,-0.771112519409856,-0.6386057258529774,,-0.8503809593443313,
2026-05-06,NFLX,0.1481623174939521,88.27,47.84699536432629,-0.7918507690708239,0.42959164075655604,-2.18114215268142,-0.8587201219989486,-0.740122026101488
2026-05-07,NFLX,0.15094659631014742,88.25,47.801270500562325,-0.7543504152112097,0.4599759400523111,-1.9229759250708804,-0.7971960612483426,-0.6320612198748424
2026-05-08,NFLX,0.21387995130603307,87.49,46.0022141571659,-0.7278188174892448,1.2578995399223643,-2.028430677134663,-0.7509973599501201,-0.33066859515648916
2026-05-09,NFLX,0.16492365988691185,,46.0022141571659,-0.5822550539913958,0.6040496405201279,-1.822452047083566,-0.5601908359850843,-0.4731730087125439
2026-05-10,NFLX,0.15553140727622472,,46.0022141571659,-0.4658040431931165,0.4733821199215119,-1.6691039461651924,-0.40780127937714006,-0.433718719694095
2026-05-11,NFLX,0.09963510541658623,85.45,46.0022141571659,-0.7188913828200492,-0.2713602392186485,-1.5492071052114487,-0.7197357696041701,-0.7892269581321449
2026-05-12,NFLX,0.03095083714609825,87.66,52.93100797479144,-0.5470732392876827,-1.1702684666824579,-0.3112896637787447,-0.4930052382358477,-0.7093958572773609
2026-05-13,NFLX,0.06473655016989437,87.56,52.662672214644246,-0.39816703267557507,-0.7052783339632946,-0.35251905420553403,-0.29719391954088376,-0.4770252257092432
2026-05-14,NFLX,0.16977251813714864,86.94,50.938460555083225,-0.30370517563036525,0.7044242730535122,-0.6529835798925188,-0.17215923746849562,0.03422686401310056
2026-05-15,NFLX,-0.06563163192053927,87.02,51.16065871795653,-0.20295525856763197,-2.334817145412902,-0.5973942146512962,-0.038976213320416904,-1.1248379865566747
2026-05-16,NFLX,-0.00876015275712733,,51.16065871795653,-0.16236420685410557,-1.5461187123209597,-0.5841153881649405,0.014918040489167693,-0.7892066892311157
2026-05-17,NFLX,0.016965207442971086,,51.16065871795653,-0.12989136548328428,-1.1901018727784984,-0.5716911081561513,0.05803027412463422,-0.6301389993208545
2026-05-18,NFLX,0.07421294665146735,89.65,51.16065871795653,0.17520194186936733,-0.4563383529832921,-0.5600330138996777,0.46677025739204603,-0.2105141681456064
2026-05-19,NFLX,0.01683767948013385,89.33,49.94369210967464,0.306171170695444,-1.1670571451991225,-0.7775643721295297,0.6377394521640993,-0.5087703340692781
2026-05-20,NFLX,0.029229806965764195,88.09,46.20603710346662,0.3136246979977,-0.9913144752786412,-1.4392663695203103,0.640110959756145,-0.6362724130407061
2026-05-21,NFLX,0.12116653236528688,89.3,50.12816946333703,0.3989087124908144,0.18190385295730332,-0.6703810659334779,0.7478181505688131,0.09599266657352187
2026-05-22,NFLX,0.4828733751315821,88.59,47.9203364307355,0.4050655313865883,4.062798757401161,-1.0655131105869267,0.7465170360807399,1.5294206806086086
2026-05-23,NFLX,,,47.9203364307355,0.3240524251092707,,-1.0352121297293084,0.624392795388479,
2026-03-24,NIO,0.12759619020396576,5.73,,0.0,,,,
2026-03-25,NIO,0.038972467803846424,5.78,,0.0031908831908829425,,,,
2026-03-26,NIO,0.12838742473566284,5.56,,-0.009023563120429543,,,,
2026-03-27,NIO,0.42704851252916787,5.31,,-0.03214743344273512,,,,
2026-03-28,NIO,0.22011261140150015,,,-0.025717946754188096,,,,
2026-03-29,NIO,0.22313797512867023,,,-0.020574357403350473,,,,
2026-03-30,NIO,0.17260535850311545,5.51,,-0.026623025172937638,,,,
2026-03-31,NIO,0.5506675160225434,6.03,,0.008045235130341895,,,,
2026-04-01,NIO,0.3527967385544172,6.2,,0.04043630380949065,,,,
2026-04-02,NIO,0.45802825199702224,6.3,,0.0651426805682608,,,,
2026-04-03,NIO,0.47128018618042894,,,0.05211414445460864,,,,
2026-04-04,NIO,0.4352562182115494,,,0.04169131556368691,,,,
2026-04-05,NIO,0.04193030220039189,,,0.03335305245094952,,,,
2026-04-06,NIO,0.26585833447101015,6.24,,0.06580036465300354,,,,
2026-04-07,NIO,0.10317908445260089,6.14,,0.058815809728529,,,,
2026-04-08,NIO,0.5509417623111119,6.38,,0.06609097852250535,,,,
2026-04-09,NIO,0.6181266312880908,6.07,,0.04667213970802751,,,,
2026-04-10,NIO,0.30291475696602116,6.5,,0.05865867767007138,,,,
2026-04-11,NIO,-0.652,,,0.04692694213605711,,,,
2026-04-12,NIO,0.13640891889015214,,,0.03754155370884568,-0.40477728221453124,,0.34711002557211273,
2026-04-13,NIO,0.36520830847574737,6.47,,0.052643411040057014,0.40883480299445074,,0.7537343063694099,
2026-04-14,NIO,-0.006205352023243904,6.58,,0.056072078203656284,-0.9182690231032448,,0.8209361571398318,
2026-04-15,NIO,0.6447803478945047,6.43,,0.04429798458920681,1.3871989323029594,,0.46254688316280496,
2026-04-16,NIO,0.1781940654600039,6.87,,0.06116377007351581,-0.2878927275830171,,0.9291246325505366,
2026-04-17,NIO,0.5270610629371367,6.83,72.01514622178732,0.06432446134915332,0.9564179755398143,,0.9828469348899607,
2026-04-18,NIO,0.30104166626203804,,72.01514622178732,0.05145956907932264,0.1219079583924717,,0.5817210852766377,
2026-04-19,NIO,0.16243064225402973,,72.01514622178732,0.041167655263458086,-0.39043279454632884,,0.26369240607395267,
2026-04-20,NIO,0.270708152713779,6.66,72.01514622178732,0.03611800580157029,0.02270696413018168,,0.10549711114423556,
2026-04-21,NIO,-0.003708318534279248,6.43,63.50216639579614,0.009906137732260095,-1.008282062384489,,-0.7025681840000977,
2026-04-22,NIO,0.14938298223618832,6.48,64.30711441190033,-0.005965433129132808,-0.40514564574928813,,-1.1592142413789062,
2026-04-23,NIO,-0.00965170683041215,6.28,58.72770240725633,-0.030464711579999137,-0.9987590946282683,,-1.7943688347383042,
2026-04-24,NIO,0.27821529472883166,6.21,56.86797246940741,-0.05072164580557828,0.1342665593520722,,-2.1764936759872655,
2026-04-25,NIO,0.4365509826671332,,56.86797246940741,-0.040577316644462624,0.7504880469345099,,-1.7657427293037813,
2026-04-26,NIO,-0.28334027290940283,,56.86797246940741,-0.03246185331557011,-1.9875945705458686,,-1.4701977310757757,
2026-04-27,NIO,0.46262330805844004,6.23,56.86797246940741,-0.05356130700263673,0.8520936089060782,,-1.8935090328707145,
2026-04-28,NIO,-0.282207270574593,6.36,60.02972620924746,-0.05102611360109527,-1.88215041382362,,-1.7232560795300844,
2026-04-29,NIO,0.2146791944093152,6.39,60.61442143531503,-0.04635828374173723,-0.04417879653964774,,-1.5320841054125158,
2026-04-30,NIO,0.18984396437888168,,60.61442143531503,-0.0370866269933898,-0.1355103372414935,,-1.2610478446114048,
2026-05-01,NIO,0.5730447413838144,,60.61442143531503,-0.029669301594711844,1.2754240753428174,,-1.0526043190242156,
2026-05-02,NIO,0.603605048403889,,60.61442143531503,-0.023735441275769487,1.3406322033314908,,-0.8893349685952356,
2026-05-03,NIO,0.5037868198987562,,60.61442143531503,-0.018988353020615606,0.9462425645363046,,-0.7599184340734786,
2026-05-04,NIO,0.5958309605171282,,60.61442143531503,-0.01519068241649249,1.2492499389373528,,-0.6565049479760795,
2026-05-05,NIO,0.37764941377633,,60.61442143531503,-0.012152545933193995,0.4358692063774313,,-0.5733948211883995,
2026-05-06,NIO,0.39890639065181216,,60.61442143531503,-0.009722036746555196,0.5079756080310033,-0.3252006269935224,-0.5063126559737694,-0.04626374167778621
2026-05-07,NIO,0.1063452255769074,,60.61442143531503,-0.007777629397244162,-0.5858435776502596,-0.3169218700346952,-0.45197781132508874,-0.4650073354680391
2026-05-08,NIO,0.37442485810164366,,60.61442143531503,-0.006222103517795327,0.42664240249209545,-0.30924666243143983,-0.407833080203072,-0.04446696179351535
2026-05-09,NIO,-0.07817651102968624,,60.61442143531503,-0.004977682814236259,-1.270756253684058,-0.3021048689663795,-0.3718634238788294,-0.7104929893271859
2026-05-10,NIO,0.04692198173999786,,60.61442143531503,-0.003982146251389013,-0.7814350009154634,-0.29543728553982107,-0.3424690893444582,-0.5039459128314692
2026-05-11,NIO,0.18925225937459617,,60.61442143531503,-0.003185717001111213,-0.23519999752704177,-0.28919353728601427,-0.31837341700837024,-0.276350085299132
2026-05-12,NIO,0.22546478819758634,,60.61442143531503,-0.002548573600888976,-0.09453578006907609,-0.2833304513895082,-0.2985538991006016,-0.21237961717466336
2026-05-13,NIO,0.32532568526831973,,60.61442143531503,-0.002038858880711189,0.2916062778923993,-0.2778107826749829,-0.2821895034727623,-0.05135757468736382
2026-05-14,NIO,0.21600732249850718,,60.61442143531503,-0.001631087104568954,-0.1371132070920963,-0.272602204862132,-0.26861978640392864,-0.21721188021665672
2026-05-15,NIO,0.08814374630134553,,60.61442143531503,-0.0013048696836551604,-0.6364977840295869,-0.2676765043241129,-0.25731279346524366,-0.41209590294864173
2026-05-16,NIO,0.15331781494983782,,60.61442143531503,-0.0010438957469241367,-0.37218661842239165,-0.2630089299277998,-0.24783965405007732,-0.3021292225623198
2026-05-17,NIO,0.14306644835031282,,60.61442143531503,-0.0008351165975393066,-0.40912627451846983,-0.25857766441095764,-0.23985435706703173,-0.31318011625078473
2026-05-18,NIO,0.2544577038709488,,60.61442143531503,-0.0006680932780314536,0.042679737969858536,-0.25436339129394386,-0.2330775847661193,-0.12916039763007553
2026-05-19,NIO,0.38979768282653143,,60.61442143531503,-0.0005344746224251601,0.5900952073153282,-0.25034893754561555,-0.22728375251491253,0.09274827590797284
2026-05-20,NIO,0.06541268066702677,,60.61442143531503,-0.0004275796979401336,-0.7366715752376214,-0.2465189768081268,-0.22229059705743015,-0.43531150225471565
2026-05-21,NIO,0.3138672116644893,,60.61442143531503,-0.0003420637583521069,0.2885876634109967,-0.2428597814006896,-0.21795079969014872,-0.022808108962852805
2026-05-22,NIO,0.060026118800806744,,60.61442143531503,-0.00027365100668168274,-0.7598582634438158,-0.2393590138921889,-0.2141452395110441,-0.43999458139849623
2026-05-23,NIO,,,60.61442143531503,-0.00021892080534534342,,-0.23600555098437023,-0.21246802620669378,
2026-03-24,NKE,0.2502113440663765,53.49,,0.0,,,,
2026-03-25,NKE,0.0064295715965926635,52.98,,-0.032547008547010134,,,,
2026-03-26,NKE,0.3535497819331104,52.07,,-0.10924056785254152,,,,
2026-03-27,NKE,0.23721250841538014,51.37,,-0.19593323605085675,,,,
2026-03-28,NKE,0.43761259828512294,,,-0.15674658884068537,,,,
2026-03-29,NKE,0.18611476768067692,,,-0.1253972710725483,,,,
2026-03-30,NKE,0.06515737038564588,51.24,,-0.23891356786630052,,,,
2026-03-31,NKE,0.18971181590731045,52.82,,-0.1490629946724103,,,,
2026-04-01,NKE,0.12448034145284069,44.63,,-0.6053018602206957,,,,
2026-04-02,NKE,0.25534157029542165,44.19,,-0.8839357112647549,,,,
2026-04-03,NKE,0.27818038155483255,,,-0.7071485690118038,,,,
2026-04-04,NKE,0.18146225739090807,,,-0.565718855209443,,,,
2026-04-05,NKE,0.15321091221530028,,,-0.4525750841675542,,,,
2026-04-06,NKE,0.22858650601655808,44.03,,-0.9482545822016717,,,,
2026-04-07,NKE,0.1983519084575415,42.69,,-1.0182078086653812,,,,
2026-04-08,NKE,0.187234357578271,43.13,,-0.9664912821071376,,,,
2026-04-09,NKE,0.17605900083445983,44.0,,-0.8115811526946419,,,,
2026-04-10,NKE,0.17550236287373952,42.62,,-0.7418519031428321,,,,
2026-04-11,NKE,0.34500588700322316,,,-0.5934815225142658,,,,
2026-04-12,NKE,0.3348990514498462,,,-0.4747852180114127,1.1605913310471525,,0.04116597461726692,
2026-04-13,NKE,0.24037927230716796,42.91,,-0.47486711391517833,0.2151446372894285,,0.03998844016964371,
2026-04-14,NKE,0.21074154168880269,44.2,,-0.2773640645186992,-0.08501997547084778,,0.6130086803116713,
2026-04-15,NKE,0.2200374861265686,45.44,,-0.03590054764004469,0.011798443428584495,,1.268747563245641,
2026-04-16,NKE,0.3983176841481266,45.7,,0.15799913611502525,1.744206459161293,,1.6908417336577293,
2026-04-17,NKE,0.1877444067063335,46.03,32.88855684248391,0.3160293133824341,-0.383461198383152,,1.9247105228005363,
2026-04-18,NKE,0.17401428928826707,,32.88855684248391,0.2528234507059475,-0.512694271101058,,1.6255093548505861,
2026-04-19,NKE,0.05540433578827253,,32.88855684248391,0.2022587605647579,-1.630746973430252,,1.409009733585278,
2026-04-20,NKE,0.24308357737425593,46.48,32.88855684248391,0.4103553858365143,0.26175109635463156,,1.7804442169276302,
2026-04-21,NKE,0.18554433578696725,46.39,32.61003495769239,0.4880424741904652,-0.3241128085806037,,1.813005790593831,
2026-04-22,NKE,0.18596608579892024,45.68,30.80400958889865,0.48575591095479975,-0.31396237081645684,,1.6858658161409006,
2026-04-23,NKE,0.13050059314231047,44.78,28.638817145419026,0.42023078556828697,-0.877174604654978,,1.459749900274257,
2026-04-24,NKE,0.03173789244329373,44.69,28.423660903706704,0.36923840663611807,-1.795773752372751,,1.2911664820462383,
2026-04-25,NKE,0.2647719502384159,,28.423660903706704,0.29539072530889454,0.5784597505035383,,1.094390926920852,
2026-04-26,NKE,0.12520979207339555,,28.423660903706704,0.23631258024711577,-0.8436124708641275,,0.941061716477597,
2026-04-27,NKE,0.2877718813876938,45.14,28.423660903706704,0.26123152396393157,0.824960768440005,,0.9664906855194398,
2026-04-28,NKE,0.17813109532502694,45.03,28.07689462787104,0.2690108289453772,-0.31456015432806894,,0.9566476420381879,
2026-04-29,NKE,0.19416300438315318,44.39,26.430493514996783,0.23352977374747286,-0.14307978795993584,,0.8598128128396855,
2026-04-30,NKE,0.12628492146309825,44.36,26.352486413513788,0.21119045176093532,-0.8508854459169888,,0.7943102959907102,
2026-05-01,NKE,-0.1120990279110476,44.4,26.66328122755928,0.2022450684343431,-2.9498903106884424,,0.7592816579856342,
2026-05-02,NKE,-0.01479915634007096,,26.66328122755928,0.16179605474747438,-1.900049050648129,,0.659444075742889,
2026-05-03,NKE,0.0586028603984634,,26.66328122755928,0.1294368437979796,-1.1886350491763749,,0.5791427859750976,
2026-05-04,NKE,0.18830529422628461,43.09,26.66328122755928,0.012430228110273278,-0.0033715375451827427,,0.31700924891319066,
2026-05-05,NKE,0.4830297067150891,43.06,26.55025366920175,-0.0072668857637854245,2.4818615390124807,,0.2697384498932721,
2026-05-06,NKE,0.0900811942030691,43.88,33.32952687166828,0.0455369837521844,-0.8914131614072107,1.5184117633852723,0.38376929406416765,0.2140890526719477
2026-05-07,NKE,0.15610370096745663,44.41,37.35420768126782,0.12240408848101558,-0.3163667088994531,2.4394603267681996,0.5507539514023457,0.7705175998913822
2026-05-08,NKE,0.13634076591790578,44.14,36.15675081144763,0.15899094748059195,-0.4826094421192546,1.8386864442290631,0.6251573662379233,0.546109366292394
2026-05-09,NKE,0.2264886543060163,,36.15675081144763,0.1271927579844736,0.3085870605447316,1.6757271166923393,0.5441041880342495,0.7893842156358692
2026-05-10,NKE,0.22372367502089724,,36.15675081144763,0.10175420638757893,0.28081548661602623,1.5499366680819555,0.478698304356469,0.7209166863779378
2026-05-11,NKE,0.08901510574464255,42.39,36.15675081144763,-0.018392227666853778,-0.9130760002591283,1.4490295422787087,0.19453035744080208,0.1278375698122019
2026-05-12,NKE,0.1507521729029865,42.35,35.92725259282474,-0.03912898226500028,-0.3530193409306204,1.3128248810942407,0.1438811405910827,0.2958040701333488
2026-05-13,NKE,0.05217207123868078,42.34,35.87729105196058,-0.039410994808857236,-1.218073564480182,1.2368877476083902,0.1417937776767058,-0.07362496820654404
2026-05-14,NKE,0.21055254474025034,42.02,34.23656287604297,-0.04655123789801463,0.21173530396849322,0.7921879927915583,0.1233170994760786,0.35934564926768836
2026-05-15,NKE,0.02340701225232746,41.88,33.51443902821377,-0.04602250451084111,-1.451490859863041,0.5917102400949288,0.12343234807506989,-0.3660535674942168
2026-05-16,NKE,0.14519699844865389,,33.51443902821377,-0.03681800360867271,-0.34886939988423443,0.5786244470757195,0.14477756932492503,0.07747284496649956
2026-05-17,NKE,0.1531966532570213,,33.51443902821377,-0.029454402886938125,-0.27341012468890713,0.5663766192487454,0.16161243621062302,0.10903266676224765
2026-05-18,NKE,0.22860189100211428,42.57,33.51443902821377,0.023925920332649175,0.4143389764004298,0.554880522616639,0.2929166928889013,0.42007475521183407
2026-05-19,NKE,0.17664881924397766,42.42,32.525769682114245,0.061094302970017944,-0.0655592838420253,0.28301119966676763,0.38324231241862416,0.17365234008880742
2026-05-20,NKE,0.28450524943896205,44.19,48.31474745210583,0.20570576985584133,0.9257411241729391,3.5448551622069155,0.7424412852449352,1.6564853839047309
2026-05-21,NKE,0.2708909088030436,44.39,49.74571756405561,0.30941713112365665,0.7875557381477575,3.1707543230483535,0.9912292654154911,1.5636173717982564
2026-05-22,NKE,0.14087191632212984,44.67,51.75939269188741,0.38645656649918925,-0.4268163703682374,2.9966810157029578,1.1650760070644859,1.0778005586829382
2026-05-23,NKE,,,51.75939269188741,0.3091652531993515,,2.6452462243125847,0.9472645212989212,
2026-03-24,NVDA,0.20714145842746967,175.2,,0.0,,,,
2026-03-25,NVDA,0.1967336562356001,178.68,,0.2220854700854943,,,,
2026-03-26,NVDA,0.16457881718004685,171.24,,-0.12566734360920692,,,,
2026-03-27,NVDA,0.12724401819060158,167.52,,-0.5746658461494107,,,,
2026-03-28,NVDA,0.1920834545744674,,,-0.45973267691952857,,,,
2026-03-29,NVDA,0.17245754343988598,,,-0.36778614153562283,,,,
2026-03-30,NVDA,0.12303663617425038,165.17,,-1.0638468231829887,,,,
2026-03-31,NVDA,0.08985013070824434,174.4,,-0.6074946339809945,,,,
2026-04-01,NVDA,0.11304334688086976,175.75,,-0.19667677276752582,,,,
2026-04-02,NVDA,0.028336533098226358,177.39,,0.1830206913359851,,,,
2026-04-03,NVDA,0.17611896373075997,,,0.1464165530687881,,,,
2026-04-04,NVDA,0.21318274274126015,,,0.11713324245503054,,,,
2026-04-05,NVDA,0.19021467170020936,,,0.09370659396402448,,,,
2026-04-06,NVDA,0.2054031384037466,177.64,,0.5603565681857922,,,,
2026-04-07,NVDA,0.1139401866300418,178.1,,0.6707508921937886,,,,
2026-04-08,NVDA,0.22131873485187384,182.08,,0.9619727014441491,,,,
2026-04-09,NVDA,0.16287291540991097,183.91,,1.21186683919013,,,,
2026-04-10,NVDA,0.13176978315160573,188.63,,1.604428688227137,,,,
2026-04-11,NVDA,0.2016107914581852,,,1.2835429505817095,,,,
2026-04-12,NVDA,0.11835346096433451,,,1.0268343604653676,-0.7800550869936762,,1.109475295078329,
2026-04-13,NVDA,0.18687398946544317,189.31,,1.6276724521850685,0.5682613184992215,,1.7466814772236445,
2026-04-14,NVDA,0.21055741968611766,196.51,,2.0908607730422104,0.9999048106010205,,2.0492100073492687,
2026-04-15,NVDA,0.19802060893612725,198.87,,2.40302535860908,0.7211342952135841,,2.1075088661969965,
2026-04-16,NVDA,0.1993071566212015,198.35,,2.414895156639814,0.7236875721017869,,1.9000131060666696,
2026-04-17,NVDA,0.17932310778937607,201.68,89.99669003502608,2.478117736245996,0.30353679526702193,,1.7878277314919349,
2026-04-18,NVDA,0.2051792462595441,,89.99669003502608,1.9824941889967969,0.8214083225295714,,1.2425578988667116,
2026-04-19,NVDA,0.33289857378867244,,89.99669003502608,1.585995351197437,2.850897304061559,,0.8367870807801314,
2026-04-20,NVDA,0.20067521421063997,202.06,89.99669003502608,1.9673514853693037,0.4877428223138796,,1.1512771414329985,
2026-04-21,NVDA,0.2072044216567428,199.88,84.92777104543838,1.6202235923474948,0.5915498635602653,,0.7973901404422806,
2026-04-22,NVDA,0.26299901512999807,202.5,85.77292436274593,1.4328225789852542,1.5176412413453568,,0.6038090934728222,
2026-04-23,NVDA,0.2225318637744872,199.64,80.46855628738938,1.0023726599472198,0.7765533804145855,,0.18368859129861798,
2026-04-24,NVDA,0.2634962310625669,208.27,83.73682788293857,1.1731296387258734,1.4355363006184707,,0.34582024440273135,
2026-04-25,NVDA,0.28838912281916357,,83.73682788293857,0.9385037109806982,1.7517539703977765,,0.1097102825652808,
2026-04-26,NVDA,0.2284355447410582,,83.73682788293857,0.7508029687845585,0.718985426853909,,-0.07963867142850753,
2026-04-27,NVDA,0.22387931955451454,216.61,83.73682788293857,1.851421384942424,0.6284423143156876,,1.0233578236129621,
2026-04-28,NVDA,0.13894112425309033,213.17,76.84279534986365,1.6752410526596098,-0.815461466623689,,0.8222634401466068,
2026-04-29,NVDA,0.11304964808785413,209.25,70.99740930481686,1.1546226800290764,-1.2200979182202585,,0.27986377279633884,
2026-04-30,NVDA,0.2535479768853152,199.57,59.051597513674004,0.07518752972297094,1.1557601929646355,,-0.8317954531550595,
2026-05-01,NVDA,0.1497681450293362,198.45,57.83898737226368,-0.7518095417990232,-0.6067884325855312,,-1.6195808374451703,
2026-05-02,NVDA,0.16930999918594783,,57.83898737226368,-0.6014476334392187,-0.266511021610606,,-1.4088697953511167,
2026-05-03,NVDA,0.16020832991651668,,57.83898737226368,-0.4811581067513755,-0.41920662156365346,,-1.246035139291912,
2026-05-04,NVDA,0.28642738966615533,198.48,57.83898737226368,-1.2773474538820517,1.716974647223886,,-1.926671860216473,
2026-05-05,NVDA,0.18488970440548194,196.5,55.14626517199208,-1.728374799198293,-0.026249450643504195,,-2.195464107589298,
2026-05-06,NVDA,0.25405054494898194,207.83,63.64550294639999,-1.261390748275904,1.1443326901245985,-0.8575476062315526,-1.685201535582858,-0.3050916664944837
2026-05-07,NVDA,0.16968755625622653,211.5,65.89954677770794,-0.7294633548060485,-0.31208294352686206,-0.6659662798606828,-1.1736020693391187,-0.6767036821706852
2026-05-08,NVDA,0.15520769669433376,215.2,68.05030353419873,-0.1811381208677556,-0.5573047846475829,-0.4895400872316283,-0.6712515269877333,-0.5711593981248416
2026-05-09,NVDA,0.22464649953369817,,68.05030353419873,-0.1449104966942052,0.6563595805941932,-0.47668043331340004,-0.6291090185420002,-0.06919300331894276
2026-05-10,NVDA,0.21628952837253843,,68.05030353419873,-0.11592839735536487,0.5015777416757066,-0.4647910276650398,-0.5943227750900167,-0.11710304415623432
2026-05-11,NVDA,0.2219813074142872,219.44,68.05030353419873,0.8015954250017074,0.5950132492262769,-0.45375502165666437,0.2419327547815506,0.17445861962797662
2026-05-12,NVDA,0.1148851057309504,220.78,69.00265541480073,1.006490297998436,-1.2960154590766206,-0.3685178747440878,0.42607410282212166,-0.5011393152072382
2026-05-13,NVDA,0.1122082180076074,225.83,71.78425759169767,1.3418765328423055,-1.3074474308943498,-0.13656100833832116,0.7272913434881975,-0.345759871812777
2026-05-14,NVDA,0.17002526289219178,235.74,76.28218257279093,2.048566162725943,-0.2796454793269718,0.23715389068537918,1.3499872964671307,0.3642841644149642
2026-05-15,NVDA,0.09854368747322606,225.32,64.61803010062937,1.6488535270503757,-1.5090519158093643,-0.7407152987177188,0.9613350403066127,-0.5374348438470775
2026-05-16,NVDA,0.11105782984268842,,64.61803010062937,1.3190828216403006,-1.2568197470283955,-0.7218938648720025,0.6467118138815431,-0.5252825141084961
2026-05-17,NVDA,0.10207360603236444,,64.61803010062937,1.0552662573122404,-1.3765552040692286,-0.7044509087274055,0.396364345079137,-0.643048050722172
2026-05-18,NVDA,0.11268421906438016,222.32,64.61803010062937,0.6269863659287473,-1.1664870210263738,-0.6882251194725477,-0.006364283579789963,-0.6749716293262508
2026-05-19,NVDA,0.19582083372746847,220.61,62.50826244793886,0.07383331601578469,0.2721484664693719,-0.8517502398026315,-0.5254623249902755,-0.3043043828501233
2026-05-20,NVDA,0.13265078781801162,223.47,64.22278656502125,-0.17527397209895135,-0.8200434331501627,-0.6843898775021616,-0.7531050083350559,-0.7592658390112303
2026-05-21,NVDA,0.2144775488834728,219.51,60.12298885426741,-0.6555896337902833,0.6072346863621055,-1.0202460134322784,-1.188537655030961,-0.41974122599412955
2026-05-22,NVDA,0.1702023377922609,215.34,56.06430452317914,-1.2675507721332337,-0.17166648684727043,-1.3285300398528017,-1.7134500617940907,-0.9812606252329759
2026-05-23,NVDA,,,56.06430452317914,-1.0140406177065877,,-1.279935540855031,-1.4367974183985635,
2026-03-24,NYT,0.13076666666666664,84.16,,0.0,,,,
2026-03-25,NYT,0.1727,85.17,,0.06445584045584382,,,,
2026-03-26,NYT,0.18734,82.96,,-0.03970731406400774,,,,
2026-03-27,NYT,0.1805692307692308,82.79,,-0.11381864807171177,,,,
2026-03-28,NYT,-0.2536222222222222,,,-0.09105491845736942,,,,
2026-03-29,NYT,-0.07125714285714285,,,-0.07284393476589553,,,,
2026-03-30,NYT,-0.0996875,83.25,,-0.11031120174050951,,,,
2026-03-31,NYT,-0.10683999999999998,83.73,,-0.07899567993751586,,,,
2026-04-01,NYT,0.22628181818181814,85.39,,0.05171872460029274,,,,
2026-04-02,NYT,0.1218,85.69,,0.15097225785174326,,,,
2026-04-03,NYT,0.29288333333333333,,,0.1207778062813946,,,,
2026-04-04,NYT,-0.15424285714285715,,,0.09662224502511568,,,,
2026-04-05,NYT,0.12787142857142858,,,0.07729779602009255,,,,
2026-04-06,NYT,0.07036428571428573,85.14,,0.15178427215602308,,,,
2026-04-07,NYT,-0.11780625,85.86,,0.1978770848558738,,,,
2026-04-08,NYT,-0.024857894736842107,84.71,,0.1420812471591477,,,,
2026-04-09,NYT,0.13812105263157895,82.48,,-0.04389842151007867,,,,
2026-04-10,NYT,0.09355454545454545,79.01,,-0.38075928155602684,,,,
2026-04-11,NYT,-0.19324999999999998,,,-0.30460742524482143,,,,
2026-04-12,NYT,-0.031619999999999995,,,-0.24368594019585715,-0.4250023046659876,,-1.4014056839466003,
2026-04-13,NYT,0.12395500000000001,79.34,,-0.5636469455903784,0.5579126657452502,,-2.652182573138157,
2026-04-14,NYT,0.0076071428571428635,80.72,,-0.5279536070860449,-0.19895855332383044,,-2.125425747073663,
2026-04-15,NYT,0.03605000000000001,81.1,,-0.4501956649880734,-0.008208800156667993,,-1.6173388946051486,
2026-04-16,NYT,0.11195000000000001,77.9,,-0.5775897935795917,0.4991488153304983,,-1.9460946976314875,
2026-04-17,NYT,0.16610000000000003,79.48,53.92082112687974,-0.5205261778712276,0.8462647079732797,,-1.5835602675822806,
2026-04-18,NYT,-0.0008555555555555477,,53.92082112687974,-0.416420942296982,-0.3174983292335598,,-1.1172519322467143,
2026-04-19,NYT,0.10115,,53.92082112687974,-0.33313675383758556,0.4021578402191224,,-0.7646102323017797,
2026-04-20,NYT,0.015674999999999994,80.34,53.92082112687974,-0.2600763060488074,-0.2142518356529619,,-0.46325248412250447,
2026-04-21,NYT,0.054400000000000004,81.62,57.78387826847804,-0.09480238354098414,0.070706419295056,,0.2017273598607282,
2026-04-22,NYT,0.20854090909090905,80.45,54.1428059807888,-0.051403574248516826,1.1801543541132695,,0.3732714352397723,
2026-04-23,NYT,-0.20861578947368423,80.43,54.080074042128295,-0.013161289568466072,-1.7949083751613724,,0.52223166220425,
2026-04-24,NYT,0.030207142857142856,80.89,55.361145944771,0.05050673750136481,-0.08381929210079492,,0.7717341148093114,
2026-04-25,NYT,-0.05096363636363635,,55.361145944771,0.04040539000109189,-0.6598228817851545,,0.7120639942464769,
2026-04-26,NYT,0.23976000000000003,,55.361145944771,0.0323243120008736,1.407563160235136,,0.6630688172428426,
2026-04-27,NYT,-0.03433636363636362,79.61,55.361145944771,-0.029230253387726446,-0.5609206060821049,,0.39031210984669706,
2026-04-28,NYT,-0.06413333333333332,78.47,50.650883504742,-0.09987659694682183,-0.7611321425554229,,0.07967823276640423,
2026-04-29,NYT,0.03302666666666667,79.03,52.39688585211897,-0.09351694659548637,-0.047583993458931655,,0.10650161870709464,
2026-04-30,NYT,-0.16869444444444445,,52.39688585211897,-0.07481355727638905,-1.4814074272177757,,0.1882515223653135,
2026-05-01,NYT,-0.09989999999999999,,52.39688585211897,-0.05985084582111133,-0.9542343584229663,,0.25314642341536625,
2026-05-02,NYT,0.2331375,,52.39688585211897,-0.04788067665688889,1.424817681297104,,0.3043504174632353,
2026-05-03,NYT,0.06325555555555555,,52.39688585211897,-0.0383045413255112,0.1971258854363022,,0.34445799541987576,
2026-05-04,NYT,0.18968571428571426,,52.39688585211897,-0.03064363306040896,1.0904550480097495,,0.37559529902941047,
2026-05-05,NYT,0.10095555555555555,,52.39688585211897,-0.02451490644832699,0.43835855430820964,,0.39950083002778314,
2026-05-06,NYT,0.07486923076923077,,52.39688585211897,-0.019611925158661503,0.24366331940567648,-0.7630658229587345,0.41759215237147546,-0.006176773413907127
2026-05-07,NYT,0.19512105263157895,,52.39688585211897,-0.015689540126929025,1.1088962983778208,-0.7349602872931184,0.43102182885810664,0.3523769818206248
2026-05-08,NYT,0.23535333333333333,,52.39688585211897,-0.012551632101543309,1.3623560553542018,-0.7097867356286027,0.4407244414738629,0.46422373389525884
2026-05-09,NYT,0.29950000000000004,,52.39688585211897,-0.010041305681234736,1.7508541319933042,-0.6870649436025941,0.4474559810616556,0.6284589640350402
2026-05-10,NYT,0.0043199999999999905,,52.39688585211897,-0.008033044544987877,-0.3581284416373909,-0.6664184648894166,0.4518266589869538,-0.20762891842569522
2026-05-11,NYT,0.10881666666666666,,52.39688585211897,-0.006426435635990213,0.3923667328084905,-0.6475474104696246,0.4543280750836442,0.09898089250760209
2026-05-12,NYT,-0.1534235294117647,,52.39688585211897,-0.005141148508791993,-1.4703594533784856,-0.6302094845577274,0.4553555872214184,-0.6405999505522869
2026-05-13,NYT,-0.10254666666666666,,52.39688585211897,-0.004112918807033683,-1.0803594688485705,-0.6142064700631846,0.4552266409089407,-0.47983773628570137
2026-05-14,NYT,-0.19422666666666666,,52.39688585211897,-0.0032903350456270353,-1.6736475934340562,-0.5993744033533482,0.4541957278487547,-0.7130126400250005
2026-05-15,NYT,-0.11138421052631578,,52.39688585211897,-0.002632268036501628,-1.0673573796600204,-0.5855763033579269,0.4524665530878098,-0.4668758769450433
2026-05-16,NYT,-0.33019,,52.39688585211897,-0.0021058144292012138,-2.432345349094621,-0.5726967049202096,0.45020190528502363,-1.0096865795284042
2026-05-17,NYT,0.1676,,52.39688585211897,-0.0016846515433610598,0.8832163900625155,-0.5606374896109628,0.4475316465968639,0.3193548031207766
2026-05-18,NYT,-0.04439565217391305,,52.39688585211897,-0.0013477212346888479,-0.5316343858785556,-0.5493146647630308,0.44455916936755235,-0.24408040297006578
2026-05-19,NYT,-0.12426190476190475,,52.39688585211897,-0.0010781769877510339,-1.0505271885347227,-0.5386558457104542,0.44136660668381567,-0.44939764712188063
2026-05-20,NYT,0.05879285714285715,,52.39688585211897,-0.0008625415902008271,0.18153609446892677,-0.5285982665243646,0.43801903263438396,0.045440667620576525
2026-05-21,NYT,-0.04604666666666667,,52.39688585211897,-0.0006900332721606617,-0.5253695726749783,-0.5190871928133493,0.4345678450778516,-0.2355036333906406
2026-05-22,NYT,,,52.39688585211897,-0.0005520266177283517,,-0.5100746438432174,0.4310534879372055,
2026-05-23,NYT,,,52.39688585211897,-0.00044162129418268137,,-0.5015183550895507,0.4317129979352484,
2026-03-24,OPEN,0.11925993034577824,5.18,,0.0,,,,
2026-03-25,OPEN,0.04322956323840552,5.1,,-0.005105413105412992,,,,
2026-03-26,OPEN,0.45215465227141977,4.9,,-0.020789649434663174,,,,
2026-03-27,OPEN,0.248490941520118,4.8,,-0.035853143431259636,,,,
2026-03-28,OPEN,0.14512413908888896,,,-0.028682514745007708,,,,
2026-03-29,OPEN,0.09802899595510679,,,-0.022946011796006166,,,,
2026-03-30,OPEN,0.32016552029432105,4.43,,-0.07543340233907833,,,,
2026-03-31,OPEN,0.21223205549958354,4.68,,-0.07001629936866853,,,,
2026-04-01,OPEN,0.35563395982899326,4.57,,-0.06938061928533526,,,,
2026-04-02,OPEN,-0.08161838640902665,4.74,,-0.05374808750189397,,,,
2026-04-03,OPEN,0.145747916191568,,,-0.042998470001515174,,,,
2026-04-04,OPEN,0.34757802998626913,,,-0.034398776001212134,,,,
2026-04-05,OPEN,0.32874889831238735,,,-0.0275190208009697,,,,
2026-04-06,OPEN,0.24133392141512078,4.61,,-0.0362340978064985,,,,
2026-04-07,OPEN,0.45887470283447185,4.55,,-0.03399788979567914,,,,
2026-04-08,OPEN,0.19265886104637242,4.64,,-0.02380071130294037,,,,
2026-04-09,OPEN,0.3261370548355543,4.31,,-0.035897475856360994,,,,
2026-04-10,OPEN,0.16730128888378645,4.32,,-0.03955369631202299,,,,
2026-04-11,OPEN,0.2663499326324711,,,-0.03164295704961839,,,,
2026-04-12,OPEN,-0.0738362889286131,,,-0.02531436563969469,-1.9242923111616175,,0.5292853722502227,
2026-04-13,OPEN,0.03291744620278477,4.36,,-0.030065059677967104,-1.1453517160890252,,0.2792459301267882,
2026-04-14,OPEN,0.4125041692439467,4.51,,-0.014562485829444749,1.2686116181055742,,1.0379196572048366,
2026-04-15,OPEN,0.14956912544692558,4.82,,0.017428591388792936,-0.4207986122312956,,2.295026191066382,
2026-04-16,OPEN,0.35886939580738547,5.27,,0.06697206760250377,0.9210786813800745,,3.2464153654341574,
2026-04-17,OPEN,0.2971974719635987,5.29,57.55294074329393,0.09732565823954709,0.5008732114304513,,3.1609904236392516,
2026-04-18,OPEN,0.6519809787530452,,57.55294074329393,0.07786052659163767,2.450258485013626,,2.2973268507366322,
2026-04-19,OPEN,0.43545634615570306,,57.55294074329393,0.062288421273310135,1.1155426845709622,,1.771329572250467,
2026-04-20,OPEN,0.37525166285792366,5.35,57.55294074329393,0.10554740935334479,0.7392771951607713,,2.3868629908402377,
2026-04-21,OPEN,0.32954146202590096,5.45,60.23696400604276,0.11798080694643873,0.45774066741928277,,2.322237977197308,
2026-04-22,OPEN,0.4012680019887521,5.43,59.57577652171495,0.11879713160517011,0.864362709570951,,2.1091292005948556,
2026-04-23,OPEN,0.41259266583293674,5.22,52.99778579110012,0.0998931881027495,0.9052617602008156,,1.667944394959382,
2026-04-24,OPEN,0.518422506907368,5.51,59.627208490272736,0.10130109364451298,1.4687840381166233,,1.5937292197935529,
2026-04-25,OPEN,0.4107017065543345,,59.627208490272736,0.08104087491561038,0.807078126484806,,1.2153615068342642,
2026-04-26,OPEN,0.5637429811321198,,59.627208490272736,0.0648326999324883,1.6260482105497291,,0.9274474272959061,
2026-04-27,OPEN,0.4815510386171957,5.39,59.627208490272736,0.06591709224309765,1.1105506594838672,,0.9197693563884494,
2026-04-28,OPEN,0.41446515695774666,5.48,61.8720422369089,0.06222180954675188,0.7068358623834556,,0.8394171627007935,
2026-04-29,OPEN,0.1339988121280819,5.58,63.832928857395004,0.06215623328378855,-0.9065002367940673,,0.8192983776963201,
2026-04-30,OPEN,0.3160269366313393,5.38,57.46725912503431,0.04508215853636835,0.15585879635548794,,0.5313925949726821,
2026-05-01,OPEN,0.6034755909075153,5.44,58.794827817848024,0.03473237889419886,1.7577534876138055,,0.35556563496919014,
2026-05-02,OPEN,0.4668040759898722,,58.794827817848024,0.027785903115359084,0.9485732913248228,,0.23655463394155588,
2026-05-03,OPEN,0.02171808512847247,,58.794827817848024,0.022228722492287245,-1.544433745979207,,0.14094914770327152,
2026-05-04,OPEN,0.23704137383441948,5.13,58.794827817848024,-0.011919882536882143,-0.32401029654590724,,-0.4368115236586269,
2026-05-05,OPEN,0.07592702658190613,5.23,61.48946713944352,-0.02075521235092212,-1.2078234115639612,,-0.58029275353711,
2026-05-06,OPEN,0.4395379331010911,5.46,65.9799947477022,-0.011759482072925292,0.8394431755127794,2.488269036006693,-0.41807801845687576,0.9568345754700569
2026-05-07,OPEN,0.21192062424366262,5.32,61.29481292305515,-0.01564489319438289,-0.4507989185408299,0.6994645315916672,-0.4797811751586976,-0.11441456048644108
2026-05-08,OPEN,0.19182302084170902,5.01,52.41877092530331,-0.03821361949729331,-0.558268107854118,-2.2640955281796207,-0.8632284287566372,-1.1615044302225246
2026-05-09,OPEN,0.7278780921120662,,52.41877092530331,-0.030570895597834657,2.35888135981023,-1.9958310509866102,-0.7156063738782155,0.13012131646464423
2026-05-10,OPEN,0.4446187539404051,,52.41877092530331,-0.024456716478267734,0.792377388925099,-1.8052954858732668,-0.5977581007346082,-0.4039651204123229
2026-05-11,OPEN,0.18239413201432264,4.85,52.41877092530331,-0.06370215102384202,-0.641333297683492,-1.660986165372461,-1.2687724471656454,-1.1354609028348286
2026-05-12,OPEN,0.1891914220109582,4.71,48.18064990612412,-0.08237875047366111,-0.5955419409272067,-2.4302156878756884,-1.5468202297769469,-1.4313275516666732
2026-05-13,OPEN,-0.13306984959344068,4.58,45.20247435559668,-0.09868736495846223,-2.243721015267756,-2.6442253534652704,-1.7580470873200227,-2.2181701383426904
2026-05-14,OPEN,0.33373343955553497,4.47,42.792148558704575,-0.11115556607918695,0.24343533966922232,-2.6548974866222075,-1.8834345604370233,-1.2641254782500804
2026-05-15,OPEN,0.12876024663175145,4.38,40.87183484728003,-0.11903336750309827,-0.8459928471690888,-2.5753462676265952,-1.9229925745668934,-1.687898791525682
2026-05-16,OPEN,0.4021934913663566,,40.87183484728003,-0.09522669400247862,0.6217902553440918,-2.2853917487161772,-1.4882786438724729,-0.8833850156389582
2026-05-17,OPEN,0.4649077649128934,,40.87183484728003,-0.07618135520198288,0.945557850497727,-2.0758376807951273,-1.1562264163948586,-0.591396088957905
2026-05-18,OPEN,0.2640657197629205,4.28,40.87183484728003,-0.10567960759957655,-0.14439360897494544,-1.9152930526629426,-1.5774938554230593,-1.1055935160157788
2026-05-19,OPEN,0.17851660051951804,4.3,41.65443896784988,-0.10129724919675545,-0.6060718089325461,-1.697250259878728,-1.4656615120700816,-1.1913022551576613
2026-05-20,OPEN,0.3859764712110265,4.4,44.856978783938104,-0.08587116263392433,0.5318514193596666,-1.2270272943982132,-1.198284766473223,-0.5148530505175642
2026-05-21,OPEN,0.34072593273454244,4.57,49.89227482497646,-0.059668787944161195,0.2782404794323951,-0.5586430117377034,-0.7793116393881038,-0.2900902035647841
2026-05-22,OPEN,0.31760720903665446,4.53,48.76396285006861,-0.0413513285706702,0.14768041771522158,-0.6929925101882084,-0.48794698752130916,-0.2952096822267666
2026-05-23,OPEN,,,48.76396285006861,-0.03308106285653617,,-0.6793080380504809,-0.3488787755009075,
2026-03-24,ORCL,0.17275069726890244,147.09,,0.0,,,,
2026-03-25,ORCL,0.24589696140159004,146.02,,-0.0682849002849025,,,,
2026-03-26,ORCL,0.2532213984862519,142.81,,-0.3122040113310913,,,,
2026-03-27,ORCL,0.10316680197655356,139.66,,-0.6488799643008187,,,,
2026-03-28,ORCL,0.30613716921220546,,,-0.5191039714406549,,,,
2026-03-29,ORCL,0.5410449009719367,,,-0.41528317715252394,,,,
2026-03-30,ORCL,0.10206483190330143,138.8,,-0.8769934767993786,,,,
2026-03-31,ORCL,0.09952357270177667,147.11,,-0.40659283714291605,,,,
2026-04-01,ORCL,0.016506309769971507,145.23,,-0.20301641891328992,,,,
2026-04-02,ORCL,-0.012142081743451263,146.38,,0.016478171184772128,,,,
2026-04-03,ORCL,-0.031137935586029484,,,0.013182536947817791,,,,
2026-04-04,ORCL,-0.147696399962812,,,0.010546029558254233,,,,
2026-04-05,ORCL,0.14204997350675025,,,0.008436823646603475,,,,
2026-04-06,ORCL,0.06829338142861566,145.54,,0.14582158366870213,,,,
2026-04-07,ORCL,0.18019379133070235,143.17,,0.039101023262796075,,,,
2026-04-08,ORCL,0.02323254254278139,143.66,,0.008763279541819768,,,,
2026-04-09,ORCL,0.1718530516282111,137.86,,-0.37354191850529705,,,,
2026-04-10,ORCL,0.15720761086343907,138.09,,-0.5707405375577657,,,,
2026-04-11,ORCL,0.11993173016323555,,,-0.4565924300462125,,,,
2026-04-12,ORCL,0.1741873194590306,,,-0.3652739440369699,0.2779273182930034,,-0.4101927072826782,
2026-04-13,ORCL,0.1951742505395285,155.62,,1.0294113750486318,0.41265068335838356,,3.0967778600574767,
2026-04-14,ORCL,0.2702562756525922,163.0,,1.9498829417312038,0.9072393898100197,,3.425424164152073,
2026-04-15,ORCL,0.36621691045826926,169.81,,2.8637456357501376,1.4763970059846612,,3.334503439358985,
2026-04-16,ORCL,0.21938110722000115,178.34,,3.828799150097998,0.4485520410705992,,3.2038991772605914,
2026-04-17,ORCL,0.16291930354741369,175.06,59.94562076278521,4.0129351615634885,0.04973276131882135,,2.7199748939987294,
2026-04-18,ORCL,0.43061410643903075,,59.94562076278521,3.2103481292507903,1.8035728088568357,,1.9184569826694655,
2026-04-19,ORCL,0.2964655999856055,,59.94562076278521,2.5682785034006317,0.8583994646291022,,1.3877477774149136,
2026-04-20,ORCL,0.2397115385594062,177.58,59.94562076278521,3.4171838358579043,0.45891781077364363,,1.8080280410469352,
2026-04-21,ORCL,0.2477228137453976,181.17,63.85138686074865,3.464375512976919,0.5037064297076055,,1.7076336859756338,
2026-04-22,ORCL,0.35327025892525854,187.5,68.59064869532067,3.667603529622559,1.1967577359786992,,1.708540319142294,
2026-04-23,ORCL,0.2216252593576394,176.28,54.861071098849614,2.829619342182415,0.2707744234395052,,1.156648340094818,
2026-04-24,ORCL,0.40823410379823843,173.28,51.8713355394039,1.9010839543897902,1.5119981217132676,,0.5878067982039857,
2026-04-25,ORCL,0.07604996988775763,,51.8713355394039,1.5208671635118325,-0.7759883091822571,,0.35160032071766467,
2026-04-26,ORCL,0.38137473201915384,,51.8713355394039,1.2166937308094656,1.3023411308403978,,0.1624186806607377,
2026-04-27,ORCL,0.3160014593786898,172.96,51.8713355394039,0.5762574529682851,0.8301714721212426,,-0.2332110490636453,
2026-04-28,ORCL,0.07735276241051324,165.96,44.29530510454455,-0.37921225024102156,-0.8062351320079852,,-0.8176046224261533,
2026-04-29,ORCL,0.07809412095533944,163.83,42.63256800734141,-1.1686731770928507,-0.783515519048442,,-1.2710691935603242,
2026-04-30,ORCL,0.30845964833587614,,42.63256800734141,-0.9349385416742813,0.8124199764251426,,-1.0910935883975081,
2026-05-01,ORCL,0.3319304976199549,,42.63256800734141,-0.7479508333394254,0.9534118286816814,,-0.9498326035701596,
2026-05-02,ORCL,0.4992790261133291,,42.63256800734141,-0.5983606666715406,1.9931477884945377,,-0.8376216628596467,
2026-05-03,ORCL,0.2280741622526683,,42.63256800734141,-0.47868853333723305,0.15952235891324867,,-0.7477049327809315,
2026-05-04,ORCL,0.11755156214630698,,42.63256800734141,-0.38295082666978697,-0.5866750935584163,,-0.6751629793177054,
2026-05-05,ORCL,0.39996809513181114,,42.63256800734141,-0.3063606613358303,1.3157235916714491,,-0.616307576468968,
2026-05-06,ORCL,0.28575721164082596,,42.63256800734141,-0.2450885290686644,0.5282146640533198,-0.968250273607631,-0.568315570922748,-0.24968388773778571
2026-05-07,ORCL,0.30907844758297215,,42.63256800734141,-0.19607082325493153,0.6776214284211041,-0.9246229224776485,-0.5289938259718923,-0.1650364531664206
2026-05-08,ORCL,0.11034400473444719,,42.63256800734141,-0.15685665860394593,-0.6879278147253628,-0.8864853778137378,-0.49662057141869004,-0.6901029106598734
2026-05-09,ORCL,0.22181360972514796,,42.63256800734141,-0.12548532688315728,0.08786621300390832,-0.8527687410053348,-0.4698338209729717,-0.3616342833919286
2026-05-10,ORCL,0.4136570831720409,,42.63256800734141,-0.10038826150652636,1.3941488734472383,-0.8226751509407562,-0.44755026318143587,0.17659192514223768
2026-05-11,ORCL,0.2729201637069007,,42.63256800734141,-0.08031060920522126,0.40852340961489875,-0.7955952978474222,-0.42890476681897144,-0.20394065555395857
2026-05-12,ORCL,0.2799810920623358,,42.63256800734141,-0.06424848736417754,0.4526817126927236,-0.7710546891017789,-0.41320436443033703,-0.1742050309825453
2026-05-13,ORCL,0.2871212018707664,,42.63256800734141,-0.05139878989134239,0.49717058494462046,-0.7486775265698608,-0.399892725287208,-0.14570284157927244
2026-05-14,ORCL,0.2783404400430855,,42.63256800734141,-0.04111903191307409,0.42955361027674244,-0.7281617558540768,-0.38852242041054746,-0.16318380876869026
2026-05-15,ORCL,0.4052922662902106,,42.63256800734141,-0.03289522553045998,1.3084918944498238,-0.7092614202744731,-0.3787330908769746,0.19699840443449523
2026-05-16,ORCL,0.86684,,42.63256800734141,-0.02631618042436834,3.8572033431237154,-0.6917739190743827,-0.37023415691567346,1.2242789144524695
2026-05-17,ORCL,0.0,,42.63256800734141,-0.021052944339494672,-1.3885990765480511,-0.6755306359029523,-0.3627910604985644,-0.8669361395396755
2026-05-18,ORCL,0.23745625,,42.63256800734141,-0.016842355471595738,0.04538794511695711,-0.6603899319161438,-0.35621428183665893,-0.28682608607905796
2026-05-19,ORCL,0.1362610291553266,,42.63256800734141,-0.01347388437727659,-0.5649288578801299,-0.6462318289616011,-0.3503505479656396,-0.5249462562302242
2026-05-20,ORCL,0.5462846153846154,,42.63256800734141,-0.010779107501821983,1.8719254667738754,-0.6329539210570742,-0.34507578231412883,0.4553612756981893
2026-05-21,ORCL,0.23721357628970094,,42.63256800734141,-0.00862328600145812,0.019998092681466212,-0.620468192130653,-0.3402894421984093,-0.2802280532261322
2026-05-22,ORCL,,,42.63256800734141,-0.006898628801167206,,-0.6086985116647523,-0.3359099659347047,
2026-05-23,ORCL,,,42.63256800734141,-0.005518903040933942,,-0.5975786438257515,-0.3348158363245589,
2026-03-24,OXY,0.2596956553273731,61.25,,0.0,,,,
2026-03-25,OXY,0.574128854821374,61.85,,0.03829059829059247,,,,
2026-03-26,OXY,0.3913574313390787,64.36,,0.22037821121581258,,,,
2026-03-27,OXY,0.2696557389222888,65.32,,0.38363000810918174,,,,
2026-03-28,OXY,-0.7458,,,0.3069040064873454,,,,
2026-03-29,OXY,0.12183726313247656,,,0.2455232051898763,,,,
2026-03-30,OXY,0.07568997921446959,66.24,,0.5241616152697419,,,,
2026-03-31,OXY,0.06497956754290928,65.0,,0.48179260328516993,,,,
2026-04-01,OXY,-0.013442096266451273,62.23,,0.24818943879704847,,,,
2026-04-02,OXY,0.07826563423766832,62.97,,0.1304046022997113,,,,
2026-04-03,OXY,0.08158063724345217,,,0.10432368183976892,,,,
2026-04-04,OXY,-0.27281153600571884,,,0.0834589454718151,,,,
2026-04-05,OXY,-0.06406857775002717,,,0.06676715637745201,,,,
2026-04-06,OXY,0.18484508684538303,62.96,,-0.029831053875301383,,,,
2026-04-07,OXY,0.016075574558600814,62.94,,-0.07657308104283733,,,,
2026-04-08,OXY,0.03247749905393768,59.77,,-0.310374326728998,,,,
2026-04-09,OXY,0.25600284992038186,58.53,,-0.5252889219652793,,,,
2026-04-10,OXY,0.1357493314386656,57.97,,-0.672506301278766,,,,
2026-04-11,OXY,0.36623203377258035,,,-0.5380050410230128,,,,
2026-04-12,OXY,-0.015188488890727362,,,-0.4304040328184103,-0.38870954331642577,,-1.2836716721074808,
2026-04-13,OXY,0.0904522069454193,58.06,,-0.6281703507430804,0.0021298514538976633,,-1.675327674657133,
2026-04-14,OXY,0.3869085216220787,55.38,,-0.7984992859443911,1.0708813431430169,,-1.898338813957583,
2026-04-15,OXY,0.00960087899865815,55.83,,-0.8320016113708417,-0.3458463846481396,,-1.7884303907227477,
2026-04-16,OXY,0.029712942981570983,56.87,,-0.7384386996821488,-0.26250192417402973,,-1.4566443905400912,
2026-04-17,OXY,-0.12443142248104948,53.79,35.74386258558462,-0.8313842052299034,-0.8391895441712239,,-1.552951766409203,
2026-04-18,OXY,-0.0008807342423871045,,35.74386258558462,-0.6651073641839227,-0.34278278784948696,,-1.124998321720029,
2026-04-19,OXY,-0.08794273826144634,,35.74386258558462,-0.532085891347138,-0.6749512224490689,,-0.8015072842754356,
2026-04-20,OXY,0.27510050610944586,54.48,35.74386258558462,-0.6471713860891448,0.780216220842492,,-1.0216461552285667,
2026-04-21,OXY,0.15519473388642074,56.33,43.87658429660447,-0.4652414373231777,0.28322725651753305,,-0.5975754704465908,
2026-04-22,OXY,0.0536655736609688,57.05,46.202173707206185,-0.2674555731930681,-0.13783237625481728,,-0.1444247553654994,
2026-04-23,OXY,0.2941437962249744,57.83,48.683003485859096,-0.06566114513510679,0.8574408748163903,,0.31775400777728197,
2026-04-24,OXY,0.46696662992941373,57.12,46.577495931403604,0.0331287117090735,1.5087269186111294,,0.5392710309588818,
2026-04-25,OXY,0.003480380021697954,,46.577495931403604,0.026502969367258933,-0.41340941820114574,,0.5135571532837382,
2026-04-26,OXY,0.4887948472848428,,46.577495931403604,0.021202375493807324,1.5487059788684074,,0.49172910485511084,
2026-04-27,OXY,-0.07452072517833053,57.27,46.577495931403604,0.12146463597592305,-0.7547060308013088,,0.7200704342241883,
2026-04-28,OXY,-0.002825478260554376,58.61,51.862531017531836,0.2652710386596804,-0.44992679649970785,,1.041413271635021,
2026-04-29,OXY,0.09134274950077294,60.76,57.74811586015304,0.49181994522149663,-0.0542927972615704,,1.5223321944810624,
2026-04-30,OXY,0.04430498184598982,,57.74811586015304,0.39345595617719753,-0.25084362765065676,,1.2420944837792485,
2026-05-01,OXY,0.20913898456241933,,57.74811586015304,0.3147647649417582,0.45220656849799135,,1.0265124064217326,
2026-05-02,OXY,0.44263602798309487,,57.74811586015304,0.25181181195340674,1.4121950902603997,,0.8575920343248573,
2026-05-03,OXY,0.3526174303617329,,57.74811586015304,0.20144944956272548,1.0003740139035326,,0.7236713613593572,
2026-05-04,OXY,0.199265279862392,,57.74811586015304,0.16115955965018036,0.33773144498294405,,0.6166710439091508,
2026-05-05,OXY,0.01390857292892677,,57.74811586015304,0.1289276477201443,-0.4600065957055957,,0.5307212734821629,
2026-05-06,OXY,-0.06592840235378247,,57.74811586015304,0.10314211817611552,-0.7946335997596253,1.0150719247418818,0.4614127410602171,0.12509195983677948
2026-05-07,OXY,-0.020292260773815213,,57.74811586015304,0.08251369454089241,-0.5850715044605443,0.9671872937025914,0.40535579513062375,0.1777343248657468
2026-05-08,OXY,-0.21229088862432788,,57.74811586015304,0.06601095563271397,-1.38913160919683,0.9255868189193904,0.35990304902287973,-0.17000568329605098
2026-05-09,OXY,0.22995853900508953,,57.74811586015304,0.052808764506171224,0.5415061265389619,0.8889990992935216,0.322964417628683,0.5801915056922462
2026-05-10,OXY,-0.0673089229859412,,57.74811586015304,0.042247011604937046,-0.7586708706575425,0.856486678859411,0.29287766144110294,0.041340953827137164
2026-05-11,OXY,0.23669397087703858,,57.74811586015304,0.0337976092839497,0.581917479625334,0.8273410459137565,0.26831420127958927,0.5614635660081373
2026-05-12,OXY,0.23836235368441291,,57.74811586015304,0.02703808742715974,0.5815098257931639,0.8010153622716623,0.24820852895491258,0.547371097685238
2026-05-13,OXY,0.031132530916687107,,57.74811586015304,0.021630469941727792,-0.34666595170483233,0.7770798804868511,0.2317041263916955,0.163968821381631
2026-05-14,OXY,0.6201069715788587,,57.74811586015304,0.0173043759533823,2.1904612534903922,0.7551915269453039,0.21811136961262806,1.1681753703635365
2026-05-15,OXY,0.11474121066232518,,57.74811586015304,0.013843500762705907,-0.011438320970078391,0.7350726207577352,0.20687439056069293,0.2780087750074971
2026-05-16,OXY,0.2553,,57.74811586015304,0.011074800610164748,0.5993666411435443,0.7164956526822787,0.19754478355460545,0.513958787328483
2026-05-17,OXY,0.43060000000000004,,57.74811586015304,0.00885984048813182,1.339734817210194,0.699272184434988,0.18976062724111042,0.8026037703869071
2026-05-18,OXY,0.09656666666666668,,57.74811586015304,0.007087872390505456,-0.12612704496986696,0.6832446115599731,0.18322968311771515,0.20949147041535965
2026-05-19,OXY,0.7485571428571428,,57.74811586015304,0.005670297912404365,2.5696863177469207,0.668279955622151,0.17771590319012828,1.2816732847424521
2026-05-20,OXY,0.53115,,57.74811586015304,0.004536238329923559,1.6053563850024344,0.6542651199388976,0.17302857496962284,0.8903306624735299
2026-05-21,OXY,0.25503333333333333,,57.74811586015304,0.003628990663938847,0.4592746853500947,0.641103217633938,0.1690135771237416,0.42674491256734176
2026-05-22,OXY,,,57.74811586015304,0.002903192531151122,,0.6287106967265429,0.16554632919300974,
2026-05-23,OXY,,,57.74811586015304,0.0023225540249208754,,0.6170150654393385,0.1637753548640762,
2026-03-24,PEPE,0.4324158424827787,3.530211645798817e-06,,0.0,,,,
2026-03-25,PEPE,0.27439303092850376,3.53795873208375e-06,,4.944009480983027e-10,,,,
2026-03-26,PEPE,,3.4011199868458312e-06,,-7.955491311022316e-09,,,,
2026-03-27,PEPE,0.3421091213089724,3.279663190930001e-06,,-2.0568763713038917e-08,,,,
2026-03-28,PEPE,0.04646984678927808,3.2800000000000004e-06,,-2.731088983752615e-08,,,,
2026-03-29,PEPE,0.30372930502251255,3.270106532920356e-06,,-3.061028710769705e-08,,,,
2026-03-30,PEPE,0.2887012348921703,3.3120173695603657e-06,,-2.8203092096593954e-08,,,,
2026-03-31,PEPE,0.33662271316349507,3.401564414889049e-06,,-1.924099263540674e-08,,,,
2026-04-01,PEPE,0.5454557447493475,3.4002277837032904e-06,,-1.2396343917474537e-08,,,,
2026-04-02,PEPE,0.5534316597610712,3.3385362994495153e-06,,-1.1061132047165274e-08,,,,
2026-04-03,PEPE,0.37502860562950374,3.419725116227544e-06,,-4.105624895205587e-09,,,,
2026-04-04,PEPE,-0.0559891114752926,3.401951312132347e-06,,-2.9825044203993345e-10,,,,
2026-04-05,PEPE,0.5091961213136713,3.4897839659659693e-06,,8.076583766926351e-09,,,,
2026-04-06,PEPE,0.10095427722930908,3.3292561005367335e-06,,3.006994324409959e-09,,,,
2026-04-07,PEPE,0.39022998441333573,3.7201527212063024e-06,66.71514515294767,2.4960225780952964e-08,,,,
2026-04-08,PEPE,0.4321282037655124,3.5395344597621004e-06,55.54089765239254,2.6170379172024018e-08,,,,
2026-04-09,PEPE,0.21811863679892074,3.511449627413328e-06,54.02563271354985,2.3990414362527006e-08,,,,
2026-04-10,PEPE,0.37858592207003383,3.629928437781568e-06,59.0955385309887,2.90985367716647e-08,,,,
2026-04-11,PEPE,0.4373701558972398,3.639996973853795e-06,59.504237964005405,3.1522102947536036e-08,,,,
2026-04-12,PEPE,0.3203270545384754,3.461249737289264e-06,49.960512644431496,2.0014367190711712e-08,,,0.9724595188919395,
2026-04-13,PEPE,0.29838789587499576,3.7504060393648515e-06,60.888742522057946,3.019290973735952e-08,-0.1780388892169983,,1.3677347448698152,
2026-04-14,PEPE,0.08360910916142165,3.5698896255065162e-06,53.09322746091038,2.3388184133567944e-08,-1.4258373645554419,,0.9929123580883433,
2026-04-15,PEPE,-0.06428025454897432,3.719881216363524e-06,57.914634630279515,2.733433236547403e-08,-2.0364466706780306,,1.1222473182287562,
2026-04-16,PEPE,0.577226967291534,3.979919189082857e-06,64.69075657286895,4.477265895695337e-08,1.4604988746365186,,1.7716742556511975,
2026-04-17,PEPE,0.445648187438352,3.960410026288679e-06,63.86001551496407,5.181138460015523e-08,0.7185427444898933,,1.8841215225720418,
2026-04-18,PEPE,0.02964930829185787,3.771629702875703e-06,56.322807273116304,4.104228156530275e-08,-1.4716359951830051,,1.3474628184857882,
2026-04-19,PEPE,0.4582779841503926,3.6481564996043287e-06,51.9998195333728,2.3750314862612806e-08,0.8013713183529955,,0.6128614291784468,
2026-04-20,PEPE,0.1209120869756066,3.759863871485294e-06,55.3395871318343,1.8230960159715858e-08,-0.9830093838835359,,0.3730908903886144,
2026-04-21,PEPE,0.662247656171769,3.8109755586405315e-06,56.81998757245417,1.6471157196146284e-08,1.7864130101043416,,0.2924012442549477,
2026-04-22,PEPE,-0.11548075714138234,3.799849276287908e-06,56.38185016061509,1.3150597293683717e-08,-2.0151249187662663,,0.1456122781877054,
2026-04-23,PEPE,0.09537846305304104,3.830305308145628e-06,57.3512947253504,1.1649567693572924e-08,-0.9621666363458307,,0.07798530884270408,
2026-04-24,PEPE,0.2961017129976302,3.8691922624389615e-06,58.61604004264786,1.1879160941218704e-08,0.00988384788842099,,0.08695361883588822,
2026-04-25,PEPE,0.20492446636188483,3.851704062511346e-06,57.78610045593601,9.556633754241828e-09,-0.43124965455571684,,-0.018919340131082707,
2026-04-26,PEPE,0.015842752902284263,3.892460571143954e-06,59.23472850945947,9.451497363187994e-09,-1.3164735241525507,0.35535844532840866,-0.02345966656332104,-0.427019776031494
2026-04-27,PEPE,0.12525623172447084,3.9015134589511775e-06,59.56663530930811,8.69689709839979e-09,-0.7591507658772493,0.42321840372209596,-0.05821788962874765,-0.19416015212289525
2026-04-28,PEPE,0.3808923760365485,3.8798180676515565e-06,58.34071402916292,5.5926775258581265e-09,0.49970152167064813,0.11944891265300842,-0.20386754124995993,0.1745550200891738
2026-04-29,PEPE,0.10690056272615212,3.849794779426159e-06,56.60456724393674,6.342766406987649e-10,-0.8532472686482433,-0.30991339577288757,-0.4374404935176467,-0.5655050742464577
2026-04-30,PEPE,0.8002389441619627,3.87061312593545e-06,57.54794595090278,-1.983212893306675e-09,2.3818662540664675,-0.06621170404411925,-0.5562317431897051,0.7660134674564396
2026-05-01,PEPE,0.387945495594563,3.93045222053899e-06,60.22452968142885,-5.015182896889327e-10,0.4479621386223746,0.6191918014230772,-0.4752908477733428,0.22235514154387012
2026-05-02,PEPE,0.1956769582564632,3.998493329121149e-06,63.07534827979958,3.996369069835623e-09,-0.4533802524611569,1.3032965595825676,-0.2468517748679352,0.13558133442992698
2026-05-03,PEPE,0.3807299826651811,3.94020305118647e-06,59.16319968645543,2.077678439762245e-09,0.42391555327546904,0.27385841943866934,-0.33946601054141146,0.149883943979365
2026-05-04,PEPE,0.1316065399864223,3.980093877994272e-06,60.94827876703698,2.4987352551631627e-09,-0.7632032729488568,0.7290824917727258,-0.31378805114525077,-0.18069297699130027
2026-05-05,PEPE,0.3329517603297718,4.1118459604089924e-06,66.20303516393014,1.0220903552023218e-08,0.210819285038895,1.9517899487583474,0.08537289917682765,0.6954765683961106
2026-05-06,PEPE,0.2212720111919774,4.161589978975382e-06,67.95620662228697,1.6857599701345086e-08,-0.3330109762183934,2.153852966607025,0.4276459988120855,0.6412452991383758
2026-05-07,PEPE,0.5134796712245171,4.1529817846065195e-06,67.30554763144158,1.870371257113312e-08,1.08844809015621,1.849327074425791,0.5180334440096331,1.1455873915931112
2026-05-08,PEPE,0.18049976072928142,4.313017864477941e-06,72.56478932866561,2.8170258417058102e-08,-0.5511720820869256,2.6235760284797673,1.0009494954063192,0.8668888243310556
2026-05-09,PEPE,0.2944595834910776,4.2495205075663e-06,67.89789668540573,2.758730460631771e-08,0.017052162723805643,1.5909064385185006,0.9500187099939176,0.7690984096432476
2026-05-10,PEPE,0.26340131868693045,4.409353840024254e-06,72.66371755320085,3.492564431080644e-08,-0.13812029569489973,2.277576710621935,1.3035541717472048,1.0190911464327819
2026-05-11,PEPE,0.5353833082065917,4.341973056228771e-06,68.07545593829829,3.2264332742537553e-08,1.2158540831729052,1.3805023575782582,1.1349705955819251,1.2409835192172172
2026-05-12,PEPE,0.3294650049505755,4.141747618380413e-06,56.63193130074584,1.492357141891575e-08,0.16997481185775487,-0.6588420452140417,0.21681876197062963,-0.06461706022992166
2026-05-13,PEPE,0.32692964639466565,4.050815036915412e-06,52.32962044206119,-3.768152331973394e-09,0.15540278666452506,-1.3788222620959942,-0.7679724189547328,-0.5818772896494081
2026-05-14,PEPE,0.147650347200737,4.089573648304353e-06,53.93595448328651,-1.4041604787104659e-08,-0.7602703854887773,-1.0612676487660249,-1.2839817304214645,-1.0076829679517578
2026-05-15,PEPE,0.11227885676953941,3.909668468712178e-06,46.16062081084059,-3.242270517359134e-08,-0.9270491472343864,-2.244088029638387,-2.1379065740481407,-1.6854180399997127
2026-05-16,PEPE,0.1394836986870995,3.7600000000000004e-06,40.88066863566724,-5.291842040320203e-08,-0.7736389445988602,-2.7631809122060127,-2.8937087503928858,-2.006522476619214
2026-05-17,PEPE,0.33408099583738826,3.679206797683125e-06,38.33180386168657,-6.914904560912214e-08,0.24024692667577258,-2.7858461169309336,-3.2487014646140113,-1.7142655037931744
2026-05-18,PEPE,-0.01677682607233525,3.6905114377127816e-06,38.905782213173836,-7.582048502002725e-08,-1.5572242999783645,-2.463986993067857,-3.162327716704544,-2.3107841329230663
2026-05-19,PEPE,0.36151570725952276,3.639749194959113e-06,37.23007947949811,-7.993883732627809e-08,0.40406542892340924,-2.447462348915771,-3.0106353092222613,-1.4758031258720459
2026-05-20,PEPE,0.4101062045350176,3.7107711419047747e-06,41.055362587209075,-7.428689400693142e-08,0.650258105601091,-1.8814884399270368,-2.6089028509603076,-1.0870141450257669
2026-05-21,PEPE,0.48115382352285085,3.799995912220446e-06,45.54515325090472,-6.1476426359239e-08,1.0062308027248652,-1.3174253570781589,-2.072302134610074,-0.6144259264165237
2026-05-22,PEPE,,3.599953811898664e-06,38.47015442630695,-6.317089892144155e-08,,-2.0103093604221205,-2.0340437254299637,
2026-05-23,PEPE,,,38.47015442630695,-5.0536719137153247e-08,,-1.9072238561680264,-1.5676376000605934,
2026-03-24,PLTR,0.21830868548220184,154.78,,0.0,,,,
2026-03-25,PLTR,0.262346982217026,154.96,,0.011487179487198773,,,,
2026-03-26,PLTR,0.14258198537631314,147.56,,-0.4541919497406798,,,,
2026-03-27,PLTR,0.17594589853181974,143.06,,-1.0084315871728484,,,,
2026-03-28,PLTR,0.27212244737575275,,,-0.8067452697382788,,,,
2026-03-29,PLTR,0.10782928470398728,,,-0.645396215790623,,,,
2026-03-30,PLTR,0.31328550812176964,137.55,,-1.7824906196594472,,,,
2026-03-31,PLTR,0.10601783146106851,146.28,,-1.4321222478029474,,,,
2026-04-01,PLTR,0.1254881649572415,146.49,,-1.1100983055341742,,,,
2026-04-02,PLTR,0.06783906973072737,148.46,,-0.7078719028739737,,,,
2026-04-03,PLTR,0.19653675866125575,,,-0.5662975222991791,,,,
2026-04-04,PLTR,0.2591221545113246,,,-0.45303801783934317,,,,
2026-04-05,PLTR,0.13804744417950132,,,-0.36243041427147427,,,,
2026-04-06,PLTR,0.26827115397951584,147.93,,-0.14100323002890214,,,,
2026-04-07,PLTR,0.2894296571582256,150.07,,0.15101344220913537,,,,
2026-04-08,PLTR,-0.012125006528200317,140.76,,-0.24680104814825565,,,,
2026-04-09,PLTR,-0.0039525726213725035,130.49,,-1.1168367017816756,,,,
2026-04-10,PLTR,0.05526319099005644,128.06,,-1.7343667443964335,,,,
2026-04-11,PLTR,0.11780236550897444,,,-1.3874933955171467,,,,
2026-04-12,PLTR,-0.00989909824503795,,,-1.1099947164137172,-1.5888109681080655,,-0.6325506459421716,
2026-04-13,PLTR,0.08890985754919659,132.37,,-1.4776412156955256,-0.6133117135262474,,-1.193604640224448,
2026-04-14,PLTR,0.21485505389974124,135.7,,-1.1387793598208287,0.6037977323675423,,-0.5950535285600083,
2026-04-15,PLTR,0.21940641249114565,142.15,,-0.41513613364590896,0.6295348418747805,,0.6421468362208675,
2026-04-16,PLTR,0.292652438552199,142.76,,0.13999704982630323,1.2904108319453202,,1.5035804972567293,
2026-04-17,PLTR,0.2313314770905087,146.39,52.777400005905555,0.7528206674570672,0.6616885362564153,,2.217019183692813,
2026-04-18,PLTR,0.320919723115133,,52.777400005905555,0.6022565339656545,1.4631536458689445,,1.8098183909166023,
2026-04-19,PLTR,0.07497639512760744,,52.777400005905555,0.48180522717252394,-0.9122472368634355,,1.5273487731726998,
2026-04-20,PLTR,-0.003703326042356972,145.89,52.777400005905555,1.0571741767166105,-1.574636386743609,,2.101198920435212,
2026-04-21,PLTR,0.17862291673982764,145.97,52.90110565622747,1.2436296685787256,0.15759205242720556,,2.1097723230030256,
2026-04-22,PLTR,0.21299921710294056,152.62,60.457603101252026,1.7508177267839011,0.4806107561067454,,2.397885997914594,
2026-04-23,PLTR,0.16944652918384262,141.57,46.97190778376472,1.2988839905249003,0.05222782742088362,,1.7611903899198476,
2026-04-24,PLTR,0.2626375635588651,143.09,48.66810259047468,1.0687100228489053,0.952942880290552,,1.4387861191841558,
2026-04-25,PLTR,0.22348310306897973,,48.66810259047468,0.8549680182791244,0.5505984330642649,,1.16919939085361,
2026-04-26,PLTR,0.36517481128291773,,48.66810259047468,0.6839744146232998,1.8469112694325511,,0.961962518771476,
2026-04-27,PLTR,0.3244699216726653,143.1,48.66810259047468,0.5751156691581909,1.3893452229982095,,0.8274922152463325,
2026-04-28,PLTR,0.19529631350490367,141.18,46.15952558426505,0.37985830108119445,0.1531295670378863,,0.6104297167010545,
2026-04-29,PLTR,0.1433405014612229,137.97,42.91409007748762,0.048763457465050175,-0.34507961453790154,,0.25559798516732973,
2026-04-30,PLTR,0.19475737861174458,139.11,44.40895176805313,-0.07261944957571664,0.15722892051036827,,0.12351430939110254,
2026-05-01,PLTR,0.27712303493153745,144.07,50.484366532768824,0.1877531051948793,0.9519948568754625,,0.40113618832350784,
2026-05-02,PLTR,0.012733285365973401,,50.484366532768824,0.15020248415590354,-1.6016111225690086,,0.354777871222429,
2026-05-03,PLTR,0.14275600752115497,,50.484366532768824,0.12016198732472283,-0.3312659919543439,,0.31705959026781877,
2026-05-04,PLTR,0.25492757569658203,146.03,50.484366532768824,0.554533278649241,0.7586130608230912,,0.7908171982692963,
2026-05-05,PLTR,0.12734810702530225,135.91,38.83645178862011,0.04672814762495481,-0.4966911227038328,,0.21349392404609183,
2026-05-06,PLTR,0.24059492168059213,133.79,37.256182075711,-0.3956012584797173,0.6242034235792309,-2.21352537321498,-0.2893666501079966,-0.5011862375652005
2026-05-07,PLTR,0.33654262324721734,137.05,41.217213293761226,-0.4294634236686663,1.5285474426706804,-1.3554135440650763,-0.32456955162449946,0.10742404836139947
2026-05-08,PLTR,0.2083929881440276,137.8,42.12247802082432,-0.3647346270915717,0.2577272100066818,-1.124127914640265,-0.24605792541417917,-0.3079648680136605
2026-05-09,PLTR,0.1026275297485624,,42.12247802082432,-0.2917877016732573,-0.7858693431407268,-1.0701881479261048,-0.15814533653292973,-0.682847782594001
2026-05-10,PLTR,0.24579387809704012,,42.12247802082432,-0.2334301613386056,0.6417523579780837,-1.0234282317966907,-0.08753211284244405,-0.07658716020050693
2026-05-11,PLTR,0.3252912902399343,136.89,42.12247802082432,-0.30802130964606445,1.4001607198086494,-0.9823783579140042,-0.17573511149695262,0.2126302471001727
2026-05-12,PLTR,0.22559769088264647,136.0,41.1119213379091,-0.31205528722522224,0.3992403785071076,-1.11543216613537,-0.17881672783905447,-0.2285785167894843
2026-05-13,PLTR,0.1872426407503766,130.05,36.03926030615434,-0.6589221748841183,0.012491557299881117,-1.8579165131145607,-0.5980313915631672,-0.7317877484833659
2026-05-14,PLTR,0.23234296700683338,133.73,40.89657513004337,-0.5864208338954824,0.4662427437594142,-0.9851927440403433,-0.5020666905863773,-0.25968073288425053
2026-05-15,PLTR,0.20587802087152648,133.99,41.236124880077554,-0.47178809035589886,0.1927931952130314,-0.8975360776415895,-0.35512551261703507,-0.2986811989923748
2026-05-16,PLTR,0.20142435344221715,,41.236124880077554,-0.3774304722847188,0.14529493071270605,-0.8709474062042735,-0.2339998414114,-0.2733662019996196
2026-05-17,PLTR,0.21711589738172285,,41.236124880077554,-0.3019443778277746,0.30630329018664737,-0.8466128680217447,-0.13680207791165788,-0.17250316770536187
2026-05-18,PLTR,0.35917828866002727,135.14,41.236124880077554,-0.15285357638904973,1.7375800981498901,-0.8242295357919265,0.05394401950098398,0.4639463843726733
2026-05-19,PLTR,0.2180992502160562,135.26,41.44495911113344,-0.00675795585521044,0.27633249150092987,-0.7686255826895527,0.24082102472038136,-0.04780837079037946
2026-05-20,PLTR,0.29360065517602085,137.15,44.18651562754463,0.2306256826193338,1.0441169328305193,-0.2815498106979341,0.5445778104521424,0.4965551730584702
2026-05-21,PLTR,0.13160413964574327,137.415,44.57833081804386,0.40855349332447366,-0.6354890109070968,-0.20850089854638387,0.7677847519699413,-0.08641044833577152
2026-05-22,PLTR,0.11686267631865252,136.83,43.84656455947846,0.48471208288741385,-0.7792110923541995,-0.3358420344656232,0.8555824478368144,-0.15576231293032244
2026-05-23,PLTR,,,43.84656455947846,0.38776966630993126,,-0.3308820922622883,0.7160805210913255,
2026-03-24,POL,0.4372856398694864,0.09604050479503584,,0.0,,,,
2026-03-25,POL,0.13041963205065507,0.09801832665761319,,0.0001262199707171785,,,,
2026-03-26,POL,0.295054055215712,0.09473481345667627,,-1.111827880127425e-05,,,,
2026-03-27,POL,0.20032985904255018,0.09075375507352662,,-0.0003509405799414469,,,,
2026-03-28,POL,0.16694522598668368,0.09162395148360444,,-0.0004894663032569776,,,,
2026-03-29,POL,0.339528344142697,0.09098721592378178,,-0.0005896147691728927,,,,
2026-03-30,POL,0.2168006376822909,0.09138538913949601,,-0.0005930698539260525,,,,
2026-03-31,POL,0.4007298868041527,0.09110570131043542,,-0.0005776460614842016,,,,
2026-04-01,POL,0.14882701088258374,0.09271352573832306,,-0.0004294247003619972,,,,
2026-04-02,POL,-0.00865592650795742,0.09128939943579316,,-0.0003982516712512889,,,,
2026-04-03,POL,-0.01262381991765981,0.09231163737894767,,-0.00028504746361589185,,,,
2026-04-04,POL,0.2162184775082555,0.09269728584936564,,-0.00016633802624678137,,,,
2026-04-05,POL,0.14035557383121455,0.09071247384111449,,-0.00020129909431176613,,,,
2026-04-06,POL,0.07186764769627632,0.09010464128071913,,-0.00024241072829037438,,,,
2026-04-07,POL,0.4646919163861316,0.09288298532598496,70.08367820705678,-6.857189470873821e-05,,,,
2026-04-08,POL,0.21796043629507966,0.08867100014654733,58.514548311017016,-0.00021506938247248578,,,,
2026-04-09,POL,0.18346974995078053,0.08661179804072963,53.83558073833771,-0.000416792057034168,,,,
2026-04-10,POL,-0.10475450740504699,0.08566511140486512,51.78543033041254,-0.00057060608119992,,,,
2026-04-11,POL,0.18814536525665207,0.08558976204098738,51.616943239847984,-0.0006294214703536391,,,,
2026-04-12,POL,0.23023221697251456,0.08189407442397668,44.0472513611454,-0.000855217306318825,0.23286568344724332,,-2.004172888004649,
2026-04-13,POL,0.1005190784236783,0.08572869302308164,51.92522905457621,-0.0006913208967874967,-0.6315111337403663,,-1.2681010459847326,
2026-04-14,POL,0.16559210961162182,0.08267773385416778,46.33532402032708,-0.0007296104850120968,-0.17618519186713746,,-1.3237384188351577,
2026-04-15,POL,0.09325770861205779,0.08522238255993143,51.06689050079656,-0.0005338575840691234,-0.6681080640297286,,-0.5636672020588974,
2026-04-16,POL,0.13961368568917193,0.09073912398544057,59.420315499887614,-1.0784292160136155e-05,-0.32728146940545094,,1.3639127250647987,
2026-04-17,POL,0.2449030633118802,0.09058270976421755,59.11219743695312,0.0003280037529919291,0.4344563991796143,,2.2805441982374575,
2026-04-18,POL,0.11539122435466521,0.08952932843867363,56.96970053031714,0.0004755356145072303,-0.5189214260841767,,2.384736249693383,
2026-04-19,POL,0.0807510879418798,0.0876301496473541,53.224141187759635,0.000440397281216427,-0.758303878385307,,2.0425613900601682,
2026-04-20,POL,0.0747040122724371,0.09302855298129344,61.06099516113113,0.0007573177064898074,-0.7811841910221317,,2.511006300717311,
2026-04-21,POL,0.19770468939528554,0.09356497914614022,61.746825624681414,0.0009662821440316405,0.16136740605403768,,2.5870139728933927,
2026-04-22,POL,-0.011070639114877254,0.09329811676690247,61.16962100590035,0.0010431612480850734,-1.3967610361864493,,2.413784760073732,
2026-04-23,POL,0.17700982092993178,0.09441001183039796,62.73278047374219,0.0011188331978271788,0.046889624034327906,,2.2862424309045184,
2026-04-24,POL,0.1454090590559446,0.09178395201648043,56.906163636378864,0.000948684083079094,-0.19676082636622963,,1.8311567880771715,
2026-04-25,POL,0.2721504703967366,0.09195366125946015,57.18293704461358,0.0008096357920676229,0.788898381942442,,1.5043127270626064,
2026-04-26,POL,0.266666887155265,0.0923693112013723,57.896180200743174,0.0007112200731333785,0.7283277237813452,0.26001962440089676,1.2811282046408095,0.7536754382250499
2026-04-27,POL,0.10388717253110126,0.09236644223945382,57.88901219043202,0.000615101264686484,-0.5689835340896693,0.2524833586497317,1.081735204845853,0.1726721554128077
2026-04-28,POL,0.08942957809104182,0.09197644010407881,56.85845837617359,0.0004993529470813743,-0.6725058004765175,0.07535836935690278,0.863100642182918,0.012535383271339157
2026-04-29,POL,0.33746211562751055,0.09295085366614735,58.83047863611792,0.00046330464740845323,1.3057448390138136,0.40886507954310497,0.7839633581494947,0.8801464669133052
2026-04-30,POL,0.3759666101134876,0.09526897018651545,63.146388722869375,0.0005637965050205713,1.542864887901771,1.1193221598314609,0.9327009246970628,1.2327528805192656
2026-05-01,POL,0.26763169307148926,0.09564377527004929,63.80704491280351,0.000619298536517409,0.6712026601568899,1.1751587019856624,1.0013745676253085,0.9214410449460473
2026-05-02,POL,-0.28964563931127574,0.09739693814398197,66.80464853480414,0.0007302443758513337,-3.1933813699521902,1.578830249054709,1.1565571358014974,-0.45673633252401435
2026-05-03,POL,0.16207667079776633,0.09547752794818809,60.861419663009016,0.0006340859474298795,-0.06617285011080296,0.5607727625170891,0.968381396218785,0.432277107576441
2026-05-04,POL,,0.0974289604226545,64.33537220730364,0.0006587422860530286,,1.1084298114071476,0.9865476083947028,
2026-05-05,POL,0.20322300752520217,0.09805997896566006,65.40469602637918,0.0006720633147775682,0.2194874564176338,1.2327379562056562,0.9859273661170017,0.7533945792638509
2026-05-06,POL,0.3269188662522927,0.09916736778271457,67.25991041358324,0.0007064503502845507,1.0689687711244236,1.4612243490791137,1.0202379276456033,1.1720261914671846
2026-05-07,POL,0.27871443855501243,0.09861669386532139,65.38225495543224,0.0006448146920791779,0.7153102623133057,1.1093620790277263,0.8963643701369828,0.887842039674735
2026-05-08,POL,0.3085339046104079,0.10183210527787867,70.5517268440291,0.0007650980171543744,0.908563522164185,1.8183637383691629,1.0762481535168211,1.2318089764314692
2026-05-09,POL,0.44128619091165255,0.10107224120832198,67.96863415978432,0.0007376625784896009,1.7688254004286272,1.3496862546926531,1.0070297013699614,1.4145449469902354
2026-05-10,POL,0.18807508665130881,0.1044906724516475,72.79440026499914,0.0008840458549086083,0.009050351446757742,1.9422703548764058,1.2239322904755932,0.9534809341843027
2026-05-11,POL,0.12542452989178285,0.10319625936351587,68.58106730763403,0.0008289240467798933,-0.4258876575841272,1.2685935959801742,1.1043046605101514,0.5415144139134468
2026-05-12,POL,0.6001955736397611,0.09870192645418263,56.37925898862385,0.0004442916387558441,2.6786595522342163,-0.5090870605844466,0.44698764720098794,1.052833996878649
2026-05-13,POL,0.19207857671068052,0.09610377376736522,50.75712621101989,-6.711401735411387e-06,-0.012359924195027936,-1.2915156318018384,-0.32028985529794285,-0.4884856158079456
2026-05-14,POL,0.5011101597807769,0.09447019318909093,47.546700020913065,-0.0004140999090214894,1.9468346225353907,-1.6703753632541671,-1.0028999651806139,-0.023248749516277922
2026-05-15,POL,0.07121263926555635,0.09089709205521998,41.38132513473555,-0.0008956275464470239,-0.8188518778152447,-2.3264481947426625,-1.7600402189909505,-1.5534872752461817
2026-05-16,POL,0.294570554494001,0.09108728751235472,41.81383731254298,-0.0011561755668536577,0.6214093174541089,-2.1061230563035305,-2.0863738549760273,-1.0091853464022238
2026-05-17,POL,0.18214085737480226,0.0907961405778939,41.3113461182209,-0.0012926424755754571,-0.11098530804480312,-2.027949626321021,-2.1829397439144382,-1.3076609342885588
2026-05-18,POL,0.14221053444365547,0.09086627042418183,41.49372988918615,-0.001318181892672215,-0.3701001384970662,-1.8916147592075843,-2.1106512441032472,-1.348719856392076
2026-05-19,POL,0.12287702928279276,0.08945731726297132,38.87957168587877,-0.001364242507551738,-0.4929413647094272,-2.058788726651612,-2.075356691847588,-1.4374201714335308
2026-05-20,POL,0.11303508259899515,0.09098476090001559,43.06717420511469,-0.0012302474697573837,-0.552356850709371,-1.5247263298114726,-1.8072449733371865,-1.2205341312283462
2026-05-21,POL,0.11884608925159161,0.0915,44.449763774608705,-0.001052213824445942,-0.5077327984654545,-1.32828081289501,-1.5070377689144563,-1.0536886939290215
2026-05-22,POL,0.005771953496781764,0.0903,41.897775813972274,-0.0009629747950890917,-1.2453464820444,-1.547619790377611,-1.347127663673705,-1.3665628290331546
2026-05-23,POL,,,41.897775813972274,-0.0007703798360712734,,-1.4930347812048856,-1.0469160641178739,
2026-03-24,POPCAT,0.28807353373445,0.05151019678151959,,0.0,,,,
2026-03-25,POPCAT,0.20101318172479846,0.053386507100799015,,0.00011974174117339031,,,,
2026-03-26,POPCAT,0.7596779659444466,0.05007465709270949,,-2.3110961258490108e-05,,,,
2026-03-27,POPCAT,0.1920976485806207,0.04730237541664939,,-0.0002885775339523229,,,,
2026-03-28,POPCAT,0.2527868009108305,0.04682738588552166,,-0.00046971436432825364,,,,
2026-03-29,POPCAT,0.2121869381559547,0.046087424476646176,,-0.0006043387661606855,,,,
2026-03-30,POPCAT,0.16123133058567996,0.04692057809760146,,-0.0006009829088637001,,,,
2026-03-31,POPCAT,0.5977129886344075,0.04796781246041058,,-0.0004962877234219126,,,,
2026-04-01,POPCAT,0.12246029464916793,0.04791153481759785,,-0.0004028557230726275,,,,
2026-04-02,POPCAT,0.39940607708651416,0.046695995078669866,,-0.0003944443378267582,,,,
2026-04-03,POPCAT,0.5280972188781325,0.04809107316578246,,-0.0002722606165059797,,,,
2026-04-04,POPCAT,0.15922013548238204,0.04831487163816928,,-0.00015929946331190003,,,,
2026-04-05,POPCAT,0.06833539228735493,0.048767635372663244,,-4.306534363576406e-05,,,,
2026-04-06,POPCAT,0.21045450634274424,0.047403990093549966,,-4.669380175416338e-05,,,,
2026-04-07,POPCAT,0.3470729077380896,0.051319615201675356,75.70961335911615,0.00021175753565487194,,,,
2026-04-08,POPCAT,0.34318278462180696,0.05078004421677339,73.75841457907482,0.00033612412062907567,,,,
2026-04-09,POPCAT,0.6013180110656966,0.05049589384905255,72.69587630805124,0.000385463730757601,,,,
2026-04-10,POPCAT,0.031842659477442505,0.05229190194368312,75.13414292320135,0.0005170637262982322,,,,
2026-04-11,POPCAT,0.0951726662197189,0.052113490152985026,74.42315702928562,0.0005661428912414701,,,,
2026-04-12,POPCAT,0.20409921597627925,0.049593222984207805,65.05767943815457,0.0004101846939387159,-0.4287391101238752,,1.255370258227091,
2026-04-13,POPCAT,0.22167864848095922,0.05358681093019254,71.23485286184336,0.0005486527586067958,-0.3309978624008866,,1.4904510267739741,
2026-04-14,POPCAT,0.31658190757806415,0.050212312906985856,61.36345877719619,0.00039293825155670446,0.15699513888903727,,1.0388431179367823,
2026-04-15,POPCAT,0.26932222302692244,0.05286551725656129,65.42084659354003,0.00044477691744335926,-0.091720650129108,,1.1123233675964352,
2026-04-16,POPCAT,0.23214083646200595,0.06083192996354835,74.18631411883857,0.0009620512308110237,-0.28711106383778184,,2.1185483101956324,
2026-04-17,POPCAT,0.20884546018013964,0.06297990545080294,75.95608526623228,0.0013704234369798303,-0.406648071728113,,2.5459824365733548,
2026-04-18,POPCAT,0.5114336298228449,0.06139475627101905,72.03131761405297,0.001447767599078831,1.2343163899564185,,2.3315922775049422,
2026-04-19,POPCAT,0.2256422933846262,0.05893443211960794,66.30464682899162,0.001254423910118885,-0.35020000041979293,,1.8156594225180929,
2026-04-20,POPCAT,0.3171098395404531,0.060188714124193236,67.71388436030014,0.0011357521169142659,0.1650692692988978,,1.5136560910183208,
2026-04-21,POPCAT,0.18917933077234778,0.060292204477548524,67.83342302428655,0.0009940747492938485,-0.5603360514559272,,1.2215694673640534,
2026-04-22,POPCAT,0.11134664208974894,0.05971064406951489,66.34682888598022,0.0007994208584204032,-0.9813239057854674,,0.8745212190017132,
2026-04-23,POPCAT,0.16462709234945477,0.06005355320499889,66.8087220799161,0.0006389418324029977,-0.6545847647616111,,0.5962532949805229,
2026-04-24,POPCAT,0.03781998905003071,0.06040166435699961,67.29939815135234,0.0005071712281835951,-1.3393631305663038,,0.36971707291190714,
2026-04-25,POPCAT,-0.14558323341199247,0.05918649022798585,63.75617564537479,0.0002993809790523029,-2.180997322619628,,0.01766708503570648,
2026-04-26,POPCAT,0.25909200416564937,0.06224291690813749,68.27977064095857,0.00032675703204483033,0.01858232728302829,-0.2909672006478365,0.06382141742287055,-0.060710804054278464
2026-04-27,POPCAT,0.378881379587911,0.06350287999922254,69.94507591603988,0.00038470481458565764,0.6658537172526809,0.08385332733135338,0.1626645971324457,0.3402968642402121
2026-04-28,POPCAT,-0.2042491529471567,0.060898361310288175,62.62584459531981,0.00021127762726258666,-2.3323445298884593,-1.4896098272398852,-0.14267072296449615,-1.4226219770166981
2026-04-29,POPCAT,0.08131426202006833,0.058888606531315064,57.61570864810886,-6.0604670151636134e-05,-0.8345832997779402,-2.234459774503645,-0.6196077926665746,-1.190053590062242
2026-04-30,POPCAT,-0.2561130922948569,0.05571691852331505,50.719604018433145,-0.00045395793777016236,-2.3507074644276713,-2.82869135779448,-1.2850743184266429,-2.174412688637405
2026-05-01,POPCAT,0.09038033142616972,0.05819501576207615,55.228565363670185,-0.0005412358704687463,-0.6587025466431984,-1.885673643170018,-1.386223981305282,-1.2450503059998692
2026-05-02,POPCAT,0.11483122227800391,0.060500962945236866,58.98884401943332,-0.0004418490877970637,-0.5307027690971879,-1.2415608054342715,-1.1734742232635165,-0.9367916162482116
2026-05-03,POPCAT,,0.06011739696662507,58.11450676856396,-0.00040130588054748803,,-1.3029872724370068,-1.0726824469400955,
2026-05-04,POPCAT,0.07894189003544859,0.06024127923136263,58.32933594219598,-0.00036647120962498116,-0.6948115844465789,-1.2130413719232505,-0.98737934678362,-0.9380508493906927
2026-05-05,POPCAT,0.1290859909594059,0.06211805746878226,61.54705236050135,-0.00022433964178265918,-0.43976107134807374,-0.7178641737354333,-0.724418958658724,-0.6085893682574767
2026-05-06,POPCAT,0.18710335088396446,0.07048282611242086,71.94509869646647,0.00039215247673428074,-0.14731566089291853,0.8099890465245332,0.36081234875147933,0.29231415422563634
2026-05-07,POPCAT,0.5052319940392316,0.0686981507380463,67.73652436980444,0.0006250394618689398,1.4143392279064173,0.1757279371084637,0.7630530853107916,0.8473699978883436
2026-05-08,POPCAT,0.5150353873392567,0.06955843876568582,68.68739688309623,0.0007726526543114175,1.413435333490297,0.31532681765916065,1.0052062466184883,0.9615340526794134
2026-05-09,POPCAT,-0.06875271628110668,0.06798036771224678,64.90837639190076,0.0007017083462614935,-1.423893660021759,-0.2652469161236194,0.861575480466947,-0.39065889470570536
2026-05-10,POPCAT,0.22580269096004776,0.07222879717469129,69.73582414894257,0.0008677297648171929,0.01476917290364712,0.4841058604725822,1.1321759005654901,0.4907921974728805
2026-05-11,POPCAT,0.12763496177121997,0.07076947869155037,66.35891223031227,0.0008073407217171697,-0.4641427168597314,-0.05179640305099713,1.0027513084057151,0.09962938486252282
2026-05-12,POPCAT,0.24364793906832738,0.06679591011651592,58.10778259089721,0.00044591402104735044,0.11248889443509065,-1.3280785614971495,0.351139060461806,-0.2480862925365668
2026-05-13,POPCAT,0.22321831440630371,0.06349732111824838,52.29472997035625,-4.3191374979445214e-05,0.00958355991732343,-2.0823516677972163,-0.526622769942739,-0.7788589073550573
2026-05-14,POPCAT,0.4483598624225758,0.06379568460033802,52.755120982596985,-0.00035703604460069795,1.1282412291417718,-1.8861272507274562,-1.0752106696476469,-0.4371048844558222
2026-05-15,POPCAT,0.3207190381361451,0.06000296534191463,46.59875405638303,-0.0008048480157078668,0.47558773725966463,-2.5040920016278885,-1.8106882802242803,-1.1041989896517848
2026-05-16,POPCAT,0.07798610390751808,0.05800036219401376,43.699005709593855,-0.0011970776129411479,-0.7529430208013516,-2.59346797287165,-2.3489231954880263,-1.7838945588284434
2026-05-17,POPCAT,0.24983668155167918,0.05619937927511865,41.21506418392776,-0.0015183126174068149,0.12728456598730328,-2.6047801522778777,-2.6680865820845288,-1.5309461939138005
2026-05-18,POPCAT,0.07641955993390427,0.0571010004569161,42.9630007860071,-0.0016022754952614245,-0.7594706611120126,-2.225780389029531,-2.597827768989868,-1.7508707118506246
2026-05-19,POPCAT,0.348606597587413,0.05570645547513889,40.93553647036133,-0.0016760033784177582,0.6468982633339333,-2.2609233469948746,-2.524850081515242,-1.1769727232194616
2026-05-20,POPCAT,0.23513758238531648,0.05689999999999999,43.397518421739235,-0.0015704654509326958,0.0535626603504914,-1.8998550986476397,-2.245684244851721,-1.2222367389096116
2026-05-21,POPCAT,0.2071908062375337,0.05779999999999999,45.25073205155825,-0.0013732535762133306,-0.09296989872971423,-1.6438608773941341,-1.8957753107808712,-1.0990788159443872
2026-05-22,POPCAT,,0.0535,38.72676365965583,-0.0014576423489079827,,-2.1313418347417867,-1.9274912829568724,
2026-05-23,POPCAT,,,38.72676365965583,-0.0011661138791263861,,-2.0119934551151633,-1.4914426201864606,
2026-03-24,QCOM,-0.004159822989057284,128.67,,0.0,,,,
2026-03-25,QCOM,0.19466951843965022,130.35,,0.10721367521368848,,,,
2026-03-26,QCOM,0.2637024991451497,130.54,,0.18067380621909251,,,,
2026-03-27,QCOM,0.25584294932609297,127.11,,-0.0023047669956649808,,,,
2026-03-28,QCOM,0.32870709453212005,,,-0.0018438135965319902,,,,
2026-03-29,QCOM,0.3970415053082941,,,-0.0014750508772256032,,,,
2026-03-30,QCOM,0.1556094952775077,127.07,,-0.17354063311677836,,,,
2026-03-31,QCOM,0.265603230220524,128.78,,-0.11205341514467389,,,,
2026-04-01,QCOM,0.1967271152972724,127.28,,-0.16335929847467853,,,,
2026-04-02,QCOM,0.38270948468630855,126.8,,-0.21720582737283745,,,,
2026-04-03,QCOM,0.331499936009215,,,-0.17376466189826995,,,,
2026-04-04,QCOM,0.1436136856698149,,,-0.13901172951861596,,,,
2026-04-05,QCOM,0.21699416713406047,,,-0.11120938361489274,,,,
2026-04-06,QCOM,0.05802168864680454,125.73,,-0.3310364238335533,,,,
2026-04-07,QCOM,0.09537874810015005,124.07,,-0.4510150995550937,,,,
2026-04-08,QCOM,0.24024495726967057,127.51,,-0.2794159107484466,,,,
2026-04-09,QCOM,0.14320398049770153,127.75,,-0.13763655712486333,,,,
2026-04-10,QCOM,0.3440996420052453,128.06,,-0.017199068462058875,,,,
2026-04-11,QCOM,0.43658632654545965,,,-0.013759254769647011,,,,
2026-04-12,QCOM,0.3005186780610018,,,-0.01100740381571752,0.5405531263605649,,0.6126287613750826,
2026-04-13,QCOM,0.12504769487304404,131.24,,0.393378136182054,-0.9175927646332955,,2.604551379996683,
2026-04-14,QCOM,0.19192248596174952,132.84,,0.6169956276912584,-0.33529086678354614,,2.8766058606418707,
2026-04-15,QCOM,0.22509853598927942,133.05,,0.7405796454274353,-0.0434715723739668,,2.700278584050319,
2026-04-16,QCOM,0.1980330741250165,134.47,,0.8705175837540344,-0.28009038462853336,,2.5882040564902473,
2026-04-17,QCOM,0.39424147520052394,136.2,82.00253840188364,1.0154258650940147,1.4209860252936795,,2.5271731785208025,
2026-04-18,QCOM,0.19313423340452893,,82.00253840188364,0.8123406920752116,-0.3682232051587955,,1.8127249729022734,
2026-04-19,QCOM,0.10973736797614504,,82.00253840188364,0.6498725536601693,-1.08040293620241,,1.3289670098704416,
2026-04-20,QCOM,0.20175451353650695,137.52,82.00253840188364,1.0183196706172983,-0.24247314869780534,,2.0218414674737053,
2026-04-21,QCOM,-0.0032029960194037235,135.56,72.6760280402332,0.8919346341268888,-1.9441416233955255,,1.615957932167479,
2026-04-22,QCOM,0.1396880819063778,136.07,73.36770114685054,0.7872034769509966,-0.6828826629163073,,1.3161332076235206,
2026-04-23,QCOM,0.24513376042849852,133.95,65.89990868454646,0.5319000803439655,0.23961248082915998,,0.7332859071184533,
2026-04-24,QCOM,0.15522592530965573,148.85,80.73888310845501,1.2805686773507368,-0.5517296398651483,,2.170392479631573,
2026-04-25,QCOM,0.20871179482629076,,80.73888310845501,1.024454941880589,-0.06773335561705622,,1.5501432569119438,
2026-04-26,QCOM,0.3463929727151162,,80.73888310845501,0.8195639535044714,1.1534244259188766,,1.097086413176618,
2026-04-27,QCOM,0.12955152402065553,150.26,80.73888310845501,1.7888016142049432,-0.8047539027575867,,2.6683582907481354,
2026-04-28,QCOM,0.17853776805543653,150.0,79.9225945086994,1.8754116370481144,-0.3502604923398686,,2.5149445061399045,
2026-04-29,QCOM,0.32584817041554154,156.0,83.3348032445794,2.1845055872642978,0.9896997794201108,,2.6679534037437054,
2026-04-30,QCOM,0.07157928668657376,,83.3348032445794,1.7476044698114386,-1.3197962290628145,,1.8840520306930422,
2026-05-01,QCOM,0.315935956191054,,83.3348032445794,1.3980835758491512,0.9017980095002025,,1.3275169557281121,
2026-05-02,QCOM,0.34868911358975446,,83.3348032445794,1.1184668606793213,1.1669352617667534,,0.9055175677588927,
2026-05-03,QCOM,0.16477390085802587,,83.3348032445794,0.8947734885434571,-0.5085034038102648,,0.5748349852224357,
2026-05-04,QCOM,0.14397716275958455,,83.3348032445794,0.7158187908347653,-0.6883374854100194,,0.31160320915759215,
2026-05-05,QCOM,0.17923973397452153,,83.3348032445794,0.5726550326678126,-0.3558107274857603,,0.10077372799511893,
2026-05-06,QCOM,0.13001079457011985,,83.3348032445794,0.4581240261342501,-0.8029935870132627,0.6238567455731923,-0.06818736369699474,-0.15449662024244587
2026-05-07,QCOM,0.21051068891327182,,83.3348032445794,0.36649922090740006,-0.04309214859568181,0.6037238316093827,-0.20323233023630122,0.10291059097365171
2026-05-08,QCOM,0.17957241717164485,,83.3348032445794,0.29319937672591934,-0.33428731392236577,0.5854430068901094,-0.31065926038373204,-0.05127980161703309
2026-05-09,QCOM,0.2757991205764122,,83.3348032445794,0.2345595013807351,0.5847353340185555,0.5687446892761561,-0.3955879288120718,0.2858411617466475
2026-05-10,QCOM,0.23663025116221884,,83.3348032445794,0.18764760110458845,0.20230916888483108,0.5534114670525518,-0.46222793931118894,0.10827872587634133
2026-05-11,QCOM,0.23256884386706797,,83.3348032445794,0.1501180808836704,0.16079786094888956,0.5392657579772834,-0.5140500463649864,0.07188385786324492
2026-05-12,QCOM,0.02748476640153129,,83.3348032445794,0.12009446470693597,-1.790136938481572,0.5261608654734821,-0.553910776039948,-0.7243797485625686
2026-05-13,QCOM,0.1952820034891463,,83.3348032445794,0.09607557176554771,-0.1655036673525051,0.5139743779501049,-0.5841522626563678,-0.0872548323528809
2026-05-14,QCOM,0.23110508666985838,,83.3348032445794,0.07686045741243852,0.18259779866416725,0.5026032177294673,-0.606686453150144,0.04181414883946388
2026-05-15,QCOM,0.15986421017010388,,83.3348032445794,0.061488365929950106,-0.5137836249506539,0.4919598728254584,-0.6230674047698586,-0.24484570956358162
2026-05-16,QCOM,0.1336888689716555,,83.3348032445794,0.049190692743959374,-0.7624006336389212,0.4819694910023101,-0.6345533371970429,-0.35073540731398833
2026-05-17,QCOM,0.2549961901452481,,83.3348032445794,0.039352554195167144,0.44231490491214503,0.4725676118832156,-0.6421594617035461,0.12604840701875886
2026-05-18,QCOM,0.42275142109601876,,83.3348032445794,0.03148204335613336,2.0270466708454524,0.46369837764402627,-0.6467024961774037,0.7559174327781678
2026-05-19,QCOM,0.2072999932391398,,83.3348032445794,0.025185634684905978,-0.07195901239832607,0.4553131071617856,-0.6488377987962275,-0.08684101244966301
2026-05-20,QCOM,0.28355451214421434,,83.3348032445794,0.020148507747924427,0.6693945252748005,0.44736914934076694,-0.6490900714219826,0.20724153348555555
2026-05-21,QCOM,0.25872354710304485,,83.3348032445794,0.01611880619833883,0.4198508699448738,0.4398289531366345,-0.6478785594258094,0.10552546609119709
2026-05-22,QCOM,0.21304234777614806,,83.3348032445794,0.012895044958669999,-0.03446169608744663,0.4326593074150105,-0.6455376110611242,-0.07764816952881273
2026-05-23,QCOM,,,83.3348032445794,0.010316035966935644,,0.42583071511194476,-0.6502623350149307,
2026-03-24,QQQ,-0.07550250591540743,583.98,,0.0,,,,
2026-03-25,QQQ,0.18920035236153784,587.82,,0.24505982905975543,,,,
2026-03-26,QQQ,0.14738499218125115,573.79,,-0.5101082231476539,,,,
2026-03-27,QQQ,-0.24069064049976766,562.58,,-1.671484124755716,,,,
2026-03-28,QQQ,-0.014321885032724179,,,-1.3371872998045728,,,,
2026-03-29,QQQ,0.039251294470739585,,,-1.0697498398436582,,,,
2026-03-30,QQQ,0.08772633290518318,558.28,,-2.7243054066063386,,,,
2026-03-31,QQQ,-0.013438205662730808,577.18,,-1.8015651187919994,,,,
2026-04-01,QQQ,0.08326877147573293,584.31,,-0.6535333989856218,,,,
2026-04-02,QQQ,0.02917503555888588,584.98,,0.16475233253874588,,,,
2026-04-03,QQQ,0.19069693942868315,,,0.13180186603099653,,,,
2026-04-04,QQQ,-0.08899178054858,,,0.10544149282479731,,,,
2026-04-05,QQQ,0.2040247240032469,,,0.08435319425983767,,,,
2026-04-06,QQQ,0.09611618723478679,588.5,,1.3691987592002002,,,,
2026-04-07,QQQ,0.04218028962948897,588.59,,1.6368107392671603,,,,
2026-04-08,QQQ,0.07043596473934655,606.09,,2.849294301008557,,,,
2026-04-09,QQQ,0.09400056689118749,610.19,,3.72879385987675,,,,
2026-04-10,QQQ,0.13034005215503974,611.07,,4.139489123579271,,,,
2026-04-11,QQQ,-0.14678034793850783,,,3.311591298863416,,,,
2026-04-12,QQQ,-0.30752859140706024,,,2.649273039090733,-2.3918954282752316,,1.0782570912832465,
2026-04-13,QQQ,0.06018607356809158,617.39,,4.071148579800572,0.24052432171855423,,1.6332863910326982,
2026-04-14,QQQ,0.051559295216114784,628.6,,4.769596591779448,0.17310881433306308,,1.771274451372824,
2026-04-15,QQQ,0.06808151100376242,637.4,,5.474516956652429,0.29063747640013526,,1.870767978090318,
2026-04-16,QQQ,-0.06063849237249372,640.47,,5.768388231376484,-0.6777115201969118,,1.8054435264109592,
2026-04-17,QQQ,-0.014201909965361737,648.85,88.54783198812865,6.114941153186503,-0.3097375779165452,,1.7724325352968278,
2026-04-18,QQQ,-0.011043966280249878,,88.54783198812865,4.891952922549201,-0.27894027427816115,,1.2394388420977478,
2026-04-19,QQQ,0.14826771553952217,,88.54783198812865,3.9135623380393607,0.9712753122111226,,0.8426247800266237,
2026-04-20,QQQ,-0.05549550101701915,646.79,88.54783198812865,4.746473207198964,-0.6584320730069974,,1.1109735136130967,
2026-04-21,QQQ,-0.039909797073979805,644.33,85.34764269602265,4.057662508309479,-0.5196104951209422,,0.826350854834291,
2026-04-22,QQQ,-0.061759085177504974,655.11,87.13560010677233,3.977057724723636,-0.6833129097250413,,0.7744643225638325,
2026-04-23,QQQ,0.06292065083193671,651.42,83.38475925860875,3.3493839474198452,0.3516611236989705,,0.524014613142605,
2026-04-24,QQQ,0.1493684575381013,663.88,85.63359383740584,3.4347429670577334,1.0482266772380442,,0.5457776011244168,
2026-04-25,QQQ,0.13303755757603594,,85.63359383740584,2.7477943736461867,0.8852492701084816,,0.2729149772204156,
2026-04-26,QQQ,-0.017822385558911732,,85.63359383740584,2.1982354989169473,-0.3880671632094363,,0.054201710952823966,
2026-04-27,QQQ,0.1589446383202066,664.23,85.63359383740584,2.766497780781563,1.0950642512040434,,0.2787423518351203,
2026-04-28,QQQ,0.03691123080540792,657.55,78.018973444805,1.821525824892852,0.049204138327327764,,-0.10556372849139975,
2026-04-29,QQQ,-0.04331614341104314,661.57,79.00492886036523,1.2199217476919948,-0.6356593361506292,,-0.34940697853503083,
2026-04-30,QQQ,-0.05614728397172767,667.74,80.45406612773586,0.9994986133220074,-0.7329172405670723,,-0.4349854327715433,
2026-05-01,QQQ,0.2048947627738693,674.15,81.85526672017292,1.0425854339506486,1.5009015014649916,,-0.4105467298514718,
2026-05-02,QQQ,0.25167378846363475,,81.85526672017292,0.8340683471605175,1.8005368086736873,,-0.4922263386838743,
2026-05-03,QQQ,0.19424645068727434,,81.85526672017292,0.6672546777284154,1.2755346963071033,,-0.5554746085237663,
2026-05-04,QQQ,,672.88,81.85526672017292,0.8047190234430275,,,-0.4882026264525587,
2026-05-05,QQQ,-0.0006042891215061602,681.61,83.96148333575961,0.8720703456136327,-0.34055318583277916,,-0.45215179846979686,
2026-05-06,QQQ,0.3000059049092078,695.77,86.23574492534408,1.5871756913204607,2.0485361176035535,0.5717771328933667,-0.1324177063013436,0.9512222750190283
2026-05-07,QQQ,0.03407446892881691,694.94,85.47068941720508,1.7105494309416862,-0.09464962018013934,0.32688578119782424,-0.07603556525320973,0.037395216711328616
2026-05-08,QQQ,0.12546521526679003,711.23,87.76493357214939,2.5452295247147987,0.6407105279088726,1.0027035849702717,0.30046356070896707,0.6472343548673207
2026-05-09,QQQ,0.15587632039703606,,87.76493357214939,2.0361836197718404,0.8732868747679746,0.9599437106754668,0.06560353357649445,0.6569789231827782
2026-05-10,QQQ,0.04512051535788962,,87.76493357214939,1.6289468958174709,-0.03818048933317313,0.922292940652497,-0.12249956538866918,0.22466581684587905
2026-05-11,QQQ,0.18904220996857682,713.29,87.76493357214939,2.9809761750710493,1.1318501561516663,0.8888037195872296,0.5064381543527673,0.8713126246426656
2026-05-12,QQQ,0.12615560095438771,707.24,81.34817821741997,2.2461397118556086,0.6016818668409893,-1.1006226122399438,0.15675232056647284,-0.042488340765645526
2026-05-13,QQQ,0.2657178562294793,714.71,82.71734510393077,1.9258936331654155,1.6965873954394026,-0.6502092401342554,0.0034871859906701287,0.48461834193268555
2026-05-14,QQQ,0.04765089570507961,719.79,83.59906671561632,1.7253788864892243,-0.08662524746202659,-0.36105066893143656,-0.09253618008623848,-0.17072615369011315
2026-05-15,QQQ,0.10798681730105035,708.93,74.81201510752332,0.5892346847495773,0.40739272773251906,-2.701918371526061,-0.6385117785917209,-0.8391719539423269
2026-05-16,QQQ,0.026592548790561665,,74.81201510752332,0.4713877477996604,-0.26808334174553794,-2.3755298062259187,-0.6868707931189417,-1.0259535165016733
2026-05-17,QQQ,0.41246029023100056,,74.81201510752332,0.3771101982397269,2.729569425932135,-2.14494456488521,-0.7232145351522642,0.23138004036161186
2026-05-18,QQQ,0.2505930146200697,705.88,74.81201510752332,-0.7568866001818684,1.4171566851610684,-1.9709237560108186,-1.255093770049714,-0.4009425837537323
2026-05-19,QQQ,-0.00406613954072891,701.53,70.80252925563919,-1.9481433200532123,-0.5571808817652142,-2.530649014971282,-1.7731757845656027,-1.5140197925671512
2026-05-20,QQQ,0.33584295580911944,713.15,74.06139899174525,-2.075183782963741,2.007518782062217,-1.7435668478568263,-1.7674591303732472,-0.25030028064413523
2026-05-21,QQQ,0.16146473923167318,714.51,74.4212465897019,-2.1785739094773433,0.6730432783983489,-1.5847014815672575,-1.7520443407340627,-0.7318064353310564
2026-05-22,QQQ,0.15775598247372918,717.415,75.2122901067085,-2.1581568808265814,0.6370360099751687,-1.3720717646020295,-1.685390069748323,-0.6624241463150382
2026-05-23,QQQ,,,75.2122901067085,-1.726525504661268,,-1.3198299214631575,-1.4541075060648463,
2026-03-24,RIVN,0.14278032492878356,16.1,,0.0,,,,
2026-03-25,RIVN,0.13765483000070233,15.62,,-0.030632478632477957,,,,
2026-03-26,RIVN,0.1404426202672608,15.21,,-0.07432194219202841,,,,
2026-03-27,RIVN,0.15160591703169268,14.77,,-0.12565013224931482,,,,
2026-03-28,RIVN,0.1552866683538547,,,-0.10052010579945185,,,,
2026-03-29,RIVN,0.19199494008361906,,,-0.08041608463956149,,,,
2026-03-30,RIVN,0.1695783715050109,14.49,,-0.16773488464349584,,,,
2026-03-31,RIVN,0.11224085468375661,15.05,,-0.1428660308168263,,,,
2026-04-01,RIVN,0.15134419921823014,14.94,,-0.12516347772259462,,,,
2026-04-02,RIVN,0.14876586349341744,15.4,,-0.0762192789186529,,,,
2026-04-03,RIVN,0.3095637451865739,,,-0.060975423134922324,,,,
2026-04-04,RIVN,0.13879112315693948,,,-0.04878033850793784,,,,
2026-04-05,RIVN,0.2651719529885251,,,-0.03902427080635029,,,,
2026-04-06,RIVN,0.23964047391862425,15.29,,-0.01516079133902587,,,,
2026-04-07,RIVN,0.15431746712847286,14.69,,-0.036244291675904816,,,,
2026-04-08,RIVN,0.27526124982776656,15.14,,-0.01627992552893437,,,,
2026-04-09,RIVN,0.17867996475468137,15.24,,0.006066805945000864,,,,
2026-04-10,RIVN,0.23140324430988948,15.43,,0.034465067527360393,,,,
2026-04-11,RIVN,0.06428234995339334,,,0.027572054021888337,,,,
2026-04-12,RIVN,0.19974107404902064,,,0.022057643217510692,0.36417579380178594,,1.2683802650645266,
2026-04-13,RIVN,0.04845096851868158,15.9,,0.0944863546275479,-1.9011958159641156,,2.132064465188671,
2026-04-14,RIVN,0.3890264080618599,15.99,,0.12269522587954876,2.6440797686593265,,2.186537528836538,
2026-04-15,RIVN,0.3005059677218194,16.41,,0.16264530155922804,1.4117152943497153,,2.309772518132319,
2026-04-16,RIVN,0.29502176692751714,16.89,,0.21131864601479247,1.2676755238168587,,2.4285565499676744,
2026-04-17,RIVN,0.21981391795959948,17.23,41.104194118857976,0.25349191832192464,0.3407600642298604,,2.4297873300130006,
2026-04-18,RIVN,0.3722914464845548,,41.104194118857976,0.20279353465753974,2.0057736040718748,,1.7898746676151804,
2026-04-19,RIVN,0.45720150638428736,,41.104194118857976,0.16223482772603176,2.532873031216655,,1.3538754166765838,
2026-04-20,RIVN,0.029388430540585275,16.92,41.104194118857976,0.198982807723691,-1.6972713477912693,,1.5640554824398982,
2026-04-21,RIVN,0.1968135083923276,17.15,44.209998739312546,0.20182217834602587,-0.05489784781264824,,1.4953281360574258,
2026-04-22,RIVN,0.1240092860977013,17.74,50.13021636323923,0.2293965918166165,-0.7610591149762227,,1.6128704541560073,
2026-04-23,RIVN,0.25495729059555755,16.95,43.477412059947916,0.1824377373251138,0.5440383401377572,,1.190255177096961,
2026-04-24,RIVN,0.272855503294471,16.52,40.339359486098125,0.11378308164023049,0.7090629204243168,,0.6351252300514275,
2026-04-25,RIVN,0.014872201560119156,,40.339359486098125,0.09102646531218439,-1.8050716145464836,,0.4459406727544129,
2026-04-26,RIVN,0.32070838819460223,,40.339359486098125,0.07282117224974749,1.16666359810418,,0.2945700474593419,
2026-04-27,RIVN,0.20825804517407068,16.72,40.339359486098125,0.04205666837440092,0.06428366175193576,,0.04260702334866491,
2026-04-28,RIVN,0.15919939276649664,16.14,35.66866313847534,-0.0195147128572436,-0.4166293012072216,,-0.46021109931953735,
2026-04-29,RIVN,0.18794901097571381,16.06,35.17566733414067,-0.06508950797019619,-0.12566094100823547,,-0.823263127104772,
2026-04-30,RIVN,0.15993722090236878,16.4,39.03247990851067,-0.07129707578238831,-0.4051986276678435,,-0.8554521870431184,
2026-05-01,RIVN,0.10708151470644467,15.02,30.97665745803907,-0.16210849853891496,-0.9276884383458448,,-1.5498498677985992,
2026-05-02,RIVN,0.2854954001163556,,30.97665745803907,-0.12968679883113196,0.8954004616731317,,-1.2397236093879243,
2026-05-03,RIVN,0.25889028450119383,,30.97665745803907,-0.10374943906490558,0.6094592743586869,,-1.0011045087886719,
2026-05-04,RIVN,0.4650054772183007,14.51,30.97665745803907,-0.2512784809674384,2.5060065568476118,,-2.0675417580497926,
2026-05-05,RIVN,0.1728228696060902,14.6,32.20406712258979,-0.27598828104432654,-0.32575325614004086,,-2.111075404781633,
2026-05-06,RIVN,0.10363087936460842,14.48,31.54764163406854,-0.2851527628397613,-0.9819223605884916,-1.1955885582863384,-2.045481441970686,-1.365089944312504
2026-05-07,RIVN,0.2958560825313769,14.18,29.906432180214495,-0.2949305816801343,0.88622934323244,-1.3869798172039176,-1.9938771743690311,-0.6597653601789085
2026-05-08,RIVN,0.17750919033664792,14.22,30.426148764368023,-0.28221004672528954,-0.2745111022555774,-1.218049118507854,-1.8133106232962035,-1.0192123634434482
2026-05-09,RIVN,0.17150526327164808,,30.426148764368023,-0.22576803738023163,-0.3302790180092072,-1.1541480911386763,-1.3860387427588805,-0.8941676573729499
2026-05-10,RIVN,0.36109070628943846,,30.426148764368023,-0.1806144299041853,1.5167547077898589,-1.099468254345827,-1.0596536969498223,-0.04103470227275108
2026-05-11,RIVN,0.12393932387963245,14.08,30.426148764368023,-0.21324176651320947,-0.8138449195144399,-1.0519783304447488,-1.243794806565767,-1.0142699089089307
2026-05-12,RIVN,0.2856067523157003,13.95,29.470926806346185,-0.20126470810160207,0.7773376475509143,-1.1605363891824918,-1.1371919771099854,-0.3783834508673774
2026-05-13,RIVN,0.23646512775685155,14.27,33.95033661101171,-0.1594356258177254,0.2848466910136938,-0.3842317461834741,-0.8458779028445694,-0.2550942183029355
2026-05-14,RIVN,0.3145029936072156,14.52,37.30068616657559,-0.10519247333860626,1.04757217493796,0.19631094757841686,-0.4802714211605813,0.3338407279005347
2026-05-15,RIVN,0.3268342966060532,13.79,32.16936155736633,-0.10831349346345148,1.1454855813932598,-0.696422759055482,-0.495283113997085,0.10068247064153388
2026-05-16,RIVN,0.14445188772027934,,32.16936155736633,-0.08665079477076115,-0.67068872706729,-0.6794598958507626,-0.3458126657045072,-0.575857259293497
2026-05-17,RIVN,0.40383777128844517,,32.16936155736633,-0.06932063581660891,1.857784007167789,-0.6636898256518029,-0.22597096230620314,0.47621536647971385
2026-05-18,RIVN,0.16908421721342412,13.35,32.16936155736633,-0.12755728422860202,-0.44239199079519165,-0.6489782771650373,-0.6172826581443002,-0.556835076910878
2026-05-19,RIVN,0.17963023775489692,12.9,28.87573672227917,-0.15194609966749595,-0.33481458023474403,-1.2077991938050348,-0.7742763191341192,-0.7285484859756438
2026-05-20,RIVN,0.2952017345751392,13.73,38.98700949182282,-0.1011062524736912,0.8058059338961556,0.626828687894427,-0.41849267401412454,0.38482317772255303
2026-05-21,RIVN,0.36064790471456726,14.15,43.373935469414526,-0.031714446326020385,1.4221699118219124,1.3747472575679496,0.06428036605554674,1.0005762518158139
2026-05-22,RIVN,0.1362601345751135,14.225,44.146237338514254,0.02372292476123361,-0.7900305162013449,1.4477819220440675,0.4492467010059394,0.2530963804344641
2026-05-23,RIVN,,,44.146237338514254,0.018978339808986888,,1.3887468176203352,0.4131215202165644,
2026-03-24,SCHW,0.1437178368808718,95.68,,0.0,,,,
2026-03-25,SCHW,0.068726452476208,94.99,,-0.04403418803418617,,,,
2026-03-26,SCHW,0.23591678183905726,94.47,,-0.10241044147370303,,,,
2026-03-27,SCHW,0.34943293130633735,92.36,,-0.26795251534825454,,,,
2026-03-28,SCHW,0.44228423538901684,,,-0.21436201227860363,,,,
2026-03-29,SCHW,0.47285890937683894,,,-0.1714896098228829,,,,
2026-03-30,SCHW,0.3918609206880184,93.06,,-0.2876421990869614,,,,
2026-03-31,SCHW,0.10681981310413058,93.98,,-0.2337007737823124,,,,
2026-04-01,SCHW,0.22538676758800646,92.36,,-0.2880127931655541,,,,
2026-04-02,SCHW,0.304081491470875,93.77,,-0.21330488787687418,,,,
2026-04-03,SCHW,0.11449334310189947,,,-0.17064391030149934,,,,
2026-04-04,SCHW,0.48815181980468303,,,-0.13651512824119938,,,,
2026-04-05,SCHW,0.07651715575524165,,,-0.10921210259295955,,,,
2026-04-06,SCHW,0.15815114320488513,92.99,,-0.16045952812640696,,,,
2026-04-07,SCHW,0.0586102295902295,93.34,,-0.11475319467670952,,,,
2026-04-08,SCHW,0.09637659714577486,96.7,,0.14006859098948277,,,,
2026-04-09,SCHW,0.22288496616555883,97.27,,0.3342311850846701,,,,
2026-04-10,SCHW,0.22353372745719724,94.8,,0.2854279705615183,,,,
2026-04-11,SCHW,0.23906042939973107,,,0.22834237644921468,,,,
2026-04-12,SCHW,0.2792739563486733,,,0.18267390115937177,0.3237908976190582,,1.272964335153952,
2026-04-13,SCHW,0.20673291227074245,96.79,,0.3526114679694355,-0.20069818988559504,,1.8848691949317102,
2026-04-14,SCHW,0.2479895932793609,98.38,,0.48377020370241747,0.10549864235897626,,2.148193159710255,
2026-04-15,SCHW,0.10953023292370966,100.27,,0.6623897028028388,-0.9165208574190808,,2.4173681594524625,
2026-04-16,SCHW,0.27647310442984147,92.62,,0.2510629266757275,0.35792587628257694,,0.8674831744602886,
2026-04-17,SCHW,0.33888024897031865,92.28,33.11100026417161,-0.04253341700309783,0.8182967761599041,,-0.21579053039713436,
2026-04-18,SCHW,0.21819690405651668,,33.11100026417161,-0.03402673360247828,-0.13083748596870243,,-0.18008520931800334,
2026-04-19,SCHW,0.1892466929771636,,33.11100026417161,-0.027221386881982626,-0.35631088656853693,,-0.1510099142141722,
2026-04-20,SCHW,0.2383445535589388,93.15,33.11100026417161,-0.22004489607685918,0.04470958861894685,,-0.8798029454600668,
2026-04-21,SCHW,0.33720760310319814,91.97,30.86642166238606,-0.34537711380982233,0.8432876413937083,,-1.3078295771342319,
2026-04-22,SCHW,0.30574755053579183,91.71,30.467056112053854,-0.4218205730739707,0.5669681740899616,,-1.513202666879186,
2026-04-23,SCHW,0.02960366623906625,88.92,26.50415038976459,-0.6241114882581867,-1.6615453750760922,,-2.071981805101307,
2026-04-24,SCHW,0.3254160705317619,88.5,25.95680155791544,-0.7420063871245304,0.7466158157218675,,-2.239553688262898,
2026-04-25,SCHW,0.45037359793889714,,25.95680155791544,-0.5936051096996242,1.6718882114871125,,-1.6464298236646413,
2026-04-26,SCHW,0.15632603063150774,,25.95680155791544,-0.47488408775969937,-0.6680647184207665,,-1.218318871064348,
2026-04-27,SCHW,0.09669661968662403,90.76,25.95680155791544,-0.45411489846990905,-1.112061314309812,,-1.1146128599700686,
2026-04-28,SCHW,0.31381113944008526,90.83,26.298007839946024,-0.36577903779412835,0.6215665120735525,,-0.8154758739679163,
2026-04-29,SCHW,0.17143563453124236,91.16,27.676839954643086,-0.26119848020080205,-0.5242384296226444,,-0.4748733435844416,
2026-04-30,SCHW,0.5462839085304098,91.64,29.73593970720941,-0.14175037318781136,2.319332817593093,,-0.08956998547320091,
2026-05-01,SCHW,0.24600782399562685,91.54,29.54720151417797,-0.05593640861971494,0.018290223607025556,,0.18768981654132408,
2026-05-02,SCHW,-0.04253312453258411,,29.54720151417797,-0.04474912689577204,-2.067928256577178,,0.2217340883101928,
2026-05-03,SCHW,0.473194776310244,,29.54720151417797,-0.03579930151661759,1.670115507413932,,0.24844652232577918,
2026-05-04,SCHW,0.530289308336387,91.48,29.54720151417797,0.02565818782485496,1.9576619233094457,,0.449878946613469,
2026-05-05,SCHW,0.1971677075135211,92.4,34.677772184111234,0.13033563830019457,-0.35710467500345555,,0.7921386067473729,
2026-05-06,SCHW,0.3073752305682221,92.15,34.0858294123002,0.18301132867757053,0.4128307865623836,1.4344967006279217,0.9515957501106121,0.8809600498465135
2026-05-07,SCHW,0.5654122547209138,89.5,28.52708744778232,0.04675246353520324,2.10424019848127,-0.3890736956109417,0.47711667696676374,0.8681089737992547
2026-05-08,SCHW,0.29758407158425493,88.61,26.93817615009418,-0.08857147587087555,0.2778085803962302,-0.8867046117899339,0.008180545032289847,-0.15243378786880116
2026-05-09,SCHW,0.403556791932013,,26.93817615009418,-0.07085718069670044,0.98537507559595,-0.8529723459426152,0.06950890121705133,0.1591109968207109
2026-05-10,SCHW,0.2970204486633044,,26.93817615009418,-0.05668574455736031,0.24977749997409635,-0.8228655375969387,0.11846370347060689,-0.11140955024826099
2026-05-11,SCHW,0.4070118475267985,87.83,26.93817615009418,-0.2695170845243331,0.9932751686993175,-0.7957743575986671,-0.6342917179554537,-0.0317097551865092
2026-05-12,SCHW,0.47678148409005566,90.18,39.00407384545074,-0.14558965628009024,1.43189388298228,2.7427797447885647,-0.1859354977826084,1.3398108272946987
2026-05-13,SCHW,0.3083234771130177,91.17,42.51389962331751,0.013664912756011116,0.27199669621908595,2.9753359640629866,0.3891033202664572,1.1181304637864675
2026-05-14,SCHW,0.4266888921440312,89.44,38.35997478333457,0.013098270891087616,1.0698102634033568,1.8180693528981904,0.3827962185445984,1.0881837767941793
2026-05-15,SCHW,0.07414125138902435,90.88,43.32393669479879,0.11466063528078729,-1.3336722055957535,2.53336426407182,0.747478525078941,0.4507839545069269
2026-05-16,SCHW,0.3558825743403295,,43.32393669479879,0.09172850822462975,0.5932464088714372,2.2549395924595497,0.6535108370865835,1.1098336924124148
2026-05-17,SCHW,0.3702923673719949,,43.32393669479879,0.07338280657970397,0.6835501390075137,2.052213386848179,0.5778903860640433,1.062451187476672
2026-05-18,SCHW,0.2138473747533008,92.39,43.32393669479879,0.31459724851955784,-0.3983954749803118,1.8961185632641742,1.443064408314559,0.8423967014814953
2026-05-19,SCHW,0.556320282591572,91.81,41.512797342241896,0.35752197160682897,1.9132223689401722,1.510339862858119,1.5536510252024391,1.6844862139942363
2026-05-20,SCHW,0.5099216933524858,90.11,37.482310689631866,0.26573160454395295,1.548912668837143,0.828698650749677,1.1909789913358528,1.2254683601605163
2026-05-21,SCHW,0.209740603541136,90.41,38.6149589320234,0.22134590311439528,-0.46706741707627597,0.9861126786078388,1.0109039542607356,0.4122780230300619
2026-05-22,SCHW,0.11861089407523266,90.13,37.92435069890096,0.17148056243450904,-1.0652315056091926,0.8513744135028508,0.8170845081710768,0.07444507425850119
2026-05-23,SCHW,,,37.92435069890096,0.13718444994760737,,0.8317763985969865,0.6804810693795416,
2026-03-24,SHIB,0.3608962108420745,6.199846366588788e-06,,0.0,,,,
2026-03-25,SHIB,0.20498449266867028,6.123223443448483e-06,,-4.889895949694724e-09,,,,
2026-03-26,SHIB,-0.03139105049758464,5.917543897154621e-06,,-2.081329464964082e-08,,,,
2026-03-27,SHIB,0.24086116385604775,5.772682963986614e-06,,-3.8888808732030394e-08,,,,
2026-03-28,SHIB,-0.000611628998506956,5.82990868897126e-06,,-4.438034485264361e-08,,,,
2026-03-29,SHIB,0.06695088163214999,5.783379008049393e-06,,-4.8216887811472666e-08,,,,
2026-03-30,SHIB,0.25487296554123823,5.922325146024252e-06,,-3.886846570029847e-08,,,,
2026-03-31,SHIB,0.3121000264175769,5.941056736492206e-06,,-2.9329245136245884e-08,,,,
2026-04-01,SHIB,0.2963545580155292,6.003949431459981e-06,,-1.728539169994303e-08,,,,
2026-04-02,SHIB,0.3438169055916059,5.860769518023676e-06,,-1.741471714177143e-08,,,,
2026-04-03,SHIB,0.2572029954805594,5.984000009873924e-06,,-8.125794472282156e-09,,,,
2026-04-04,SHIB,0.23636164167046192,5.982055407885496e-06,,-1.3904987516169037e-09,,,,
2026-04-05,SHIB,0.1959245172036398,5.993804105608026e-06,,4.268201363707805e-09,,,,
2026-04-06,SHIB,0.3202740681698546,5.834137100515324e-06,,-1.9936039894839444e-09,,,,
2026-04-07,SHIB,0.1031340298941641,6.138258110725371e-06,40.333257853179354,1.4203714421992642e-08,,,,
2026-04-08,SHIB,0.01848257552698877,5.939925208953181e-06,34.96755499484236,1.1531078330665375e-08,,,,
2026-04-09,SHIB,0.11411831292706232,5.910136814831105e-06,34.23097554080995,7.901059396494973e-09,,,,
2026-04-10,SHIB,0.04554114613301224,5.966770618085716e-06,36.95023786996955,9.358517660852213e-09,,,,
2026-04-11,SHIB,0.14264208738207995,5.95e-06,36.469380674715936,9.22247706327283e-09,,,,
2026-04-12,SHIB,0.05572426868651859,5.762265320753751e-06,31.523797316356436,-2.8367531476313095e-09,-0.9797416731791475,,0.4049072563279585,
2026-04-13,SHIB,0.08542537763946588,6.0046630791514875e-06,42.38743192967635,5.7194699938640775e-09,-0.7129930180811995,,0.8017309165128549,
2026-04-14,SHIB,0.3327027007383277,5.829963694281108e-06,37.74026868092408,1.1732745593934174e-10,1.2323116050093015,,0.5033793732053744,
2026-04-15,SHIB,-0.023603719686497517,5.964461450249722e-06,42.92805241038297,5.6666409466592335e-09,-1.5154462564468063,,0.7623187118363102,
2026-04-16,SHIB,0.3956613622218371,6.270649959476841e-06,52.60920653152579,2.8858554204630902e-08,1.610446481264677,,1.7851233446667152,
2026-04-17,SHIB,0.1896010473249066,6.313508593765512e-06,53.790797166830096,4.50218768724721e-08,0.06784085898381799,,2.238799293400836,
2026-04-18,SHIB,-0.06217563310473094,6.070685569767451e-06,46.6882109909873,3.759835705017707e-08,-1.707138318152217,,1.7496605720662117,
2026-04-19,SHIB,0.242314870466951,5.907553275437668e-06,42.6169780961415,2.0780196418279525e-08,0.5065661213934408,,0.997279651503752,
2026-04-20,SHIB,0.08396897910976604,6.008071757331562e-06,45.755772726725965,1.5733507033647774e-08,-0.6507613039629436,,0.761163732901905,
2026-04-21,SHIB,-0.07595296464537582,6.099999999999998e-06,48.528662826288766,1.7745434728212996e-08,-1.7164843317462253,,0.8224092484247301,
2026-04-22,SHIB,0.006207331834811101,6.110528066448277e-06,48.85114033399613,1.884088376958609e-08,-1.0828910420639428,,0.8444032615039821,
2026-04-23,SHIB,0.2291268374073242,6.157604494844709e-06,50.349101859903975,2.1593965388050658e-08,0.5067389018661163,,0.9337149792803762,
2026-04-24,SHIB,0.14705605499978092,6.202993823582182e-06,51.81437024583913,2.5084814130473497e-08,-0.0883627337644547,,1.0483452959870618,
2026-04-25,SHIB,-0.028572227393081174,6.1693512088257654e-06,50.62189563653555,2.3754277587547667e-08,-1.3260040611299437,,0.9616542440760549,
2026-04-26,SHIB,-0.28667419162206353,6.217957909215628e-06,52.328939995779315,2.4666357417328966e-08,-2.759963290945841,1.1759602762312231,0.9719795680296823,-0.45960336310006483
2026-04-27,SHIB,-0.032002698904978304,6.1377251851944244e-06,49.29929867798168,1.86578023194335e-08,-1.0790272109418364,0.7174324284650272,0.697417089028484,-0.0071560291286812405
2026-04-28,SHIB,0.24880649033982172,6.137028207767037e-06,49.27261125031443,1.3659766342786325e-08,0.7149162338417381,0.6896403567146984,0.4719271152401473,0.6344367351231489
2026-04-29,SHIB,0.12393166311497333,6.159002304048533e-06,50.18814774122523,1.0972791068846141e-08,-0.09399085158675022,0.7938572939230472,0.3484407639151754,0.30509307671676666
2026-04-30,SHIB,0.18428342044273213,6.221735016324036e-06,52.806814125189675,1.2451309997317251e-08,0.298795178216621,1.1219815376207058,0.40800644211735326,0.578514465208066
2026-05-01,SHIB,0.0044107436309879094,6.2724628212993484e-06,54.87277821448589,1.5668669395089608e-08,-0.8788357590844703,1.3406917994092369,0.5438098302214356,0.21381618525541363
2026-05-02,SHIB,0.08352070196370281,6.270773446628899e-06,54.78676133335748,1.642638700011612e-08,-0.34552443332033755,1.2598408057420676,0.5687420690169598,0.41036508909957314
2026-05-03,SHIB,0.020300134676694864,6.167859182502246e-06,49.677898567346396,9.10535294771898e-09,-0.7578210083551497,0.5251489757715442,0.2300012751752004,-0.07658332805803653
2026-05-04,SHIB,0.31468832242009115,6.189955636235946e-06,50.74002085392952,5.061633595163427e-09,1.2048365249686404,0.6600599282601293,0.041795066405553846,0.6924911083871611
2026-05-05,SHIB,0.16558378796137319,6.349929308115508e-06,57.70080921504792,1.2071515523643906e-08,0.19587641262532493,1.564365988736487,0.36639314425641184,0.6575783049479995
2026-05-06,SHIB,0.1883522594861531,6.4064059425228226e-06,59.85743269003758,1.9009658428039973e-08,0.3469570078519323,1.7358882231018646,0.6842596939315686,0.8648271782508029
2026-05-07,SHIB,0.2263657019881942,6.274689706234856e-06,53.06249992292293,1.348577157444133e-08,0.6000917874232231,0.7952192712536036,0.41489876799422326,0.6030721267436373
2026-05-08,SHIB,0.3095036147927245,6.4502473215666995e-06,59.638989718266934,2.0019259736147496e-08,1.1478302086521504,1.5924367976626776,0.7180127306111009,1.1522669419429936
2026-05-09,SHIB,0.04869876223514345,6.369975622292014e-06,55.789906538795655,1.739552358507813e-08,-0.6479582740319247,1.0479862222762149,0.582386299808532,0.2299284470126541
2026-05-10,SHIB,-0.0654662616209127,6.602848056785495e-06,63.20840405518769,2.9114236362522545e-08,-1.3979404280792949,1.8844693737555462,1.127085141587723,0.3442901833712628
2026-05-11,SHIB,0.14502174080413366,6.599843719622136e-06,63.061385111471566,3.4088742231034787e-08,0.05212442749433178,1.7522266680319127,1.329801308187974,0.9454581638636987
2026-05-12,SHIB,0.2011807149888637,6.4189265496827765e-06,54.79599941338338,2.3143661558484728e-08,0.43799203416411725,0.726092678156598,0.7884444276917922,0.6295579454201639
2026-05-13,SHIB,0.1514208628664621,6.275891393291394e-06,49.294902183461026,5.159044189550516e-09,0.08769608675714853,0.048472754335421635,-0.08215737387526405,0.024973048840906693
2026-05-14,SHIB,0.03918729128451863,6.359261456377749e-06,52.30073078377361,-1.8581413636200453e-09,-0.6982555379218104,0.4171372513357954,-0.42081132248405484,-0.280404436513202
2026-05-15,SHIB,0.10540035242203337,6.125119315255239e-06,44.34917249210208,-2.189195269325956e-08,-0.22402718258842008,-0.5765173212032819,-1.3702656502994208,-0.6736457644861789
2026-05-16,SHIB,-0.009082014589414303,5.860039099549441e-06,37.41394910862756,-5.095862684588823e-08,-1.0275465994203692,-1.403877369354489,-2.5826419784806722,-1.6069744441186962
2026-05-17,SHIB,0.05397635163138619,5.7410424587812806e-06,34.78428609776674,-7.472434383774661e-08,-0.5673127473706335,-1.6524234007603846,-3.2594656254578296,-1.7004918068137176
2026-05-18,SHIB,-0.18880506536538502,5.7471043403551114e-06,35.03478444203574,-8.577043079100056e-08,-2.1979509069406618,-1.553663214320732,-3.295044529039287,-2.33379268578427
2026-05-19,SHIB,-0.02860637270657435,5.685119851045278e-06,33.61304275404966,-9.241211818507336e-08,-1.061374236103143,-1.6477605334788994,-3.17538519792642,-1.871493413862853
2026-05-20,SHIB,0.024176590845047374,5.7753456578554875e-06,37.58360801684946,-8.602071361701749e-08,-0.6853060600057975,-1.1485484825863592,-2.729590360530154,-1.437564076937273
2026-05-21,SHIB,0.3487915054581024,5.84e-06,40.33735287668137,-7.323132001762895e-08,1.5377657044910586,-0.8103490305195903,-2.199339736390903,-0.28780034827672446
2026-05-22,SHIB,0.0024276168474720583,5.6506956892980284e-06,35.41114734790422,-7.314237092844588e-08,-0.841269273507169,-1.3467560677322845,-2.0945262948986585,-1.3688924181921505
2026-05-23,SHIB,,,35.41114734790422,-5.851389674275669e-08,,-1.307134215700611,-1.58946970228702,
2026-03-24,SHOP,0.20163648555625382,116.15,,0.0,,,,
2026-03-25,SHOP,0.30470102455851994,118.42,,0.1448660968660988,,,,
2026-03-26,SHOP,0.1618757793848522,115.43,,0.03692624572852536,,,,
2026-03-27,SHOP,0.20128202897397815,111.85,,-0.2615456746297223,,,,
2026-03-28,SHOP,0.26498979645392584,,,-0.2092365397037778,,,,
2026-03-29,SHOP,0.08738544036025767,,,-0.16738923176302223,,,,
2026-03-30,SHOP,0.1717420014976659,111.77,,-0.47789324453069437,,,,
2026-03-31,SHOP,0.26864031596024746,118.62,,-0.10020390987224637,,,,
2026-04-01,SHOP,0.2311625773441328,118.52,,0.1377533168309719,,,,
2026-04-02,SHOP,0.10202404492686079,118.25,,0.2644920837765012,,,,
2026-04-03,SHOP,0.1858808001675628,,,0.21159366702120094,,,,
2026-04-04,SHOP,0.08178248130029564,,,0.16927493361696078,,,,
2026-04-05,SHOP,0.09422304480813691,,,0.13541994689356862,,,,
2026-04-06,SHOP,0.22245925242237963,118.8,,0.3822133286197797,,,,
2026-04-07,SHOP,0.20586411374574068,117.06,,0.292213662690275,,,,
2026-04-08,SHOP,0.2985479063527356,120.1,,0.413218091057151,,,,
2026-04-09,SHOP,0.337838961996983,112.38,,-0.027487324477939112,,,,
2026-04-10,SHOP,0.24575780887865786,110.79,,-0.40589415355437425,,,,
2026-04-11,SHOP,0.043492577729665374,,,-0.3247153228434994,,,,
2026-04-12,SHOP,0.03579576484813638,,,-0.25977225827479955,-1.7036172997386818,,-0.9759809939568146,
2026-04-13,SHOP,0.17715445310780262,114.97,,-0.25924587306631597,-0.11199113172630913,,-0.9298519140439294,
2026-04-14,SHOP,0.15084090042000906,117.64,,-0.05509732112244298,-0.40460591144311026,,-0.1506444889023623,
2026-04-15,SHOP,0.007842981505156192,127.41,,0.7000675783672956,-1.8664745725176628,,2.345779247844942,
2026-04-16,SHOP,0.2418430889797252,126.94,,1.1059233845430294,0.6859082002427312,,2.886429299030331,
2026-04-17,SHOP,0.22470724103927583,131.15,74.6551148018624,1.5677094298345624,0.4831897007278191,,3.1089639401082874,
2026-04-18,SHOP,-0.08234495895103268,,74.6551148018624,1.2541675438676498,-2.517244483713725,,2.1483466052177067,
2026-04-19,SHOP,0.3100324581222061,,74.6551148018624,1.0033340350941198,1.2983273809486524,,1.544906921495852,
2026-04-20,SHOP,0.2187053911217954,135.14,74.6551148018624,1.9750701896530412,0.3991845464484777,,2.7966350885501403,
2026-04-21,SHOP,0.23613986324191355,131.13,66.41151455568922,1.8223648888400268,0.5591072851922475,,2.2568135623521264,
2026-04-22,SHOP,0.25090898042888565,131.96,67.07196932711058,1.663421349839779,0.6898820608747871,,1.8598613832909412,
2026-04-23,SHOP,0.4414533719441109,124.23,56.02335404294241,0.9588294109436326,2.32533614687622,,0.8326520650880784,
2026-04-24,SHOP,0.09760217073014663,125.83,57.58094340083265,0.5424049369188051,-0.845073155248978,,0.2327829911650131,
2026-04-25,SHOP,0.4652639620432453,,57.58094340083265,0.433923949535044,2.3161054179170852,,0.07396650102624994,
2026-04-26,SHOP,-0.12461586615614763,,57.58094340083265,0.3471391596280351,-2.458178827233381,,-0.05341979627355808,
2026-04-27,SHOP,0.15910308449484126,124.23,57.58094340083265,-0.11145635441404877,-0.21779641981975423,,-0.7249751664347042,
2026-04-28,SHOP,0.3430157447485804,122.05,54.071224631139145,-0.4906476386346559,1.209242662239156,,-1.2502094365450755,
2026-04-29,SHOP,0.3040625572897468,121.26,53.04302214675088,-0.7813016553989778,0.8782808621561421,,-1.6008973692225588,
2026-04-30,SHOP,0.015003515981924731,,53.04302214675088,-0.6250413243191826,-1.367857689830563,,-1.321637209966356,
2026-05-01,SHOP,0.4863949380372423,,53.04302214675088,-0.5000330594553462,2.1576358613091466,,-1.1078422947088407,
2026-05-02,SHOP,0.06418861064071851,,53.04302214675088,-0.4000264475642772,-0.9625945747489448,,-0.9408864083474053,
2026-05-03,SHOP,0.2743009526141204,,53.04302214675088,-0.32002115805142184,0.5932737709243409,,-0.8088089156635822,
2026-05-04,SHOP,0.09187855648083673,,53.04302214675088,-0.2560169264411378,-0.7625696707607759,,-0.7033955844720754,
2026-05-05,SHOP,0.10597447051615762,,53.04302214675088,-0.20481354115291062,-0.6453429854048863,,-0.6187272797039034,
2026-05-06,SHOP,0.22297332868845157,,53.04302214675088,-0.1638508329223285,0.24135577036816858,-0.7890369710010811,-0.5503908676073246,-0.30528604343525423
2026-05-07,SHOP,0.11042965889810703,,53.04302214675088,-0.13108066633786297,-0.6143642963344194,-0.7592299438998081,-0.4950163780673724,-0.6220196151239219
2026-05-08,SHOP,0.15084918920383392,,53.04302214675088,-0.10486453307029064,-0.29788393232325544,-0.732607329637461,-0.4499870996923383,-0.47393190172824196
2026-05-09,SHOP,0.25902174868500677,,53.04302214675088,-0.0838916264562326,0.5407806550314398,-0.7086358821627269,-0.4132474522741906,-0.12025273831849932
2026-05-10,SHOP,0.4952107291382577,,53.04302214675088,-0.06711330116498626,2.2441651073446813,-0.6868999871549566,-0.38316951437455016,0.5766451924790205
2026-05-11,SHOP,0.2096172783567487,,53.04302214675088,-0.053690640931989275,0.09561802830946876,-0.6670702097271214,-0.35845670993856943,-0.26941086457591973
2026-05-12,SHOP,0.38437401059831755,,53.04302214675088,-0.04295251274559142,1.3812122655097592,-0.6488815554237479,-0.33807222354693844,0.2563987725126978
2026-05-13,SHOP,0.0054572071855905,,53.04302214675088,-0.034362010196473225,-1.4248151205590063,-0.6321180857614979,-0.3211845920065347,-0.8559168515540123
2026-05-14,SHOP,-0.010365277491032956,,53.04302214675088,-0.027489608157178935,-1.4934771940559524,-0.6166018023999749,-0.3071256603634229,-0.8745091164514003
2026-05-15,SHOP,0.19207466846204388,,53.04302214675088,-0.021991686525743237,-0.006468530584082173,-0.6021844663976619,-0.29535769720169003,-0.2718500613134384
2026-05-16,SHOP,0.39788100579765096,,53.04302214675088,-0.017593349220594856,1.474282173520474,-0.5887414778695366,-0.2854474475955666,0.3274561917686587
2026-05-17,SHOP,0.2101185078077448,,53.04302214675088,-0.014074679376475885,0.09715869077043167,-0.5761672290878227,-0.2770455302833666,-0.21710035150318413
2026-05-18,SHOP,0.16932177929921097,,53.04302214675088,-0.011259743501180974,-0.20276945050332063,-0.5643715290030391,-0.26987000361869523,-0.3313802399878485
2026-05-19,SHOP,0.23071592893285545,,53.04302214675088,-0.009007794800945046,0.2530681471803289,-0.5532768187018144,-0.26369321360712006,-0.14386375082054878
2026-05-20,SHOP,0.3283830175693116,,53.04302214675088,-0.007206235840756303,0.9714503062431963,-0.542815978813125,-0.25833124349587133,0.14823595580457963
2026-05-21,SHOP,0.4153996803680807,,53.04302214675088,-0.00576498867260522,1.5774067422379723,-0.5329305855243889,-0.25363543571597924,0.39499289052307845
2026-05-22,SHOP,-0.2963517566193826,,53.04302214675088,-0.004611990938084176,-3.312367250396069,-0.5235695105068963,-0.24948557059375728,-1.5568634244886235
2026-05-23,SHOP,,,53.04302214675088,-0.0036895927504674297,,-0.5146877872883768,-0.24780555961448733,
2026-03-24,SLV,0.1115362182026729,62.95,,0.0,,,,
2026-03-25,SLV,0.11247450704663993,65.21,,0.14422792022792236,,,,
2026-03-26,SLV,0.7206369239252061,60.77,,-0.05661263139097401,,,,
2026-03-27,SLV,0.31746943437436237,63.44,,-0.009334401105028752,,,,
2026-03-28,SLV,0.704552799953201,,,-0.007467520884023002,,,,
2026-03-29,SLV,0.21945778114061804,,,-0.005974016707218404,,,,
2026-03-30,SLV,-0.1845125488471985,63.52,,0.04415098787290682,,,,
2026-03-31,SLV,0.18648803982359047,68.14,,0.35287360965732234,,,,
2026-04-01,SLV,0.11980819372187057,68.14,,0.5268240689642707,,,,
2026-04-02,SLV,0.07986728101596237,65.79,,0.456010928694403,,,,
2026-04-03,SLV,0.48865512717245146,,,0.3648087429555224,,,,
2026-04-04,SLV,-0.1328960582613945,,,0.29184699436441797,,,,
2026-04-05,SLV,,,,0.23347759549153435,,,,
2026-04-06,SLV,0.43781650015888735,66.09,,0.27917267502510756,,,,
2026-04-07,SLV,0.07559539836198093,65.94,,0.22556023529416414,,,,
2026-04-08,SLV,0.08726387682645581,67.47,,0.2713018386531727,,,,
2026-04-09,SLV,0.6458627253680179,68.39,,0.33737165428301497,,,,
2026-04-10,SLV,0.12565870834887027,69.08,,0.3972723097093396,,,,
2026-04-11,SLV,0.20365088790903485,,,0.3178178477674716,,,,
2026-04-12,SLV,0.5305330963420868,,,0.25425427821397717,,,0.1922061271488282,
2026-04-13,SLV,,68.28,,0.28229028768682785,,,0.3444952074656537,
2026-04-14,SLV,-0.006794093280037235,72.04,,0.47263018829077685,-0.9431139480536322,,1.365275346584918,
2026-04-15,SLV,0.233046094295041,71.84,,0.5426027802960998,-0.03372195240724073,,1.619062916724729,
2026-04-16,SLV,0.40214008877389135,71.24,,0.5066996292563144,0.6042661051793645,,1.3352914694274913,
2026-04-17,SLV,0.32371326741899054,73.63,85.92504678972709,0.5959776599994344,0.28802737693348485,,1.670486191505656,
2026-04-18,SLV,-0.06501069750785828,,85.92504678972709,0.47678212799954744,-1.2108184323897775,,1.0125791119293672,
2026-04-19,SLV,0.3281373519225419,,85.92504678972709,0.3814257023996377,0.3470233747050585,,0.5085058657403289,
2026-04-20,SLV,0.29212691492876036,72.15,85.92504678972709,0.3981230219247882,0.19701624946139953,,0.5817667371642694,
2026-04-21,SLV,0.09634432390332223,68.49,72.70113294748825,0.07748299587085405,-0.5977256906429116,,-1.0752172826439208,
2026-04-22,SLV,-0.2147914287224412,70.37,74.47212995244863,-0.026151678956897406,-1.754306400577548,,-1.5282395538578033,
2026-04-23,SLV,0.10363561734528592,68.38,69.34396722145718,-0.2352536568337693,-0.4678597813088423,,-2.3146950436863043,
2026-04-24,SLV,,68.79,69.80529988758798,-0.3458004419824474,,,-2.4890878335771744,
2026-04-25,SLV,0.4032863697502529,,69.80529988758798,-0.27664035358595807,0.7312303623559306,,-2.014428369182019,
2026-04-26,SLV,0.312147054991778,,69.80529988758798,-0.22131228286876659,0.35135399941742745,,-1.684443633436234,
2026-04-27,SLV,-0.5059802586704493,68.33,69.80529988758798,-0.39325308647188484,-2.6348936998431514,,-2.1571349054949294,
2026-04-28,SLV,0.3087033567726612,66.2,63.16331821557894,-0.5860822287414162,0.3788196335856652,,-2.5470568722095783,
2026-04-29,SLV,0.2511702309191227,64.84,59.966181385536764,-0.7768405800677771,0.1602149351114783,,-2.779794375989339,
2026-04-30,SLV,0.11276226351746757,66.66,62.68801634464234,-0.7515903839982514,-0.3619090552154046,,-2.438491929342596,
2026-05-01,SLV,0.3809873183920195,68.29,64.98416577532754,-0.6026862018130055,0.661151125225923,,-1.8967681515420505,
2026-05-02,SLV,0.0015356259730954964,,64.98416577532754,-0.4821489614504044,-0.7988164860994659,,-1.5055784822462852,
2026-05-03,SLV,0.2361120431587845,,64.98416577532754,-0.38571916916032367,0.11789323469387077,,-1.2117806920944907,
2026-05-04,SLV,-0.2327681981444359,65.94,64.98416577532754,-0.5284313455210955,-1.65572788711672,,-1.5226226220254284,
2026-05-05,SLV,0.435322555388324,65.91,64.88531715203702,-0.5362056155074555,0.9079628111663646,,-1.4836313438024165,
2026-05-06,SLV,-0.0937943933531642,70.13,70.4366166322168,-0.24822539126455467,-1.1118215542937224,-0.06991225186092376,-0.7373260096737128,-0.68690010017788
2026-05-07,SLV,0.3798780616891881,71.6,72.09173231568433,0.03509880140392163,0.7055886746119474,0.12356057469443094,-0.012132868817476135,0.3156637816078654
2026-05-08,SLV,-0.11681307594316699,73.01,73.61746085929326,0.2967433042359424,-1.1902191085559486,0.30179660679340586,0.6548646434040358,-0.189089268363147
2026-05-09,SLV,0.5246183197340928,,73.61746085929326,0.23739464338875393,1.2512476202541,0.29485730467293414,0.49367642846719395,0.7370591680436784
2026-05-10,SLV,,,73.61746085929326,0.1899157147110031,,0.2883767463383278,0.36464930547788843,
2026-05-11,SLV,0.1354509856208627,78.0,73.61746085929326,0.933233390071914,-0.23968456923820455,0.28230641331720835,2.1908319624213233,0.6460676850262776
2026-05-12,SLV,0.32558759634373713,78.55,74.3530946510972,1.129860839256112,0.49138552793579865,0.3714603819763807,2.4862464746791746,1.053866268170986
2026-05-13,SLV,0.0380168117993112,79.35,75.23455888211929,1.2344950190785777,-0.624565874154232,0.4790920022500099,2.527588042246933,0.65217766368739
2026-05-14,SLV,0.3233951351522572,75.51,63.884654654278414,0.977056879289715,0.49317133722863654,-1.0314160811352118,1.8605205210837419,0.4459998668760136
2026-05-15,SLV,-0.5103078429828087,69.04,50.155318209789556,0.33610679065239624,-2.5837908039569912,-2.5025318357988042,0.4466989375531192,-1.6502661910565022
2026-05-16,SLV,0.6308046249666802,,50.155318209789556,0.26888543252191677,1.5977112801441382,-2.232399213127618,0.29483904199640076,0.05781646071829023
2026-05-17,SLV,0.00044903883367776546,,50.155318209789556,0.21510834601753337,-0.6958393775166026,-2.034637210794219,0.17306878810251458,-0.8368062778141524
2026-05-18,SLV,-0.12023248587949206,69.94,50.155318209789556,-0.2448897800740244,-1.1142962725696743,-1.8818014289586047,-0.850711381537611,-1.2654723521767344
2026-05-19,SLV,0.05717337592177407,66.9,44.15783786578116,-0.6324081856617618,-0.4590404676826923,-2.243269253306742,-1.6677962922435303,-1.3569358507381586
2026-05-20,SLV,0.35064387623518706,68.73,47.47582600627886,-0.740702272485432,0.6164748522969142,-1.804497656165025,-1.8344963392642173,-0.845108257710007
2026-05-21,SLV,0.2782737959969789,69.45,48.76567744477383,-0.7374564073329308,0.3442166779257948,-1.598632374003145,-1.762122842586266,-0.8705398938065053
2026-05-22,SLV,0.3359789621112699,68.365,46.89669747753963,-0.7779796856510324,0.5537713765392775,-1.6668926600814473,-1.7824110200656744,-0.8132825534284254
2026-05-23,SLV,,,46.89669747753963,-0.6223837485208259,,-1.5847807887639846,-1.4108880886700452,
2026-03-24,SMCI,0.17252510333685203,22.23,,0.0,,,,
2026-03-25,SMCI,0.17946204868208027,24.05,,0.11614814814814736,,,,
2026-03-26,SMCI,0.030062419970930312,22.21,,0.06516965284372588,,,,
2026-03-27,SMCI,0.024740882122094424,21.97,,0.014071519453151715,,,,
2026-03-28,SMCI,0.5752266172964126,,,0.01125721556252137,,,,
2026-03-29,SMCI,0.6037384722948074,,,0.009005772450017095,,,,
2026-03-30,SMCI,0.4097781317794663,21.06,,-0.1215589612784469,,,,
2026-03-31,SMCI,0.4282674772878488,22.77,,-0.049889435191026274,,,,
2026-04-01,SMCI,0.3265273049396209,22.51,,-0.019046420327327673,,,,
2026-04-02,SMCI,0.5134355067426959,23.22,,0.04653703098523203,,,,
2026-04-03,SMCI,0.41157206740668045,,,0.03722962478818562,,,,
2026-04-04,SMCI,0.6605254580166191,,,0.029783699830548495,,,,
2026-04-05,SMCI,0.6064951133223251,,,0.023826959864438793,,,,
2026-04-06,SMCI,0.042814465846121336,22.05,,-0.02588170873064643,,,,
2026-04-07,SMCI,0.29078922934027035,22.67,,0.0006524945423573014,,,,
2026-04-08,SMCI,0.30451303487697146,23.37,,0.061608831710816075,,,,
2026-04-09,SMCI,0.46292170567554203,23.22,,0.0865594303827853,,,,
2026-04-10,SMCI,0.36714292380115227,25.26,,0.22719777541059655,,,,
2026-04-11,SMCI,0.29249311620040486,,,0.18175822032847722,,,,
2026-04-12,SMCI,0.546539216272533,,,0.14540657626278175,0.9335304109210704,,1.2839070527232337,
2026-04-13,SMCI,0.10378056104857475,25.97,,0.3665484751506901,-1.23008665418645,,2.9234166979078275,
2026-04-14,SMCI,0.3029195813612636,27.2,,0.48117417103569826,-0.23038662756335898,,2.9492324013764546,
2026-04-15,SMCI,0.25727739826100565,27.29,,0.5296926926569778,-0.4516547025625648,,2.643053113462577,
2026-04-16,SMCI,0.2916670076608658,28.4,,0.5981198373837215,-0.2667706018860515,,2.527278407060509,
2026-04-17,SMCI,-0.1300874123759568,28.56,93.65376431936153,0.613448240658401,-2.188362227934458,,2.2570232472743683,
2026-04-18,SMCI,0.5463253426339012,,93.65376431936153,0.4907585925267208,1.0346634106747843,,1.5590570021411616,
2026-04-19,SMCI,0.3092497722245753,,93.65376431936153,0.3926068740213766,-0.10570744152930071,,1.0641543281790047,
2026-04-20,SMCI,0.4549,28.81,93.65376431936153,0.5007151393163367,0.5951664851592822,,1.4664993821625234,
2026-04-21,SMCI,0.24599026589588915,28.43,90.82681995511162,0.4311981589465823,-0.43460233508386453,,1.110825675549487,
2026-04-22,SMCI,0.1502698595139431,29.18,91.2825876394771,0.40093302876723835,-0.8898506526735436,,0.9452687003857406,
2026-04-23,SMCI,0.27327853751951314,26.75,77.79577520899198,0.1930027675741548,-0.26267609737970843,,0.021143308539498928,
2026-04-24,SMCI,0.2647222618197401,29.08,80.73495253658969,0.18794767951175229,-0.3015453170112837,,-0.0016731897009829913,
2026-04-25,SMCI,0.5749488615305396,,80.73495253658969,0.1503581436094017,1.2643018873694123,,-0.1716769562944532,
2026-04-26,SMCI,0.5090756245735287,,80.73495253658969,0.12028651488752118,0.8992509660445283,,-0.30701780748606894,
2026-04-27,SMCI,0.5889039768647868,27.85,80.73495253658969,0.028638024511468352,1.2626521473300245,,-0.7243541891337768,
2026-04-28,SMCI,0.4543256148288277,27.25,77.19565485161716,-0.08466739364022913,0.5621988854457544,,-1.2193000539098264,
2026-04-29,SMCI,0.14734653267835576,26.32,72.85143726943332,-0.22482064107486655,-0.9992297258595738,,-1.7715939003688368,
2026-04-30,SMCI,0.3256139848437829,,72.85143726943332,-0.17985651285989346,-0.07549634828278465,,-1.49695187970914,
2026-05-01,SMCI,0.6046452669201419,,72.85143726943332,-0.1438852102879149,1.337637315069051,,-1.2887661789309037,
2026-05-02,SMCI,0.4713,,72.85143726943332,-0.1151081682303321,0.6346052394803201,,-1.1272615322383017,
2026-05-03,SMCI,0.760532405364948,,72.85143726943332,-0.09208653458426586,2.008282425197219,,-0.9999764877450635,
2026-05-04,SMCI,0.38081264919668434,,72.85143726943332,-0.0736692276674129,0.10351688362711638,,-0.8985056811554961,
2026-05-05,SMCI,0.4359745565568662,,72.85143726943332,-0.05893538213393046,0.3784007318849804,,-0.8168953782821154,
2026-05-06,SMCI,0.4011610252137185,,72.85143726943332,-0.047148305707144456,0.19758453856886246,-0.934972643354153,-0.7507771476954355,-0.4266911218873315
2026-05-07,SMCI,0.5233706560185389,,72.85143726943332,-0.03771864456571561,0.8158277354024632,-0.8942014337237679,-0.696863348973696,-0.1509883406482538
2026-05-08,SMCI,0.16778689566954272,,72.85143726943332,-0.030174915652572576,-1.0118124081926443,-0.8584083765753945,-0.6526340167403649,-0.8580376812717856
2026-05-09,SMCI,0.4416769825411547,,72.85143726943332,-0.02413993252205815,0.4078474667817504,-0.8266505604045924,-0.6161318180119121,-0.2696957268122512
2026-05-10,SMCI,0.644509398595135,,72.85143726943332,-0.01931194601764674,1.4250266153341622,-0.7982181730572346,-0.5858216529827414,0.15479869832167212
2026-05-11,SMCI,0.4990979742594909,,72.85143726943332,-0.015449556814117527,0.6608126381754337,-0.7725652113288042,-0.5604909592554438,-0.1355917959051009
2026-05-12,SMCI,0.43578054700519586,,72.85143726943332,-0.012359645451294199,0.32677642798427015,-0.74926381819164,-0.5391768357709888,-0.25582162499508054
2026-05-13,SMCI,-0.005216977726034068,,72.85143726943332,-0.009887716361035581,-1.902200035866914,-0.7279732795632801,-0.5211115476780221,-1.1356054625191563
2026-05-14,SMCI,0.3978056903541643,,72.85143726943332,-0.007910173088828687,0.1597207154927641,-0.7084184238212933,-0.5056810549020014,-0.3003415574198828
2026-05-15,SMCI,0.28936226738615894,,72.85143726943332,-0.006328138471063172,-0.3965558083986837,-0.690374228873485,-0.49239302539930063,-0.5134524996413091
2026-05-16,SMCI,-0.05779711468815801,,72.85143726943332,-0.005062510776850715,-2.0918758982127152,-0.6736546323610413,-0.48085191049646664,-1.1831023221423385
2026-05-17,SMCI,0.374762004686892,,72.85143726943332,-0.00405000862148075,0.08559847540968886,-0.658104252174636,-0.4707393717095243,-0.30441369700137255
2026-05-18,SMCI,0.5206148380853981,,72.85143726943332,-0.003240006897184733,0.8145897921454931,-0.6435921626663138,-0.4617988189695388,-0.0057813776325585375
2026-05-19,SMCI,0.57686,,72.85143726943332,-0.002592005517747964,1.0801548120212046,-0.6300071490693453,-0.453823141463095,0.10691283764874973
2026-05-20,SMCI,0.41991481219825466,,72.85143726943332,-0.00207360441419846,0.27883965140025546,-0.6172540421271161,-0.44664493816955636,-0.20763383352889953
2026-05-21,SMCI,0.3278347392117339,,72.85143726943332,-0.0016588835313589012,-0.19193163889817114,-0.6052508537014469,-0.44012871806011,-0.39038652708773547
2026-05-22,SMCI,0.16959507974928453,,72.85143726943332,-0.0013271068250872986,-0.9937863757029366,-0.593926514261203,-0.43416465994403836,-0.7059419025427471
2026-05-23,SMCI,,,72.85143726943332,-0.0010616854600700165,,-0.583219068176272,-0.43272997922714096,
2026-03-24,SMH,-0.29424944118494034,394.59,,0.0,,,,
2026-03-25,SMH,-0.38105125139988116,399.02,,0.2827122507122567,,,,
2026-03-26,SMH,-0.3971152930628905,380.84,,-0.7157589175412522,,,,
2026-03-27,SMH,0.22624638103764969,374.25,,-1.7236314406168511,,,,
2026-03-28,SMH,-0.381266831631063,,,-1.378905152493481,,,,
2026-03-29,SMH,0.32694271350672316,,,-1.1031241219947847,,,,
2026-03-30,SMH,-0.15459178526518308,362.53,,-3.3177776577687066,,,,
2026-03-31,SMH,-0.1289167440572962,383.4,,-2.4139915786457933,,,,
2026-04-01,SMH,-0.13251959181766088,391.97,,-1.150416753150615,,,,
2026-04-02,SMH,-0.3686780398035872,392.32,,-0.24953115610190313,,,,
2026-04-03,SMH,0.0651071393529242,,,-0.1996249248815225,,,,
2026-04-04,SMH,-0.04054113465758741,,,-0.1596999399052179,,,,
2026-04-05,SMH,0.03080974632569153,,,-0.12775995192417433,,,,
2026-04-06,SMH,-0.22856277208665954,395.98,,1.177597980340865,,,,
2026-04-07,SMH,0.0323713621509914,399.9,,1.7473875528495695,,,,
2026-04-08,SMH,-0.1281861708684184,422.92,,3.5032730059218657,,,,
2026-04-09,SMH,-0.20140127599484373,430.31,,4.9050792082326975,,,,
2026-04-10,SMH,0.23758144889203828,436.88,,5.947960246279642,,,,
2026-04-11,SMH,0.14819776135321172,,,4.758368197023714,,,,
2026-04-12,SMH,-0.2522618853479624,,,3.806694557618971,-0.6789891220284968,,1.2000128428607106,
2026-04-13,SMH,0.15884716903209686,443.34,,6.018592919960737,1.103870665131759,,1.8196148001693087,
2026-04-14,SMH,0.4349552812387603,452.0,,6.601786819256914,2.0344691823642553,,1.813826996749204,
2026-04-15,SMH,-0.17798971558536095,453.0,,6.625326407451437,-0.44837208398449485,,1.6623018407137713,
2026-04-16,SMH,0.017981162104755654,454.8,,6.332805203648602,0.35572384604706303,,1.4608631016344351,
2026-04-17,SMH,0.3261589887455106,464.16,89.79668154812843,6.325545457816176,1.5402287214646158,,1.3708088213200353,
2026-04-18,SMH,0.1511081828050315,,89.79668154812843,5.06043636625294,0.7982298158054999,,0.9492456578687855,
2026-04-19,SMH,0.35051686315089464,,89.79668154812843,4.048349093002351,1.5155914263952872,,0.624498233593677,
2026-04-20,SMH,0.005438184736622505,463.96,89.79668154812843,4.764136647969922,0.1321193359634993,,0.8196824496728141,
2026-04-21,SMH,0.5948383374025424,464.66,89.89586848744518,4.178547385181229,2.2477247407985073,,0.6229178031030964,
2026-04-22,SMH,0.18230557425071794,476.83,91.2009237855263,4.224295499527496,0.6859875798095628,,0.6225699131764869,
2026-04-23,SMH,0.1332602306385403,481.85,91.6783821584109,4.197431138848511,0.4907731636460053,,0.6006433349436544,
2026-04-24,SMH,-0.7353235973656178,506.44,93.53030118149616,5.365807846032244,-2.486232574204379,,0.945490287605765,
2026-04-25,SMH,0.27417354181226006,,93.53030118149616,4.292646276825796,0.9826390749230031,,0.5892238038353702,
2026-04-26,SMH,0.3132949900260816,,93.53030118149616,3.4341170214606365,1.0818781023841781,,0.3062311194572751,
2026-04-27,SMH,0.32653367465510963,506.26,93.53030118149616,5.1736342993462685,1.0916390224963883,,0.8556544571807337,
2026-04-28,SMH,0.36433702920087513,491.21,79.04844413018749,3.768110517532584,1.1802984862640467,,0.3861319318453054,
2026-04-29,SMH,0.24625668742209675,499.58,80.52050202368923,3.009532734726683,0.7596529275804762,,0.13117420654207873,
2026-04-30,SMH,0.29692638618101674,,80.52050202368923,2.4076261877813465,0.9113134490271799,,-0.07156562211888502,
2026-05-01,SMH,0.4864096571309226,,80.52050202368923,1.9261009502250772,1.4975858820541457,,-0.23359852647854393,
2026-05-02,SMH,-0.15274901338134791,,80.52050202368923,1.5408807601800625,-0.6555903723753029,,-0.3622876164653896,
2026-05-03,SMH,0.24273829088677962,,80.52050202368923,1.2327046081440507,0.6815159491498746,,-0.46364362299766815,
2026-05-04,SMH,0.28824903053958634,,80.52050202368923,0.9861636865152406,0.8210578436556942,,-0.5426726044596054,
2026-05-05,SMH,0.4935587036998632,,80.52050202368923,0.7889309492121903,1.4711665197535155,,-0.603561978386975,
2026-05-06,SMH,-0.02250613175393904,,80.52050202368923,0.6311447593697501,-0.2784161506809709,-1.021687006870916,-0.6498015583939882,-0.6128130298518597
2026-05-07,SMH,0.253350761498167,,80.52050202368923,0.5049158074957987,0.6581964160752324,-0.9731778872877064,-0.6842795698963744,-0.23395867072513127
2026-05-08,SMH,0.11447463696070015,,80.52050202368923,0.4039326459966368,0.17627012629022945,-0.9310725473836915,-0.7093678967724519,-0.42162408273075125
2026-05-09,SMH,0.2011668166142081,,80.52050202368923,0.3231461167973073,0.4729669923726466,-0.8940684046240888,-0.7270001464470565,-0.2971337683722849
2026-05-10,SMH,0.3090537421476362,,80.52050202368923,0.25851689343784656,0.8379163284433101,-0.8612067021246248,-0.7387424840367472,-0.14481822447108758
2026-05-11,SMH,0.10888616198132436,,80.52050202368923,0.20681351475027654,0.1290940756189292,-0.8317639070751248,-0.7458565160448662,-0.42164849668842563
2026-05-12,SMH,0.16550214709814126,,80.52050202368923,0.1654508118002198,0.3276561452031987,-0.8051822992614174,-0.7493538553779595,-0.3352983883105336
2026-05-13,SMH,0.5753863596045632,,80.52050202368923,0.13236064944017656,1.7319887144803143,-0.7810240631420127,-0.7500425328717808,0.2334755069879878
2026-05-14,SMH,0.5734983810454202,,80.52050202368923,0.10588851955214196,1.6611766285265464,-0.7589400218505516,-0.7485658374749228,0.21221889361297627
2026-05-15,SMH,0.34511663346104327,,80.52050202368923,0.08471081564171357,0.8559664228192985,-0.7386477955288006,-0.74543440713733,-0.10283809167211974
2026-05-16,SMH,0.5092135238212844,,80.52050202368923,0.06776865251336872,1.3863065510523949,-0.7199162003798761,-0.7410524825377964,0.11623201554565626
2026-05-17,SMH,0.43924403154999014,,80.52050202368923,0.054214922010693556,1.1218191208783272,-0.7025538845558918,-0.735739224020033,0.017239715778553516
2026-05-18,SMH,0.4810302144227614,,80.52050202368923,0.043371937608554845,1.2361579698126506,-0.6864009045767848,-0.729745921541264,0.06961914008964559
2026-05-19,SMH,-0.09226006832644343,,80.52050202368923,0.034697550086843165,-0.7107858171260116,-0.6713223831122631,-0.7232698293699555,-0.7026919905950701
2026-05-20,SMH,0.2688257794188956,,80.52050202368923,0.027758040069475243,0.5211684567435658,-0.657203666207037,-0.716465251777916,-0.20363329269805952
2026-05-21,SMH,0.06792568124585106,,80.52050202368923,0.022206432055579484,-0.17041629709688605,-0.6439465780563971,-0.7094524046053688,-0.4741862136372842
2026-05-22,SMH,0.12163468195376298,,80.52050202368923,0.017765145644464297,0.01630455855807825,-0.6314664908394233,-0.7023244861238955,-0.39361546966576433
2026-05-23,SMH,,,80.52050202368923,0.014212116515569306,,-0.6196900078411874,-0.7038512271765399,
2026-03-24,SOFI,0.23407526791160294,16.7,,0.0,,,,
2026-03-25,SOFI,0.1942065773383387,16.56,,-0.008934472934473092,,,,
2026-03-26,SOFI,0.2146829803319207,15.87,,-0.05807989220866659,,,,
2026-03-27,SOFI,0.22846459532274319,15.23,,-0.12652921053222554,,,,
2026-03-28,SOFI,0.4748105593393312,,,-0.10122336842578042,,,,
2026-03-29,SOFI,0.4089531591236551,,,-0.08097869474062433,,,,
2026-03-30,SOFI,0.371447700163047,15.15,,-0.16535717457432653,,,,
2026-03-31,SOFI,0.33618505013232686,15.88,,-0.12897503282934064,,,,
2026-04-01,SOFI,0.18362170592945015,15.63,,-0.11383749988075564,,,,
2026-04-02,SOFI,0.17230304854751632,15.85,,-0.08255544995655412,,,,
2026-04-03,SOFI,-0.032644973930246395,,,-0.06604435996524327,,,,
2026-04-04,SOFI,0.24415113095606059,,,-0.05283548797219462,,,,
2026-04-05,SOFI,-0.010926258505668711,,,-0.04226839037775565,,,,
2026-04-06,SOFI,0.18977956693386966,16.27,,0.02035210764176959,,,,
2026-04-07,SOFI,0.2157370595824407,16.11,,0.03399608050856634,,,,
2026-04-08,SOFI,0.05509138963326531,16.49,,0.06723472103943295,,,,
2026-04-09,SOFI,0.1624020547118689,16.27,,0.07256865536943977,,,,
2026-04-10,SOFI,0.06261290217031514,16.22,,0.07081645100953632,,,,
2026-04-11,SOFI,0.3674794214291789,,,0.05665316080762908,,,,
2026-04-12,SOFI,0.4382782744065341,,,0.04532252864610328,1.495750484026802,,1.0356135470870655,
2026-04-13,SOFI,0.08020475822200003,17.05,,0.12809974777201763,-0.9732721346563985,,1.8783481929389745,
2026-04-14,SOFI,0.05689829587701886,17.91,,0.20308466565508232,-1.0794628347069648,,2.333959224573096,
2026-04-15,SOFI,0.36699449628909997,18.79,,0.2963482463359346,1.0384882853331754,,2.65857595379137,
2026-04-16,SOFI,0.28510430113325513,19.03,,0.3546607652900546,0.4560028019100895,,2.5957383690543887,
2026-04-17,SOFI,0.39577967484504695,19.43,64.1744161979685,0.3974122798542326,1.1798382118097563,,2.459716062708754,
2026-04-18,SOFI,0.3095558234936424,,64.1744161979685,0.3179298238833861,0.5597460019922518,,1.7663069004269283,
2026-04-19,SOFI,0.17458744816661032,,64.1744161979685,0.25434385910670887,-0.3931763658056443,,1.2924969460668987,
2026-04-20,SOFI,0.44430630035986673,19.5,64.1744161979685,0.3439588074591576,1.4680969021436976,,1.7152185035827854,
2026-04-21,SOFI,0.3261730626281397,18.83,53.77916067529317,0.28547370232645153,0.6181772812318964,,1.2985632006938994,
2026-04-22,SOFI,0.2520357227151356,19.06,55.92975261150321,0.24415191170922323,0.08694771518159755,,1.017402717352668,
2026-04-23,SOFI,0.4501629170142425,18.32,48.16480455459094,0.15329430517003784,1.4482858911417744,,0.47059671658936175,
2026-04-24,SOFI,0.26145215719221504,18.44,49.39182153340041,0.09068531690252135,0.10238029978891972,,0.09388125727749416,
2026-04-25,SOFI,0.35024071862399575,,49.39182153340041,0.0725482535220171,0.7279043555551193,,-0.016358877939324442,
2026-04-26,SOFI,0.3735763059935998,,49.39182153340041,0.05803860281761364,0.8745560596593203,,-0.10461871103685771,
2026-04-27,SOFI,0.2405740696518937,18.76,49.39182153340041,0.04338001786813028,-0.09723035067811855,,-0.1938765714920884,
2026-04-28,SOFI,0.25236256201192736,18.36,44.652767193052966,-0.007626630762280873,-0.00955769080889999,,-0.5100283250233584,
2026-04-29,SOFI,0.1607584575107942,15.525,27.964216503679225,-0.22598907910727284,-0.6858315257159672,,-1.8018342227361483,
2026-04-30,SOFI,0.37774340013565644,,27.964216503679225,-0.1807912632858183,0.9370209066209096,,-1.4560784902134318,
2026-05-01,SOFI,0.19167252937954968,,27.964216503679225,-0.14463301062865463,-0.46974119418717836,,-1.195454492671053,
2026-05-02,SOFI,0.22113618873189406,,27.964216503679225,-0.11570640850292374,-0.24031859056705634,,-0.993835079635751,
2026-05-03,SOFI,0.5540782397802174,,27.964216503679225,-0.09256512680233903,2.174668560586928,,-0.8353162712269764,
2026-05-04,SOFI,0.19363820432475376,,27.964216503679225,-0.07405210144187124,-0.4784200817914519,,-0.7093696002602548,
2026-05-05,SOFI,0.026948325649191543,,27.964216503679225,-0.05924168115349704,-1.6437475206705048,,-0.6085924849232577,
2026-05-06,SOFI,0.2283848450274905,,27.964216503679225,-0.047393344922797676,-0.17359912167094832,-1.0991007961278045,-0.5275525862924306,-0.5574356633944498
2026-05-07,SOFI,0.49211026787771184,,27.964216503679225,-0.03791467593823816,1.6919582540707243,-1.0428463677124173,-0.4621421256803574,0.22528675361045744
2026-05-08,SOFI,0.34316109841721365,,27.964216503679225,-0.03033174075059053,0.609615535896275,-0.99454258482152,-0.40918984289027827,-0.17727351395502944
2026-05-09,SOFI,0.5882969150278914,,27.964216503679225,-0.024265392600472446,2.2289704787874354,-0.9524688770112331,-0.36621240335382554,0.4959838074054566
2026-05-10,SOFI,0.49061584410208237,,27.964216503679225,-0.019412314080377968,1.4991991822734323,-0.915385330077724,-0.3312461708618672,0.22569022262749558
2026-05-11,SOFI,0.4612350979005427,,27.964216503679225,-0.015529851264302397,1.2637328035532167,-0.882372700185338,-0.302728102065498,0.14996288074603586
2026-05-12,SOFI,0.30051142991271157,,27.964216503679225,-0.012423881011441928,0.17306761940430213,-0.8527330443871032,-0.2794083540101946,-0.2704153717574685
2026-05-13,SOFI,0.12835808711565894,,27.964216503679225,-0.009939104809153554,-0.9853679146028113,-0.8259255721664871,-0.26028439678934456,-0.720010156527874
2026-05-14,SOFI,0.3473881689915621,,27.964216503679225,-0.007951283847322854,0.5074249927274944,-0.801523856060768,-0.24455033576942553,-0.11085226045806028
2026-05-15,SOFI,-0.056890581289787134,,27.964216503679225,-0.0063610270778582945,-2.153382682084028,-0.7791864752505809,-0.23155736603569274,-1.1645762252194933
2026-05-16,SOFI,0.15576886294393333,,27.964216503679225,-0.005088821662286636,-0.7313328368010126,-0.758636376662021,-0.2207825956334872,-0.5863588264090575
2026-05-17,SOFI,0.09459419680414277,,27.964216503679225,-0.0040710573298293196,-1.1156029341928233,-0.7396460503283374,-0.2118042882687175,-0.7316762752562458
2026-05-18,SOFI,0.2529986938372487,,27.964216503679225,-0.003256845863863489,-0.06174876797278801,-0.7220266771086027,-0.20428210367372365,-0.3025921414238131
2026-05-19,SOFI,0.2828839371091961,,27.964216503679225,-0.002605476691090791,0.13757164681516712,-0.7056200489035277,-0.1979412706119788,-0.2160397371285851
2026-05-20,SOFI,0.172586292078935,,27.964216503679225,-0.002084381352872644,-0.6020128865119309,-0.690292461166828,-0.19255987822927745,-0.5056608564236039
2026-05-21,SOFI,0.3824095058147222,,27.964216503679225,-0.0016675050822981263,0.8147905842036804,-0.6759300327066827,-0.1879586535531745,0.06674962780351505
2026-05-22,SOFI,0.1874448892427076,,27.964216503679225,-0.001334004065838501,-0.5109257371427908,-0.6624350744871914,-0.1839927287671206,-0.4582986358334099
2026-05-23,SOFI,,,27.964216503679225,-0.0010672032526707897,,-0.6497232403182045,-0.18193581019595442,
2026-03-24,SOL,0.18517918021472546,90.76866922831088,,0.0,,,,
2026-03-25,SOL,0.17237695745165246,91.68764326549108,,0.058646776161924666,,,,
2026-03-26,SOL,0.08873498551489732,86.48236978876282,,-0.23999098231498464,,,,
2026-03-27,SOL,0.152795002544034,83.07068209361495,,-0.6319032381460993,,,,
2026-03-28,SOL,0.14402378017882703,82.02360283013559,,-0.9093894325832748,,,,
2026-03-29,SOL,0.18853382223799717,81.39911156580304,,-1.0715680423729905,,,,
2026-03-30,SOL,0.17446284235351228,82.48692228647884,,-1.0412549885141196,,,,
2026-03-31,SOL,0.1360652754617174,83.13332586761415,,-0.9176772911316053,,,,
2026-04-01,SOL,0.12020151440972626,81.16757666079867,,-0.9067311854124411,,,,
2026-04-02,SOL,0.10912008352835273,78.94365585384958,,-0.9813634768608845,,,,
2026-04-03,SOL,0.0827320013921286,80.38669581160714,,-0.8694687064953821,,,,
2026-04-04,SOL,0.06671571150465806,80.82889682140632,,-0.7084176046333703,,,,
2026-04-05,SOL,0.09310234302026939,81.8589269099667,,-0.4858703258399504,,,,
2026-04-06,SOL,0.09501614744054948,80.03329668528117,,-0.41757890391526997,,,,
2026-04-07,SOL,0.23647743708475166,85.56062522073809,60.52705368332017,0.020648383182606533,,,,
2026-04-08,SOL,0.21033522065924856,82.57745622324643,53.02206597497437,0.12460457287565108,,,,
2026-04-09,SOL,0.1068298087741306,83.34144454983954,54.57547005814393,0.252447386733329,,,,
2026-04-10,SOL,0.1072774983177589,84.83995066359795,57.54109227166483,0.4348599728541154,,,,
2026-04-11,SOL,0.06151961117281188,84.95568722522738,57.77041071336943,0.5526772095939709,,,,
2026-04-12,SOL,0.13086911909584037,81.54029843961105,49.307206536424445,0.39722332506375246,-0.04601654329331993,,1.3768559360680486,
2026-04-13,SOL,0.06688482529980698,86.55614090744389,58.843083100023314,0.615793674758996,-1.266998618697733,,1.6083619519233896,
2026-04-14,SOL,0.24280532039030187,83.75755573978753,52.86747275873875,0.5572353153957059,1.9866891044100201,,1.40071602504679,
2026-04-15,SOL,0.13467170832540878,84.91477378879561,54.90667573827445,0.5792278438397416,-0.0076178145723636214,,1.3454587694352071,
2026-04-16,SOL,0.3402134219688258,89.09242145221103,61.39950391576887,0.8419918078447233,2.951248494119901,,1.6313230610675968,
2026-04-17,SOL,0.21807127068364618,88.81844115264097,60.78139567190432,0.9558805555208456,1.0685040993506978,,1.664804270403743,
2026-04-18,SOL,0.1542897407393566,86.1918219676129,55.058849980811566,0.8181684028315288,0.11278269796248577,,1.3733547777229325,
2026-04-19,SOL,0.1972452170483276,83.48508409076754,49.850264029353106,0.5229990196867198,0.745821828714465,,0.9065076760066301,
2026-04-20,SOL,0.13547448141464402,85.30710648383618,53.06871805532787,0.432434641613052,-0.20068507292494253,,0.7510583035798434,
2026-04-21,SOL,0.17321030515266855,86.05654603959876,54.36600118522238,0.4054249142609214,0.3828110609721508,,0.6926964174837585,
2026-04-22,SOL,0.24019967853476407,86.90296090679666,55.85033347678091,0.4249305976972908,1.376006785395837,,0.7039875312249535,
2026-04-23,SOL,0.2118827573875559,86.15525945134696,54.17398981443439,0.36986743695354696,0.905589756611598,,0.6068906548699073,
2026-04-24,SOL,0.23255277021771245,86.21518047130586,54.29239246659894,0.32165004811192166,1.1823247044712424,,0.5225182830008396,
2026-04-25,SOL,0.21681008635005608,86.18607118931622,54.21910348366269,0.27383628027034923,0.9111010943320665,,0.4403924883235753,
2026-04-26,SOL,0.1953738876571737,86.94350533039238,55.88772277445359,0.2783532064480062,0.5656897779343629,0.1436437973723713,0.4397230884262687,0.4012859769133372
2026-04-27,SOL,0.1348906918655783,84.80467793035824,50.311318960779865,0.12996614446765584,-0.3810725406668702,-1.4328170482676794,0.20090440608204999,-0.5220028089224369
2026-04-28,SOL,0.11649783559430323,83.99571113795872,48.3464133139799,-0.021907102010950502,-0.6611413029484348,-1.8015973878099492,-0.04336772837181044,-0.8179460560339017
2026-04-29,SOL,0.2310797061259747,83.02724205699077,46.028777530711245,-0.17813310756856213,1.1444876843484857,-2.120423014377663,-0.2946076614052378,-0.2667141289954758
2026-04-30,SOL,0.31294974100196193,83.05434811558787,46.106649544695486,-0.26495643188060797,2.2471270504040692,-1.8853170131322627,-0.4317011958081395,0.2037453574795071
2026-05-01,SOL,0.1798831733545603,83.75448125808447,48.18617275295096,-0.2601731725282225,0.24149573369515853,-1.317034972846941,-0.41737929984340016,-0.42372598832903896
2026-05-02,SOL,0.31724218384840813,84.25911890377843,49.692923313471184,-0.21010650621362548,2.1598644317558753,-0.9337448639056716,-0.32802718486428506,0.48541415807136323
2026-05-03,SOL,0.15335821716006534,83.90619548322515,48.627881745345576,-0.18853032368099754,-0.20713140670792912,-1.1289920829950717,-0.2872666762269713,-0.5077301904497845
2026-05-04,SOL,0.28771399328416913,84.09141295504573,49.24271388427717,-0.15116989027233446,1.6764918659789945,-0.9534827388809631,-0.21976350594367633,0.31862287294420605
2026-05-05,SOL,0.21478875390608135,86.27871018999767,55.94783839338831,0.022237910157304697,0.624350608082491,0.5755353088144042,0.08345089664026857,0.4474361048693982
2026-05-06,SOL,0.26837466523372033,89.1473109007369,62.87455073850044,0.31525575259898064,1.3497222356835021,1.9941981773448618,0.5943858854031533,1.3164641130978054
2026-05-07,SOL,0.1949551089327032,88.40916790029578,60.24932182368763,0.436989883385952,0.30038297122270174,1.351101472303595,0.797310181470081,0.7646766846211834
2026-05-08,SOL,0.16159461253565935,92.00986006075472,67.39990307842538,0.7208835330531006,-0.1777703469475985,2.530114020625851,1.2693238299354694,1.0687232163893567
2026-05-09,SOL,0.09910476462955974,93.12655405490851,69.24751152357895,0.9313674540823084,-1.0620546247840306,2.5353909422448986,1.5815044073505546,0.8102467549650236
2026-05-10,SOL,0.21208086777372304,96.43664742936079,73.95882839530458,1.2226605138811257,0.5709733853002255,2.862099030697813,1.9801517399672366,1.681064585319605
2026-05-11,SOL,0.2559216796198725,97.35587059794133,75.09968809196567,1.3939666711340482,1.1822214862391063,2.6565884151631822,2.135672306734631,1.9105668110649865
2026-05-12,SOL,0.24511804521189984,94.2775193451393,64.85299659293841,1.222794218046689,1.0040841064741086,1.189867971842573,1.7774873910347682,1.2918402514528458
2026-05-13,SOL,0.19593750527982065,91.13709617813109,56.39883840602398,0.8391876698291316,0.2850401493314438,0.022238708322235595,1.1415022358213252,0.4631383429756457
2026-05-14,SOL,0.1582743648485986,92.13071552318081,58.25314128726244,0.6044530922462983,-0.2656807295675154,0.27797578704794224,0.758273097846574,0.20460237364134873
2026-05-15,SOL,0.18566309266107864,89.20722796930319,51.33538396779183,0.2239754740862474,0.1391753973247038,-0.6897572970699852,0.15210089548938588,-0.10562676154429826
2026-05-16,SOL,0.18699943876396277,86.52773671707311,45.94943841764166,-0.21284500440202514,0.15769320610749124,-1.4031500726613273,-0.5422250210610151,-0.5205352456737062
2026-05-17,SOL,0.18028670675989614,85.1925530229602,43.50031374805078,-0.575805560276841,0.0557444833734402,-1.6647702745894608,-1.1054220675704651,-0.8087599092986016
2026-05-18,SOL,0.18536108995291337,85.32341749354815,43.81640004176067,-0.7785730091984591,0.13195282930498312,-1.553318389684844,-1.3938158884119454,-0.8313591517070436
2026-05-19,SOL,0.17910526157609918,84.2443258508474,41.74262954519782,-0.9457471645031139,0.03535674542928304,-1.7437810700690681,-1.607282227375774,-0.9911762910617394
2026-05-20,SOL,0.1757674170487048,86.09877950903602,46.43455451895998,-0.8924810305631439,-0.01634207257391041,-1.0984570172805062,-1.4806798669733772,-0.7802778943057291
2026-05-21,SOL,0.24686569230752023,87.27593327246555,49.22974506482876,-0.7450290449104477,1.077359704376431,-0.7197667124507072,-1.2244096725657356,-0.15230903375436042
2026-05-22,SOL,0.2317006102326281,84.31112827567448,43.125789317392694,-0.8089049286372829,0.8282678002488041,-1.4703089183251488,-1.2933745865725605,-0.49779793136979106
2026-05-23,SOL,,,43.125789317392694,-0.6471239429098263,,-1.4218839080080918,-1.018570654377493,
2026-03-24,SPY,0.019640654005628075,653.18,,0.0,,,,
2026-03-25,SPY,0.0721209646960457,656.82,,0.23229629629631746,,,,
2026-03-26,SPY,0.14913956050775165,645.09,,-0.38339288804483657,,,,
2026-03-27,SPY,0.055013343514493246,634.09,,-1.450846774488069,,,,
2026-03-28,SPY,-0.06297427739998424,,,-1.1606774195904552,,,,
2026-03-29,SPY,-0.07379620326379313,,,-0.9285419356723641,,,,
2026-03-30,SPY,0.07992112557415017,631.97,,-2.2681174612567876,,,,
2026-03-31,SPY,0.10020313692129319,650.34,,-1.3162601567597405,,,,
2026-04-01,SPY,0.13153349784147927,655.24,,-0.3213649255765414,,,,
2026-04-02,SPY,0.012826172052667319,655.83,,0.37402991688211773,,,,
2026-04-03,SPY,0.19906786323823036,,,0.2992239335056943,,,,
2026-04-04,SPY,-0.12704823320109396,,,0.23937914680455563,,,,
2026-04-05,SPY,-0.05471835022456135,,,0.19150331744364468,,,,
2026-04-06,SPY,-0.004122861972318164,658.93,,1.3415195755925857,,,,
2026-04-07,SPY,-0.048104992450215066,659.22,,1.565816779513387,,,,
2026-04-08,SPY,-0.02359176596680437,676.01,,2.703989720242217,,,,
2026-04-09,SPY,0.059144732470676926,679.91,,3.526524735649557,,,,
2026-04-10,SPY,0.11922704546787939,679.46,,3.822460868883807,,,,
2026-04-11,SPY,0.13287359326591094,,,3.0579686951070455,,,,
2026-04-12,SPY,0.034654957413630415,,,2.446374956085636,-0.04495671066147204,,1.0521601222305377,
2026-04-13,SPY,0.11405266279425508,686.1,,3.760900006084854,0.8356503017637441,,1.6318585080519254,
2026-04-14,SPY,-0.1514279335660072,694.46,,4.267314131427338,-1.9747580000484706,,1.7212452449285907,
2026-04-15,SPY,0.14434925955261851,699.94,,4.6651615591838524,1.125918851001003,,1.7433747984220243,
2026-04-16,SPY,0.30877804914522183,701.66,,4.72351840179236,2.412260351043091,,1.628277417292792,
2026-04-17,SPY,0.18700965218585558,710.14,87.76051155745586,4.986671514036411,1.2140208490413322,,1.6165612558931304,
2026-04-18,SPY,-0.01465710824734221,,87.76051155745586,3.9893372112291274,-0.6228957501531837,,1.1180947672365793,
2026-04-19,SPY,-0.0042363383658230586,,87.76051155745586,3.1914697689833016,-0.5137358807232008,,0.741231023886001,
2026-04-20,SPY,0.03506326409933196,708.72,87.76051155745586,3.882960027855443,-0.1401908154648222,,1.0126399302994922,
2026-04-21,SPY,0.03914424571173637,704.08,81.20136859867196,3.132445517137679,-0.09923385666516506,,0.6596620784142847,
2026-04-22,SPY,0.26608992257212527,711.21,82.92255765608589,2.8421448861180085,1.942809467513675,,0.5172220741019572,
2026-04-23,SPY,0.2807814160505931,708.45,79.87388099266771,2.2178809195866744,1.9130113880015094,,0.22723389490235088,
2026-04-24,SPY,0.10596628534910933,713.94,81.34322409399901,1.9384608802234293,0.3656925117874463,,0.09558387600173197,
2026-04-25,SPY,0.026208405645028694,,81.34322409399901,1.5507687041787417,-0.3415461970039185,,-0.08665264997619711,
2026-04-26,SPY,0.37095127201080325,,81.34322409399901,1.240614963342992,2.468955101541182,,-0.23223944034640157,
2026-04-27,SPY,0.024704289097823198,715.17,81.34322409399901,1.381708319058644,-0.3928759951965296,,-0.16104135770312203,
2026-04-28,SPY,-0.09668243998140097,711.69,76.57666208972842,0.7145288365286859,-1.3539972973282377,,-0.48305140851290546,
2026-04-29,SPY,0.413221658506648,711.58,76.45238970860983,0.11408144515929663,2.5528067402238874,,-0.7667819136612968,
2026-04-30,SPY,0.2664892182721255,718.66,78.83336685302349,0.04552586832106442,1.3843545167583413,,-0.7841929230323167,
2026-05-01,SPY,0.013985215553641323,720.65,79.46196314911752,-0.010992098500095082,-0.4945547526101067,,-0.7956915589624038,
2026-05-02,SPY,0.20566319380303222,,79.46196314911752,-0.008793678800076421,0.9297824236963149,,-0.7785562229304371,
2026-05-03,SPY,0.1467899916768074,,79.46196314911752,-0.007034943040062913,0.4775534989097414,,-0.7626087575819286,
2026-05-04,SPY,0.28817069702914294,718.01,79.46196314911752,-0.2263382881359881,1.4949550315861115,,-0.8570420213446579,
2026-05-05,SPY,-0.04171047614380304,723.77,81.59045165434964,-0.25289673098036225,-0.9599355785749493,,-0.8531142636781478,
2026-05-06,SPY,0.18779366733292666,733.83,84.11388495408508,0.2487140483448833,0.7509691579441835,0.6531813799179894,-0.5848692121448323,0.3208813135096205
2026-05-07,SPY,0.11765308498358532,731.58,81.42557853094297,0.2689134866417149,0.21873752289464293,-0.10049389524957424,-0.5659606469521065,-0.112441353502647
2026-05-08,SPY,0.16834928221883075,737.62,82.99661269297039,0.514750259752855,0.5968972333435637,0.34396215067895153,-0.4313581342659463,0.21254009826132703
2026-05-09,SPY,0.09837324280530835,,82.99661269297039,0.4118002078022833,0.058170314175864844,0.33584598392182335,-0.47957021090948554,-0.019849142425952704
2026-05-10,SPY,0.3289619175070431,,82.99661269297039,0.3294401662418256,1.7685860256413772,0.3282804588970383,-0.5166889472741808,0.6509118637434081
2026-05-11,SPY,0.22561393643029787,739.3,82.99661269297039,0.8506723005553578,0.9649132272722398,0.32120581438918805,-0.23359619978404608,0.41224817529043856
2026-05-12,SPY,0.3271160975968808,738.18,81.28192847896794,0.5337753366050144,1.6678105645346908,-0.21085883840631256,-0.40122130087994684,0.4835001840279985
2026-05-13,SPY,-0.14141773154599221,742.31,82.45492642861312,0.4265322887745313,-1.7455177168779905,0.16019999782157995,-0.4546312764339516,-0.7865364703349078
2026-05-14,SPY,0.4423529353955202,748.17,83.98816425340956,0.5657505167147114,2.3418890352280894,0.6420163421172185,-0.37357129035456293,1.0172891296200324
2026-05-15,SPY,-0.08324632323894256,739.17,73.38167772620702,-0.09747209619419195,-1.2728162784239736,-2.462348287953578,-0.732542716731307,-1.4675938127750547
2026-05-16,SPY,0.2831667966986505,,73.38167772620702,-0.07797767695535285,1.224255480531704,-2.2027996014149944,-0.7115519099862107,-0.38460326120767985
2026-05-17,SPY,-0.3082415289121625,,73.38167772620702,-0.06238214156428157,-2.619600306652216,-2.0114409858158755,-0.6933146452669668,-1.8592668119857392
2026-05-18,SPY,-0.1368039614668861,738.65,73.38167772620702,-0.6460276566814152,-1.4684064761958502,-1.86283928810875,-1.00471892222454,-1.4476300535783273
2026-05-19,SPY,-0.08904229823667555,733.73,67.14664022957552,-1.464059125395833,-1.1394963301030254,-2.8687702815905465,-1.4271657304589744,-1.7445793356560666
2026-05-20,SPY,-0.027502818653124737,,67.14664022957552,-1.1712473003166686,-0.7374993726378449,-2.5294381915588104,-1.235378356064044,-1.4244447133419942
2026-05-21,SPY,0.15942374499571466,,67.14664022957552,-0.936997840253337,0.4533904057168495,-2.2879518265853407,-1.0843402043093715,-0.8303314469816738
2026-05-22,SPY,0.3609926795002738,,67.14664022957552,-0.7495982722026717,1.6936012094147233,-2.104831885823103,-0.964283082702441,-0.24329400679177382
2026-05-23,SPY,,,67.14664022957552,-0.5996786177621392,,-1.959813392961093,-0.8718483805517254,
2026-03-24,SUI,0.7261550901865587,0.952319358390711,,0.0,,,,
2026-03-25,SUI,0.15367700923773392,0.9679955070152094,,0.0010004151828738373,,,,
2026-03-26,SUI,0.1611797957369631,0.9256537985115009,,-0.0011294164460776202,,,,
2026-03-27,SUI,0.035626045228256326,0.8798500735277702,,-0.005327940475668807,,,,
2026-03-28,SUI,0.052291591488903326,0.858834628764961,,-0.009008913669553692,,,,
2026-03-29,SUI,0.23529923775628003,0.8460902612247656,,-0.01162415936672891,,,,
2026-03-30,SUI,0.3058173351495682,0.8630440080081363,,-0.01151257412816237,,,,
2026-03-31,SUI,0.2939686606026875,0.8777226959870066,,-0.009816663021916795,,,,
2026-04-01,SUI,0.41529609021878544,0.8820744131199931,,-0.007853298610815908,,,,
2026-04-02,SUI,0.17192381983141727,0.8611246508020334,,-0.007422004509996194,,,,
2026-04-03,SUI,0.6057465958942349,0.8737303766697422,,-0.005815242434105004,,,,
2026-04-04,SUI,0.4355315046048568,0.8718276010358914,,-0.004468593484619435,,,,
2026-04-05,SUI,0.3539505955250313,0.8703006175083966,,-0.0033214049639363474,,,,
2026-04-06,SUI,-0.3235529296178138,0.8711891405424167,,-0.0021976497542732336,,,,
2026-04-07,SUI,-0.1629130442934266,0.9598585285897703,73.99272589702747,0.004459487426386702,,,,
2026-04-08,SUI,0.280198113432621,0.9136221738787567,62.65060610007762,0.00561632968330469,,,,
2026-04-09,SUI,0.37756953473338584,0.9306124591226256,64.78666919307307,0.007287225759288838,,,,
2026-04-10,SUI,0.00926054279969384,0.9445933353680089,66.48524513910391,0.008984067163543477,,,,
2026-04-11,SUI,-0.11549505045939296,0.9415106120322161,65.7323373667697,0.009498783798658636,,,,
2026-04-12,SUI,0.05619629467661804,0.9011720662985073,56.68618126381673,0.006846356034773649,-0.5757685833684848,,1.2408160928957153,
2026-04-13,SUI,0.0550959422953408,0.9601654566053828,64.40194723278236,0.008671396036007613,-0.5620817778133335,,1.3919366398600657,
2026-04-14,SUI,0.3171907815052031,0.9331925725812407,59.208614117939305,0.007701223816329407,0.4679352422571604,,1.1850764147555557,
2026-04-15,SUI,0.05116174884096488,0.959207133990652,62.36113188614734,0.008393907092092584,-0.5932113340731151,,1.20947970375065,
2026-04-16,SUI,0.30309874295029593,1.0009960779633278,66.7998602250874,0.01108007720679169,0.4330910056883021,,1.4666181867724217,
2026-04-17,SUI,0.4169516561391327,0.9975056427316338,66.09869915633666,0.01196003483861945,0.8775915480227579,,1.4771359041008763,
2026-04-18,SUI,-0.04203766842776777,0.9570636800991169,58.444134505952626,0.009276345153334233,-1.0123610504010356,,1.0832826296544744,
2026-04-19,SUI,0.047482450672680955,0.9230292528422315,52.89282718620348,0.004887485088379091,-0.619846829644993,,0.5091446968736598,
2026-04-20,SUI,0.11356998175305383,0.9446235643266165,55.76385382257172,0.0031988851413770596,-0.3321642480060292,,0.28426565180874114,
2026-04-21,SUI,-0.0729246539587361,0.9496648663020898,56.431446186224115,0.0022276098207619985,-1.0946212838640574,,0.1531773030323179,
2026-04-22,SUI,-0.14857394032042281,0.9448852699926962,55.57510359520545,0.0011250315778300098,-1.3510624274875653,,0.004721088488483987,
2026-04-23,SUI,0.32703422872003324,0.9458174461484506,55.71624753473005,0.0003599019808163944,0.6489393794928696,,-0.09847902798373746,
2026-04-24,SUI,0.16812602457283365,0.9463238011014274,55.79839904780571,-0.0001816071883903765,-0.030423911278226648,,-0.1711640355814277,
2026-04-25,SUI,0.19993147574522263,0.9387642410668502,54.18234785663798,-0.0010689025317840804,0.10627720899724798,,-0.2919333179540351,
2026-04-26,SUI,0.06508072178405419,0.945835107292958,55.48113576062064,-0.0011903005923797972,-0.4806654149297262,-0.8815448714744771,-0.3044779216111451,-0.5480730038975772
2026-04-27,SUI,0.21521735654522073,0.9354943745538964,53.11005925742721,-0.0019337398205405767,0.1876676652196427,-1.219774583354234,-0.40593527918716943,-0.4126458926745639
2026-04-28,SUI,0.10939218298666374,0.9236552931249838,50.45162014260933,-0.003119303817540159,-0.287894484912333,-1.5443272136125141,-0.5700681225476885,-0.749476394812994
2026-04-29,SUI,0.20383071027550123,0.9068732669951384,46.870180572387255,-0.00482817148931631,0.14410163005718,-1.908268853800778,-0.8059433647773161,-0.7566230135505561
2026-04-30,SUI,0.1615168993050172,0.9078173056157145,47.097683636784545,-0.005633213678725874,-0.05235615879644505,-1.7092142643658819,-0.9039719365720083,-0.804898323799945
2026-05-01,SUI,0.1880936021581685,0.9188655045089632,49.80651913025253,-0.005171890787062279,0.07224566401209227,-1.238840654133039,-0.8168780709938477,-0.587817351933229
2026-05-02,SUI,0.17152200886506885,0.9275564068080667,51.893275729596176,-0.004079667480725583,-0.006983073066530991,-0.9005212629670052,-0.6409886624481069,-0.46524620685114604
2026-05-03,SUI,0.5419910756714612,0.9201377911315353,49.98302783150797,-0.0036680375825886044,1.7011272992437456,-1.1297782821406537,-0.5692609564877464,0.17073914810897825
2026-05-04,SUI,0.012523179872085649,0.9288598346718469,52.21039662801861,-0.002666149403558118,-0.7851299646858113,-0.7816401450391834,-0.41029095499137014,-0.6716313158834906
2026-05-05,SUI,0.014560826661327264,0.9664048489095447,60.38790897176662,0.0004986719448363865,-0.7611724485435991,0.4110255341122998,0.07786286125346473,-0.15780246080771032
2026-05-06,SUI,0.2858489427393055,0.9924531710468227,64.87822037071538,0.004118444130394175,0.5252429657696425,1.0421689936658183,0.6337258847309646,0.7128656498268919
2026-05-07,SUI,0.17514731879893977,0.9682362138656275,58.26543827192559,0.004616416782970652,-0.007237846012543367,0.05751586894737635,0.7003466996286762,0.2244636321677984
2026-05-08,SUI,0.027297725089856718,1.0212986322085364,66.35699694347011,0.008052868877855529,-0.7147823063426304,1.2300074035625488,1.2106878681238145,0.44629565896885676
2026-05-09,SUI,0.327793721899791,1.070364359011278,71.80128955445835,0.012877544827896891,0.7429654622123404,1.8954321227588922,1.8724666471711802,1.4275558158639576
2026-05-10,SUI,0.30417939523766774,1.3322594477393728,85.39085070796827,0.03187233725064283,0.6178658216106782,3.146845761593522,3.8788756389054857,2.3548627487939733
2026-05-11,SUI,0.23112458063008093,1.2912676661199909,78.9754687276782,0.03935076978117357,0.25357873651584245,2.1659678398874105,3.9205739926415797,1.9273940443650341
2026-05-12,SUI,0.31193144898670067,1.238040936580959,71.46726554882258,0.03834844509211956,0.6481123434021204,1.2642213022821178,3.3168076727595848,1.6335536298733588
2026-05-13,SUI,0.29111841484891354,1.2079849659527042,67.56130805761994,0.033474389432973616,0.5366447880557869,0.8061322553707355,2.6274263567133596,1.2447254988475431
2026-05-14,SUI,0.2518559930966818,1.1881562212941899,65.03594989837464,0.027005496625348582,0.3342621603951236,0.5119879261052066,1.9627339227130196,0.8761214188035172
2026-05-15,SUI,0.03726368546257051,1.0989941909389103,55.06823707177275,0.015389861533071432,-0.7506683507150012,-0.6154862663784488,0.960619332436133,-0.1967274204686953
2026-05-16,SUI,0.049605989404345165,1.06086430994043,51.43752134782929,0.004378934815267674,-0.6780685231152599,-1.007222504559701,0.02685453034001792,-0.5653378015120089
2026-05-17,SUI,0.32409701984132927,1.0434671952840844,49.82345503838973,-0.004362625201101769,0.7268650490904173,-1.1582900237231983,-0.7114645745886686,-0.2701803598573932
2026-05-18,SUI,0.18827232472786223,1.063821345664293,51.73182535030602,-0.008804402267053937,0.0233435975467639,-0.918872012121964,-1.0721570104426001,-0.5879712677506637
2026-05-19,SUI,-0.0021440038023555485,1.0511224161929003,50.44280451168666,-0.012407616711231216,-0.9553029448706339,-1.0405809991822907,-1.3467620284200381,-1.0983240862289523
2026-05-20,SUI,0.16605615936019769,1.0787734347308766,53.17855005134584,-0.012693031009134229,-0.07510647127926619,-0.7146082053005061,-1.3375293226286111,-0.6456838468904416
2026-05-21,SUI,0.0977772329842519,1.1236585109748427,57.299327938633,-0.009755183276600667,-0.43096042302946863,-0.23698039358064937,-1.0691245765419901,-0.5642156602485793
2026-05-22,SUI,0.11167132469194054,1.0479,49.39709381290405,-0.012628022035983594,-0.35382379056426655,-1.128463200627711,-1.282337894787851,-0.8647698448503752
2026-05-23,SUI,-0.04860520362854004,,49.39709381290405,-0.01010241762878688,-1.2221972530127179,-1.1015079364264224,-1.0466178492707991,-1.1333166369142536
2026-03-24,TLT,0.2657639518544906,86.01,,0.0,,,,
2026-03-25,TLT,0.45783816311194503,86.84,,0.052968660968645054,,,,
2026-03-26,TLT,-0.024870838975124057,86.11,,0.03668406587607933,,,,
2026-03-27,TLT,-0.3347317709661688,85.64,,-0.005644480887333429,,,,
2026-03-28,TLT,0.13052280523033946,,,-0.004515584709866745,,,,
2026-03-29,TLT,0.41502309011761096,,,-0.003612467767893396,,,,
2026-03-30,TLT,-0.2886261290575306,86.78,,0.06378299715484051,,,,
2026-03-31,TLT,0.24245223107409422,86.69,,0.07620358530538898,,,,
2026-04-01,TLT,0.5264800160469282,86.26,,0.052060251979898026,,,,
2026-04-02,TLT,0.14033208834489602,86.79,,0.0674112958819611,,,,
2026-04-03,TLT,0.3231809305926164,,,0.05392903670556888,,,,
2026-04-04,TLT,0.09222012292593718,,,0.043143229364455096,,,,
2026-04-05,TLT,0.2044762570982527,,,0.03451458349156407,,,,
2026-04-06,TLT,0.22735063219264462,86.65,,0.049419922416978984,,,,
2026-04-07,TLT,0.023007493466621426,86.64,,0.04280611196706327,,,,
2026-04-08,TLT,0.016783336074869818,86.92,,0.053011263746619935,,,,
2026-04-09,TLT,0.10046245461519468,86.7,,0.04119358899268458,,,,
2026-04-10,TLT,-0.19449218696169557,86.49,,0.01673622337524483,,,,
2026-04-11,TLT,0.047326197828565335,,,0.013388978700195842,,,,
2026-04-12,TLT,0.1042642037825659,,,0.010711182960156662,-0.0856061874275041,,-0.9330900943329061,
2026-04-13,TLT,0.2408243492993371,86.75,,0.015265724834175848,0.4996215668943585,,-0.7283485486289436,
2026-04-14,TLT,-0.4355669240063677,87.21,,0.04062045960143601,-2.166441751925967,,0.26256527224401,
2026-04-15,TLT,0.12727840057710807,86.83,,0.028422631362577555,0.09297556997375134,,-0.2231509506458521,
2026-04-16,TLT,0.28319197398955004,86.28,,-0.017586769317423784,0.7109535950609399,,-1.8963820215904625,
2026-04-17,TLT,0.28564131399600634,87.07,75.67166296828023,0.003179033566455186,0.699623960150565,,-1.0501525955341442,
2026-04-18,TLT,0.14470242945411138,,75.67166296828023,0.0025432268531641322,0.10571543316449425,,-1.0309363327651215,
2026-04-19,TLT,0.2690021462142468,,75.67166296828023,0.0020345814825313002,0.6220234148254028,,-1.0102823666026701,
2026-04-20,TLT,-0.012862963630631568,87.05,75.67166296828023,0.020644759622198944,-0.5858584037752301,,-0.2933656150110994,
2026-04-21,TLT,0.35831080965325235,86.57,69.86366666615034,-0.009508796876686099,1.0064984830316048,,-1.3888439128492645,
2026-04-22,TLT,0.19584241644642314,86.74,70.5658309984499,-0.018838330792765368,0.2887991889400419,,-1.6328525696308496,
2026-04-23,TLT,0.26951292972031515,86.55,68.6408762013034,-0.03755812380597168,0.6035871743418489,,-2.105852452181016,
2026-04-24,TLT,0.15835429827452382,86.71,69.39793204423381,-0.03876044192140232,0.10133225608636938,,-1.9729127824662498,
2026-04-25,TLT,,,69.39793204423381,-0.031008353537121863,,,-1.6200643694581187,
2026-04-26,TLT,0.3261148982167244,,69.39793204423381,-0.0248066828296975,0.8465008268483943,,-1.3607900083274849,
2026-04-27,TLT,0.5042075957320444,86.28,69.39793204423381,-0.06946792667379706,1.576327009238674,,-2.46275436591554,
2026-04-28,TLT,0.10490909172222018,86.37,69.9468597042654,-0.0760353610248347,-0.2108159177411135,,-2.386970039397567,
2026-04-29,TLT,0.1737003400877687,85.7,62.60975243645203,-0.12002524870354044,0.10063911177199188,,-3.021281461542893,
2026-04-30,TLT,0.14653119488436728,85.62,61.77649390073894,-0.14723879905982284,-0.024381886716699948,,-3.091943416236949,
2026-05-01,TLT,0.09780533132638564,85.61,61.66601524864019,-0.1577078634425123,-0.2489050891802937,,-2.8750242001499364,
2026-05-02,TLT,-0.15521789266467093,,61.66601524864019,-0.12616629075400987,-1.3919947846683849,,-2.1361700753155115,
2026-05-03,TLT,0.5766415112546955,,61.66601524864019,-0.10093303260320788,1.9068339373487073,,-1.6248285911397005,
2026-05-04,TLT,,84.96,61.66601524864019,-0.18837737783302322,,,-2.7519356655611458,
2026-05-05,TLT,0.04482109762196029,85.43,65.55968261271508,-0.16799803484281214,-0.48156934876879876,,-2.2574868508877532,
2026-05-06,TLT,0.29734792907599894,86.08,69.33938411353115,-0.10373959907102664,0.655706849294147,0.21164444359918752,-1.285473118513532,-0.05986586275664452
2026-05-07,TLT,0.3499989801061206,85.65,64.31114005826551,-0.08403376480068236,0.8782464218654386,-0.7473802901356263,-0.9802004966634373,-0.16697566729354368
2026-05-08,TLT,0.01604721701499076,86.08,66.89635616516055,-0.038210929587446596,-0.6447147606231627,-0.22850101742500414,-0.31773483571373107,-0.42175666019088565
2026-05-09,TLT,0.05985151543825864,,66.89635616516055,-0.030568743669957266,-0.43639948823227576,-0.2234440864986337,-0.20451272204582563,-0.3029468378562481
2026-05-10,TLT,0.7807180447757245,,66.89635616516055,-0.024454994935965813,2.6542825005211985,-0.2187088137044855,-0.11361002198933488,0.9620173495003334
2026-05-11,TLT,-0.011928370192646975,85.56,66.89635616516055,-0.03612910302283634,-0.7608723412853443,-0.21426247237661328,-0.2836159000386204,-0.4537124482387078
2026-05-12,TLT,0.22677062421619895,84.99,59.244647415363666,-0.06803235588758338,0.2731227413204013,-1.719879982059672,-0.7494255671028277,-0.6315425682205893
2026-05-13,TLT,0.12002628687012808,84.8,57.32652389472481,-0.09451296281692007,-0.19323257830450233,-1.9197930957777285,-1.121942234536665,-0.9898136304161189
2026-05-14,TLT,-0.006746930438733341,84.92,58.24599465418823,-0.09620771321193522,-0.7434258532986311,-1.6216793892952865,-1.1220958529780403,-1.1205029140014504
2026-05-15,TLT,-0.04837182232389848,83.66,46.83498084757115,-0.17012742652607055,-0.9119681617841129,-3.018828526078028,-2.1084743989296837,-1.9029781422159586
2026-05-16,TLT,-0.23564211133588106,,46.83498084757115,-0.13610194122085645,-1.680984699099607,-2.590203847341615,-1.5646425843524165,-1.918847809148052
2026-05-17,TLT,-0.19953535269557615,,46.83498084757115,-0.10888155297668517,-1.4762828975598428,-2.3045408989456053,-1.152344863078178,-1.627578887631072
2026-05-18,TLT,0.24557233117352137,83.56,46.83498084757115,-0.2063053795189731,0.4426586429683212,-2.096744737479774,-2.3758605450567347,-1.164718127573624
2026-05-19,TLT,-0.20873497389241605,83.02,42.08248751490639,-0.24457079207725763,-1.4900394038245117,-2.375413891423909,-2.6755710989008556,-2.111311258627234
2026-05-20,TLT,-0.033218588722508186,83.91,49.49503873400741,-0.1944531132288283,-0.7247319223659411,-1.4838711523711345,-1.9501226427903897,-1.3200909074948335
2026-05-21,TLT,0.030025635134056206,84.22,51.80861380236403,-0.12813692352784467,-0.4466891063841059,-1.1908310232744577,-1.1058938655917387,-0.8676931092135013
2026-05-22,TLT,0.4100985710312333,84.675,55.06243354121412,-0.04559861406648669,1.1824312178582572,-0.8227922381098103,-0.08338873850834372,0.20111819415785673
2026-05-23,TLT,,,55.06243354121412,-0.03647889125318937,,-0.8043767706581026,0.03814204510329106,
2026-03-24,TRX,0.08348562881012205,0.3058949986893695,,0.0,,,,
2026-03-25,TRX,0.13701496947701292,0.3144100446545677,,0.0005434103407989888,,,,
2026-03-26,TRX,0.4988691463245234,0.3112752929720156,,0.000654231875680118,,,,
2026-03-27,TRX,0.19138301184491635,0.31101959671612256,,0.0006703491442160877,,,,
2026-03-28,TRX,0.17453887349300787,0.3164763552768101,,0.0009892903792451252,,,,
2026-03-29,TRX,0.08307425453019544,0.32157854680756254,,0.0014564339508268296,,,,
2026-03-30,TRX,0.1945714967137372,0.3196427150404153,,0.0015395097255164545,,,,
2026-03-31,TRX,-0.15482747567564115,0.3131259012344579,,0.0010816478505755016,,,,
2026-04-01,TRX,0.06205692133166594,0.3155161888219321,,0.000874703720684731,,,,
2026-04-02,TRX,0.05054437363158601,0.31522490336317405,,0.0006627529716739904,,,,
2026-04-03,TRX,0.1503998323123683,0.31514499719716027,,0.00047075416384701743,,,,
2026-04-04,TRX,0.16528898091198582,0.3175057465023289,,0.0004560097273815411,,,,
2026-04-05,TRX,0.1808672369722836,0.31875887021725574,,0.00048141240865728083,,,,
2026-04-06,TRX,0.20765943822018074,0.3165102816270104,,0.00030607854008909844,,,,
2026-04-07,TRX,0.12503949258391436,0.31541013468391244,84.92693464156295,8.671143015355053e-05,,,,
2026-04-08,TRX,0.19183414422515613,0.31793623692629436,85.53233744346011,8.246584253313776e-05,,,,
2026-04-09,TRX,0.006199042023074908,0.3203762488838008,86.11255505660226,0.0002075947810275705,,,,
2026-04-10,TRX,0.09217911022952092,0.3192499314373462,84.42934051504092,0.00017918573890495426,,,,
2026-04-11,TRX,0.0038144692477583785,0.3188848840829736,83.85722128724893,0.00010420539225472307,,,,
2026-04-12,TRX,-0.1708655565938741,0.3213326713646684,84.6102869092644,0.00018323667784494319,-2.026749936192036,,-0.8209897171362,
2026-04-13,TRX,-0.2998737362074577,0.3205452586701681,83.26464780353622,0.00014777598232120197,-2.4028238840142424,,-0.8621240398262523,
2026-04-14,TRX,0.18146513027370842,0.32372880441880925,84.34846429438673,0.00029549331897144255,0.518648417006974,,-0.5158360027074781,
2026-04-15,TRX,0.15049633761363557,0.3271810136387854,85.44895358484467,0.0005667514966093204,0.31872879558729206,,0.10106050321646536,
2026-04-16,TRX,0.07826584902425607,0.3271300583985741,85.35355829676912,0.0006763673649686826,-0.13638035996570777,,0.34890475568639345,
2026-04-17,TRX,-0.039834135234305124,0.32787310802038533,85.60591673631954,0.0007280526777674588,-0.86960422454219,,0.46071211270102286,
2026-04-18,TRX,0.18620011255207355,0.3296021799058986,86.20170382032373,0.0008019850691585828,0.5864205092718656,,0.6227188242811629,
2026-04-19,TRX,0.20210252667177647,0.3290700742769867,85.03522879397758,0.0007398548876444166,0.6727366335425464,,0.46001672435321606,
2026-04-20,TRX,0.21673956792693935,0.3290394914812917,84.96406503311549,0.0006260200248044759,0.7487531706844682,,0.1734988747737331,
2026-04-21,TRX,0.2597477515234781,0.33297124293403063,86.52531416917567,0.0007371851697413334,1.0012528083663559,,0.4460309698402621,
2026-04-22,TRX,0.2277779451675384,0.329718651500295,79.19893710047542,0.0005233803267899574,0.7656878231356914,,-0.10219470103469662,
2026-04-23,TRX,-0.08671512516671387,0.3289734239893194,77.57813692104742,0.0002759198125659255,-1.29989928280005,,-0.7312256422316339,
2026-04-24,TRX,-0.06082960341826435,0.3234391183188593,66.6667846040703,-0.00028591979237261797,-1.08786915803844,,-2.024990957345246,
2026-04-25,TRX,0.008655878439582897,0.3239950044957524,67.16631993591724,-0.000626040075407128,-0.612825873126481,,-2.5229258569725923,
2026-04-26,TRX,0.2310261574836034,0.3234507933390305,66.12160302236182,-0.0008781400854670791,0.8577085859152539,-2.27399442208247,-2.6831370366419613,-1.1440560032512277
2026-04-27,TRX,0.14585895881379168,0.32538937480277946,68.0292632064188,-0.0009014077108933775,0.27936617988768553,-1.7795775821342361,-2.437782074222307,-1.1534614249518886
2026-04-28,TRX,0.24538475371524687,0.3231599594578184,63.59431960356609,-0.0010439652321006954,0.9342313334952503,-2.07094112028065,-2.4243565802444116,-0.9748967767594182
2026-04-29,TRX,0.31757607473445437,0.32306487619975505,63.404469883167685,-0.0011152307525941112,1.3710654659119226,-1.872136506331842,-2.312840848752957,-0.7070670201606706
2026-04-30,TRX,0.0926964591247746,0.3265594331061735,67.27160296215237,-0.0009064516861342058,-0.14540089844796047,-1.3355273015253408,-1.8578256454443522,-1.016166243470092
2026-05-01,TRX,0.08256637353417887,0.326855590886986,67.58423470209311,-0.0007351390149957326,-0.2118973783239432,-1.2319771046734784,-1.523796526040007,-0.911491040543623
2026-05-02,TRX,0.057718025262103914,0.3299187400949264,70.70156255504745,-0.00041803158870053723,-0.3786948261663526,-0.8510494823839525,-1.017657125258641,-0.712089912759319
2026-05-03,TRX,0.2555783629635748,0.33853122720663553,77.30890447057087,0.0003289324296347055,0.983478376493482,-0.10055779607767698,0.10884445416089648,0.3958773480223587
2026-05-04,TRX,,0.34097825369732154,78.77361918007821,0.0009119501472769952,,0.06745442480895235,0.9766819438010337,
2026-05-05,TRX,0.02674238666063626,0.3448153349612197,80.85996941790015,0.0014482782770135296,-0.6103233050440426,0.3072603891895068,1.7117758135012313,0.3615815387896044
2026-05-06,TRX,0.3965360910124734,0.346209489562227,81.56882680085032,0.0017680242791239765,1.890511327747565,0.3847050823745764,2.0528790664326872,1.487479775741205
2026-05-07,TRX,0.13354871259418627,0.34896191989668046,82.91419675106587,0.0020179114849076165,0.0932226059074756,0.5368170987071589,2.2408283840712073,0.8705826871965001
2026-05-08,TRX,0.11532744356947677,0.35037268866095694,83.5759457559655,0.0021206921147988982,-0.03233278942491308,0.6050208822040969,2.2195722746943933,0.8344448312995818
2026-05-09,TRX,0.6446857722657577,0.3501651049623817,83.06614083457718,0.002017768302678767,3.183664017868029,0.5312650987830617,1.9729930756995444,2.0247430594919935
2026-05-10,TRX,0.3944154741299688,0.3506223150621846,83.30765758785861,0.0018291350527866066,1.569616305269328,0.5509051703419372,1.6661204628322275,1.2929542120599806
2026-05-11,TRX,0.19973762672718148,0.35111858716505223,83.58138393159946,0.00159499313142605,0.378234923922522,0.5745824497018562,1.3384656287306478,0.72520839309876
2026-05-12,TRX,0.1662272475797419,0.34908339314084114,77.93703528084589,0.001179413796613257,0.17026839685075226,-0.1469941334052502,0.818623711551668,0.26959623218422624
2026-05-13,TRX,-0.3114393712233397,0.3494790647226824,78.24463390883898,0.0008243424029382648,-2.573241707213072,-0.10556279114751314,0.38070331504987565,-0.94675452571452
2026-05-14,TRX,0.09503776676892821,0.3537039919790509,81.250557532251,0.0007683049519441034,-0.20084914222950256,0.2867284424666417,0.3084279180048383,0.09820725124964297
2026-05-15,TRX,0.2401674018254217,0.3519863500013547,76.61579033506598,0.0005216417507604588,0.6448189094425315,-0.3274944847054234,0.001827630217374942,0.16022750743059805
2026-05-16,TRX,0.18281058814192655,0.35504262806491016,78.91997651520543,0.00047190001220788307,0.30204189859093844,-0.01594543786237907,-0.0600455280108569,0.09801946967440459
2026-05-17,TRX,0.15609290607851,0.35511270479677903,78.97114189715626,0.0003565444272982535,0.14109089541287906,-0.008834442244579818,-0.20427419936714356,-0.00749623431836538
2026-05-18,TRX,0.14096362006866062,0.3554421080336583,79.22638610272921,0.00022184745986487692,0.0494057785469405,0.02624063379417329,-0.3726771050774888,-0.08416862996621846
2026-05-19,TRX,0.3129331031891035,0.3559734344290787,79.6553382897754,9.446935519213679e-05,1.0748479070953199,0.08545167528572208,-0.5307986358265113,0.29633507467589115
2026-05-20,TRX,0.06491408175175033,0.35893541561223685,81.8992188477308,0.0001332593379681033,-0.4279186725297448,0.39891171229769085,-0.47544441294882767,-0.194127279207239
2026-05-21,TRX,0.26670948390923,0.3650612784676418,85.4688207258987,0.00047577463568307474,0.7960287792397441,0.8926497535040678,-0.027970794776982336,0.5778151993140233
2026-05-22,TRX,0.11525047793085105,0.361808,76.80605489802824,0.0003910645842921442,-0.132970505583134,-0.3484641174066242,-0.13837504124405198,-0.19923994982845647
2026-05-23,TRX,,,76.80605489802824,0.0003128516674337145,,-0.3443641817735239,-0.24998486826581903,
2026-03-24,TSLA,0.12518318235318784,383.03,,0.0,,,,
2026-03-25,TSLA,0.16230244298777233,385.95,,0.18634757834756782,,,,
2026-03-26,TSLA,0.04799696420217636,372.11,,-0.5902832087401839,,,,
2026-03-27,TSLA,-0.0226532091618384,361.83,,-1.7012416520854075,,,,
2026-03-28,TSLA,0.03732850276050339,,,-1.3609933216683259,,,,
2026-03-29,TSLA,0.25197949731380387,,,-1.0887946573346607,,,,
2026-03-30,TSLA,0.07735028528148334,355.28,,-2.9112647138330665,,,,
2026-03-31,TSLA,0.12092952138856998,371.75,,-2.1851312340746887,,,,
2026-04-01,TSLA,0.04532131652581254,381.26,,-0.9865532590851784,,,,
2026-04-02,TSLA,-0.06441477255174045,360.59,,-1.4784562048412409,,,,
2026-04-03,TSLA,0.11935797140147891,,,-1.1827649638729927,,,,
2026-04-04,TSLA,0.033690910845911436,,,-0.9462119710983941,,,,
2026-04-05,TSLA,0.04540727035181474,,,-0.7569695768787152,,,,
2026-04-06,TSLA,-0.06509256523378136,352.82,,-2.478737354632777,,,,
2026-04-07,TSLA,0.09363242916513798,346.65,,-2.9414568054856947,,,,
2026-04-08,TSLA,0.039564800946378965,343.25,,-3.2477173892193107,,,,
2026-04-09,TSLA,0.03007448392869567,345.62,,-3.0642277751798757,,,,
2026-04-10,TSLA,0.10129630337157841,348.95,,-2.5151421017903557,,,,
2026-04-11,TSLA,0.23060966666959826,,,-2.012113681432284,,,,
2026-04-12,TSLA,0.32220044488836114,,,-1.609690945145827,2.3767231169716028,,0.033645877959126894,
2026-04-13,TSLA,0.1311094737629064,352.42,,-1.0886428282674938,0.4365105942269472,,0.5344444844692946,
2026-04-14,TSLA,0.14543066561615586,364.2,,0.19226304045178289,0.5666219827310525,,1.6618574947344833,
2026-04-15,TSLA,0.16467782027183178,391.95,,2.8329350563908458,0.7420850662935516,,3.062980262447192,
2026-04-16,TSLA,0.07057773800140983,388.9,,4.215412882158893,-0.24739570524286647,,3.0423134445588587,
2026-04-17,TSLA,0.06311196117980461,400.62,72.49134105948049,5.669786308674889,-0.3209256008592726,,2.9782697976180956,
2026-04-18,TSLA,0.049498744851449596,,72.49134105948049,4.535829046939912,-0.45990452554666145,,2.1655813787105282,
2026-04-19,TSLA,0.15087159342045406,,72.49134105948049,3.6286632375519297,0.6556839379611609,,1.654897205255385,
2026-04-20,TSLA,0.13048368911717168,392.5,72.49134105948049,4.787816462659177,0.4164588964893459,,1.9303131197106476,
2026-04-21,TSLA,0.08097332048782428,386.42,67.48283595228955,4.316985640608798,-0.1493320021949986,,1.6346295006804592,
2026-04-22,TSLA,0.07007804888072737,387.51,67.8324979955152,3.8737519280003365,-0.2718099901707511,,1.396568277783714,
2026-04-23,TSLA,0.08122150878553254,373.72,59.164488214035494,2.512614690738887,-0.13721831863667996,,0.8792798624661776,
2026-04-24,TSLA,0.047328704794563435,376.3,60.189478091351994,1.6864747696865048,-0.5356229151752855,,0.5682483409148666,
2026-04-25,TSLA,0.1882606475156514,,60.189478091351994,1.3491798157492036,1.1437609376360582,,0.43685153419928874,
2026-04-26,TSLA,0.07699486329694603,,60.189478091351994,1.0793438525993628,-0.20482297018438275,,0.331396679716202,
2026-04-27,TSLA,0.2888900914759747,378.67,60.189478091351994,0.728040444068561,2.194132108344174,,0.1964521433505073,
2026-04-28,TSLA,0.14980248952774217,376.02,58.17221709686079,0.2885850946716966,0.5746573834421985,,0.028493036195613032,
2026-04-29,TSLA,0.036479449925529546,372.8,56.16495905404053,-0.22511362775836052,-0.733132596315358,,-0.16792086715740107,
2026-04-30,TSLA,0.2292989140729793,381.63,60.21870072243131,0.011098206300426128,1.4672948120698937,,-0.07430370752494005,
2026-05-01,TSLA,0.17236648845070512,390.82,63.95482475059327,0.7279058982390962,0.7925740406402076,,0.2079138356741209,
2026-05-02,TSLA,0.17991289246930475,,63.95482475059327,0.582324718591277,0.8608754883048421,,0.14741993748061205,
2026-05-03,TSLA,0.2705767980497174,,63.95482475059327,0.46585977487302177,1.8122835657326741,,0.09871506233213559,
2026-05-04,TSLA,0.1703826129185781,392.51,63.95482475059327,1.373516249485872,0.6697353407675901,,0.4667412588796905,
2026-05-05,TSLA,0.21118849701196343,389.37,61.308659205383954,1.3057723290507948,1.1036774035187225,,0.43249946292427477,
2026-05-06,TSLA,0.13225410452458303,398.73,65.08748822407873,1.764891778757372,0.2070791010434344,0.18999586759113055,0.6160265059735678,0.32463835248678324
2026-05-07,TSLA,0.06398329819293977,411.79,69.5554103796814,2.762273992377275,-0.566628426605193,0.9974239047506666,1.0152916034955244,0.37716328183178005
2026-05-08,TSLA,0.03795527600858304,428.35,74.08427824618445,4.261810496984106,-0.8507786245944169,1.690626639628796,1.5858735671998392,0.6426386122108236
2026-05-09,TSLA,0.24893653589768128,,74.08427824618445,3.409448397587285,1.5338427843805993,1.5569293271454867,1.1986418925980968,1.4402084796753147
2026-05-10,TSLA,0.04991949360255538,,74.08427824618445,2.7275587180698277,-0.7227268682231395,1.4509104017288783,0.898929169330448,0.41586112402854203
2026-05-11,TSLA,0.1547557871063278,445.0,74.08427824618445,6.15485433365394,0.4722293164309471,1.3641611519394754,2.1783324176935905,1.2516397974622984
2026-05-12,TSLA,0.1275495294037028,433.45,65.01168696470957,5.8397986606189605,0.15644053666497032,-0.14790455736836342,1.950682011115883,0.603409450790244
2026-05-13,TSLA,0.13151393077143955,445.27,68.4785250873445,6.0018606197977125,0.20064707670290138,0.4330726271695861,1.9174748854979693,0.7854230844814272
2026-05-14,TSLA,0.1248064110062137,443.3,67.28194294414749,5.560750073399017,0.12047054497036211,0.22185344115702677,1.6857010068142693,0.6204545523795337
2026-05-15,TSLA,0.08514180831524565,422.24,56.013635133272366,3.5337531531199335,-0.3476354486891469,-1.6449598177582836,0.9247295108353554,-0.35512327155253726
2026-05-16,TSLA,0.31327888147484984,,56.013635133272366,2.8270025224959454,2.2492632281068072,-1.5476008682899787,0.6560645002154155,0.632244380820354
2026-05-17,TSLA,0.11918273573056298,,56.013635133272366,2.261602017996756,0.015667580903023923,-1.4658295521180507,0.44222759828765235,-0.30081355378790997
2026-05-18,TSLA,0.05335827034064608,409.99,56.013635133272366,-0.30026842984945645,-0.7385306208222043,-1.3958817514723336,-0.5062371057225278,-0.8660479054873401
2026-05-19,TSLA,0.12159627474011599,404.11,52.699111188557495,-1.9824964417021125,0.05681060928065252,-1.7946332312632396,-1.1144277727942034,-0.8499940575049718
2026-05-20,TSLA,0.054515149254117025,417.26,57.620806921898854,-2.2232192331483596,-0.7229650944084619,-1.008783399735376,-1.179317123308433,-0.9456161946765274
2026-05-21,TSLA,0.07415113676720052,417.85,57.8328046069254,-2.344298083744107,-0.48581261086313754,-0.9494489439207767,-1.1988032063820069,-0.8388006894360901
2026-05-22,TSLA,-0.021813435243954942,425.93,60.73003468634618,-1.9007018451516728,-1.5789148763141498,-0.496487927045243,-1.016464515947193,-1.0854516834233907
2026-05-23,TSLA,,,60.73003468634618,-1.5205614761213404,,-0.4882517035238734,-0.8611855140688915,
2026-03-24,TSMC,0.07195214520003253,343.25,,0.0,,,,
2026-03-25,TSMC,0.12458480652178194,347.75,,0.2871794871794918,,,,
2026-03-26,TSMC,0.14610929476505163,326.11,,-0.9295451822631275,,,,
2026-03-27,TSMC,0.15913024273175938,326.74,,-1.6017671291795303,,,,
2026-03-28,TSMC,0.16678324591429572,,,-1.2814137033436244,,,,
2026-03-29,TSMC,0.32928749793603224,,,-1.0251309626748994,,,,
2026-03-30,TSMC,0.1533472014827811,316.5,,-2.7790681873373204,,,,
2026-03-31,TSMC,0.31174990447693507,337.95,,-1.7248946810315413,,,,
2026-04-01,TSMC,0.20033953459351783,341.49,,-0.7271854337233647,,,,
2026-04-02,TSMC,0.2474160364912942,339.04,,-0.19777886101050068,,,,
2026-04-03,TSMC,0.38166104618168334,,,-0.1582230888084002,,,,
2026-04-04,TSMC,0.3798396208973529,,,-0.12657847104672015,,,,
2026-04-05,TSMC,0.26101926687716814,,,-0.10126277683737595,,,,
2026-04-06,TSMC,0.24522075073301697,341.76,,0.7088127188038795,,,,
2026-04-07,TSMC,0.1223833497195627,345.32,,1.1563533822053693,,,,
2026-04-08,TSMC,0.09290813794728403,365.9,,2.708987131570054,,,,
2026-04-09,TSMC,0.03285986625762123,365.49,,3.527173098080913,,,,
2026-04-10,TSMC,0.3590964133722622,370.6,,4.186365125873617,,,,
2026-04-11,TSMC,0.4014055276532906,,,3.349092100698893,,,,
2026-04-12,TSMC,0.4288417393664094,,,2.679273680559114,1.639606731400597,,1.1729376909140425,
2026-04-13,TSMC,0.3682351467011536,369.57,,3.6422950043624103,1.0774049646843642,,1.5268303057447308,
2026-04-14,TSMC,0.2819075179547171,379.89,,4.171679632562223,0.35765605321518207,,1.6293133988834678,
2026-04-15,TSMC,0.3026146961145606,375.1,,3.9431845404172057,0.5172802074623414,,1.4168259982640878,
2026-04-16,TSMC,0.21879768442936517,363.35,,2.7984849570678065,-0.19520839622697989,,0.8586622533944585,
2026-04-17,TSMC,0.25101898245414145,370.5,74.59708393837624,2.339308725009067,0.08456347193186055,,0.6287866875889188,
2026-04-18,TSMC,0.3149172953533816,,74.59708393837624,1.8714469800072528,0.6369900177142508,,0.40115003732398846,
2026-04-19,TSMC,0.4333423894912661,,74.59708393837624,1.4971575840058016,1.5888059753134853,,0.21900532396687616,
2026-04-20,TSMC,0.2574599102414485,366.24,74.59708393837624,0.9600112942606955,0.052313923368642545,,-0.04042744402141379,
2026-04-21,TSMC,0.2256740778420431,368.08,75.22034225410553,0.5842582783954517,-0.22638933942226225,,-0.22188173709569944,
2026-04-22,TSMC,0.33542225925982777,387.44,79.79722094357001,1.4858007627035468,0.7469681809511375,,0.22685083026073366,
2026-04-23,TSMC,0.10053907344130479,382.66,76.06173134311217,1.5967221293953564,-1.33054033279751,,0.2786527437570462,
2026-04-24,TSMC,0.2831103505362405,402.46,80.19707089136043,2.7712817390323927,0.30518443579979315,,0.8633072904708742,
2026-04-25,TSMC,0.16653018916047332,,80.19707089136043,2.2170253912259135,-0.7404490528514374,,0.5633783382675331,
2026-04-26,TSMC,0.05465973068346269,,80.19707089136043,1.7736203129807304,-1.665521711504859,,0.324789586283672,
2026-04-27,TSMC,0.08473473710853414,404.98,80.19707089136043,3.436930497117798,-1.3399095967368133,,1.1701390199648434,
2026-04-28,TSMC,0.3378923791880104,392.34,69.8377913724751,2.63008074643178,0.8661100049059087,,0.7266079329308438,
2026-04-29,TSMC,0.18505600890117013,393.83,70.2355271724259,1.9774876628322708,-0.4754268646784006,,0.3725813684597001,
2026-04-30,TSMC,0.13704200557742743,396.06,70.85496734606018,1.4985076543524283,-0.8826423227178597,,0.11235597009469826,
2026-05-01,TSMC,0.3961897805230635,397.67,71.31905532699994,1.1104715278067179,1.381761860922949,,-0.09883965472538947,
2026-05-02,TSMC,0.14212129804119053,,71.31905532699994,0.8883772222453725,-0.8440256069204535,,-0.21920196118106886,
2026-05-03,TSMC,0.5043569492530854,,71.31905532699994,0.710701777796297,2.1903898964027837,,-0.3147889883420422,
2026-05-04,TSMC,0.1110132536373345,401.61,71.31905532699994,0.9096612184623449,-1.0873524492452826,,-0.1992943028247241,
2026-05-05,TSMC,0.24189637014435147,394.41,65.08511284479823,0.12477540346638705,0.01008145300264428,,-0.6398984893118963,
2026-05-06,TSMC,0.25796543033303804,419.5,72.44956015594427,1.1069222007467374,0.14479455991092305,-0.41036712184912977,-0.07045553685656834,-0.0863289736473402
2026-05-07,TSMC,0.26448782029022616,414.15,69.10251791821035,1.1999924620447455,0.1985103986090715,-1.1281167529661507,-0.015761174315754453,-0.26375921874094294
2026-05-08,TSMC,0.30758279929419,411.68,67.55090123023108,0.9119877242156669,0.5644437709652277,-1.38472143123999,-0.18436051687411065,-0.24494707604813912
2026-05-09,TSMC,0.20395671392526257,,67.55090123023108,0.7295901793725328,-0.3379888106792497,-1.300100076233771,-0.2902788379490582,-0.6123091985265486
2026-05-10,TSMC,0.1943957146489853,,67.55090123023108,0.5836721434980241,-0.41731699402902434,-1.2294726933815414,-0.3741220596098954,-0.6480052235090408
2026-05-11,TSMC,0.17387702723969153,404.54,67.55090123023108,-0.1773440327199154,-0.5919192922855253,-1.1693545081329595,-0.8244239383207435,-0.834901250850321
2026-05-12,TSMC,0.13858374540138452,397.28,62.043284023904704,-1.2387406008319317,-0.8921369315851937,-2.098624089107911,-1.428827685911756,-1.4150903051399775
2026-05-13,TSMC,0.17686597572818008,399.8,62.963133996337596,-1.8058944738294027,-0.5410867838121431,-1.7597616921014172,-1.7025694371917486,-1.255134052312807
2026-05-14,TSMC,0.19048741413524906,417.72,68.76076879280855,-1.0466274358085972,-0.41310081510089486,-0.6341306555990237,-1.2214437561849867,-0.721912649575561
2026-05-15,TSMC,0.06864950618373541,404.35,61.07860096583836,-1.4902567257847252,-1.478344839365093,-1.9351846750406931,-1.4394280148707606,-1.6037217427194734
2026-05-16,TSMC,0.060652497253315056,,61.07860096583836,-1.1922053806277813,-1.5025976827346856,-1.7914986326397393,-1.235308197289448,-1.5090811220726306
2026-05-17,TSMC,0.22670740330864184,,61.07860096583836,-0.9537643045022257,-0.023820857363211077,-1.6758841766660015,-1.0750740415719482,-0.8348158084166695
2026-05-18,TSMC,0.14019011722753924,395.95,61.07860096583836,-2.240420138290675,-0.7897490060697309,-1.5802451913659485,-1.7530024236897224,-1.3158738869445936
2026-05-19,TSMC,0.11099672939478057,392.61,58.868658343791324,-2.951713156168889,-1.033714393570665,-1.8115364325814873,-2.0548614719658076,-1.5734051287924544
2026-05-20,TSMC,0.22393242857373044,401.62,62.113826694280675,-2.7688323244323083,-0.01594312970718701,-1.2476413218747937,-1.875647641369723,-0.9433639408562298
2026-05-21,TSMC,0.33992014175269447,407.15,63.99164127134217,-2.2508623033201722,1.020349706920671,-0.927527568240518,-1.54982878578971,-0.3350670234407999
2026-05-22,TSMC,0.2480613268640253,404.33,62.29597412336645,-2.077765036860919,0.184129197888579,-1.1543979180898427,-1.4205037129805242,-0.6988188101656785
2026-05-23,TSMC,,,62.29597412336645,-1.6622120294887353,,-1.1185991503475432,-1.174040284015609,
2026-03-24,UPST,0.16334942368803815,26.6,,0.0,,,,
2026-03-25,UPST,0.3477215903751676,26.09,,-0.032547008547007296,,,,
2026-03-26,UPST,0.19039089810148918,25.33,,-0.09966791827988117,,,,
2026-03-27,UPST,0.10272496842380444,24.77,,-0.17194979435800553,,,,
2026-03-28,UPST,0.3220041238719465,,,-0.13755983548640444,,,,
2026-03-29,UPST,0.056574208677298156,,,-0.11004786838912353,,,,
2026-03-30,UPST,0.3931133415583768,24.22,,-0.2470422439896819,,,,
2026-03-31,UPST,0.1091586323585964,25.65,,-0.1754258083677112,,,,
2026-04-01,UPST,0.49670169028920935,25.36,,-0.1376285345992429,,,,
2026-04-02,UPST,0.45787120308114326,25.58,,-0.09014916002573048,,,,
2026-04-03,UPST,0.3407433835300803,,,-0.0721193280205844,,,,
2026-04-04,UPST,0.08905966599217306,,,-0.0576954624164675,,,,
2026-04-05,UPST,0.03551200574769504,,,-0.04615636993317401,,,,
2026-04-06,UPST,0.09062679003472661,26.91,,0.13298228186811917,,,,
2026-04-07,UPST,0.5049012194923591,26.45,,0.14983623854669686,,,,
2026-04-08,UPST,0.12257688583199909,27.31,,0.20992461555417719,,,,
2026-04-09,UPST,0.07653998231457393,27.41,,0.2449816724561812,,,,
2026-04-10,UPST,0.08926610436078883,27.26,,0.24599905526084787,,,,
2026-04-11,UPST,0.41824521972880235,,,0.19679924420867828,,,,
2026-04-12,UPST,0.30107226477653853,,,0.15743939536694262,0.40534293597627075,,1.0144992740209784,
2026-04-13,UPST,0.03530930961389095,28.06,,0.25928497526787436,-1.163272913454356,,1.5224486052408628,
2026-04-14,UPST,0.019352744465787636,29.53,,0.36048599758684063,-1.1888247135407057,,1.8973462260443952,
2026-04-15,UPST,-0.04917315547385472,33.36,,0.6481198643663633,-1.4841160624907903,,2.76062538519477,
2026-04-16,UPST,-0.08397161007986684,33.09,,0.7743983657358702,-1.559505581620185,,2.688479911873489,
2026-04-17,UPST,-0.19059699562508617,34.57,66.24841495735788,0.9028386234928693,-1.9379530473900908,,2.6197862460484544,
2026-04-18,UPST,0.3818247834474873,,66.24841495735788,0.7222708987942954,1.0315570720625744,,1.8365927156864896,
2026-04-19,UPST,-0.06896630072656552,,66.24841495735788,0.5778167190354364,-1.2691646200444273,,1.3092584755114811,
2026-04-20,UPST,-0.3827713610646211,34.86,66.24841495735788,0.8242191098945089,-2.484707639468595,,1.8923250928300894,
2026-04-21,UPST,-0.09570233653540769,33.2,55.636120029753016,0.6870102274456271,-1.114891461312851,,1.409697322793233,
2026-04-22,UPST,0.17637273322439972,34.74,60.75439620138141,0.6502464762042375,0.13087502627187197,,1.2466877222622224,
2026-04-23,UPST,-0.19524525639855966,32.82,52.60563399708088,0.4560758437877064,-1.5145014069115639,,0.6777151473691921,
2026-04-24,UPST,0.0691221625079382,33.49,54.8799049205715,0.33767263331677233,-0.3050983511791348,,0.33192596289421206,
2026-04-25,UPST,0.1045224100968867,,54.8799049205715,0.27013810665341786,-0.1393029726716974,,0.13309826813787307,
2026-04-26,UPST,-0.018306277193576116,,54.8799049205715,0.21611048532273403,-0.7003534927032142,,-0.026422995124891355,
2026-04-27,UPST,-0.04324916152860969,33.11,54.8799049205715,0.11740910978419983,-0.7991125529418963,,-0.31807821446729573,
2026-04-28,UPST,0.041708911322113115,32.86,53.58928784712622,0.00475017765441943,-0.38879380633880284,,-0.6482263138404,
2026-04-29,UPST,0.09347368789070053,30.48,44.789309220148596,-0.23570402452662575,-0.1376630844141451,,-1.3332494336618628,
2026-04-30,UPST,0.10698178346913928,,44.789309220148596,-0.18856321962130074,-0.07078769572014874,,-1.152966003220119,
2026-05-01,UPST,-0.17894018901827513,,44.789309220148596,-0.15085057569704063,-1.4262741619535375,,-1.011757129263923,
2026-05-02,UPST,-0.03432325440208993,,44.789309220148596,-0.1206804605576326,-0.7076229929506052,,-0.8997060665963604,
2026-05-03,UPST,0.23066876838501543,,44.789309220148596,-0.09654436844610603,0.5829959966489991,,-0.8099314168703575,
2026-05-04,UPST,0.043565582344084974,,44.789309220148596,-0.07723549475688496,-0.3382320079050332,,-0.7374546934674802,
2026-05-05,UPST,0.16780821386705383,,44.789309220148596,-0.0617883958055081,0.27971977537225495,,-0.6785645516319465,
2026-05-06,UPST,0.07069408448641187,,44.789309220148596,-0.04943071664440657,-0.20898793869915427,-1.0169089508715272,-0.6304341156107985,-0.5777980954243594
2026-05-07,UPST,-0.12273095747107861,,44.789309220148596,-0.0395445733155253,-1.1663681708213203,-0.9688514760328765,-0.5908766366683257,-0.9344657021388887
2026-05-08,UPST,-0.058763351181785876,,44.789309220148596,-0.03163565865242024,-0.8252304633866296,-0.927111188194615,-0.5581815360996379,-0.7756800026429278
2026-05-09,UPST,0.1473839116515654,,44.789309220148596,-0.025308526921936192,0.22549297072655086,-0.8904080937250474,-0.5309997918576256,-0.3362251773841815
2026-05-10,UPST,0.06880345949050305,,44.789309220148596,-0.020246821537549087,-0.1782848917464058,-0.8577988619273326,-0.5082611345113218,-0.48113195563015865
2026-05-11,UPST,0.02781043084008451,,44.789309220148596,-0.016197457230039403,-0.387574723226747,-0.828570835377818,-0.4891126511652347,-0.5503349352536147
2026-05-12,UPST,0.14587914674704272,,44.789309220148596,-0.012957965784031522,0.2314451235191934,-0.8021741706975742,-0.47287233886655416,-0.2899359034615611
2026-05-13,UPST,-0.09623791525758606,,44.789309220148596,-0.010366372627225173,-1.0337734140635273,-0.7781768911670245,-0.45899342386386416,-0.7846604601346776
2026-05-14,UPST,-0.02625159937530343,,44.789309220148596,-0.008293098101780139,-0.6530610387987267,-0.7562342360168657,-0.4470366304122162,-0.6222056754482151
2026-05-15,UPST,0.22308997860794227,,44.789309220148596,-0.0066344784814240665,0.669182456596577,-0.7360672248630247,-0.4366484376983113,-0.08414171612976995
2026-05-16,UPST,0.4495151000515651,,44.789309220148596,-0.005307582785139209,1.8079144687732926,-0.7174473318974341,-0.4275439183658699,0.379668412430326
2026-05-17,UPST,0.01766767213576308,,44.789309220148596,-0.004246066228111411,-0.4529232792001496,-0.7001853125333167,-0.41949312512347914,-0.5170728429770985
2026-05-18,UPST,0.0976871506593873,,44.789309220148596,-0.0033968529824892624,-0.029690790113023984,-0.6841229148184993,-0.41231025071915933,-0.3408062657065072
2026-05-19,UPST,0.13214635749750098,,44.789309220148596,-0.0027174823859914543,0.15276557890362433,-0.6691266345177594,-0.4058449712157707,-0.2613852501586093
2026-05-20,UPST,-0.035178181693437345,,44.789309220148596,-0.0021739859087932523,-0.7377430129340791,-0.6550829436367265,-0.3999755174345617,-0.6116147434950181
2026-05-21,UPST,0.10725089469699672,,44.789309220148596,-0.0017391887270346018,0.03153871525155635,-0.6418945982290254,-0.39460312002815084,-0.2983338293765303
2026-05-22,UPST,-0.13737738462654364,,44.789309220148596,-0.0013913509816276814,-1.27286425127686,-0.6294777482134114,-0.38964754987625955,-0.8148832899376452
2026-05-23,UPST,,,44.789309220148596,-0.0011130807853021452,,-0.6177596510185839,-0.3885987012892308,
2026-03-24,USO,-0.27374760078507415,114.54,,0.0,,,,
2026-03-25,USO,0.4599213905054415,113.39,,-0.0733903133903027,,,,
2026-03-26,USO,-0.4078954893378966,117.26,,0.13159893182686574,,,,
2026-03-27,USO,-0.3990072784185541,124.2,,0.6959455036428558,,,,
2026-03-28,USO,-0.01622037571171118,,,0.5567564029142846,,,,
2026-03-29,USO,-0.055113791905488915,,,0.44540512233142765,,,,
2026-03-30,USO,-0.4898987053558388,129.83,,1.56851713186973,,,,
2026-03-31,USO,-0.06814120639611365,127.25,,1.6389110158999447,,,,
2026-04-01,USO,-0.10976005964269571,124.09,,1.384140921193439,,,,
2026-04-02,USO,0.18573762407033526,137.92,,2.0200271845597544,,,,
2026-04-03,USO,-0.05450857615617828,,,1.6160217476478036,,,,
2026-04-04,USO,-0.11549509701621569,,,1.2928173981182427,,,,
2026-04-05,USO,0.11769935591527493,,,1.0342539184945942,,,,
2026-04-06,USO,-0.03350861126465088,138.94,,2.248502266305987,,,,
2026-04-07,USO,-0.0652485755869046,138.08,,2.15365579835379,,,,
2026-04-08,USO,-0.08206367233902653,124.58,,1.0816785332170022,,,,
2026-04-09,USO,-0.05976209390325764,126.96,,0.46440857141736913,,,,
2026-04-10,USO,-0.018377854678229076,124.82,,-0.12501567193740737,,,,
2026-04-11,USO,-0.16031151128083226,,,-0.1000125375499259,,,,
2026-04-12,USO,-0.010545660943413776,,,-0.0800100300399409,0.34341450758400976,,-1.205189843896893,
2026-04-13,USO,0.023872846273332835,128.47,,-0.26960283966800347,0.4922137741376575,,-1.3382455840938468,
2026-04-14,USO,-0.06917394938178752,123.85,,-0.7047326374455967,0.04055030784889097,,-1.6870457354390758,
2026-04-15,USO,-0.012711842990319789,122.59,,-1.0596311448993863,0.3133569348156005,,-1.870596307288431,
2026-04-16,USO,-0.02080695658884942,125.84,,-1.0554050901756815,0.2664133178083412,,-1.7038546646482615,
2026-04-17,USO,0.26281510734494384,116.04,31.881838593532294,-1.6567232851833746,1.6028097233672547,,-2.052685884129494,
2026-04-18,USO,0.302591850913683,,31.881838593532294,-1.3253786281466997,1.6626924258068299,,-1.6137419607672727,
2026-04-19,USO,0.04851873318186651,,31.881838593532294,-1.0603029025173596,0.43757837556038387,,-1.302556038180475,
2026-04-20,USO,0.06760841225260296,121.32,31.881838593532294,-1.2793647884298216,0.5184520388441802,,-1.414201549200972,
2026-04-21,USO,0.014975033346570004,128.25,42.35633955698721,-0.8198844017896176,0.2544967341924471,,-0.9783589583687365,
2026-04-22,USO,-0.03264499805929283,129.4,43.61890751981799,-0.4354028943466539,0.015614185547818578,,-0.6278186786797858,
2026-04-23,USO,-0.062184909755305245,134.72,49.16589137403405,0.14902764202830454,-0.13286808607037345,,-0.11045511734622601,
2026-04-24,USO,0.11106889717770525,132.4,46.994531656123556,0.34023892593065996,0.7468085105274453,,0.06014226190891684,
2026-04-25,USO,-0.0627477764078549,,46.994531656123556,0.2721911407445279,-0.15839184499631648,,-0.0018790891580900582,
2026-04-26,USO,-0.06124038976116783,,46.994531656123556,0.21775291259562213,-0.14818681285687546,,-0.05155950331079754,
2026-04-27,USO,-0.03826387668643147,134.72,46.994531656123556,0.6596158591592092,-0.02414766187727791,,0.3583483179216886,
2026-04-28,USO,-0.01894884137726078,139.6,52.881960147014645,1.0104890342682373,0.08028679386792077,,0.6786995356352215,
2026-04-29,USO,-0.030405554061732246,150.63,61.388670796433864,1.856419009356129,0.016551240834917786,,1.4279442492888772,
2026-04-30,USO,0.04595307448196828,147.09,57.78299302819858,2.0342414324390328,0.43894731190655983,,1.5238467418397532,
2026-05-01,USO,-0.025631913050257804,142.8,53.669023337273856,1.7314855444912274,0.03160540275733554,,1.2033618719067904,
2026-05-02,USO,-0.024539866494737567,,53.669023337273856,1.3851884355929815,0.03743152208250544,,0.8650197045346565,
2026-05-03,USO,-0.039981846176801866,,53.669023337273856,1.1081507484743849,-0.05205790185904155,,0.5990882529197548,
2026-05-04,USO,,147.61,53.669023337273856,1.4887013258417356,,,0.9319817787123957,
2026-05-05,USO,-0.09099253306165336,144.17,49.841711201353675,1.123509506568829,-0.34888329291718284,,0.5823268911820804,
2026-05-06,USO,-0.028554558737217798,133.95,42.02754090171819,0.13412315044144396,0.023882407298733282,-0.49667777124520945,-0.34306634563522276,-0.24237027214463636
2026-05-07,USO,0.01611674806743679,134.97,42.988242070928244,-0.4776261335366341,0.2904351984034688,-0.37874643066831887,-0.9051018098589041,-0.2689803927967793
2026-05-08,USO,-0.002660598337113855,133.59,41.97475465460803,-0.9726846949937249,0.17368182542368207,-0.48113462016312414,-1.3335683686497615,-0.4749381664743928
2026-05-09,USO,-0.11501056473900874,,41.97475465460803,-0.7781477559949801,-0.5136312713849608,-0.4685819055474644,-1.1221685777091288,-0.6826776535309622
2026-05-10,USO,-0.05255113781365965,,41.97475465460803,-0.6225182047959841,-0.12306347451713591,-0.45696994567350163,-0.9563205098490571,-0.473212526463622
2026-05-11,USO,-0.05140335895472765,138.66,41.97475465460803,-0.6803043717188677,-0.11462936043103701,-0.44618617832829927,-0.9900134440269399,-0.4767116308789865
2026-05-12,USO,-0.05501749477285978,144.3,48.63207491175361,-0.3610726591934448,-0.1362314401946087,0.3640418155207847,-0.6798224001961518,-0.1492267514804536
2026-05-13,USO,-0.06137644133155958,142.04,46.746068606789315,-0.32709698289493616,-0.17533914235960169,0.12578820442985836,-0.6387786281128551,-0.2240327840487397
2026-05-14,USO,,143.0,47.67435589045071,-0.26745692718761305,,0.23966553406802943,-0.5746499684301052,
2026-05-15,USO,-0.022056583331856464,148.23,52.52917086896628,0.07825364700027748,0.07936957178621755,0.8439345520804827,-0.24135159096944242,0.21252271704779907
2026-05-16,USO,0.005048710769389334,,52.52917086896628,0.06260291760022163,0.2546655664645953,0.8202206621430134,-0.2539709195674338,0.271741149358512
2026-05-17,USO,-0.032463136218051455,,52.52917086896628,0.050082334080176594,0.0061210945361326,0.7984188510026953,-0.2636145317441443,0.1628897335920183
2026-05-18,USO,-0.2783387754455947,149.29,52.52917086896628,0.4994675860865332,-1.5839171054480607,0.7782840231253125,0.17654505292203793,-0.3471181193650192
2026-05-19,USO,-0.1139418080157824,152.96,56.351519845208216,0.7509913722764239,-0.49522973180646856,1.2351027340063565,0.42164958901951755,0.2989338041851748
2026-05-20,USO,0.4490205720193676,144.27,48.27433887122338,0.2719550909383823,2.942596534026452,0.17038146078548957,-0.056520339743602564,1.2111969499231467
2026-05-21,USO,-0.023623345134244897,142.54,46.83508790542217,-0.1963191144802483,0.04229419136357775,-0.021425778678827737,-0.5228901046418177,-0.14637708845076253
2026-05-22,USO,-0.042519861509852305,140.98,45.51725768568107,-0.6220036977519632,-0.07405483109749976,-0.1971443124282339,-0.9396288362322147,-0.3706538770371345
2026-05-23,USO,,,45.51725768568107,-0.4976029582015711,,-0.1944320113969458,-0.8010938757505148,
2026-03-24,V,0.53065208293017,303.76,,0.0,,,,
2026-03-25,V,0.32689289609486655,304.91,,0.07339031339029134,,,,
2026-03-26,V,0.48068299552397803,305.53,,0.1549423787143951,,,,
2026-03-27,V,0.06799873204492242,295.52,,-0.44139993339590544,,,,
2026-03-28,V,0.20638932986804284,,,-0.35311994671672436,,,,
2026-03-29,V,0.21111575658291576,,,-0.2824959573733795,,,,
2026-03-30,V,0.5485285991286362,299.54,,-0.5024270740415387,,,,
2026-03-31,V,0.3864351821498511,302.24,,-0.34827085561461546,,,,
2026-04-01,V,0.26203910624459387,298.51,,-0.46755844348564357,,,,
2026-04-02,V,0.24947684110651414,300.8,,-0.36673406273544085,,,,
2026-04-03,V,0.6037375200338475,,,-0.29338725018835266,,,,
2026-04-04,V,0.4400809351411249,,,-0.2347098001506821,,,,
2026-04-05,V,0.4078082180991556,,,-0.1877678401205456,,,,
2026-04-06,V,0.39514519165464573,303.33,,0.12739321062787,,,,
2026-04-07,V,0.49391239114997904,302.55,,0.1808626898139193,,,,
2026-04-08,V,0.12697785757287094,308.96,,0.6206702054418188,,,,
2026-04-09,V,0.11040546080406756,308.29,,0.8263277882072715,,,,
2026-04-10,V,0.39338730083086954,304.36,,0.6645148667470995,,,,
2026-04-11,V,0.9062,,,0.5316118933976796,,,,
2026-04-12,V,0.92078,,,0.4252895147181437,2.2395211469020957,,0.9972183202117517,
2026-04-13,V,0.7071999999999999,309.39,,0.8181453350213805,1.2325757455761537,,1.7329312939810841,
2026-04-14,V,0.8888999999999999,311.37,,0.9948174839968116,1.7976400334648948,,1.8881203215147537,
2026-04-15,V,0.8885,315.91,,1.3387125137861742,1.6418913611956958,,2.228590264948232,
2026-04-16,V,0.25793999999999995,315.1,,1.4249163618657892,-0.7427694622980574,,2.095077682182897,
2026-04-17,V,0.786725,317.02,65.81592518434783,1.516059970998747,1.2297289649385168,,2.0051275892666447,
2026-04-18,V,0.5103714285714286,,65.81592518434783,1.2128479767989977,0.17356227949834785,,1.4317039372512488,
2026-04-19,V,0.7753375,,65.81592518434783,0.970278381439198,1.1498741803008001,,1.0164240119336185,
2026-04-20,V,0.7026166666666667,313.94,65.81592518434783,0.9368443945374203,0.8426172017272822,,0.9321691337515883,
2026-04-21,V,0.6391125,309.94,56.15135920286568,0.501379508163498,0.5827798250570727,,0.2546512424804732,
2026-04-22,V,0.5170444444444444,311.29,57.978947291472785,0.2658793234012613,0.10229267917953065,,-0.11356844260923588,
2026-04-23,V,0.09746205564767121,308.88,53.67779511070199,-0.0725019602343111,-1.4873922864190783,,-0.6398204360213621,
2026-04-24,V,0.3201,309.42,54.49242359322297,-0.269201262573727,-0.6056254905405887,,-0.9292295588418196,
2026-04-25,V,0.451628751607053,,54.49242359322297,-0.21536101005898178,-0.08588882325833086,,-0.8206205288216079,
2026-04-26,V,0.28275658406862725,,54.49242359322297,-0.1722888080471856,-0.7446145313697674,,-0.7335724509544973,
2026-04-27,V,0.2777497431403647,309.65,54.49242359322297,-0.34764750827433843,-0.7477086423790313,,-0.9913103879567934,
2026-04-28,V,0.5187333333333333,309.3,53.669590654957695,-0.4470262806513263,0.22661901161589196,,-1.1172234964545669,
2026-04-29,V,0.3744285869811183,334.86,76.45490555794622,1.1257360120754831,-0.36136682767134415,,1.3873755386895574,
2026-04-30,V,0.7598066666666666,329.84,69.25138331167669,1.7100071917738582,1.2022591756646628,,2.1447184689041734,
2026-05-01,V,0.5423888888888889,328.03,66.80726198960885,1.8450400799447864,0.29898720014835345,,2.168319955657127,
2026-05-02,V,0.7150000000000001,,66.80726198960885,1.476032063955829,0.9957458208414579,,1.5637536137213601,
2026-05-03,V,,,66.80726198960885,1.180825651164663,,,1.1150284933263714,
2026-05-04,V,0.5897,326.85,66.80726198960885,1.4107226141344391,0.46445257904754517,,1.3870839502746373,
2026-05-05,V,-0.04565250423699618,322.03,59.30959017443745,0.9249950386063999,-2.073642927331206,,0.6996956436360438,
2026-05-06,V,0.5489202012089391,318.8,55.637509864768305,0.3243196792280987,0.3257772788765949,-0.870751550485804,-0.13856771267099263,-0.172484867396401
2026-05-07,V,0.4638322517810441,321.28,57.798008684309224,0.04674534099549543,-0.021671965792885863,-0.534793184409106,-0.5236966486019778,-0.3262157362204795
2026-05-08,V,0.8031333333333334,318.79,54.90669146764202,-0.331044962471541,1.3374300678405688,-0.928045830452044,-1.0382002340038643,-0.05490179220054486
2026-05-09,V,0.7556888888888889,,54.90669146764202,-0.26483596997723247,1.1148709886884807,-0.8912718663130013,-0.925088050455064,-0.09895957955502732
2026-05-10,V,0.81314,,54.90669146764202,-0.21186877598178633,1.309587362352917,-0.8586031823033049,-0.8344379499221518,0.0159226052735299
2026-05-11,V,0.88078125,323.86,54.90669146764202,-0.09546115872468786,1.526938267981,-0.829324568366734,-0.6580992178539571,0.16454817132619276
2026-05-12,V,0.6686666666666666,326.42,57.824284273291056,0.02757532981617139,0.6712708287322757,-0.3741864369045489,-0.47513523599705426,0.013711829622429367
2026-05-13,V,0.34977798952149847,320.31,50.92322199813244,-0.3271391373952053,-0.5990186752041377,-1.3695225189111886,-0.9707908405245722,-0.9417014779123833
2026-05-14,V,0.8486,322.52,53.103356019428595,-0.430995350358363,1.3732142251989474,-0.9985210217188584,-1.0974633306457757,-0.07950961562981129
2026-05-15,V,0.6067666666666667,325.75,56.16808797935536,-0.306097812514035,0.40199169348729324,-0.5187397179235241,-0.9008122848507276,-0.2650689234373582
2026-05-16,V,0.3887980180132865,,56.16808797935536,-0.24487825001122854,-0.471120572612862,-0.5079701981638441,-0.7996313264725236,-0.580728686436055
2026-05-17,V,0.79115,,56.16808797935536,-0.19590260000898319,1.1378607158005936,-0.49784900008489297,-0.7182967409467652,0.09030056401074005
2026-05-18,V,0.5123800000000001,332.64,56.16808797935536,0.5544038664387765,0.009122189882494382,-0.4883132753654563,0.3748570862897987,-0.03038798076969952
2026-05-19,V,0.28240343567878007,329.91,52.28375575409306,0.5169610301352128,-0.9153485223752293,-1.0758992344380576,0.316626615191851,-0.5939211947239537
2026-05-20,V,0.5927125,330.75,53.15845910150744,0.48052795965125394,0.3510580409105611,-0.9102220720846669,0.26011264715436533,-0.054609611114866036
2026-05-21,V,0.9201250000000001,331.12,53.56226502520071,0.4155481501630893,1.6457644392252506,-0.82490185332199,0.1613828388289182,0.4592500713421788
2026-05-22,V,,328.89,50.72406261351007,0.16920910247977083,,-1.2368235243138654,-0.20892735035496354,
2026-05-23,V,,,50.72406261351007,0.1353672819838163,,-1.1953151485695341,-0.26424214843166544,
2026-03-24,WBD,0.18590000000000004,27.28,,0.0,,,,
2026-03-25,WBD,0.296,27.22,,-0.0038290598290586786,,,,
2026-03-26,WBD,0.24348333333333336,27.07,,-0.015592237075998126,,,,
2026-03-27,WBD,0.27885000000000004,27.07,,-0.022103532787120912,,,,
2026-03-28,WBD,,,,-0.017682826229696726,,,,
2026-03-29,WBD,,,,-0.014146260983757382,,,,
2026-03-30,WBD,0.8011666666666667,27.09,,-0.020698307750785634,,,,
2026-03-31,WBD,0.1979,27.46,,0.003375949779529104,,,,
2026-04-01,WBD,0.08940000000000001,27.49,,0.020409454624619055,,,,
2026-04-02,WBD,0.42424,27.32,,0.019326977579117506,,,,
2026-04-03,WBD,,,,0.015461582063294007,,,,
2026-04-04,WBD,,,,0.012369265650635206,,,,
2026-04-05,WBD,0.1806,,,0.009895412520508165,,,,
2026-04-06,WBD,0.4767,27.41,,0.022142542676406748,,,,
2026-04-07,WBD,0.12323333333333335,27.37,,0.02019639249032905,,,,
2026-04-08,WBD,0.5887,27.55,,0.02933865190644734,,,,
2026-04-09,WBD,-0.33249999999999996,27.53,,0.03212125781174765,,,,
2026-04-10,WBD,0.20083333333333334,27.44,,0.02623143999258174,,,,
2026-04-11,WBD,,,,0.020985151994065393,,,,
2026-04-12,WBD,,,,0.016788121595252316,,,0.5103896339483814,
2026-04-13,WBD,0.0,27.39,,0.009656472890206103,,,0.10605622774971467,
2026-04-14,WBD,-0.06396250000000002,27.37,,0.003449298218057617,,,-0.24674968579145656,
2026-04-15,WBD,0.1173,27.2,,-0.01185327190386297,,,-1.0948153917036192,
2026-04-16,WBD,0.20792222222222223,27.39,,-0.009053098695821132,,,-0.8948172070125241,
2026-04-17,WBD,0.22034444444444443,27.47,44.90512060451093,-0.0020525755603714654,,,-0.4702674699461835,
2026-04-18,WBD,0.8605666666666666,,44.90512060451093,-0.001642060448297178,2.191066602829653,,-0.43561608839186367,
2026-04-19,WBD,,,44.90512060451093,-0.001313648358637745,,,-0.4067777208207493,
2026-04-20,WBD,,27.42,44.90512060451093,0.00041798355164657935,,,-0.29379702187378554,
2026-04-21,WBD,0.4588,27.31,40.37445756583321,-0.006754108996380646,0.7112724508038715,,-0.7262242977259039,
2026-04-22,WBD,0.0772,27.33,41.31914018322472,-0.00992772930524801,-0.6635615696260544,,-0.8996317423719975,
2026-04-23,WBD,0.21664285714285714,26.9,30.22968245651431,-0.039124139671828234,-0.14301695884642568,,-2.4264064971742076,
2026-04-24,WBD,0.1366,27.07,37.38461048899756,-0.04472083650625594,-0.43597525492103034,,-2.428131594161633,
2026-04-25,WBD,0.4399333333333333,,37.38461048899756,-0.035776669205004746,0.7139966866454502,,-1.8213836983270564,
2026-04-26,WBD,,,37.38461048899756,-0.028621335364003797,,,-1.3936798901195382,
2026-04-27,WBD,0.73544,26.82,37.38461048899756,-0.06195995758095263,1.7167587594029659,,-2.668653372116465,
2026-04-28,WBD,0.012800000000000002,26.95,43.359063627237475,-0.058826330883868745,-0.9452211681489645,,-2.293090686396395,
2026-04-29,WBD,0.44668,27.05,46.78659188278373,-0.04706960157601628,0.6590724858013233,,-1.7025244999466267,
2026-04-30,WBD,0.7793,,46.78659188278373,-0.03765568126081302,1.7706168249346081,,-1.273498616878124,
2026-05-01,WBD,,,46.78659188278373,-0.030124545008650416,,,-0.9466060348434088,
2026-05-02,WBD,0.39289999999999997,,46.78659188278373,-0.024099636006920333,0.36640180507436837,,-0.6909107437039668,
2026-05-03,WBD,0.0,,46.78659188278373,-0.019279708805536255,-1.0392653161085976,,-0.48803557057692787,
2026-05-04,WBD,0.21075,,46.78659188278373,-0.015423767044428993,-0.26271103585977346,,-0.3258752442202876,
2026-05-05,WBD,0.3404,,46.78659188278373,-0.012339013635543197,0.2162097551620762,,-0.195826011445595,
2026-05-06,WBD,0.16007333333333335,,46.78659188278373,-0.009871210908434555,-0.45670138965247786,0.8109618055580773,-0.0914385683975186,0.03317641528717643
2026-05-07,WBD,0.006371428571428568,,46.78659188278373,-0.007896968726747639,-1.013579711637414,0.7796620913401574,-0.007706454510127366,-0.1738451936059566
2026-05-08,WBD,-0.05551999999999999,,46.78659188278373,-0.006317574981398108,-1.2063494538246586,0.7517742344689196,0.059341460966547736,-0.23920507289922333
2026-05-09,WBD,0.34,,46.78659188278373,-0.005054059985118486,0.2890957036394166,0.7267161363124659,0.112894467996165,0.3675214627483559
2026-05-10,WBD,0.0516,,46.78659188278373,-0.004043247988094786,-0.8008289507168119,0.7040363502271009,0.15553085895836508,-0.062461417531085035
2026-05-11,WBD,,,46.78659188278373,-0.0032345983904758235,,0.6833785795018263,0.1893413155642567,
2026-05-12,WBD,,,46.78659188278373,-0.0025876787123806505,,0.6644573062804986,0.21602279355908768,
2026-05-13,WBD,0.17435,,46.78659188278373,-0.002070142969904515,-0.322572886407968,0.6470406473229976,0.23695248008169784,0.1361687836582214
2026-05-14,WBD,0.9062,,46.78659188278373,-0.0016561143759236119,2.3203783581524724,0.6309380320301786,0.25324726257911384,1.1934069316437768
2026-05-15,WBD,0.43125,,46.78659188278373,-0.0013248915007388895,0.5700968926367628,0.6159911766581759,0.26581206584501826,0.4925797298056634
2026-05-16,WBD,0.8565499999999999,,46.78659188278373,-0.0010599132005911088,2.0078438756810604,0.6020673602315209,0.275379327016519,1.0663715564468361
2026-05-17,WBD,,,46.78659188278373,-0.0008479305604728871,,0.5890543386612912,0.2825412743931255,
2026-05-18,WBD,0.8779,,46.78659188278373,-0.0006783444483783041,1.9609212103053295,0.5768564449917989,0.2877763078797677,1.0437583099836019
2026-05-19,WBD,0.46795,,46.78659188278373,-0.0005426755587026322,0.5507647661285876,0.5653915618582495,0.29147052938160767,0.47736453382339217
2026-05-20,WBD,0.5349,,46.78659188278373,-0.00043414044696210574,0.7677403567180636,0.5545887444029558,0.29393528560548476,0.5616533516897576
2026-05-21,WBD,0.11234999999999998,,46.78659188278373,-0.0003473123575696846,-0.6846843680823463,0.5443863345401908,0.29542143786344877,-0.0219314155118467
2026-05-22,WBD,,,46.78659188278373,-0.00027784988605573935,,0.5347304507674026,0.29613095153608554,
2026-05-23,WBD,,,46.78659188278373,-0.0002222799088445887,,0.5255737681310486,0.29906460841865057,
2026-03-24,WFC,0.48615693921817227,79.61,,0.0,,,,
2026-03-25,WFC,0.3698731069483277,80.26,,0.04148148148149176,,,,
2026-03-26,WFC,0.4617831232324351,79.02,,-0.013921705180955542,,,,
2026-03-27,WFC,0.3400350333871235,77.19,,-0.16476668954406387,,,,
2026-03-28,WFC,0.4751267710291852,,,-0.1318133516352511,,,,
2026-03-29,WFC,0.37645235109808267,,,-0.10545068130820086,,,,
2026-03-30,WFC,0.38558775618220426,76.8,,-0.29877692719055815,,,,
2026-03-31,WFC,0.35881723114504194,79.61,,-0.15581233640456194,,,,
2026-04-01,WFC,0.22122771782406478,80.57,,0.005117592742411248,,,,
2026-04-02,WFC,0.24074561341874012,80.6,,0.1095095437381611,,,,
2026-04-03,WFC,0.1443023598487356,,,0.08760763499052887,,,,
2026-04-04,WFC,0.500523713527297,,,0.0700861079924231,,,,
2026-04-05,WFC,0.23342227979625405,,,0.05606888639393848,,,,
2026-04-06,WFC,0.1341899299406778,81.85,,0.3273616536840741,,,,
2026-04-07,WFC,0.3477199145949626,81.75,,0.3608940212328963,,,,
2026-04-08,WFC,0.295511117583896,84.66,,0.5482746556638531,,,,
2026-04-09,WFC,0.21343866641206255,86.02,,0.7220945929894071,,,,
2026-04-10,WFC,0.18338461564350486,85.4,,0.7502982457441021,,,,
2026-04-11,WFC,0.5347326553095618,,,0.6002385965952817,,,,
2026-04-12,WFC,0.3502065378654322,,,0.48019087727622534,0.14442724026431322,,1.0061295634372602,
2026-04-13,WFC,0.3230637706579516,86.64,,0.7060254113631088,-0.07719164216799729,,1.5729278841717063,
2026-04-14,WFC,0.38543439462416745,81.7,,0.37158433769069,0.4375569279054902,,0.537047284817443,
2026-04-15,WFC,0.2186560259950786,80.29,,0.04254951837418597,-0.9562551221017259,,-0.47104871748817134,
2026-04-16,WFC,-0.039481495974731946,81.25,,-0.11469733222715028,-2.5970943867284535,,-0.9294585970526688,
2026-04-17,WFC,0.37804857793389046,81.41,53.8280944033048,-0.206820385010279,0.45763564887513125,,-1.161837370226371,
2026-04-18,WFC,0.4357070008659372,,53.8280944033048,-0.1654563080082233,0.8581492365935699,,-0.9918857135504139,
2026-04-19,WFC,0.4470359531337399,,53.8280944033048,-0.13236504640657876,0.9107344046510455,,-0.8592032884726374,
2026-04-20,WFC,0.29114364413415866,81.97,53.8280944033048,-0.18143322001539186,-0.25729425684585916,,-0.9777488194965014,
2026-04-21,WFC,0.2664550943959949,81.55,52.095383982515834,-0.22545253338506588,-0.4373057312299238,,-1.0740616334548783,
2026-04-22,WFC,0.3256964554009019,80.58,48.90475185328267,-0.3108371933290863,0.022641618631098658,,-1.281131919828811,
2026-04-23,WFC,0.3177275231999315,80.51,48.67307785723925,-0.3595284878848539,-0.039738990266906526,,-1.3636923350730867,
2026-04-24,WFC,0.2811427702620498,79.42,45.09104418622765,-0.4469431927097123,-0.3282995558321905,,-1.540757447101593,
2026-04-25,WFC,0.4647187354411952,,45.09104418622765,-0.3575545541677698,1.1286519125010617,,-1.2251398772559439,
2026-04-26,WFC,0.6750508700319965,,45.09104418622765,-0.28604364333421584,2.5065614343264633,,-0.9844093314838018,
2026-04-27,WFC,0.1964957175682341,80.56,45.09104418622765,-0.3046759644344252,-1.001276479259664,,-1.0089384041660752,
2026-04-28,WFC,-0.11081757349189196,81.5,49.40969637851202,-0.22196120917541434,-2.8241158086437212,,-0.7485055754196778,
2026-04-29,WFC,0.06446843291663684,81.51,49.44681671865662,-0.16033934453571078,-1.591297946294018,,-0.555798720933937,
2026-04-30,WFC,0.25568494167909533,,49.44681671865662,-0.12827147562856864,-0.3606463664468181,,-0.452553353674861,
2026-05-01,WFC,0.20331046367507746,,49.44681671865662,-0.10261718050285493,-0.6870490976685804,,-0.3694994119933562,
2026-05-02,WFC,0.31190939539769164,,49.44681671865662,-0.08209374440228395,0.021777240516242913,,-0.30252985760874573,
2026-05-03,WFC,0.09351145205721259,,49.44681671865662,-0.06567499552182715,-1.371561175026317,,-0.2484494213125983,
2026-05-04,WFC,0.22461546343614092,,49.44681671865662,-0.05253999641746171,-0.5070649831244889,,-0.20473609800198472,
2026-05-05,WFC,0.14585104828492146,,49.44681671865662,-0.04203199713396938,-1.002334639673969,,-0.16938060123560897,
2026-05-06,WFC,0.18858711074810255,,49.44681671865662,-0.033625597707175506,-0.7082579962339955,-0.024045452741164604,-0.14077253762892872,-0.3327485956046263
2026-05-07,WFC,0.17189595034112862,,49.44681671865662,-0.026900478165740413,-0.8038945101625602,-0.023495006186725332,-0.11761634387716964,-0.3638912090841926
2026-05-08,WFC,0.3926554152734631,,49.44681671865662,-0.021520382532592336,0.6554561571433816,-0.0229805863878118,-0.09886729693915051,0.22562809785926394
2026-05-09,WFC,0.3184810203011783,,49.44681671865662,-0.01721630602607388,0.15680844203625116,-0.022498440765725363,-0.08368175120344656,0.030869319223748887
2026-05-10,WFC,0.23098112149555328,,49.44681671865662,-0.013773044820859101,-0.43039708108589103,-0.022045340177608733,-0.0713778715032965,-0.200185795938628
2026-05-11,WFC,0.27541988477770174,,49.44681671865662,-0.011018435856687284,-0.1255275867594009,-0.02161848898301428,-0.061404347535945,-0.07511788565944814
2026-05-12,WFC,0.561055095741761,,49.44681671865662,-0.00881474868534983,1.7674268567390636,-0.021215453228752047,-0.05331531076403587,0.6846115134977893
2026-05-13,WFC,0.36314755524530473,,49.44681671865662,-0.007051798948279869,0.4278918310693481,-0.0208341028082655,-0.04675014382988762,0.1508814584362933
2026-05-14,WFC,0.19767473750431303,,49.44681671865662,-0.005641439158623904,-0.6872946797552364,-0.020472564503328575,-0.041417187773927465,-0.29348479758527135
2026-05-15,WFC,0.5343934158207714,,49.44681671865662,-0.004513151326899126,1.5602929342142264,-0.020129183576299843,-0.0370805747732591,0.6069542461808229
2026-05-16,WFC,0.39214955354033326,,49.44681671865662,-0.003610521061519295,0.5948600691932319,-0.019802492137275803,-0.033549577511308624,0.22193840678271742
2026-05-17,WFC,0.5490471939565675,,49.44681671865662,-0.002888416849215439,1.6027618036959965,-0.019491182921464845,-0.03066999014058042,0.626056369559785
2026-05-18,WFC,0.4486277459091707,,49.44681671865662,-0.0023107334793723566,0.9173810429173009,-0.01919408741886201,-0.028317151849043074,0.3526990453865489
2026-05-19,WFC,0.2066893081248868,,49.44681671865662,-0.0018485867834978909,-0.6897710986601535,-0.018910157529416764,-0.02639029972388376,-0.2894985766400515
2026-05-20,WFC,0.25914590648903063,,49.44681671865662,-0.0014788694267983127,-0.334503663956999,-0.018638450092554038,-0.024807997885181808,-0.14683539997612036
2026-05-21,WFC,0.16479425658398517,,49.44681671865662,-0.001183095541438653,-0.9568208128668297,-0.01837811377454184,-0.02350443821028333,-0.3952930907421795
2026-05-22,WFC,0.03230544684820807,,49.44681671865662,-0.0009464764331509334,-1.787005942609426,-0.018128377901201462,-0.022426446923467055,-0.726968824491171
2026-05-23,WFC,,,49.44681671865662,-0.0007571811465207495,,-0.017888542904393394,-0.02165881994497872,
2026-03-24,WIF,0.3924587375753145,0.19204219419021956,,0.0,,,,
2026-03-25,WIF,0.3149421826935166,0.189990020936765,,-0.0001309649027845472,,,,
2026-03-26,WIF,,0.186401902495636,,-0.0004348726109339296,,,,
2026-03-27,WIF,0.15303083151107033,0.17002601924632577,,-0.00164634028764402,,,,
2026-03-28,WIF,0.23371841907790966,0.17567883716060448,,-0.001953569245087453,,,,
2026-03-29,WIF,0.33643534409921616,0.17102652817914146,,-0.0023311299860434677,,,,
2026-03-30,WIF,0.0594236141677946,0.17619222576591645,,-0.002101105609112883,,,,
2026-03-31,WIF,,0.17895005593945384,,-0.0016511925375090877,,,,
2026-04-01,WIF,0.2086826128292363,0.18100731670286607,,-0.0011279879799970687,,,,
2026-04-02,WIF,0.5444220619141682,0.17907112417101895,,-0.0008385549335625645,,,,
2026-04-03,WIF,0.24400644613424313,0.18111904302954535,,-0.00045464998228544754,,,,
2026-04-04,WIF,0.4117394142086804,0.18110247171916047,,-0.00016237150347526595,,,,
2026-04-05,WIF,0.44783867630523166,0.18200574855437293,,0.00011622819388567348,,,,
2026-04-06,WIF,0.4106788575010188,0.1789802362815841,,0.0001206585894670759,,,,
2026-04-07,WIF,0.512435540738944,0.19908641503760585,54.099047283268426,0.001428948205856457,,,,
2026-04-08,WIF,0.3439479687467776,0.19401453207698485,49.37963604240642,0.0018758268781395868,,,,
2026-04-09,WIF,0.31702531186860056,0.19890783665848077,53.586515688307344,0.0023910433400737624,,,,
2026-04-10,WIF,0.3338453136205673,0.19809696436905294,52.803389906009926,0.0025526071930133394,,,,
2026-04-11,WIF,0.37873234498826785,0.19889942149683956,53.52720700821692,0.002581180004124661,,,,
2026-04-12,WIF,0.5072211624036542,0.18787820354249465,43.63031525369505,0.001764456419880722,,,1.097502515326087,
2026-04-13,WIF,0.42669038993218644,0.20168307362847318,54.88291115383789,0.002041052818369735,,,1.1932306878076462,
2026-04-14,WIF,0.289190541544598,0.1932462201887224,48.50956688694265,0.001564354553719183,-0.4396520065335002,,0.8643450238505039,
2026-04-15,WIF,-0.027137460106480892,0.1999401035483,53.15742944771839,0.001602537892603837,-2.4383253944040297,,0.8540914192302056,
2026-04-16,WIF,0.37112598145414144,0.21856425218781564,63.12956124973925,0.0027191465628240803,0.3064669891534724,,1.4426048869019832,
2026-04-17,WIF,0.10891546053704287,0.21486102132492366,60.37717656868416,0.0030220781824961203,-1.4374100269651007,,1.5128346849271415,
2026-04-18,WIF,0.13036239604795616,0.2024538327915964,52.170315165971864,0.0022367784423781125,-1.220685273859875,,1.0112583191955393,
2026-04-19,WIF,0.3710712628587056,0.1947736877227648,47.83582252347416,0.0011071338786565609,0.40193497465407213,,0.34370023700914115,
2026-04-20,WIF,0.3141630025604208,0.19921315757072056,50.4010936942861,0.0005918006135470113,0.00901375199984008,,0.036526406718991655,
2026-04-21,WIF,0.13827902773167008,0.1967041724802944,48.93640728469148,4.3737395907719225e-05,-1.1740567366287324,,-0.2902611131717912,
2026-04-22,WIF,0.2542313684947789,0.18960035318731716,44.953108128441976,-0.0007894412132012523,-0.35719513311541917,,-0.7820298553423917,
2026-04-23,WIF,0.5290940104900022,0.17921472018052942,39.84656002995553,-0.001965286414716218,1.5004623882273063,,-1.4340237796403175,
2026-04-24,WIF,0.14511392396353184,0.1789896154765321,39.74118328535129,-0.002641368184627703,-1.1128652485440522,,-1.7247403056360913,
2026-04-25,WIF,-0.004117523151198404,0.17816610305663302,39.33139124527787,-0.0030009353641384765,-1.9621904483894732,,-1.8043004061283445,
2026-04-26,WIF,0.16988330459622666,0.17854313151687765,39.63827438975024,-0.003059812771576096,-0.8057349202082317,-1.458883064422779,-1.7249445548016267,-1.2774422538506145
2026-04-27,WIF,0.14040456621455027,0.17780449677157845,39.219718217567944,-0.002991362291361226,-0.9692886110217439,-1.4067202656813131,-1.5983846015209602,-1.2892469045693797
2026-04-28,WIF,0.23654741097878043,0.17892497414881187,40.25041739512183,-0.0027212313330112663,-0.33296059409656237,-1.1869931253841164,-1.393401887330348,-0.9073027414529642
2026-04-29,WIF,0.2975158798060121,0.17807187174381015,39.69843482799619,-0.002458598683776928,0.07159474145973704,-1.1959968971378443,-1.2128629104192366,-0.6940200456832295
2026-04-30,WIF,0.557963038520339,0.18370606919645868,45.057386804766075,-0.0017948255017589546,1.7245131187400982,-0.4332509187861609,-0.8478044024944722,0.3054886511118495
2026-05-01,WIF,0.28195004647704036,0.18817359223717123,48.93275632839429,-0.0009847849572415584,-0.08065444594836108,0.11801233213607742,-0.41856196911101773,-0.12242666947182651
2026-05-02,WIF,0.46674533698722714,0.1895806084451172,50.12590837205367,-0.0003186003994974532,1.1113855615583337,0.2861462394284934,-0.06609826715795811,0.5105686163044941
2026-05-03,WIF,,0.18788224181261923,48.64837023550438,2.504339397611929e-05,,0.06532242046820243,0.11622439118152121,
2026-05-04,WIF,0.0617522952879779,0.190932110771565,51.41778600244252,0.00045147473330075074,-1.4988992239168566,0.4746077286656618,0.3425484033294603,-0.35441284996820605
2026-05-05,WIF,0.19814579995943232,0.2002256270860605,58.722895399696554,0.001304867452743178,-0.6027730167070279,1.5040873889778983,0.7942330072709505,0.44838691219184346
2026-05-06,WIF,0.2862057827143413,0.22133961947734018,69.82437142340743,0.0031325161486697286,-0.025914626769605528,2.6860786376055295,1.7154192636645842,1.3100835196731917
2026-05-07,WIF,0.45699445816506634,0.219716773027827,68.30379557095594,0.004016849676131238,1.077597019146769,2.2280702235072587,2.0566343828292153,1.7164501895596498
2026-05-08,WIF,0.5349985389491543,0.2258338359314417,70.87816021931029,0.004748361026389215,1.5297906192565878,2.2766010954788176,2.263142096597345,1.973839205325484
2026-05-09,WIF,0.42453736250679935,0.2255486281772152,70.59028069369381,0.004926338931102268,0.7965178387185772,2.0550467109864288,2.197465301608983,1.5943607392660544
2026-05-10,WIF,0.3735440339496359,0.23193412795213939,73.21348878723535,0.005162523747614379,0.45743934879724846,2.1310923139991207,2.1648860937919263,1.4717692618562137
2026-05-11,WIF,0.33983567641275003,0.23080478701736185,71.99047386515066,0.004931464316481407,0.23272038641380613,1.8726221356764565,1.9558506617590403,1.2416299937961714
2026-05-12,WIF,0.4555363986806944,0.22105203809955357,62.31022293161998,0.003858092203803831,0.9818821664529155,0.9190531563398706,1.4428411587194505,1.1013211610989626
2026-05-13,WIF,0.21448231776234591,0.21604921959174442,58.001734310042444,0.0026073788499707,-0.6144098515978363,0.4962897575569791,0.8901984699115518,0.17018252760142472
2026-05-14,WIF,0.33158423951581417,0.22004533625730782,60.35956261738702,0.0018794241783593795,0.16881622410344826,0.7110514216835877,0.5699370549064122,0.45182303261837925
2026-05-15,WIF,0.24997912941500544,0.20438297427661972,48.796491445500834,0.00025844333873597473,-0.37949421573350195,-0.41397387194423263,-0.13029284400374389,-0.31507770107779376
2026-05-16,WIF,-0.012137491781149923,0.19714031861166034,44.54669733314565,-0.0013005575655947567,-2.0547482091173666,-0.8168670006596012,-0.7990596379383521,-1.3066772752263327
2026-05-17,WIF,0.1636891689636816,0.19263110309549708,42.08896074842686,-0.002561579245453737,-0.879339485996453,-1.0338420693652095,-1.3176097123598147,-1.0571713289160884
2026-05-18,WIF,0.27521866755120455,0.1930296649627458,42.39150283957644,-0.0032506872356318564,-0.14059517163063406,-0.9801224926029138,-1.5664136995224247,-0.8201989262898551
2026-05-19,WIF,0.27002529053721575,0.1897436840392181,40.51233447877991,-0.0037729365647724278,-0.17361064699930037,-1.1350142161581194,-1.7262738465294851,-0.9278306776060015
2026-05-20,WIF,0.2374958772113155,0.19402964632408268,43.999305076233206,-0.003671401933217111,-0.3886803067483012,-0.7759245784445494,-1.6291746936473104,-0.8770019043268784
2026-05-21,WIF,0.32865356554135683,0.19984416169540753,48.41683224644296,-0.0030782976583120726,0.22817716753370415,-0.3331953295200627,-1.3495921903629136,-0.4135653889514112
2026-05-22,WIF,,0.19035,42.51894962928237,-0.0031781265038898394,,-0.9063427681315002,-1.3571648840288293,
2026-05-23,WIF,,,42.51894962928237,-0.002542501203111872,,-0.8889549611710824,-1.0695839873254522,
2026-03-24,XLE,-0.3116277590651221,60.84,,0.0,,,,
2026-03-25,XLE,-0.003549954822212459,60.57,,-0.017230769230764054,,,,
2026-03-26,XLE,0.06599463625020263,61.52,,0.03353863686172076,,,,
2026-03-27,XLE,-0.07114884828709479,62.56,,0.1299349677106818,,,,
2026-03-28,XLE,0.13368260965072087,,,0.10394797416854543,,,,
2026-03-29,XLE,0.469113581859528,,,0.08315837933483633,,,,
2026-03-30,XLE,-0.23141749866656133,61.96,,0.12982818492993986,,,,
2026-03-31,XLE,0.3641630162661197,61.26,,0.08517679147985166,,,,
2026-04-01,XLE,0.11659786993710115,58.97,,-0.09466720525648598,,,,
2026-04-02,XLE,0.18746353728651996,59.25,,-0.18559242540826598,,,,
2026-04-03,XLE,0.24741228146725336,,,-0.14847394032661276,,,,
2026-04-04,XLE,0.14951762537653557,,,-0.11877915226129021,,,,
2026-04-05,XLE,-0.21049672013930976,,,-0.09502332180903217,,,,
2026-04-06,XLE,0.3843120490581418,59.68,,-0.18008729153908262,,,,
2026-04-07,XLE,0.03530947087371411,60.16,,-0.14837116640650377,,,,
2026-04-08,XLE,-0.004125605246882061,58.05,,-0.25440623973628224,,,,
2026-04-09,XLE,0.07603999798936914,57.33,,-0.3519361658314711,,,,
2026-04-10,XLE,0.019457735097920523,56.94,,-0.4171605877545087,,,,
2026-04-11,XLE,0.07459521267132037,,,-0.33372847020360696,,,,
2026-04-12,XLE,-0.09431527123659847,,,-0.26698277616288557,-0.8106102468324172,,-0.9775493119460268,
2026-04-13,XLE,-0.10675896655799864,57.11,,-0.3578898860855204,-0.8363133445709567,,-1.403808396475789,
2026-04-14,XLE,0.1367200751728209,55.95,,-0.410724090274599,0.3649035768822422,,-1.5656585760419508,
2026-04-15,XLE,-0.3538351785121486,55.76,,-0.42801704417062214,-1.8955477693158347,,-1.5330554397596972,
2026-04-16,XLE,,56.58,,-0.35669552783446545,,,-1.0976014040527848,
2026-04-17,XLE,-0.08272276426889003,55.02,20.95679574185715,-0.3846440286699171,-0.5951921298695744,,-1.1841407479684298,
2026-04-18,XLE,0.23488130780793726,,20.95679574185715,-0.3077152229359337,0.8954402479283069,,-0.7560455005795526,
2026-04-19,XLE,0.7598162589751184,,20.95679574185715,-0.24617217834874694,2.771909585723963,,-0.42057733660950053,
2026-04-20,XLE,0.09138339898213746,55.07,20.95679574185715,-0.31392303026928214,0.059873889350612296,,-0.7632451119437209,
2026-04-21,XLE,,55.87,28.68880518338281,-0.22429880109234746,,,-0.27175968090226693,
2026-04-22,XLE,,56.54,33.47184896672036,-0.10203676158031527,,,0.3954754054759003,
2026-04-23,XLE,0.636034568632394,56.98,36.484765537631816,0.01982734675212905,2.0757480318824184,,1.0412112346457711,
2026-04-24,XLE,0.7089440180946142,56.87,36.04526984244816,0.09990881596711354,2.116329720029503,,1.4163899719214321,
2026-04-25,XLE,0.14776866309940814,,36.04526984244816,0.07992705277369083,0.10492400589555545,,1.2543137999196299,
2026-04-26,XLE,,,36.04526984244816,0.06394164221895271,,,1.1276057376541937,
2026-04-27,XLE,0.3924998236358166,56.77,36.04526984244816,0.13224192202384533,0.9651527460407502,,1.429662840227629,
2026-04-28,XLE,0.25154181594406255,57.71,43.823356143636545,0.22964885791042855,0.4428671578276944,,1.8246828618585333,
2026-04-29,XLE,0.19263756763400508,59.03,51.14548136128033,0.3732806736321965,0.22174903336206128,,2.3238077675029083,
2026-04-30,XLE,0.5989266782533998,59.65,54.16724027391164,0.4928327845549817,1.6460708652628062,,2.5802869790779215,
2026-05-01,XLE,0.9131320318294689,58.85,49.88012112748881,0.4992807355791832,2.482137410210805,,2.371968642046624,
2026-05-02,XLE,,,49.88012112748881,0.3994245884633466,,,1.850792347595049,
2026-05-03,XLE,-0.26929084881097076,,49.88012112748881,0.31953967077067735,-1.4003661567025159,,1.4744065851827128,
2026-05-04,XLE,-0.05395686595560983,59.39,49.88012112748881,0.4254962307267224,-0.6791600335098824,,1.7877825558960998,
2026-05-05,XLE,0.31238265743454297,59.45,50.277116229981,0.4304778940894212,0.5246476154406846,,1.7203157386891341,
2026-05-06,XLE,0.48274406734397635,57.0,39.16146026448789,0.2583573443319838,1.0638029234867186,0.08103760668210373,1.0609687828513177,0.7681230862547138
2026-05-07,XLE,-0.08596509987159323,55.95,35.53540889618766,0.07301128276155877,-0.8158643282206061,-0.23122492070247164,0.3761012869295392,-0.2828828214201222
2026-05-08,XLE,0.37006630385629835,55.7,34.71130603448886,-0.06002040300307704,0.6987885651237222,-0.297931367545832,-0.11559580668414766,0.15545727378049504
2026-05-09,XLE,-0.42940520523786546,,34.71130603448886,-0.04801632240246162,-1.883522887969913,-0.29109624480999147,-0.0698750073187667,-0.8617005308265927
2026-05-10,XLE,0.2619369064003229,,34.71130603448886,-0.03841305792196925,0.3642152349208204,-0.2847119642191984,-0.03315313080329648,0.050326565461579716
2026-05-11,XLE,0.19957281693930273,57.17,34.71130603448886,-0.03134819016425289,0.15706976972382944,-0.2787309500132065,-0.0060403496133886415,-0.022603481998446764
2026-05-12,XLE,-0.3135962901890278,57.57,37.81490176657248,0.008933267691820956,-1.4946390828832012,0.023935150623373154,0.1483212660038237,-0.5461787081651215
2026-05-13,XLE,0.3970976858932991,57.63,38.201608597254314,0.04084796801194379,0.8212974944878003,0.06135504562357876,0.2702297580399809,0.4279944388941881
2026-05-14,XLE,0.022416296741552627,58.07,41.094533931150806,0.09000313694116785,-0.4070112201178713,0.3484318428083891,0.45880567480714596,0.07936676723751197
2026-05-15,XLE,0.06367608037441969,59.44,49.08637196099905,0.2065327944064257,-0.26697173492978654,1.1271732309728075,0.9062133473389734,0.5032272795216196
2026-05-16,XLE,-0.25506049510529266,,49.08637196099905,0.16522623552514057,-1.2990637261120985,1.0853394889104275,0.7311468923290034,0.025320423926989855
2026-05-17,XLE,-0.06042070686817169,,49.08637196099905,0.13218098842011247,-0.6418411172640565,1.047886958059139,0.5916317097761778,0.23511915344497245
2026-05-18,XLE,0.041041637953929566,60.58,49.08637196099905,0.3670292541131194,-0.2988060588056,1.0140982636071882,1.4915077387257052,0.6321593771776279
2026-05-19,XLE,-0.1690352832449334,61.29,53.48540141091707,0.4630372326537489,-0.9895651009596019,1.395194246619001,1.8015046494171643,0.5631836284270088
2026-05-20,XLE,-0.29369010764269365,59.8,46.14293151188327,0.4038192706013506,-1.3718179112130189,0.6449120114149348,1.5249495058886862,0.10223129070587872
2026-05-21,XLE,0.17302319205080466,59.13,43.26663749542638,0.30182309816381475,0.18981035391039836,0.3482169676551448,1.1110790217545619,0.5137129383870713
2026-05-22,XLE,0.30067011052146553,59.465,45.1090362822479,0.24181001635189942,0.6135978435510592,0.5276766031792771,0.8679147930887281,0.6641165563008252
2026-05-23,XLE,,,45.1090362822479,0.1934480130815195,,0.5186943163028308,0.6670647974899198,
2026-03-24,XLF,0.4422450914233923,49.28,,0.0,,,,
2026-03-25,XLF,0.41350754299005493,49.34,,0.0038290598290586786,,,,
2026-03-26,XLF,0.4368716069628174,49.05,,-0.0124875350037712,,,,
2026-03-27,XLF,0.46144330979492515,47.81,,-0.10117401203800114,,,,
2026-03-28,XLF,-0.05525658652186394,,,-0.08093920963040091,,,,
2026-03-29,XLF,0.07226169397234916,,,-0.06475136770432072,,,,
2026-03-30,XLF,0.33639800262674685,48.36,,-0.10586880850576902,,,,
2026-03-31,XLF,-0.09248190026432274,49.37,,-0.04273639067024598,,,,
2026-04-01,XLF,0.4418486392203718,49.44,,0.004462424495355374,,,,
2026-04-02,XLF,0.2836801051720977,49.53,,0.04046630881758011,,,,
2026-04-03,XLF,,,,0.03237304705406409,,,,
2026-04-04,XLF,0.33539306752383713,,,0.025898437643251268,,,,
2026-04-05,XLF,0.2130067339166999,,,0.020718750114601017,,,,
2026-04-06,XLF,0.1609776152181439,49.88,,0.1053435784931117,,,,
2026-04-07,XLF,0.37078676263198257,49.88,,0.11813483147188827,,,,
2026-04-08,XLF,0.646412639055401,51.2,,0.2043279353600753,,,,
2026-04-09,XLF,0.08164321787208317,51.33,,0.25560078779595763,,,,
2026-04-10,XLF,0.2630937360004655,50.77,,0.2376817415578628,,,,
2026-04-11,XLF,-0.18981974277148642,,,0.19014539324629023,,,,
2026-04-12,XLF,,,,0.15211631459703218,,,0.9207319148849237,
2026-04-13,XLF,,51.66,,0.24546044167700087,,,1.596441071002906,
2026-04-14,XLF,0.30726213460918517,51.78,,0.2532299647543117,,,1.52866489552988,
2026-04-15,XLF,0.7142454228237272,52.17,,0.2663365128193963,1.8475156080791184,,1.5125456815008647,
2026-04-16,XLF,-0.5444640327662229,52.03,,0.24767074123393196,-2.708345236438131,,1.2856515976825702,
2026-04-17,XLF,0.3116243441134691,52.43,69.9857432822217,0.24396623255748828,0.23123502272420818,,1.1936660812811695,
2026-04-18,XLF,,,69.9857432822217,0.19517298604599054,,,0.7906828961967745,
2026-04-19,XLF,,,69.9857432822217,0.15613838883679243,,,0.4757551509776981,
2026-04-20,XLF,,52.63,69.9857432822217,0.2007139792649283,,,0.8036774929874108,
2026-04-21,XLF,0.15963774765192842,52.3,62.82237526752638,0.15721709534829753,-0.2968240184796022,,0.44823713309711716,
2026-04-22,XLF,0.4238714312016964,52.21,61.320181573553334,0.10924744543480935,0.634260410373975,,0.060004290877622206,
2026-04-23,XLF,0.4947837004948408,51.8,54.881942666566985,0.040318351312622513,0.8611055013873284,,-0.4961725587187522,
2026-04-24,XLF,0.6058013305693866,51.42,49.676050812039676,-0.03631170313752119,1.2056990109857189,,-1.0939797325575602,
2026-04-25,XLF,,,49.676050812039676,-0.029049362510016996,,,-1.0018994116930349,
2026-04-26,XLF,,,49.676050812039676,-0.02323949000801362,,,-0.9273732193045002,
2026-04-27,XLF,,51.81,49.676050812039676,-0.05702220285041659,,,-1.1660449207938748,
2026-04-28,XLF,0.5071533564726157,51.85,50.342952305350856,-0.07726475328739557,0.8218823325853225,,-1.2826922587236447,
2026-04-29,XLF,0.42171702635232355,51.92,51.33342398928447,-0.08798917028790432,0.4993645703466277,,-1.318145744767511,
2026-04-30,XLF,-0.11776182185485962,52.13,54.27971751791585,-0.08305059593496322,-1.4134695600717955,,-1.2348275958145785,
2026-05-01,XLF,0.44741096265614033,51.92,50.95742852627359,-0.09516777996831216,0.6183615303692678,,-1.2854347660407002,
2026-05-02,XLF,,,50.95742852627359,-0.07613422397464975,,,-1.102522071394497,
2026-05-03,XLF,-0.04482959497161208,,50.95742852627359,-0.06090737917971978,-1.1381936146626528,,-0.9589029755026252,
2026-05-04,XLF,,51.58,50.95742852627359,-0.1106615883348887,,,-1.3078327026982668,
2026-05-05,XLF,,51.59,51.148939323791694,-0.12929444305130744,,,-1.4023733451444018,
2026-05-06,XLF,0.7131635666282848,51.84,55.0039098899338,-0.12332927744565159,1.5313342581972254,-0.14800412010501804,-1.3132648778890599,0.1741530038806669
2026-05-07,XLF,0.2582076568890363,51.55,50.06817832971663,-0.1364396991742718,-0.08296918208714878,-0.7403853092542638,-1.367625073882646,-0.6655907877759324
2026-05-08,XLF,,51.24,45.38032563011879,-0.16178443912055251,,-1.2549585711361602,-1.5031042180386893,
2026-05-09,XLF,0.24198395494893193,,45.38032563011879,-0.129427551296442,-0.13942060813338414,-1.1868125005627377,-1.227075187298493,-0.7799345496117229
2026-05-10,XLF,,,45.38032563011879,-0.10354204103715364,,-1.128809647468315,-1.0127270948914988,
2026-05-11,XLF,0.019875705242156982,51.18,45.38032563011879,-0.1474628524170402,-0.9272260992688388,-1.078652179881493,-1.301258317937532,-1.084863589053243
2026-05-12,XLF,-0.18552922016922388,51.58,53.01527084682625,-0.12920203238280492,-1.5947867286111364,-0.14296211075008736,-1.1395361475325256,-1.0226641689292384
2026-05-13,XLF,0.012106800630688669,50.99,44.89242591831589,-0.15160194255167153,-0.8660166783802289,-1.1066651477503264,-1.2699634019592105,-1.0593952362649526
2026-05-14,XLF,0.8879921293633524,51.29,49.15805655963136,-0.14116971808673484,2.1075444372636563,-0.5643190680649681,-1.1663848907384855,0.32380658726442646
2026-05-15,XLF,0.32213102031704033,51.1,46.69292520188594,-0.141654723069796,0.17577933888699593,-0.8477035966583677,-1.1440688518917992,-0.5272199990102517
2026-05-16,XLF,-0.0007079578936100006,,46.69292520188594,-0.11332377845583683,-0.9174987280437775,-0.823795313704903,-0.9227266339299018,-0.8909560755079524
2026-05-17,XLF,,,46.69292520188594,-0.09065902276466947,,-0.8018215939581285,-0.7476452879579707,
2026-05-18,XLF,,51.74,46.69292520188594,-0.0451824672222306,,-0.7815336327960616,-0.4123013664286321,
2026-05-19,XLF,-0.00407169945538044,51.1,38.04830719594327,-0.06583355801260876,-0.9082692248727328,-1.7668379475350338,-0.5573099962484381,-1.0605520730841347
2026-05-20,XLF,0.2379481594237965,51.66,45.75936240593932,-0.04084617513787145,-0.06833996945901635,-0.7936696917913786,-0.3692807742270467,-0.3762211275891341
2026-05-21,XLF,0.5050791473310161,51.73,46.65321029907081,-0.019740919609181867,0.8517360790162287,-0.6684324435679634,-0.21047299862262236,0.07702279894931577
2026-05-22,XLF,0.2615171491975896,51.925,49.16632106781118,0.005846922864897686,-0.005781684339526229,-0.34798786744007937,-0.01844749272155792,-0.11224328178430168
2026-05-23,XLF,,,49.16632106781118,0.004677538291918137,,-0.3428090974658427,-0.0278818127878381,
2026-03-24,XOM,-0.11471922307815619,165.38,,0.0,,,,
2026-03-25,XOM,-0.1407634049496601,163.26,,-0.13529344729342938,,,,
2026-03-26,XOM,-0.07209265379543416,165.43,,-0.07420776130063131,,,,
2026-03-27,XOM,0.10433036168741992,170.99,,0.32327336318147354,,,,
2026-03-28,XOM,0.05449290546235442,,,0.25861869054517883,,,,
2026-03-29,XOM,0.0735926315679694,,,0.20689495243614306,,,,
2026-03-30,XOM,-0.05615037942940917,171.47,,0.6527244813863367,,,,
2026-03-31,XOM,-0.12075679971546541,169.66,,0.627307553713712,,,,
2026-04-01,XOM,-0.10947222233136078,160.78,,0.007553601171144009,,,,
2026-04-02,XOM,-0.06066132904193397,160.69,,-0.3912907092789472,,,,
2026-04-03,XOM,-0.39181192749833893,,,-0.31303256742315777,,,,
2026-04-04,XOM,0.0948519884328488,,,-0.25042605393852624,,,,
2026-04-05,XOM,0.1377073426411185,,,-0.200340843150821,,,,
2026-04-06,XOM,-0.1659199928791938,163.37,,-0.40551345437724684,,,,
2026-04-07,XOM,0.026835207354296342,163.91,,-0.3792101341986757,,,,
2026-04-08,XOM,-0.13060901235578312,156.22,,-0.8334364852773916,,,,
2026-04-09,XOM,0.0073622107256909215,155.04,,-1.1476856672066582,,,,
2026-04-10,XOM,-0.003932037096420059,152.51,,-1.4412644482978856,,,,
2026-04-11,XOM,-0.2673273861988299,,,-1.1530115586383083,,,,
2026-04-12,XOM,-0.025498776168243753,,,-0.9224092469106466,0.24968701795774498,,-1.106161596636714,
2026-04-13,XOM,0.2140790938717906,152.64,,-1.3401565403360678,1.8487454159754668,,-1.6498719938251563,
2026-04-14,XOM,0.047077443079420425,149.24,,-1.520111766860941,0.6364554237815625,,-1.749802496515403,
2026-04-15,XOM,-0.03575001712522088,149.01,,-1.5486795129908204,0.036348648913934314,,-1.6400824323851122,
2026-04-16,XOM,0.04378518746783336,151.98,,-1.2731166727216112,0.6076361455039963,,-1.1715452392816452,
2026-04-17,XOM,-0.0880949965517572,146.44,16.230699141207495,-1.3615627609851098,-0.374060781985515,,-1.2324657619334978,
2026-04-18,XOM,0.24342540681852987,,16.230699141207495,-1.089250208788088,1.9464605423735142,,-0.8137303991890501,
2026-04-19,XOM,0.0018662856251001406,,16.230699141207495,-0.8714001670304699,0.2120711050443734,,-0.4871268589537954,
2026-04-20,XOM,-0.008403943945689663,147.68,16.230699141207495,-0.9999281450710304,0.13468954691487467,,-0.6586641275661791,
2026-04-21,XOM,-0.06805319256658074,148.36,18.149999554379278,-0.7983474057497846,-0.30310001465075664,,-0.3525687579205404,
2026-04-22,XOM,0.0639535905190658,149.5,20.819074847347466,-0.5200796073201932,0.6777683503561205,,0.06605110140563607,
2026-04-23,XOM,0.20782752277779926,150.53,23.254159385790032,-0.21416768011971055,1.6622370425222617,,0.5246702908455384,
2026-04-24,XOM,0.0026930400033151752,148.91,22.10281931976779,-0.07559403493289274,0.145858962460817,,0.7223407657735389,
2026-04-25,XOM,-0.3090417897143902,,22.10281931976779,-0.06047522794631366,-2.013737071751169,,0.7286646017961769,
2026-04-26,XOM,0.3212589797257579,,22.10281931976779,-0.048380182357050217,2.23215795067935,,0.7308279010608374,
2026-04-27,XOM,-0.014734226467642206,148.19,22.10281931976779,-0.01949495710746252,0.004414043906089307,,0.7591430640607737,
2026-04-28,XOM,-0.018839899682100647,150.56,29.018286394312398,0.24164790423281435,-0.022900943550002176,,1.1381151180185178,
2026-04-29,XOM,-0.06510596156043878,154.67,37.466968784691716,0.693855839895873,-0.3337945480288947,,1.750552858930763,
2026-04-30,XOM,-0.07417216283018925,,37.466968784691716,0.5550846719166986,-0.3905391892654201,,1.4707458093809511,
2026-05-01,XOM,-0.04055842690563853,,37.466968784691716,0.4440677375333588,-0.15343028112784987,,1.2584894310264212,
2026-05-02,XOM,0.0037929477825108526,,37.466968784691716,0.35525419002668723,0.1588209538672443,,1.0937558497994995,
2026-05-03,XOM,0.18339587851687988,,37.466968784691716,0.28420335202135005,1.3943005812359097,,0.9639210358489838,
2026-05-04,XOM,-0.019853506157889597,,37.466968784691716,0.22736268161707995,-0.0450570267221715,,0.8604600767188221,
2026-05-05,XOM,0.06296305621689245,,37.466968784691716,0.18189014529366387,0.5407148893325966,,0.7773239908902807,
2026-05-06,XOM,0.031910735248611544,,37.466968784691716,0.1455121162349311,0.31221600065339555,1.1277424457700376,0.7100652997007156,0.6762287239025842
2026-05-07,XOM,-0.019023565660962378,,37.466968784691716,0.11640969298794479,-0.059470982427209385,1.0684129302460965,0.6553296345548669,0.49333437646940526
2026-05-08,XOM,0.20479770213671764,,37.466968784691716,0.09312775439035592,1.5356694962905129,1.0176794948479375,0.6105404542091467,1.1027337832333304
2026-05-09,XOM,0.31113424240451304,,37.466968784691716,0.07450220351228465,2.163109519579883,0.9736396498813399,0.5736925415249852,1.329443465253851
2026-05-10,XOM,-0.12467533876270703,,37.466968784691716,0.059601762809827985,-0.8554923361654506,0.9349333930459702,0.5432104485622009,0.10124621801627107
2026-05-11,XOM,-0.018970822303121294,,37.466968784691716,0.047681410247862654,-0.11628839628069479,0.9005591975655792,0.517847798648622,0.3790067403519824
2026-05-12,XOM,-0.08076703257812842,,37.466968784691716,0.0381451281982903,-0.5451091712293601,0.8697609547562337,0.49661351069051113,0.19186867114227937
2026-05-13,XOM,0.0468418731009215,,37.466968784691716,0.03051610255863224,0.3576805261606087,0.8419556527571964,0.4787164931482632,0.5392738542358814
2026-05-14,XOM,-0.10826514696360313,,37.466968784691716,0.02441288204690606,-0.7429204180651909,0.8166855100016379,0.4635234477972067,0.08689452011357701
2026-05-15,XOM,-0.012319582461714731,,37.466968784691716,0.019530305637525114,-0.05165231590551902,0.7935853558115539,0.4505262429342777,0.35257255326154185
2026-05-16,XOM,0.49095000000000005,,37.466968784691716,0.015624244510020091,3.202444622073386,0.7723598318034965,0.4393164303956714,1.644480727489105
2026-05-17,XOM,0.434825,,37.466968784691716,0.012499395608016162,2.619901078351887,0.7527671005044655,0.42956519069827936,1.4026601187015781
2026-05-18,XOM,0.46541002139658444,,37.466968784691716,0.00999951648641284,2.6039623826200646,0.7346069740292832,0.4210074596573888,1.3882692831540275
2026-05-19,XOM,0.4514666666666667,,37.466968784691716,0.00799961318913045,2.3695986549647885,0.7177121118396771,0.4134293103335546,1.2871818886378847
2026-05-20,XOM,0.0832923076923077,,37.466968784691716,0.0063996905513046265,0.309016415030301,0.7019413917055158,0.4066578898521514,0.4561863504794206
2026-05-21,XOM,0.3192833333333333,,37.466968784691716,0.00511975244104379,1.5884580468561784,0.6871748468020096,0.40055337376520944,0.9617016849126371
2026-05-22,XOM,,,37.466968784691716,0.00409580195283521,,0.6733097495118311,0.39500252115337103,
2026-05-23,XOM,,,37.466968784691716,0.0032766415622682565,,0.6602575470057264,0.3934940930641196,
2026-03-24,XRP,0.007143552381548406,1.415408027967631,,0.0,,,,
2026-03-25,XRP,0.044460134602217746,1.4141191619971534,,-8.225241520989356e-05,,,,
2026-03-26,XRP,0.10624926970904675,1.3600836971528532,,-0.003577724487821072,,,,
2026-03-27,XRP,0.14873627649840626,1.3248451874975506,,-0.007821565969743687,,,,
2026-03-28,XRP,0.01188392395158374,1.3323665593608292,,-0.009565339041379314,,,,
2026-03-29,XRP,0.15787459117040467,1.326815733126507,,-0.010463142002963069,,,,
2026-03-30,XRP,0.08381629770875332,1.3231326183899086,,-0.01064060237236487,,,,
2026-03-31,XRP,-0.06531083514755945,1.339950995848148,,-0.009024653772709008,,,,
2026-04-01,XRP,0.36520743084061325,1.347802320802554,,-0.006921029201852318,,,,
2026-04-02,XRP,0.19473851708743503,1.3197669883786878,,-0.006896442466755099,,,,
2026-04-03,XRP,-0.23200940785477664,1.3181195507213859,,-0.006476513062279976,,,,
2026-04-04,XRP,0.1809141842428109,1.3151762692894775,,-0.00589874036401725,,,,
2026-04-05,XRP,0.16172429088497126,1.3258857914504834,,-0.004367587894365133,,,,
2026-04-06,XRP,0.07951092008509347,1.3210513379307716,,-0.003301166594708728,,,,
2026-04-07,XRP,-0.1884174590366204,1.3783979354787734,52.53194935117215,0.001393840083522918,,,,
2026-04-08,XRP,0.2603615680639764,1.3427644526449702,42.481674255325785,0.0021801054164203547,,,,
2026-04-09,XRP,0.2042110003752519,1.3438263816757006,42.832687989276,0.00281207662776135,,,,
2026-04-10,XRP,0.15875091107452974,1.3564525994369538,46.976045890735456,0.0040458068967388,,,,
2026-04-11,XRP,0.08310875286947123,1.3550962441221965,46.585439133441405,0.004690477545518917,,,,
2026-04-12,XRP,0.1347205846223024,1.324925236035799,38.847468929536085,0.003082567964948466,0.2826871623204623,,1.238809722507081,
2026-04-13,XRP,-0.014583749171995869,1.3762935183371807,53.12386432950717,0.005343695239476557,-0.7477983485049376,,1.5323345613448676,
2026-04-14,XRP,0.14738564866836143,1.3624216708542107,49.74640755700383,0.00573567579864671,0.4032712127300692,,1.4814072133939595,
2026-04-15,XRP,0.16587428930806544,1.3924792427632688,56.238655140865454,0.0077259632925035324,0.5238654064133236,,1.6751320704177806,
2026-04-16,XRP,0.20476988787494052,1.45346389241683,65.87222509893807,0.012569789266665063,0.7857631115058649,,2.1731154382471347,
2026-04-17,XRP,0.3783495582394454,1.476353085694904,68.66078127233047,0.016488424396149247,1.8835200557582068,,2.3701106647890713,
2026-04-18,XRP,0.017643265227079263,1.4327960773722166,58.81263867111973,0.01534372468920739,-0.6415621057824963,,1.985532906739873,
2026-04-19,XRP,0.1313025661125392,1.3945251012028366,51.78448242559145,0.011387802620660793,0.1660811799886473,,1.394184185886086,
2026-04-20,XRP,0.06359598016784862,1.4249707617722913,56.262307789133345,0.010236616926363898,-0.3199006843416362,,1.1938391884858859,
2026-04-21,XRP,0.27088974323395815,1.4340007532376116,57.522356562530135,0.009513703419064783,1.1624248139891986,,1.0624716250781294,
2026-04-22,XRP,0.19106596840003076,1.4297181524721518,56.68823497553953,0.008225856752133356,0.5639656499149079,,0.875836749455379,
2026-04-23,XRP,0.01393197343613932,1.4392365719588547,58.14109084165654,0.007513432455000465,-0.7329348016028405,,0.7668796633020599,
2026-04-24,XRP,0.2939975290485587,1.4338170202298675,56.96932474179498,0.006228587152817419,1.3037235305773618,,0.5930963893645973,
2026-04-25,XRP,0.08288078784222404,1.4241822098055779,54.85281080851828,0.004369108995796931,-0.25219571577750566,,0.3515706677002547,
2026-04-26,XRP,0.2895822002442979,1.4310433371557632,56.10349313239984,0.003289713143552954,1.247864439192933,0.34275393658191083,0.2097324991629529,0.6648917064006323
2026-04-27,XRP,0.20238721659335193,1.4006368092862846,49.55209024512112,0.00037000886765364144,0.5886447771349843,-0.5211752572478818,-0.16836426314534744,0.028596054736024952
2026-04-28,XRP,0.12795719943527598,1.3803640629754172,45.718816591406124,-0.0029042384131145633,0.029965187784134543,-0.9970850613830367,-0.5901491459417371,-0.4641841870837783
2026-04-29,XRP,0.08114726984102737,1.3687304371436366,43.63284419188451,-0.005671117094575321,-0.321466346742196,-1.210793705373028,-0.93491024431456,-0.7722977236031547
2026-04-30,XRP,0.15159459053546284,1.3674177986578608,43.39227460700468,-0.007303355691099588,0.2184388551194036,-1.1791793339525731,-1.1183175611829872,-0.6018735264929066
2026-05-01,XRP,0.18910923600294813,1.3856472487803833,47.70452918152732,-0.0068750829536038255,0.5031869627137423,-0.5871793342892766,-1.0327567904471344,-0.2847060523354264
2026-05-02,XRP,0.14728270681069316,1.3937519361024975,49.54480105808937,-0.005808241399162107,0.17117985117127038,-0.33096407938832434,-0.8711458403606595,-0.292161035456187
2026-05-03,XRP,0.07529171577585485,1.3879259929415149,48.2309139078395,-0.005272865014451496,-0.39805376754339356,-0.5003874482313393,-0.7839316200927524,-0.5445172275145849
2026-05-04,XRP,-0.049467494544779,1.3915070890874384,49.124028354311854,-0.00448631281872428,-1.356245288423603,-0.36797215135302835,-0.6668719431627903,-0.8529513437241867
2026-05-05,XRP,0.0796990392667416,1.4127783923257737,54.18052292756393,-0.0024443879530620816,-0.32125627737623225,0.34436325781901406,-0.3862293736427794,-0.1410623456976225
2026-05-06,XRP,0.2568610923098425,1.4248387609014184,56.80203169959807,-0.0003049099712296626,1.080311940698116,0.7050529330327682,-0.09356556543940228,0.6155709865572562
2026-05-07,XRP,0.2214831540703106,1.3868973692292481,47.57935300812061,-0.0014067431315125589,0.7812728575970785,-0.6246694355203899,-0.24265354578616166,0.05231224864686597
2026-05-08,XRP,0.08857000420381783,1.4180593394943168,54.162194021808745,-6.9186033153373e-05,-0.28977752680207863,0.33855979353820137,-0.05560723215492183,-0.031025242305847606
2026-05-09,XRP,0.17551710337602516,1.4203018398965113,54.60398921275193,0.0008818013506461898,0.4151656424207814,0.3975513492452188,0.07761941492935652,0.30861748622068513
2026-05-10,XRP,0.1756115192811428,1.4732338079500136,63.53736176998039,0.004773515598387764,0.4109254841259114,1.6497655452949371,0.6231017778302516,0.8462303905879212
2026-05-11,XRP,0.3492675279148405,1.4774690632848275,64.14534216858033,0.00718582013254412,1.7738616518206014,1.6432826015225304,0.9501394213011393,1.4875712675753416
2026-05-12,XRP,0.21802655298368437,1.436884157926952,54.728141731762285,0.0056677064443654696,0.6979514540248256,0.292028486170437,0.7210542588856752,0.5831054051267639
2026-05-13,XRP,0.39837753418142,1.4267671321735653,52.652976803517014,0.003697135835770325,2.0541250172181615,-0.008604503673966347,0.4317373265598599,0.9485898537530326
2026-05-14,XRP,0.1209643624761266,1.4852415419935456,61.6938115782155,0.005915193218290388,-0.13066580225773908,1.2735593769373093,0.7430699850334392,0.5527224876881289
2026-05-15,XRP,0.13356406883858749,1.4335232084358998,52.1998315517637,0.0035966018713900066,-0.030124211344165625,-0.10754583302776279,0.39997630078206076,0.07567945578862313
2026-05-16,XRP,0.20359907929261647,1.4133505934990351,49.03044709578913,0.0005610480627201153,0.5263244348816963,-0.5657413675266681,-0.046658884447596034,0.026809698360399294
2026-05-17,XRP,0.13308555575540393,1.400872352557553,47.12442581352208,-0.002274996949549069,-0.04373690324401543,-0.8318136672016448,-0.46319252252426457,-0.405996618215379
2026-05-18,XRP,0.15639461411097197,1.389235294988342,45.35370864973007,-0.004778456011583679,0.14528247717211246,-1.0680017180164512,-0.8255112125397318,-0.5099408882980099
2026-05-19,XRP,0.16981476508811794,1.3604133702321803,41.222285550490795,-0.008028028191524962,0.2534960048958429,-1.6111858160475048,-1.2826105376900567,-0.7667405041629313
2026-05-20,XRP,0.2804321250958462,1.365797765915013,42.280103858403,-0.009373636717454954,1.1488870710612666,-1.406145465214113,-1.4432529079125276,-0.3952646835134855
2026-05-21,XRP,0.1674096864456229,1.3726909202501263,43.67758316343955,-0.009337688821889949,0.2107787600339766,-1.1722245563139633,-1.4011508443966594,-0.6877011161995961
2026-05-22,XRP,0.041857704798970025,1.3341026179087168,38.11431139692267,-0.011318930405088641,-0.8261396594400258,-1.870770381933251,-1.6381889430674994,-1.3831436612762356
2026-05-23,XRP,,,38.11431139692267,-0.009055144324070914,,-1.784527039088797,-1.2716983391217926,
