date,level,name,term,combined_compound,rsi,macd_hist,asset_seta_score,universe,weighting,seta_score
2026-03-24,asset,AAPL,AAPL,0.2996945355990607,,0.0,,stocks,mcap,
2026-03-25,asset,AAPL,AAPL,0.3536349941274317,,0.06254131054131448,,stocks,mcap,
2026-03-26,asset,AAPL,AAPL,0.1957840903299806,,0.11555069845212074,,stocks,mcap,
2026-03-27,asset,AAPL,AAPL,0.2858470655159909,,-0.11870155544625413,,stocks,mcap,
2026-03-28,asset,AAPL,AAPL,0.21812055238884726,,-0.0949612443570033,,stocks,mcap,
2026-03-29,asset,AAPL,AAPL,0.40794411411843706,,-0.07596899548560265,,stocks,mcap,
2026-03-30,asset,AAPL,AAPL,0.2505973377386356,,-0.5077116633089018,,stocks,mcap,
2026-03-31,asset,AAPL,AAPL,0.1498163727475953,,-0.15648950435805076,,stocks,mcap,
2026-04-01,asset,AAPL,AAPL,0.34086628714388595,,0.19104575094837506,,stocks,mcap,
2026-04-02,asset,AAPL,AAPL,0.2026705030241458,,0.41869894329131413,,stocks,mcap,
2026-04-03,asset,AAPL,AAPL,0.22134336611761307,,0.3349591546330513,,stocks,mcap,
2026-04-04,asset,AAPL,AAPL,0.2839530376721532,,0.26796732370644105,,stocks,mcap,
2026-04-05,asset,AAPL,AAPL,0.3716182574995328,,0.21437385896515282,,stocks,mcap,
2026-04-06,asset,AAPL,AAPL,0.2893701441875902,,0.8682001953752144,,stocks,mcap,
2026-04-07,asset,AAPL,AAPL,0.3085435666719275,,0.5976122620636302,,stocks,mcap,
2026-04-08,asset,AAPL,AAPL,0.16012091206861526,,0.7364752131219199,,stocks,mcap,
2026-04-09,asset,AAPL,AAPL,0.25060540292724487,,0.8798707456372192,,stocks,mcap,
2026-04-10,asset,AAPL,AAPL,0.28631183541131955,,0.9144765161176331,,stocks,mcap,
2026-04-11,asset,AAPL,AAPL,0.31251619666222197,,0.7315812128941066,,stocks,mcap,
2026-04-12,asset,AAPL,AAPL,0.3341461501401212,,0.5852649703152852,,stocks,mcap,
2026-04-13,asset,AAPL,AAPL,0.2138230685016701,,0.6017100998219167,,stocks,mcap,
2026-04-14,asset,AAPL,AAPL,0.330816031673663,,0.4742788191172296,,stocks,mcap,
2026-04-15,asset,AAPL,AAPL,0.24191388273009135,,0.838511778329722,,stocks,mcap,
2026-04-16,asset,AAPL,AAPL,0.2254153239216711,,0.8115237600766512,,stocks,mcap,
2026-04-17,asset,AAPL,AAPL,0.2623187044617285,75.64901438771369,1.1681333073089926,,stocks,mcap,
2026-04-18,asset,AAPL,AAPL,0.3476125204023241,75.64901438771369,0.9345066458471942,,stocks,mcap,
2026-04-19,asset,AAPL,AAPL,0.3578518152841398,75.64901438771369,0.7476053166777552,,stocks,mcap,
2026-04-20,asset,AAPL,AAPL,0.2488693261389465,75.64901438771369,1.4790728226572178,,stocks,mcap,
2026-04-21,asset,AAPL,AAPL,0.2707854579601102,60.507287564386715,1.0766656587308843,,stocks,mcap,
2026-04-22,asset,AAPL,AAPL,0.2287924626322649,66.49519499594359,1.1825982544409461,,stocks,mcap,
2026-04-23,asset,AAPL,AAPL,0.3132339964828068,66.69717074940607,1.168768766832942,,stocks,mcap,
2026-04-24,asset,AAPL,AAPL,0.413278422182844,62.970759720384486,0.9100953738932169,,stocks,mcap,
2026-04-25,asset,AAPL,AAPL,0.26086473023436807,62.970759720384486,0.7280762991145728,,stocks,mcap,
2026-04-26,asset,AAPL,AAPL,0.362216618582333,62.970759720384486,0.5824610392916583,,stocks,mcap,
2026-04-27,asset,AAPL,AAPL,0.28005919412235036,62.970759720384486,0.14209977893536863,,stocks,mcap,
2026-04-28,asset,AAPL,AAPL,0.26634724447849806,66.28482350975584,0.04318345600287987,,stocks,mcap,
2026-04-29,asset,AAPL,AAPL,0.3147027340159405,65.39018631270578,-0.09851291930128792,,stocks,mcap,
2026-04-30,asset,AAPL,AAPL,0.3250699127033229,66.45561791398748,-0.14960413187244725,,stocks,mcap,
2026-05-01,asset,AAPL,AAPL,0.36250902228440474,73.09896389947963,0.3447659017617557,,stocks,mcap,
2026-05-02,asset,AAPL,AAPL,0.32316789182972566,73.09896389947963,0.2758127214094044,,stocks,mcap,
2026-05-03,asset,AAPL,AAPL,0.3108245643688021,73.09896389947963,0.22065017712752333,,stocks,mcap,
2026-05-04,asset,AAPL,AAPL,0.296087178257261,73.09896389947963,0.4280229263637345,,stocks,mcap,
2026-05-05,asset,AAPL,AAPL,0.2700240137254351,77.99943752962275,0.8166365027791098,,stocks,mcap,
2026-05-06,asset,AAPL,AAPL,0.32218578558684086,79.48529601005119,1.1827544432961687,1.158401806309415,stocks,mcap,
2026-05-07,asset,AAPL,AAPL,0.25501093283826665,79.36395559994186,1.2959042540189722,0.7235856294539992,stocks,mcap,
2026-05-08,asset,AAPL,AAPL,0.34066081845153073,81.86793068146494,1.6213285135302566,1.5168463985525444,stocks,mcap,
2026-05-09,asset,AAPL,AAPL,0.40149788919055784,81.86793068146494,1.2970628108242055,1.6346781622098725,stocks,mcap,
2026-05-10,asset,AAPL,AAPL,0.4020144636749384,81.86793068146494,1.0376502486593644,1.4134843721012151,stocks,mcap,
2026-05-11,asset,AAPL,AAPL,0.3118575904425137,81.86793068146494,1.484863435414539,1.0563714721021609,stocks,mcap,
2026-05-12,asset,AAPL,AAPL,0.23993564171975862,82.87559593672825,1.4566901363472988,0.5790018811755783,stocks,mcap,
2026-05-13,asset,AAPL,AAPL,0.27749203869794603,84.34168000590178,1.5538761608030827,0.8846529903269027,stocks,mcap,
2026-05-14,asset,AAPL,AAPL,0.2709359164669613,83.09924213541446,1.4191411806903353,0.6843540002440487,stocks,mcap,
2026-05-15,asset,AAPL,AAPL,0.26995596227029434,83.88184232755383,1.3139024674847661,0.6223389685264417,stocks,mcap,
2026-05-16,asset,AAPL,AAPL,0.4402469178726568,83.88184232755383,1.0511219739878115,1.5231345975685662,stocks,mcap,
2026-05-17,asset,AAPL,AAPL,0.6137091204722063,83.88184232755383,0.8408975791902478,2.1163354430971526,stocks,mcap,
2026-05-18,asset,AAPL,AAPL,0.32835618225291024,83.88184232755383,0.7073866529199613,0.5240555820598851,stocks,mcap,
2026-05-19,asset,AAPL,AAPL,0.41602479051729974,84.42451886961355,0.43456514986158545,0.8252918486469115,stocks,mcap,
2026-05-20,asset,AAPL,AAPL,0.4014871059439639,85.65482489776186,0.36489015420718296,0.7293917645284775,stocks,mcap,
2026-05-21,asset,AAPL,AAPL,0.44311201389567606,86.60657868573549,0.39090273526382546,0.9552640253799086,stocks,mcap,
2026-05-22,asset,AAPL,AAPL,0.22098580567980183,87.81987782186235,0.5435589436616421,-0.060049107625246526,stocks,mcap,
2026-05-23,asset,AAPL,AAPL,,87.81987782186235,0.43484715492931336,,stocks,mcap,
2026-03-24,asset,AFRM,AFRM,0.5037077092198035,,0.0,,stocks,mcap,
2026-03-25,asset,AFRM,AFRM,0.20628570265173912,,0.01659259259259329,,stocks,mcap,
2026-03-26,asset,AFRM,AFRM,0.6891073310228065,,-0.05049631740002496,,stocks,mcap,
2026-03-27,asset,AFRM,AFRM,-0.02341428571428572,,-0.17406128884836083,,stocks,mcap,
2026-03-28,asset,AFRM,AFRM,,,-0.13924903107868866,,stocks,mcap,
2026-03-29,asset,AFRM,AFRM,,,-0.11139922486295092,,stocks,mcap,
2026-03-30,asset,AFRM,AFRM,0.19763495652228596,,-0.1972816627556831,,stocks,mcap,
2026-03-31,asset,AFRM,AFRM,0.12991268623918295,,-0.02547351284435248,,stocks,mcap,
2026-04-01,asset,AFRM,AFRM,0.836,,0.06723190132370657,,stocks,mcap,
2026-04-02,asset,AFRM,AFRM,0.14346678603061488,,0.1723527941092227,,stocks,mcap,
2026-04-03,asset,AFRM,AFRM,0.6701589429725427,,0.13788223528737814,,stocks,mcap,
2026-04-04,asset,AFRM,AFRM,0.7604910319093615,,0.11030578822990253,,stocks,mcap,
2026-04-05,asset,AFRM,AFRM,-0.3388487273275852,,0.08824463058392203,,stocks,mcap,
2026-04-06,asset,AFRM,AFRM,-0.20793382477611302,,0.4721412386896472,,stocks,mcap,
2026-04-07,asset,AFRM,AFRM,0.49638,,0.4561746825108534,,stocks,mcap,
2026-04-08,asset,AFRM,AFRM,0.4938141691036523,,0.5741785902659369,,stocks,mcap,
2026-04-09,asset,AFRM,AFRM,0.5154,,0.5638032595325565,,stocks,mcap,
2026-04-10,asset,AFRM,AFRM,-0.607135220515728,,0.4926428319627185,,stocks,mcap,
2026-04-11,asset,AFRM,AFRM,0.80545,,0.3941142655701748,,stocks,mcap,
2026-04-12,asset,AFRM,AFRM,0.8288666666666668,,0.3152914124561399,,stocks,mcap,
2026-04-13,asset,AFRM,AFRM,0.3407,,0.6284925271526384,,stocks,mcap,
2026-04-14,asset,AFRM,AFRM,0.4646,,0.9003718850043589,,stocks,mcap,
2026-04-15,asset,AFRM,AFRM,0.4939,,1.2553950427402905,,stocks,mcap,
2026-04-16,asset,AFRM,AFRM,0.25943333333333335,,1.440671459273927,,stocks,mcap,
2026-04-17,asset,AFRM,AFRM,0.17282,85.40611985899024,1.7337487125706939,,stocks,mcap,
2026-04-18,asset,AFRM,AFRM,0.6072,85.40611985899024,1.3869989700565548,,stocks,mcap,
2026-04-19,asset,AFRM,AFRM,0.4939,85.40611985899024,1.109599176045244,,stocks,mcap,
2026-04-20,asset,AFRM,AFRM,0.17,85.40611985899024,1.8180338613595213,,stocks,mcap,
2026-04-21,asset,AFRM,AFRM,0.33956666666666663,73.04011092978087,1.6445952046582795,,stocks,mcap,
2026-04-22,asset,AFRM,AFRM,0.06743333333333333,75.54152856756613,1.5416613646031907,,stocks,mcap,
2026-04-23,asset,AFRM,AFRM,0.35015,63.92761469949978,1.1286982175039073,,stocks,mcap,
2026-04-24,asset,AFRM,AFRM,0.0,65.11487783437774,0.8174590469940801,,stocks,mcap,
2026-04-25,asset,AFRM,AFRM,,65.11487783437774,0.6539672375952641,,stocks,mcap,
2026-04-26,asset,AFRM,AFRM,0.1531,65.11487783437774,0.5231737900762106,,stocks,mcap,
2026-04-27,asset,AFRM,AFRM,0.41335,65.11487783437774,0.4816356384742022,,stocks,mcap,
2026-04-28,asset,AFRM,AFRM,0.9042,58.249880111036845,0.16803756302765027,,stocks,mcap,
2026-04-29,asset,AFRM,AFRM,0.7579,58.86805227291064,-0.06339233914876274,,stocks,mcap,
2026-04-30,asset,AFRM,AFRM,0.34835,58.86805227291064,-0.05071387131901073,,stocks,mcap,
2026-05-01,asset,AFRM,AFRM,,58.86805227291064,-0.040571097055209115,,stocks,mcap,
2026-05-02,asset,AFRM,AFRM,,58.86805227291064,-0.032456877644167825,,stocks,mcap,
2026-05-03,asset,AFRM,AFRM,0.8097,58.86805227291064,-0.025965502115334438,,stocks,mcap,
2026-05-04,asset,AFRM,AFRM,0.17556666666666665,58.86805227291064,-0.020772401692267906,,stocks,mcap,
2026-05-05,asset,AFRM,AFRM,0.39165,58.86805227291064,-0.01661792135381468,,stocks,mcap,
2026-05-06,asset,AFRM,AFRM,-0.46535992093384265,58.86805227291064,-0.013294337083052277,-1.373533874826447,stocks,mcap,
2026-05-07,asset,AFRM,AFRM,0.135025,58.86805227291064,-0.010635469666442354,-0.6894209905860207,stocks,mcap,
2026-05-08,asset,AFRM,AFRM,0.54915,58.86805227291064,-0.008508375733153883,-0.21690043271467266,stocks,mcap,
2026-05-09,asset,AFRM,AFRM,0.6763333333333333,58.86805227291064,-0.006806700586523107,-0.06990132996091167,stocks,mcap,
2026-05-10,asset,AFRM,AFRM,0.4215,58.86805227291064,-0.005445360469218841,-0.3478586013709807,stocks,mcap,
2026-05-11,asset,AFRM,AFRM,0.40090824022858096,58.86805227291064,-0.004356288375375605,-0.36205405685947434,stocks,mcap,
2026-05-12,asset,AFRM,AFRM,0.1171,58.86805227291064,-0.0034850307003004843,-0.6765626362342013,stocks,mcap,
2026-05-13,asset,AFRM,AFRM,0.21364,58.86805227291064,-0.0027880245602407427,-0.5538041999985527,stocks,mcap,
2026-05-14,asset,AFRM,AFRM,0.2961416666666667,58.86805227291064,-0.002230419648192594,-0.44836059407017304,stocks,mcap,
2026-05-15,asset,AFRM,AFRM,0.5881833333333334,58.86805227291064,-0.0017843357185540754,-0.0988054490469823,stocks,mcap,
2026-05-16,asset,AFRM,AFRM,,58.86805227291064,-0.001427468574843438,,stocks,mcap,
2026-05-17,asset,AFRM,AFRM,0.66445,58.86805227291064,-0.0011419748598751056,-0.0014609090158613502,stocks,mcap,
2026-05-18,asset,AFRM,AFRM,0.37095,58.86805227291064,-0.0009135798879000845,-0.34618918410875166,stocks,mcap,
2026-05-19,asset,AFRM,AFRM,0.11549999999999999,58.86805227291064,-0.0007308639103200676,-0.6444559252057168,stocks,mcap,
2026-05-20,asset,AFRM,AFRM,-0.5062000000000001,58.86805227291064,-0.0005846911282567646,-1.3211653290548389,stocks,mcap,
2026-05-21,asset,AFRM,AFRM,0.02865781620770693,58.86805227291064,-0.0004677529026055893,-0.6942263552132224,stocks,mcap,
2026-05-22,asset,AFRM,AFRM,0.5857207306444645,58.86805227291064,-0.000374202322085182,-0.05054938500689879,stocks,mcap,
2026-05-23,asset,AFRM,AFRM,,58.86805227291064,-0.00029936185766832324,,stocks,mcap,
2026-03-24,asset,AMC,AMC,0.062041772062363755,,0.0,,stocks,mcap,
2026-03-25,asset,AMC,AMC,0.019851990248907374,,-0.00037652421652420995,,stocks,mcap,
2026-03-26,asset,AMC,AMC,0.10789527005951076,,-0.0021682224007922458,,stocks,mcap,
2026-03-27,asset,AMC,AMC,0.06614850749948797,,-0.004263044369654136,,stocks,mcap,
2026-03-28,asset,AMC,AMC,0.19788281225798496,,-0.0034104354957233086,,stocks,mcap,
2026-03-29,asset,AMC,AMC,-0.04658107361231293,,-0.002728348396578647,,stocks,mcap,
2026-03-30,asset,AMC,AMC,0.20593385974923237,,-0.0021436094175226266,,stocks,mcap,
2026-03-31,asset,AMC,AMC,0.32638029424733067,,-0.0015642215607367732,,stocks,mcap,
2026-04-01,asset,AMC,AMC,0.0797237817581039,,0.0021097685529284102,,stocks,mcap,
2026-04-02,asset,AMC,AMC,0.254094158923752,,0.010078696739470039,,stocks,mcap,
2026-04-03,asset,AMC,AMC,0.34562816724144635,,0.008062957391576031,,stocks,mcap,
2026-04-04,asset,AMC,AMC,0.11321568440984266,,0.006450365913260825,,stocks,mcap,
2026-04-05,asset,AMC,AMC,0.05754838955680427,,0.00516029273060866,,stocks,mcap,
2026-04-06,asset,AMC,AMC,0.15691485222365623,,0.03133537773449501,,stocks,mcap,
2026-04-07,asset,AMC,AMC,0.171196740401132,,0.036072438832947015,,stocks,mcap,
2026-04-08,asset,AMC,AMC,0.3767291288217742,,0.04079132251814087,,stocks,mcap,
2026-04-09,asset,AMC,AMC,0.3311343400478008,,0.04196758640635777,,stocks,mcap,
2026-04-10,asset,AMC,AMC,0.02711438557444885,,0.04012791388430904,,stocks,mcap,
2026-04-11,asset,AMC,AMC,0.5059835423522477,,0.03210233110744722,,stocks,mcap,
2026-04-12,asset,AMC,AMC,0.21336999073851026,,0.025681864885957778,,stocks,mcap,
2026-04-13,asset,AMC,AMC,0.3553271992305107,,0.03795228897996841,,stocks,mcap,
2026-04-14,asset,AMC,AMC,0.20738348839671314,,0.042236875601918925,,stocks,mcap,
2026-04-15,asset,AMC,AMC,0.1042940586778935,,0.05022169043216476,,stocks,mcap,
2026-04-16,asset,AMC,AMC,-0.011893272645432088,,0.04786733791370043,,stocks,mcap,
2026-04-17,asset,AMC,AMC,0.3341214560805493,85.09144384118575,0.058830391091226425,,stocks,mcap,
2026-04-18,asset,AMC,AMC,0.45573869753560264,85.09144384118575,0.04706431287298113,,stocks,mcap,
2026-04-19,asset,AMC,AMC,0.18005086628762437,85.09144384118575,0.0376514502983849,,stocks,mcap,
2026-04-20,asset,AMC,AMC,0.3520122009497349,85.09144384118575,0.051929523216708684,,stocks,mcap,
2026-04-21,asset,AMC,AMC,0.2553965453097246,64.74592382991206,0.037477368091930724,,stocks,mcap,
2026-04-22,asset,AMC,AMC,0.18270877452620504,66.5030941212504,0.02746975584174899,,stocks,mcap,
2026-04-23,asset,AMC,AMC,0.2538056132954533,63.11524937857715,0.015604490295672624,,stocks,mcap,
2026-04-24,asset,AMC,AMC,-0.055318143981469926,60.62094032511141,0.0037994913271308106,,stocks,mcap,
2026-04-25,asset,AMC,AMC,0.06109472493793625,60.62094032511141,0.0030395930617046207,,stocks,mcap,
2026-04-26,asset,AMC,AMC,-0.016579848311525407,60.62094032511141,0.00243167444936368,,stocks,mcap,
2026-04-27,asset,AMC,AMC,0.19710703276769048,60.62094032511141,-0.0061217086480588045,,stocks,mcap,
2026-04-28,asset,AMC,AMC,0.34701418273514656,59.5655130195162,-0.013403746218347556,,stocks,mcap,
2026-04-29,asset,AMC,AMC,-0.07337987116387976,53.07775772524158,-0.023982917655967162,,stocks,mcap,
2026-04-30,asset,AMC,AMC,0.24103560759238365,50.13729830842126,-0.033466722604230115,,stocks,mcap,
2026-05-01,asset,AMC,AMC,0.24271546993778348,45.397525399131496,-0.043605068815199655,,stocks,mcap,
2026-05-02,asset,AMC,AMC,-0.006038753329976956,45.397525399131496,-0.03488405505215972,,stocks,mcap,
2026-05-03,asset,AMC,AMC,0.32931318954757843,45.397525399131496,-0.027907244041727786,,stocks,mcap,
2026-05-04,asset,AMC,AMC,0.18598880294590658,45.397525399131496,-0.041115248642383195,,stocks,mcap,
2026-05-05,asset,AMC,AMC,0.2677915873495563,56.46815681458346,-0.03516316359250973,,stocks,mcap,
2026-05-06,asset,AMC,AMC,0.3276448047990523,59.06914905871534,-0.027463190322312703,-0.07060201682907358,stocks,mcap,
2026-05-07,asset,AMC,AMC,0.13705623031219508,51.16743085428277,-0.029857728583291374,-0.7744617886468648,stocks,mcap,
2026-05-08,asset,AMC,AMC,0.24612931488603484,49.967700573440574,-0.0320039672715917,-0.49620534520097404,stocks,mcap,
2026-05-09,asset,AMC,AMC,0.4088367906722529,49.967700573440574,-0.025603173817273367,0.025533835078894063,stocks,mcap,
2026-05-10,asset,AMC,AMC,0.1278314678775755,49.967700573440574,-0.020482539053818694,-0.6896235210410442,stocks,mcap,
2026-05-11,asset,AMC,AMC,0.24556153857699917,49.967700573440574,-0.03382832194819524,-0.4784290591431156,stocks,mcap,
2026-05-12,asset,AMC,AMC,0.3707263227854849,45.000474977999225,-0.04109420716026589,-0.29366065524753565,stocks,mcap,
2026-05-13,asset,AMC,AMC,0.3039447460136221,44.44655020656813,-0.044717754555184445,-0.5042778282616917,stocks,mcap,
2026-05-14,asset,AMC,AMC,0.2036284291629162,45.17334221783586,-0.044490128743595744,-0.7430487406945003,stocks,mcap,
2026-05-15,asset,AMC,AMC,0.4159217712970009,41.65227906155584,-0.04622642916137107,-0.22043903770057877,stocks,mcap,
2026-05-16,asset,AMC,AMC,0.4241064796831482,41.65227906155584,-0.036981143329096855,-0.10507961440679087,stocks,mcap,
2026-05-17,asset,AMC,AMC,0.04007806064467671,41.65227906155584,-0.029584914663277485,-1.0778572954189598,stocks,mcap,
2026-05-18,asset,AMC,AMC,0.28877029923641645,41.65227906155584,-0.028491926473046797,-0.362788920846348,stocks,mcap,
2026-05-19,asset,AMC,AMC,0.1747279965377505,41.65227906155584,-0.024703405006675738,-0.6312123500748799,stocks,mcap,
2026-05-20,asset,AMC,AMC,0.17994605226836535,53.147515989637924,-0.010826851913910805,-0.22434213606729897,stocks,mcap,
2026-05-21,asset,AMC,AMC,0.35014127917865817,55.50748178619277,0.0010118090490274698,0.4207030546031668,stocks,mcap,
2026-05-22,asset,AMC,AMC,0.40912341224273696,52.65141837172954,0.00584483731248117,0.5559305979199249,stocks,mcap,
2026-05-23,asset,AMC,AMC,,52.65141837172954,0.004675869849984936,,stocks,mcap,
2026-03-24,asset,AMD,AMD,0.1182418286543172,,0.0,,stocks,mcap,
2026-03-25,asset,AMD,AMD,0.18500758734507905,,0.9508831908831781,,stocks,mcap,
2026-03-26,asset,AMD,AMD,0.13782061581747418,,0.44187277700665617,,stocks,mcap,
2026-03-27,asset,AMD,AMD,0.257577791703256,,-0.017098604543351048,,stocks,mcap,
2026-03-28,asset,AMD,AMD,0.3622437862419209,,-0.013678883634680838,,stocks,mcap,
2026-03-29,asset,AMD,AMD,0.36783005110292866,,-0.010943106907744693,,stocks,mcap,
2026-03-30,asset,AMD,AMD,0.2597992256882565,,-0.9911899454469439,,stocks,mcap,
2026-03-31,asset,AMD,AMD,0.03778049415525429,,-0.7892334253432493,,stocks,mcap,
2026-04-01,asset,AMD,AMD,0.3814031695234823,,-0.18761564799993474,,stocks,mcap,
2026-04-02,asset,AMD,AMD,0.30070106026885485,,0.6659388872009678,,stocks,mcap,
2026-04-03,asset,AMD,AMD,0.07442440492773465,,0.5327511097607742,,stocks,mcap,
2026-04-04,asset,AMD,AMD,0.35105544723150073,,0.42620088780861937,,stocks,mcap,
2026-04-05,asset,AMD,AMD,0.44619794519710804,,0.34096071024689545,,stocks,mcap,
2026-04-06,asset,AMD,AMD,0.20411973955029467,,1.6974360266876647,,stocks,mcap,
2026-04-07,asset,AMD,AMD,0.0908724717393658,,1.9478468205667776,,stocks,mcap,
2026-04-08,asset,AMD,AMD,0.24629944188516573,,2.647991232298838,,stocks,mcap,
2026-04-09,asset,AMD,AMD,0.26487806566516486,,3.238199307181687,,stocks,mcap,
2026-04-10,asset,AMD,AMD,0.37651295900137843,,3.9496484586161036,,stocks,mcap,
2026-04-11,asset,AMD,AMD,0.27305343293635925,,3.1597187668928823,,stocks,mcap,
2026-04-12,asset,AMD,AMD,0.24785588765497252,,2.5277750135143053,,stocks,mcap,
2026-04-13,asset,AMD,AMD,0.38350109401873733,,3.7951144303886544,,stocks,mcap,
2026-04-14,asset,AMD,AMD,0.4120734867357105,,4.223329646022901,,stocks,mcap,
2026-04-15,asset,AMD,AMD,0.33219291276902524,,4.399937497395442,,stocks,mcap,
2026-04-16,asset,AMD,AMD,0.32031709389491575,,5.490200178965267,,stocks,mcap,
2026-04-17,asset,AMD,AMD,0.20818660028110617,94.90502310074868,5.806465906573088,,stocks,mcap,
2026-04-18,asset,AMD,AMD,0.37912704405600023,94.90502310074868,4.645172725258471,,stocks,mcap,
2026-04-19,asset,AMD,AMD,0.46125125883552465,94.90502310074868,3.7161381802067766,,stocks,mcap,
2026-04-20,asset,AMD,AMD,0.3219571677810775,94.90502310074868,4.3685606283751035,,stocks,mcap,
2026-04-21,asset,AMD,AMD,0.25806181984096016,95.33293791535502,4.3838790703132045,,stocks,mcap,
2026-04-22,asset,AMD,AMD,0.377474139745078,95.92951487914183,5.234470730888681,,stocks,mcap,
2026-04-23,asset,AMD,AMD,0.1966470895023876,95.98401208766732,5.460793573689003,,stocks,mcap,
2026-04-24,asset,AMD,AMD,0.2912732550213493,96.97484994624571,7.863161672680132,,stocks,mcap,
2026-04-25,asset,AMD,AMD,0.410657452893418,96.97484994624571,6.290529338144104,,stocks,mcap,
2026-04-26,asset,AMD,AMD,0.17588634445059267,96.97484994624571,5.032423470515283,,stocks,mcap,
2026-04-27,asset,AMD,AMD,0.16187894036169623,96.97484994624571,6.961389143076531,,stocks,mcap,
2026-04-28,asset,AMD,AMD,0.16496225868488185,89.03199503443318,5.599002729511948,,stocks,mcap,
2026-04-29,asset,AMD,AMD,0.1837292089419853,89.91437431973645,5.102087951151095,,stocks,mcap,
2026-04-30,asset,AMD,AMD,0.21014991874676778,90.90015707546897,5.384139900157031,,stocks,mcap,
2026-05-01,asset,AMD,AMD,0.18050346619940702,91.22180009019452,5.4043217985613765,,stocks,mcap,
2026-05-02,asset,AMD,AMD,0.27433122046380415,91.22180009019452,4.323457438849097,,stocks,mcap,
2026-05-03,asset,AMD,AMD,0.17716707006072918,91.22180009019452,3.458765951079279,,stocks,mcap,
2026-05-04,asset,AMD,AMD,0.16520310184659437,91.22180009019452,2.438151003578561,,stocks,mcap,
2026-05-05,asset,AMD,AMD,0.15770847453959136,92.07611122925056,1.8881586026308739,,stocks,mcap,
2026-05-06,asset,AMD,AMD,0.2800654923031947,94.38683891483576,5.364346241915378,0.42745561077770733,stocks,mcap,
2026-05-07,asset,AMD,AMD,0.21291593063195413,88.92642083891818,6.124187098563702,-0.3073145916650125,stocks,mcap,
2026-05-08,asset,AMD,AMD,0.2763560651574404,90.96154378955305,8.93504586512335,0.4727200205713395,stocks,mcap,
2026-05-09,asset,AMD,AMD,0.2806670671749631,90.96154378955305,7.148036692098678,0.267747898349348,stocks,mcap,
2026-05-10,asset,AMD,AMD,0.3596725811862386,90.96154378955305,5.718429353678943,0.4061432478411292,stocks,mcap,
2026-05-11,asset,AMD,AMD,0.30611978049850413,90.96154378955305,9.80865389331914,0.6339883724797453,stocks,mcap,
2026-05-12,asset,AMD,AMD,0.22171986498261678,86.17506113885337,8.588373751634734,-0.29278845917789487,stocks,mcap,
2026-05-13,asset,AMD,AMD,0.17948021342253329,85.13047353279585,6.777082986301558,-0.672443047928061,stocks,mcap,
2026-05-14,asset,AMD,AMD,0.31905127978942244,85.41704864172533,5.120948193875314,-0.20902739411346472,stocks,mcap,
2026-05-15,asset,AMD,AMD,0.14471548748071336,75.82465232164917,1.735441423286943,-1.722506804989111,stocks,mcap,
2026-05-16,asset,AMD,AMD,0.12251325227086447,75.82465232164917,1.3883531386295545,-1.6533897428911837,stocks,mcap,
2026-05-17,asset,AMD,AMD,0.25057651218167165,75.82465232164917,1.1106825109036436,-1.0559705164278776,stocks,mcap,
2026-05-18,asset,AMD,AMD,0.2793942143534877,75.82465232164917,-1.8463285364838669,-1.1669106741204702,stocks,mcap,
2026-05-19,asset,AMD,AMD,0.27636925490317427,72.84186790837904,-4.334108957850212,-1.4358326815209108,stocks,mcap,
2026-05-20,asset,AMD,AMD,0.20471759472371043,76.72407515075624,-3.967251678403997,-1.4463497711576925,stocks,mcap,
2026-05-21,asset,AMD,AMD,0.17734656209134983,76.93691036910995,-3.832884650867612,-1.469930892956276,stocks,mcap,
2026-05-22,asset,AMD,AMD,0.08095615669029041,78.78395358776048,-2.836779449559465,-1.6401370669291688,stocks,mcap,
2026-05-23,asset,AMD,AMD,,78.78395358776048,-2.269423559647578,,stocks,mcap,
2026-03-24,asset,AMZN,AMZN,0.37362817983544544,,0.0,,stocks,mcap,
2026-03-25,asset,AMZN,AMZN,0.38983687762362096,,0.2852649572649625,,stocks,mcap,
2026-03-26,asset,AMZN,AMZN,0.27932603306168297,,0.18233961087976694,,stocks,mcap,
2026-03-27,asset,AMZN,AMZN,0.267033925414216,,-0.41610115464571756,,stocks,mcap,
2026-03-28,asset,AMZN,AMZN,0.20436450966064348,,-0.332880923716574,,stocks,mcap,
2026-03-29,asset,AMZN,AMZN,0.4097558204914165,,-0.26630473897325924,,stocks,mcap,
2026-03-30,asset,AMZN,AMZN,0.157629914152682,,-0.7109931199811497,,stocks,mcap,
2026-03-31,asset,AMZN,AMZN,0.12540839225993092,,-0.3261804265397665,,stocks,mcap,
2026-04-01,asset,AMZN,AMZN,0.2203722405593562,,0.08250446531780942,,stocks,mcap,
2026-04-02,asset,AMZN,AMZN,0.20199782714376804,,0.2867052491101945,,stocks,mcap,
2026-04-03,asset,AMZN,AMZN,0.29181091852524677,,0.22936419928815563,,stocks,mcap,
2026-04-04,asset,AMZN,AMZN,0.30066220312265846,,0.18349135943052453,,stocks,mcap,
2026-04-05,asset,AMZN,AMZN,0.19266087815514416,,0.14679308754441964,,stocks,mcap,
2026-04-06,asset,AMZN,AMZN,0.3743814992885751,,0.7556257301745826,,stocks,mcap,
2026-04-07,asset,AMZN,AMZN,0.3595823746177033,,0.9013638073788998,,stocks,mcap,
2026-04-08,asset,AMZN,AMZN,0.3145186876133689,,1.4205332924135405,,stocks,mcap,
2026-04-09,asset,AMZN,AMZN,0.2148505983025969,,2.4572918502803667,,stocks,mcap,
2026-04-10,asset,AMZN,AMZN,0.16976185241784658,,3.269034468198785,,stocks,mcap,
2026-04-11,asset,AMZN,AMZN,0.41307000676665445,,2.615227574559028,,stocks,mcap,
2026-04-12,asset,AMZN,AMZN,0.3511313931732612,,2.092182059647222,,stocks,mcap,
2026-04-13,asset,AMZN,AMZN,0.181238084583225,,3.3434540710367795,,stocks,mcap,
2026-04-14,asset,AMZN,AMZN,0.33751221092160455,,3.9225829726353183,,stocks,mcap,
2026-04-15,asset,AMZN,AMZN,0.08268646434678716,,4.000895773040288,,stocks,mcap,
2026-04-16,asset,AMZN,AMZN,0.23804204196254627,,3.8618489882359794,,stocks,mcap,
2026-04-17,asset,AMZN,AMZN,0.23053809319706173,90.4614682662879,3.5633545478867994,,stocks,mcap,
2026-04-18,asset,AMZN,AMZN,0.3405168640786529,90.4614682662879,2.850683638309439,,stocks,mcap,
2026-04-19,asset,AMZN,AMZN,0.36136649342130106,90.4614682662879,2.2805469106475513,,stocks,mcap,
2026-04-20,asset,AMZN,AMZN,0.27925672934750567,90.4614682662879,2.2175314504871206,,stocks,mcap,
2026-04-21,asset,AMZN,AMZN,0.25918503811137633,90.78767603826219,1.808311831241035,,stocks,mcap,
2026-04-22,asset,AMZN,AMZN,0.31974753274301343,91.62780728629241,1.7120587510305025,,stocks,mcap,
2026-04-23,asset,AMZN,AMZN,0.3076291992940822,91.16779903806098,1.4474354379506416,,stocks,mcap,
2026-04-24,asset,AMZN,AMZN,0.29811039394880373,92.46428328756804,1.6743382484578628,,stocks,mcap,
2026-04-25,asset,AMZN,AMZN,0.36434057860614344,92.46428328756804,1.3394705987662903,,stocks,mcap,
2026-04-26,asset,AMZN,AMZN,0.23289089252601916,92.46428328756804,1.0715764790130322,,stocks,mcap,
2026-04-27,asset,AMZN,AMZN,0.3936823960182612,92.46428328756804,1.2526150278088828,,stocks,mcap,
2026-04-28,asset,AMZN,AMZN,0.22260648380426595,89.64352040542681,0.8071014697178338,,stocks,mcap,
2026-04-29,asset,AMZN,AMZN,0.30728858190267005,90.2570392364749,0.5847228262478534,,stocks,mcap,
2026-04-30,asset,AMZN,AMZN,0.2864377983366809,90.61899435842594,0.428286262537128,,stocks,mcap,
2026-05-01,asset,AMZN,AMZN,0.3480153816075417,91.17811854926778,0.3957102723570749,,stocks,mcap,
2026-05-02,asset,AMZN,AMZN,0.36448230024545997,91.17811854926778,0.31656821788565814,,stocks,mcap,
2026-05-03,asset,AMZN,AMZN,0.296392886304739,91.17811854926778,0.2532545743085244,,stocks,mcap,
2026-05-04,asset,AMZN,AMZN,0.313983192103861,91.17811854926778,0.6901002917056047,,stocks,mcap,
2026-05-05,asset,AMZN,AMZN,0.42593031803961623,91.49762466296252,0.5823978634371869,,stocks,mcap,
2026-05-06,asset,AMZN,AMZN,0.4077184961107312,91.7493706264463,0.4548686862628468,0.5889970700228765,stocks,mcap,
2026-05-07,asset,AMZN,AMZN,0.34801499896856736,84.59376872846869,-0.015119872245710653,-1.1509355040278253,stocks,mcap,
2026-05-08,asset,AMZN,AMZN,0.3294177899880987,85.08882350512727,-0.3349351501820994,-0.9823225984992857,stocks,mcap,
2026-05-09,asset,AMZN,AMZN,0.4261649059373697,85.08882350512727,-0.2679481201456806,-0.3857580052246637,stocks,mcap,
2026-05-10,asset,AMZN,AMZN,0.42043515475443277,85.08882350512727,-0.2143584961165459,-0.333326086413394,stocks,mcap,
2026-05-11,asset,AMZN,AMZN,0.08562907268635284,85.08882350512727,-0.8190308655952556,-1.9177253123981446,stocks,mcap,
2026-05-12,asset,AMZN,AMZN,0.27551931085268183,78.01049186303582,-1.4497210619231442,-1.6136285454230832,stocks,mcap,
2026-05-13,asset,AMZN,AMZN,0.447452471957491,79.99603252096627,-1.6093337856572738,-0.5876722917500135,stocks,mcap,
2026-05-14,asset,AMZN,AMZN,0.2878927623819742,75.06752132339719,-1.922412648662526,-1.5058967001426047,stocks,mcap,
2026-05-15,asset,AMZN,AMZN,0.24386604259834838,70.14183413226718,-2.321736438851289,-1.8098484567500666,stocks,mcap,
2026-05-16,asset,AMZN,AMZN,0.5188916065943748,70.14183413226718,-1.8573891510810334,-0.3732799945933316,stocks,mcap,
2026-05-17,asset,AMZN,AMZN,0.3287055821335381,70.14183413226718,-1.485911320864826,-1.0191275334916337,stocks,mcap,
2026-05-18,asset,AMZN,AMZN,0.2837548008429866,70.14183413226718,-1.9755881934025155,-1.2248713304500065,stocks,mcap,
2026-05-19,asset,AMZN,AMZN,0.2492595561864203,60.56230346697556,-2.4984505245810738,-1.6678028617111886,stocks,mcap,
2026-05-20,asset,AMZN,AMZN,0.1249906103577833,64.8853125772849,-2.417552108439896,-1.9379587600645989,stocks,mcap,
2026-05-21,asset,AMZN,AMZN,0.3961474480612359,67.23851308756562,-2.098634104720114,-0.5873866295970009,stocks,mcap,
2026-05-22,asset,AMZN,AMZN,,64.35747826609938,-1.9992057725598285,,stocks,mcap,
2026-05-23,asset,AMZN,AMZN,,64.35747826609938,-1.5993646180478631,,stocks,mcap,
2026-03-24,asset,ARM,ARM,0.19100869565217393,,0.0,,stocks,mcap,
2026-03-25,asset,ARM,ARM,0.00301236832921604,,1.4110085470085323,,stocks,mcap,
2026-03-26,asset,ARM,ARM,0.19083109973975765,,2.0733518981177075,,stocks,mcap,
2026-03-27,asset,ARM,ARM,-0.21088888888888888,,1.6909313111164126,,stocks,mcap,
2026-03-28,asset,ARM,ARM,0.3894333333333333,,1.35274504889313,,stocks,mcap,
2026-03-29,asset,ARM,ARM,0.060979770001769046,,1.082196039114504,,stocks,mcap,
2026-03-30,asset,ARM,ARM,0.15919689841169868,,0.24681948140027754,,stocks,mcap,
2026-03-31,asset,ARM,ARM,0.3455111111111111,,0.7548944188264368,,stocks,mcap,
2026-04-01,asset,ARM,ARM,0.2442687684115395,,1.2560137109397358,,stocks,mcap,
2026-04-02,asset,ARM,ARM,0.0869,,1.1014189064363413,,stocks,mcap,
2026-04-03,asset,ARM,ARM,,,0.8811351251490729,,stocks,mcap,
2026-04-04,asset,ARM,ARM,0.4362497379665928,,0.7049081001192583,,stocks,mcap,
2026-04-05,asset,ARM,ARM,0.3818,,0.5639264800954065,,stocks,mcap,
2026-04-06,asset,ARM,ARM,0.26335,,0.6004240378394363,,stocks,mcap,
2026-04-07,asset,ARM,ARM,0.25952500979031123,,0.1179315123977327,,stocks,mcap,
2026-04-08,asset,ARM,ARM,0.014725000000000016,,0.10007265450809699,,stocks,mcap,
2026-04-09,asset,ARM,ARM,0.18252075490206482,,0.10834471320831662,,stocks,mcap,
2026-04-10,asset,ARM,ARM,0.6131249999999999,,0.02063363800282758,,stocks,mcap,
2026-04-11,asset,ARM,ARM,0.46545873376280067,,0.01650691040226171,,stocks,mcap,
2026-04-12,asset,ARM,ARM,-0.2642303630486131,,0.013205528321809101,,stocks,mcap,
2026-04-13,asset,ARM,ARM,0.32742559651037056,,0.7643681256337258,,stocks,mcap,
2026-04-14,asset,ARM,ARM,0.8572,,1.1187493999741056,,stocks,mcap,
2026-04-15,asset,ARM,ARM,,,1.1258241091631467,,stocks,mcap,
2026-04-16,asset,ARM,ARM,0.5364827448248863,,1.2230689657319536,,stocks,mcap,
2026-04-17,asset,ARM,ARM,0.1031896608165268,90.34157405506123,1.4589282721301053,,stocks,mcap,
2026-04-18,asset,ARM,ARM,0.29611226792484524,90.34157405506123,1.1671426177040836,,stocks,mcap,
2026-04-19,asset,ARM,ARM,,90.34157405506123,0.9337140941632667,,stocks,mcap,
2026-04-20,asset,ARM,ARM,0.2889073318392038,90.34157405506123,2.118842684119592,,stocks,mcap,
2026-04-21,asset,ARM,ARM,0.07409255862534045,90.37518342257563,2.2210768826025573,,stocks,mcap,
2026-04-22,asset,ARM,ARM,0.5040274091255024,91.73879217859357,3.4542197955822616,,stocks,mcap,
2026-04-23,asset,ARM,ARM,0.270562758190278,92.19309589529028,4.4914957904821335,,stocks,mcap,
2026-04-24,asset,ARM,ARM,0.4062625130524665,93.61373898888,6.755592876789137,,stocks,mcap,
2026-04-25,asset,ARM,ARM,,93.61373898888,5.404474301431311,,stocks,mcap,
2026-04-26,asset,ARM,ARM,0.24443801476003757,93.61373898888,4.323579441145046,,stocks,mcap,
2026-04-27,asset,ARM,ARM,-0.05110545557604895,93.61373898888,5.414860185159901,,stocks,mcap,
2026-04-28,asset,ARM,ARM,0.2613800525408859,82.14294507724034,3.7725169922762163,,stocks,mcap,
2026-04-29,asset,ARM,ARM,0.17788385376751423,82.47543289630359,2.602973535954032,,stocks,mcap,
2026-04-30,asset,ARM,ARM,0.3823896611786261,82.47543289630359,2.0823788287632254,,stocks,mcap,
2026-05-01,asset,ARM,ARM,0.36554468276277186,82.47543289630359,1.6659030630105782,,stocks,mcap,
2026-05-02,asset,ARM,ARM,0.4767,82.47543289630359,1.3327224504084612,,stocks,mcap,
2026-05-03,asset,ARM,ARM,0.20429786958917978,82.47543289630359,1.066177960326769,,stocks,mcap,
2026-05-04,asset,ARM,ARM,0.37777499999999997,82.47543289630359,0.852942368261413,,stocks,mcap,
2026-05-05,asset,ARM,ARM,-0.23308,82.47543289630359,0.682353894609129,,stocks,mcap,
2026-05-06,asset,ARM,ARM,0.2923331186412885,82.47543289630359,0.5458831156873032,-0.43502379028981497,stocks,mcap,
2026-05-07,asset,ARM,ARM,0.19111758282542893,82.47543289630359,0.43670649254984184,-0.615549718285859,stocks,mcap,
2026-05-08,asset,ARM,ARM,0.32170389108161135,82.47543289630359,0.34936519403987276,-0.38140898567349923,stocks,mcap,
2026-05-09,asset,ARM,ARM,0.5719,82.47543289630359,0.2794921552318961,0.055720732062545464,stocks,mcap,
2026-05-10,asset,ARM,ARM,-0.19192458253949882,82.47543289630359,0.22359372418551615,-1.26941836609612,stocks,mcap,
2026-05-11,asset,ARM,ARM,0.7235267538145185,82.47543289630359,0.1788749793484108,0.2808882778852627,stocks,mcap,
2026-05-12,asset,ARM,ARM,-0.10105855670422316,82.47543289630359,0.1430999834787272,-1.0768575107491014,stocks,mcap,
2026-05-13,asset,ARM,ARM,0.41866498009000597,82.47543289630359,0.11447998678298177,-0.21403664865954697,stocks,mcap,
2026-05-14,asset,ARM,ARM,0.10505723664313554,82.47543289630359,0.09158398942638257,-0.726396706906182,stocks,mcap,
2026-05-15,asset,ARM,ARM,0.010427015999917466,82.47543289630359,0.07326719154110606,-0.8701207656013953,stocks,mcap,
2026-05-16,asset,ARM,ARM,0.2716880239383007,82.47543289630359,0.058613753232883425,-0.42539318410913557,stocks,mcap,
2026-05-17,asset,ARM,ARM,0.0,82.47543289630359,0.04689100258630674,-0.870419982281892,stocks,mcap,
2026-05-18,asset,ARM,ARM,-0.05750952614203096,82.47543289630359,0.03751280206904539,-0.9484604580659499,stocks,mcap,
2026-05-19,asset,ARM,ARM,0.39012310615430273,82.47543289630359,0.03001024165523347,-0.19125775700937306,stocks,mcap,
2026-05-20,asset,ARM,ARM,0.33459808194567675,82.47543289630359,0.024008193324185356,-0.2803830856802625,stocks,mcap,
2026-05-21,asset,ARM,ARM,0.13561724434677688,82.47543289630359,0.019206554659348285,-0.6116622051751155,stocks,mcap,
2026-05-22,asset,ARM,ARM,,82.47543289630359,0.015365243727476496,,stocks,mcap,
2026-05-23,asset,ARM,ARM,,82.47543289630359,0.012292194981981197,,stocks,mcap,
2026-03-24,asset,BAC,BAC,0.27148493601560797,,0.0,,stocks,mcap,
2026-03-25,asset,BAC,BAC,0.32678702781394453,,0.038928774928768915,,stocks,mcap,
2026-03-26,asset,BAC,BAC,0.24005810452870366,,0.028652131070360836,,stocks,mcap,
2026-03-27,asset,BAC,BAC,0.1193779303020018,,-0.060493525867939074,,stocks,mcap,
2026-03-28,asset,BAC,BAC,-0.15116500924920875,,-0.048394820694351255,,stocks,mcap,
2026-03-29,asset,BAC,BAC,-0.11569652000319564,,-0.038715856555481,,stocks,mcap,
2026-03-30,asset,BAC,BAC,-0.0734159720306288,,-0.10290805701669431,,stocks,mcap,
2026-03-31,asset,BAC,BAC,0.13971667758235054,,-0.017749666804874352,,stocks,mcap,
2026-04-01,asset,BAC,BAC,0.027504239920475668,,0.07019900707707077,,stocks,mcap,
2026-04-02,asset,BAC,BAC,0.05387424433408104,,0.1289609219913236,,stocks,mcap,
2026-04-03,asset,BAC,BAC,0.04374495719818638,,0.10316873759305889,,stocks,mcap,
2026-04-04,asset,BAC,BAC,0.18834673363815624,,0.0825349900744471,,stocks,mcap,
2026-04-05,asset,BAC,BAC,0.23623538290534574,,0.06602799205955767,,stocks,mcap,
2026-04-06,asset,BAC,BAC,0.1623369396864897,,0.23002745809585398,,stocks,mcap,
2026-04-07,asset,BAC,BAC,0.1733201732203124,,0.2595253392757795,,stocks,mcap,
2026-04-08,asset,BAC,BAC,0.10143735929735612,,0.3648314842237173,,stocks,mcap,
2026-04-09,asset,BAC,BAC,0.21838110210652262,,0.46216133223303724,,stocks,mcap,
2026-04-10,asset,BAC,BAC,0.21106976463995641,,0.484518577405731,,stocks,mcap,
2026-04-11,asset,BAC,BAC,0.30707771931120875,,0.3876148619245847,,stocks,mcap,
2026-04-12,asset,BAC,BAC,0.21216275250171734,,0.3100918895396677,,stocks,mcap,
2026-04-13,asset,BAC,BAC,0.2011305087715859,,0.46145010825033883,,stocks,mcap,
2026-04-14,asset,BAC,BAC,0.12098858685085687,,0.4470795326679359,,stocks,mcap,
2026-04-15,asset,BAC,BAC,0.33870100410951415,,0.46820261244457195,,stocks,mcap,
2026-04-16,asset,BAC,BAC,0.3042459059968537,,0.39580255097092776,,stocks,mcap,
2026-04-17,asset,BAC,BAC,0.33816670414175043,81.81418584089265,0.34489658640688425,,stocks,mcap,
2026-04-18,asset,BAC,BAC,0.37094369926177373,81.81418584089265,0.2759172691255074,,stocks,mcap,
2026-04-19,asset,BAC,BAC,0.20161527988439246,81.81418584089265,0.2207338153004057,,stocks,mcap,
2026-04-20,asset,BAC,BAC,0.23252754723952193,81.81418584089265,0.22123649021784741,,stocks,mcap,
2026-04-21,asset,BAC,BAC,0.3117548002825491,76.34016522492368,0.13328454604437012,,stocks,mcap,
2026-04-22,asset,BAC,BAC,0.34868467020582583,73.05455524874432,0.03516508327807455,,stocks,mcap,
2026-04-23,asset,BAC,BAC,0.28968800825483976,67.41296090999482,-0.08277086963675995,,stocks,mcap,
2026-04-24,asset,BAC,BAC,0.32156553190136095,63.97511620909487,-0.19207830290298977,,stocks,mcap,
2026-04-25,asset,BAC,BAC,0.34700932046683414,63.97511620909487,-0.1536626423223919,,stocks,mcap,
2026-04-26,asset,BAC,BAC,0.36608919413525204,63.97511620909487,-0.12293011385791353,,stocks,mcap,
2026-04-27,asset,BAC,BAC,0.33013798663099186,63.97511620909487,-0.18249161516987034,,stocks,mcap,
2026-04-28,asset,BAC,BAC,0.3695136264561747,64.15076028198648,-0.20965701363750577,,stocks,mcap,
2026-04-29,asset,BAC,BAC,0.19768686782633915,65.24139890853192,-0.21261435351823543,,stocks,mcap,
2026-04-30,asset,BAC,BAC,0.21116373477206235,68.0049864117571,-0.17678457252791446,,stocks,mcap,
2026-05-01,asset,BAC,BAC,0.2740825063918163,65.8657921698768,-0.16917323518594007,,stocks,mcap,
2026-05-02,asset,BAC,BAC,0.5101291665095675,65.8657921698768,-0.1353385881487521,,stocks,mcap,
2026-05-03,asset,BAC,BAC,0.32752808724871746,65.8657921698768,-0.10827087051900186,,stocks,mcap,
2026-05-04,asset,BAC,BAC,0.43275833333333336,65.8657921698768,-0.2121684969390245,,stocks,mcap,
2026-05-05,asset,BAC,BAC,0.14471378334836973,71.04468331955398,-0.18907669650367565,,stocks,mcap,
2026-05-06,asset,BAC,BAC,0.17421125392782466,72.90657897338147,-0.14227720625884754,-0.311635712854467,stocks,mcap,
2026-05-07,asset,BAC,BAC,0.3647499359024471,64.94278036803885,-0.16762471629155673,-0.13537352211484327,stocks,mcap,
2026-05-08,asset,BAC,BAC,0.2763881036219235,54.15109984064557,-0.27413418103487364,-0.9027664125220405,stocks,mcap,
2026-05-09,asset,BAC,BAC,0.39301459585568377,54.15109984064557,-0.21930734482789893,-0.4327168357892526,stocks,mcap,
2026-05-10,asset,BAC,BAC,0.3981988245300326,54.15109984064557,-0.1754458758623192,-0.32126665857562037,stocks,mcap,
2026-05-11,asset,BAC,BAC,0.16735036596760108,54.15109984064557,-0.3701566780210298,-1.1768328234039775,stocks,mcap,
2026-05-12,asset,BAC,BAC,0.2547273888569301,55.73146493972045,-0.3998740795906007,-0.8590641692360838,stocks,mcap,
2026-05-13,asset,BAC,BAC,0.33011292015089944,49.59959537660733,-0.4617591948351655,-0.8476904728404039,stocks,mcap,
2026-05-14,asset,BAC,BAC,0.3011509990095012,49.66304604631187,-0.4788830665815154,-0.8861807242202482,stocks,mcap,
2026-05-15,asset,BAC,BAC,0.14791595955899078,49.130171303520285,-0.47170591478655294,-1.2890147270681445,stocks,mcap,
2026-05-16,asset,BAC,BAC,0.3272637602256444,49.130171303520285,-0.37736473182924235,-0.6082335764951317,stocks,mcap,
2026-05-17,asset,BAC,BAC,0.342503254890562,49.130171303520285,-0.3018917854633939,-0.45159589363691743,stocks,mcap,
2026-05-18,asset,BAC,BAC,0.1698403990759547,49.130171303520285,-0.25917066472090694,-0.8973776797051884,stocks,mcap,
2026-05-19,asset,BAC,BAC,0.15922557155010392,49.22177606239883,-0.20697748511016845,-0.8452524446148642,stocks,mcap,
2026-05-20,asset,BAC,BAC,0.2271684207615597,53.14610646956011,-0.12799299124963798,-0.42884039719231115,stocks,mcap,
2026-05-21,asset,BAC,BAC,0.23437720551397248,54.98406820188583,-0.05329576564858779,-0.264815665521009,stocks,mcap,
2026-05-22,asset,BAC,BAC,0.16782490612342954,57.10957408873047,0.017791797970622747,-0.3256369567286106,stocks,mcap,
2026-05-23,asset,BAC,BAC,,57.10957408873047,0.014233438376498209,,stocks,mcap,
2026-03-24,asset,BP,BP,0.12710717696738894,,0.0,,stocks,mcap,
2026-03-25,asset,BP,BP,-0.33022077537886796,,0.039566951566951045,,stocks,mcap,
2026-03-26,asset,BP,BP,0.406397647298229,,0.1107038287026944,,stocks,mcap,
2026-03-27,asset,BP,BP,-0.20313338424532365,,0.18169227855316694,,stocks,mcap,
2026-03-28,asset,BP,BP,-0.2872149346671171,,0.14535382284253354,,stocks,mcap,
2026-03-29,asset,BP,BP,0.19126422807376545,,0.11628305827402682,,stocks,mcap,
2026-03-30,asset,BP,BP,-0.24585545669102576,,0.2644197265340027,,stocks,mcap,
2026-03-31,asset,BP,BP,0.27886504672261786,,0.2636896093941017,,stocks,mcap,
2026-04-01,asset,BP,BP,-0.11100685130494337,,0.1938836777578466,,stocks,mcap,
2026-04-02,asset,BP,BP,0.227231613423356,,0.19759524757658997,,stocks,mcap,
2026-04-03,asset,BP,BP,0.02512889661406382,,0.158076198061272,,stocks,mcap,
2026-04-04,asset,BP,BP,-0.14091496716864638,,0.12646095844901756,,stocks,mcap,
2026-04-05,asset,BP,BP,-0.03367326828539372,,0.10116876675921405,,stocks,mcap,
2026-04-06,asset,BP,BP,-0.22400149916108283,,0.18741547072552167,,stocks,mcap,
2026-04-07,asset,BP,BP,-0.07252466659391565,,0.1580878714596703,,stocks,mcap,
2026-04-08,asset,BP,BP,-0.10725682675940398,,0.040149390984822286,,stocks,mcap,
2026-04-09,asset,BP,BP,0.3013341458777004,,-0.04044562891460868,,stocks,mcap,
2026-04-10,asset,BP,BP,-0.12706061930507423,,-0.05949402147536864,,stocks,mcap,
2026-04-11,asset,BP,BP,,,-0.04759521718029491,,stocks,mcap,
2026-04-12,asset,BP,BP,,,-0.038076173744235886,,stocks,mcap,
2026-04-13,asset,BP,BP,0.28144715356081723,,-0.0590762361135595,,stocks,mcap,
2026-04-14,asset,BP,BP,-0.872,,-0.08870648933637254,,stocks,mcap,
2026-04-15,asset,BP,BP,-0.5859,,-0.11026597303418134,,stocks,mcap,
2026-04-16,asset,BP,BP,0.7506,,-0.025829796977103636,,stocks,mcap,
2026-04-17,asset,BP,BP,,54.33356194248289,-0.1696953777741363,,stocks,mcap,
2026-04-18,asset,BP,BP,,54.33356194248289,-0.13575630221930907,,stocks,mcap,
2026-04-19,asset,BP,BP,0.45367500000000005,54.33356194248289,-0.10860504177544728,,stocks,mcap,
2026-04-20,asset,BP,BP,0.5719880681180395,54.33356194248289,-0.20740668147962493,,stocks,mcap,
2026-04-21,asset,BP,BP,0.41058184627279637,58.38245678674773,-0.1773813244542904,,stocks,mcap,
2026-04-22,asset,BP,BP,0.4215,60.18626066854843,-0.12222341892436561,,stocks,mcap,
2026-04-23,asset,BP,BP,,60.06436546446085,-0.08455829417963676,,stocks,mcap,
2026-04-24,asset,BP,BP,0.6124,59.41640233166108,-0.06474446126596847,,stocks,mcap,
2026-04-25,asset,BP,BP,,59.41640233166108,-0.051795569012774795,,stocks,mcap,
2026-04-26,asset,BP,BP,0.0,59.41640233166108,-0.04143645521021985,,stocks,mcap,
2026-04-27,asset,BP,BP,0.5586333333333333,59.41640233166108,-0.05540308460632781,,stocks,mcap,
2026-04-28,asset,BP,BP,0.53522,61.537187932488806,-0.03320028316764656,,stocks,mcap,
2026-04-29,asset,BP,BP,0.46230000000000004,63.51841860920457,0.009891513713715466,,stocks,mcap,
2026-04-30,asset,BP,BP,,63.51841860920457,0.007913210970972362,,stocks,mcap,
2026-05-01,asset,BP,BP,0.68665,63.51841860920457,0.006330568776777873,,stocks,mcap,
2026-05-02,asset,BP,BP,,63.51841860920457,0.005064455021422304,,stocks,mcap,
2026-05-03,asset,BP,BP,,63.51841860920457,0.0040515640171378264,,stocks,mcap,
2026-05-04,asset,BP,BP,0.38820000000000005,63.51841860920457,0.0032412512137102445,,stocks,mcap,
2026-05-05,asset,BP,BP,-0.21866666666666668,63.51841860920457,0.002593000970968179,,stocks,mcap,
2026-05-06,asset,BP,BP,-0.07975000000000002,63.51841860920457,0.0020744007767745376,0.05086627134259649,stocks,mcap,
2026-05-07,asset,BP,BP,0.1852,63.51841860920457,0.0016595206214196356,0.3164011243912214,stocks,mcap,
2026-05-08,asset,BP,BP,-0.1736,63.51841860920457,0.0013276164971356974,-0.07322532487011588,stocks,mcap,
2026-05-09,asset,BP,BP,,63.51841860920457,0.001062093197708558,,stocks,mcap,
2026-05-10,asset,BP,BP,,63.51841860920457,0.0008496745581668408,,stocks,mcap,
2026-05-11,asset,BP,BP,0.42775,63.51841860920457,0.0006797396465334782,0.5399061988093559,stocks,mcap,
2026-05-12,asset,BP,BP,,63.51841860920457,0.0005437917172267659,,stocks,mcap,
2026-05-13,asset,BP,BP,0.15019999999999997,63.51841860920457,0.00043503337378139606,0.22522273326852738,stocks,mcap,
2026-05-14,asset,BP,BP,,63.51841860920457,0.00034802669902511685,,stocks,mcap,
2026-05-15,asset,BP,BP,0.3182,63.51841860920457,0.00027842135922009903,0.39450328687372505,stocks,mcap,
2026-05-16,asset,BP,BP,,63.51841860920457,0.00022273708737607922,,stocks,mcap,
2026-05-17,asset,BP,BP,-0.9517,63.51841860920457,0.00017818966990085228,-0.8944129912906261,stocks,mcap,
2026-05-18,asset,BP,BP,0.9118,63.51841860920457,0.00014255173592067627,0.9421213930833242,stocks,mcap,
2026-05-19,asset,BP,BP,,63.51841860920457,0.00011404138873652436,,stocks,mcap,
2026-05-20,asset,BP,BP,0.5986,63.51841860920457,9.123311098921394e-05,0.6154806764607863,stocks,mcap,
2026-05-21,asset,BP,BP,0.9609,63.51841860920457,7.29864887913656e-05,0.9198087676976354,stocks,mcap,
2026-05-22,asset,BP,BP,,63.51841860920457,5.838919103309803e-05,,stocks,mcap,
2026-05-23,asset,BP,BP,,63.51841860920457,4.671135282646732e-05,,stocks,mcap,
2026-03-24,asset,C,C,0.6078929905043253,,0.0,,stocks,mcap,
2026-03-25,asset,C,C,0.2045997395101806,,0.0472250712250684,,stocks,mcap,
2026-03-26,asset,C,C,0.3174543669861555,,-0.05786098489461665,,stocks,mcap,
2026-03-27,asset,C,C,0.40693795411237443,,-0.4416723281804589,,stocks,mcap,
2026-03-28,asset,C,C,0.2982114047484868,,-0.35333786254436705,,stocks,mcap,
2026-03-29,asset,C,C,0.21282224267513622,,-0.28267029003549365,,stocks,mcap,
2026-03-30,asset,C,C,0.2427976909786386,,-0.6944185130402017,,stocks,mcap,
2026-03-31,asset,C,C,0.2217989301261994,,-0.3709534300487324,,stocks,mcap,
2026-04-01,asset,C,C,0.24416278967246147,,-0.02324171483211579,,stocks,mcap,
2026-04-02,asset,C,C,-0.009826917342964259,,0.19768640181304847,,stocks,mcap,
2026-04-03,asset,C,C,0.24064428204692184,,0.1581491214504388,,stocks,mcap,
2026-04-04,asset,C,C,0.37552202792225237,,0.12651929716035104,,stocks,mcap,
2026-04-05,asset,C,C,0.25379158825881665,,0.10121543772828084,,stocks,mcap,
2026-04-06,asset,C,C,-0.20785643974306683,,0.6077073820295104,,stocks,mcap,
2026-04-07,asset,C,C,0.06922781987966137,,0.6725246239135406,,stocks,mcap,
2026-04-08,asset,C,C,0.21883635378260066,,1.0844899867770394,,stocks,mcap,
2026-04-09,asset,C,C,-0.022609874491672954,,1.3753523067612343,,stocks,mcap,
2026-04-10,asset,C,C,0.5207804347826087,,1.4468447749888396,,stocks,mcap,
2026-04-11,asset,C,C,0.7933739130434782,,1.1574758199910715,,stocks,mcap,
2026-04-12,asset,C,C,0.549108,,0.9259806559928572,,stocks,mcap,
2026-04-13,asset,C,C,0.4809595238095238,,1.32934934266202,,stocks,mcap,
2026-04-14,asset,C,C,0.4243026086956522,,1.4980086548297376,,stocks,mcap,
2026-04-15,asset,C,C,0.548536,,1.6404650378070453,,stocks,mcap,
2026-04-16,asset,C,C,0.48894038461538464,,1.470664401129305,,stocks,mcap,
2026-04-17,asset,C,C,0.6070325581395348,78.71756477922494,1.4419100774711127,,stocks,mcap,
2026-04-18,asset,C,C,0.8293083333333334,78.71756477922494,1.15352806197689,,stocks,mcap,
2026-04-19,asset,C,C,0.8704999999999999,78.71756477922494,0.9228224495815116,,stocks,mcap,
2026-04-20,asset,C,C,0.5109259259259259,78.71756477922494,1.1504689783707995,,stocks,mcap,
2026-04-21,asset,C,C,0.5768215384615385,73.62604689781975,0.9218024597185064,,stocks,mcap,
2026-04-22,asset,C,C,0.5324658227848101,68.12222067664807,0.5664958285556168,,stocks,mcap,
2026-04-23,asset,C,C,0.5228231884057971,64.85565795117438,0.19573512502302037,,stocks,mcap,
2026-04-24,asset,C,C,0.5429585365853659,63.432622901122045,-0.12168793485247953,,stocks,mcap,
2026-04-25,asset,C,C,0.26226620196836353,63.432622901122045,-0.09735034788198327,,stocks,mcap,
2026-04-26,asset,C,C,0.6293781963626854,63.432622901122045,-0.07788027830558697,,stocks,mcap,
2026-04-27,asset,C,C,0.5969126984126985,63.432622901122045,-0.25049422806535127,,stocks,mcap,
2026-04-28,asset,C,C,0.6321506666666666,61.3487735854439,-0.42385442847074906,,stocks,mcap,
2026-04-29,asset,C,C,0.20325909090909092,58.792429609688185,-0.6077459434849075,,stocks,mcap,
2026-04-30,asset,C,C,0.4052541666666667,58.792429609688185,-0.486196754787926,,stocks,mcap,
2026-05-01,asset,C,C,0.5383478260869565,58.792429609688185,-0.3889574038303407,,stocks,mcap,
2026-05-02,asset,C,C,0.8115073170731707,58.792429609688185,-0.3111659230642725,,stocks,mcap,
2026-05-03,asset,C,C,,58.792429609688185,-0.24893273845141817,,stocks,mcap,
2026-05-04,asset,C,C,0.6093218181818182,58.792429609688185,-0.1991461907611347,,stocks,mcap,
2026-05-05,asset,C,C,0.4642717391304348,58.792429609688185,-0.15931695260890777,,stocks,mcap,
2026-05-06,asset,C,C,0.2799016564670064,58.792429609688185,-0.12745356208712622,-0.6761857054236737,stocks,mcap,
2026-05-07,asset,C,C,0.4302390243902439,58.792429609688185,-0.10196284966970115,-0.3979626962343203,stocks,mcap,
2026-05-08,asset,C,C,0.4832620689655172,58.792429609688185,-0.08157027973576092,-0.2883370013886111,stocks,mcap,
2026-05-09,asset,C,C,0.29046652526289224,58.792429609688185,-0.06525622378860874,-0.6024466373228554,stocks,mcap,
2026-05-10,asset,C,C,0.8188222222222222,58.792429609688185,-0.052204979030887166,0.3060651541061239,stocks,mcap,
2026-05-11,asset,C,C,0.08281372517903848,58.792429609688185,-0.041763983224709644,-0.9212366843253497,stocks,mcap,
2026-05-12,asset,C,C,0.16121676660125905,58.792429609688185,-0.033411186579767715,-0.7678577551551028,stocks,mcap,
2026-05-13,asset,C,C,0.751974119981518,58.792429609688185,-0.026728949263814084,0.22236772183095896,stocks,mcap,
2026-05-14,asset,C,C,0.4447409090909091,58.792429609688185,-0.021383159411051178,-0.2825274462613091,stocks,mcap,
2026-05-15,asset,C,C,0.22730793665459872,58.792429609688185,-0.01710652752884112,-0.6363818044074049,stocks,mcap,
2026-05-16,asset,C,C,0.4821391959137916,58.792429609688185,-0.013685222023072985,-0.1986056160999436,stocks,mcap,
2026-05-17,asset,C,C,0.8148040000000001,58.792429609688185,-0.010948177618458566,0.3526415915750457,stocks,mcap,
2026-05-18,asset,C,C,0.6163408163265306,58.792429609688185,-0.008758542094767119,0.02045411198253641,stocks,mcap,
2026-05-19,asset,C,C,0.3800333333333334,58.792429609688185,-0.007006833675813784,-0.37156840534074265,stocks,mcap,
2026-05-20,asset,C,C,0.33636521739130437,58.792429609688185,-0.005605466940651116,-0.4391238088685652,stocks,mcap,
2026-05-21,asset,C,C,0.314047619047619,58.792429609688185,-0.00448437355252107,-0.47055694228251643,stocks,mcap,
2026-05-22,asset,C,C,,58.792429609688185,-0.003587498842017034,,stocks,mcap,
2026-05-23,asset,C,C,,58.792429609688185,-0.002869999073613627,,stocks,mcap,
2026-03-24,asset,COP,COP,-0.01987857142857142,,0.0,,stocks,mcap,
2026-03-25,asset,COP,COP,0.04954848484848484,,-0.02680341880343349,,stocks,mcap,
2026-03-26,asset,COP,COP,0.08916875,,0.23355519516886034,,stocks,mcap,
2026-03-27,asset,COP,COP,-0.040141666666666666,,0.4191280671395352,,stocks,mcap,
2026-03-28,asset,COP,COP,-0.06666,,0.33530245371162815,,stocks,mcap,
2026-03-29,asset,COP,COP,-0.52372,,0.2682419629693025,,stocks,mcap,
2026-03-30,asset,COP,COP,-0.11618695652173913,,0.3996895277085658,,stocks,mcap,
2026-03-31,asset,COP,COP,-0.0017777777777777794,,0.3369704304605581,,stocks,mcap,
2026-04-01,asset,COP,COP,0.04685,,0.04449372194283485,,stocks,mcap,
2026-04-02,asset,COP,COP,0.23563529411764705,,-0.009170160421519302,,stocks,mcap,
2026-04-03,asset,COP,COP,0.39720000000000005,,-0.007336128337215475,,stocks,mcap,
2026-04-04,asset,COP,COP,0.17002857142857142,,-0.005868902669772413,,stocks,mcap,
2026-04-05,asset,COP,COP,0.2376666666666667,,-0.004695122135817964,,stocks,mcap,
2026-04-06,asset,COP,COP,-0.014654545454545446,,0.06683601412641726,,stocks,mcap,
2026-04-07,asset,COP,COP,0.06539230769230768,,0.07437283149618668,,stocks,mcap,
2026-04-08,asset,COP,COP,0.03797333333333334,,-0.34765034074330664,,stocks,mcap,
2026-04-09,asset,COP,COP,0.061304166666666667,,-0.7096730886871849,,stocks,mcap,
2026-04-10,asset,COP,COP,0.2028684210526316,,-0.960524752932624,,stocks,mcap,
2026-04-11,asset,COP,COP,-0.16294999999999998,,-0.7684198023460992,,stocks,mcap,
2026-04-12,asset,COP,COP,-0.070025,,-0.6147358418768794,,stocks,mcap,
2026-04-13,asset,COP,COP,0.32386190476190474,,-0.8485107678335684,,stocks,mcap,
2026-04-14,asset,COP,COP,0.3446592592592592,,-1.1335885464853575,,stocks,mcap,
2026-04-15,asset,COP,COP,0.46907222222222217,,-1.2371223718791509,,stocks,mcap,
2026-04-16,asset,COP,COP,0.04287142857142857,,-1.0578003853028448,,stocks,mcap,
2026-04-17,asset,COP,COP,0.176325,21.65387428098215,-1.2302077594426044,,stocks,mcap,
2026-04-18,asset,COP,COP,0.41273333333333334,21.65387428098215,-0.9841662075540833,,stocks,mcap,
2026-04-19,asset,COP,COP,0.18017500000000003,21.65387428098215,-0.7873329660432664,,stocks,mcap,
2026-04-20,asset,COP,COP,0.2915,21.65387428098215,-1.0490042781874993,,stocks,mcap,
2026-04-21,asset,COP,COP,0.30888947368421055,34.404536886876286,-0.727660819179814,,stocks,mcap,
2026-04-22,asset,COP,COP,0.32750416666666665,39.694462355528636,-0.3152224567310635,,stocks,mcap,
2026-04-23,asset,COP,COP,-0.026695652173913044,43.4118940782821,0.09703411327711908,,stocks,mcap,
2026-04-24,asset,COP,COP,0.28944400000000003,39.54121032227351,0.20782304079042513,,stocks,mcap,
2026-04-25,asset,COP,COP,-0.41868,39.54121032227351,0.1662584326323402,,stocks,mcap,
2026-04-26,asset,COP,COP,0.07155454545454544,39.54121032227351,0.13300674610587215,,stocks,mcap,
2026-04-27,asset,COP,COP,0.07778421052631579,39.54121032227351,0.2359618918007711,,stocks,mcap,
2026-04-28,asset,COP,COP,0.047654545454545456,46.08179447855068,0.47074894853210614,,stocks,mcap,
2026-04-29,asset,COP,COP,0.45405518229492736,52.758411345526056,0.8653137018645576,,stocks,mcap,
2026-04-30,asset,COP,COP,0.1371529411764706,52.758411345526056,0.6922509614916461,,stocks,mcap,
2026-05-01,asset,COP,COP,0.12573529411764706,52.758411345526056,0.5538007691933171,,stocks,mcap,
2026-05-02,asset,COP,COP,0.35635,52.758411345526056,0.4430406153546538,,stocks,mcap,
2026-05-03,asset,COP,COP,0.19796666666666665,52.758411345526056,0.3544324922837232,,stocks,mcap,
2026-05-04,asset,COP,COP,0.25379583333333333,52.758411345526056,0.28354599382697865,,stocks,mcap,
2026-05-05,asset,COP,COP,0.13242666666666666,52.758411345526056,0.22683679506158305,,stocks,mcap,
2026-05-06,asset,COP,COP,0.290244,52.758411345526056,0.18146943604926657,0.7686635791662668,stocks,mcap,
2026-05-07,asset,COP,COP,0.11937058823529412,52.758411345526056,0.1451755488394133,0.40395905256413345,stocks,mcap,
2026-05-08,asset,COP,COP,0.1614,52.758411345526056,0.11614043907153082,0.45786512965104564,stocks,mcap,
2026-05-09,asset,COP,COP,0.8549800000000001,52.758411345526056,0.09291235125722475,1.6261584382829672,stocks,mcap,
2026-05-10,asset,COP,COP,0.13504285714285713,52.758411345526056,0.07432988100577997,0.3327922405253196,stocks,mcap,
2026-05-11,asset,COP,COP,0.1629930409991639,52.758411345526056,0.05946390480462416,0.3655041444838122,stocks,mcap,
2026-05-12,asset,COP,COP,0.08296666666666667,52.758411345526056,0.047571123843699326,0.20751161936704976,stocks,mcap,
2026-05-13,asset,COP,COP,0.19251666666666667,52.758411345526056,0.03805689907495946,0.3938662731627297,stocks,mcap,
2026-05-14,asset,COP,COP,0.13140000000000002,52.758411345526056,0.030445519259967746,0.2705364453577842,stocks,mcap,
2026-05-15,asset,COP,COP,0.5223782608695652,52.758411345526056,0.024356415407974286,0.9611651904074323,stocks,mcap,
2026-05-16,asset,COP,COP,0.3308909090909091,52.758411345526056,0.019485132326379606,0.5982463286052723,stocks,mcap,
2026-05-17,asset,COP,COP,-0.12404999999999997,52.758411345526056,0.015588105861103818,-0.2298131127847598,stocks,mcap,
2026-05-18,asset,COP,COP,0.25020000000000003,52.758411345526056,0.012470484688883232,0.44246474037592803,stocks,mcap,
2026-05-19,asset,COP,COP,0.47885483870967743,52.758411345526056,0.009976387751106763,0.8381944779994521,stocks,mcap,
2026-05-20,asset,COP,COP,0.04975,52.758411345526056,0.007981110200885544,0.05682764623168095,stocks,mcap,
2026-05-21,asset,COP,COP,0.3783818181818182,52.758411345526056,0.0063848881607084795,0.6443646070733794,stocks,mcap,
2026-05-22,asset,COP,COP,,52.758411345526056,0.005107910528566961,,stocks,mcap,
2026-05-23,asset,COP,COP,,52.758411345526056,0.004086328422853613,,stocks,mcap,
2026-03-24,asset,CRM,CRM,0.18699015763885504,,0.0,,stocks,mcap,
2026-03-25,asset,CRM,CRM,0.2106507178964253,,-0.06764672364670332,,stocks,mcap,
2026-03-26,asset,CRM,CRM,0.26894214386780996,,0.1285029569565495,,stocks,mcap,
2026-03-27,asset,CRM,CRM,0.14313912172344748,,-0.15939507626836985,,stocks,mcap,
2026-03-28,asset,CRM,CRM,0.4125843996225143,,-0.12751606101469587,,stocks,mcap,
2026-03-29,asset,CRM,CRM,0.354859138109338,,-0.10201284881175669,,stocks,mcap,
2026-03-30,asset,CRM,CRM,0.08564105579966884,,0.15183754674700115,,stocks,mcap,
2026-03-31,asset,CRM,CRM,0.27883534605832355,,0.33967279470600514,,stocks,mcap,
2026-04-01,asset,CRM,CRM,0.3364468855475928,,0.4117839658098894,,stocks,mcap,
2026-04-02,asset,CRM,CRM,0.1227907781565663,,0.4940730012183399,,stocks,mcap,
2026-04-03,asset,CRM,CRM,0.17739251182296153,,0.3952584009746719,,stocks,mcap,
2026-04-04,asset,CRM,CRM,0.11485436949561129,,0.3162067207797375,,stocks,mcap,
2026-04-05,asset,CRM,CRM,0.4115117439444533,,0.25296537662379004,,stocks,mcap,
2026-04-06,asset,CRM,CRM,0.1358744978706149,,0.19893031733652045,,stocks,mcap,
2026-04-07,asset,CRM,CRM,0.026182122655020085,,0.0052257933381397725,,stocks,mcap,
2026-04-08,asset,CRM,CRM,0.10327217115777533,,-0.5421173941515134,,stocks,mcap,
2026-04-09,asset,CRM,CRM,0.14622522690454468,,-1.212901314982897,,stocks,mcap,
2026-04-10,asset,CRM,CRM,0.2267344393122265,,-1.9467399826515674,,stocks,mcap,
2026-04-11,asset,CRM,CRM,0.15592187249731848,,-1.557391986121254,,stocks,mcap,
2026-04-12,asset,CRM,CRM,0.39064980423091306,,-1.245913588897003,,stocks,mcap,
2026-04-13,asset,CRM,CRM,0.2173419141357352,,-1.3960211439418848,,stocks,mcap,
2026-04-14,asset,CRM,CRM,0.14993246467953206,,-1.3490873936961219,,stocks,mcap,
2026-04-15,asset,CRM,CRM,0.23664833835861887,,-0.831553312756476,,stocks,mcap,
2026-04-16,asset,CRM,CRM,0.23779464363522698,,-0.2146839374761096,,stocks,mcap,
2026-04-17,asset,CRM,CRM,0.2683044574585403,34.850784704868346,0.26029117968394133,,stocks,mcap,
2026-04-18,asset,CRM,CRM,0.4053008988900575,34.850784704868346,0.2082329437471533,,stocks,mcap,
2026-04-19,asset,CRM,CRM,0.44059413588641166,34.850784704868346,0.1665863549977229,,stocks,mcap,
2026-04-20,asset,CRM,CRM,0.23143777656205958,34.850784704868346,1.008494947778971,,stocks,mcap,
2026-04-21,asset,CRM,CRM,0.2780409964853507,36.83302831636414,1.3082576779385027,,stocks,mcap,
2026-04-22,asset,CRM,CRM,0.20572486147998958,41.80884168412809,1.610870749134065,,stocks,mcap,
2026-04-23,asset,CRM,CRM,0.13297124137323038,27.49959715699285,0.6710744126903931,,stocks,mcap,
2026-04-24,asset,CRM,CRM,0.06856107730789436,34.5997100171509,0.3634413907190309,,stocks,mcap,
2026-04-25,asset,CRM,CRM,0.2136536607614509,34.5997100171509,0.29075311257522474,,stocks,mcap,
2026-04-26,asset,CRM,CRM,-0.017862057374823465,34.5997100171509,0.23260249006017986,,stocks,mcap,
2026-04-27,asset,CRM,CRM,0.20854250014609935,34.5997100171509,0.17451060854257816,,stocks,mcap,
2026-04-28,asset,CRM,CRM,-0.12453154947629837,36.55989054906144,0.21252353158510173,,stocks,mcap,
2026-04-29,asset,CRM,CRM,0.2565643628572074,36.475731309447255,0.22236147369496528,,stocks,mcap,
2026-04-30,asset,CRM,CRM,0.23505046275996724,36.475731309447255,0.17788917895597223,,stocks,mcap,
2026-05-01,asset,CRM,CRM,0.2942814122083148,36.475731309447255,0.14231134316477778,,stocks,mcap,
2026-05-02,asset,CRM,CRM,0.17097749185155411,36.475731309447255,0.11384907453182225,,stocks,mcap,
2026-05-03,asset,CRM,CRM,0.21013378748941186,36.475731309447255,0.09107925962545782,,stocks,mcap,
2026-05-04,asset,CRM,CRM,0.1210290977895021,36.475731309447255,0.07286340770036626,,stocks,mcap,
2026-05-05,asset,CRM,CRM,0.20094426401267587,36.475731309447255,0.058290726160293016,,stocks,mcap,
2026-05-06,asset,CRM,CRM,0.27517952744221175,36.475731309447255,0.04663258092823441,0.3573269568498085,stocks,mcap,
2026-05-07,asset,CRM,CRM,0.33752207298554643,36.475731309447255,0.03730606474258752,0.5554193906293041,stocks,mcap,
2026-05-08,asset,CRM,CRM,0.28443201917288263,36.475731309447255,0.029844851794070038,0.36244075190882347,stocks,mcap,
2026-05-09,asset,CRM,CRM,0.14224167636564922,36.475731309447255,0.02387588143525604,-0.1335244642091624,stocks,mcap,
2026-05-10,asset,CRM,CRM,0.2599714396228398,36.475731309447255,0.019100705148204833,0.27234416519955523,stocks,mcap,
2026-05-11,asset,CRM,CRM,0.3000327358112626,36.475731309447255,0.015280564118563877,0.4051396790643726,stocks,mcap,
2026-05-12,asset,CRM,CRM,0.28296588821232477,36.475731309447255,0.012224451294851113,0.337965100199563,stocks,mcap,
2026-05-13,asset,CRM,CRM,0.27748227393189084,36.475731309447255,0.009779561035880902,0.3126619937328666,stocks,mcap,
2026-05-14,asset,CRM,CRM,0.2152721150103125,36.475731309447255,0.007823648828704732,0.08628530833860262,stocks,mcap,
2026-05-15,asset,CRM,CRM,0.25271435992944985,36.475731309447255,0.006258919062963789,0.21865366847209694,stocks,mcap,
2026-05-16,asset,CRM,CRM,0.3009351143772093,36.475731309447255,0.005007135250371039,0.3888733404430269,stocks,mcap,
2026-05-17,asset,CRM,CRM,0.14943181448832155,36.475731309447255,0.004005708200296845,-0.1673718463237647,stocks,mcap,
2026-05-18,asset,CRM,CRM,0.20689566710049767,36.475731309447255,0.0032045665602374873,0.04389325422171381,stocks,mcap,
2026-05-19,asset,CRM,CRM,0.30670685582404517,36.475731309447255,0.0025636532481899954,0.4101610441709015,stocks,mcap,
2026-05-20,asset,CRM,CRM,0.22472380602410774,36.475731309447255,0.00205092259855201,0.10142367813831474,stocks,mcap,
2026-05-21,asset,CRM,CRM,0.33701096111354417,36.475731309447255,0.0016407380788416165,0.5160431891986651,stocks,mcap,
2026-05-22,asset,CRM,CRM,-0.0017354683793642963,36.475731309447255,0.0013125904630733043,-0.7262852945193722,stocks,mcap,
2026-05-23,asset,CRM,CRM,,36.475731309447255,0.001050072370458649,,stocks,mcap,
2026-03-24,asset,CVX,CVX,0.03888097933277158,,0.0,,stocks,mcap,
2026-03-25,asset,CVX,CVX,0.29753571505048587,,-0.10466096866095995,,stocks,mcap,
2026-03-26,asset,CVX,CVX,-0.07573231623869173,,0.003943240720473116,,stocks,mcap,
2026-03-27,asset,CVX,CVX,0.05129813720319779,,0.28646445045553626,,stocks,mcap,
2026-03-28,asset,CVX,CVX,-0.052713337933816655,,0.22917156036442904,,stocks,mcap,
2026-03-29,asset,CVX,CVX,0.12483353312764549,,0.18333724829154321,,stocks,mcap,
2026-03-30,asset,CVX,CVX,0.1329966870130828,,0.4332364425796012,,stocks,mcap,
2026-03-31,asset,CVX,CVX,0.09576826731284041,,0.2304225995021304,,stocks,mcap,
2026-04-01,asset,CVX,CVX,0.14205273144128297,,-0.5172821098040715,,stocks,mcap,
2026-04-02,asset,CVX,CVX,0.09752200543836863,,-0.8609537656380668,,stocks,mcap,
2026-04-03,asset,CVX,CVX,0.10490750147339951,,-0.6887630125104534,,stocks,mcap,
2026-04-04,asset,CVX,CVX,0.15572602416989836,,-0.5510104100083627,,stocks,mcap,
2026-04-05,asset,CVX,CVX,0.11446383197081018,,-0.4408083280066901,,stocks,mcap,
2026-04-06,asset,CVX,CVX,0.2502747348104414,,-0.9893123006442758,,stocks,mcap,
2026-04-07,asset,CVX,CVX,0.17830564522649417,,-0.829689596104177,,stocks,mcap,
2026-04-08,asset,CVX,CVX,0.029416677372459694,,-1.2299288908998756,,stocks,mcap,
2026-04-09,asset,CVX,CVX,0.2551617075005903,,-1.5667302760571755,,stocks,mcap,
2026-04-10,asset,CVX,CVX,0.14460265402312902,,-1.7965947101369721,,stocks,mcap,
2026-04-11,asset,CVX,CVX,0.20602438681801258,,-1.4372757681095774,,stocks,mcap,
2026-04-12,asset,CVX,CVX,0.16511247250541636,,-1.1498206144876617,,stocks,mcap,
2026-04-13,asset,CVX,CVX,0.30395699078488,,-1.2628688693856098,,stocks,mcap,
2026-04-14,asset,CVX,CVX,0.17229394915650043,,-1.3895018448783931,,stocks,mcap,
2026-04-15,asset,CVX,CVX,0.10043048125840089,,-1.5000360896758798,,stocks,mcap,
2026-04-16,asset,CVX,CVX,0.21287048612973555,,-1.249842187097368,,stocks,mcap,
2026-04-17,asset,CVX,CVX,0.27043371802135735,19.55774615451469,-1.2560685170973187,,stocks,mcap,
2026-04-18,asset,CVX,CVX,0.3225297870429203,19.55774615451469,-1.0048548136778548,,stocks,mcap,
2026-04-19,asset,CVX,CVX,0.3411201764990088,19.55774615451469,-0.8038838509422837,,stocks,mcap,
2026-04-20,asset,CVX,CVX,0.3043106062445669,19.55774615451469,-1.0374697597516942,,stocks,mcap,
2026-04-21,asset,CVX,CVX,0.20910221099669013,25.952375660198342,-0.7159753852891928,,stocks,mcap,
2026-04-22,asset,CVX,CVX,0.24169586388062334,26.59018053140548,-0.40733688189138295,,stocks,mcap,
2026-04-23,asset,CVX,CVX,0.2234011946452564,29.0672557819221,-0.06201852262818264,,stocks,mcap,
2026-04-24,asset,CVX,CVX,0.2871456807006212,27.220323624382374,0.054118427227817456,,stocks,mcap,
2026-04-25,asset,CVX,CVX,0.3088877304062449,27.220323624382374,0.043294741782254675,,stocks,mcap,
2026-04-26,asset,CVX,CVX,0.3642241383266156,27.220323624382374,0.03463579342580392,,stocks,mcap,
2026-04-27,asset,CVX,CVX,0.25328283725991424,27.220323624382374,0.07829125602951148,,stocks,mcap,
2026-04-28,asset,CVX,CVX,0.29903753952555884,35.48003535865078,0.4324962525574243,,stocks,mcap,
2026-04-29,asset,CVX,CVX,0.17900691267066782,41.73666746567198,0.9256751373364267,,stocks,mcap,
2026-04-30,asset,CVX,CVX,0.23241113840622427,43.4056188656145,1.3012221811622915,,stocks,mcap,
2026-05-01,asset,CVX,CVX,0.15567300808666792,40.34551209254283,1.339794728233156,,stocks,mcap,
2026-05-02,asset,CVX,CVX,0.3133267386715162,40.34551209254283,1.0718357825865246,,stocks,mcap,
2026-05-03,asset,CVX,CVX,0.1315245414334557,40.34551209254283,0.8574686260692195,,stocks,mcap,
2026-05-04,asset,CVX,CVX,0.24988710520166943,40.34551209254283,1.168504289105635,,stocks,mcap,
2026-05-05,asset,CVX,CVX,0.23805930618291107,41.095826241645746,1.250129264865968,,stocks,mcap,
2026-05-06,asset,CVX,CVX,0.2152559919754653,33.42909872828537,0.787867249352058,0.5343273182975615,stocks,mcap,
2026-05-07,asset,CVX,CVX,0.1756697084314339,31.19998886863233,0.3147453740251285,0.13706624772921294,stocks,mcap,
2026-05-08,asset,CVX,CVX,0.37011585276387876,30.475969712178966,-0.027503347319072446,0.7351801472612017,stocks,mcap,
2026-05-09,asset,CVX,CVX,0.32707554257668453,30.475969712178966,-0.02200267785525778,0.5551401353259806,stocks,mcap,
2026-05-10,asset,CVX,CVX,0.29006242337080124,30.475969712178966,-0.01760214228420587,0.40682388146099585,stocks,mcap,
2026-05-11,asset,CVX,CVX,0.2694153177303386,30.475969712178966,-0.059098669072887855,0.3081542874042757,stocks,mcap,
2026-05-12,asset,CVX,CVX,0.1744108800176428,33.33699651559522,0.0751927478412604,0.0977662885411083,stocks,mcap,
2026-05-13,asset,CVX,CVX,0.3121450739130352,33.43632987626043,0.185683353806954,0.6692185032752249,stocks,mcap,
2026-05-14,asset,CVX,CVX,0.28394589085481536,34.77604371448143,0.3126931841559122,0.6489093402361477,stocks,mcap,
2026-05-15,asset,CVX,CVX,0.16080620726633607,43.33514444960984,0.6864696639024781,0.6217776086960598,stocks,mcap,
2026-05-16,asset,CVX,CVX,0.53724596396399,43.33514444960984,0.5491757311219829,1.9042456921127746,stocks,mcap,
2026-05-17,asset,CVX,CVX,0.3876822765313275,43.33514444960984,0.43934058489758643,1.27335723919947,stocks,mcap,
2026-05-18,asset,CVX,CVX,0.39697868324063057,43.33514444960984,1.3134471684551676,1.565222144235471,stocks,mcap,
2026-05-19,asset,CVX,CVX,0.39142492433775483,45.76073297652733,1.6179978307142033,1.6738100255917459,stocks,mcap,
2026-05-20,asset,CVX,CVX,0.4522088551545488,38.23579419536289,1.3617008994644162,1.4595942417287289,stocks,mcap,
2026-05-21,asset,CVX,CVX,0.2710021117383837,37.8732544879043,1.121586396258777,0.7323780350820492,stocks,mcap,
2026-05-22,asset,CVX,CVX,,38.752721350361384,0.9507852033427977,,stocks,mcap,
2026-05-23,asset,CVX,CVX,,38.752721350361384,0.7606281626742383,,stocks,mcap,
2026-03-24,asset,DIA,DIA,-0.1169,,0.0,,stocks,mcap,
2026-03-25,asset,DIA,DIA,0.0,,0.1895384615384046,,stocks,mcap,
2026-03-26,asset,DIA,DIA,0.6288,,-0.010269734823577896,,stocks,mcap,
2026-03-27,asset,DIA,DIA,0.08561032616198062,,-0.6408117720323481,,stocks,mcap,
2026-03-28,asset,DIA,DIA,,,-0.5126494176258785,,stocks,mcap,
2026-03-29,asset,DIA,DIA,,,-0.4101195341007027,,stocks,mcap,
2026-03-30,asset,DIA,DIA,-0.13055,,-0.9973216389321702,,stocks,mcap,
2026-03-31,asset,DIA,DIA,0.9753,,-0.3845743822629909,,stocks,mcap,
2026-04-01,asset,DIA,DIA,-0.08895,,0.17209094968985061,,stocks,mcap,
2026-04-02,asset,DIA,DIA,,,0.49108580214047315,,stocks,mcap,
2026-04-03,asset,DIA,DIA,,,0.39286864171237856,,stocks,mcap,
2026-04-04,asset,DIA,DIA,-0.02106877975165844,,0.3142949133699029,,stocks,mcap,
2026-04-05,asset,DIA,DIA,,,0.25143593069592235,,stocks,mcap,
2026-04-06,asset,DIA,DIA,-0.06403129016682504,,0.8746661082730749,,stocks,mcap,
2026-04-07,asset,DIA,DIA,0.20778363912105563,,0.8906734023944974,,stocks,mcap,
2026-04-08,asset,DIA,DIA,-0.7501219926316292,,1.7000992939005297,,stocks,mcap,
2026-04-09,asset,DIA,DIA,,,2.2878801016053965,,stocks,mcap,
2026-04-10,asset,DIA,DIA,,,2.356733874041561,,stocks,mcap,
2026-04-11,asset,DIA,DIA,,,1.8853870992332489,,stocks,mcap,
2026-04-12,asset,DIA,DIA,,,1.508309679386599,,stocks,mcap,
2026-04-13,asset,DIA,DIA,,,2.1044076038013597,,stocks,mcap,
2026-04-14,asset,DIA,DIA,,,2.227966959937893,,stocks,mcap,
2026-04-15,asset,DIA,DIA,,,2.105992921230306,,stocks,mcap,
2026-04-16,asset,DIA,DIA,,,1.9389310794159726,,stocks,mcap,
2026-04-17,asset,DIA,DIA,,83.91637841612535,2.2380671758989195,,stocks,mcap,
2026-04-18,asset,DIA,DIA,,83.91637841612535,1.7904537407191352,,stocks,mcap,
2026-04-19,asset,DIA,DIA,,83.91637841612535,1.4323629925753085,,stocks,mcap,
2026-04-20,asset,DIA,DIA,0.5162603593505919,83.91637841612535,1.9868646800454943,,stocks,mcap,
2026-04-21,asset,DIA,DIA,,78.13151135117633,1.6282682659077814,,stocks,mcap,
2026-04-22,asset,DIA,DIA,,79.54793305493445,1.471739907613724,,stocks,mcap,
2026-04-23,asset,DIA,DIA,,76.77578449720326,1.1174158289554832,,stocks,mcap,
2026-04-24,asset,DIA,DIA,,75.50387575387668,0.7170477956078312,,stocks,mcap,
2026-04-25,asset,DIA,DIA,,75.50387575387668,0.5736382364862642,,stocks,mcap,
2026-04-26,asset,DIA,DIA,,75.50387575387668,0.45891058918901173,,stocks,mcap,
2026-04-27,asset,DIA,DIA,,75.50387575387668,0.17358745015133792,,stocks,mcap,
2026-04-28,asset,DIA,DIA,,74.64069280910475,-0.16656281033064602,,stocks,mcap,
2026-04-29,asset,DIA,DIA,,69.93459696591322,-0.6198250033570964,,stocks,mcap,
2026-04-30,asset,DIA,DIA,,74.88340634924634,-0.43404657189757145,,stocks,mcap,
2026-05-01,asset,DIA,DIA,,72.26677949799239,-0.4697671389975344,,stocks,mcap,
2026-05-02,asset,DIA,DIA,,72.26677949799239,-0.37581371119802753,,stocks,mcap,
2026-05-03,asset,DIA,DIA,,72.26677949799239,-0.300650968958422,,stocks,mcap,
2026-05-04,asset,DIA,DIA,,72.26677949799239,-0.8547083274743503,,stocks,mcap,
2026-05-05,asset,DIA,DIA,,74.7428893857504,-0.914268959036618,,stocks,mcap,
2026-05-06,asset,DIA,DIA,,77.85132568102709,-0.5792725308571667,,stocks,mcap,
2026-05-07,asset,DIA,DIA,,72.87151167162733,-0.6022532055569627,,stocks,mcap,
2026-05-08,asset,DIA,DIA,,73.00181616041357,-0.6326023009250559,,stocks,mcap,
2026-05-09,asset,DIA,DIA,,73.00181616041357,-0.5060818407400447,,stocks,mcap,
2026-05-10,asset,DIA,DIA,,73.00181616041357,-0.40486547259203576,,stocks,mcap,
2026-05-11,asset,DIA,DIA,0.08733977632522584,73.00181616041357,-0.3735531641655827,,stocks,mcap,
2026-05-12,asset,DIA,DIA,0.23835,73.6063816738435,-0.40461266699859166,,stocks,mcap,
2026-05-13,asset,DIA,DIA,-0.4232133704289794,72.24133502777778,-0.5069975337126182,,stocks,mcap,
2026-05-14,asset,DIA,DIA,0.9094500000000001,74.70649725539892,-0.36612912543889564,,stocks,mcap,
2026-05-15,asset,DIA,DIA,,65.42357657866143,-0.659446913502979,,stocks,mcap,
2026-05-16,asset,DIA,DIA,,65.42357657866143,-0.5275575308023841,,stocks,mcap,
2026-05-17,asset,DIA,DIA,,65.42357657866143,-0.422046024641908,,stocks,mcap,
2026-05-18,asset,DIA,DIA,-0.32359999999999994,65.42357657866143,-0.5781720158426484,,stocks,mcap,
2026-05-19,asset,DIA,DIA,,59.8425053547612,-0.8824841864231034,,stocks,mcap,
2026-05-20,asset,DIA,DIA,,65.22161768093555,-0.6747393787289333,,stocks,mcap,
2026-05-21,asset,DIA,DIA,,67.37902984449812,-0.37174151615773,,stocks,mcap,
2026-05-22,asset,DIA,DIA,,69.5381188623139,-0.012909167505180008,,stocks,mcap,
2026-05-23,asset,DIA,DIA,,69.5381188623139,-0.01032733400414454,,stocks,mcap,
2026-03-24,asset,DIS,DIS,-0.030004501344429804,,0.0,,stocks,mcap,
2026-03-25,asset,DIS,DIS,0.05254371650673587,,-0.028079772079775012,,stocks,mcap,
2026-03-26,asset,DIS,DIS,0.09571593408452544,,-0.12072483827241512,,stocks,mcap,
2026-03-27,asset,DIS,DIS,0.12887269723112638,,-0.32082037630628335,,stocks,mcap,
2026-03-28,asset,DIS,DIS,0.04190777661360522,,-0.2566563010450267,,stocks,mcap,
2026-03-29,asset,DIS,DIS,0.10442279904098768,,-0.20532504083602132,,stocks,mcap,
2026-03-30,asset,DIS,DIS,0.07651935956243368,,-0.24656478624466893,,stocks,mcap,
2026-03-31,asset,DIS,DIS,0.1730399427607381,,-0.09465529207088269,,stocks,mcap,
2026-04-01,asset,DIS,DIS,0.03848908254033906,,0.01990883105681851,,stocks,mcap,
2026-04-02,asset,DIS,DIS,0.10331826024834245,,0.0967182859208901,,stocks,mcap,
2026-04-03,asset,DIS,DIS,0.17806206007795758,,0.07737462873671208,,stocks,mcap,
2026-04-04,asset,DIS,DIS,0.17281336157883612,,0.06189970298936964,,stocks,mcap,
2026-04-05,asset,DIS,DIS,0.08043269646944044,,0.04951976239149572,,stocks,mcap,
2026-04-06,asset,DIS,DIS,0.09752826829226686,,0.1106137880943023,,stocks,mcap,
2026-04-07,asset,DIS,DIS,-0.013587134183200955,,0.08779070632943212,,stocks,mcap,
2026-04-08,asset,DIS,DIS,0.027636215257505065,,0.2876162720739812,,stocks,mcap,
2026-04-09,asset,DIS,DIS,0.08896234759002625,,0.43781169258978014,,stocks,mcap,
2026-04-10,asset,DIS,DIS,0.06762252702609473,,0.4695328195389642,,stocks,mcap,
2026-04-11,asset,DIS,DIS,0.07180442229682658,,0.37562625563117136,,stocks,mcap,
2026-04-12,asset,DIS,DIS,0.08102192893076511,,0.3005010045049371,,stocks,mcap,
2026-04-13,asset,DIS,DIS,0.013498062795956028,,0.5691679969541152,,stocks,mcap,
2026-04-14,asset,DIS,DIS,0.11744383164172896,,0.6866887568483727,,stocks,mcap,
2026-04-15,asset,DIS,DIS,0.10228959813606481,,0.7476948502195484,,stocks,mcap,
2026-04-16,asset,DIS,DIS,0.1430058587795309,,0.7945416996212451,,stocks,mcap,
2026-04-17,asset,DIS,DIS,0.08575713414489246,66.19625273414749,0.9258881243449621,,stocks,mcap,
2026-04-18,asset,DIS,DIS,-0.015406668952147809,66.19625273414749,0.7407104994759697,,stocks,mcap,
2026-04-19,asset,DIS,DIS,0.06758516038564127,66.19625273414749,0.5925683995807756,,stocks,mcap,
2026-04-20,asset,DIS,DIS,0.06425026023658853,66.19625273414749,0.8204579083183645,,stocks,mcap,
2026-04-21,asset,DIS,DIS,0.09576000025985014,54.995940054131026,0.643201450121129,,stocks,mcap,
2026-04-22,asset,DIS,DIS,0.05577651622801439,56.69158564853834,0.5148318401256602,,stocks,mcap,
2026-04-23,asset,DIS,DIS,0.05705807020079773,52.03100249992222,0.31416947217066493,,stocks,mcap,
2026-04-24,asset,DIS,DIS,0.09409256590577209,48.201271488622126,0.0856565208582225,,stocks,mcap,
2026-04-25,asset,DIS,DIS,0.12799077128630923,48.201271488622126,0.06852521668657774,,stocks,mcap,
2026-04-26,asset,DIS,DIS,0.17783577334288028,48.201271488622126,0.054820173349261925,,stocks,mcap,
2026-04-27,asset,DIS,DIS,0.026377917088897876,48.201271488622126,-0.158312117024884,,stocks,mcap,
2026-04-28,asset,DIS,DIS,-0.025620458171349614,44.50827458850634,-0.32685905635690293,,stocks,mcap,
2026-04-29,asset,DIS,DIS,-0.002826307885361755,43.937573091936464,-0.4448499147008258,,stocks,mcap,
2026-04-30,asset,DIS,DIS,0.02371913273038985,53.242650381608755,-0.35675174300864754,,stocks,mcap,
2026-05-01,asset,DIS,DIS,-0.026089006121490538,50.76137552700706,-0.34239721335859774,,stocks,mcap,
2026-05-02,asset,DIS,DIS,0.08503037069124479,50.76137552700706,-0.2739177706868783,,stocks,mcap,
2026-05-03,asset,DIS,DIS,0.1659721639404306,50.76137552700706,-0.21913421654950271,,stocks,mcap,
2026-05-04,asset,DIS,DIS,-0.13683390957935185,50.76137552700706,-0.39920447194241193,,stocks,mcap,
2026-05-05,asset,DIS,DIS,0.1446392352707638,47.103644689792674,-0.5087203211071829,,stocks,mcap,
2026-05-06,asset,DIS,DIS,0.14214178933980542,66.46834309668094,-0.07979075885485187,0.7363719126702443,stocks,mcap,
2026-05-07,asset,DIS,DIS,0.026494717029107117,67.48309736588004,0.21887532525904874,0.2608891351455176,stocks,mcap,
2026-05-08,asset,DIS,DIS,0.07351944369787086,65.21598352381977,0.34060545097304384,0.5330565506257403,stocks,mcap,
2026-05-09,asset,DIS,DIS,0.09647941610666921,65.21598352381977,0.2724843607784351,0.5995611164552245,stocks,mcap,
2026-05-10,asset,DIS,DIS,0.14602135050061946,65.21598352381977,0.21798748862274797,0.8371087728265633,stocks,mcap,
2026-05-11,asset,DIS,DIS,0.051560468333344524,65.21598352381977,0.06555539236957864,0.11928593876400574,stocks,mcap,
2026-05-12,asset,DIS,DIS,0.04654631072168756,68.42614703901128,0.051860216551679716,0.16902104186943023,stocks,mcap,
2026-05-13,asset,DIS,DIS,0.07486405016288253,63.89791750929558,-0.0551651948061429,0.09852921979901116,stocks,mcap,
2026-05-14,asset,DIS,DIS,0.10900296440787682,64.92941191419888,-0.10135656654562686,0.3052935139708507,stocks,mcap,
2026-05-15,asset,DIS,DIS,-0.003045002357962697,55.98500679445798,-0.3122587781447077,-0.8787725224502188,stocks,mcap,
2026-05-16,asset,DIS,DIS,0.06564167056932976,55.98500679445798,-0.24980702251576625,-0.38273506260579254,stocks,mcap,
2026-05-17,asset,DIS,DIS,0.1272430158906321,55.98500679445798,-0.19984561801261314,0.053929607933053986,stocks,mcap,
2026-05-18,asset,DIS,DIS,0.10168497896650347,55.98500679445798,-0.307643989809705,-0.19367880348556168,stocks,mcap,
2026-05-19,asset,DIS,DIS,0.06541626913497228,50.383692189006894,-0.4465224293500569,-0.7336009845261382,stocks,mcap,
2026-05-20,asset,DIS,DIS,0.04335193308897319,54.77156524072914,-0.40742817590732106,-0.6687600356189553,stocks,mcap,
2026-05-21,asset,DIS,DIS,0.07660898159612124,53.3522336341934,-0.40404731068779887,-0.4897612729258801,stocks,mcap,
2026-05-22,asset,DIS,DIS,0.10624312802473364,51.65134056982903,-0.428050820056863,-0.366537434183667,stocks,mcap,
2026-05-23,asset,DIS,DIS,,51.65134056982903,-0.34244065604549045,,stocks,mcap,
2026-03-24,asset,DXY,DXY,,,0.0,,stocks,mcap,
2026-03-25,asset,DXY,DXY,,,0.003190883190882232,,stocks,mcap,
2026-03-26,asset,DXY,DXY,,,0.012036265939400437,,stocks,mcap,
2026-03-27,asset,DXY,DXY,,,0.018829243694625575,,stocks,mcap,
2026-03-28,asset,DXY,DXY,,,0.01506339495570046,,stocks,mcap,
2026-03-29,asset,DXY,DXY,,,0.012050715964560369,,stocks,mcap,
2026-03-30,asset,DXY,DXY,,,0.03349755862339907,,stocks,mcap,
2026-03-31,asset,DXY,DXY,,,0.024613865597283072,,stocks,mcap,
2026-04-01,asset,DXY,DXY,,,0.014292688574185683,,stocks,mcap,
2026-04-02,asset,DXY,DXY,,,0.01506618114376742,,stocks,mcap,
2026-04-03,asset,DXY,DXY,,,0.012052944915013936,,stocks,mcap,
2026-04-04,asset,DXY,DXY,,,0.00964235593201114,,stocks,mcap,
2026-04-05,asset,DXY,DXY,,,0.007713884745608912,,stocks,mcap,
2026-04-06,asset,DXY,DXY,,,0.008544258890009218,,stocks,mcap,
2026-04-07,asset,DXY,DXY,,,0.0011897080328002393,,stocks,mcap,
2026-04-08,asset,DXY,DXY,,,-0.017950232071328495,,stocks,mcap,
2026-04-09,asset,DXY,DXY,,,-0.032583763488131176,,stocks,mcap,
2026-04-10,asset,DXY,DXY,,,-0.04291320971954987,,stocks,mcap,
2026-04-11,asset,DXY,DXY,,,-0.034330567775639906,,stocks,mcap,
2026-04-12,asset,DXY,DXY,,,-0.027464454220511924,,stocks,mcap,
2026-04-13,asset,DXY,DXY,,,-0.047085415045269405,,stocks,mcap,
2026-04-14,asset,DXY,DXY,,,-0.052843876940181014,,stocks,mcap,
2026-04-15,asset,DXY,DXY,,,-0.05544394595992862,,stocks,mcap,
2026-04-16,asset,DXY,DXY,,,-0.048781784611400605,,stocks,mcap,
2026-04-17,asset,DXY,DXY,,47.630514923832784,-0.04229588440275967,,stocks,mcap,
2026-04-18,asset,DXY,DXY,,47.630514923832784,-0.033836707522207736,,stocks,mcap,
2026-04-19,asset,DXY,DXY,,47.630514923832784,-0.02706936601776619,,stocks,mcap,
2026-04-20,asset,DXY,DXY,,47.630514923832784,-0.029682735617569622,,stocks,mcap,
2026-04-21,asset,DXY,DXY,,56.847044498148804,-0.015812389567812973,,stocks,mcap,
2026-04-22,asset,DXY,DXY,,57.28683501475109,-0.00492158499458234,,stocks,mcap,
2026-04-23,asset,DXY,DXY,,59.50886518344565,0.006094710572982137,,stocks,mcap,
2026-04-24,asset,DXY,DXY,,56.351819788211166,0.010216511587419569,,stocks,mcap,
2026-04-25,asset,DXY,DXY,,56.351819788211166,0.008173209269935658,,stocks,mcap,
2026-04-26,asset,DXY,DXY,,56.351819788211166,0.006538567415948535,,stocks,mcap,
2026-04-27,asset,DXY,DXY,,56.351819788211166,0.008204846911164534,,stocks,mcap,
2026-04-28,asset,DXY,DXY,,60.82454228320231,0.0145505861123824,,stocks,mcap,
2026-04-29,asset,DXY,DXY,,64.05681925107477,0.023489317361694566,,stocks,mcap,
2026-04-30,asset,DXY,DXY,,64.05681925107477,0.01879145388935565,,stocks,mcap,
2026-05-01,asset,DXY,DXY,,64.05681925107477,0.015033163111484525,,stocks,mcap,
2026-05-02,asset,DXY,DXY,,64.05681925107477,0.012026530489187622,,stocks,mcap,
2026-05-03,asset,DXY,DXY,,64.05681925107477,0.009621224391350096,,stocks,mcap,
2026-05-04,asset,DXY,DXY,,64.05681925107477,0.007696979513080078,,stocks,mcap,
2026-05-05,asset,DXY,DXY,,64.05681925107477,0.0061575836104640624,,stocks,mcap,
2026-05-06,asset,DXY,DXY,,64.05681925107477,0.004926066888371251,,stocks,mcap,
2026-05-07,asset,DXY,DXY,,64.05681925107477,0.003940853510697,,stocks,mcap,
2026-05-08,asset,DXY,DXY,,64.05681925107477,0.0031526828085575997,,stocks,mcap,
2026-05-09,asset,DXY,DXY,,64.05681925107477,0.002522146246846081,,stocks,mcap,
2026-05-10,asset,DXY,DXY,,64.05681925107477,0.0020177169974768677,,stocks,mcap,
2026-05-11,asset,DXY,DXY,,64.05681925107477,0.0016141735979814942,,stocks,mcap,
2026-05-12,asset,DXY,DXY,,64.05681925107477,0.001291338878385194,,stocks,mcap,
2026-05-13,asset,DXY,DXY,,64.05681925107477,0.001033071102708158,,stocks,mcap,
2026-05-14,asset,DXY,DXY,,64.05681925107477,0.0008264568821665236,,stocks,mcap,
2026-05-15,asset,DXY,DXY,,64.05681925107477,0.0006611655057332175,,stocks,mcap,
2026-05-16,asset,DXY,DXY,,64.05681925107477,0.0005289324045865754,,stocks,mcap,
2026-05-17,asset,DXY,DXY,,64.05681925107477,0.0004231459236692589,,stocks,mcap,
2026-05-18,asset,DXY,DXY,0.9601,64.05681925107477,0.0003385167389354099,,stocks,mcap,
2026-05-19,asset,DXY,DXY,,64.05681925107477,0.0002708133911483307,,stocks,mcap,
2026-05-20,asset,DXY,DXY,,64.05681925107477,0.00021665071291866733,,stocks,mcap,
2026-05-21,asset,DXY,DXY,,64.05681925107477,0.00017332057033493664,,stocks,mcap,
2026-05-22,asset,DXY,DXY,,64.05681925107477,0.00013865645626794793,,stocks,mcap,
2026-05-23,asset,DXY,DXY,,64.05681925107477,0.00011092516501436112,,stocks,mcap,
2026-03-24,asset,FXE,FXE,-0.5859,,0.0,,stocks,mcap,
2026-03-25,asset,FXE,FXE,,,-0.015316239316246084,,stocks,mcap,
2026-03-26,asset,FXE,FXE,,,-0.05088176881682557,,stocks,mcap,
2026-03-27,asset,FXE,FXE,,,-0.06971719200027154,,stocks,mcap,
2026-03-28,asset,FXE,FXE,,,-0.05577375360021723,,stocks,mcap,
2026-03-29,asset,FXE,FXE,,,-0.044619002880173786,,stocks,mcap,
2026-03-30,asset,FXE,FXE,-0.4767,,-0.11837981287595087,,stocks,mcap,
2026-03-31,asset,FXE,FXE,,,-0.073736250059284,,stocks,mcap,
2026-04-01,asset,FXE,FXE,,,-0.03325456904391351,,stocks,mcap,
2026-04-02,asset,FXE,FXE,,,-0.03252751273432311,,stocks,mcap,
2026-04-03,asset,FXE,FXE,,,-0.026022010187458477,,stocks,mcap,
2026-04-04,asset,FXE,FXE,,,-0.020817608149966776,,stocks,mcap,
2026-04-05,asset,FXE,FXE,,,-0.01665408651997341,,stocks,mcap,
2026-04-06,asset,FXE,FXE,,,-0.0036034469450747786,,stocks,mcap,
2026-04-07,asset,FXE,FXE,,,0.03361039616144407,,stocks,mcap,
2026-04-08,asset,FXE,FXE,,,0.09977212972166397,,stocks,mcap,
2026-04-09,asset,FXE,FXE,,,0.15421688977341408,,stocks,mcap,
2026-04-10,asset,FXE,FXE,,,0.20002663196582243,,stocks,mcap,
2026-04-11,asset,FXE,FXE,,,0.16002130557265795,,stocks,mcap,
2026-04-12,asset,FXE,FXE,,,0.12801704445812634,,stocks,mcap,
2026-04-13,asset,FXE,FXE,,,0.21784414677745795,,stocks,mcap,
2026-04-14,asset,FXE,FXE,,,0.24223776414856302,,stocks,mcap,
2026-04-15,asset,FXE,FXE,,,0.2503114579290529,,stocks,mcap,
2026-04-16,asset,FXE,FXE,,,0.22737891717439002,,stocks,mcap,
2026-04-17,asset,FXE,FXE,,53.13949808940274,0.19335430809611465,,stocks,mcap,
2026-04-18,asset,FXE,FXE,,53.13949808940274,0.1546834464768917,,stocks,mcap,
2026-04-19,asset,FXE,FXE,,53.13949808940274,0.12374675718151334,,stocks,mcap,
2026-04-20,asset,FXE,FXE,,53.13949808940274,0.1281426618210323,,stocks,mcap,
2026-04-21,asset,FXE,FXE,,44.553164498179484,0.0680504358269915,,stocks,mcap,
2026-04-22,asset,FXE,FXE,,42.241303619823796,0.008630189189194726,,stocks,mcap,
2026-04-23,asset,FXE,FXE,,40.492779405315204,-0.04408275304645848,,stocks,mcap,
2026-04-24,asset,FXE,FXE,,45.36389821985258,-0.057180905230693246,,stocks,mcap,
2026-04-25,asset,FXE,FXE,,45.36389821985258,-0.04574472418455461,,stocks,mcap,
2026-04-26,asset,FXE,FXE,,45.36389821985258,-0.03659577934764369,,stocks,mcap,
2026-04-27,asset,FXE,FXE,,45.36389821985258,-0.060919148011687185,,stocks,mcap,
2026-04-28,asset,FXE,FXE,,44.9274309189324,-0.07379968219529098,,stocks,mcap,
2026-04-29,asset,FXE,FXE,,41.32205964815431,-0.10123027466736789,,stocks,mcap,
2026-04-30,asset,FXE,FXE,,41.32205964815431,-0.08098421973389436,,stocks,mcap,
2026-05-01,asset,FXE,FXE,,41.32205964815431,-0.06478737578711546,,stocks,mcap,
2026-05-02,asset,FXE,FXE,,41.32205964815431,-0.051829900629692394,,stocks,mcap,
2026-05-03,asset,FXE,FXE,,41.32205964815431,-0.041463920503753915,,stocks,mcap,
2026-05-04,asset,FXE,FXE,,41.32205964815431,-0.033171136403003176,,stocks,mcap,
2026-05-05,asset,FXE,FXE,,41.32205964815431,-0.026536909122402585,,stocks,mcap,
2026-05-06,asset,FXE,FXE,,41.32205964815431,-0.021229527297922046,,stocks,mcap,
2026-05-07,asset,FXE,FXE,,41.32205964815431,-0.01698362183833768,,stocks,mcap,
2026-05-08,asset,FXE,FXE,,41.32205964815431,-0.013586897470670156,,stocks,mcap,
2026-05-09,asset,FXE,FXE,,41.32205964815431,-0.010869517976536125,,stocks,mcap,
2026-05-10,asset,FXE,FXE,,41.32205964815431,-0.0086956143812289,,stocks,mcap,
2026-05-11,asset,FXE,FXE,,41.32205964815431,-0.00695649150498312,,stocks,mcap,
2026-05-12,asset,FXE,FXE,,41.32205964815431,-0.005565193203986518,,stocks,mcap,
2026-05-13,asset,FXE,FXE,,41.32205964815431,-0.004452154563189259,,stocks,mcap,
2026-05-14,asset,FXE,FXE,,41.32205964815431,-0.003561723650551407,,stocks,mcap,
2026-05-15,asset,FXE,FXE,,41.32205964815431,-0.0028493789204411257,,stocks,mcap,
2026-05-16,asset,FXE,FXE,,41.32205964815431,-0.002279503136352945,,stocks,mcap,
2026-05-17,asset,FXE,FXE,,41.32205964815431,-0.001823602509082367,,stocks,mcap,
2026-05-18,asset,FXE,FXE,,41.32205964815431,-0.0014588820072659048,,stocks,mcap,
2026-05-19,asset,FXE,FXE,,41.32205964815431,-0.001167105605812735,,stocks,mcap,
2026-05-20,asset,FXE,FXE,,41.32205964815431,-0.000933684484650199,,stocks,mcap,
2026-05-21,asset,FXE,FXE,,41.32205964815431,-0.0007469475877202036,,stocks,mcap,
2026-05-22,asset,FXE,FXE,,41.32205964815431,-0.0005975580701761407,,stocks,mcap,
2026-05-23,asset,FXE,FXE,,41.32205964815431,-0.00047804645614091257,,stocks,mcap,
2026-03-24,asset,GLD,GLD,0.07913513124266726,,0.0,,stocks,mcap,
2026-03-25,asset,GLD,GLD,0.034946310005311745,,0.7760227920227862,,stocks,mcap,
2026-03-26,asset,GLD,GLD,0.11574798447523905,,0.22122329526546308,,stocks,mcap,
2026-03-27,asset,GLD,GLD,0.12521126116889011,,0.7568922559796101,,stocks,mcap,
2026-03-28,asset,GLD,GLD,0.10198948345722422,,0.605513804783688,,stocks,mcap,
2026-03-29,asset,GLD,GLD,0.2772555603905964,,0.4844110438269503,,stocks,mcap,
2026-03-30,asset,GLD,GLD,-0.07884008759941882,,1.05004293707277,,stocks,mcap,
2026-03-31,asset,GLD,GLD,-0.41583334827431373,,2.1267251242139613,,stocks,mcap,
2026-04-01,asset,GLD,GLD,0.1282338726507647,,3.156906531288029,,stocks,mcap,
2026-04-02,asset,GLD,GLD,0.14474087290110424,,3.0794895488180822,,stocks,mcap,
2026-04-03,asset,GLD,GLD,-0.06036513749116429,,2.4635916390544654,,stocks,mcap,
2026-04-04,asset,GLD,GLD,0.0024156384522500225,,1.9708733112435723,,stocks,mcap,
2026-04-05,asset,GLD,GLD,-0.09619443503543734,,1.5766986489948582,,stocks,mcap,
2026-04-06,asset,GLD,GLD,-0.02560815168045969,,1.9109911872608745,,stocks,mcap,
2026-04-07,asset,GLD,GLD,-0.039896828426200986,,1.8664669340507638,,stocks,mcap,
2026-04-08,asset,GLD,GLD,-0.06843715571919456,,1.864053810016947,,stocks,mcap,
2026-04-09,asset,GLD,GLD,0.048883674597491836,,1.9260327282994059,,stocks,mcap,
2026-04-10,asset,GLD,GLD,0.018208270661108607,,1.7552509942471834,,stocks,mcap,
2026-04-11,asset,GLD,GLD,-0.29221879321166444,,1.4042007953977462,,stocks,mcap,
2026-04-12,asset,GLD,GLD,0.0611963741613062,,1.1233606363181963,,stocks,mcap,
2026-04-13,asset,GLD,GLD,-0.13104674122408033,,1.0259996994108516,,stocks,mcap,
2026-04-14,asset,GLD,GLD,0.1597597333993349,,1.3094511232231802,,stocks,mcap,
2026-04-15,asset,GLD,GLD,-0.19685699705928564,,1.0490239252140192,,stocks,mcap,
2026-04-16,asset,GLD,GLD,0.02174937046587467,,0.7301903012859636,,stocks,mcap,
2026-04-17,asset,GLD,GLD,0.249688035248013,86.88059882576734,0.7873822407113877,,stocks,mcap,
2026-04-18,asset,GLD,GLD,0.36018029708834365,86.88059882576734,0.6299057925691098,,stocks,mcap,
2026-04-19,asset,GLD,GLD,0.07862997566820207,86.88059882576734,0.5039246340552879,,stocks,mcap,
2026-04-20,asset,GLD,GLD,-0.016834149951234993,86.88059882576734,0.3283144529414983,,stocks,mcap,
2026-04-21,asset,GLD,GLD,0.011904897235333929,75.9997635752261,-0.7831538886530112,,stocks,mcap,
2026-04-22,asset,GLD,GLD,0.003566734926076612,77.14153877775455,-1.1569910186777914,,stocks,mcap,
2026-04-23,asset,GLD,GLD,0.18965324583540982,74.3176854836264,-1.6786940673557673,,stocks,mcap,
2026-04-24,asset,GLD,GLD,-0.005939191740967331,74.83717611141601,-1.8515544116296532,,stocks,mcap,
2026-04-25,asset,GLD,GLD,-0.05905573473845919,74.83717611141601,-1.4812435293037227,,stocks,mcap,
2026-04-26,asset,GLD,GLD,-0.05535559159416395,74.83717611141601,-1.1849948234429784,,stocks,mcap,
2026-04-27,asset,GLD,GLD,0.003754057013283348,74.83717611141601,-1.816527622474121,,stocks,mcap,
2026-04-28,asset,GLD,GLD,-0.0254417525910255,68.1427610681909,-2.5006632270056084,,stocks,mcap,
2026-04-29,asset,GLD,GLD,0.004863992374911907,65.25408515956573,-3.140323978285476,,stocks,mcap,
2026-04-30,asset,GLD,GLD,0.18005690997545093,67.32582810715994,-3.025379359988378,,stocks,mcap,
2026-05-01,asset,GLD,GLD,-0.12248819491255517,66.99544086331795,-2.8660857279640255,,stocks,mcap,
2026-05-02,asset,GLD,GLD,-0.015280910900831224,66.99544086331795,-2.2928685823712205,,stocks,mcap,
2026-05-03,asset,GLD,GLD,-0.007570443286870916,66.99544086331795,-1.8342948658969767,,stocks,mcap,
2026-05-04,asset,GLD,GLD,,66.99544086331795,-2.769615261707109,,stocks,mcap,
2026-05-05,asset,GLD,GLD,-0.0022226482253717736,68.5357451098448,-2.61866207457121,,stocks,mcap,
2026-05-06,asset,GLD,GLD,-0.006358036734532849,72.5440997430689,-1.5894211254446462,-0.409685704310941,stocks,mcap,
2026-05-07,asset,GLD,GLD,0.02723968694924631,72.75616643543576,-0.8239157573027696,-0.17404697968134153,stocks,mcap,
2026-05-08,asset,GLD,GLD,-0.00011229876772988505,73.39847221103787,-0.1745357281483949,-0.11654308065560345,stocks,mcap,
2026-05-09,asset,GLD,GLD,-0.06236220917612469,73.39847221103787,-0.1396285825187159,-0.2894879041329927,stocks,mcap,
2026-05-10,asset,GLD,GLD,-0.07588070103008958,73.39847221103787,-0.1117028660149727,-0.3198266823127639,stocks,mcap,
2026-05-11,asset,GLD,GLD,0.3270961246502719,73.39847221103787,0.5537280152685583,0.9373912966845592,stocks,mcap,
2026-05-12,asset,GLD,GLD,0.12359617550441868,71.53169278564448,0.6225670988875072,0.2816155352393576,stocks,mcap,
2026-05-13,asset,GLD,GLD,0.41132315701221833,69.34501248902968,0.4692969585293376,0.8937326187747688,stocks,mcap,
2026-05-14,asset,GLD,GLD,-0.09468764759293374,66.38606000667875,0.1288949199967504,-0.6453778251162258,stocks,mcap,
2026-05-15,asset,GLD,GLD,0.41850749416058963,58.30727643710553,-0.7343582183231798,0.2077800449720433,stocks,mcap,
2026-05-16,asset,GLD,GLD,-0.01086032493395587,58.30727643710553,-0.5874865746585439,-0.8075419120683732,stocks,mcap,
2026-05-17,asset,GLD,GLD,0.34175734236235944,58.30727643710553,-0.46998925972683525,0.12972153571982123,stocks,mcap,
2026-05-18,asset,GLD,GLD,0.06525262109542888,58.30727643710553,-1.2318662582589621,-0.6687848202067459,stocks,mcap,
2026-05-19,asset,GLD,GLD,0.13952614170252928,52.3241082530311,-1.833185204074392,-0.7454654699856231,stocks,mcap,
2026-05-20,asset,GLD,GLD,0.01827062292632766,55.719036087244255,-1.7364552566601295,-0.8782128704403189,stocks,mcap,
2026-05-21,asset,GLD,GLD,0.389804884387806,55.423681567470446,-1.6060042560166554,0.07881859566277788,stocks,mcap,
2026-05-22,asset,GLD,GLD,-0.1684913245682547,53.10210896063607,-1.6318178231697813,-1.3392655370695263,stocks,mcap,
2026-05-23,asset,GLD,GLD,,53.10210896063607,-1.3054542585358249,,stocks,mcap,
2026-03-24,asset,GME,GME,-0.019746003016747535,,0.0,,stocks,mcap,
2026-03-25,asset,GME,GME,0.15527067068464437,,0.017230769230769737,,stocks,mcap,
2026-03-26,asset,GME,GME,0.22147033263391255,,-0.006097041420114807,,stocks,mcap,
2026-03-27,asset,GME,GME,0.06712564956634312,,-0.04978034558909803,,stocks,mcap,
2026-03-28,asset,GME,GME,0.12168832610985605,,-0.039824276471278425,,stocks,mcap,
2026-03-29,asset,GME,GME,0.17287117870559804,,-0.031859421177022736,,stocks,mcap,
2026-03-30,asset,GME,GME,0.14966756551014598,,-0.061544173608122185,,stocks,mcap,
2026-03-31,asset,GME,GME,-0.009747449758435209,,-0.01568305948027774,,stocks,mcap,
2026-04-01,asset,GME,GME,0.11092278645665035,,-0.0035575340062706795,,stocks,mcap,
2026-04-02,asset,GME,GME,0.12483507814615727,,0.04295519048379673,,stocks,mcap,
2026-04-03,asset,GME,GME,0.16136480271960926,,0.03436415238703738,,stocks,mcap,
2026-04-04,asset,GME,GME,0.11450099957307902,,0.027491321909629912,,stocks,mcap,
2026-04-05,asset,GME,GME,0.25743115221082974,,0.021993057527703933,,stocks,mcap,
2026-04-06,asset,GME,GME,0.05739862757326926,,0.04913479572305329,,stocks,mcap,
2026-04-07,asset,GME,GME,0.24888750174480329,,0.0730419092543578,,stocks,mcap,
2026-04-08,asset,GME,GME,0.1639251767712684,,0.05088037526801717,,stocks,mcap,
2026-04-09,asset,GME,GME,0.19821551518356906,,0.03152216171260014,,stocks,mcap,
2026-04-10,asset,GME,GME,0.03939849398282359,,0.039752848142520225,,stocks,mcap,
2026-04-11,asset,GME,GME,0.179593341953048,,0.03180227851401618,,stocks,mcap,
2026-04-12,asset,GME,GME,0.24086489059079083,,0.025441822811212947,,stocks,mcap,
2026-04-13,asset,GME,GME,0.22976178027776178,,0.054407356869259044,,stocks,mcap,
2026-04-14,asset,GME,GME,0.1879206627207768,,0.09781759967594336,,stocks,mcap,
2026-04-15,asset,GME,GME,0.13126420225465105,,0.16751223714952468,,stocks,mcap,
2026-04-16,asset,GME,GME,0.1711711694183506,,0.22603358604043633,,stocks,mcap,
2026-04-17,asset,GME,GME,0.190026129597118,73.80241690989948,0.20887475494100405,,stocks,mcap,
2026-04-18,asset,GME,GME,0.30073781643016406,73.80241690989948,0.16709980395280322,,stocks,mcap,
2026-04-19,asset,GME,GME,0.19697332912587143,73.80241690989948,0.13367984316224257,,stocks,mcap,
2026-04-20,asset,GME,GME,0.0407572929413141,73.80241690989948,0.1763556322158376,,stocks,mcap,
2026-04-21,asset,GME,GME,0.1135048399493214,66.67189862461407,0.1341377277573198,,stocks,mcap,
2026-04-22,asset,GME,GME,0.11582636035877208,72.7084440490574,0.17357185918184798,,stocks,mcap,
2026-04-23,asset,GME,GME,0.20550821419947968,65.76044953724491,0.14365841906425464,,stocks,mcap,
2026-04-24,asset,GME,GME,0.06998431148557516,65.14164157725074,0.10917237160661197,,stocks,mcap,
2026-04-25,asset,GME,GME,0.3172963494974558,65.14164157725074,0.08733789728528951,,stocks,mcap,
2026-04-26,asset,GME,GME,0.18887502694158814,65.14164157725074,0.06987031782823161,,stocks,mcap,
2026-04-27,asset,GME,GME,0.21613768492601781,65.14164157725074,0.0957035385987598,,stocks,mcap,
2026-04-28,asset,GME,GME,0.40221232426833764,61.02239465436966,0.0611259429547637,,stocks,mcap,
2026-04-29,asset,GME,GME,0.17858006841638266,55.533035268276606,-0.005468607950206206,,stocks,mcap,
2026-04-30,asset,GME,GME,0.2652028519389383,58.561449362932834,-0.024809641859170006,,stocks,mcap,
2026-05-01,asset,GME,GME,0.2422423715020199,67.35824636502826,0.05992766177184705,,stocks,mcap,
2026-05-02,asset,GME,GME,0.09586225148529359,67.35824636502826,0.04794212941747755,,stocks,mcap,
2026-05-03,asset,GME,GME,0.056799640081969784,67.35824636502826,0.03835370353398204,,stocks,mcap,
2026-05-04,asset,GME,GME,0.16305183515204974,67.35824636502826,-0.12615297610638843,,stocks,mcap,
2026-05-05,asset,GME,GME,0.09149736135004823,69.5073688460437,-0.16406426763382065,,stocks,mcap,
2026-05-06,asset,GME,GME,0.030206284500528483,73.23478525014079,-0.12418159808427598,-0.8429624701653645,stocks,mcap,
2026-05-07,asset,GME,GME,0.05017793658689048,62.69806966102607,-0.17391666188033988,-1.448614080105472,stocks,mcap,
2026-05-08,asset,GME,GME,0.16701929877755375,64.13369022782916,-0.18045412690911666,-0.8008488504341312,stocks,mcap,
2026-05-09,asset,GME,GME,0.20157262154092706,64.13369022782916,-0.14436330152729338,-0.5008695246546573,stocks,mcap,
2026-05-10,asset,GME,GME,0.07238160251899843,64.13369022782916,-0.11549064122183472,-0.9827315323111632,stocks,mcap,
2026-05-11,asset,GME,GME,-0.005327052912830027,64.13369022782916,-0.242687564464318,-1.623475355492089,stocks,mcap,
2026-05-12,asset,GME,GME,-0.11409048289182827,56.57571533028753,-0.32104908102328333,-2.536098446120792,stocks,mcap,
2026-05-13,asset,GME,GME,0.03171996011904096,54.531344477444634,-0.37381830480844713,-1.9898822151153672,stocks,mcap,
2026-05-14,asset,GME,GME,0.12363608542695853,51.29616017343779,-0.4184156973351195,-1.682928634431218,stocks,mcap,
2026-05-15,asset,GME,GME,0.016076887403499652,51.15707675307821,-0.42588167260473325,-1.9935340812765445,stocks,mcap,
2026-05-16,asset,GME,GME,0.10960227942092003,51.15707675307821,-0.3407053380837866,-1.3426340923251425,stocks,mcap,
2026-05-17,asset,GME,GME,0.14227011679474755,51.15707675307821,-0.2725642704670293,-1.0150497566657615,stocks,mcap,
2026-05-18,asset,GME,GME,0.3158971649834516,51.15707675307821,-0.2957054592171659,-0.29617566844702947,stocks,mcap,
2026-05-19,asset,GME,GME,0.12363002446784406,52.79262258440509,-0.24945372353723094,-0.9134723706427035,stocks,mcap,
2026-05-20,asset,GME,GME,0.24668952627185864,55.864436525404905,-0.17522922513533523,-0.13169203299846804,stocks,mcap,
2026-05-21,asset,GME,GME,-0.025523754744064073,55.34730037817105,-0.11951053753587582,-1.1563286754573276,stocks,mcap,
2026-05-22,asset,GME,GME,0.13518738420158183,50.86787438640741,-0.10803371260974082,-0.6264292349702648,stocks,mcap,
2026-05-23,asset,GME,GME,,50.86787438640741,-0.08642697008779265,,stocks,mcap,
2026-03-24,asset,GOOG,GOOG,0.24880425531914893,,0.0,,stocks,mcap,
2026-03-25,asset,GOOG,GOOG,-0.07630731707317073,,0.02488888888888141,,stocks,mcap,
2026-03-26,asset,GOOG,GOOG,0.09300972222222223,,-0.52565900601453,,stocks,mcap,
2026-03-27,asset,GOOG,GOOG,0.02994266666666666,,-1.2874817840042578,,stocks,mcap,
2026-03-28,asset,GOOG,GOOG,0.22492,,-1.0299854272034061,,stocks,mcap,
2026-03-29,asset,GOOG,GOOG,-0.042820833333333336,,-0.8239883417627248,,stocks,mcap,
2026-03-30,asset,GOOG,GOOG,0.0557768115942029,,-1.7242795199123377,,stocks,mcap,
2026-03-31,asset,GOOG,GOOG,0.022623287671232877,,-0.9647575909791679,,stocks,mcap,
2026-04-01,asset,GOOG,GOOG,0.1609142857142857,,0.08939447245133492,,stocks,mcap,
2026-04-02,asset,GOOG,GOOG,0.024335802469135803,,0.7315770659226613,,stocks,mcap,
2026-04-03,asset,GOOG,GOOG,0.10067765957446807,,0.5852616527381291,,stocks,mcap,
2026-04-04,asset,GOOG,GOOG,0.061144186046511624,,0.46820932219050326,,stocks,mcap,
2026-04-05,asset,GOOG,GOOG,0.13483809523809523,,0.37456745775240274,,stocks,mcap,
2026-04-06,asset,GOOG,GOOG,0.12981460674157302,,1.549947569159631,,stocks,mcap,
2026-04-07,asset,GOOG,GOOG,0.31531489361702125,,2.115688907480697,,stocks,mcap,
2026-04-08,asset,GOOG,GOOG,0.2598842105263158,,3.050195208334328,,stocks,mcap,
2026-04-09,asset,GOOG,GOOG,0.02680864197530864,,3.5740497133326117,,stocks,mcap,
2026-04-10,asset,GOOG,GOOG,0.18579915254237286,,3.6594040537987427,,stocks,mcap,
2026-04-11,asset,GOOG,GOOG,0.2596560606060606,,2.927523243038994,,stocks,mcap,
2026-04-12,asset,GOOG,GOOG,0.30239166666666667,,2.342018594431195,,stocks,mcap,
2026-04-13,asset,GOOG,GOOG,0.22607555555555559,,3.1544473214541195,,stocks,mcap,
2026-04-14,asset,GOOG,GOOG,0.228695,,3.7137963022133853,,stocks,mcap,
2026-04-15,asset,GOOG,GOOG,0.051468918918918916,,4.067799348719566,,stocks,mcap,
2026-04-16,asset,GOOG,GOOG,0.20187108433734938,,3.908526038899929,,stocks,mcap,
2026-04-17,asset,GOOG,GOOG,0.24752142857142856,84.63445452012968,3.958583240982982,,stocks,mcap,
2026-04-18,asset,GOOG,GOOG,0.025924615384615383,84.63445452012968,3.166866592786384,,stocks,mcap,
2026-04-19,asset,GOOG,GOOG,0.19223809523809524,84.63445452012968,2.533493274229107,,stocks,mcap,
2026-04-20,asset,GOOG,GOOG,0.11027857142857143,84.63445452012968,2.6758418857558386,,stocks,mcap,
2026-04-21,asset,GOOG,GOOG,0.3078358974358974,75.69103984841597,1.8542884048569093,,stocks,mcap,
2026-04-22,asset,GOOG,GOOG,0.07499090909090908,78.61186189612623,1.6047931172251602,,stocks,mcap,
2026-04-23,asset,GOOG,GOOG,0.2302511904761905,78.6194832999119,1.2612342436030435,,stocks,mcap,
2026-04-24,asset,GOOG,GOOG,0.26003170731707315,80.34312632443878,1.1642238228638693,,stocks,mcap,
2026-04-25,asset,GOOG,GOOG,0.26278169014084507,80.34312632443878,0.9313790582910944,,stocks,mcap,
2026-04-26,asset,GOOG,GOOG,0.18103673469387757,80.34312632443878,0.7451032466328744,,stocks,mcap,
2026-04-27,asset,GOOG,GOOG,0.1889182795698925,80.34312632443878,1.4268439530508594,,stocks,mcap,
2026-04-28,asset,GOOG,GOOG,0.176558,78.4446074084102,1.1727163835690906,,stocks,mcap,
2026-04-29,asset,GOOG,GOOG,0.3093859649122807,78.14275503265657,0.8202284766873227,,stocks,mcap,
2026-04-30,asset,GOOG,GOOG,0.044152,78.14275503265657,0.6561827813498571,,stocks,mcap,
2026-05-01,asset,GOOG,GOOG,0.18449454545454544,78.14275503265657,0.5249462250798853,,stocks,mcap,
2026-05-02,asset,GOOG,GOOG,0.2543673913043478,78.14275503265657,0.41995698006390825,,stocks,mcap,
2026-05-03,asset,GOOG,GOOG,,78.14275503265657,0.33596558405112553,,stocks,mcap,
2026-05-04,asset,GOOG,GOOG,0.04297272727272727,78.14275503265657,0.2687724672409004,,stocks,mcap,
2026-05-05,asset,GOOG,GOOG,0.14370750000000002,78.14275503265657,0.21501797379271892,,stocks,mcap,
2026-05-06,asset,GOOG,GOOG,0.05613999999999999,78.14275503265657,0.17201437903417371,-0.7663614423818866,stocks,mcap,
2026-05-07,asset,GOOG,GOOG,0.18030714285714286,78.14275503265657,0.13761150322733862,-0.2853612765488589,stocks,mcap,
2026-05-08,asset,GOOG,GOOG,0.11921250000000001,78.14275503265657,0.11008920258186983,-0.5184340761651804,stocks,mcap,
2026-05-09,asset,GOOG,GOOG,0.24579428571428572,78.14275503265657,0.08807136206549515,-0.02254707895119845,stocks,mcap,
2026-05-10,asset,GOOG,GOOG,0.3757658536585366,78.14275503265657,0.07045708965239506,0.4440519057604172,stocks,mcap,
2026-05-11,asset,GOOG,GOOG,0.14577118644067796,78.14275503265657,0.05636567172191498,-0.42437759650924645,stocks,mcap,
2026-05-12,asset,GOOG,GOOG,0.07665076923076923,78.14275503265657,0.04509253737753127,-0.6796925012095083,stocks,mcap,
2026-05-13,asset,GOOG,GOOG,0.019205479452054797,78.14275503265657,0.03607402990202502,-0.8818243165643244,stocks,mcap,
2026-05-14,asset,GOOG,GOOG,0.0897828947368421,78.14275503265657,0.02885922392161966,-0.6033314483429676,stocks,mcap,
2026-05-15,asset,GOOG,GOOG,0.20097894736842106,78.14275503265657,0.023087379137294306,-0.17209265559587503,stocks,mcap,
2026-05-16,asset,GOOG,GOOG,0.10815961538461538,78.14275503265657,0.018469903309835445,-0.5255707303555196,stocks,mcap,
2026-05-17,asset,GOOG,GOOG,0.15132962962962962,78.14275503265657,0.014775922647867645,-0.3517410874887843,stocks,mcap,
2026-05-18,asset,GOOG,GOOG,0.30833809523809524,78.14275503265657,0.011820738118293761,0.2547961994700828,stocks,mcap,
2026-05-19,asset,GOOG,GOOG,0.24280217391304348,78.14275503265657,0.009456590494634654,-0.0015942224829233187,stocks,mcap,
2026-05-20,asset,GOOG,GOOG,0.23898644067796612,78.14275503265657,0.0075652723957073675,-0.016629541923343427,stocks,mcap,
2026-05-21,asset,GOOG,GOOG,0.23145744680851066,78.14275503265657,0.0060522179165651835,-0.04554257243095755,stocks,mcap,
2026-05-22,asset,GOOG,GOOG,,78.14275503265657,0.004841774333250726,,stocks,mcap,
2026-05-23,asset,GOOG,GOOG,,78.14275503265657,0.0038734194666005806,,stocks,mcap,
2026-03-24,asset,GOOGL,GOOGL,0.08940759072771183,,0.0,,stocks,mcap,
2026-03-25,asset,GOOGL,GOOGL,0.10472791972368607,,0.031270655270645875,,stocks,mcap,
2026-03-26,asset,GOOGL,GOOGL,-0.017954175148160893,,-0.5896548502041241,,stocks,mcap,
2026-03-27,asset,GOOGL,GOOGL,-0.04070588626136601,,-1.3665758034940245,,stocks,mcap,
2026-03-28,asset,GOOGL,GOOGL,0.03085581467516139,,-1.0932606427952196,,stocks,mcap,
2026-03-29,asset,GOOGL,GOOGL,0.030078090996484747,,-0.8746085142361755,,stocks,mcap,
2026-03-30,asset,GOOGL,GOOGL,0.09071387137242293,,-1.8181088103208847,,stocks,mcap,
2026-03-31,asset,GOOGL,GOOGL,0.04840826053002143,,-1.040616603161554,,stocks,mcap,
2026-04-01,asset,GOOGL,GOOGL,0.04642284124715904,,0.14396708552329662,,stocks,mcap,
2026-04-02,asset,GOOGL,GOOGL,0.1861984737094542,,0.7905696129414621,,stocks,mcap,
2026-04-03,asset,GOOGL,GOOGL,0.0875303401935567,,0.6324556903531697,,stocks,mcap,
2026-04-04,asset,GOOGL,GOOGL,0.016006728396059062,,0.5059645522825358,,stocks,mcap,
2026-04-05,asset,GOOGL,GOOGL,0.24521585349917932,,0.40477164182602876,,stocks,mcap,
2026-04-06,asset,GOOGL,GOOGL,0.06519505885600656,,1.7084936199458396,,stocks,mcap,
2026-04-07,asset,GOOGL,GOOGL,0.10844771338698138,,2.2411920554230154,,stocks,mcap,
2026-04-08,asset,GOOGL,GOOGL,0.07007800828511676,,3.215206397969167,,stocks,mcap,
2026-04-09,asset,GOOGL,GOOGL,0.22109794280611098,,3.7252306280764613,,stocks,mcap,
2026-04-10,asset,GOOGL,GOOGL,0.05585776053881309,,3.7547692311952128,,stocks,mcap,
2026-04-11,asset,GOOGL,GOOGL,0.174917894931812,,3.00381538495617,,stocks,mcap,
2026-04-12,asset,GOOGL,GOOGL,0.10236530504801515,,2.4030523079649355,,stocks,mcap,
2026-04-13,asset,GOOGL,GOOGL,0.07530124996840999,,3.229393341959957,,stocks,mcap,
2026-04-14,asset,GOOGL,GOOGL,0.132395988509598,,3.7957661555020383,,stocks,mcap,
2026-04-15,asset,GOOGL,GOOGL,0.16564777209768583,,4.168476831309614,,stocks,mcap,
2026-04-16,asset,GOOGL,GOOGL,0.11459825749468104,,4.051893124776662,,stocks,mcap,
2026-04-17,asset,GOOGL,GOOGL,0.15934188264883373,83.70235774170536,4.056913012504316,,stocks,mcap,
2026-04-18,asset,GOOGL,GOOGL,0.1518419797449774,83.70235774170536,3.245530410003452,,stocks,mcap,
2026-04-19,asset,GOOGL,GOOGL,0.10489732570028008,83.70235774170536,2.5964243280027617,,stocks,mcap,
2026-04-20,asset,GOOGL,GOOGL,0.17198745002373608,83.70235774170536,2.6850442256770464,,stocks,mcap,
2026-04-21,asset,GOOGL,GOOGL,0.151630040774727,74.76908474505412,1.8210872457780383,,stocks,mcap,
2026-04-22,asset,GOOGL,GOOGL,0.14497216138896227,77.6391128704716,1.5292088675668474,,stocks,mcap,
2026-04-23,asset,GOOGL,GOOGL,0.05857770788823526,77.06169592602663,1.1316338723652581,,stocks,mcap,
2026-04-24,asset,GOOGL,GOOGL,0.36116340345013903,79.19674596905583,1.0651495241035498,,stocks,mcap,
2026-04-25,asset,GOOGL,GOOGL,0.2783616223102781,79.19674596905583,0.8521196192828384,,stocks,mcap,
2026-04-26,asset,GOOGL,GOOGL,0.24171257324169595,79.19674596905583,0.6816956954262707,,stocks,mcap,
2026-04-27,asset,GOOGL,GOOGL,0.0809641843348131,79.19674596905583,1.3577960232383468,,stocks,mcap,
2026-04-28,asset,GOOGL,GOOGL,-0.0017894247114126998,78.20171139248939,1.1351500173025304,,stocks,mcap,
2026-04-29,asset,GOOGL,GOOGL,0.15887901812530916,78.27016643414349,0.8250934521410347,,stocks,mcap,
2026-04-30,asset,GOOGL,GOOGL,0.2024570978711632,87.48889213143757,2.6890956989669803,,stocks,mcap,
2026-05-01,asset,GOOGL,GOOGL,0.16756146318049653,87.63314388719888,3.644026779800015,,stocks,mcap,
2026-05-02,asset,GOOGL,GOOGL,0.10509023587533528,87.63314388719888,2.915221423840011,,stocks,mcap,
2026-05-03,asset,GOOGL,GOOGL,0.35772763198441976,87.63314388719888,2.3321771390720087,,stocks,mcap,
2026-05-04,asset,GOOGL,GOOGL,0.002008463601483844,87.63314388719888,3.455409343436287,,stocks,mcap,
2026-05-05,asset,GOOGL,GOOGL,0.04214273104871421,88.65698449723027,3.4247200482988553,,stocks,mcap,
2026-05-06,asset,GOOGL,GOOGL,0.1997229672069083,90.00429132473532,3.6740759979431807,1.1543067021752988,stocks,mcap,
2026-05-07,asset,GOOGL,GOOGL,0.09602270286789848,89.94443038081893,3.4610346358501722,0.6137447235779603,stocks,mcap,
2026-05-08,asset,GOOGL,GOOGL,0.0653236032414931,90.33353727315972,3.1439696976079077,0.41219431305974497,stocks,mcap,
2026-05-09,asset,GOOGL,GOOGL,0.1247222789422005,90.33353727315972,2.5151757580863254,0.5403196285434695,stocks,mcap,
2026-05-10,asset,GOOGL,GOOGL,0.14488162843944116,90.33353727315972,2.012140606469057,0.5188210769425685,stocks,mcap,
2026-05-11,asset,GOOGL,GOOGL,0.19822677056461746,90.33353727315972,1.0295746139810333,0.5629966913325599,stocks,mcap,
2026-05-12,asset,GOOGL,GOOGL,0.11758622741205271,88.22549898979742,-0.05941385668774757,-0.12787647027307678,stocks,mcap,
2026-05-13,asset,GOOGL,GOOGL,0.17759425998380132,90.52291578843312,0.034514740455907855,0.2892449382696854,stocks,mcap,
2026-05-14,asset,GOOGL,GOOGL,0.11107070839014489,88.63245614824328,-0.20854282496761556,-0.1735420622781719,stocks,mcap,
2026-05-15,asset,GOOGL,GOOGL,0.09797306868466722,83.43864228089471,-0.824460396946705,-0.6328300394176023,stocks,mcap,
2026-05-16,asset,GOOGL,GOOGL,0.08134375558163551,83.43864228089471,-0.6595683175573654,-0.6681804118936024,stocks,mcap,
2026-05-17,asset,GOOGL,GOOGL,0.02453153280216249,83.43864228089471,-0.5276546540458931,-0.8977480790424885,stocks,mcap,
2026-05-18,asset,GOOGL,GOOGL,0.28913168576266923,83.43864228089471,-1.0511907840434276,0.25604859777407507,stocks,mcap,
2026-05-19,asset,GOOGL,GOOGL,0.007044130506232461,71.28464808572782,-2.1937774347486325,-1.875036719928829,stocks,mcap,
2026-05-20,asset,GOOGL,GOOGL,0.19835966478135353,71.77071929048266,-2.903902302089893,-0.9836749911584814,stocks,mcap,
2026-05-21,asset,GOOGL,GOOGL,0.10888771548582625,70.48581098845476,-3.4586681616225796,-1.4463188390826676,stocks,mcap,
2026-05-22,asset,GOOGL,GOOGL,-0.10939379036426544,65.78768052594341,-4.094796961147846,-2.5715004064196214,stocks,mcap,
2026-05-23,asset,GOOGL,GOOGL,,65.78768052594341,-3.275837568918277,,stocks,mcap,
2026-03-24,asset,GS,GS,0.16008468445365615,,0.0,,stocks,mcap,
2026-03-25,asset,GS,GS,-0.0020268258838265635,,0.39056410256407614,,stocks,mcap,
2026-03-26,asset,GS,GS,0.03604034927108749,,-0.611301219957677,,stocks,mcap,
2026-03-27,asset,GS,GS,-0.007817302158386588,,-2.46710133053784,,stocks,mcap,
2026-03-28,asset,GS,GS,0.1636457098245633,,-1.973681064430272,,stocks,mcap,
2026-03-29,asset,GS,GS,0.0405686445526908,,-1.5789448515442175,,stocks,mcap,
2026-03-30,asset,GS,GS,0.01998748671021426,,-3.1147991486237823,,stocks,mcap,
2026-03-31,asset,GS,GS,0.09907370539433603,,-0.8404275055580062,,stocks,mcap,
2026-04-01,asset,GS,GS,0.14044777064087224,,1.559886398690519,,stocks,mcap,
2026-04-02,asset,GS,GS,0.1050242107323299,,3.182871563631474,,stocks,mcap,
2026-04-03,asset,GS,GS,0.06465853880122233,,2.5462972509051793,,stocks,mcap,
2026-04-04,asset,GS,GS,0.345221966031699,,2.0370378007241436,,stocks,mcap,
2026-04-05,asset,GS,GS,0.24257143142071144,,1.6296302405793148,,stocks,mcap,
2026-04-06,asset,GS,GS,0.1144593867141171,,4.312175971085058,,stocks,mcap,
2026-04-07,asset,GS,GS,0.17704174810007994,,4.381782276184211,,stocks,mcap,
2026-04-08,asset,GS,GS,0.23802878960631352,,6.828977150409503,,stocks,mcap,
2026-04-09,asset,GS,GS,0.20075278058853904,,7.8381831864628015,,stocks,mcap,
2026-04-10,asset,GS,GS,0.2087796724696529,,8.265242550121867,,stocks,mcap,
2026-04-11,asset,GS,GS,0.27579552684321124,,6.612194040097492,,stocks,mcap,
2026-04-12,asset,GS,GS,0.14674109620191156,,5.289755232077994,,stocks,mcap,
2026-04-13,asset,GS,GS,0.11621131846201081,,5.020664292223364,,stocks,mcap,
2026-04-14,asset,GS,GS,0.32518029965864725,,5.225710257512473,,stocks,mcap,
2026-04-15,asset,GS,GS,0.16470505725130088,,4.308881966547345,,stocks,mcap,
2026-04-16,asset,GS,GS,0.4258480530818005,,3.4067835861368607,,stocks,mcap,
2026-04-17,asset,GS,GS,0.2926536481997141,83.200966975385,4.176963734651071,,stocks,mcap,
2026-04-18,asset,GS,GS,0.45798333333333335,83.200966975385,3.341570987720857,,stocks,mcap,
2026-04-19,asset,GS,GS,0.07179052111648379,83.200966975385,2.6732567901766835,,stocks,mcap,
2026-04-20,asset,GS,GS,0.2170673076923077,83.200966975385,5.400666890396611,,stocks,mcap,
2026-04-21,asset,GS,GS,0.29868005599665903,73.89285341386918,4.419516655369751,,stocks,mcap,
2026-04-22,asset,GS,GS,0.27288484735718194,75.2205764892978,3.914428209763983,,stocks,mcap,
2026-04-23,asset,GS,GS,0.3039845728778743,73.50156764063831,2.97031890519521,,stocks,mcap,
2026-04-24,asset,GS,GS,0.19972883291017565,71.32472273233338,1.7395166294243651,,stocks,mcap,
2026-04-25,asset,GS,GS,0.21352266322916555,71.32472273233338,1.3916133035394935,,stocks,mcap,
2026-04-26,asset,GS,GS,0.24994249374885,71.32472273233338,1.1132906428315934,,stocks,mcap,
2026-04-27,asset,GS,GS,0.16719118316558976,71.32472273233338,1.31097225018042,,stocks,mcap,
2026-04-28,asset,GS,GS,0.28761798255469745,64.71271833719229,-0.015448818710929402,,stocks,mcap,
2026-04-29,asset,GS,GS,0.1594275956236452,56.20522499715104,-2.398804989743674,,stocks,mcap,
2026-04-30,asset,GS,GS,0.25315946315913296,56.20522499715104,-1.9190439917949398,,stocks,mcap,
2026-05-01,asset,GS,GS,0.1884940109637516,56.20522499715104,-1.5352351934359518,,stocks,mcap,
2026-05-02,asset,GS,GS,0.3194786102350798,56.20522499715104,-1.2281881547487643,,stocks,mcap,
2026-05-03,asset,GS,GS,0.03652981805243065,56.20522499715104,-0.9825505237990129,,stocks,mcap,
2026-05-04,asset,GS,GS,0.35447540983606557,56.20522499715104,-0.7860404190392103,,stocks,mcap,
2026-05-05,asset,GS,GS,0.2647052261946172,56.20522499715104,-0.6288323352313689,,stocks,mcap,
2026-05-06,asset,GS,GS,0.21247795805301273,56.20522499715104,-0.5030658681850966,-0.5048195230015364,stocks,mcap,
2026-05-07,asset,GS,GS,0.3864819562867881,56.20522499715104,-0.40245269454807797,0.12275125401247297,stocks,mcap,
2026-05-08,asset,GS,GS,0.38452565318154197,56.20522499715104,-0.3219621556384631,0.11638091062036082,stocks,mcap,
2026-05-09,asset,GS,GS,0.3747132599423999,56.20522499715104,-0.2575697245107733,0.08466725375846279,stocks,mcap,
2026-05-10,asset,GS,GS,0.30497592081211156,56.20522499715104,-0.20605577960861865,-0.1409705578686666,stocks,mcap,
2026-05-11,asset,GS,GS,0.14898980796029193,56.20522499715104,-0.16484462368689634,-0.657648633587296,stocks,mcap,
2026-05-12,asset,GS,GS,0.11709127788544166,56.20522499715104,-0.13187569894951778,-0.7484187296208249,stocks,mcap,
2026-05-13,asset,GS,GS,0.17746461120941215,56.20522499715104,-0.10550055915961565,-0.5246083890122712,stocks,mcap,
2026-05-14,asset,GS,GS,0.23017307673164655,56.20522499715104,-0.08440044732769536,-0.3289364180248595,stocks,mcap,
2026-05-15,asset,GS,GS,0.17236001146829433,56.20522499715104,-0.06752035786215771,-0.522046114369475,stocks,mcap,
2026-05-16,asset,GS,GS,0.3510166432147741,56.20522499715104,-0.05401628628972688,0.11316966710628165,stocks,mcap,
2026-05-17,asset,GS,GS,0.3694312111867193,56.20522499715104,-0.043213029031782924,0.17172892185126057,stocks,mcap,
2026-05-18,asset,GS,GS,0.12713463414011983,56.20522499715104,-0.03457042322542847,-0.6689734645950085,stocks,mcap,
2026-05-19,asset,GS,GS,0.27304914071283576,56.20522499715104,-0.027656338580342776,-0.14848216309552642,stocks,mcap,
2026-05-20,asset,GS,GS,0.19001319189667612,56.20522499715104,-0.022125070864277063,-0.43630066138084467,stocks,mcap,
2026-05-21,asset,GS,GS,0.1949643797316721,56.20522499715104,-0.017700056691424493,-0.41169678563614953,stocks,mcap,
2026-05-22,asset,GS,GS,0.08912540184069669,56.20522499715104,-0.014160045353140305,-0.7806071390860776,stocks,mcap,
2026-05-23,asset,GS,GS,,56.20522499715104,-0.011328036282513665,,stocks,mcap,
2026-03-24,asset,HOOD,HOOD,0.25607600156912386,,0.0,,stocks,mcap,
2026-03-25,asset,HOOD,HOOD,0.19022052068585002,,0.2208091168091187,,stocks,mcap,
2026-03-26,asset,HOOD,HOOD,0.18081581017395396,,0.20736886226572776,,stocks,mcap,
2026-03-27,asset,HOOD,HOOD,0.22951452802545103,,-0.08923223587812301,,stocks,mcap,
2026-03-28,asset,HOOD,HOOD,-0.014853491651273427,,-0.07138578870249841,,stocks,mcap,
2026-03-29,asset,HOOD,HOOD,0.060060976747057536,,-0.05710863096199874,,stocks,mcap,
2026-03-30,asset,HOOD,HOOD,0.10245916523310568,,-0.41991372665293636,,stocks,mcap,
2026-03-31,asset,HOOD,HOOD,0.1364496207007698,,-0.24709300387977473,,stocks,mcap,
2026-04-01,asset,HOOD,HOOD,0.22640200152898235,,-0.07308640955758852,,stocks,mcap,
2026-04-02,asset,HOOD,HOOD,0.11206494436196511,,-0.03620334932970676,,stocks,mcap,
2026-04-03,asset,HOOD,HOOD,0.09158491870072556,,-0.028962679463765406,,stocks,mcap,
2026-04-04,asset,HOOD,HOOD,0.330821388207905,,-0.023170143571012325,,stocks,mcap,
2026-04-05,asset,HOOD,HOOD,0.09490386314292153,,-0.018536114856809865,,stocks,mcap,
2026-04-06,asset,HOOD,HOOD,0.25231557352391554,,0.11114622574684005,,stocks,mcap,
2026-04-07,asset,HOOD,HOOD,0.11483011258775683,,0.13157894908428353,,stocks,mcap,
2026-04-08,asset,HOOD,HOOD,0.1526129528745236,,0.2775082300365491,,stocks,mcap,
2026-04-09,asset,HOOD,HOOD,0.23473269349893855,,0.24556325834410314,,stocks,mcap,
2026-04-10,asset,HOOD,HOOD,0.03902394371196436,,0.15302284873324434,,stocks,mcap,
2026-04-11,asset,HOOD,HOOD,0.7042294261902571,,0.12241827898659546,,stocks,mcap,
2026-04-12,asset,HOOD,HOOD,-0.13492006604745985,,0.09793462318927637,,stocks,mcap,
2026-04-13,asset,HOOD,HOOD,0.4452053050736431,,0.26203574548488984,,stocks,mcap,
2026-04-14,asset,HOOD,HOOD,0.29725410357064436,,0.7643219645674513,,stocks,mcap,
2026-04-15,asset,HOOD,HOOD,0.4503083810751637,,1.5608126518432588,,stocks,mcap,
2026-04-16,asset,HOOD,HOOD,0.364499254142564,,1.9411805591622582,,stocks,mcap,
2026-04-17,asset,HOOD,HOOD,0.2929516047750496,87.52869065754648,2.3152501031408255,,stocks,mcap,
2026-04-18,asset,HOOD,HOOD,0.574125,87.52869065754648,1.8522000825126606,,stocks,mcap,
2026-04-19,asset,HOOD,HOOD,0.49869155530756687,87.52869065754648,1.4817600660101284,,stocks,mcap,
2026-04-20,asset,HOOD,HOOD,0.4113164857169782,87.52869065754648,2.1341476964907913,,stocks,mcap,
2026-04-21,asset,HOOD,HOOD,0.17176466300895746,76.55552466969158,1.750847502707261,,stocks,mcap,
2026-04-22,asset,HOOD,HOOD,0.006163091540470601,77.57401185285892,1.5132583049066977,,stocks,mcap,
2026-04-23,asset,HOOD,HOOD,0.2100365825818883,69.61134374577293,0.9363000293621306,,stocks,mcap,
2026-04-24,asset,HOOD,HOOD,0.22540792372573984,70.39437356816572,0.5614779223157145,,stocks,mcap,
2026-04-25,asset,HOOD,HOOD,-0.7465399639338255,70.39437356816572,0.4491823378525712,,stocks,mcap,
2026-04-26,asset,HOOD,HOOD,0.29017987439879384,70.39437356816572,0.35934587028205645,,stocks,mcap,
2026-04-27,asset,HOOD,HOOD,0.3641981935454089,70.39437356816572,0.027011946694972977,,stocks,mcap,
2026-04-28,asset,HOOD,HOOD,0.13519863760846618,66.68091098962583,-0.33044415640655167,,stocks,mcap,
2026-04-29,asset,HOOD,HOOD,0.016051403910732932,52.601175487409165,-1.2720773408916513,,stocks,mcap,
2026-04-30,asset,HOOD,HOOD,0.10837149153430241,52.601175487409165,-1.017661872713321,,stocks,mcap,
2026-05-01,asset,HOOD,HOOD,0.010372464150197337,52.601175487409165,-0.814129498170657,,stocks,mcap,
2026-05-02,asset,HOOD,HOOD,0.043140213763093016,52.601175487409165,-0.6513035985365261,,stocks,mcap,
2026-05-03,asset,HOOD,HOOD,-0.010452187915872786,52.601175487409165,-0.521042878829221,,stocks,mcap,
2026-05-04,asset,HOOD,HOOD,0.4221885420808361,52.601175487409165,-0.4168343030633772,,stocks,mcap,
2026-05-05,asset,HOOD,HOOD,0.1072837963768701,52.601175487409165,-0.33346744245070203,,stocks,mcap,
2026-05-06,asset,HOOD,HOOD,0.27198556332798673,52.601175487409165,-0.2667739539605618,-0.3671919627107646,stocks,mcap,
2026-05-07,asset,HOOD,HOOD,0.27755380743615193,52.601175487409165,-0.2134191631684499,-0.32203611227144224,stocks,mcap,
2026-05-08,asset,HOOD,HOOD,0.3032938138361754,52.601175487409165,-0.1707353305347601,-0.2473907091836161,stocks,mcap,
2026-05-09,asset,HOOD,HOOD,0.1494035583720853,52.601175487409165,-0.13658826442780825,-0.500237916710201,stocks,mcap,
2026-05-10,asset,HOOD,HOOD,0.19765351396488645,52.601175487409165,-0.10927061154224704,-0.3896580820778597,stocks,mcap,
2026-05-11,asset,HOOD,HOOD,0.30512861817919545,52.601175487409165,-0.08741648923379808,-0.17395016140194122,stocks,mcap,
2026-05-12,asset,HOOD,HOOD,0.22520820339462644,52.601175487409165,-0.0699331913870389,-0.30787298550546804,stocks,mcap,
2026-05-13,asset,HOOD,HOOD,0.24931120755283964,52.601175487409165,-0.05594655310963148,-0.24930944200684613,stocks,mcap,
2026-05-14,asset,HOOD,HOOD,0.4100140269729161,52.601175487409165,-0.044757242487705184,0.061727935021557545,stocks,mcap,
2026-05-15,asset,HOOD,HOOD,0.5210108949484148,52.601175487409165,-0.03580579399016415,0.2654790079163144,stocks,mcap,
2026-05-16,asset,HOOD,HOOD,-0.2603529257650673,52.601175487409165,-0.028644635192131673,-1.1521737554192744,stocks,mcap,
2026-05-17,asset,HOOD,HOOD,0.39844150367259046,52.601175487409165,-0.022915708153705694,0.05021339531016793,stocks,mcap,
2026-05-18,asset,HOOD,HOOD,0.3816416949082698,52.601175487409165,-0.018332566522964555,0.022410617829017862,stocks,mcap,
2026-05-19,asset,HOOD,HOOD,0.2981540794864545,52.601175487409165,-0.014666053218372,-0.12513994632710904,stocks,mcap,
2026-05-20,asset,HOOD,HOOD,0.18082679023675619,52.601175487409165,-0.011732842574697866,-0.33466879039920355,stocks,mcap,
2026-05-21,asset,HOOD,HOOD,0.39695016883319173,52.601175487409165,-0.00938627405975856,0.06776679706935199,stocks,mcap,
2026-05-22,asset,HOOD,HOOD,0.2313214784389505,52.601175487409165,-0.007509019247807114,-0.23582259919996618,stocks,mcap,
2026-05-23,asset,HOOD,HOOD,,52.601175487409165,-0.00600721539824578,,stocks,mcap,
2026-03-24,asset,IEF,IEF,-0.7506,,0.0,,stocks,mcap,
2026-03-25,asset,IEF,IEF,,,0.03190883190883369,,stocks,mcap,
2026-03-26,asset,IEF,IEF,0.7216,,0.0010236280549725044,,stocks,mcap,
2026-03-27,asset,IEF,IEF,-0.24955,,-0.017825162748540152,,stocks,mcap,
2026-03-28,asset,IEF,IEF,0.8943,,-0.014260130198832122,,stocks,mcap,
2026-03-29,asset,IEF,IEF,0.9652,,-0.011408104159065697,,stocks,mcap,
2026-03-30,asset,IEF,IEF,-0.6908,,0.03214549493287178,,stocks,mcap,
2026-03-31,asset,IEF,IEF,0.1027,,0.056228635964108084,,stocks,mcap,
2026-04-01,asset,IEF,IEF,0.9357,,0.042671466648236206,,stocks,mcap,
2026-04-02,asset,IEF,IEF,,,0.04570246390140317,,stocks,mcap,
2026-04-03,asset,IEF,IEF,,,0.03656197112112254,,stocks,mcap,
2026-04-04,asset,IEF,IEF,,,0.029249576896898027,,stocks,mcap,
2026-04-05,asset,IEF,IEF,,,0.02339966151751842,,stocks,mcap,
2026-04-06,asset,IEF,IEF,,,0.00793225382423296,,stocks,mcap,
2026-04-07,asset,IEF,IEF,,,0.015353731289596287,,stocks,mcap,
2026-04-08,asset,IEF,IEF,,,0.03196703308870151,,stocks,mcap,
2026-04-09,asset,IEF,IEF,,,0.038081596921583194,,stocks,mcap,
2026-04-10,asset,IEF,IEF,,,0.028912127692817702,,stocks,mcap,
2026-04-11,asset,IEF,IEF,,,0.023129702154254153,,stocks,mcap,
2026-04-12,asset,IEF,IEF,,,0.018503761723403317,,stocks,mcap,
2026-04-13,asset,IEF,IEF,,,0.03336229637604468,,stocks,mcap,
2026-04-14,asset,IEF,IEF,,,0.05243914671195049,,stocks,mcap,
2026-04-15,asset,IEF,IEF,,,0.04709431134870368,,stocks,mcap,
2026-04-16,asset,IEF,IEF,,,0.029167990708506147,,stocks,mcap,
2026-04-17,asset,IEF,IEF,,79.95566926478124,0.04826327447369011,,stocks,mcap,
2026-04-18,asset,IEF,IEF,,79.95566926478124,0.038610619578952066,,stocks,mcap,
2026-04-19,asset,IEF,IEF,,79.95566926478124,0.030888495663161653,,stocks,mcap,
2026-04-20,asset,IEF,IEF,,79.95566926478124,0.04606636136737627,,stocks,mcap,
2026-04-21,asset,IEF,IEF,0.22807285959124562,71.60635898720231,0.015499686119536837,,stocks,mcap,
2026-04-22,asset,IEF,IEF,,72.21265587049852,0.00017661102715210708,,stocks,mcap,
2026-04-23,asset,IEF,IEF,,69.8048268464517,-0.020743628375571227,,stocks,mcap,
2026-04-24,asset,IEF,IEF,,71.11847619724013,-0.022330103791285916,,stocks,mcap,
2026-04-25,asset,IEF,IEF,,71.11847619724013,-0.01786408303302875,,stocks,mcap,
2026-04-26,asset,IEF,IEF,,71.11847619724013,-0.014291266426423005,,stocks,mcap,
2026-04-27,asset,IEF,IEF,,71.11847619724013,-0.03781076103201486,,stocks,mcap,
2026-04-28,asset,IEF,IEF,,69.20034704642067,-0.05184608050387443,,stocks,mcap,
2026-04-29,asset,IEF,IEF,,61.87743288006862,-0.08800155495154868,,stocks,mcap,
2026-04-30,asset,IEF,IEF,,63.53947953175992,-0.09572048273507983,,stocks,mcap,
2026-05-01,asset,IEF,IEF,,59.7961528052005,-0.11179654748863568,,stocks,mcap,
2026-05-02,asset,IEF,IEF,,59.7961528052005,-0.08943723799090855,,stocks,mcap,
2026-05-03,asset,IEF,IEF,,59.7961528052005,-0.07154979039272684,,stocks,mcap,
2026-05-04,asset,IEF,IEF,,59.7961528052005,-0.13077403447604496,,stocks,mcap,
2026-05-05,asset,IEF,IEF,,61.57243700442346,-0.12934939833288378,,stocks,mcap,
2026-05-06,asset,IEF,IEF,,65.9983322379108,-0.09140642685335315,,stocks,mcap,
2026-05-07,asset,IEF,IEF,,61.306428172239976,-0.08085659429044614,,stocks,mcap,
2026-05-08,asset,IEF,IEF,,63.70208463464204,-0.05338346316737638,,stocks,mcap,
2026-05-09,asset,IEF,IEF,,63.70208463464204,-0.04270677053390111,,stocks,mcap,
2026-05-10,asset,IEF,IEF,,63.70208463464204,-0.034165416427120884,,stocks,mcap,
2026-05-11,asset,IEF,IEF,,63.70208463464204,-0.04507341262314443,,stocks,mcap,
2026-05-12,asset,IEF,IEF,,57.565883376905575,-0.06169341051145627,,stocks,mcap,
2026-05-13,asset,IEF,IEF,0.3818,57.565883376905575,-0.06766856230060822,,stocks,mcap,
2026-05-14,asset,IEF,IEF,0.875,56.59975966363804,-0.07033333293713687,,stocks,mcap,
2026-05-15,asset,IEF,IEF,,46.16906281217734,-0.11465741326129378,,stocks,mcap,
2026-05-16,asset,IEF,IEF,,46.16906281217734,-0.091725930609035,,stocks,mcap,
2026-05-17,asset,IEF,IEF,,46.16906281217734,-0.07338074448722798,,stocks,mcap,
2026-05-18,asset,IEF,IEF,,46.16906281217734,-0.1313143005933997,,stocks,mcap,
2026-05-19,asset,IEF,IEF,-0.8271,41.25990562889919,-0.15518596653163075,,stocks,mcap,
2026-05-20,asset,IEF,IEF,0.9136,49.50553730822205,-0.1189949956416837,,stocks,mcap,
2026-05-21,asset,IEF,IEF,,50.22220907404454,-0.08315997280206922,,stocks,mcap,
2026-05-22,asset,IEF,IEF,,51.27722951454014,-0.047641602421371165,,stocks,mcap,
2026-05-23,asset,IEF,IEF,,51.27722951454014,-0.038113281937096954,,stocks,mcap,
2026-03-24,asset,INTC,INTC,0.22931294784537815,,0.0,,stocks,mcap,
2026-03-25,asset,INTC,INTC,0.30051530273227,,0.19911111111110813,,stocks,mcap,
2026-03-26,asset,INTC,INTC,0.06681381589928954,,0.11646014561570155,,stocks,mcap,
2026-03-27,asset,INTC,INTC,0.23882253990265515,,-0.004071296246692113,,stocks,mcap,
2026-03-28,asset,INTC,INTC,0.2640467837930984,,-0.0032570369973536906,,stocks,mcap,
2026-03-29,asset,INTC,INTC,0.20220383444201992,,-0.0026056295978829636,,stocks,mcap,
2026-03-30,asset,INTC,INTC,0.20651044638671,,-0.2954330156522778,,stocks,mcap,
2026-03-31,asset,INTC,INTC,0.0649070691547432,,-0.1879047896001332,,stocks,mcap,
2026-04-01,asset,INTC,INTC,0.1380813237137278,,0.1386360031896282,,stocks,mcap,
2026-04-02,asset,INTC,INTC,0.14694897139381782,,0.48609846347909247,,stocks,mcap,
2026-04-03,asset,INTC,INTC,0.09625219493062563,,0.388878770783274,,stocks,mcap,
2026-04-04,asset,INTC,INTC,0.1984563163111613,,0.31110301662661916,,stocks,mcap,
2026-04-05,asset,INTC,INTC,0.2301997648339504,,0.2488824133012953,,stocks,mcap,
2026-04-06,asset,INTC,INTC,0.15127594991343007,,0.765493061942095,,stocks,mcap,
2026-04-07,asset,INTC,INTC,0.1445947994893394,,0.939732050857492,,stocks,mcap,
2026-04-08,asset,INTC,INTC,0.1441134155018654,,1.3780699688362958,,stocks,mcap,
2026-04-09,asset,INTC,INTC,0.21297848714843592,,1.7471369202284075,,stocks,mcap,
2026-04-10,asset,INTC,INTC,0.20085649941264935,,1.9148017232134755,,stocks,mcap,
2026-04-11,asset,INTC,INTC,0.208875298909138,,1.53184137857078,,stocks,mcap,
2026-04-12,asset,INTC,INTC,0.24051438481229373,,1.2254731028566237,,stocks,mcap,
2026-04-13,asset,INTC,INTC,0.2897962591307272,,1.8590990971850134,,stocks,mcap,
2026-04-14,asset,INTC,INTC,0.312032765379093,,1.7242204442847626,,stocks,mcap,
2026-04-15,asset,INTC,INTC,0.10988120651751153,,1.588401719110733,,stocks,mcap,
2026-04-16,asset,INTC,INTC,0.22273813060123615,,1.6105702511095883,,stocks,mcap,
2026-04-17,asset,INTC,INTC,0.2743968004750805,91.7194623371447,1.4997383255254384,,stocks,mcap,
2026-04-18,asset,INTC,INTC,0.3490178684405599,91.7194623371447,1.1997906604203505,,stocks,mcap,
2026-04-19,asset,INTC,INTC,0.22432313062263878,91.7194623371447,0.9598325283362801,,stocks,mcap,
2026-04-20,asset,INTC,INTC,0.2226921778528538,91.7194623371447,0.7823496090829973,,stocks,mcap,
2026-04-21,asset,INTC,INTC,0.25719247937242656,91.89131211482297,0.5287425734065128,,stocks,mcap,
2026-04-22,asset,INTC,INTC,0.2601878059480759,89.02492098609115,0.22726290259087278,,stocks,mcap,
2026-04-23,asset,INTC,INTC,0.3258779663664449,89.55984767842861,0.07060783545135152,,stocks,mcap,
2026-04-24,asset,INTC,INTC,0.35599599512824026,93.25500094213122,0.9221789215191132,,stocks,mcap,
2026-04-25,asset,INTC,INTC,0.2875865116874885,93.25500094213122,0.7377431372152898,,stocks,mcap,
2026-04-26,asset,INTC,INTC,0.3101331348381238,93.25500094213122,0.590194509772231,,stocks,mcap,
2026-04-27,asset,INTC,INTC,0.18911119894374243,93.25500094213122,1.735013445302302,,stocks,mcap,
2026-04-28,asset,INTC,INTC,0.215184682729037,91.949564665945,1.7972728764033725,,stocks,mcap,
2026-04-29,asset,INTC,INTC,0.2229028361449609,93.64802790688825,2.329449747506013,,stocks,mcap,
2026-04-30,asset,INTC,INTC,0.2704232109273022,93.64802790688825,1.8635597980048093,,stocks,mcap,
2026-05-01,asset,INTC,INTC,0.30451508064789506,93.64802790688825,1.4908478384038464,,stocks,mcap,
2026-05-02,asset,INTC,INTC,0.232389698383117,93.64802790688825,1.1926782707230767,,stocks,mcap,
2026-05-03,asset,INTC,INTC,0.41338894205058613,93.64802790688825,0.9541426165784603,,stocks,mcap,
2026-05-04,asset,INTC,INTC,0.3002347481097384,93.64802790688825,0.7633140932627676,,stocks,mcap,
2026-05-05,asset,INTC,INTC,0.35335299509130946,93.64802790688825,0.6106512746102144,,stocks,mcap,
2026-05-06,asset,INTC,INTC,0.32140041911585665,93.64802790688825,0.4885210196881715,0.508962336178309,stocks,mcap,
2026-05-07,asset,INTC,INTC,0.2988536394387417,93.64802790688825,0.3908168157505365,0.3409490896872525,stocks,mcap,
2026-05-08,asset,INTC,INTC,0.3586777869220041,93.64802790688825,0.3126534526004292,0.5858986394043291,stocks,mcap,
2026-05-09,asset,INTC,INTC,0.331474855490767,93.64802790688825,0.250122762080343,0.40820427470771115,stocks,mcap,
2026-05-10,asset,INTC,INTC,0.17370284515011938,93.64802790688825,0.20009820966427405,-0.3989156157281434,stocks,mcap,
2026-05-11,asset,INTC,INTC,0.1329349581797523,93.64802790688825,0.1600785677314196,-0.6065028790268692,stocks,mcap,
2026-05-12,asset,INTC,INTC,0.23555007855198762,93.64802790688825,0.12806285418513497,-0.10812763133018771,stocks,mcap,
2026-05-13,asset,INTC,INTC,0.25729613354394854,93.64802790688825,0.10245028334810691,-0.009737629071886689,stocks,mcap,
2026-05-14,asset,INTC,INTC,0.30963663905142513,93.64802790688825,0.08196022667848446,0.2424908857005163,stocks,mcap,
2026-05-15,asset,INTC,INTC,0.30362755408470915,93.64802790688825,0.06556818134278686,0.20119388685954104,stocks,mcap,
2026-05-16,asset,INTC,INTC,0.2472593412201276,93.64802790688825,0.05245454507422842,-0.09110657834762079,stocks,mcap,
2026-05-17,asset,INTC,INTC,0.28260679967522123,93.64802790688825,0.041963636059382026,0.08607685721602887,stocks,mcap,
2026-05-18,asset,INTC,INTC,0.2516021556291483,93.64802790688825,0.03357090884750491,-0.07708272745273442,stocks,mcap,
2026-05-19,asset,INTC,INTC,0.3154119359860272,93.64802790688825,0.026856727078003573,0.24979041671653457,stocks,mcap,
2026-05-20,asset,INTC,INTC,0.27586243448891307,93.64802790688825,0.021485381662401437,0.04032054748813163,stocks,mcap,
2026-05-21,asset,INTC,INTC,0.17813769739986715,93.64802790688825,0.01718830532992044,-0.4706474760329758,stocks,mcap,
2026-05-22,asset,INTC,INTC,-0.10825968084640727,93.64802790688825,0.013750644263936351,-1.7069858589713567,stocks,mcap,
2026-05-23,asset,INTC,INTC,,93.64802790688825,0.01100051541114766,,stocks,mcap,
2026-03-24,asset,IWM,IWM,0.06954560627109807,,0.0,,stocks,mcap,
2026-03-25,asset,IWM,IWM,0.05027899424501766,,0.19400569800568518,,stocks,mcap,
2026-03-26,asset,IWM,IWM,-0.022083245608330224,,0.02547106598159643,,stocks,mcap,
2026-03-27,asset,IWM,IWM,-0.08352428366691761,,-0.3589673045897898,,stocks,mcap,
2026-03-28,asset,IWM,IWM,-0.08106930608234059,,-0.28717384367183185,,stocks,mcap,
2026-03-29,asset,IWM,IWM,0.3913853791204654,,-0.22973907493746548,,stocks,mcap,
2026-03-30,asset,IWM,IWM,-0.1313839280990024,,-0.9495754361239015,,stocks,mcap,
2026-03-31,asset,IWM,IWM,0.376911369048059,,-0.5745516093031318,,stocks,mcap,
2026-04-01,asset,IWM,IWM,0.4379804452536318,,-0.20484956965794066,,stocks,mcap,
2026-04-02,asset,IWM,IWM,0.1363945889491549,,0.1534523815189438,,stocks,mcap,
2026-04-03,asset,IWM,IWM,0.03870429641415055,,0.12276190521515506,,stocks,mcap,
2026-04-04,asset,IWM,IWM,-0.07408592131659389,,0.09820952417212403,,stocks,mcap,
2026-04-05,asset,IWM,IWM,-0.11538478184808047,,0.07856761933769929,,stocks,mcap,
2026-04-06,asset,IWM,IWM,-0.07177787027479365,,0.6104044879760596,,stocks,mcap,
2026-04-07,asset,IWM,IWM,-0.1023857050714298,,0.734987117581833,,stocks,mcap,
2026-04-08,asset,IWM,IWM,0.020721730997053284,,1.2583432804894148,,stocks,mcap,
2026-04-09,asset,IWM,IWM,-0.15592946800142526,,1.6139665354326111,,stocks,mcap,
2026-04-10,asset,IWM,IWM,0.13513313051382234,,1.7049291611123873,,stocks,mcap,
2026-04-11,asset,IWM,IWM,-0.26985444252043966,,1.3639433288899097,,stocks,mcap,
2026-04-12,asset,IWM,IWM,0.11182280264943838,,1.0911546631119275,,stocks,mcap,
2026-04-13,asset,IWM,IWM,0.15875178905568,,1.7169516497502215,,stocks,mcap,
2026-04-14,asset,IWM,IWM,0.3368501108056933,,1.9422812975710655,,stocks,mcap,
2026-04-15,asset,IWM,IWM,-0.03633903567258802,,2.001423429602319,,stocks,mcap,
2026-04-16,asset,IWM,IWM,0.05372096507906913,,1.9417205261727815,,stocks,mcap,
2026-04-17,asset,IWM,IWM,0.23197864843898142,90.59266902681901,2.142551096249731,,stocks,mcap,
2026-04-18,asset,IWM,IWM,0.1918734242398478,90.59266902681901,1.7140408769997846,,stocks,mcap,
2026-04-19,asset,IWM,IWM,-0.3096495164060344,90.59266902681901,1.371232701599828,,stocks,mcap,
2026-04-20,asset,IWM,IWM,-0.0669321323636387,90.59266902681901,1.9553925297441008,,stocks,mcap,
2026-04-21,asset,IWM,IWM,0.08588617751184437,83.10330669862694,1.6482179625822235,,stocks,mcap,
2026-04-22,asset,IWM,IWM,0.21338409092815386,83.91289427992812,1.4428591680301803,,stocks,mcap,
2026-04-23,asset,IWM,IWM,0.23165692827449336,81.85465811089503,1.1218074517102288,,stocks,mcap,
2026-04-24,asset,IWM,IWM,0.07925757043562828,82.4018326026618,0.8758938061310593,,stocks,mcap,
2026-04-25,asset,IWM,IWM,0.069433627506271,82.4018326026618,0.7007150449048467,,stocks,mcap,
2026-04-26,asset,IWM,IWM,-0.12729043863281606,82.4018326026618,0.5605720359238768,,stocks,mcap,
2026-04-27,asset,IWM,IWM,-0.19830671710943185,82.4018326026618,0.5096266254796724,,stocks,mcap,
2026-04-28,asset,IWM,IWM,0.004936151674818245,73.8409105375435,0.06482632683047562,,stocks,mcap,
2026-04-29,asset,IWM,IWM,-0.09531542341933937,70.21395742897477,-0.3983224825266536,,stocks,mcap,
2026-04-30,asset,IWM,IWM,0.04125883074432611,74.5473394013462,-0.3551125348398525,,stocks,mcap,
2026-05-01,asset,IWM,IWM,-0.22089585475623608,75.40440141536095,-0.28826739188206574,,stocks,mcap,
2026-05-02,asset,IWM,IWM,-0.23315745522528886,75.40440141536095,-0.2306139135056533,,stocks,mcap,
2026-05-03,asset,IWM,IWM,,75.40440141536095,-0.18449113080452317,,stocks,mcap,
2026-05-04,asset,IWM,IWM,,75.40440141536095,-0.24877427484497616,,stocks,mcap,
2026-05-05,asset,IWM,IWM,0.09777299354157985,78.82984208129479,-0.09179403435357525,,stocks,mcap,
2026-05-06,asset,IWM,IWM,0.3192561738765,80.94032042562954,0.22192164024060723,0.48075432498308224,stocks,mcap,
2026-05-07,asset,IWM,IWM,-0.07117045648656786,72.59508315063164,0.05660566178033655,-0.7957234610562207,stocks,mcap,
2026-05-08,asset,IWM,IWM,-0.07498463095087898,73.81811261036665,0.01120297620404731,-0.739348029769846,stocks,mcap,
2026-05-09,asset,IWM,IWM,-0.14438299480655364,73.81811261036665,0.008962380963237315,-0.8686678986816755,stocks,mcap,
2026-05-10,asset,IWM,IWM,0.11884777019110819,73.81811261036665,0.007169904770589319,-0.27543460909459505,stocks,mcap,
2026-05-11,asset,IWM,IWM,-0.08315655582558365,73.81811261036665,0.11108567388482449,-0.6729422469782043,stocks,mcap,
2026-05-12,asset,IWM,IWM,-0.06448529786129947,67.92615130502116,-0.18593143682177704,-0.9659281466344387,stocks,mcap,
2026-05-13,asset,IWM,IWM,0.4461197985932995,68.00734539025574,-0.4165693306007281,0.09138785518974407,stocks,mcap,
2026-05-14,asset,IWM,IWM,0.0857743831812404,69.48798346735698,-0.4853484767041145,-0.6198256925416429,stocks,mcap,
2026-05-15,asset,IWM,IWM,0.09613180285179364,58.30495666371658,-0.9987124103908034,-1.1262384202449407,stocks,mcap,
2026-05-16,asset,IWM,IWM,-0.19897357064545154,58.30495666371658,-0.7989699283126424,-1.599784873857337,stocks,mcap,
2026-05-17,asset,IWM,IWM,-0.1232074470576644,58.30495666371658,-0.6391759426501142,-1.3057252406413054,stocks,mcap,
2026-05-18,asset,IWM,IWM,0.4463265752548533,58.30495666371658,-1.3388091440224699,-0.27346391926017743,stocks,mcap,
2026-05-19,asset,IWM,IWM,0.12310366989235792,53.302305056885096,-1.763351874967003,-1.1525200694792206,stocks,mcap,
2026-05-20,asset,IWM,IWM,0.004775728612870442,60.22929569383311,-1.5445035884164238,-1.0788502254581211,stocks,mcap,
2026-05-21,asset,IWM,IWM,0.49255020463519783,62.51309521512158,-1.2015675005920388,0.11290212203951622,stocks,mcap,
2026-05-22,asset,IWM,IWM,0.08511744624988643,64.68454891220608,-0.7970515088794432,-0.5249551004571772,stocks,mcap,
2026-05-23,asset,IWM,IWM,,64.68454891220608,-0.6376412071035547,,stocks,mcap,
2026-03-24,asset,JETS,JETS,-0.02730354075152176,,0.0,,stocks,mcap,
2026-03-25,asset,JETS,JETS,0.15893534290787603,,0.02999430199430151,,stocks,mcap,
2026-03-26,asset,JETS,JETS,-0.010050536943660612,,0.02864631293577247,,stocks,mcap,
2026-03-27,asset,JETS,JETS,-0.07047527314945082,,-0.0299934655338526,,stocks,mcap,
2026-03-28,asset,JETS,JETS,-0.037449662832304116,,-0.023994772427082083,,stocks,mcap,
2026-03-29,asset,JETS,JETS,0.19989033584060967,,-0.019195817941665666,,stocks,mcap,
2026-03-30,asset,JETS,JETS,0.30727321372262917,,-0.12229670708510791,,stocks,mcap,
2026-03-31,asset,JETS,JETS,-0.03503418392170487,,-0.08429319317385951,,stocks,mcap,
2026-04-01,asset,JETS,JETS,0.036244395288073356,,-0.014707225971980431,,stocks,mcap,
2026-04-02,asset,JETS,JETS,-0.10409958630679318,,0.008518409914229481,,stocks,mcap,
2026-04-03,asset,JETS,JETS,-0.1296837298524023,,0.006814727931383588,,stocks,mcap,
2026-04-04,asset,JETS,JETS,-0.23742960770236624,,0.005451782345106876,,stocks,mcap,
2026-04-05,asset,JETS,JETS,-0.12772747216291588,,0.004361425876085505,,stocks,mcap,
2026-04-06,asset,JETS,JETS,-0.11910293910563213,,0.037232267765450675,,stocks,mcap,
2026-04-07,asset,JETS,JETS,-0.02694689526968823,,0.03069126890096395,,stocks,mcap,
2026-04-08,asset,JETS,JETS,-0.014255277389130173,,0.11465274311638413,,stocks,mcap,
2026-04-09,asset,JETS,JETS,0.013212402424135988,,0.15622655567231916,,stocks,mcap,
2026-04-10,asset,JETS,JETS,0.07275818248773867,,0.15976269027767398,,stocks,mcap,
2026-04-11,asset,JETS,JETS,,,0.12781015222213918,,stocks,mcap,
2026-04-12,asset,JETS,JETS,,,0.10224812177771134,,stocks,mcap,
2026-04-13,asset,JETS,JETS,,,0.11556934639581473,,stocks,mcap,
2026-04-14,asset,JETS,JETS,,,0.17590055762497253,,stocks,mcap,
2026-04-15,asset,JETS,JETS,,,0.2071164454427007,,stocks,mcap,
2026-04-16,asset,JETS,JETS,,,0.18861883855183814,,stocks,mcap,
2026-04-17,asset,JETS,JETS,,82.57647953089821,0.2467152261340818,,stocks,mcap,
2026-04-18,asset,JETS,JETS,,82.57647953089821,0.19737218090726538,,stocks,mcap,
2026-04-19,asset,JETS,JETS,,82.57647953089821,0.1578977447258123,,stocks,mcap,
2026-04-20,asset,JETS,JETS,,82.57647953089821,0.20517668027451386,,stocks,mcap,
2026-04-21,asset,JETS,JETS,,72.76263446867112,0.13653514098680963,,stocks,mcap,
2026-04-22,asset,JETS,JETS,,65.3504390987703,0.02593556654474405,,stocks,mcap,
2026-04-23,asset,JETS,JETS,,64.05803750239329,-0.05991325011230941,,stocks,mcap,
2026-04-24,asset,JETS,JETS,,65.34949832079008,-0.09753210796798728,,stocks,mcap,
2026-04-25,asset,JETS,JETS,,65.34949832079008,-0.07802568637438989,,stocks,mcap,
2026-04-26,asset,JETS,JETS,,65.34949832079008,-0.06242054909951189,,stocks,mcap,
2026-04-27,asset,JETS,JETS,,65.34949832079008,-0.1488866540259962,,stocks,mcap,
2026-04-28,asset,JETS,JETS,,62.64619452949121,-0.1904851326134655,,stocks,mcap,
2026-04-29,asset,JETS,JETS,,59.6162708690615,-0.23241317247086907,,stocks,mcap,
2026-04-30,asset,JETS,JETS,,59.6162708690615,-0.1859305379766953,,stocks,mcap,
2026-05-01,asset,JETS,JETS,,59.6162708690615,-0.14874443038135626,,stocks,mcap,
2026-05-02,asset,JETS,JETS,,59.6162708690615,-0.11899554430508502,,stocks,mcap,
2026-05-03,asset,JETS,JETS,,59.6162708690615,-0.09519643544406803,,stocks,mcap,
2026-05-04,asset,JETS,JETS,,59.6162708690615,-0.07615714835525444,,stocks,mcap,
2026-05-05,asset,JETS,JETS,,59.6162708690615,-0.06092571868420357,,stocks,mcap,
2026-05-06,asset,JETS,JETS,,59.6162708690615,-0.048740574947362864,,stocks,mcap,
2026-05-07,asset,JETS,JETS,,59.6162708690615,-0.0389924599578903,,stocks,mcap,
2026-05-08,asset,JETS,JETS,,59.6162708690615,-0.03119396796631224,,stocks,mcap,
2026-05-09,asset,JETS,JETS,,59.6162708690615,-0.024955174373049796,,stocks,mcap,
2026-05-10,asset,JETS,JETS,,59.6162708690615,-0.019964139498439837,,stocks,mcap,
2026-05-11,asset,JETS,JETS,,59.6162708690615,-0.01597131159875187,,stocks,mcap,
2026-05-12,asset,JETS,JETS,,59.6162708690615,-0.012777049279001501,,stocks,mcap,
2026-05-13,asset,JETS,JETS,,59.6162708690615,-0.010221639423201201,,stocks,mcap,
2026-05-14,asset,JETS,JETS,0.32453333333333334,59.6162708690615,-0.008177311538560966,,stocks,mcap,
2026-05-15,asset,JETS,JETS,0.4037,59.6162708690615,-0.006541849230848773,0.6673702628480835,stocks,mcap,
2026-05-16,asset,JETS,JETS,,59.6162708690615,-0.005233479384679024,,stocks,mcap,
2026-05-17,asset,JETS,JETS,-0.8519,59.6162708690615,-0.004186783507743222,-1.5314483693799008,stocks,mcap,
2026-05-18,asset,JETS,JETS,,59.6162708690615,-0.003349426806194586,,stocks,mcap,
2026-05-19,asset,JETS,JETS,0.12445000000000003,59.6162708690615,-0.002679541444955677,0.01719058246825017,stocks,mcap,
2026-05-20,asset,JETS,JETS,,59.6162708690615,-0.002143633155964539,,stocks,mcap,
2026-05-21,asset,JETS,JETS,,59.6162708690615,-0.001714906524771631,,stocks,mcap,
2026-05-22,asset,JETS,JETS,,59.6162708690615,-0.0013719252198173132,,stocks,mcap,
2026-05-23,asset,JETS,JETS,,59.6162708690615,-0.0010975401758538533,,stocks,mcap,
2026-03-24,asset,JNJ,JNJ,0.2632534017209057,,0.0,,stocks,mcap,
2026-03-25,asset,JNJ,JNJ,0.24135031141862825,,0.29739031339029226,,stocks,mcap,
2026-03-26,asset,JNJ,JNJ,0.5546722222222222,,0.42348710805918927,,stocks,mcap,
2026-03-27,asset,JNJ,JNJ,0.17819113132255462,,0.555898589830438,,stocks,mcap,
2026-03-28,asset,JNJ,JNJ,0.12195507781931665,,0.44471887186435044,,stocks,mcap,
2026-03-29,asset,JNJ,JNJ,0.28141797560527254,,0.3557750974914803,,stocks,mcap,
2026-03-30,asset,JNJ,JNJ,0.2614858433357957,,0.7303791961830876,,stocks,mcap,
2026-03-31,asset,JNJ,JNJ,0.21716649933577878,,0.8983386918401441,,stocks,mcap,
2026-04-01,asset,JNJ,JNJ,0.15004250673166575,,0.9276517027226467,,stocks,mcap,
2026-04-02,asset,JNJ,JNJ,0.31468784951595524,,0.8179114161327599,,stocks,mcap,
2026-04-03,asset,JNJ,JNJ,0.2908322543747102,,0.6543291329062078,,stocks,mcap,
2026-04-04,asset,JNJ,JNJ,0.327933884542561,,0.5234633063249661,,stocks,mcap,
2026-04-05,asset,JNJ,JNJ,-0.10967622674669893,,0.41877064505997286,,stocks,mcap,
2026-04-06,asset,JNJ,JNJ,0.11532675210682469,,0.23924782537990885,,stocks,mcap,
2026-04-07,asset,JNJ,JNJ,0.19800598775691905,,-0.0659408711991405,,stocks,mcap,
2026-04-08,asset,JNJ,JNJ,0.32430832263509596,,-0.08579653512538954,,stocks,mcap,
2026-04-09,asset,JNJ,JNJ,0.24800844667049465,,-0.1093694394278204,,stocks,mcap,
2026-04-10,asset,JNJ,JNJ,0.22795964117663847,,-0.316305750830143,,stocks,mcap,
2026-04-11,asset,JNJ,JNJ,0.3621667386518605,,-0.2530446006641145,,stocks,mcap,
2026-04-12,asset,JNJ,JNJ,0.4043067198657092,,-0.20243568053129168,,stocks,mcap,
2026-04-13,asset,JNJ,JNJ,0.27098120536163806,,-0.4648119424991568,,stocks,mcap,
2026-04-14,asset,JNJ,JNJ,0.3056965603132046,,-0.40748685903684256,,stocks,mcap,
2026-04-15,asset,JNJ,JNJ,0.3504000996636861,,-0.4537217866901462,,stocks,mcap,
2026-04-16,asset,JNJ,JNJ,0.26305395816592503,,-0.7337159802900661,,stocks,mcap,
2026-04-17,asset,JNJ,JNJ,-0.04912379759828249,73.4572788463223,-0.9032833150916488,,stocks,mcap,
2026-04-18,asset,JNJ,JNJ,-0.010607453230305448,73.4572788463223,-0.7226266520733191,,stocks,mcap,
2026-04-19,asset,JNJ,JNJ,0.3287024480153768,73.4572788463223,-0.5781013216586552,,stocks,mcap,
2026-04-20,asset,JNJ,JNJ,0.36899744921250655,73.4572788463223,-1.1540453781253674,,stocks,mcap,
2026-04-21,asset,JNJ,JNJ,0.41780931737113014,63.630648357198474,-1.5348056142637858,,stocks,mcap,
2026-04-22,asset,JNJ,JNJ,0.40212910456926765,63.53186115981264,-1.6952395880066522,,stocks,mcap,
2026-04-23,asset,JNJ,JNJ,0.4789533328220381,67.63532319947413,-1.4111038907686022,,stocks,mcap,
2026-04-24,asset,JNJ,JNJ,0.4200557654836153,62.40042535397018,-1.3513952194586647,,stocks,mcap,
2026-04-25,asset,JNJ,JNJ,0.4020768687744961,62.40042535397018,-1.0811161755669316,,stocks,mcap,
2026-04-26,asset,JNJ,JNJ,0.44469396843505055,62.40042535397018,-0.8648929404535453,,stocks,mcap,
2026-04-27,asset,JNJ,JNJ,0.31252530753105845,62.40042535397018,-1.1646195551693737,,stocks,mcap,
2026-04-28,asset,JNJ,JNJ,0.48000702385123817,65.21684807507557,-0.9384010830719545,,stocks,mcap,
2026-04-29,asset,JNJ,JNJ,0.18686339504283078,64.4559079617083,-0.7545191388662165,,stocks,mcap,
2026-04-30,asset,JNJ,JNJ,0.3032041107125403,66.8244485902544,-0.417468672148972,,stocks,mcap,
2026-05-01,asset,JNJ,JNJ,0.2843342103206214,62.0840002588418,-0.3304315350538225,,stocks,mcap,
2026-05-02,asset,JNJ,JNJ,0.2839,62.0840002588418,-0.2643452280430578,,stocks,mcap,
2026-05-03,asset,JNJ,JNJ,0.45124,62.0840002588418,-0.21147618243444644,,stocks,mcap,
2026-05-04,asset,JNJ,JNJ,0.3333467527417559,62.0840002588418,-0.46152034970455746,,stocks,mcap,
2026-05-05,asset,JNJ,JNJ,0.5285058019946781,63.83529723916135,-0.3534110102501473,,stocks,mcap,
2026-05-06,asset,JNJ,JNJ,0.6344860410736333,62.10120286862751,-0.2991281795150189,0.6658060477990133,stocks,mcap,
2026-05-07,asset,JNJ,JNJ,0.3763528581554846,58.235872489917675,-0.356051427013957,-0.2796678727745522,stocks,mcap,
2026-05-08,asset,JNJ,JNJ,0.5516790441887972,56.11452841845856,-0.4201687152989657,0.061385177805869974,stocks,mcap,
2026-05-09,asset,JNJ,JNJ,0.7348284680843531,56.11452841845856,-0.33613497223917266,0.5312140603661308,stocks,mcap,
2026-05-10,asset,JNJ,JNJ,0.5312646595011355,56.11452841845856,-0.2689079777913381,0.07609327682270182,stocks,mcap,
2026-05-11,asset,JNJ,JNJ,0.23466866869403913,56.11452841845856,-0.38035400517184836,-0.6734454227184241,stocks,mcap,
2026-05-12,asset,JNJ,JNJ,0.38012689801768285,60.694398727739014,-0.11931242299599099,0.06589292177045758,stocks,mcap,
2026-05-13,asset,JNJ,JNJ,0.3965525826451495,67.22753910350606,0.4759895688595397,0.7395235898860204,stocks,mcap,
2026-05-14,asset,JNJ,JNJ,0.2579128999256005,67.58546645741256,0.8796418223227822,0.5728988404481075,stocks,mcap,
2026-05-15,asset,JNJ,JNJ,0.23073088300314087,59.991014534321096,0.8547417755926068,0.0438695264991924,stocks,mcap,
2026-05-16,asset,JNJ,JNJ,0.35008439681169085,59.991014534321096,0.6837934204740854,0.2668907280392014,stocks,mcap,
2026-05-17,asset,JNJ,JNJ,0.2603211727673739,59.991014534321096,0.5470347363792687,-0.026031821147971368,stocks,mcap,
2026-05-18,asset,JNJ,JNJ,0.4890757856160416,59.991014534321096,0.8071017673314675,0.6683537043625762,stocks,mcap,
2026-05-19,asset,JNJ,JNJ,0.38690895317025686,61.526494183660844,0.9352615690998678,0.535912372698399,stocks,mcap,
2026-05-20,asset,JNJ,JNJ,0.4425067666177056,60.248859300532494,0.943666111176904,0.5925811670483525,stocks,mcap,
2026-05-21,asset,JNJ,JNJ,0.43545558507300697,63.16804782194395,1.0716155717859535,0.7871324597542002,stocks,mcap,
2026-05-22,asset,JNJ,JNJ,,66.13520090084465,1.281936313148309,,stocks,mcap,
2026-05-23,asset,JNJ,JNJ,,66.13520090084465,1.0255490505186473,,stocks,mcap,
2026-03-24,asset,JPM,JPM,0.48233322493622416,,0.0,,stocks,mcap,
2026-03-25,asset,JPM,JPM,0.3972313921467238,,0.19272934472937778,,stocks,mcap,
2026-03-26,asset,JPM,JPM,0.32445779750114623,,0.06303148838081142,,stocks,mcap,
2026-03-27,asset,JPM,JPM,0.08483902675902397,,-0.5850195556345316,,stocks,mcap,
2026-03-28,asset,JPM,JPM,0.2676702892752611,,-0.46801564450762523,,stocks,mcap,
2026-03-29,asset,JPM,JPM,0.3242540182151539,,-0.37441251560610017,,stocks,mcap,
2026-03-30,asset,JPM,JPM,0.30378434272402066,,-0.9471860021502981,,stocks,mcap,
2026-03-31,asset,JPM,JPM,0.24964339541556851,,-0.38354886397417687,,stocks,mcap,
2026-04-01,asset,JPM,JPM,0.29505700627156706,,0.07339531521355991,,stocks,mcap,
2026-04-02,asset,JPM,JPM,0.21965776179699312,,0.31171003535093866,,stocks,mcap,
2026-04-03,asset,JPM,JPM,0.24434755606359437,,0.249368028280751,,stocks,mcap,
2026-04-04,asset,JPM,JPM,0.18178312132726301,,0.19949442262460082,,stocks,mcap,
2026-04-05,asset,JPM,JPM,0.3319118223217851,,0.15959553809968063,,stocks,mcap,
2026-04-06,asset,JPM,JPM,0.15891500749479961,,0.5653725477948803,,stocks,mcap,
2026-04-07,asset,JPM,JPM,0.21698663995024492,,0.7430057166464854,,stocks,mcap,
2026-04-08,asset,JPM,JPM,0.16429883878581117,,1.4904027994866105,,stocks,mcap,
2026-04-09,asset,JPM,JPM,0.2965874748442857,,2.028397125955184,,stocks,mcap,
2026-04-10,asset,JPM,JPM,0.27460192530350475,,2.222350370630343,,stocks,mcap,
2026-04-11,asset,JPM,JPM,0.4481811898827999,,1.7778802965042741,,stocks,mcap,
2026-04-12,asset,JPM,JPM,0.23420940040825378,,1.4223042372034191,,stocks,mcap,
2026-04-13,asset,JPM,JPM,0.3200605041579628,,2.204380857278135,,stocks,mcap,
2026-04-14,asset,JPM,JPM,0.27689725299347534,,2.0201667519948927,,stocks,mcap,
2026-04-15,asset,JPM,JPM,0.15755227249675635,,1.4380399906431531,,stocks,mcap,
2026-04-16,asset,JPM,JPM,0.3947487290685471,,1.2215084318021852,,stocks,mcap,
2026-04-17,asset,JPM,JPM,0.23714990444070141,73.36369532557042,1.0078427376039993,,stocks,mcap,
2026-04-18,asset,JPM,JPM,0.478719615512337,73.36369532557042,0.8062741900831991,,stocks,mcap,
2026-04-19,asset,JPM,JPM,0.23392805485390625,73.36369532557042,0.6450193520665586,,stocks,mcap,
2026-04-20,asset,JPM,JPM,0.3596769738418793,73.36369532557042,1.2070366443930451,,stocks,mcap,
2026-04-21,asset,JPM,JPM,0.23162850536881996,66.03114850609003,0.9203811502607113,,stocks,mcap,
2026-04-22,asset,JPM,JPM,0.33690344206008965,66.04607668936315,0.6476733847141993,,stocks,mcap,
2026-04-23,asset,JPM,JPM,0.3165296737864722,64.03085996736073,0.3103735521225097,,stocks,mcap,
2026-04-24,asset,JPM,JPM,0.2776345772761086,59.055521147077776,-0.18317766699886207,,stocks,mcap,
2026-04-25,asset,JPM,JPM,0.4986834880034939,59.055521147077776,-0.1465421335990893,,stocks,mcap,
2026-04-26,asset,JPM,JPM,0.37505385176788436,59.055521147077776,-0.11723370687927215,,stocks,mcap,
2026-04-27,asset,JPM,JPM,0.2956362927750868,59.055521147077776,-0.2491098309423565,,stocks,mcap,
2026-04-28,asset,JPM,JPM,0.22465494946689396,58.73150896006449,-0.39594624598307515,,stocks,mcap,
2026-04-29,asset,JPM,JPM,0.1709955553766993,55.46732599979895,-0.6533839499652174,,stocks,mcap,
2026-04-30,asset,JPM,JPM,-0.09976674445992134,59.818211661681225,-0.5707667327333867,,stocks,mcap,
2026-05-01,asset,JPM,JPM,-0.03565832314015939,58.64004056924889,-0.5805354435465784,,stocks,mcap,
2026-05-02,asset,JPM,JPM,0.3233908967365987,58.64004056924889,-0.4644283548372634,,stocks,mcap,
2026-05-03,asset,JPM,JPM,0.05872518690444615,58.64004056924889,-0.37154268386981126,,stocks,mcap,
2026-05-04,asset,JPM,JPM,0.25341728445512424,58.64004056924889,-0.8702253143267793,,stocks,mcap,
2026-05-05,asset,JPM,JPM,0.2324666413725074,61.01798866495918,-0.9416384838065417,,stocks,mcap,
2026-05-06,asset,JPM,JPM,0.15090216323402497,66.35346822988208,-0.6216520625185007,-0.5232193121275999,stocks,mcap,
2026-05-07,asset,JPM,JPM,0.3845642850609299,53.88973709522426,-0.973444896309656,-0.4536564458099398,stocks,mcap,
2026-05-08,asset,JPM,JPM,0.20138350149376222,49.09130892059762,-1.4410089325469793,-1.3323669939082774,stocks,mcap,
2026-05-09,asset,JPM,JPM,0.5456973265565945,49.09130892059762,-1.152807146037584,-0.09039870658870724,stocks,mcap,
2026-05-10,asset,JPM,JPM,0.4775501692721527,49.09130892059762,-0.9222457168300675,-0.20734384413924595,stocks,mcap,
2026-05-11,asset,JPM,JPM,0.08032197934756431,49.09130892059762,-1.6875720559414433,-1.600656325169361,stocks,mcap,
2026-05-12,asset,JPM,JPM,0.25224220324111973,55.34941078995938,-1.5218131780810598,-0.7491452792954982,stocks,mcap,
2026-05-13,asset,JPM,JPM,0.23629382821781927,50.21026832253653,-1.650266927790016,-0.9995545313617578,stocks,mcap,
2026-05-14,asset,JPM,JPM,0.3028401849391377,49.84427300365448,-1.6788546248731466,-0.7763677727272331,stocks,mcap,
2026-05-15,asset,JPM,JPM,0.32452204709615545,47.5393253654785,-1.7518422396089424,-0.774332898624392,stocks,mcap,
2026-05-16,asset,JPM,JPM,0.39552856915783297,47.5393253654785,-1.4014737916871538,-0.42400911840473743,stocks,mcap,
2026-05-17,asset,JPM,JPM,0.23069564484432994,47.5393253654785,-1.1211790333497231,-0.8447252503141744,stocks,mcap,
2026-05-18,asset,JPM,JPM,0.31807796187823273,47.5393253654785,-1.100044118492079,-0.5370906837000328,stocks,mcap,
2026-05-19,asset,JPM,JPM,0.2891592823106027,41.375176961780504,-1.269732539966674,-0.8517535930057074,stocks,mcap,
2026-05-20,asset,JPM,JPM,0.1634421146884495,48.66786016025209,-0.9026705488617882,-0.8891010350262745,stocks,mcap,
2026-05-21,asset,JPM,JPM,0.2098231589616519,49.760990831284694,-0.5520493367590771,-0.5915241433178532,stocks,mcap,
2026-05-22,asset,JPM,JPM,0.15201608862787278,53.23106415004298,-0.08335052412581456,-0.5209375008473648,stocks,mcap,
2026-05-23,asset,JPM,JPM,,53.23106415004298,-0.0666804193006516,,stocks,mcap,
2026-03-24,asset,LCID,LCID,0.3956933199120759,,0.0,,stocks,mcap,
2026-03-25,asset,LCID,LCID,0.11723752059353226,,0.02042165242165197,,stocks,mcap,
2026-03-26,asset,LCID,LCID,0.29826519512330907,,-0.01703513445507923,,stocks,mcap,
2026-03-27,asset,LCID,LCID,0.10466056817862959,,-0.07217404001998011,,stocks,mcap,
2026-03-28,asset,LCID,LCID,0.17817021571128733,,-0.057739232015984084,,stocks,mcap,
2026-03-29,asset,LCID,LCID,0.23512121957293117,,-0.04619138561278727,,stocks,mcap,
2026-03-30,asset,LCID,LCID,0.16795373067792055,,-0.12823917568668072,,stocks,mcap,
2026-03-31,asset,LCID,LCID,0.12226436554071561,,-0.1191597983542328,,stocks,mcap,
2026-04-01,asset,LCID,LCID,0.29443480263610766,,-0.104350405209404,,stocks,mcap,
2026-04-02,asset,LCID,LCID,0.3143972120984477,,-0.0628755107283169,,stocks,mcap,
2026-04-03,asset,LCID,LCID,0.14260849332354938,,-0.05030040858265353,,stocks,mcap,
2026-04-04,asset,LCID,LCID,-0.011553707359433028,,-0.04024032686612283,,stocks,mcap,
2026-04-05,asset,LCID,LCID,-0.005560696357736886,,-0.03219226149289828,,stocks,mcap,
2026-04-06,asset,LCID,LCID,0.017462577682744233,,-0.07076842953326232,,stocks,mcap,
2026-04-07,asset,LCID,LCID,-0.0902542848935323,,-0.09935728988198408,,stocks,mcap,
2026-04-08,asset,LCID,LCID,0.22421707348577177,,-0.11069977918704371,,stocks,mcap,
2026-04-09,asset,LCID,LCID,0.19957998028018908,,-0.11293838457139571,,stocks,mcap,
2026-04-10,asset,LCID,LCID,0.09559841454421521,,-0.11803056400337003,,stocks,mcap,
2026-04-11,asset,LCID,LCID,0.19293654697344992,,-0.09442445120269605,,stocks,mcap,
2026-04-12,asset,LCID,LCID,0.012792785712178704,,-0.07553956096215686,,stocks,mcap,
2026-04-13,asset,LCID,LCID,0.21706122782018544,,-0.03269394903959377,,stocks,mcap,
2026-04-14,asset,LCID,LCID,0.19899560009551095,,-0.03183302915507946,,stocks,mcap,
2026-04-15,asset,LCID,LCID,0.18578886857982047,,-0.06395776054437369,,stocks,mcap,
2026-04-16,asset,LCID,LCID,0.03810500919892648,,-0.10982204183178451,,stocks,mcap,
2026-04-17,asset,LCID,LCID,0.0669997685603306,41.518627730221915,-0.1546234757358113,,stocks,mcap,
2026-04-18,asset,LCID,LCID,0.1561449747171697,41.518627730221915,-0.12369878058864903,,stocks,mcap,
2026-04-19,asset,LCID,LCID,0.21857849580508318,41.518627730221915,-0.0989590244709192,,stocks,mcap,
2026-04-20,asset,LCID,LCID,0.14989787179325106,41.518627730221915,-0.21077950797070233,,stocks,mcap,
2026-04-21,asset,LCID,LCID,0.27105139347447726,46.7404499298807,-0.19402894586581265,,stocks,mcap,
2026-04-22,asset,LCID,LCID,0.1519766837152441,44.79058295361327,-0.18062427045862028,,stocks,mcap,
2026-04-23,asset,LCID,LCID,-0.07812354352528182,39.16072451108211,-0.1976875200788324,,stocks,mcap,
2026-04-24,asset,LCID,LCID,0.2390856651382376,38.995770465744336,-0.192935469690367,,stocks,mcap,
2026-04-25,asset,LCID,LCID,0.2619588431536627,38.995770465744336,-0.15434837575229354,,stocks,mcap,
2026-04-26,asset,LCID,LCID,-0.18084038365263178,38.995770465744336,-0.12347870060183475,,stocks,mcap,
2026-04-27,asset,LCID,LCID,-0.10366151146885363,38.995770465744336,-0.17384956770540683,,stocks,mcap,
2026-04-28,asset,LCID,LCID,0.15874249291996945,38.344036920650574,-0.15727625752907803,,stocks,mcap,
2026-04-29,asset,LCID,LCID,0.23126833532446994,37.339989005184954,-0.13747581220800065,,stocks,mcap,
2026-04-30,asset,LCID,LCID,0.23167562515754542,37.339989005184954,-0.10998064976640043,,stocks,mcap,
2026-05-01,asset,LCID,LCID,0.258097785054352,37.339989005184954,-0.08798451981312028,,stocks,mcap,
2026-05-02,asset,LCID,LCID,0.36063418195874986,37.339989005184954,-0.07038761585049613,,stocks,mcap,
2026-05-03,asset,LCID,LCID,0.29054023020179714,37.339989005184954,-0.056310092680396995,,stocks,mcap,
2026-05-04,asset,LCID,LCID,0.14051764939179023,37.339989005184954,-0.04504807414431755,,stocks,mcap,
2026-05-05,asset,LCID,LCID,-0.0752423782321014,37.339989005184954,-0.03603845931545413,,stocks,mcap,
2026-05-06,asset,LCID,LCID,-0.010854404765405506,37.339989005184954,-0.028830767452363126,-0.3641205043014128,stocks,mcap,
2026-05-07,asset,LCID,LCID,0.020044013319271616,37.339989005184954,-0.023064613961890412,-0.23426136666915615,stocks,mcap,
2026-05-08,asset,LCID,LCID,-0.21378241948475626,37.339989005184954,-0.018451691169512285,-0.8310333352481212,stocks,mcap,
2026-05-09,asset,LCID,LCID,0.2632061616553002,37.339989005184954,-0.01476135293560965,0.5282442606936417,stocks,mcap,
2026-05-10,asset,LCID,LCID,0.04083624325340851,37.339989005184954,-0.011809082348487543,-0.08844742098183944,stocks,mcap,
2026-05-11,asset,LCID,LCID,0.31728472277115793,37.339989005184954,-0.009447265878789857,0.6936871790994141,stocks,mcap,
2026-05-12,asset,LCID,LCID,0.026321629377968003,37.339989005184954,-0.0075578127030317965,-0.12209015055876554,stocks,mcap,
2026-05-13,asset,LCID,LCID,0.24686960333362645,37.339989005184954,-0.006046250162425437,0.5030444691364296,stocks,mcap,
2026-05-14,asset,LCID,LCID,0.28197924382993106,37.339989005184954,-0.004837000129940261,0.5961326405975045,stocks,mcap,
2026-05-15,asset,LCID,LCID,-0.29841244582484167,37.339989005184954,-0.0038696001039522088,-0.9472126623694059,stocks,mcap,
2026-05-16,asset,LCID,LCID,0.6854825232096016,37.339989005184954,-0.003095680083161856,1.4869965194734858,stocks,mcap,
2026-05-17,asset,LCID,LCID,0.6557,37.339989005184954,-0.002476544066529307,1.3103072367384938,stocks,mcap,
2026-05-18,asset,LCID,LCID,-0.6521,37.339989005184954,-0.001981235253223357,-1.3298339075493657,stocks,mcap,
2026-05-19,asset,LCID,LCID,0.4466,37.339989005184954,-0.0015849882025786854,0.7630161735798158,stocks,mcap,
2026-05-20,asset,LCID,LCID,0.32406666666666667,37.339989005184954,-0.0012679905620629484,0.5222088300279896,stocks,mcap,
2026-05-21,asset,LCID,LCID,0.49766666666666665,37.339989005184954,-0.001014392449650181,0.8295436187287506,stocks,mcap,
2026-05-22,asset,LCID,LCID,-0.4598632074713707,37.339989005184954,-0.0008115139597202337,-0.890274022683835,stocks,mcap,
2026-05-23,asset,LCID,LCID,,37.339989005184954,-0.0006492111677762757,,stocks,mcap,
2026-03-24,asset,MA,MA,0.25054577978043985,,0.0,,stocks,mcap,
2026-03-25,asset,MA,MA,0.22611983756768972,,0.2444216524217154,,stocks,mcap,
2026-03-26,asset,MA,MA,0.07853321909056439,,0.2559768313569475,,stocks,mcap,
2026-03-27,asset,MA,MA,0.1870377850373356,,-0.8049694738232793,,stocks,mcap,
2026-03-28,asset,MA,MA,0.2425935802102008,,-0.6439755790586235,,stocks,mcap,
2026-03-29,asset,MA,MA,0.2572725542333908,,-0.5151804632468987,,stocks,mcap,
2026-03-30,asset,MA,MA,0.1637941288123731,,-0.6640076022510066,,stocks,mcap,
2026-03-31,asset,MA,MA,0.19778040692053242,,-0.26854182851740416,,stocks,mcap,
2026-04-01,asset,MA,MA,0.22202014379937807,,-0.5123120249942454,,stocks,mcap,
2026-04-02,asset,MA,MA,0.1537640720202984,,-0.5173833388818032,,stocks,mcap,
2026-04-03,asset,MA,MA,0.03870238724204194,,-0.41390667110544244,,stocks,mcap,
2026-04-04,asset,MA,MA,0.04549733541551977,,-0.33112533688435386,,stocks,mcap,
2026-04-05,asset,MA,MA,0.2750038151260394,,-0.26490026950748313,,stocks,mcap,
2026-04-06,asset,MA,MA,0.21537870413194568,,0.5194354673552616,,stocks,mcap,
2026-04-07,asset,MA,MA,0.302582331297822,,0.5151409089807628,,stocks,mcap,
2026-04-08,asset,MA,MA,0.2652506598420653,,1.0573450873707837,,stocks,mcap,
2026-04-09,asset,MA,MA,0.20495107823475656,,1.1205500895098393,,stocks,mcap,
2026-04-10,asset,MA,MA,0.2957373973315566,,0.7908683939674618,,stocks,mcap,
2026-04-11,asset,MA,MA,0.6080607110500336,,0.6326947151739695,,stocks,mcap,
2026-04-12,asset,MA,MA,0.17802890525826562,,0.5061557721391755,,stocks,mcap,
2026-04-13,asset,MA,MA,-0.1433540743659322,,1.216952230112584,,stocks,mcap,
2026-04-14,asset,MA,MA,0.08347843607001837,,1.6314410569306586,,stocks,mcap,
2026-04-15,asset,MA,MA,0.42572356820679425,,2.231570067639487,,stocks,mcap,
2026-04-16,asset,MA,MA,0.3892291666666667,,2.3869275985899936,,stocks,mcap,
2026-04-17,asset,MA,MA,0.44426363977602484,66.3054045689618,2.5166844281297145,,stocks,mcap,
2026-04-18,asset,MA,MA,0.3805350671147307,66.3054045689618,2.0133475425037712,,stocks,mcap,
2026-04-19,asset,MA,MA,0.6599235962360073,66.3054045689618,1.6106780340030165,,stocks,mcap,
2026-04-20,asset,MA,MA,0.6954345335357768,66.3054045689618,1.5792194534190118,,stocks,mcap,
2026-04-21,asset,MA,MA,0.3612714285714286,59.611173263695136,0.9463007892937725,,stocks,mcap,
2026-04-22,asset,MA,MA,0.339918831269443,58.448434873403826,0.38566954526226027,,stocks,mcap,
2026-04-23,asset,MA,MA,0.14291714486930046,51.39083067505705,-0.5217015515481762,,stocks,mcap,
2026-04-24,asset,MA,MA,0.24431400043964385,52.802905763706256,-0.9869124722584273,,stocks,mcap,
2026-04-25,asset,MA,MA,0.40329,52.802905763706256,-0.7895299778067422,,stocks,mcap,
2026-04-26,asset,MA,MA,0.3239773658956655,52.802905763706256,-0.6316239822453937,,stocks,mcap,
2026-04-27,asset,MA,MA,0.5209712170612547,52.802905763706256,-0.9330757156941618,,stocks,mcap,
2026-04-28,asset,MA,MA,0.26109917453874776,53.997857366160986,-0.9363723795589207,,stocks,mcap,
2026-04-29,asset,MA,MA,0.43541428571428564,65.38072462209587,0.2061555319402011,,stocks,mcap,
2026-04-30,asset,MA,MA,0.1570336403274536,65.38072462209587,0.1649244255521607,,stocks,mcap,
2026-05-01,asset,MA,MA,0.5483445858386811,65.38072462209587,0.13193954044172873,,stocks,mcap,
2026-05-02,asset,MA,MA,0.3130625,65.38072462209587,0.10555163235338316,,stocks,mcap,
2026-05-03,asset,MA,MA,0.13856000000000002,65.38072462209587,0.08444130588270671,,stocks,mcap,
2026-05-04,asset,MA,MA,0.42228,65.38072462209587,0.06755304470616519,,stocks,mcap,
2026-05-05,asset,MA,MA,0.5625928571428571,65.38072462209587,0.05404243576493162,,stocks,mcap,
2026-05-06,asset,MA,MA,0.24049032258064515,65.38072462209587,0.043233948611945294,0.01477884988338185,stocks,mcap,
2026-05-07,asset,MA,MA,0.3489758620689655,65.38072462209587,0.03458715888955588,0.25579283515741513,stocks,mcap,
2026-05-08,asset,MA,MA,0.5108619047619047,65.38072462209587,0.02766972711164417,0.612888748654643,stocks,mcap,
2026-05-09,asset,MA,MA,0.30566145923137666,65.38072462209587,0.022135781689315515,0.12794675171452258,stocks,mcap,
2026-05-10,asset,MA,MA,0.52185,65.38072462209587,0.017708625351452234,0.6159370399434297,stocks,mcap,
2026-05-11,asset,MA,MA,0.3733516129032258,65.38072462209587,0.014166900281161965,0.26169894672212624,stocks,mcap,
2026-05-12,asset,MA,MA,0.015159229611266728,65.38072462209587,0.011333520224929394,-0.5617054489859685,stocks,mcap,
2026-05-13,asset,MA,MA,0.3442280080715505,65.38072462209587,0.009066816179942983,0.19462085798054685,stocks,mcap,
2026-05-14,asset,MA,MA,0.521575,65.38072462209587,0.007253452943953853,0.5917782421167829,stocks,mcap,
2026-05-15,asset,MA,MA,0.3384291935874273,65.38072462209587,0.0058027623551630825,0.1625362368174569,stocks,mcap,
2026-05-16,asset,MA,MA,0.48342337058924667,65.38072462209587,0.004642209884130111,0.49090214927111775,stocks,mcap,
2026-05-17,asset,MA,MA,0.040915642710296185,65.38072462209587,0.003713767907304266,-0.5286538982755079,stocks,mcap,
2026-05-18,asset,MA,MA,0.4558125,65.38072462209587,0.0029710143258432353,0.4220786146814671,stocks,mcap,
2026-05-19,asset,MA,MA,0.48616991448657854,65.38072462209587,0.0023768114606745883,0.4822975839179873,stocks,mcap,
2026-05-20,asset,MA,MA,0.3388536903934634,65.38072462209587,0.0019014491685398482,0.13861741498351343,stocks,mcap,
2026-05-21,asset,MA,MA,0.30999599549341583,65.38072462209587,0.0015211593348318786,0.06922916444198375,stocks,mcap,
2026-05-22,asset,MA,MA,0.7534575454579666,65.38072462209587,0.0012169274678655029,1.046863853846615,stocks,mcap,
2026-05-23,asset,MA,MA,,65.38072462209587,0.0009735419742922247,,stocks,mcap,
2026-03-24,asset,META,META,0.01703252992700444,,0.0,,stocks,mcap,
2026-03-25,asset,META,META,0.12886911640624718,,0.12572079772071448,,stocks,mcap,
2026-03-26,asset,META,META,-0.06527892850923799,,-2.8241232587397826,,stocks,mcap,
2026-03-27,asset,META,META,0.027891512243703648,,-5.911334376949737,,stocks,mcap,
2026-03-28,asset,META,META,0.11860208983430193,,-4.72906750155979,,stocks,mcap,
2026-03-29,asset,META,META,0.20167818830158846,,-3.7832540012478315,,stocks,mcap,
2026-03-30,asset,META,META,0.05433681592014883,,-6.273318836303364,,stocks,mcap,
2026-03-31,asset,META,META,0.12393503935710412,,-4.0805751989581065,,stocks,mcap,
2026-04-01,asset,META,META,0.24355968633220684,,-1.9765668064291653,,stocks,mcap,
2026-04-02,asset,META,META,0.018285168695064472,,-0.7914822168548676,,stocks,mcap,
2026-04-03,asset,META,META,0.2573133962567025,,-0.6331857734838939,,stocks,mcap,
2026-04-04,asset,META,META,0.34223252124569054,,-0.5065486187871144,,stocks,mcap,
2026-04-05,asset,META,META,0.23563172756444414,,-0.405238895029691,,stocks,mcap,
2026-04-06,asset,META,META,-0.22466330458265008,,0.476221159707535,,stocks,mcap,
2026-04-07,asset,META,META,-0.049505208787285794,,1.0293109208080988,,stocks,mcap,
2026-04-08,asset,META,META,0.30231298881577434,,3.775906876888313,,stocks,mcap,
2026-04-09,asset,META,META,0.2087181442881569,,6.3790648608948235,,stocks,mcap,
2026-04-10,asset,META,META,0.04866627178012083,,7.815961555298255,,stocks,mcap,
2026-04-11,asset,META,META,0.1847867769294166,,6.252769244238603,,stocks,mcap,
2026-04-12,asset,META,META,0.3317191691301645,,5.002215395390883,,stocks,mcap,
2026-04-13,asset,META,META,0.09640508095081714,,7.586640086832374,,stocks,mcap,
2026-04-14,asset,META,META,0.1756711921410976,,9.429401404887335,,stocks,mcap,
2026-04-15,asset,META,META,0.17943297816190307,,10.633833572031271,,stocks,mcap,
2026-04-16,asset,META,META,0.02630704656581026,,11.108291289222272,,stocks,mcap,
2026-04-17,asset,META,META,0.17997489836916006,80.33205590010115,11.482820134568822,,stocks,mcap,
2026-04-18,asset,META,META,0.3781430874658849,80.33205590010115,9.186256107655057,,stocks,mcap,
2026-04-19,asset,META,META,0.47545809150488205,80.33205590010115,7.3490048861240425,,stocks,mcap,
2026-04-20,asset,META,META,0.1882292050596121,80.33205590010115,7.341015097492452,,stocks,mcap,
2026-04-21,asset,META,META,-0.025379894533359437,78.8900347512336,5.898535881612855,,stocks,mcap,
2026-04-22,asset,META,META,0.24999186539514426,79.79420840211532,4.880492842453744,,stocks,mcap,
2026-04-23,asset,META,META,0.1775102531603546,71.10891756150927,2.801833155218034,,stocks,mcap,
2026-04-24,asset,META,META,0.12455497807081518,74.19408555620922,2.168045858706261,,stocks,mcap,
2026-04-25,asset,META,META,0.32698445161820605,74.19408555620922,1.734436686965008,,stocks,mcap,
2026-04-26,asset,META,META,0.06849726629109114,74.19408555620922,1.387549349572005,,stocks,mcap,
2026-04-27,asset,META,META,0.10148899568665495,74.19408555620922,1.4929341067310418,,stocks,mcap,
2026-04-28,asset,META,META,0.3704369213452506,69.61046009836927,0.3685760275124501,,stocks,mcap,
2026-04-29,asset,META,META,-0.03035644764651387,68.47831844902868,-0.7109176755806956,,stocks,mcap,
2026-04-30,asset,META,META,0.12014665459154372,47.18194141639533,-5.21341542133775,,stocks,mcap,
2026-05-01,asset,META,META,0.2905291186095961,46.32363623895173,-8.164449345234388,,stocks,mcap,
2026-05-02,asset,META,META,0.19968462872359616,46.32363623895173,-6.53155947618751,,stocks,mcap,
2026-05-03,asset,META,META,0.06640481323993772,46.32363623895173,-5.225247580950011,,stocks,mcap,
2026-05-04,asset,META,META,0.10365112045498356,46.32363623895173,-8.556783726214565,,stocks,mcap,
2026-05-05,asset,META,META,-0.010508238694783545,44.45077010695213,-9.506273843029513,,stocks,mcap,
2026-05-06,asset,META,META,0.03248901922504888,47.174491654931664,-9.211319947827299,-1.20863175060768,stocks,mcap,
2026-05-07,asset,META,META,0.12831522759463326,48.52329143518327,-8.385472642567407,-0.8282301853838119,stocks,mcap,
2026-05-08,asset,META,META,0.12350491550779057,46.20224689094594,-7.960065970042638,-0.8315387890219851,stocks,mcap,
2026-05-09,asset,META,META,0.10753475114512283,46.20224689094594,-6.368052776034111,-0.7722146306533441,stocks,mcap,
2026-05-10,asset,META,META,0.05584084077246797,46.20224689094594,-5.094442220827289,-0.838016270141573,stocks,mcap,
2026-05-11,asset,META,META,0.08707630879868641,46.20224689094594,-6.535559533352783,-0.793841837025702,stocks,mcap,
2026-05-12,asset,META,META,0.13987956593153653,48.126633333872434,-6.076009414326781,-0.559693343772071,stocks,mcap,
2026-05-13,asset,META,META,0.10318552493635974,52.98556849423529,-4.600198754449858,-0.4938422976783873,stocks,mcap,
2026-05-14,asset,META,META,0.14419596475403196,53.603644477826705,-3.309258288735357,-0.28684828137212387,stocks,mcap,
2026-05-15,asset,META,META,-0.07161044537577241,51.889483913522376,-2.5772276254534576,-0.9245438849721765,stocks,mcap,
2026-05-16,asset,META,META,0.1970137234984897,51.889483913522376,-2.061782100362766,-0.07817430212715867,stocks,mcap,
2026-05-17,asset,META,META,0.18241110264399538,51.889483913522376,-1.6494256802902125,-0.09914594420406157,stocks,mcap,
2026-05-18,asset,META,META,0.040598576492596954,51.889483913522376,-1.5494410437112873,-0.5244237828806931,stocks,mcap,
2026-05-19,asset,META,META,0.05711798122068773,47.68932029862569,-1.7822314563652562,-0.5642710827479005,stocks,mcap,
2026-05-20,asset,META,META,0.11116221205421378,48.726920720018214,-1.638981421663905,-0.35960632043611945,stocks,mcap,
2026-05-21,asset,META,META,0.08372126597971162,49.74349391193698,-1.2721066493072088,-0.39894642067809977,stocks,mcap,
2026-05-22,asset,META,META,0.17235129069909452,51.11131069583253,-0.7354522991946881,-0.05768124842997282,stocks,mcap,
2026-05-23,asset,META,META,,51.11131069583253,-0.5883618393557501,,stocks,mcap,
2026-03-24,asset,METV,METV,0.09907500000000001,,0.0,,stocks,mcap,
2026-03-25,asset,METV,METV,0.07237058823529413,,0.016911680911681513,,stocks,mcap,
2026-03-26,asset,METV,METV,0.06069285714285715,,-0.010108645222035478,,stocks,mcap,
2026-03-27,asset,METV,METV,0.3088470588235294,,-0.046951708201760936,,stocks,mcap,
2026-03-28,asset,METV,METV,-0.029459999999999986,,-0.03756136656140875,,stocks,mcap,
2026-03-29,asset,METV,METV,-0.030274999999999996,,-0.030049093249126996,,stocks,mcap,
2026-03-30,asset,METV,METV,0.12397272727272729,,-0.06719474561533005,,stocks,mcap,
2026-03-31,asset,METV,METV,0.1951285714285714,,-0.02933002568788788,,stocks,mcap,
2026-04-01,asset,METV,METV,0.296,,0.008531336077340704,,stocks,mcap,
2026-04-02,asset,METV,METV,,,0.02651744735530529,,stocks,mcap,
2026-04-03,asset,METV,METV,,,0.021213957884244232,,stocks,mcap,
2026-04-04,asset,METV,METV,,,0.016971166307395383,,stocks,mcap,
2026-04-05,asset,METV,METV,,,0.013576933045916308,,stocks,mcap,
2026-04-06,asset,METV,METV,,,0.04091759880991057,,stocks,mcap,
2026-04-07,asset,METV,METV,,,0.04034499479761576,,stocks,mcap,
2026-04-08,asset,METV,METV,,,0.06411891955116981,,stocks,mcap,
2026-04-09,asset,METV,METV,,,0.07750965620609362,,stocks,mcap,
2026-04-10,asset,METV,METV,,,0.08191834539345466,,stocks,mcap,
2026-04-11,asset,METV,METV,,,0.06553467631476373,,stocks,mcap,
2026-04-12,asset,METV,METV,,,0.05242774105181097,,stocks,mcap,
2026-04-13,asset,METV,METV,,,0.09413512557738896,,stocks,mcap,
2026-04-14,asset,METV,METV,,,0.11543069287612931,,stocks,mcap,
2026-04-15,asset,METV,METV,,,0.14516632907756952,,stocks,mcap,
2026-04-16,asset,METV,METV,,,0.16809155613149557,,stocks,mcap,
2026-04-17,asset,METV,METV,,87.46929050965804,0.187715964281863,,stocks,mcap,
2026-04-18,asset,METV,METV,,87.46929050965804,0.15017277142549035,,stocks,mcap,
2026-04-19,asset,METV,METV,,87.46929050965804,0.1201382171403923,,stocks,mcap,
2026-04-20,asset,METV,METV,,87.46929050965804,0.15694016722970516,,stocks,mcap,
2026-04-21,asset,METV,METV,,78.63043736049212,0.12512892139434856,,stocks,mcap,
2026-04-22,asset,METV,METV,,80.83935735756711,0.1199453854146405,,stocks,mcap,
2026-04-23,asset,METV,METV,,71.92346419439446,0.07884503154871703,,stocks,mcap,
2026-04-24,asset,METV,METV,,75.41506260221955,0.07806408096178374,,stocks,mcap,
2026-04-25,asset,METV,METV,,75.41506260221955,0.06245126476942697,,stocks,mcap,
2026-04-26,asset,METV,METV,,75.41506260221955,0.04996101181554158,,stocks,mcap,
2026-04-27,asset,METV,METV,,75.41506260221955,0.061518914520935275,,stocks,mcap,
2026-04-28,asset,METV,METV,,71.93923482853768,0.037780519964033754,,stocks,mcap,
2026-04-29,asset,METV,METV,,71.93923482853768,0.016233408201938082,,stocks,mcap,
2026-04-30,asset,METV,METV,,71.93923482853768,0.012986726561550421,,stocks,mcap,
2026-05-01,asset,METV,METV,,71.93923482853768,0.010389381249240381,,stocks,mcap,
2026-05-02,asset,METV,METV,,71.93923482853768,0.00831150499939226,,stocks,mcap,
2026-05-03,asset,METV,METV,,71.93923482853768,0.006649203999513853,,stocks,mcap,
2026-05-04,asset,METV,METV,,71.93923482853768,0.005319363199611127,,stocks,mcap,
2026-05-05,asset,METV,METV,,71.93923482853768,0.004255490559688879,,stocks,mcap,
2026-05-06,asset,METV,METV,,71.93923482853768,0.003404392447751148,,stocks,mcap,
2026-05-07,asset,METV,METV,,71.93923482853768,0.0027235139582009182,,stocks,mcap,
2026-05-08,asset,METV,METV,,71.93923482853768,0.0021788111665607124,,stocks,mcap,
2026-05-09,asset,METV,METV,,71.93923482853768,0.0017430489332486143,,stocks,mcap,
2026-05-10,asset,METV,METV,,71.93923482853768,0.0013944391465988693,,stocks,mcap,
2026-05-11,asset,METV,METV,-0.13032499999999997,71.93923482853768,0.0011155513172791398,,stocks,mcap,
2026-05-12,asset,METV,METV,-0.2678333333333333,71.93923482853768,0.0008924410538233563,,stocks,mcap,
2026-05-13,asset,METV,METV,0.05999999999999999,71.93923482853768,0.0007139528430586406,,stocks,mcap,
2026-05-14,asset,METV,METV,0.14738,71.93923482853768,0.0005711622744468681,,stocks,mcap,
2026-05-15,asset,METV,METV,0.202475,71.93923482853768,0.00045692981955747225,,stocks,mcap,
2026-05-16,asset,METV,METV,,71.93923482853768,0.0003655438556460222,,stocks,mcap,
2026-05-17,asset,METV,METV,0.25570000000000004,71.93923482853768,0.00029243508451681777,,stocks,mcap,
2026-05-18,asset,METV,METV,0.09426666666666667,71.93923482853768,0.00023394806761345421,,stocks,mcap,
2026-05-19,asset,METV,METV,0.16970000000000002,71.93923482853768,0.00018715845409067455,,stocks,mcap,
2026-05-20,asset,METV,METV,-0.23644166666666666,71.93923482853768,0.00014972676327251744,,stocks,mcap,
2026-05-21,asset,METV,METV,-0.07073749999999998,71.93923482853768,0.00011978141061796954,,stocks,mcap,
2026-05-22,asset,METV,METV,,71.93923482853768,9.582512849437563e-05,,stocks,mcap,
2026-05-23,asset,METV,METV,,71.93923482853768,7.66601027955005e-05,,stocks,mcap,
2026-03-24,asset,MSFT,MSFT,0.10659116539286817,,0.0,,stocks,mcap,
2026-03-25,asset,MSFT,MSFT,0.031006531832230455,,-0.1084900284899959,,stocks,mcap,
2026-03-26,asset,MSFT,MSFT,0.1368965825823651,,-0.4941105348170822,,stocks,mcap,
2026-03-27,asset,MSFT,MSFT,0.15043933855563388,,-1.2956569653033512,,stocks,mcap,
2026-03-28,asset,MSFT,MSFT,0.10804960081642674,,-1.036525572242681,,stocks,mcap,
2026-03-29,asset,MSFT,MSFT,0.15839342007436122,,-0.8292204577941447,,stocks,mcap,
2026-03-30,asset,MSFT,MSFT,0.13237211471994767,,-1.5037135929480607,,stocks,mcap,
2026-03-31,asset,MSFT,MSFT,0.18884284411104643,,-0.8423144213922804,,stocks,mcap,
2026-04-01,asset,MSFT,MSFT,0.12057690464342564,,-0.420734853431332,,stocks,mcap,
2026-04-02,asset,MSFT,MSFT,0.15884054452544025,,0.14145785139966915,,stocks,mcap,
2026-04-03,asset,MSFT,MSFT,0.134675282500167,,0.11316628111973537,,stocks,mcap,
2026-04-04,asset,MSFT,MSFT,0.023369082934763943,,0.09053302489578852,,stocks,mcap,
2026-04-05,asset,MSFT,MSFT,0.10936643429407811,,0.0724264199166309,,stocks,mcap,
2026-04-06,asset,MSFT,MSFT,0.023819552367893033,,0.6264425635645408,,stocks,mcap,
2026-04-07,asset,MSFT,MSFT,0.12899029329887365,,0.7111245585059487,,stocks,mcap,
2026-04-08,asset,MSFT,MSFT,0.13300193957782505,,0.8679958963755253,,stocks,mcap,
2026-04-09,asset,MSFT,MSFT,0.09441447100472712,,0.8493140322801025,,stocks,mcap,
2026-04-10,asset,MSFT,MSFT,0.16821925514923555,,0.6596537939431847,,stocks,mcap,
2026-04-11,asset,MSFT,MSFT,0.1848327687909751,,0.5277230351545478,,stocks,mcap,
2026-04-12,asset,MSFT,MSFT,0.22430868332858303,,0.4221784281236382,,stocks,mcap,
2026-04-13,asset,MSFT,MSFT,0.15422895292238303,,1.5807022638585817,,stocks,mcap,
2026-04-14,asset,MSFT,MSFT,0.28778263397218323,,2.4037941191394894,,stocks,mcap,
2026-04-15,asset,MSFT,MSFT,0.1606332587048367,,3.9436397023193863,,stocks,mcap,
2026-04-16,asset,MSFT,MSFT,0.11028577190407922,,5.264196822950588,,stocks,mcap,
2026-04-17,asset,MSFT,MSFT,0.11421148097624413,71.75166531528075,5.950631236349062,,stocks,mcap,
2026-04-18,asset,MSFT,MSFT,0.2055622879362153,71.75166531528075,4.760504989079249,,stocks,mcap,
2026-04-19,asset,MSFT,MSFT,0.17984440495012463,71.75166531528075,3.8084039912633987,,stocks,mcap,
2026-04-20,asset,MSFT,MSFT,0.1050635155879646,71.75166531528075,4.661497777908386,,stocks,mcap,
2026-04-21,asset,MSFT,MSFT,0.2119461952698182,75.02355508362777,4.644805427574196,,stocks,mcap,
2026-04-22,asset,MSFT,MSFT,0.2106481504627381,78.20954997719616,4.868827428792631,,stocks,mcap,
2026-04-23,asset,MSFT,MSFT,-0.18901655894054634,61.618422464724276,3.5660918533048758,,stocks,mcap,
2026-04-24,asset,MSFT,MSFT,0.17561248287033693,65.6700314684656,3.0283898796147515,,stocks,mcap,
2026-04-25,asset,MSFT,MSFT,0.1568300360558584,65.6700314684656,2.4227119036918,,stocks,mcap,
2026-04-26,asset,MSFT,MSFT,0.17470289533174288,65.6700314684656,1.938169522953439,,stocks,mcap,
2026-04-27,asset,MSFT,MSFT,0.20671995321684458,65.6700314684656,1.8506691661716967,,stocks,mcap,
2026-04-28,asset,MSFT,MSFT,0.07507995537325567,67.94325903777693,1.5758992260801143,,stocks,mcap,
2026-04-29,asset,MSFT,MSFT,0.15629649980353402,63.92656358724979,0.890434609567345,,stocks,mcap,
2026-04-30,asset,MSFT,MSFT,0.09505884145513073,52.32586458002038,-0.7773337891574261,,stocks,mcap,
2026-05-01,asset,MSFT,MSFT,0.15686678126159712,55.77664520412758,-1.4820880184201677,,stocks,mcap,
2026-05-02,asset,MSFT,MSFT,0.24024704033683453,55.77664520412758,-1.1856704147361334,,stocks,mcap,
2026-05-03,asset,MSFT,MSFT,0.3660710114096148,55.77664520412758,-0.9485363317889082,,stocks,mcap,
2026-05-04,asset,MSFT,MSFT,0.15116686191578707,55.77664520412758,-1.7617974538181151,,stocks,mcap,
2026-05-05,asset,MSFT,MSFT,-0.08567230168299789,54.00814029044204,-2.286261022207041,,stocks,mcap,
2026-05-06,asset,MSFT,MSFT,0.12436243023902993,55.43635188443971,-2.438220931370642,-0.855616083704067,stocks,mcap,
2026-05-07,asset,MSFT,MSFT,0.0749893104469177,59.05100724939974,-2.073230857334039,-0.868543309727072,stocks,mcap,
2026-05-08,asset,MSFT,MSFT,0.15626162977048763,55.060635141890444,-2.19380271028424,-0.6386685804552674,stocks,mcap,
2026-05-09,asset,MSFT,MSFT,0.09987847899795693,55.060635141890444,-1.7550421682273925,-0.8155571792961288,stocks,mcap,
2026-05-10,asset,MSFT,MSFT,0.14025284327753162,55.060635141890444,-1.4040337345819154,-0.5627176572317931,stocks,mcap,
2026-05-11,asset,MSFT,MSFT,0.13510302470038152,55.060635141890444,-1.9270441964152845,-0.6357826797839892,stocks,mcap,
2026-05-12,asset,MSFT,MSFT,0.0700683846245184,51.045135495788166,-2.4069215815762988,-1.120671567825726,stocks,mcap,
2026-05-13,asset,MSFT,MSFT,0.06266819679418437,49.39029053798686,-2.820272511975384,-1.2225665207586762,stocks,mcap,
2026-05-14,asset,MSFT,MSFT,-0.08835821829596964,52.144470084391784,-2.7311456783386534,-1.7312768755968868,stocks,mcap,
2026-05-15,asset,MSFT,MSFT,0.15017755078461548,59.21835257326353,-1.797750779483673,-0.2665214069352265,stocks,mcap,
2026-05-16,asset,MSFT,MSFT,0.2171178007929453,59.21835257326353,-1.4382006235869387,0.08318488439639882,stocks,mcap,
2026-05-17,asset,MSFT,MSFT,-0.01883648777186871,59.21835257326353,-1.1505604988695506,-0.9322243381579227,stocks,mcap,
2026-05-18,asset,MSFT,MSFT,0.08784344653044243,59.21835257326353,-0.29818375000432873,-0.3389104327383924,stocks,mcap,
2026-05-19,asset,MSFT,MSFT,-0.47267749054445946,53.96137156007068,-0.44012996255090897,-2.369167171050885,stocks,mcap,
2026-05-20,asset,MSFT,MSFT,0.24572040816326532,56.00013860885607,-0.3247718125255883,0.1529966131714529,stocks,mcap,
2026-05-21,asset,MSFT,MSFT,0.14500721373535255,54.59111990392139,-0.4114644110604946,-0.2487349977608341,stocks,mcap,
2026-05-22,asset,MSFT,MSFT,-0.05987864579468964,54.203437325107096,-0.5267805119923779,-0.9539330162362544,stocks,mcap,
2026-05-23,asset,MSFT,MSFT,,54.203437325107096,-0.4214244095939019,,stocks,mcap,
2026-03-24,asset,MU,MU,0.15046234055187138,,0.0,,stocks,mcap,
2026-03-25,asset,MU,MU,0.2712259627306121,,-0.8577094017094169,,stocks,mcap,
2026-03-26,asset,MU,MU,0.0636079199339412,,-3.0478519882143607,,stocks,mcap,
2026-03-27,asset,MU,MU,0.20013998815283768,,-4.139596841023478,,stocks,mcap,
2026-03-28,asset,MU,MU,-0.0062250332569041,,-3.3116774728187823,,stocks,mcap,
2026-03-29,asset,MU,MU,0.2044152796824152,,-2.649341978255026,,stocks,mcap,
2026-03-30,asset,MU,MU,0.040725713091972544,,-7.430400280742312,,stocks,mcap,
2026-03-31,asset,MU,MU,0.07721746921949553,,-7.274392377119222,,stocks,mcap,
2026-04-01,asset,MU,MU,0.30757749316277366,,-4.814667776526626,,stocks,mcap,
2026-04-02,asset,MU,MU,0.11441779485875342,,-3.0469019368924872,,stocks,mcap,
2026-04-03,asset,MU,MU,0.17065570389553902,,-2.4375215495139884,,stocks,mcap,
2026-04-04,asset,MU,MU,0.3221076782169565,,-1.9500172396111903,,stocks,mcap,
2026-04-05,asset,MU,MU,0.533008450599201,,-1.5600137916889505,,stocks,mcap,
2026-04-06,asset,MU,MU,0.3203748671201153,,0.9622136674265747,,stocks,mcap,
2026-04-07,asset,MU,MU,0.36755822471375693,,1.8972747256757039,,stocks,mcap,
2026-04-08,asset,MU,MU,0.2987170407611344,,4.334574045491051,,stocks,mcap,
2026-04-09,asset,MU,MU,0.3522062145828757,,6.658740746570105,,stocks,mcap,
2026-04-10,asset,MU,MU,0.2821964701666346,,7.773047515970838,,stocks,mcap,
2026-04-11,asset,MU,MU,0.2855338015236426,,6.218438012776671,,stocks,mcap,
2026-04-12,asset,MU,MU,0.22508804904561905,,4.974750410221336,,stocks,mcap,
2026-04-13,asset,MU,MU,0.1121430850272829,,7.367915036300317,,stocks,mcap,
2026-04-14,asset,MU,MU,0.2903712607855062,,9.921650434850983,,stocks,mcap,
2026-04-15,asset,MU,MU,0.1682724922892619,,10.383076674483362,,stocks,mcap,
2026-04-16,asset,MU,MU,0.25677912223457056,,10.150848443714427,,stocks,mcap,
2026-04-17,asset,MU,MU,0.3933131717813933,50.63665366937868,9.27122516224139,,stocks,mcap,
2026-04-18,asset,MU,MU,0.2846798116897639,50.63665366937868,7.41698012979311,,stocks,mcap,
2026-04-19,asset,MU,MU,0.8914500000000001,50.63665366937868,5.933584103834487,,stocks,mcap,
2026-04-20,asset,MU,MU,0.3338291226348933,50.63665366937868,5.547529766822649,,stocks,mcap,
2026-04-21,asset,MU,MU,0.16843687583250302,50.9841418802502,4.4615821497336015,,stocks,mcap,
2026-04-22,asset,MU,MU,0.30793714375407705,60.63535334002587,5.840031557060865,,stocks,mcap,
2026-04-23,asset,MU,MU,0.3057458633937258,58.7519232692028,5.8785033319981785,,stocks,mcap,
2026-04-24,asset,MU,MU,0.23736841859346763,62.057190176750936,6.386542735282376,,stocks,mcap,
2026-04-25,asset,MU,MU,0.40534572990108286,62.057190176750936,5.109234188225898,,stocks,mcap,
2026-04-26,asset,MU,MU,0.3877120065480045,62.057190176750936,4.087387350580716,,stocks,mcap,
2026-04-27,asset,MU,MU,0.24845894255538037,62.057190176750936,7.957241955027964,,stocks,mcap,
2026-04-28,asset,MU,MU,0.36693640237329417,54.16777118387303,6.690883990816765,,stocks,mcap,
2026-04-29,asset,MU,MU,0.38157039419407335,57.483739152821244,6.216623169283643,,stocks,mcap,
2026-04-30,asset,MU,MU,0.356525190481357,57.483739152821244,4.973298535426913,,stocks,mcap,
2026-05-01,asset,MU,MU,0.48697920349099755,57.483739152821244,3.9786388283415306,,stocks,mcap,
2026-05-02,asset,MU,MU,0.5090193143609046,57.483739152821244,3.1829110626732238,,stocks,mcap,
2026-05-03,asset,MU,MU,0.5655879454512149,57.483739152821244,2.546328850138579,,stocks,mcap,
2026-05-04,asset,MU,MU,0.28950575127410394,57.483739152821244,2.037063080110862,,stocks,mcap,
2026-05-05,asset,MU,MU,0.34367823789929636,57.483739152821244,1.6296504640886873,,stocks,mcap,
2026-05-06,asset,MU,MU,0.25699389711890563,57.483739152821244,1.3037203712709484,-0.14405195817295732,stocks,mcap,
2026-05-07,asset,MU,MU,0.2612091046552672,57.483739152821244,1.0429762970167573,-0.14853305578096496,stocks,mcap,
2026-05-08,asset,MU,MU,0.2447303362709262,57.483739152821244,0.8343810376134044,-0.2024787162851454,stocks,mcap,
2026-05-09,asset,MU,MU,0.30548918456749496,57.483739152821244,0.6675048300907207,-0.054165623403394036,stocks,mcap,
2026-05-10,asset,MU,MU,0.3574710379633587,57.483739152821244,0.5340038640725737,0.07320624740218634,stocks,mcap,
2026-05-11,asset,MU,MU,0.17492686017683434,57.483739152821244,0.42720309125805755,-0.4139847368392441,stocks,mcap,
2026-05-12,asset,MU,MU,0.20461244395665493,57.483739152821244,0.34176247300644036,-0.3360953850217168,stocks,mcap,
2026-05-13,asset,MU,MU,0.24480642716472803,57.483739152821244,0.273409978405148,-0.22999348598799885,stocks,mcap,
2026-05-14,asset,MU,MU,0.43558700025380787,57.483739152821244,0.21872798272411842,0.27853863915240246,stocks,mcap,
2026-05-15,asset,MU,MU,0.42457433712386144,57.483739152821244,0.17498238617929474,0.24065741947186425,stocks,mcap,
2026-05-16,asset,MU,MU,0.3367090021084994,57.483739152821244,0.1399859089434301,-0.0010684521963189308,stocks,mcap,
2026-05-17,asset,MU,MU,0.25287647058823526,57.483739152821244,0.1119887271547384,-0.23107225983716428,stocks,mcap,
2026-05-18,asset,MU,MU,0.08379957218295336,57.483739152821244,0.08959098172378788,-0.6841312407897604,stocks,mcap,
2026-05-19,asset,MU,MU,0.2561572402513852,57.483739152821244,0.07167278537902888,-0.2102473071002256,stocks,mcap,
2026-05-20,asset,MU,MU,0.18413,57.483739152821244,0.057338228303223104,-0.40566959369397304,stocks,mcap,
2026-05-21,asset,MU,MU,0.16073055555555557,57.483739152821244,0.045870582642578484,-0.4651060976057317,stocks,mcap,
2026-05-22,asset,MU,MU,-0.2840198993454377,57.483739152821244,0.036696466114058524,-1.5149006348579717,stocks,mcap,
2026-05-23,asset,MU,MU,,57.483739152821244,0.029357172891245398,,stocks,mcap,
2026-03-24,asset,NFLX,NFLX,0.20964871836102494,,0.0,,stocks,mcap,
2026-03-25,asset,NFLX,NFLX,0.21290086097560157,,0.08679202279200808,,stocks,mcap,
2026-03-26,asset,NFLX,NFLX,0.03965254423653543,,0.2028143537795904,,stocks,mcap,
2026-03-27,asset,NFLX,NFLX,0.013909089628101478,,0.2712629110629705,,stocks,mcap,
2026-03-28,asset,NFLX,NFLX,-0.00712432578552442,,0.21701032885037638,,stocks,mcap,
2026-03-29,asset,NFLX,NFLX,0.08011935948399729,,0.17360826308030108,,stocks,mcap,
2026-03-30,asset,NFLX,NFLX,0.07042041836997738,,0.22342458800641563,,stocks,mcap,
2026-03-31,asset,NFLX,NFLX,0.08860471471930374,,0.4121882333784519,,stocks,mcap,
2026-04-01,asset,NFLX,NFLX,0.07599627111464176,,0.4669861192101341,,stocks,mcap,
2026-04-02,asset,NFLX,NFLX,0.04229723675892035,,0.6706434435217378,,stocks,mcap,
2026-04-03,asset,NFLX,NFLX,0.04525879713359671,,0.5365147548173902,,stocks,mcap,
2026-04-04,asset,NFLX,NFLX,0.09566060311455941,,0.4292118038539121,,stocks,mcap,
2026-04-05,asset,NFLX,NFLX,0.07626150347480361,,0.3433694430831298,,stocks,mcap,
2026-04-06,asset,NFLX,NFLX,0.1083260214379785,,0.7304983640024911,,stocks,mcap,
2026-04-07,asset,NFLX,NFLX,0.12059184353688486,,0.7079083725234838,,stocks,mcap,
2026-04-08,asset,NFLX,NFLX,0.08049909104422265,,0.6805434193001758,,stocks,mcap,
2026-04-09,asset,NFLX,NFLX,0.08878474679627478,,0.7834479498948643,,stocks,mcap,
2026-04-10,asset,NFLX,NFLX,0.12021494200060583,,0.8523327788288841,,stocks,mcap,
2026-04-11,asset,NFLX,NFLX,0.01205223294031646,,0.6818662230631074,,stocks,mcap,
2026-04-12,asset,NFLX,NFLX,0.025996223388572066,,0.5454929784504858,,stocks,mcap,
2026-04-13,asset,NFLX,NFLX,0.08515127458540418,,0.7250711516216395,,stocks,mcap,
2026-04-14,asset,NFLX,NFLX,0.16401367961034094,,0.852409557751018,,stocks,mcap,
2026-04-15,asset,NFLX,NFLX,0.1477662712065887,,0.9546528507343406,,stocks,mcap,
2026-04-16,asset,NFLX,NFLX,0.11408706261475358,,0.9474775574965459,,stocks,mcap,
2026-04-17,asset,NFLX,NFLX,0.08070880218596281,62.32193786927698,0.19602293201070742,,stocks,mcap,
2026-04-18,asset,NFLX,NFLX,0.08901504343565854,62.32193786927698,0.15681834560856567,,stocks,mcap,
2026-04-19,asset,NFLX,NFLX,0.1825891000482618,62.32193786927698,0.12545467648685227,,stocks,mcap,
2026-04-20,asset,NFLX,NFLX,0.15009804810496627,62.32193786927698,-0.7606873434728767,,stocks,mcap,
2026-04-21,asset,NFLX,NFLX,0.22701577400675135,56.39993488966532,-1.2306150489608139,,stocks,mcap,
2026-04-22,asset,NFLX,NFLX,0.2185520618391583,57.440973937518784,-1.4435574852317128,,stocks,mcap,
2026-04-23,asset,NFLX,NFLX,0.1289317777851072,56.516184723350186,-1.549896656421929,,stocks,mcap,
2026-04-24,asset,NFLX,NFLX,0.18478181396872903,55.64330804155161,-1.5777592566925422,,stocks,mcap,
2026-04-25,asset,NFLX,NFLX,0.12600245823644357,55.64330804155161,-1.2622074053540338,,stocks,mcap,
2026-04-26,asset,NFLX,NFLX,0.21092801727624214,55.64330804155161,-1.009765924283227,,stocks,mcap,
2026-04-27,asset,NFLX,NFLX,0.1257696178932359,55.64330804155161,-1.2967499037426915,,stocks,mcap,
2026-04-28,asset,NFLX,NFLX,0.16545905033470176,57.723378179586234,-1.2097723203498263,,stocks,mcap,
2026-04-29,asset,NFLX,NFLX,0.12367082507037758,57.330156948502356,-1.105132350612188,,stocks,mcap,
2026-04-30,asset,NFLX,NFLX,0.10719384920218872,60.22841972534721,-0.8877275505806497,,stocks,mcap,
2026-05-01,asset,NFLX,NFLX,0.12288512500314337,55.96951093869049,-0.8030230457498193,,stocks,mcap,
2026-05-02,asset,NFLX,NFLX,0.16141933839434922,55.96951093869049,-0.6424184365998555,,stocks,mcap,
2026-05-03,asset,NFLX,NFLX,-0.043066374812801934,55.96951093869049,-0.5139347492798844,,stocks,mcap,
2026-05-04,asset,NFLX,NFLX,0.39467762146885504,55.96951093869049,-0.6213438814456489,,stocks,mcap,
2026-05-05,asset,NFLX,NFLX,0.06569576173631343,46.95172718962738,-0.771112519409856,,stocks,mcap,
2026-05-06,asset,NFLX,NFLX,0.1481623174939521,47.84699536432629,-0.7918507690708239,-0.740122026101488,stocks,mcap,
2026-05-07,asset,NFLX,NFLX,0.15094659631014742,47.801270500562325,-0.7543504152112097,-0.6320612198748424,stocks,mcap,
2026-05-08,asset,NFLX,NFLX,0.21387995130603307,46.0022141571659,-0.7278188174892448,-0.33066859515648916,stocks,mcap,
2026-05-09,asset,NFLX,NFLX,0.16492365988691185,46.0022141571659,-0.5822550539913958,-0.4731730087125439,stocks,mcap,
2026-05-10,asset,NFLX,NFLX,0.15553140727622472,46.0022141571659,-0.4658040431931165,-0.433718719694095,stocks,mcap,
2026-05-11,asset,NFLX,NFLX,0.09963510541658623,46.0022141571659,-0.7188913828200492,-0.7892269581321449,stocks,mcap,
2026-05-12,asset,NFLX,NFLX,0.03095083714609825,52.93100797479144,-0.5470732392876827,-0.7093958572773609,stocks,mcap,
2026-05-13,asset,NFLX,NFLX,0.06473655016989437,52.662672214644246,-0.39816703267557507,-0.4770252257092432,stocks,mcap,
2026-05-14,asset,NFLX,NFLX,0.16977251813714864,50.938460555083225,-0.30370517563036525,0.03422686401310056,stocks,mcap,
2026-05-15,asset,NFLX,NFLX,-0.06563163192053927,51.16065871795653,-0.20295525856763197,-1.1248379865566747,stocks,mcap,
2026-05-16,asset,NFLX,NFLX,-0.00876015275712733,51.16065871795653,-0.16236420685410557,-0.7892066892311157,stocks,mcap,
2026-05-17,asset,NFLX,NFLX,0.016965207442971086,51.16065871795653,-0.12989136548328428,-0.6301389993208545,stocks,mcap,
2026-05-18,asset,NFLX,NFLX,0.07421294665146735,51.16065871795653,0.17520194186936733,-0.2105141681456064,stocks,mcap,
2026-05-19,asset,NFLX,NFLX,0.01683767948013385,49.94369210967464,0.306171170695444,-0.5087703340692781,stocks,mcap,
2026-05-20,asset,NFLX,NFLX,0.029229806965764195,46.20603710346662,0.3136246979977,-0.6362724130407061,stocks,mcap,
2026-05-21,asset,NFLX,NFLX,0.12116653236528688,50.12816946333703,0.3989087124908144,0.09599266657352187,stocks,mcap,
2026-05-22,asset,NFLX,NFLX,0.4828733751315821,47.9203364307355,0.4050655313865883,1.5294206806086086,stocks,mcap,
2026-05-23,asset,NFLX,NFLX,,47.9203364307355,0.3240524251092707,,stocks,mcap,
2026-03-24,asset,NIO,NIO,0.12759619020396576,,0.0,,stocks,mcap,
2026-03-25,asset,NIO,NIO,0.038972467803846424,,0.0031908831908829425,,stocks,mcap,
2026-03-26,asset,NIO,NIO,0.12838742473566284,,-0.009023563120429543,,stocks,mcap,
2026-03-27,asset,NIO,NIO,0.42704851252916787,,-0.03214743344273512,,stocks,mcap,
2026-03-28,asset,NIO,NIO,0.22011261140150015,,-0.025717946754188096,,stocks,mcap,
2026-03-29,asset,NIO,NIO,0.22313797512867023,,-0.020574357403350473,,stocks,mcap,
2026-03-30,asset,NIO,NIO,0.17260535850311545,,-0.026623025172937638,,stocks,mcap,
2026-03-31,asset,NIO,NIO,0.5506675160225434,,0.008045235130341895,,stocks,mcap,
2026-04-01,asset,NIO,NIO,0.3527967385544172,,0.04043630380949065,,stocks,mcap,
2026-04-02,asset,NIO,NIO,0.45802825199702224,,0.0651426805682608,,stocks,mcap,
2026-04-03,asset,NIO,NIO,0.47128018618042894,,0.05211414445460864,,stocks,mcap,
2026-04-04,asset,NIO,NIO,0.4352562182115494,,0.04169131556368691,,stocks,mcap,
2026-04-05,asset,NIO,NIO,0.04193030220039189,,0.03335305245094952,,stocks,mcap,
2026-04-06,asset,NIO,NIO,0.26585833447101015,,0.06580036465300354,,stocks,mcap,
2026-04-07,asset,NIO,NIO,0.10317908445260089,,0.058815809728529,,stocks,mcap,
2026-04-08,asset,NIO,NIO,0.5509417623111119,,0.06609097852250535,,stocks,mcap,
2026-04-09,asset,NIO,NIO,0.6181266312880908,,0.04667213970802751,,stocks,mcap,
2026-04-10,asset,NIO,NIO,0.30291475696602116,,0.05865867767007138,,stocks,mcap,
2026-04-11,asset,NIO,NIO,-0.652,,0.04692694213605711,,stocks,mcap,
2026-04-12,asset,NIO,NIO,0.13640891889015214,,0.03754155370884568,,stocks,mcap,
2026-04-13,asset,NIO,NIO,0.36520830847574737,,0.052643411040057014,,stocks,mcap,
2026-04-14,asset,NIO,NIO,-0.006205352023243904,,0.056072078203656284,,stocks,mcap,
2026-04-15,asset,NIO,NIO,0.6447803478945047,,0.04429798458920681,,stocks,mcap,
2026-04-16,asset,NIO,NIO,0.1781940654600039,,0.06116377007351581,,stocks,mcap,
2026-04-17,asset,NIO,NIO,0.5270610629371367,72.01514622178732,0.06432446134915332,,stocks,mcap,
2026-04-18,asset,NIO,NIO,0.30104166626203804,72.01514622178732,0.05145956907932264,,stocks,mcap,
2026-04-19,asset,NIO,NIO,0.16243064225402973,72.01514622178732,0.041167655263458086,,stocks,mcap,
2026-04-20,asset,NIO,NIO,0.270708152713779,72.01514622178732,0.03611800580157029,,stocks,mcap,
2026-04-21,asset,NIO,NIO,-0.003708318534279248,63.50216639579614,0.009906137732260095,,stocks,mcap,
2026-04-22,asset,NIO,NIO,0.14938298223618832,64.30711441190033,-0.005965433129132808,,stocks,mcap,
2026-04-23,asset,NIO,NIO,-0.00965170683041215,58.72770240725633,-0.030464711579999137,,stocks,mcap,
2026-04-24,asset,NIO,NIO,0.27821529472883166,56.86797246940741,-0.05072164580557828,,stocks,mcap,
2026-04-25,asset,NIO,NIO,0.4365509826671332,56.86797246940741,-0.040577316644462624,,stocks,mcap,
2026-04-26,asset,NIO,NIO,-0.28334027290940283,56.86797246940741,-0.03246185331557011,,stocks,mcap,
2026-04-27,asset,NIO,NIO,0.46262330805844004,56.86797246940741,-0.05356130700263673,,stocks,mcap,
2026-04-28,asset,NIO,NIO,-0.282207270574593,60.02972620924746,-0.05102611360109527,,stocks,mcap,
2026-04-29,asset,NIO,NIO,0.2146791944093152,60.61442143531503,-0.04635828374173723,,stocks,mcap,
2026-04-30,asset,NIO,NIO,0.18984396437888168,60.61442143531503,-0.0370866269933898,,stocks,mcap,
2026-05-01,asset,NIO,NIO,0.5730447413838144,60.61442143531503,-0.029669301594711844,,stocks,mcap,
2026-05-02,asset,NIO,NIO,0.603605048403889,60.61442143531503,-0.023735441275769487,,stocks,mcap,
2026-05-03,asset,NIO,NIO,0.5037868198987562,60.61442143531503,-0.018988353020615606,,stocks,mcap,
2026-05-04,asset,NIO,NIO,0.5958309605171282,60.61442143531503,-0.01519068241649249,,stocks,mcap,
2026-05-05,asset,NIO,NIO,0.37764941377633,60.61442143531503,-0.012152545933193995,,stocks,mcap,
2026-05-06,asset,NIO,NIO,0.39890639065181216,60.61442143531503,-0.009722036746555196,-0.04626374167778621,stocks,mcap,
2026-05-07,asset,NIO,NIO,0.1063452255769074,60.61442143531503,-0.007777629397244162,-0.4650073354680391,stocks,mcap,
2026-05-08,asset,NIO,NIO,0.37442485810164366,60.61442143531503,-0.006222103517795327,-0.04446696179351535,stocks,mcap,
2026-05-09,asset,NIO,NIO,-0.07817651102968624,60.61442143531503,-0.004977682814236259,-0.7104929893271859,stocks,mcap,
2026-05-10,asset,NIO,NIO,0.04692198173999786,60.61442143531503,-0.003982146251389013,-0.5039459128314692,stocks,mcap,
2026-05-11,asset,NIO,NIO,0.18925225937459617,60.61442143531503,-0.003185717001111213,-0.276350085299132,stocks,mcap,
2026-05-12,asset,NIO,NIO,0.22546478819758634,60.61442143531503,-0.002548573600888976,-0.21237961717466336,stocks,mcap,
2026-05-13,asset,NIO,NIO,0.32532568526831973,60.61442143531503,-0.002038858880711189,-0.05135757468736382,stocks,mcap,
2026-05-14,asset,NIO,NIO,0.21600732249850718,60.61442143531503,-0.001631087104568954,-0.21721188021665672,stocks,mcap,
2026-05-15,asset,NIO,NIO,0.08814374630134553,60.61442143531503,-0.0013048696836551604,-0.41209590294864173,stocks,mcap,
2026-05-16,asset,NIO,NIO,0.15331781494983782,60.61442143531503,-0.0010438957469241367,-0.3021292225623198,stocks,mcap,
2026-05-17,asset,NIO,NIO,0.14306644835031282,60.61442143531503,-0.0008351165975393066,-0.31318011625078473,stocks,mcap,
2026-05-18,asset,NIO,NIO,0.2544577038709488,60.61442143531503,-0.0006680932780314536,-0.12916039763007553,stocks,mcap,
2026-05-19,asset,NIO,NIO,0.38979768282653143,60.61442143531503,-0.0005344746224251601,0.09274827590797284,stocks,mcap,
2026-05-20,asset,NIO,NIO,0.06541268066702677,60.61442143531503,-0.0004275796979401336,-0.43531150225471565,stocks,mcap,
2026-05-21,asset,NIO,NIO,0.3138672116644893,60.61442143531503,-0.0003420637583521069,-0.022808108962852805,stocks,mcap,
2026-05-22,asset,NIO,NIO,0.060026118800806744,60.61442143531503,-0.00027365100668168274,-0.43999458139849623,stocks,mcap,
2026-05-23,asset,NIO,NIO,,60.61442143531503,-0.00021892080534534342,,stocks,mcap,
2026-03-24,asset,NKE,NKE,0.2502113440663765,,0.0,,stocks,mcap,
2026-03-25,asset,NKE,NKE,0.0064295715965926635,,-0.032547008547010134,,stocks,mcap,
2026-03-26,asset,NKE,NKE,0.3535497819331104,,-0.10924056785254152,,stocks,mcap,
2026-03-27,asset,NKE,NKE,0.23721250841538014,,-0.19593323605085675,,stocks,mcap,
2026-03-28,asset,NKE,NKE,0.43761259828512294,,-0.15674658884068537,,stocks,mcap,
2026-03-29,asset,NKE,NKE,0.18611476768067692,,-0.1253972710725483,,stocks,mcap,
2026-03-30,asset,NKE,NKE,0.06515737038564588,,-0.23891356786630052,,stocks,mcap,
2026-03-31,asset,NKE,NKE,0.18971181590731045,,-0.1490629946724103,,stocks,mcap,
2026-04-01,asset,NKE,NKE,0.12448034145284069,,-0.6053018602206957,,stocks,mcap,
2026-04-02,asset,NKE,NKE,0.25534157029542165,,-0.8839357112647549,,stocks,mcap,
2026-04-03,asset,NKE,NKE,0.27818038155483255,,-0.7071485690118038,,stocks,mcap,
2026-04-04,asset,NKE,NKE,0.18146225739090807,,-0.565718855209443,,stocks,mcap,
2026-04-05,asset,NKE,NKE,0.15321091221530028,,-0.4525750841675542,,stocks,mcap,
2026-04-06,asset,NKE,NKE,0.22858650601655808,,-0.9482545822016717,,stocks,mcap,
2026-04-07,asset,NKE,NKE,0.1983519084575415,,-1.0182078086653812,,stocks,mcap,
2026-04-08,asset,NKE,NKE,0.187234357578271,,-0.9664912821071376,,stocks,mcap,
2026-04-09,asset,NKE,NKE,0.17605900083445983,,-0.8115811526946419,,stocks,mcap,
2026-04-10,asset,NKE,NKE,0.17550236287373952,,-0.7418519031428321,,stocks,mcap,
2026-04-11,asset,NKE,NKE,0.34500588700322316,,-0.5934815225142658,,stocks,mcap,
2026-04-12,asset,NKE,NKE,0.3348990514498462,,-0.4747852180114127,,stocks,mcap,
2026-04-13,asset,NKE,NKE,0.24037927230716796,,-0.47486711391517833,,stocks,mcap,
2026-04-14,asset,NKE,NKE,0.21074154168880269,,-0.2773640645186992,,stocks,mcap,
2026-04-15,asset,NKE,NKE,0.2200374861265686,,-0.03590054764004469,,stocks,mcap,
2026-04-16,asset,NKE,NKE,0.3983176841481266,,0.15799913611502525,,stocks,mcap,
2026-04-17,asset,NKE,NKE,0.1877444067063335,32.88855684248391,0.3160293133824341,,stocks,mcap,
2026-04-18,asset,NKE,NKE,0.17401428928826707,32.88855684248391,0.2528234507059475,,stocks,mcap,
2026-04-19,asset,NKE,NKE,0.05540433578827253,32.88855684248391,0.2022587605647579,,stocks,mcap,
2026-04-20,asset,NKE,NKE,0.24308357737425593,32.88855684248391,0.4103553858365143,,stocks,mcap,
2026-04-21,asset,NKE,NKE,0.18554433578696725,32.61003495769239,0.4880424741904652,,stocks,mcap,
2026-04-22,asset,NKE,NKE,0.18596608579892024,30.80400958889865,0.48575591095479975,,stocks,mcap,
2026-04-23,asset,NKE,NKE,0.13050059314231047,28.638817145419026,0.42023078556828697,,stocks,mcap,
2026-04-24,asset,NKE,NKE,0.03173789244329373,28.423660903706704,0.36923840663611807,,stocks,mcap,
2026-04-25,asset,NKE,NKE,0.2647719502384159,28.423660903706704,0.29539072530889454,,stocks,mcap,
2026-04-26,asset,NKE,NKE,0.12520979207339555,28.423660903706704,0.23631258024711577,,stocks,mcap,
2026-04-27,asset,NKE,NKE,0.2877718813876938,28.423660903706704,0.26123152396393157,,stocks,mcap,
2026-04-28,asset,NKE,NKE,0.17813109532502694,28.07689462787104,0.2690108289453772,,stocks,mcap,
2026-04-29,asset,NKE,NKE,0.19416300438315318,26.430493514996783,0.23352977374747286,,stocks,mcap,
2026-04-30,asset,NKE,NKE,0.12628492146309825,26.352486413513788,0.21119045176093532,,stocks,mcap,
2026-05-01,asset,NKE,NKE,-0.1120990279110476,26.66328122755928,0.2022450684343431,,stocks,mcap,
2026-05-02,asset,NKE,NKE,-0.01479915634007096,26.66328122755928,0.16179605474747438,,stocks,mcap,
2026-05-03,asset,NKE,NKE,0.0586028603984634,26.66328122755928,0.1294368437979796,,stocks,mcap,
2026-05-04,asset,NKE,NKE,0.18830529422628461,26.66328122755928,0.012430228110273278,,stocks,mcap,
2026-05-05,asset,NKE,NKE,0.4830297067150891,26.55025366920175,-0.0072668857637854245,,stocks,mcap,
2026-05-06,asset,NKE,NKE,0.0900811942030691,33.32952687166828,0.0455369837521844,0.2140890526719477,stocks,mcap,
2026-05-07,asset,NKE,NKE,0.15610370096745663,37.35420768126782,0.12240408848101558,0.7705175998913822,stocks,mcap,
2026-05-08,asset,NKE,NKE,0.13634076591790578,36.15675081144763,0.15899094748059195,0.546109366292394,stocks,mcap,
2026-05-09,asset,NKE,NKE,0.2264886543060163,36.15675081144763,0.1271927579844736,0.7893842156358692,stocks,mcap,
2026-05-10,asset,NKE,NKE,0.22372367502089724,36.15675081144763,0.10175420638757893,0.7209166863779378,stocks,mcap,
2026-05-11,asset,NKE,NKE,0.08901510574464255,36.15675081144763,-0.018392227666853778,0.1278375698122019,stocks,mcap,
2026-05-12,asset,NKE,NKE,0.1507521729029865,35.92725259282474,-0.03912898226500028,0.2958040701333488,stocks,mcap,
2026-05-13,asset,NKE,NKE,0.05217207123868078,35.87729105196058,-0.039410994808857236,-0.07362496820654404,stocks,mcap,
2026-05-14,asset,NKE,NKE,0.21055254474025034,34.23656287604297,-0.04655123789801463,0.35934564926768836,stocks,mcap,
2026-05-15,asset,NKE,NKE,0.02340701225232746,33.51443902821377,-0.04602250451084111,-0.3660535674942168,stocks,mcap,
2026-05-16,asset,NKE,NKE,0.14519699844865389,33.51443902821377,-0.03681800360867271,0.07747284496649956,stocks,mcap,
2026-05-17,asset,NKE,NKE,0.1531966532570213,33.51443902821377,-0.029454402886938125,0.10903266676224765,stocks,mcap,
2026-05-18,asset,NKE,NKE,0.22860189100211428,33.51443902821377,0.023925920332649175,0.42007475521183407,stocks,mcap,
2026-05-19,asset,NKE,NKE,0.17664881924397766,32.525769682114245,0.061094302970017944,0.17365234008880742,stocks,mcap,
2026-05-20,asset,NKE,NKE,0.28450524943896205,48.31474745210583,0.20570576985584133,1.6564853839047309,stocks,mcap,
2026-05-21,asset,NKE,NKE,0.2708909088030436,49.74571756405561,0.30941713112365665,1.5636173717982564,stocks,mcap,
2026-05-22,asset,NKE,NKE,0.14087191632212984,51.75939269188741,0.38645656649918925,1.0778005586829382,stocks,mcap,
2026-05-23,asset,NKE,NKE,,51.75939269188741,0.3091652531993515,,stocks,mcap,
2026-03-24,asset,NVDA,NVDA,0.20714145842746967,,0.0,,stocks,mcap,
2026-03-25,asset,NVDA,NVDA,0.1967336562356001,,0.2220854700854943,,stocks,mcap,
2026-03-26,asset,NVDA,NVDA,0.16457881718004685,,-0.12566734360920692,,stocks,mcap,
2026-03-27,asset,NVDA,NVDA,0.12724401819060158,,-0.5746658461494107,,stocks,mcap,
2026-03-28,asset,NVDA,NVDA,0.1920834545744674,,-0.45973267691952857,,stocks,mcap,
2026-03-29,asset,NVDA,NVDA,0.17245754343988598,,-0.36778614153562283,,stocks,mcap,
2026-03-30,asset,NVDA,NVDA,0.12303663617425038,,-1.0638468231829887,,stocks,mcap,
2026-03-31,asset,NVDA,NVDA,0.08985013070824434,,-0.6074946339809945,,stocks,mcap,
2026-04-01,asset,NVDA,NVDA,0.11304334688086976,,-0.19667677276752582,,stocks,mcap,
2026-04-02,asset,NVDA,NVDA,0.028336533098226358,,0.1830206913359851,,stocks,mcap,
2026-04-03,asset,NVDA,NVDA,0.17611896373075997,,0.1464165530687881,,stocks,mcap,
2026-04-04,asset,NVDA,NVDA,0.21318274274126015,,0.11713324245503054,,stocks,mcap,
2026-04-05,asset,NVDA,NVDA,0.19021467170020936,,0.09370659396402448,,stocks,mcap,
2026-04-06,asset,NVDA,NVDA,0.2054031384037466,,0.5603565681857922,,stocks,mcap,
2026-04-07,asset,NVDA,NVDA,0.1139401866300418,,0.6707508921937886,,stocks,mcap,
2026-04-08,asset,NVDA,NVDA,0.22131873485187384,,0.9619727014441491,,stocks,mcap,
2026-04-09,asset,NVDA,NVDA,0.16287291540991097,,1.21186683919013,,stocks,mcap,
2026-04-10,asset,NVDA,NVDA,0.13176978315160573,,1.604428688227137,,stocks,mcap,
2026-04-11,asset,NVDA,NVDA,0.2016107914581852,,1.2835429505817095,,stocks,mcap,
2026-04-12,asset,NVDA,NVDA,0.11835346096433451,,1.0268343604653676,,stocks,mcap,
2026-04-13,asset,NVDA,NVDA,0.18687398946544317,,1.6276724521850685,,stocks,mcap,
2026-04-14,asset,NVDA,NVDA,0.21055741968611766,,2.0908607730422104,,stocks,mcap,
2026-04-15,asset,NVDA,NVDA,0.19802060893612725,,2.40302535860908,,stocks,mcap,
2026-04-16,asset,NVDA,NVDA,0.1993071566212015,,2.414895156639814,,stocks,mcap,
2026-04-17,asset,NVDA,NVDA,0.17932310778937607,89.99669003502608,2.478117736245996,,stocks,mcap,
2026-04-18,asset,NVDA,NVDA,0.2051792462595441,89.99669003502608,1.9824941889967969,,stocks,mcap,
2026-04-19,asset,NVDA,NVDA,0.33289857378867244,89.99669003502608,1.585995351197437,,stocks,mcap,
2026-04-20,asset,NVDA,NVDA,0.20067521421063997,89.99669003502608,1.9673514853693037,,stocks,mcap,
2026-04-21,asset,NVDA,NVDA,0.2072044216567428,84.92777104543838,1.6202235923474948,,stocks,mcap,
2026-04-22,asset,NVDA,NVDA,0.26299901512999807,85.77292436274593,1.4328225789852542,,stocks,mcap,
2026-04-23,asset,NVDA,NVDA,0.2225318637744872,80.46855628738938,1.0023726599472198,,stocks,mcap,
2026-04-24,asset,NVDA,NVDA,0.2634962310625669,83.73682788293857,1.1731296387258734,,stocks,mcap,
2026-04-25,asset,NVDA,NVDA,0.28838912281916357,83.73682788293857,0.9385037109806982,,stocks,mcap,
2026-04-26,asset,NVDA,NVDA,0.2284355447410582,83.73682788293857,0.7508029687845585,,stocks,mcap,
2026-04-27,asset,NVDA,NVDA,0.22387931955451454,83.73682788293857,1.851421384942424,,stocks,mcap,
2026-04-28,asset,NVDA,NVDA,0.13894112425309033,76.84279534986365,1.6752410526596098,,stocks,mcap,
2026-04-29,asset,NVDA,NVDA,0.11304964808785413,70.99740930481686,1.1546226800290764,,stocks,mcap,
2026-04-30,asset,NVDA,NVDA,0.2535479768853152,59.051597513674004,0.07518752972297094,,stocks,mcap,
2026-05-01,asset,NVDA,NVDA,0.1497681450293362,57.83898737226368,-0.7518095417990232,,stocks,mcap,
2026-05-02,asset,NVDA,NVDA,0.16930999918594783,57.83898737226368,-0.6014476334392187,,stocks,mcap,
2026-05-03,asset,NVDA,NVDA,0.16020832991651668,57.83898737226368,-0.4811581067513755,,stocks,mcap,
2026-05-04,asset,NVDA,NVDA,0.28642738966615533,57.83898737226368,-1.2773474538820517,,stocks,mcap,
2026-05-05,asset,NVDA,NVDA,0.18488970440548194,55.14626517199208,-1.728374799198293,,stocks,mcap,
2026-05-06,asset,NVDA,NVDA,0.25405054494898194,63.64550294639999,-1.261390748275904,-0.3050916664944837,stocks,mcap,
2026-05-07,asset,NVDA,NVDA,0.16968755625622653,65.89954677770794,-0.7294633548060485,-0.6767036821706852,stocks,mcap,
2026-05-08,asset,NVDA,NVDA,0.15520769669433376,68.05030353419873,-0.1811381208677556,-0.5711593981248416,stocks,mcap,
2026-05-09,asset,NVDA,NVDA,0.22464649953369817,68.05030353419873,-0.1449104966942052,-0.06919300331894276,stocks,mcap,
2026-05-10,asset,NVDA,NVDA,0.21628952837253843,68.05030353419873,-0.11592839735536487,-0.11710304415623432,stocks,mcap,
2026-05-11,asset,NVDA,NVDA,0.2219813074142872,68.05030353419873,0.8015954250017074,0.17445861962797662,stocks,mcap,
2026-05-12,asset,NVDA,NVDA,0.1148851057309504,69.00265541480073,1.006490297998436,-0.5011393152072382,stocks,mcap,
2026-05-13,asset,NVDA,NVDA,0.1122082180076074,71.78425759169767,1.3418765328423055,-0.345759871812777,stocks,mcap,
2026-05-14,asset,NVDA,NVDA,0.17002526289219178,76.28218257279093,2.048566162725943,0.3642841644149642,stocks,mcap,
2026-05-15,asset,NVDA,NVDA,0.09854368747322606,64.61803010062937,1.6488535270503757,-0.5374348438470775,stocks,mcap,
2026-05-16,asset,NVDA,NVDA,0.11105782984268842,64.61803010062937,1.3190828216403006,-0.5252825141084961,stocks,mcap,
2026-05-17,asset,NVDA,NVDA,0.10207360603236444,64.61803010062937,1.0552662573122404,-0.643048050722172,stocks,mcap,
2026-05-18,asset,NVDA,NVDA,0.11268421906438016,64.61803010062937,0.6269863659287473,-0.6749716293262508,stocks,mcap,
2026-05-19,asset,NVDA,NVDA,0.19582083372746847,62.50826244793886,0.07383331601578469,-0.3043043828501233,stocks,mcap,
2026-05-20,asset,NVDA,NVDA,0.13265078781801162,64.22278656502125,-0.17527397209895135,-0.7592658390112303,stocks,mcap,
2026-05-21,asset,NVDA,NVDA,0.2144775488834728,60.12298885426741,-0.6555896337902833,-0.41974122599412955,stocks,mcap,
2026-05-22,asset,NVDA,NVDA,0.1702023377922609,56.06430452317914,-1.2675507721332337,-0.9812606252329759,stocks,mcap,
2026-05-23,asset,NVDA,NVDA,,56.06430452317914,-1.0140406177065877,,stocks,mcap,
2026-03-24,asset,NYT,NYT,0.13076666666666664,,0.0,,stocks,mcap,
2026-03-25,asset,NYT,NYT,0.1727,,0.06445584045584382,,stocks,mcap,
2026-03-26,asset,NYT,NYT,0.18734,,-0.03970731406400774,,stocks,mcap,
2026-03-27,asset,NYT,NYT,0.1805692307692308,,-0.11381864807171177,,stocks,mcap,
2026-03-28,asset,NYT,NYT,-0.2536222222222222,,-0.09105491845736942,,stocks,mcap,
2026-03-29,asset,NYT,NYT,-0.07125714285714285,,-0.07284393476589553,,stocks,mcap,
2026-03-30,asset,NYT,NYT,-0.0996875,,-0.11031120174050951,,stocks,mcap,
2026-03-31,asset,NYT,NYT,-0.10683999999999998,,-0.07899567993751586,,stocks,mcap,
2026-04-01,asset,NYT,NYT,0.22628181818181814,,0.05171872460029274,,stocks,mcap,
2026-04-02,asset,NYT,NYT,0.1218,,0.15097225785174326,,stocks,mcap,
2026-04-03,asset,NYT,NYT,0.29288333333333333,,0.1207778062813946,,stocks,mcap,
2026-04-04,asset,NYT,NYT,-0.15424285714285715,,0.09662224502511568,,stocks,mcap,
2026-04-05,asset,NYT,NYT,0.12787142857142858,,0.07729779602009255,,stocks,mcap,
2026-04-06,asset,NYT,NYT,0.07036428571428573,,0.15178427215602308,,stocks,mcap,
2026-04-07,asset,NYT,NYT,-0.11780625,,0.1978770848558738,,stocks,mcap,
2026-04-08,asset,NYT,NYT,-0.024857894736842107,,0.1420812471591477,,stocks,mcap,
2026-04-09,asset,NYT,NYT,0.13812105263157895,,-0.04389842151007867,,stocks,mcap,
2026-04-10,asset,NYT,NYT,0.09355454545454545,,-0.38075928155602684,,stocks,mcap,
2026-04-11,asset,NYT,NYT,-0.19324999999999998,,-0.30460742524482143,,stocks,mcap,
2026-04-12,asset,NYT,NYT,-0.031619999999999995,,-0.24368594019585715,,stocks,mcap,
2026-04-13,asset,NYT,NYT,0.12395500000000001,,-0.5636469455903784,,stocks,mcap,
2026-04-14,asset,NYT,NYT,0.0076071428571428635,,-0.5279536070860449,,stocks,mcap,
2026-04-15,asset,NYT,NYT,0.03605000000000001,,-0.4501956649880734,,stocks,mcap,
2026-04-16,asset,NYT,NYT,0.11195000000000001,,-0.5775897935795917,,stocks,mcap,
2026-04-17,asset,NYT,NYT,0.16610000000000003,53.92082112687974,-0.5205261778712276,,stocks,mcap,
2026-04-18,asset,NYT,NYT,-0.0008555555555555477,53.92082112687974,-0.416420942296982,,stocks,mcap,
2026-04-19,asset,NYT,NYT,0.10115,53.92082112687974,-0.33313675383758556,,stocks,mcap,
2026-04-20,asset,NYT,NYT,0.015674999999999994,53.92082112687974,-0.2600763060488074,,stocks,mcap,
2026-04-21,asset,NYT,NYT,0.054400000000000004,57.78387826847804,-0.09480238354098414,,stocks,mcap,
2026-04-22,asset,NYT,NYT,0.20854090909090905,54.1428059807888,-0.051403574248516826,,stocks,mcap,
2026-04-23,asset,NYT,NYT,-0.20861578947368423,54.080074042128295,-0.013161289568466072,,stocks,mcap,
2026-04-24,asset,NYT,NYT,0.030207142857142856,55.361145944771,0.05050673750136481,,stocks,mcap,
2026-04-25,asset,NYT,NYT,-0.05096363636363635,55.361145944771,0.04040539000109189,,stocks,mcap,
2026-04-26,asset,NYT,NYT,0.23976000000000003,55.361145944771,0.0323243120008736,,stocks,mcap,
2026-04-27,asset,NYT,NYT,-0.03433636363636362,55.361145944771,-0.029230253387726446,,stocks,mcap,
2026-04-28,asset,NYT,NYT,-0.06413333333333332,50.650883504742,-0.09987659694682183,,stocks,mcap,
2026-04-29,asset,NYT,NYT,0.03302666666666667,52.39688585211897,-0.09351694659548637,,stocks,mcap,
2026-04-30,asset,NYT,NYT,-0.16869444444444445,52.39688585211897,-0.07481355727638905,,stocks,mcap,
2026-05-01,asset,NYT,NYT,-0.09989999999999999,52.39688585211897,-0.05985084582111133,,stocks,mcap,
2026-05-02,asset,NYT,NYT,0.2331375,52.39688585211897,-0.04788067665688889,,stocks,mcap,
2026-05-03,asset,NYT,NYT,0.06325555555555555,52.39688585211897,-0.0383045413255112,,stocks,mcap,
2026-05-04,asset,NYT,NYT,0.18968571428571426,52.39688585211897,-0.03064363306040896,,stocks,mcap,
2026-05-05,asset,NYT,NYT,0.10095555555555555,52.39688585211897,-0.02451490644832699,,stocks,mcap,
2026-05-06,asset,NYT,NYT,0.07486923076923077,52.39688585211897,-0.019611925158661503,-0.006176773413907127,stocks,mcap,
2026-05-07,asset,NYT,NYT,0.19512105263157895,52.39688585211897,-0.015689540126929025,0.3523769818206248,stocks,mcap,
2026-05-08,asset,NYT,NYT,0.23535333333333333,52.39688585211897,-0.012551632101543309,0.46422373389525884,stocks,mcap,
2026-05-09,asset,NYT,NYT,0.29950000000000004,52.39688585211897,-0.010041305681234736,0.6284589640350402,stocks,mcap,
2026-05-10,asset,NYT,NYT,0.0043199999999999905,52.39688585211897,-0.008033044544987877,-0.20762891842569522,stocks,mcap,
2026-05-11,asset,NYT,NYT,0.10881666666666666,52.39688585211897,-0.006426435635990213,0.09898089250760209,stocks,mcap,
2026-05-12,asset,NYT,NYT,-0.1534235294117647,52.39688585211897,-0.005141148508791993,-0.6405999505522869,stocks,mcap,
2026-05-13,asset,NYT,NYT,-0.10254666666666666,52.39688585211897,-0.004112918807033683,-0.47983773628570137,stocks,mcap,
2026-05-14,asset,NYT,NYT,-0.19422666666666666,52.39688585211897,-0.0032903350456270353,-0.7130126400250005,stocks,mcap,
2026-05-15,asset,NYT,NYT,-0.11138421052631578,52.39688585211897,-0.002632268036501628,-0.4668758769450433,stocks,mcap,
2026-05-16,asset,NYT,NYT,-0.33019,52.39688585211897,-0.0021058144292012138,-1.0096865795284042,stocks,mcap,
2026-05-17,asset,NYT,NYT,0.1676,52.39688585211897,-0.0016846515433610598,0.3193548031207766,stocks,mcap,
2026-05-18,asset,NYT,NYT,-0.04439565217391305,52.39688585211897,-0.0013477212346888479,-0.24408040297006578,stocks,mcap,
2026-05-19,asset,NYT,NYT,-0.12426190476190475,52.39688585211897,-0.0010781769877510339,-0.44939764712188063,stocks,mcap,
2026-05-20,asset,NYT,NYT,0.05879285714285715,52.39688585211897,-0.0008625415902008271,0.045440667620576525,stocks,mcap,
2026-05-21,asset,NYT,NYT,-0.04604666666666667,52.39688585211897,-0.0006900332721606617,-0.2355036333906406,stocks,mcap,
2026-05-22,asset,NYT,NYT,,52.39688585211897,-0.0005520266177283517,,stocks,mcap,
2026-05-23,asset,NYT,NYT,,52.39688585211897,-0.00044162129418268137,,stocks,mcap,
2026-03-24,asset,OPEN,OPEN,0.11925993034577824,,0.0,,stocks,mcap,
2026-03-25,asset,OPEN,OPEN,0.04322956323840552,,-0.005105413105412992,,stocks,mcap,
2026-03-26,asset,OPEN,OPEN,0.45215465227141977,,-0.020789649434663174,,stocks,mcap,
2026-03-27,asset,OPEN,OPEN,0.248490941520118,,-0.035853143431259636,,stocks,mcap,
2026-03-28,asset,OPEN,OPEN,0.14512413908888896,,-0.028682514745007708,,stocks,mcap,
2026-03-29,asset,OPEN,OPEN,0.09802899595510679,,-0.022946011796006166,,stocks,mcap,
2026-03-30,asset,OPEN,OPEN,0.32016552029432105,,-0.07543340233907833,,stocks,mcap,
2026-03-31,asset,OPEN,OPEN,0.21223205549958354,,-0.07001629936866853,,stocks,mcap,
2026-04-01,asset,OPEN,OPEN,0.35563395982899326,,-0.06938061928533526,,stocks,mcap,
2026-04-02,asset,OPEN,OPEN,-0.08161838640902665,,-0.05374808750189397,,stocks,mcap,
2026-04-03,asset,OPEN,OPEN,0.145747916191568,,-0.042998470001515174,,stocks,mcap,
2026-04-04,asset,OPEN,OPEN,0.34757802998626913,,-0.034398776001212134,,stocks,mcap,
2026-04-05,asset,OPEN,OPEN,0.32874889831238735,,-0.0275190208009697,,stocks,mcap,
2026-04-06,asset,OPEN,OPEN,0.24133392141512078,,-0.0362340978064985,,stocks,mcap,
2026-04-07,asset,OPEN,OPEN,0.45887470283447185,,-0.03399788979567914,,stocks,mcap,
2026-04-08,asset,OPEN,OPEN,0.19265886104637242,,-0.02380071130294037,,stocks,mcap,
2026-04-09,asset,OPEN,OPEN,0.3261370548355543,,-0.035897475856360994,,stocks,mcap,
2026-04-10,asset,OPEN,OPEN,0.16730128888378645,,-0.03955369631202299,,stocks,mcap,
2026-04-11,asset,OPEN,OPEN,0.2663499326324711,,-0.03164295704961839,,stocks,mcap,
2026-04-12,asset,OPEN,OPEN,-0.0738362889286131,,-0.02531436563969469,,stocks,mcap,
2026-04-13,asset,OPEN,OPEN,0.03291744620278477,,-0.030065059677967104,,stocks,mcap,
2026-04-14,asset,OPEN,OPEN,0.4125041692439467,,-0.014562485829444749,,stocks,mcap,
2026-04-15,asset,OPEN,OPEN,0.14956912544692558,,0.017428591388792936,,stocks,mcap,
2026-04-16,asset,OPEN,OPEN,0.35886939580738547,,0.06697206760250377,,stocks,mcap,
2026-04-17,asset,OPEN,OPEN,0.2971974719635987,57.55294074329393,0.09732565823954709,,stocks,mcap,
2026-04-18,asset,OPEN,OPEN,0.6519809787530452,57.55294074329393,0.07786052659163767,,stocks,mcap,
2026-04-19,asset,OPEN,OPEN,0.43545634615570306,57.55294074329393,0.062288421273310135,,stocks,mcap,
2026-04-20,asset,OPEN,OPEN,0.37525166285792366,57.55294074329393,0.10554740935334479,,stocks,mcap,
2026-04-21,asset,OPEN,OPEN,0.32954146202590096,60.23696400604276,0.11798080694643873,,stocks,mcap,
2026-04-22,asset,OPEN,OPEN,0.4012680019887521,59.57577652171495,0.11879713160517011,,stocks,mcap,
2026-04-23,asset,OPEN,OPEN,0.41259266583293674,52.99778579110012,0.0998931881027495,,stocks,mcap,
2026-04-24,asset,OPEN,OPEN,0.518422506907368,59.627208490272736,0.10130109364451298,,stocks,mcap,
2026-04-25,asset,OPEN,OPEN,0.4107017065543345,59.627208490272736,0.08104087491561038,,stocks,mcap,
2026-04-26,asset,OPEN,OPEN,0.5637429811321198,59.627208490272736,0.0648326999324883,,stocks,mcap,
2026-04-27,asset,OPEN,OPEN,0.4815510386171957,59.627208490272736,0.06591709224309765,,stocks,mcap,
2026-04-28,asset,OPEN,OPEN,0.41446515695774666,61.8720422369089,0.06222180954675188,,stocks,mcap,
2026-04-29,asset,OPEN,OPEN,0.1339988121280819,63.832928857395004,0.06215623328378855,,stocks,mcap,
2026-04-30,asset,OPEN,OPEN,0.3160269366313393,57.46725912503431,0.04508215853636835,,stocks,mcap,
2026-05-01,asset,OPEN,OPEN,0.6034755909075153,58.794827817848024,0.03473237889419886,,stocks,mcap,
2026-05-02,asset,OPEN,OPEN,0.4668040759898722,58.794827817848024,0.027785903115359084,,stocks,mcap,
2026-05-03,asset,OPEN,OPEN,0.02171808512847247,58.794827817848024,0.022228722492287245,,stocks,mcap,
2026-05-04,asset,OPEN,OPEN,0.23704137383441948,58.794827817848024,-0.011919882536882143,,stocks,mcap,
2026-05-05,asset,OPEN,OPEN,0.07592702658190613,61.48946713944352,-0.02075521235092212,,stocks,mcap,
2026-05-06,asset,OPEN,OPEN,0.4395379331010911,65.9799947477022,-0.011759482072925292,0.9568345754700569,stocks,mcap,
2026-05-07,asset,OPEN,OPEN,0.21192062424366262,61.29481292305515,-0.01564489319438289,-0.11441456048644108,stocks,mcap,
2026-05-08,asset,OPEN,OPEN,0.19182302084170902,52.41877092530331,-0.03821361949729331,-1.1615044302225246,stocks,mcap,
2026-05-09,asset,OPEN,OPEN,0.7278780921120662,52.41877092530331,-0.030570895597834657,0.13012131646464423,stocks,mcap,
2026-05-10,asset,OPEN,OPEN,0.4446187539404051,52.41877092530331,-0.024456716478267734,-0.4039651204123229,stocks,mcap,
2026-05-11,asset,OPEN,OPEN,0.18239413201432264,52.41877092530331,-0.06370215102384202,-1.1354609028348286,stocks,mcap,
2026-05-12,asset,OPEN,OPEN,0.1891914220109582,48.18064990612412,-0.08237875047366111,-1.4313275516666732,stocks,mcap,
2026-05-13,asset,OPEN,OPEN,-0.13306984959344068,45.20247435559668,-0.09868736495846223,-2.2181701383426904,stocks,mcap,
2026-05-14,asset,OPEN,OPEN,0.33373343955553497,42.792148558704575,-0.11115556607918695,-1.2641254782500804,stocks,mcap,
2026-05-15,asset,OPEN,OPEN,0.12876024663175145,40.87183484728003,-0.11903336750309827,-1.687898791525682,stocks,mcap,
2026-05-16,asset,OPEN,OPEN,0.4021934913663566,40.87183484728003,-0.09522669400247862,-0.8833850156389582,stocks,mcap,
2026-05-17,asset,OPEN,OPEN,0.4649077649128934,40.87183484728003,-0.07618135520198288,-0.591396088957905,stocks,mcap,
2026-05-18,asset,OPEN,OPEN,0.2640657197629205,40.87183484728003,-0.10567960759957655,-1.1055935160157788,stocks,mcap,
2026-05-19,asset,OPEN,OPEN,0.17851660051951804,41.65443896784988,-0.10129724919675545,-1.1913022551576613,stocks,mcap,
2026-05-20,asset,OPEN,OPEN,0.3859764712110265,44.856978783938104,-0.08587116263392433,-0.5148530505175642,stocks,mcap,
2026-05-21,asset,OPEN,OPEN,0.34072593273454244,49.89227482497646,-0.059668787944161195,-0.2900902035647841,stocks,mcap,
2026-05-22,asset,OPEN,OPEN,0.31760720903665446,48.76396285006861,-0.0413513285706702,-0.2952096822267666,stocks,mcap,
2026-05-23,asset,OPEN,OPEN,,48.76396285006861,-0.03308106285653617,,stocks,mcap,
2026-03-24,asset,ORCL,ORCL,0.17275069726890244,,0.0,,stocks,mcap,
2026-03-25,asset,ORCL,ORCL,0.24589696140159004,,-0.0682849002849025,,stocks,mcap,
2026-03-26,asset,ORCL,ORCL,0.2532213984862519,,-0.3122040113310913,,stocks,mcap,
2026-03-27,asset,ORCL,ORCL,0.10316680197655356,,-0.6488799643008187,,stocks,mcap,
2026-03-28,asset,ORCL,ORCL,0.30613716921220546,,-0.5191039714406549,,stocks,mcap,
2026-03-29,asset,ORCL,ORCL,0.5410449009719367,,-0.41528317715252394,,stocks,mcap,
2026-03-30,asset,ORCL,ORCL,0.10206483190330143,,-0.8769934767993786,,stocks,mcap,
2026-03-31,asset,ORCL,ORCL,0.09952357270177667,,-0.40659283714291605,,stocks,mcap,
2026-04-01,asset,ORCL,ORCL,0.016506309769971507,,-0.20301641891328992,,stocks,mcap,
2026-04-02,asset,ORCL,ORCL,-0.012142081743451263,,0.016478171184772128,,stocks,mcap,
2026-04-03,asset,ORCL,ORCL,-0.031137935586029484,,0.013182536947817791,,stocks,mcap,
2026-04-04,asset,ORCL,ORCL,-0.147696399962812,,0.010546029558254233,,stocks,mcap,
2026-04-05,asset,ORCL,ORCL,0.14204997350675025,,0.008436823646603475,,stocks,mcap,
2026-04-06,asset,ORCL,ORCL,0.06829338142861566,,0.14582158366870213,,stocks,mcap,
2026-04-07,asset,ORCL,ORCL,0.18019379133070235,,0.039101023262796075,,stocks,mcap,
2026-04-08,asset,ORCL,ORCL,0.02323254254278139,,0.008763279541819768,,stocks,mcap,
2026-04-09,asset,ORCL,ORCL,0.1718530516282111,,-0.37354191850529705,,stocks,mcap,
2026-04-10,asset,ORCL,ORCL,0.15720761086343907,,-0.5707405375577657,,stocks,mcap,
2026-04-11,asset,ORCL,ORCL,0.11993173016323555,,-0.4565924300462125,,stocks,mcap,
2026-04-12,asset,ORCL,ORCL,0.1741873194590306,,-0.3652739440369699,,stocks,mcap,
2026-04-13,asset,ORCL,ORCL,0.1951742505395285,,1.0294113750486318,,stocks,mcap,
2026-04-14,asset,ORCL,ORCL,0.2702562756525922,,1.9498829417312038,,stocks,mcap,
2026-04-15,asset,ORCL,ORCL,0.36621691045826926,,2.8637456357501376,,stocks,mcap,
2026-04-16,asset,ORCL,ORCL,0.21938110722000115,,3.828799150097998,,stocks,mcap,
2026-04-17,asset,ORCL,ORCL,0.16291930354741369,59.94562076278521,4.0129351615634885,,stocks,mcap,
2026-04-18,asset,ORCL,ORCL,0.43061410643903075,59.94562076278521,3.2103481292507903,,stocks,mcap,
2026-04-19,asset,ORCL,ORCL,0.2964655999856055,59.94562076278521,2.5682785034006317,,stocks,mcap,
2026-04-20,asset,ORCL,ORCL,0.2397115385594062,59.94562076278521,3.4171838358579043,,stocks,mcap,
2026-04-21,asset,ORCL,ORCL,0.2477228137453976,63.85138686074865,3.464375512976919,,stocks,mcap,
2026-04-22,asset,ORCL,ORCL,0.35327025892525854,68.59064869532067,3.667603529622559,,stocks,mcap,
2026-04-23,asset,ORCL,ORCL,0.2216252593576394,54.861071098849614,2.829619342182415,,stocks,mcap,
2026-04-24,asset,ORCL,ORCL,0.40823410379823843,51.8713355394039,1.9010839543897902,,stocks,mcap,
2026-04-25,asset,ORCL,ORCL,0.07604996988775763,51.8713355394039,1.5208671635118325,,stocks,mcap,
2026-04-26,asset,ORCL,ORCL,0.38137473201915384,51.8713355394039,1.2166937308094656,,stocks,mcap,
2026-04-27,asset,ORCL,ORCL,0.3160014593786898,51.8713355394039,0.5762574529682851,,stocks,mcap,
2026-04-28,asset,ORCL,ORCL,0.07735276241051324,44.29530510454455,-0.37921225024102156,,stocks,mcap,
2026-04-29,asset,ORCL,ORCL,0.07809412095533944,42.63256800734141,-1.1686731770928507,,stocks,mcap,
2026-04-30,asset,ORCL,ORCL,0.30845964833587614,42.63256800734141,-0.9349385416742813,,stocks,mcap,
2026-05-01,asset,ORCL,ORCL,0.3319304976199549,42.63256800734141,-0.7479508333394254,,stocks,mcap,
2026-05-02,asset,ORCL,ORCL,0.4992790261133291,42.63256800734141,-0.5983606666715406,,stocks,mcap,
2026-05-03,asset,ORCL,ORCL,0.2280741622526683,42.63256800734141,-0.47868853333723305,,stocks,mcap,
2026-05-04,asset,ORCL,ORCL,0.11755156214630698,42.63256800734141,-0.38295082666978697,,stocks,mcap,
2026-05-05,asset,ORCL,ORCL,0.39996809513181114,42.63256800734141,-0.3063606613358303,,stocks,mcap,
2026-05-06,asset,ORCL,ORCL,0.28575721164082596,42.63256800734141,-0.2450885290686644,-0.24968388773778571,stocks,mcap,
2026-05-07,asset,ORCL,ORCL,0.30907844758297215,42.63256800734141,-0.19607082325493153,-0.1650364531664206,stocks,mcap,
2026-05-08,asset,ORCL,ORCL,0.11034400473444719,42.63256800734141,-0.15685665860394593,-0.6901029106598734,stocks,mcap,
2026-05-09,asset,ORCL,ORCL,0.22181360972514796,42.63256800734141,-0.12548532688315728,-0.3616342833919286,stocks,mcap,
2026-05-10,asset,ORCL,ORCL,0.4136570831720409,42.63256800734141,-0.10038826150652636,0.17659192514223768,stocks,mcap,
2026-05-11,asset,ORCL,ORCL,0.2729201637069007,42.63256800734141,-0.08031060920522126,-0.20394065555395857,stocks,mcap,
2026-05-12,asset,ORCL,ORCL,0.2799810920623358,42.63256800734141,-0.06424848736417754,-0.1742050309825453,stocks,mcap,
2026-05-13,asset,ORCL,ORCL,0.2871212018707664,42.63256800734141,-0.05139878989134239,-0.14570284157927244,stocks,mcap,
2026-05-14,asset,ORCL,ORCL,0.2783404400430855,42.63256800734141,-0.04111903191307409,-0.16318380876869026,stocks,mcap,
2026-05-15,asset,ORCL,ORCL,0.4052922662902106,42.63256800734141,-0.03289522553045998,0.19699840443449523,stocks,mcap,
2026-05-16,asset,ORCL,ORCL,0.86684,42.63256800734141,-0.02631618042436834,1.2242789144524695,stocks,mcap,
2026-05-17,asset,ORCL,ORCL,0.0,42.63256800734141,-0.021052944339494672,-0.8669361395396755,stocks,mcap,
2026-05-18,asset,ORCL,ORCL,0.23745625,42.63256800734141,-0.016842355471595738,-0.28682608607905796,stocks,mcap,
2026-05-19,asset,ORCL,ORCL,0.1362610291553266,42.63256800734141,-0.01347388437727659,-0.5249462562302242,stocks,mcap,
2026-05-20,asset,ORCL,ORCL,0.5462846153846154,42.63256800734141,-0.010779107501821983,0.4553612756981893,stocks,mcap,
2026-05-21,asset,ORCL,ORCL,0.23721357628970094,42.63256800734141,-0.00862328600145812,-0.2802280532261322,stocks,mcap,
2026-05-22,asset,ORCL,ORCL,,42.63256800734141,-0.006898628801167206,,stocks,mcap,
2026-05-23,asset,ORCL,ORCL,,42.63256800734141,-0.005518903040933942,,stocks,mcap,
2026-03-24,asset,OXY,OXY,0.2596956553273731,,0.0,,stocks,mcap,
2026-03-25,asset,OXY,OXY,0.574128854821374,,0.03829059829059247,,stocks,mcap,
2026-03-26,asset,OXY,OXY,0.3913574313390787,,0.22037821121581258,,stocks,mcap,
2026-03-27,asset,OXY,OXY,0.2696557389222888,,0.38363000810918174,,stocks,mcap,
2026-03-28,asset,OXY,OXY,-0.7458,,0.3069040064873454,,stocks,mcap,
2026-03-29,asset,OXY,OXY,0.12183726313247656,,0.2455232051898763,,stocks,mcap,
2026-03-30,asset,OXY,OXY,0.07568997921446959,,0.5241616152697419,,stocks,mcap,
2026-03-31,asset,OXY,OXY,0.06497956754290928,,0.48179260328516993,,stocks,mcap,
2026-04-01,asset,OXY,OXY,-0.013442096266451273,,0.24818943879704847,,stocks,mcap,
2026-04-02,asset,OXY,OXY,0.07826563423766832,,0.1304046022997113,,stocks,mcap,
2026-04-03,asset,OXY,OXY,0.08158063724345217,,0.10432368183976892,,stocks,mcap,
2026-04-04,asset,OXY,OXY,-0.27281153600571884,,0.0834589454718151,,stocks,mcap,
2026-04-05,asset,OXY,OXY,-0.06406857775002717,,0.06676715637745201,,stocks,mcap,
2026-04-06,asset,OXY,OXY,0.18484508684538303,,-0.029831053875301383,,stocks,mcap,
2026-04-07,asset,OXY,OXY,0.016075574558600814,,-0.07657308104283733,,stocks,mcap,
2026-04-08,asset,OXY,OXY,0.03247749905393768,,-0.310374326728998,,stocks,mcap,
2026-04-09,asset,OXY,OXY,0.25600284992038186,,-0.5252889219652793,,stocks,mcap,
2026-04-10,asset,OXY,OXY,0.1357493314386656,,-0.672506301278766,,stocks,mcap,
2026-04-11,asset,OXY,OXY,0.36623203377258035,,-0.5380050410230128,,stocks,mcap,
2026-04-12,asset,OXY,OXY,-0.015188488890727362,,-0.4304040328184103,,stocks,mcap,
2026-04-13,asset,OXY,OXY,0.0904522069454193,,-0.6281703507430804,,stocks,mcap,
2026-04-14,asset,OXY,OXY,0.3869085216220787,,-0.7984992859443911,,stocks,mcap,
2026-04-15,asset,OXY,OXY,0.00960087899865815,,-0.8320016113708417,,stocks,mcap,
2026-04-16,asset,OXY,OXY,0.029712942981570983,,-0.7384386996821488,,stocks,mcap,
2026-04-17,asset,OXY,OXY,-0.12443142248104948,35.74386258558462,-0.8313842052299034,,stocks,mcap,
2026-04-18,asset,OXY,OXY,-0.0008807342423871045,35.74386258558462,-0.6651073641839227,,stocks,mcap,
2026-04-19,asset,OXY,OXY,-0.08794273826144634,35.74386258558462,-0.532085891347138,,stocks,mcap,
2026-04-20,asset,OXY,OXY,0.27510050610944586,35.74386258558462,-0.6471713860891448,,stocks,mcap,
2026-04-21,asset,OXY,OXY,0.15519473388642074,43.87658429660447,-0.4652414373231777,,stocks,mcap,
2026-04-22,asset,OXY,OXY,0.0536655736609688,46.202173707206185,-0.2674555731930681,,stocks,mcap,
2026-04-23,asset,OXY,OXY,0.2941437962249744,48.683003485859096,-0.06566114513510679,,stocks,mcap,
2026-04-24,asset,OXY,OXY,0.46696662992941373,46.577495931403604,0.0331287117090735,,stocks,mcap,
2026-04-25,asset,OXY,OXY,0.003480380021697954,46.577495931403604,0.026502969367258933,,stocks,mcap,
2026-04-26,asset,OXY,OXY,0.4887948472848428,46.577495931403604,0.021202375493807324,,stocks,mcap,
2026-04-27,asset,OXY,OXY,-0.07452072517833053,46.577495931403604,0.12146463597592305,,stocks,mcap,
2026-04-28,asset,OXY,OXY,-0.002825478260554376,51.862531017531836,0.2652710386596804,,stocks,mcap,
2026-04-29,asset,OXY,OXY,0.09134274950077294,57.74811586015304,0.49181994522149663,,stocks,mcap,
2026-04-30,asset,OXY,OXY,0.04430498184598982,57.74811586015304,0.39345595617719753,,stocks,mcap,
2026-05-01,asset,OXY,OXY,0.20913898456241933,57.74811586015304,0.3147647649417582,,stocks,mcap,
2026-05-02,asset,OXY,OXY,0.44263602798309487,57.74811586015304,0.25181181195340674,,stocks,mcap,
2026-05-03,asset,OXY,OXY,0.3526174303617329,57.74811586015304,0.20144944956272548,,stocks,mcap,
2026-05-04,asset,OXY,OXY,0.199265279862392,57.74811586015304,0.16115955965018036,,stocks,mcap,
2026-05-05,asset,OXY,OXY,0.01390857292892677,57.74811586015304,0.1289276477201443,,stocks,mcap,
2026-05-06,asset,OXY,OXY,-0.06592840235378247,57.74811586015304,0.10314211817611552,0.12509195983677948,stocks,mcap,
2026-05-07,asset,OXY,OXY,-0.020292260773815213,57.74811586015304,0.08251369454089241,0.1777343248657468,stocks,mcap,
2026-05-08,asset,OXY,OXY,-0.21229088862432788,57.74811586015304,0.06601095563271397,-0.17000568329605098,stocks,mcap,
2026-05-09,asset,OXY,OXY,0.22995853900508953,57.74811586015304,0.052808764506171224,0.5801915056922462,stocks,mcap,
2026-05-10,asset,OXY,OXY,-0.0673089229859412,57.74811586015304,0.042247011604937046,0.041340953827137164,stocks,mcap,
2026-05-11,asset,OXY,OXY,0.23669397087703858,57.74811586015304,0.0337976092839497,0.5614635660081373,stocks,mcap,
2026-05-12,asset,OXY,OXY,0.23836235368441291,57.74811586015304,0.02703808742715974,0.547371097685238,stocks,mcap,
2026-05-13,asset,OXY,OXY,0.031132530916687107,57.74811586015304,0.021630469941727792,0.163968821381631,stocks,mcap,
2026-05-14,asset,OXY,OXY,0.6201069715788587,57.74811586015304,0.0173043759533823,1.1681753703635365,stocks,mcap,
2026-05-15,asset,OXY,OXY,0.11474121066232518,57.74811586015304,0.013843500762705907,0.2780087750074971,stocks,mcap,
2026-05-16,asset,OXY,OXY,0.2553,57.74811586015304,0.011074800610164748,0.513958787328483,stocks,mcap,
2026-05-17,asset,OXY,OXY,0.43060000000000004,57.74811586015304,0.00885984048813182,0.8026037703869071,stocks,mcap,
2026-05-18,asset,OXY,OXY,0.09656666666666668,57.74811586015304,0.007087872390505456,0.20949147041535965,stocks,mcap,
2026-05-19,asset,OXY,OXY,0.7485571428571428,57.74811586015304,0.005670297912404365,1.2816732847424521,stocks,mcap,
2026-05-20,asset,OXY,OXY,0.53115,57.74811586015304,0.004536238329923559,0.8903306624735299,stocks,mcap,
2026-05-21,asset,OXY,OXY,0.25503333333333333,57.74811586015304,0.003628990663938847,0.42674491256734176,stocks,mcap,
2026-05-22,asset,OXY,OXY,,57.74811586015304,0.002903192531151122,,stocks,mcap,
2026-05-23,asset,OXY,OXY,,57.74811586015304,0.0023225540249208754,,stocks,mcap,
2026-03-24,asset,PLTR,PLTR,0.21830868548220184,,0.0,,stocks,mcap,
2026-03-25,asset,PLTR,PLTR,0.262346982217026,,0.011487179487198773,,stocks,mcap,
2026-03-26,asset,PLTR,PLTR,0.14258198537631314,,-0.4541919497406798,,stocks,mcap,
2026-03-27,asset,PLTR,PLTR,0.17594589853181974,,-1.0084315871728484,,stocks,mcap,
2026-03-28,asset,PLTR,PLTR,0.27212244737575275,,-0.8067452697382788,,stocks,mcap,
2026-03-29,asset,PLTR,PLTR,0.10782928470398728,,-0.645396215790623,,stocks,mcap,
2026-03-30,asset,PLTR,PLTR,0.31328550812176964,,-1.7824906196594472,,stocks,mcap,
2026-03-31,asset,PLTR,PLTR,0.10601783146106851,,-1.4321222478029474,,stocks,mcap,
2026-04-01,asset,PLTR,PLTR,0.1254881649572415,,-1.1100983055341742,,stocks,mcap,
2026-04-02,asset,PLTR,PLTR,0.06783906973072737,,-0.7078719028739737,,stocks,mcap,
2026-04-03,asset,PLTR,PLTR,0.19653675866125575,,-0.5662975222991791,,stocks,mcap,
2026-04-04,asset,PLTR,PLTR,0.2591221545113246,,-0.45303801783934317,,stocks,mcap,
2026-04-05,asset,PLTR,PLTR,0.13804744417950132,,-0.36243041427147427,,stocks,mcap,
2026-04-06,asset,PLTR,PLTR,0.26827115397951584,,-0.14100323002890214,,stocks,mcap,
2026-04-07,asset,PLTR,PLTR,0.2894296571582256,,0.15101344220913537,,stocks,mcap,
2026-04-08,asset,PLTR,PLTR,-0.012125006528200317,,-0.24680104814825565,,stocks,mcap,
2026-04-09,asset,PLTR,PLTR,-0.0039525726213725035,,-1.1168367017816756,,stocks,mcap,
2026-04-10,asset,PLTR,PLTR,0.05526319099005644,,-1.7343667443964335,,stocks,mcap,
2026-04-11,asset,PLTR,PLTR,0.11780236550897444,,-1.3874933955171467,,stocks,mcap,
2026-04-12,asset,PLTR,PLTR,-0.00989909824503795,,-1.1099947164137172,,stocks,mcap,
2026-04-13,asset,PLTR,PLTR,0.08890985754919659,,-1.4776412156955256,,stocks,mcap,
2026-04-14,asset,PLTR,PLTR,0.21485505389974124,,-1.1387793598208287,,stocks,mcap,
2026-04-15,asset,PLTR,PLTR,0.21940641249114565,,-0.41513613364590896,,stocks,mcap,
2026-04-16,asset,PLTR,PLTR,0.292652438552199,,0.13999704982630323,,stocks,mcap,
2026-04-17,asset,PLTR,PLTR,0.2313314770905087,52.777400005905555,0.7528206674570672,,stocks,mcap,
2026-04-18,asset,PLTR,PLTR,0.320919723115133,52.777400005905555,0.6022565339656545,,stocks,mcap,
2026-04-19,asset,PLTR,PLTR,0.07497639512760744,52.777400005905555,0.48180522717252394,,stocks,mcap,
2026-04-20,asset,PLTR,PLTR,-0.003703326042356972,52.777400005905555,1.0571741767166105,,stocks,mcap,
2026-04-21,asset,PLTR,PLTR,0.17862291673982764,52.90110565622747,1.2436296685787256,,stocks,mcap,
2026-04-22,asset,PLTR,PLTR,0.21299921710294056,60.457603101252026,1.7508177267839011,,stocks,mcap,
2026-04-23,asset,PLTR,PLTR,0.16944652918384262,46.97190778376472,1.2988839905249003,,stocks,mcap,
2026-04-24,asset,PLTR,PLTR,0.2626375635588651,48.66810259047468,1.0687100228489053,,stocks,mcap,
2026-04-25,asset,PLTR,PLTR,0.22348310306897973,48.66810259047468,0.8549680182791244,,stocks,mcap,
2026-04-26,asset,PLTR,PLTR,0.36517481128291773,48.66810259047468,0.6839744146232998,,stocks,mcap,
2026-04-27,asset,PLTR,PLTR,0.3244699216726653,48.66810259047468,0.5751156691581909,,stocks,mcap,
2026-04-28,asset,PLTR,PLTR,0.19529631350490367,46.15952558426505,0.37985830108119445,,stocks,mcap,
2026-04-29,asset,PLTR,PLTR,0.1433405014612229,42.91409007748762,0.048763457465050175,,stocks,mcap,
2026-04-30,asset,PLTR,PLTR,0.19475737861174458,44.40895176805313,-0.07261944957571664,,stocks,mcap,
2026-05-01,asset,PLTR,PLTR,0.27712303493153745,50.484366532768824,0.1877531051948793,,stocks,mcap,
2026-05-02,asset,PLTR,PLTR,0.012733285365973401,50.484366532768824,0.15020248415590354,,stocks,mcap,
2026-05-03,asset,PLTR,PLTR,0.14275600752115497,50.484366532768824,0.12016198732472283,,stocks,mcap,
2026-05-04,asset,PLTR,PLTR,0.25492757569658203,50.484366532768824,0.554533278649241,,stocks,mcap,
2026-05-05,asset,PLTR,PLTR,0.12734810702530225,38.83645178862011,0.04672814762495481,,stocks,mcap,
2026-05-06,asset,PLTR,PLTR,0.24059492168059213,37.256182075711,-0.3956012584797173,-0.5011862375652005,stocks,mcap,
2026-05-07,asset,PLTR,PLTR,0.33654262324721734,41.217213293761226,-0.4294634236686663,0.10742404836139947,stocks,mcap,
2026-05-08,asset,PLTR,PLTR,0.2083929881440276,42.12247802082432,-0.3647346270915717,-0.3079648680136605,stocks,mcap,
2026-05-09,asset,PLTR,PLTR,0.1026275297485624,42.12247802082432,-0.2917877016732573,-0.682847782594001,stocks,mcap,
2026-05-10,asset,PLTR,PLTR,0.24579387809704012,42.12247802082432,-0.2334301613386056,-0.07658716020050693,stocks,mcap,
2026-05-11,asset,PLTR,PLTR,0.3252912902399343,42.12247802082432,-0.30802130964606445,0.2126302471001727,stocks,mcap,
2026-05-12,asset,PLTR,PLTR,0.22559769088264647,41.1119213379091,-0.31205528722522224,-0.2285785167894843,stocks,mcap,
2026-05-13,asset,PLTR,PLTR,0.1872426407503766,36.03926030615434,-0.6589221748841183,-0.7317877484833659,stocks,mcap,
2026-05-14,asset,PLTR,PLTR,0.23234296700683338,40.89657513004337,-0.5864208338954824,-0.25968073288425053,stocks,mcap,
2026-05-15,asset,PLTR,PLTR,0.20587802087152648,41.236124880077554,-0.47178809035589886,-0.2986811989923748,stocks,mcap,
2026-05-16,asset,PLTR,PLTR,0.20142435344221715,41.236124880077554,-0.3774304722847188,-0.2733662019996196,stocks,mcap,
2026-05-17,asset,PLTR,PLTR,0.21711589738172285,41.236124880077554,-0.3019443778277746,-0.17250316770536187,stocks,mcap,
2026-05-18,asset,PLTR,PLTR,0.35917828866002727,41.236124880077554,-0.15285357638904973,0.4639463843726733,stocks,mcap,
2026-05-19,asset,PLTR,PLTR,0.2180992502160562,41.44495911113344,-0.00675795585521044,-0.04780837079037946,stocks,mcap,
2026-05-20,asset,PLTR,PLTR,0.29360065517602085,44.18651562754463,0.2306256826193338,0.4965551730584702,stocks,mcap,
2026-05-21,asset,PLTR,PLTR,0.13160413964574327,44.57833081804386,0.40855349332447366,-0.08641044833577152,stocks,mcap,
2026-05-22,asset,PLTR,PLTR,0.11686267631865252,43.84656455947846,0.48471208288741385,-0.15576231293032244,stocks,mcap,
2026-05-23,asset,PLTR,PLTR,,43.84656455947846,0.38776966630993126,,stocks,mcap,
2026-03-24,asset,QCOM,QCOM,-0.004159822989057284,,0.0,,stocks,mcap,
2026-03-25,asset,QCOM,QCOM,0.19466951843965022,,0.10721367521368848,,stocks,mcap,
2026-03-26,asset,QCOM,QCOM,0.2637024991451497,,0.18067380621909251,,stocks,mcap,
2026-03-27,asset,QCOM,QCOM,0.25584294932609297,,-0.0023047669956649808,,stocks,mcap,
2026-03-28,asset,QCOM,QCOM,0.32870709453212005,,-0.0018438135965319902,,stocks,mcap,
2026-03-29,asset,QCOM,QCOM,0.3970415053082941,,-0.0014750508772256032,,stocks,mcap,
2026-03-30,asset,QCOM,QCOM,0.1556094952775077,,-0.17354063311677836,,stocks,mcap,
2026-03-31,asset,QCOM,QCOM,0.265603230220524,,-0.11205341514467389,,stocks,mcap,
2026-04-01,asset,QCOM,QCOM,0.1967271152972724,,-0.16335929847467853,,stocks,mcap,
2026-04-02,asset,QCOM,QCOM,0.38270948468630855,,-0.21720582737283745,,stocks,mcap,
2026-04-03,asset,QCOM,QCOM,0.331499936009215,,-0.17376466189826995,,stocks,mcap,
2026-04-04,asset,QCOM,QCOM,0.1436136856698149,,-0.13901172951861596,,stocks,mcap,
2026-04-05,asset,QCOM,QCOM,0.21699416713406047,,-0.11120938361489274,,stocks,mcap,
2026-04-06,asset,QCOM,QCOM,0.05802168864680454,,-0.3310364238335533,,stocks,mcap,
2026-04-07,asset,QCOM,QCOM,0.09537874810015005,,-0.4510150995550937,,stocks,mcap,
2026-04-08,asset,QCOM,QCOM,0.24024495726967057,,-0.2794159107484466,,stocks,mcap,
2026-04-09,asset,QCOM,QCOM,0.14320398049770153,,-0.13763655712486333,,stocks,mcap,
2026-04-10,asset,QCOM,QCOM,0.3440996420052453,,-0.017199068462058875,,stocks,mcap,
2026-04-11,asset,QCOM,QCOM,0.43658632654545965,,-0.013759254769647011,,stocks,mcap,
2026-04-12,asset,QCOM,QCOM,0.3005186780610018,,-0.01100740381571752,,stocks,mcap,
2026-04-13,asset,QCOM,QCOM,0.12504769487304404,,0.393378136182054,,stocks,mcap,
2026-04-14,asset,QCOM,QCOM,0.19192248596174952,,0.6169956276912584,,stocks,mcap,
2026-04-15,asset,QCOM,QCOM,0.22509853598927942,,0.7405796454274353,,stocks,mcap,
2026-04-16,asset,QCOM,QCOM,0.1980330741250165,,0.8705175837540344,,stocks,mcap,
2026-04-17,asset,QCOM,QCOM,0.39424147520052394,82.00253840188364,1.0154258650940147,,stocks,mcap,
2026-04-18,asset,QCOM,QCOM,0.19313423340452893,82.00253840188364,0.8123406920752116,,stocks,mcap,
2026-04-19,asset,QCOM,QCOM,0.10973736797614504,82.00253840188364,0.6498725536601693,,stocks,mcap,
2026-04-20,asset,QCOM,QCOM,0.20175451353650695,82.00253840188364,1.0183196706172983,,stocks,mcap,
2026-04-21,asset,QCOM,QCOM,-0.0032029960194037235,72.6760280402332,0.8919346341268888,,stocks,mcap,
2026-04-22,asset,QCOM,QCOM,0.1396880819063778,73.36770114685054,0.7872034769509966,,stocks,mcap,
2026-04-23,asset,QCOM,QCOM,0.24513376042849852,65.89990868454646,0.5319000803439655,,stocks,mcap,
2026-04-24,asset,QCOM,QCOM,0.15522592530965573,80.73888310845501,1.2805686773507368,,stocks,mcap,
2026-04-25,asset,QCOM,QCOM,0.20871179482629076,80.73888310845501,1.024454941880589,,stocks,mcap,
2026-04-26,asset,QCOM,QCOM,0.3463929727151162,80.73888310845501,0.8195639535044714,,stocks,mcap,
2026-04-27,asset,QCOM,QCOM,0.12955152402065553,80.73888310845501,1.7888016142049432,,stocks,mcap,
2026-04-28,asset,QCOM,QCOM,0.17853776805543653,79.9225945086994,1.8754116370481144,,stocks,mcap,
2026-04-29,asset,QCOM,QCOM,0.32584817041554154,83.3348032445794,2.1845055872642978,,stocks,mcap,
2026-04-30,asset,QCOM,QCOM,0.07157928668657376,83.3348032445794,1.7476044698114386,,stocks,mcap,
2026-05-01,asset,QCOM,QCOM,0.315935956191054,83.3348032445794,1.3980835758491512,,stocks,mcap,
2026-05-02,asset,QCOM,QCOM,0.34868911358975446,83.3348032445794,1.1184668606793213,,stocks,mcap,
2026-05-03,asset,QCOM,QCOM,0.16477390085802587,83.3348032445794,0.8947734885434571,,stocks,mcap,
2026-05-04,asset,QCOM,QCOM,0.14397716275958455,83.3348032445794,0.7158187908347653,,stocks,mcap,
2026-05-05,asset,QCOM,QCOM,0.17923973397452153,83.3348032445794,0.5726550326678126,,stocks,mcap,
2026-05-06,asset,QCOM,QCOM,0.13001079457011985,83.3348032445794,0.4581240261342501,-0.15449662024244587,stocks,mcap,
2026-05-07,asset,QCOM,QCOM,0.21051068891327182,83.3348032445794,0.36649922090740006,0.10291059097365171,stocks,mcap,
2026-05-08,asset,QCOM,QCOM,0.17957241717164485,83.3348032445794,0.29319937672591934,-0.05127980161703309,stocks,mcap,
2026-05-09,asset,QCOM,QCOM,0.2757991205764122,83.3348032445794,0.2345595013807351,0.2858411617466475,stocks,mcap,
2026-05-10,asset,QCOM,QCOM,0.23663025116221884,83.3348032445794,0.18764760110458845,0.10827872587634133,stocks,mcap,
2026-05-11,asset,QCOM,QCOM,0.23256884386706797,83.3348032445794,0.1501180808836704,0.07188385786324492,stocks,mcap,
2026-05-12,asset,QCOM,QCOM,0.02748476640153129,83.3348032445794,0.12009446470693597,-0.7243797485625686,stocks,mcap,
2026-05-13,asset,QCOM,QCOM,0.1952820034891463,83.3348032445794,0.09607557176554771,-0.0872548323528809,stocks,mcap,
2026-05-14,asset,QCOM,QCOM,0.23110508666985838,83.3348032445794,0.07686045741243852,0.04181414883946388,stocks,mcap,
2026-05-15,asset,QCOM,QCOM,0.15986421017010388,83.3348032445794,0.061488365929950106,-0.24484570956358162,stocks,mcap,
2026-05-16,asset,QCOM,QCOM,0.1336888689716555,83.3348032445794,0.049190692743959374,-0.35073540731398833,stocks,mcap,
2026-05-17,asset,QCOM,QCOM,0.2549961901452481,83.3348032445794,0.039352554195167144,0.12604840701875886,stocks,mcap,
2026-05-18,asset,QCOM,QCOM,0.42275142109601876,83.3348032445794,0.03148204335613336,0.7559174327781678,stocks,mcap,
2026-05-19,asset,QCOM,QCOM,0.2072999932391398,83.3348032445794,0.025185634684905978,-0.08684101244966301,stocks,mcap,
2026-05-20,asset,QCOM,QCOM,0.28355451214421434,83.3348032445794,0.020148507747924427,0.20724153348555555,stocks,mcap,
2026-05-21,asset,QCOM,QCOM,0.25872354710304485,83.3348032445794,0.01611880619833883,0.10552546609119709,stocks,mcap,
2026-05-22,asset,QCOM,QCOM,0.21304234777614806,83.3348032445794,0.012895044958669999,-0.07764816952881273,stocks,mcap,
2026-05-23,asset,QCOM,QCOM,,83.3348032445794,0.010316035966935644,,stocks,mcap,
2026-03-24,asset,QQQ,QQQ,-0.07550250591540743,,0.0,,stocks,mcap,
2026-03-25,asset,QQQ,QQQ,0.18920035236153784,,0.24505982905975543,,stocks,mcap,
2026-03-26,asset,QQQ,QQQ,0.14738499218125115,,-0.5101082231476539,,stocks,mcap,
2026-03-27,asset,QQQ,QQQ,-0.24069064049976766,,-1.671484124755716,,stocks,mcap,
2026-03-28,asset,QQQ,QQQ,-0.014321885032724179,,-1.3371872998045728,,stocks,mcap,
2026-03-29,asset,QQQ,QQQ,0.039251294470739585,,-1.0697498398436582,,stocks,mcap,
2026-03-30,asset,QQQ,QQQ,0.08772633290518318,,-2.7243054066063386,,stocks,mcap,
2026-03-31,asset,QQQ,QQQ,-0.013438205662730808,,-1.8015651187919994,,stocks,mcap,
2026-04-01,asset,QQQ,QQQ,0.08326877147573293,,-0.6535333989856218,,stocks,mcap,
2026-04-02,asset,QQQ,QQQ,0.02917503555888588,,0.16475233253874588,,stocks,mcap,
2026-04-03,asset,QQQ,QQQ,0.19069693942868315,,0.13180186603099653,,stocks,mcap,
2026-04-04,asset,QQQ,QQQ,-0.08899178054858,,0.10544149282479731,,stocks,mcap,
2026-04-05,asset,QQQ,QQQ,0.2040247240032469,,0.08435319425983767,,stocks,mcap,
2026-04-06,asset,QQQ,QQQ,0.09611618723478679,,1.3691987592002002,,stocks,mcap,
2026-04-07,asset,QQQ,QQQ,0.04218028962948897,,1.6368107392671603,,stocks,mcap,
2026-04-08,asset,QQQ,QQQ,0.07043596473934655,,2.849294301008557,,stocks,mcap,
2026-04-09,asset,QQQ,QQQ,0.09400056689118749,,3.72879385987675,,stocks,mcap,
2026-04-10,asset,QQQ,QQQ,0.13034005215503974,,4.139489123579271,,stocks,mcap,
2026-04-11,asset,QQQ,QQQ,-0.14678034793850783,,3.311591298863416,,stocks,mcap,
2026-04-12,asset,QQQ,QQQ,-0.30752859140706024,,2.649273039090733,,stocks,mcap,
2026-04-13,asset,QQQ,QQQ,0.06018607356809158,,4.071148579800572,,stocks,mcap,
2026-04-14,asset,QQQ,QQQ,0.051559295216114784,,4.769596591779448,,stocks,mcap,
2026-04-15,asset,QQQ,QQQ,0.06808151100376242,,5.474516956652429,,stocks,mcap,
2026-04-16,asset,QQQ,QQQ,-0.06063849237249372,,5.768388231376484,,stocks,mcap,
2026-04-17,asset,QQQ,QQQ,-0.014201909965361737,88.54783198812865,6.114941153186503,,stocks,mcap,
2026-04-18,asset,QQQ,QQQ,-0.011043966280249878,88.54783198812865,4.891952922549201,,stocks,mcap,
2026-04-19,asset,QQQ,QQQ,0.14826771553952217,88.54783198812865,3.9135623380393607,,stocks,mcap,
2026-04-20,asset,QQQ,QQQ,-0.05549550101701915,88.54783198812865,4.746473207198964,,stocks,mcap,
2026-04-21,asset,QQQ,QQQ,-0.039909797073979805,85.34764269602265,4.057662508309479,,stocks,mcap,
2026-04-22,asset,QQQ,QQQ,-0.061759085177504974,87.13560010677233,3.977057724723636,,stocks,mcap,
2026-04-23,asset,QQQ,QQQ,0.06292065083193671,83.38475925860875,3.3493839474198452,,stocks,mcap,
2026-04-24,asset,QQQ,QQQ,0.1493684575381013,85.63359383740584,3.4347429670577334,,stocks,mcap,
2026-04-25,asset,QQQ,QQQ,0.13303755757603594,85.63359383740584,2.7477943736461867,,stocks,mcap,
2026-04-26,asset,QQQ,QQQ,-0.017822385558911732,85.63359383740584,2.1982354989169473,,stocks,mcap,
2026-04-27,asset,QQQ,QQQ,0.1589446383202066,85.63359383740584,2.766497780781563,,stocks,mcap,
2026-04-28,asset,QQQ,QQQ,0.03691123080540792,78.018973444805,1.821525824892852,,stocks,mcap,
2026-04-29,asset,QQQ,QQQ,-0.04331614341104314,79.00492886036523,1.2199217476919948,,stocks,mcap,
2026-04-30,asset,QQQ,QQQ,-0.05614728397172767,80.45406612773586,0.9994986133220074,,stocks,mcap,
2026-05-01,asset,QQQ,QQQ,0.2048947627738693,81.85526672017292,1.0425854339506486,,stocks,mcap,
2026-05-02,asset,QQQ,QQQ,0.25167378846363475,81.85526672017292,0.8340683471605175,,stocks,mcap,
2026-05-03,asset,QQQ,QQQ,0.19424645068727434,81.85526672017292,0.6672546777284154,,stocks,mcap,
2026-05-04,asset,QQQ,QQQ,,81.85526672017292,0.8047190234430275,,stocks,mcap,
2026-05-05,asset,QQQ,QQQ,-0.0006042891215061602,83.96148333575961,0.8720703456136327,,stocks,mcap,
2026-05-06,asset,QQQ,QQQ,0.3000059049092078,86.23574492534408,1.5871756913204607,0.9512222750190283,stocks,mcap,
2026-05-07,asset,QQQ,QQQ,0.03407446892881691,85.47068941720508,1.7105494309416862,0.037395216711328616,stocks,mcap,
2026-05-08,asset,QQQ,QQQ,0.12546521526679003,87.76493357214939,2.5452295247147987,0.6472343548673207,stocks,mcap,
2026-05-09,asset,QQQ,QQQ,0.15587632039703606,87.76493357214939,2.0361836197718404,0.6569789231827782,stocks,mcap,
2026-05-10,asset,QQQ,QQQ,0.04512051535788962,87.76493357214939,1.6289468958174709,0.22466581684587905,stocks,mcap,
2026-05-11,asset,QQQ,QQQ,0.18904220996857682,87.76493357214939,2.9809761750710493,0.8713126246426656,stocks,mcap,
2026-05-12,asset,QQQ,QQQ,0.12615560095438771,81.34817821741997,2.2461397118556086,-0.042488340765645526,stocks,mcap,
2026-05-13,asset,QQQ,QQQ,0.2657178562294793,82.71734510393077,1.9258936331654155,0.48461834193268555,stocks,mcap,
2026-05-14,asset,QQQ,QQQ,0.04765089570507961,83.59906671561632,1.7253788864892243,-0.17072615369011315,stocks,mcap,
2026-05-15,asset,QQQ,QQQ,0.10798681730105035,74.81201510752332,0.5892346847495773,-0.8391719539423269,stocks,mcap,
2026-05-16,asset,QQQ,QQQ,0.026592548790561665,74.81201510752332,0.4713877477996604,-1.0259535165016733,stocks,mcap,
2026-05-17,asset,QQQ,QQQ,0.41246029023100056,74.81201510752332,0.3771101982397269,0.23138004036161186,stocks,mcap,
2026-05-18,asset,QQQ,QQQ,0.2505930146200697,74.81201510752332,-0.7568866001818684,-0.4009425837537323,stocks,mcap,
2026-05-19,asset,QQQ,QQQ,-0.00406613954072891,70.80252925563919,-1.9481433200532123,-1.5140197925671512,stocks,mcap,
2026-05-20,asset,QQQ,QQQ,0.33584295580911944,74.06139899174525,-2.075183782963741,-0.25030028064413523,stocks,mcap,
2026-05-21,asset,QQQ,QQQ,0.16146473923167318,74.4212465897019,-2.1785739094773433,-0.7318064353310564,stocks,mcap,
2026-05-22,asset,QQQ,QQQ,0.15775598247372918,75.2122901067085,-2.1581568808265814,-0.6624241463150382,stocks,mcap,
2026-05-23,asset,QQQ,QQQ,,75.2122901067085,-1.726525504661268,,stocks,mcap,
2026-03-24,asset,RIVN,RIVN,0.14278032492878356,,0.0,,stocks,mcap,
2026-03-25,asset,RIVN,RIVN,0.13765483000070233,,-0.030632478632477957,,stocks,mcap,
2026-03-26,asset,RIVN,RIVN,0.1404426202672608,,-0.07432194219202841,,stocks,mcap,
2026-03-27,asset,RIVN,RIVN,0.15160591703169268,,-0.12565013224931482,,stocks,mcap,
2026-03-28,asset,RIVN,RIVN,0.1552866683538547,,-0.10052010579945185,,stocks,mcap,
2026-03-29,asset,RIVN,RIVN,0.19199494008361906,,-0.08041608463956149,,stocks,mcap,
2026-03-30,asset,RIVN,RIVN,0.1695783715050109,,-0.16773488464349584,,stocks,mcap,
2026-03-31,asset,RIVN,RIVN,0.11224085468375661,,-0.1428660308168263,,stocks,mcap,
2026-04-01,asset,RIVN,RIVN,0.15134419921823014,,-0.12516347772259462,,stocks,mcap,
2026-04-02,asset,RIVN,RIVN,0.14876586349341744,,-0.0762192789186529,,stocks,mcap,
2026-04-03,asset,RIVN,RIVN,0.3095637451865739,,-0.060975423134922324,,stocks,mcap,
2026-04-04,asset,RIVN,RIVN,0.13879112315693948,,-0.04878033850793784,,stocks,mcap,
2026-04-05,asset,RIVN,RIVN,0.2651719529885251,,-0.03902427080635029,,stocks,mcap,
2026-04-06,asset,RIVN,RIVN,0.23964047391862425,,-0.01516079133902587,,stocks,mcap,
2026-04-07,asset,RIVN,RIVN,0.15431746712847286,,-0.036244291675904816,,stocks,mcap,
2026-04-08,asset,RIVN,RIVN,0.27526124982776656,,-0.01627992552893437,,stocks,mcap,
2026-04-09,asset,RIVN,RIVN,0.17867996475468137,,0.006066805945000864,,stocks,mcap,
2026-04-10,asset,RIVN,RIVN,0.23140324430988948,,0.034465067527360393,,stocks,mcap,
2026-04-11,asset,RIVN,RIVN,0.06428234995339334,,0.027572054021888337,,stocks,mcap,
2026-04-12,asset,RIVN,RIVN,0.19974107404902064,,0.022057643217510692,,stocks,mcap,
2026-04-13,asset,RIVN,RIVN,0.04845096851868158,,0.0944863546275479,,stocks,mcap,
2026-04-14,asset,RIVN,RIVN,0.3890264080618599,,0.12269522587954876,,stocks,mcap,
2026-04-15,asset,RIVN,RIVN,0.3005059677218194,,0.16264530155922804,,stocks,mcap,
2026-04-16,asset,RIVN,RIVN,0.29502176692751714,,0.21131864601479247,,stocks,mcap,
2026-04-17,asset,RIVN,RIVN,0.21981391795959948,41.104194118857976,0.25349191832192464,,stocks,mcap,
2026-04-18,asset,RIVN,RIVN,0.3722914464845548,41.104194118857976,0.20279353465753974,,stocks,mcap,
2026-04-19,asset,RIVN,RIVN,0.45720150638428736,41.104194118857976,0.16223482772603176,,stocks,mcap,
2026-04-20,asset,RIVN,RIVN,0.029388430540585275,41.104194118857976,0.198982807723691,,stocks,mcap,
2026-04-21,asset,RIVN,RIVN,0.1968135083923276,44.209998739312546,0.20182217834602587,,stocks,mcap,
2026-04-22,asset,RIVN,RIVN,0.1240092860977013,50.13021636323923,0.2293965918166165,,stocks,mcap,
2026-04-23,asset,RIVN,RIVN,0.25495729059555755,43.477412059947916,0.1824377373251138,,stocks,mcap,
2026-04-24,asset,RIVN,RIVN,0.272855503294471,40.339359486098125,0.11378308164023049,,stocks,mcap,
2026-04-25,asset,RIVN,RIVN,0.014872201560119156,40.339359486098125,0.09102646531218439,,stocks,mcap,
2026-04-26,asset,RIVN,RIVN,0.32070838819460223,40.339359486098125,0.07282117224974749,,stocks,mcap,
2026-04-27,asset,RIVN,RIVN,0.20825804517407068,40.339359486098125,0.04205666837440092,,stocks,mcap,
2026-04-28,asset,RIVN,RIVN,0.15919939276649664,35.66866313847534,-0.0195147128572436,,stocks,mcap,
2026-04-29,asset,RIVN,RIVN,0.18794901097571381,35.17566733414067,-0.06508950797019619,,stocks,mcap,
2026-04-30,asset,RIVN,RIVN,0.15993722090236878,39.03247990851067,-0.07129707578238831,,stocks,mcap,
2026-05-01,asset,RIVN,RIVN,0.10708151470644467,30.97665745803907,-0.16210849853891496,,stocks,mcap,
2026-05-02,asset,RIVN,RIVN,0.2854954001163556,30.97665745803907,-0.12968679883113196,,stocks,mcap,
2026-05-03,asset,RIVN,RIVN,0.25889028450119383,30.97665745803907,-0.10374943906490558,,stocks,mcap,
2026-05-04,asset,RIVN,RIVN,0.4650054772183007,30.97665745803907,-0.2512784809674384,,stocks,mcap,
2026-05-05,asset,RIVN,RIVN,0.1728228696060902,32.20406712258979,-0.27598828104432654,,stocks,mcap,
2026-05-06,asset,RIVN,RIVN,0.10363087936460842,31.54764163406854,-0.2851527628397613,-1.365089944312504,stocks,mcap,
2026-05-07,asset,RIVN,RIVN,0.2958560825313769,29.906432180214495,-0.2949305816801343,-0.6597653601789085,stocks,mcap,
2026-05-08,asset,RIVN,RIVN,0.17750919033664792,30.426148764368023,-0.28221004672528954,-1.0192123634434482,stocks,mcap,
2026-05-09,asset,RIVN,RIVN,0.17150526327164808,30.426148764368023,-0.22576803738023163,-0.8941676573729499,stocks,mcap,
2026-05-10,asset,RIVN,RIVN,0.36109070628943846,30.426148764368023,-0.1806144299041853,-0.04103470227275108,stocks,mcap,
2026-05-11,asset,RIVN,RIVN,0.12393932387963245,30.426148764368023,-0.21324176651320947,-1.0142699089089307,stocks,mcap,
2026-05-12,asset,RIVN,RIVN,0.2856067523157003,29.470926806346185,-0.20126470810160207,-0.3783834508673774,stocks,mcap,
2026-05-13,asset,RIVN,RIVN,0.23646512775685155,33.95033661101171,-0.1594356258177254,-0.2550942183029355,stocks,mcap,
2026-05-14,asset,RIVN,RIVN,0.3145029936072156,37.30068616657559,-0.10519247333860626,0.3338407279005347,stocks,mcap,
2026-05-15,asset,RIVN,RIVN,0.3268342966060532,32.16936155736633,-0.10831349346345148,0.10068247064153388,stocks,mcap,
2026-05-16,asset,RIVN,RIVN,0.14445188772027934,32.16936155736633,-0.08665079477076115,-0.575857259293497,stocks,mcap,
2026-05-17,asset,RIVN,RIVN,0.40383777128844517,32.16936155736633,-0.06932063581660891,0.47621536647971385,stocks,mcap,
2026-05-18,asset,RIVN,RIVN,0.16908421721342412,32.16936155736633,-0.12755728422860202,-0.556835076910878,stocks,mcap,
2026-05-19,asset,RIVN,RIVN,0.17963023775489692,28.87573672227917,-0.15194609966749595,-0.7285484859756438,stocks,mcap,
2026-05-20,asset,RIVN,RIVN,0.2952017345751392,38.98700949182282,-0.1011062524736912,0.38482317772255303,stocks,mcap,
2026-05-21,asset,RIVN,RIVN,0.36064790471456726,43.373935469414526,-0.031714446326020385,1.0005762518158139,stocks,mcap,
2026-05-22,asset,RIVN,RIVN,0.1362601345751135,44.146237338514254,0.02372292476123361,0.2530963804344641,stocks,mcap,
2026-05-23,asset,RIVN,RIVN,,44.146237338514254,0.018978339808986888,,stocks,mcap,
2026-03-24,asset,SCHW,SCHW,0.1437178368808718,,0.0,,stocks,mcap,
2026-03-25,asset,SCHW,SCHW,0.068726452476208,,-0.04403418803418617,,stocks,mcap,
2026-03-26,asset,SCHW,SCHW,0.23591678183905726,,-0.10241044147370303,,stocks,mcap,
2026-03-27,asset,SCHW,SCHW,0.34943293130633735,,-0.26795251534825454,,stocks,mcap,
2026-03-28,asset,SCHW,SCHW,0.44228423538901684,,-0.21436201227860363,,stocks,mcap,
2026-03-29,asset,SCHW,SCHW,0.47285890937683894,,-0.1714896098228829,,stocks,mcap,
2026-03-30,asset,SCHW,SCHW,0.3918609206880184,,-0.2876421990869614,,stocks,mcap,
2026-03-31,asset,SCHW,SCHW,0.10681981310413058,,-0.2337007737823124,,stocks,mcap,
2026-04-01,asset,SCHW,SCHW,0.22538676758800646,,-0.2880127931655541,,stocks,mcap,
2026-04-02,asset,SCHW,SCHW,0.304081491470875,,-0.21330488787687418,,stocks,mcap,
2026-04-03,asset,SCHW,SCHW,0.11449334310189947,,-0.17064391030149934,,stocks,mcap,
2026-04-04,asset,SCHW,SCHW,0.48815181980468303,,-0.13651512824119938,,stocks,mcap,
2026-04-05,asset,SCHW,SCHW,0.07651715575524165,,-0.10921210259295955,,stocks,mcap,
2026-04-06,asset,SCHW,SCHW,0.15815114320488513,,-0.16045952812640696,,stocks,mcap,
2026-04-07,asset,SCHW,SCHW,0.0586102295902295,,-0.11475319467670952,,stocks,mcap,
2026-04-08,asset,SCHW,SCHW,0.09637659714577486,,0.14006859098948277,,stocks,mcap,
2026-04-09,asset,SCHW,SCHW,0.22288496616555883,,0.3342311850846701,,stocks,mcap,
2026-04-10,asset,SCHW,SCHW,0.22353372745719724,,0.2854279705615183,,stocks,mcap,
2026-04-11,asset,SCHW,SCHW,0.23906042939973107,,0.22834237644921468,,stocks,mcap,
2026-04-12,asset,SCHW,SCHW,0.2792739563486733,,0.18267390115937177,,stocks,mcap,
2026-04-13,asset,SCHW,SCHW,0.20673291227074245,,0.3526114679694355,,stocks,mcap,
2026-04-14,asset,SCHW,SCHW,0.2479895932793609,,0.48377020370241747,,stocks,mcap,
2026-04-15,asset,SCHW,SCHW,0.10953023292370966,,0.6623897028028388,,stocks,mcap,
2026-04-16,asset,SCHW,SCHW,0.27647310442984147,,0.2510629266757275,,stocks,mcap,
2026-04-17,asset,SCHW,SCHW,0.33888024897031865,33.11100026417161,-0.04253341700309783,,stocks,mcap,
2026-04-18,asset,SCHW,SCHW,0.21819690405651668,33.11100026417161,-0.03402673360247828,,stocks,mcap,
2026-04-19,asset,SCHW,SCHW,0.1892466929771636,33.11100026417161,-0.027221386881982626,,stocks,mcap,
2026-04-20,asset,SCHW,SCHW,0.2383445535589388,33.11100026417161,-0.22004489607685918,,stocks,mcap,
2026-04-21,asset,SCHW,SCHW,0.33720760310319814,30.86642166238606,-0.34537711380982233,,stocks,mcap,
2026-04-22,asset,SCHW,SCHW,0.30574755053579183,30.467056112053854,-0.4218205730739707,,stocks,mcap,
2026-04-23,asset,SCHW,SCHW,0.02960366623906625,26.50415038976459,-0.6241114882581867,,stocks,mcap,
2026-04-24,asset,SCHW,SCHW,0.3254160705317619,25.95680155791544,-0.7420063871245304,,stocks,mcap,
2026-04-25,asset,SCHW,SCHW,0.45037359793889714,25.95680155791544,-0.5936051096996242,,stocks,mcap,
2026-04-26,asset,SCHW,SCHW,0.15632603063150774,25.95680155791544,-0.47488408775969937,,stocks,mcap,
2026-04-27,asset,SCHW,SCHW,0.09669661968662403,25.95680155791544,-0.45411489846990905,,stocks,mcap,
2026-04-28,asset,SCHW,SCHW,0.31381113944008526,26.298007839946024,-0.36577903779412835,,stocks,mcap,
2026-04-29,asset,SCHW,SCHW,0.17143563453124236,27.676839954643086,-0.26119848020080205,,stocks,mcap,
2026-04-30,asset,SCHW,SCHW,0.5462839085304098,29.73593970720941,-0.14175037318781136,,stocks,mcap,
2026-05-01,asset,SCHW,SCHW,0.24600782399562685,29.54720151417797,-0.05593640861971494,,stocks,mcap,
2026-05-02,asset,SCHW,SCHW,-0.04253312453258411,29.54720151417797,-0.04474912689577204,,stocks,mcap,
2026-05-03,asset,SCHW,SCHW,0.473194776310244,29.54720151417797,-0.03579930151661759,,stocks,mcap,
2026-05-04,asset,SCHW,SCHW,0.530289308336387,29.54720151417797,0.02565818782485496,,stocks,mcap,
2026-05-05,asset,SCHW,SCHW,0.1971677075135211,34.677772184111234,0.13033563830019457,,stocks,mcap,
2026-05-06,asset,SCHW,SCHW,0.3073752305682221,34.0858294123002,0.18301132867757053,0.8809600498465135,stocks,mcap,
2026-05-07,asset,SCHW,SCHW,0.5654122547209138,28.52708744778232,0.04675246353520324,0.8681089737992547,stocks,mcap,
2026-05-08,asset,SCHW,SCHW,0.29758407158425493,26.93817615009418,-0.08857147587087555,-0.15243378786880116,stocks,mcap,
2026-05-09,asset,SCHW,SCHW,0.403556791932013,26.93817615009418,-0.07085718069670044,0.1591109968207109,stocks,mcap,
2026-05-10,asset,SCHW,SCHW,0.2970204486633044,26.93817615009418,-0.05668574455736031,-0.11140955024826099,stocks,mcap,
2026-05-11,asset,SCHW,SCHW,0.4070118475267985,26.93817615009418,-0.2695170845243331,-0.0317097551865092,stocks,mcap,
2026-05-12,asset,SCHW,SCHW,0.47678148409005566,39.00407384545074,-0.14558965628009024,1.3398108272946987,stocks,mcap,
2026-05-13,asset,SCHW,SCHW,0.3083234771130177,42.51389962331751,0.013664912756011116,1.1181304637864675,stocks,mcap,
2026-05-14,asset,SCHW,SCHW,0.4266888921440312,38.35997478333457,0.013098270891087616,1.0881837767941793,stocks,mcap,
2026-05-15,asset,SCHW,SCHW,0.07414125138902435,43.32393669479879,0.11466063528078729,0.4507839545069269,stocks,mcap,
2026-05-16,asset,SCHW,SCHW,0.3558825743403295,43.32393669479879,0.09172850822462975,1.1098336924124148,stocks,mcap,
2026-05-17,asset,SCHW,SCHW,0.3702923673719949,43.32393669479879,0.07338280657970397,1.062451187476672,stocks,mcap,
2026-05-18,asset,SCHW,SCHW,0.2138473747533008,43.32393669479879,0.31459724851955784,0.8423967014814953,stocks,mcap,
2026-05-19,asset,SCHW,SCHW,0.556320282591572,41.512797342241896,0.35752197160682897,1.6844862139942363,stocks,mcap,
2026-05-20,asset,SCHW,SCHW,0.5099216933524858,37.482310689631866,0.26573160454395295,1.2254683601605163,stocks,mcap,
2026-05-21,asset,SCHW,SCHW,0.209740603541136,38.6149589320234,0.22134590311439528,0.4122780230300619,stocks,mcap,
2026-05-22,asset,SCHW,SCHW,0.11861089407523266,37.92435069890096,0.17148056243450904,0.07444507425850119,stocks,mcap,
2026-05-23,asset,SCHW,SCHW,,37.92435069890096,0.13718444994760737,,stocks,mcap,
2026-03-24,asset,SHOP,SHOP,0.20163648555625382,,0.0,,stocks,mcap,
2026-03-25,asset,SHOP,SHOP,0.30470102455851994,,0.1448660968660988,,stocks,mcap,
2026-03-26,asset,SHOP,SHOP,0.1618757793848522,,0.03692624572852536,,stocks,mcap,
2026-03-27,asset,SHOP,SHOP,0.20128202897397815,,-0.2615456746297223,,stocks,mcap,
2026-03-28,asset,SHOP,SHOP,0.26498979645392584,,-0.2092365397037778,,stocks,mcap,
2026-03-29,asset,SHOP,SHOP,0.08738544036025767,,-0.16738923176302223,,stocks,mcap,
2026-03-30,asset,SHOP,SHOP,0.1717420014976659,,-0.47789324453069437,,stocks,mcap,
2026-03-31,asset,SHOP,SHOP,0.26864031596024746,,-0.10020390987224637,,stocks,mcap,
2026-04-01,asset,SHOP,SHOP,0.2311625773441328,,0.1377533168309719,,stocks,mcap,
2026-04-02,asset,SHOP,SHOP,0.10202404492686079,,0.2644920837765012,,stocks,mcap,
2026-04-03,asset,SHOP,SHOP,0.1858808001675628,,0.21159366702120094,,stocks,mcap,
2026-04-04,asset,SHOP,SHOP,0.08178248130029564,,0.16927493361696078,,stocks,mcap,
2026-04-05,asset,SHOP,SHOP,0.09422304480813691,,0.13541994689356862,,stocks,mcap,
2026-04-06,asset,SHOP,SHOP,0.22245925242237963,,0.3822133286197797,,stocks,mcap,
2026-04-07,asset,SHOP,SHOP,0.20586411374574068,,0.292213662690275,,stocks,mcap,
2026-04-08,asset,SHOP,SHOP,0.2985479063527356,,0.413218091057151,,stocks,mcap,
2026-04-09,asset,SHOP,SHOP,0.337838961996983,,-0.027487324477939112,,stocks,mcap,
2026-04-10,asset,SHOP,SHOP,0.24575780887865786,,-0.40589415355437425,,stocks,mcap,
2026-04-11,asset,SHOP,SHOP,0.043492577729665374,,-0.3247153228434994,,stocks,mcap,
2026-04-12,asset,SHOP,SHOP,0.03579576484813638,,-0.25977225827479955,,stocks,mcap,
2026-04-13,asset,SHOP,SHOP,0.17715445310780262,,-0.25924587306631597,,stocks,mcap,
2026-04-14,asset,SHOP,SHOP,0.15084090042000906,,-0.05509732112244298,,stocks,mcap,
2026-04-15,asset,SHOP,SHOP,0.007842981505156192,,0.7000675783672956,,stocks,mcap,
2026-04-16,asset,SHOP,SHOP,0.2418430889797252,,1.1059233845430294,,stocks,mcap,
2026-04-17,asset,SHOP,SHOP,0.22470724103927583,74.6551148018624,1.5677094298345624,,stocks,mcap,
2026-04-18,asset,SHOP,SHOP,-0.08234495895103268,74.6551148018624,1.2541675438676498,,stocks,mcap,
2026-04-19,asset,SHOP,SHOP,0.3100324581222061,74.6551148018624,1.0033340350941198,,stocks,mcap,
2026-04-20,asset,SHOP,SHOP,0.2187053911217954,74.6551148018624,1.9750701896530412,,stocks,mcap,
2026-04-21,asset,SHOP,SHOP,0.23613986324191355,66.41151455568922,1.8223648888400268,,stocks,mcap,
2026-04-22,asset,SHOP,SHOP,0.25090898042888565,67.07196932711058,1.663421349839779,,stocks,mcap,
2026-04-23,asset,SHOP,SHOP,0.4414533719441109,56.02335404294241,0.9588294109436326,,stocks,mcap,
2026-04-24,asset,SHOP,SHOP,0.09760217073014663,57.58094340083265,0.5424049369188051,,stocks,mcap,
2026-04-25,asset,SHOP,SHOP,0.4652639620432453,57.58094340083265,0.433923949535044,,stocks,mcap,
2026-04-26,asset,SHOP,SHOP,-0.12461586615614763,57.58094340083265,0.3471391596280351,,stocks,mcap,
2026-04-27,asset,SHOP,SHOP,0.15910308449484126,57.58094340083265,-0.11145635441404877,,stocks,mcap,
2026-04-28,asset,SHOP,SHOP,0.3430157447485804,54.071224631139145,-0.4906476386346559,,stocks,mcap,
2026-04-29,asset,SHOP,SHOP,0.3040625572897468,53.04302214675088,-0.7813016553989778,,stocks,mcap,
2026-04-30,asset,SHOP,SHOP,0.015003515981924731,53.04302214675088,-0.6250413243191826,,stocks,mcap,
2026-05-01,asset,SHOP,SHOP,0.4863949380372423,53.04302214675088,-0.5000330594553462,,stocks,mcap,
2026-05-02,asset,SHOP,SHOP,0.06418861064071851,53.04302214675088,-0.4000264475642772,,stocks,mcap,
2026-05-03,asset,SHOP,SHOP,0.2743009526141204,53.04302214675088,-0.32002115805142184,,stocks,mcap,
2026-05-04,asset,SHOP,SHOP,0.09187855648083673,53.04302214675088,-0.2560169264411378,,stocks,mcap,
2026-05-05,asset,SHOP,SHOP,0.10597447051615762,53.04302214675088,-0.20481354115291062,,stocks,mcap,
2026-05-06,asset,SHOP,SHOP,0.22297332868845157,53.04302214675088,-0.1638508329223285,-0.30528604343525423,stocks,mcap,
2026-05-07,asset,SHOP,SHOP,0.11042965889810703,53.04302214675088,-0.13108066633786297,-0.6220196151239219,stocks,mcap,
2026-05-08,asset,SHOP,SHOP,0.15084918920383392,53.04302214675088,-0.10486453307029064,-0.47393190172824196,stocks,mcap,
2026-05-09,asset,SHOP,SHOP,0.25902174868500677,53.04302214675088,-0.0838916264562326,-0.12025273831849932,stocks,mcap,
2026-05-10,asset,SHOP,SHOP,0.4952107291382577,53.04302214675088,-0.06711330116498626,0.5766451924790205,stocks,mcap,
2026-05-11,asset,SHOP,SHOP,0.2096172783567487,53.04302214675088,-0.053690640931989275,-0.26941086457591973,stocks,mcap,
2026-05-12,asset,SHOP,SHOP,0.38437401059831755,53.04302214675088,-0.04295251274559142,0.2563987725126978,stocks,mcap,
2026-05-13,asset,SHOP,SHOP,0.0054572071855905,53.04302214675088,-0.034362010196473225,-0.8559168515540123,stocks,mcap,
2026-05-14,asset,SHOP,SHOP,-0.010365277491032956,53.04302214675088,-0.027489608157178935,-0.8745091164514003,stocks,mcap,
2026-05-15,asset,SHOP,SHOP,0.19207466846204388,53.04302214675088,-0.021991686525743237,-0.2718500613134384,stocks,mcap,
2026-05-16,asset,SHOP,SHOP,0.39788100579765096,53.04302214675088,-0.017593349220594856,0.3274561917686587,stocks,mcap,
2026-05-17,asset,SHOP,SHOP,0.2101185078077448,53.04302214675088,-0.014074679376475885,-0.21710035150318413,stocks,mcap,
2026-05-18,asset,SHOP,SHOP,0.16932177929921097,53.04302214675088,-0.011259743501180974,-0.3313802399878485,stocks,mcap,
2026-05-19,asset,SHOP,SHOP,0.23071592893285545,53.04302214675088,-0.009007794800945046,-0.14386375082054878,stocks,mcap,
2026-05-20,asset,SHOP,SHOP,0.3283830175693116,53.04302214675088,-0.007206235840756303,0.14823595580457963,stocks,mcap,
2026-05-21,asset,SHOP,SHOP,0.4153996803680807,53.04302214675088,-0.00576498867260522,0.39499289052307845,stocks,mcap,
2026-05-22,asset,SHOP,SHOP,-0.2963517566193826,53.04302214675088,-0.004611990938084176,-1.5568634244886235,stocks,mcap,
2026-05-23,asset,SHOP,SHOP,,53.04302214675088,-0.0036895927504674297,,stocks,mcap,
2026-03-24,asset,SLV,SLV,0.1115362182026729,,0.0,,stocks,mcap,
2026-03-25,asset,SLV,SLV,0.11247450704663993,,0.14422792022792236,,stocks,mcap,
2026-03-26,asset,SLV,SLV,0.7206369239252061,,-0.05661263139097401,,stocks,mcap,
2026-03-27,asset,SLV,SLV,0.31746943437436237,,-0.009334401105028752,,stocks,mcap,
2026-03-28,asset,SLV,SLV,0.704552799953201,,-0.007467520884023002,,stocks,mcap,
2026-03-29,asset,SLV,SLV,0.21945778114061804,,-0.005974016707218404,,stocks,mcap,
2026-03-30,asset,SLV,SLV,-0.1845125488471985,,0.04415098787290682,,stocks,mcap,
2026-03-31,asset,SLV,SLV,0.18648803982359047,,0.35287360965732234,,stocks,mcap,
2026-04-01,asset,SLV,SLV,0.11980819372187057,,0.5268240689642707,,stocks,mcap,
2026-04-02,asset,SLV,SLV,0.07986728101596237,,0.456010928694403,,stocks,mcap,
2026-04-03,asset,SLV,SLV,0.48865512717245146,,0.3648087429555224,,stocks,mcap,
2026-04-04,asset,SLV,SLV,-0.1328960582613945,,0.29184699436441797,,stocks,mcap,
2026-04-05,asset,SLV,SLV,,,0.23347759549153435,,stocks,mcap,
2026-04-06,asset,SLV,SLV,0.43781650015888735,,0.27917267502510756,,stocks,mcap,
2026-04-07,asset,SLV,SLV,0.07559539836198093,,0.22556023529416414,,stocks,mcap,
2026-04-08,asset,SLV,SLV,0.08726387682645581,,0.2713018386531727,,stocks,mcap,
2026-04-09,asset,SLV,SLV,0.6458627253680179,,0.33737165428301497,,stocks,mcap,
2026-04-10,asset,SLV,SLV,0.12565870834887027,,0.3972723097093396,,stocks,mcap,
2026-04-11,asset,SLV,SLV,0.20365088790903485,,0.3178178477674716,,stocks,mcap,
2026-04-12,asset,SLV,SLV,0.5305330963420868,,0.25425427821397717,,stocks,mcap,
2026-04-13,asset,SLV,SLV,,,0.28229028768682785,,stocks,mcap,
2026-04-14,asset,SLV,SLV,-0.006794093280037235,,0.47263018829077685,,stocks,mcap,
2026-04-15,asset,SLV,SLV,0.233046094295041,,0.5426027802960998,,stocks,mcap,
2026-04-16,asset,SLV,SLV,0.40214008877389135,,0.5066996292563144,,stocks,mcap,
2026-04-17,asset,SLV,SLV,0.32371326741899054,85.92504678972709,0.5959776599994344,,stocks,mcap,
2026-04-18,asset,SLV,SLV,-0.06501069750785828,85.92504678972709,0.47678212799954744,,stocks,mcap,
2026-04-19,asset,SLV,SLV,0.3281373519225419,85.92504678972709,0.3814257023996377,,stocks,mcap,
2026-04-20,asset,SLV,SLV,0.29212691492876036,85.92504678972709,0.3981230219247882,,stocks,mcap,
2026-04-21,asset,SLV,SLV,0.09634432390332223,72.70113294748825,0.07748299587085405,,stocks,mcap,
2026-04-22,asset,SLV,SLV,-0.2147914287224412,74.47212995244863,-0.026151678956897406,,stocks,mcap,
2026-04-23,asset,SLV,SLV,0.10363561734528592,69.34396722145718,-0.2352536568337693,,stocks,mcap,
2026-04-24,asset,SLV,SLV,,69.80529988758798,-0.3458004419824474,,stocks,mcap,
2026-04-25,asset,SLV,SLV,0.4032863697502529,69.80529988758798,-0.27664035358595807,,stocks,mcap,
2026-04-26,asset,SLV,SLV,0.312147054991778,69.80529988758798,-0.22131228286876659,,stocks,mcap,
2026-04-27,asset,SLV,SLV,-0.5059802586704493,69.80529988758798,-0.39325308647188484,,stocks,mcap,
2026-04-28,asset,SLV,SLV,0.3087033567726612,63.16331821557894,-0.5860822287414162,,stocks,mcap,
2026-04-29,asset,SLV,SLV,0.2511702309191227,59.966181385536764,-0.7768405800677771,,stocks,mcap,
2026-04-30,asset,SLV,SLV,0.11276226351746757,62.68801634464234,-0.7515903839982514,,stocks,mcap,
2026-05-01,asset,SLV,SLV,0.3809873183920195,64.98416577532754,-0.6026862018130055,,stocks,mcap,
2026-05-02,asset,SLV,SLV,0.0015356259730954964,64.98416577532754,-0.4821489614504044,,stocks,mcap,
2026-05-03,asset,SLV,SLV,0.2361120431587845,64.98416577532754,-0.38571916916032367,,stocks,mcap,
2026-05-04,asset,SLV,SLV,-0.2327681981444359,64.98416577532754,-0.5284313455210955,,stocks,mcap,
2026-05-05,asset,SLV,SLV,0.435322555388324,64.88531715203702,-0.5362056155074555,,stocks,mcap,
2026-05-06,asset,SLV,SLV,-0.0937943933531642,70.4366166322168,-0.24822539126455467,-0.68690010017788,stocks,mcap,
2026-05-07,asset,SLV,SLV,0.3798780616891881,72.09173231568433,0.03509880140392163,0.3156637816078654,stocks,mcap,
2026-05-08,asset,SLV,SLV,-0.11681307594316699,73.61746085929326,0.2967433042359424,-0.189089268363147,stocks,mcap,
2026-05-09,asset,SLV,SLV,0.5246183197340928,73.61746085929326,0.23739464338875393,0.7370591680436784,stocks,mcap,
2026-05-10,asset,SLV,SLV,,73.61746085929326,0.1899157147110031,,stocks,mcap,
2026-05-11,asset,SLV,SLV,0.1354509856208627,73.61746085929326,0.933233390071914,0.6460676850262776,stocks,mcap,
2026-05-12,asset,SLV,SLV,0.32558759634373713,74.3530946510972,1.129860839256112,1.053866268170986,stocks,mcap,
2026-05-13,asset,SLV,SLV,0.0380168117993112,75.23455888211929,1.2344950190785777,0.65217766368739,stocks,mcap,
2026-05-14,asset,SLV,SLV,0.3233951351522572,63.884654654278414,0.977056879289715,0.4459998668760136,stocks,mcap,
2026-05-15,asset,SLV,SLV,-0.5103078429828087,50.155318209789556,0.33610679065239624,-1.6502661910565022,stocks,mcap,
2026-05-16,asset,SLV,SLV,0.6308046249666802,50.155318209789556,0.26888543252191677,0.05781646071829023,stocks,mcap,
2026-05-17,asset,SLV,SLV,0.00044903883367776546,50.155318209789556,0.21510834601753337,-0.8368062778141524,stocks,mcap,
2026-05-18,asset,SLV,SLV,-0.12023248587949206,50.155318209789556,-0.2448897800740244,-1.2654723521767344,stocks,mcap,
2026-05-19,asset,SLV,SLV,0.05717337592177407,44.15783786578116,-0.6324081856617618,-1.3569358507381586,stocks,mcap,
2026-05-20,asset,SLV,SLV,0.35064387623518706,47.47582600627886,-0.740702272485432,-0.845108257710007,stocks,mcap,
2026-05-21,asset,SLV,SLV,0.2782737959969789,48.76567744477383,-0.7374564073329308,-0.8705398938065053,stocks,mcap,
2026-05-22,asset,SLV,SLV,0.3359789621112699,46.89669747753963,-0.7779796856510324,-0.8132825534284254,stocks,mcap,
2026-05-23,asset,SLV,SLV,,46.89669747753963,-0.6223837485208259,,stocks,mcap,
2026-03-24,asset,SMCI,SMCI,0.17252510333685203,,0.0,,stocks,mcap,
2026-03-25,asset,SMCI,SMCI,0.17946204868208027,,0.11614814814814736,,stocks,mcap,
2026-03-26,asset,SMCI,SMCI,0.030062419970930312,,0.06516965284372588,,stocks,mcap,
2026-03-27,asset,SMCI,SMCI,0.024740882122094424,,0.014071519453151715,,stocks,mcap,
2026-03-28,asset,SMCI,SMCI,0.5752266172964126,,0.01125721556252137,,stocks,mcap,
2026-03-29,asset,SMCI,SMCI,0.6037384722948074,,0.009005772450017095,,stocks,mcap,
2026-03-30,asset,SMCI,SMCI,0.4097781317794663,,-0.1215589612784469,,stocks,mcap,
2026-03-31,asset,SMCI,SMCI,0.4282674772878488,,-0.049889435191026274,,stocks,mcap,
2026-04-01,asset,SMCI,SMCI,0.3265273049396209,,-0.019046420327327673,,stocks,mcap,
2026-04-02,asset,SMCI,SMCI,0.5134355067426959,,0.04653703098523203,,stocks,mcap,
2026-04-03,asset,SMCI,SMCI,0.41157206740668045,,0.03722962478818562,,stocks,mcap,
2026-04-04,asset,SMCI,SMCI,0.6605254580166191,,0.029783699830548495,,stocks,mcap,
2026-04-05,asset,SMCI,SMCI,0.6064951133223251,,0.023826959864438793,,stocks,mcap,
2026-04-06,asset,SMCI,SMCI,0.042814465846121336,,-0.02588170873064643,,stocks,mcap,
2026-04-07,asset,SMCI,SMCI,0.29078922934027035,,0.0006524945423573014,,stocks,mcap,
2026-04-08,asset,SMCI,SMCI,0.30451303487697146,,0.061608831710816075,,stocks,mcap,
2026-04-09,asset,SMCI,SMCI,0.46292170567554203,,0.0865594303827853,,stocks,mcap,
2026-04-10,asset,SMCI,SMCI,0.36714292380115227,,0.22719777541059655,,stocks,mcap,
2026-04-11,asset,SMCI,SMCI,0.29249311620040486,,0.18175822032847722,,stocks,mcap,
2026-04-12,asset,SMCI,SMCI,0.546539216272533,,0.14540657626278175,,stocks,mcap,
2026-04-13,asset,SMCI,SMCI,0.10378056104857475,,0.3665484751506901,,stocks,mcap,
2026-04-14,asset,SMCI,SMCI,0.3029195813612636,,0.48117417103569826,,stocks,mcap,
2026-04-15,asset,SMCI,SMCI,0.25727739826100565,,0.5296926926569778,,stocks,mcap,
2026-04-16,asset,SMCI,SMCI,0.2916670076608658,,0.5981198373837215,,stocks,mcap,
2026-04-17,asset,SMCI,SMCI,-0.1300874123759568,93.65376431936153,0.613448240658401,,stocks,mcap,
2026-04-18,asset,SMCI,SMCI,0.5463253426339012,93.65376431936153,0.4907585925267208,,stocks,mcap,
2026-04-19,asset,SMCI,SMCI,0.3092497722245753,93.65376431936153,0.3926068740213766,,stocks,mcap,
2026-04-20,asset,SMCI,SMCI,0.4549,93.65376431936153,0.5007151393163367,,stocks,mcap,
2026-04-21,asset,SMCI,SMCI,0.24599026589588915,90.82681995511162,0.4311981589465823,,stocks,mcap,
2026-04-22,asset,SMCI,SMCI,0.1502698595139431,91.2825876394771,0.40093302876723835,,stocks,mcap,
2026-04-23,asset,SMCI,SMCI,0.27327853751951314,77.79577520899198,0.1930027675741548,,stocks,mcap,
2026-04-24,asset,SMCI,SMCI,0.2647222618197401,80.73495253658969,0.18794767951175229,,stocks,mcap,
2026-04-25,asset,SMCI,SMCI,0.5749488615305396,80.73495253658969,0.1503581436094017,,stocks,mcap,
2026-04-26,asset,SMCI,SMCI,0.5090756245735287,80.73495253658969,0.12028651488752118,,stocks,mcap,
2026-04-27,asset,SMCI,SMCI,0.5889039768647868,80.73495253658969,0.028638024511468352,,stocks,mcap,
2026-04-28,asset,SMCI,SMCI,0.4543256148288277,77.19565485161716,-0.08466739364022913,,stocks,mcap,
2026-04-29,asset,SMCI,SMCI,0.14734653267835576,72.85143726943332,-0.22482064107486655,,stocks,mcap,
2026-04-30,asset,SMCI,SMCI,0.3256139848437829,72.85143726943332,-0.17985651285989346,,stocks,mcap,
2026-05-01,asset,SMCI,SMCI,0.6046452669201419,72.85143726943332,-0.1438852102879149,,stocks,mcap,
2026-05-02,asset,SMCI,SMCI,0.4713,72.85143726943332,-0.1151081682303321,,stocks,mcap,
2026-05-03,asset,SMCI,SMCI,0.760532405364948,72.85143726943332,-0.09208653458426586,,stocks,mcap,
2026-05-04,asset,SMCI,SMCI,0.38081264919668434,72.85143726943332,-0.0736692276674129,,stocks,mcap,
2026-05-05,asset,SMCI,SMCI,0.4359745565568662,72.85143726943332,-0.05893538213393046,,stocks,mcap,
2026-05-06,asset,SMCI,SMCI,0.4011610252137185,72.85143726943332,-0.047148305707144456,-0.4266911218873315,stocks,mcap,
2026-05-07,asset,SMCI,SMCI,0.5233706560185389,72.85143726943332,-0.03771864456571561,-0.1509883406482538,stocks,mcap,
2026-05-08,asset,SMCI,SMCI,0.16778689566954272,72.85143726943332,-0.030174915652572576,-0.8580376812717856,stocks,mcap,
2026-05-09,asset,SMCI,SMCI,0.4416769825411547,72.85143726943332,-0.02413993252205815,-0.2696957268122512,stocks,mcap,
2026-05-10,asset,SMCI,SMCI,0.644509398595135,72.85143726943332,-0.01931194601764674,0.15479869832167212,stocks,mcap,
2026-05-11,asset,SMCI,SMCI,0.4990979742594909,72.85143726943332,-0.015449556814117527,-0.1355917959051009,stocks,mcap,
2026-05-12,asset,SMCI,SMCI,0.43578054700519586,72.85143726943332,-0.012359645451294199,-0.25582162499508054,stocks,mcap,
2026-05-13,asset,SMCI,SMCI,-0.005216977726034068,72.85143726943332,-0.009887716361035581,-1.1356054625191563,stocks,mcap,
2026-05-14,asset,SMCI,SMCI,0.3978056903541643,72.85143726943332,-0.007910173088828687,-0.3003415574198828,stocks,mcap,
2026-05-15,asset,SMCI,SMCI,0.28936226738615894,72.85143726943332,-0.006328138471063172,-0.5134524996413091,stocks,mcap,
2026-05-16,asset,SMCI,SMCI,-0.05779711468815801,72.85143726943332,-0.005062510776850715,-1.1831023221423385,stocks,mcap,
2026-05-17,asset,SMCI,SMCI,0.374762004686892,72.85143726943332,-0.00405000862148075,-0.30441369700137255,stocks,mcap,
2026-05-18,asset,SMCI,SMCI,0.5206148380853981,72.85143726943332,-0.003240006897184733,-0.0057813776325585375,stocks,mcap,
2026-05-19,asset,SMCI,SMCI,0.57686,72.85143726943332,-0.002592005517747964,0.10691283764874973,stocks,mcap,
2026-05-20,asset,SMCI,SMCI,0.41991481219825466,72.85143726943332,-0.00207360441419846,-0.20763383352889953,stocks,mcap,
2026-05-21,asset,SMCI,SMCI,0.3278347392117339,72.85143726943332,-0.0016588835313589012,-0.39038652708773547,stocks,mcap,
2026-05-22,asset,SMCI,SMCI,0.16959507974928453,72.85143726943332,-0.0013271068250872986,-0.7059419025427471,stocks,mcap,
2026-05-23,asset,SMCI,SMCI,,72.85143726943332,-0.0010616854600700165,,stocks,mcap,
2026-03-24,asset,SMH,SMH,-0.29424944118494034,,0.0,,stocks,mcap,
2026-03-25,asset,SMH,SMH,-0.38105125139988116,,0.2827122507122567,,stocks,mcap,
2026-03-26,asset,SMH,SMH,-0.3971152930628905,,-0.7157589175412522,,stocks,mcap,
2026-03-27,asset,SMH,SMH,0.22624638103764969,,-1.7236314406168511,,stocks,mcap,
2026-03-28,asset,SMH,SMH,-0.381266831631063,,-1.378905152493481,,stocks,mcap,
2026-03-29,asset,SMH,SMH,0.32694271350672316,,-1.1031241219947847,,stocks,mcap,
2026-03-30,asset,SMH,SMH,-0.15459178526518308,,-3.3177776577687066,,stocks,mcap,
2026-03-31,asset,SMH,SMH,-0.1289167440572962,,-2.4139915786457933,,stocks,mcap,
2026-04-01,asset,SMH,SMH,-0.13251959181766088,,-1.150416753150615,,stocks,mcap,
2026-04-02,asset,SMH,SMH,-0.3686780398035872,,-0.24953115610190313,,stocks,mcap,
2026-04-03,asset,SMH,SMH,0.0651071393529242,,-0.1996249248815225,,stocks,mcap,
2026-04-04,asset,SMH,SMH,-0.04054113465758741,,-0.1596999399052179,,stocks,mcap,
2026-04-05,asset,SMH,SMH,0.03080974632569153,,-0.12775995192417433,,stocks,mcap,
2026-04-06,asset,SMH,SMH,-0.22856277208665954,,1.177597980340865,,stocks,mcap,
2026-04-07,asset,SMH,SMH,0.0323713621509914,,1.7473875528495695,,stocks,mcap,
2026-04-08,asset,SMH,SMH,-0.1281861708684184,,3.5032730059218657,,stocks,mcap,
2026-04-09,asset,SMH,SMH,-0.20140127599484373,,4.9050792082326975,,stocks,mcap,
2026-04-10,asset,SMH,SMH,0.23758144889203828,,5.947960246279642,,stocks,mcap,
2026-04-11,asset,SMH,SMH,0.14819776135321172,,4.758368197023714,,stocks,mcap,
2026-04-12,asset,SMH,SMH,-0.2522618853479624,,3.806694557618971,,stocks,mcap,
2026-04-13,asset,SMH,SMH,0.15884716903209686,,6.018592919960737,,stocks,mcap,
2026-04-14,asset,SMH,SMH,0.4349552812387603,,6.601786819256914,,stocks,mcap,
2026-04-15,asset,SMH,SMH,-0.17798971558536095,,6.625326407451437,,stocks,mcap,
2026-04-16,asset,SMH,SMH,0.017981162104755654,,6.332805203648602,,stocks,mcap,
2026-04-17,asset,SMH,SMH,0.3261589887455106,89.79668154812843,6.325545457816176,,stocks,mcap,
2026-04-18,asset,SMH,SMH,0.1511081828050315,89.79668154812843,5.06043636625294,,stocks,mcap,
2026-04-19,asset,SMH,SMH,0.35051686315089464,89.79668154812843,4.048349093002351,,stocks,mcap,
2026-04-20,asset,SMH,SMH,0.005438184736622505,89.79668154812843,4.764136647969922,,stocks,mcap,
2026-04-21,asset,SMH,SMH,0.5948383374025424,89.89586848744518,4.178547385181229,,stocks,mcap,
2026-04-22,asset,SMH,SMH,0.18230557425071794,91.2009237855263,4.224295499527496,,stocks,mcap,
2026-04-23,asset,SMH,SMH,0.1332602306385403,91.6783821584109,4.197431138848511,,stocks,mcap,
2026-04-24,asset,SMH,SMH,-0.7353235973656178,93.53030118149616,5.365807846032244,,stocks,mcap,
2026-04-25,asset,SMH,SMH,0.27417354181226006,93.53030118149616,4.292646276825796,,stocks,mcap,
2026-04-26,asset,SMH,SMH,0.3132949900260816,93.53030118149616,3.4341170214606365,,stocks,mcap,
2026-04-27,asset,SMH,SMH,0.32653367465510963,93.53030118149616,5.1736342993462685,,stocks,mcap,
2026-04-28,asset,SMH,SMH,0.36433702920087513,79.04844413018749,3.768110517532584,,stocks,mcap,
2026-04-29,asset,SMH,SMH,0.24625668742209675,80.52050202368923,3.009532734726683,,stocks,mcap,
2026-04-30,asset,SMH,SMH,0.29692638618101674,80.52050202368923,2.4076261877813465,,stocks,mcap,
2026-05-01,asset,SMH,SMH,0.4864096571309226,80.52050202368923,1.9261009502250772,,stocks,mcap,
2026-05-02,asset,SMH,SMH,-0.15274901338134791,80.52050202368923,1.5408807601800625,,stocks,mcap,
2026-05-03,asset,SMH,SMH,0.24273829088677962,80.52050202368923,1.2327046081440507,,stocks,mcap,
2026-05-04,asset,SMH,SMH,0.28824903053958634,80.52050202368923,0.9861636865152406,,stocks,mcap,
2026-05-05,asset,SMH,SMH,0.4935587036998632,80.52050202368923,0.7889309492121903,,stocks,mcap,
2026-05-06,asset,SMH,SMH,-0.02250613175393904,80.52050202368923,0.6311447593697501,-0.6128130298518597,stocks,mcap,
2026-05-07,asset,SMH,SMH,0.253350761498167,80.52050202368923,0.5049158074957987,-0.23395867072513127,stocks,mcap,
2026-05-08,asset,SMH,SMH,0.11447463696070015,80.52050202368923,0.4039326459966368,-0.42162408273075125,stocks,mcap,
2026-05-09,asset,SMH,SMH,0.2011668166142081,80.52050202368923,0.3231461167973073,-0.2971337683722849,stocks,mcap,
2026-05-10,asset,SMH,SMH,0.3090537421476362,80.52050202368923,0.25851689343784656,-0.14481822447108758,stocks,mcap,
2026-05-11,asset,SMH,SMH,0.10888616198132436,80.52050202368923,0.20681351475027654,-0.42164849668842563,stocks,mcap,
2026-05-12,asset,SMH,SMH,0.16550214709814126,80.52050202368923,0.1654508118002198,-0.3352983883105336,stocks,mcap,
2026-05-13,asset,SMH,SMH,0.5753863596045632,80.52050202368923,0.13236064944017656,0.2334755069879878,stocks,mcap,
2026-05-14,asset,SMH,SMH,0.5734983810454202,80.52050202368923,0.10588851955214196,0.21221889361297627,stocks,mcap,
2026-05-15,asset,SMH,SMH,0.34511663346104327,80.52050202368923,0.08471081564171357,-0.10283809167211974,stocks,mcap,
2026-05-16,asset,SMH,SMH,0.5092135238212844,80.52050202368923,0.06776865251336872,0.11623201554565626,stocks,mcap,
2026-05-17,asset,SMH,SMH,0.43924403154999014,80.52050202368923,0.054214922010693556,0.017239715778553516,stocks,mcap,
2026-05-18,asset,SMH,SMH,0.4810302144227614,80.52050202368923,0.043371937608554845,0.06961914008964559,stocks,mcap,
2026-05-19,asset,SMH,SMH,-0.09226006832644343,80.52050202368923,0.034697550086843165,-0.7026919905950701,stocks,mcap,
2026-05-20,asset,SMH,SMH,0.2688257794188956,80.52050202368923,0.027758040069475243,-0.20363329269805952,stocks,mcap,
2026-05-21,asset,SMH,SMH,0.06792568124585106,80.52050202368923,0.022206432055579484,-0.4741862136372842,stocks,mcap,
2026-05-22,asset,SMH,SMH,0.12163468195376298,80.52050202368923,0.017765145644464297,-0.39361546966576433,stocks,mcap,
2026-05-23,asset,SMH,SMH,,80.52050202368923,0.014212116515569306,,stocks,mcap,
2026-03-24,asset,SOFI,SOFI,0.23407526791160294,,0.0,,stocks,mcap,
2026-03-25,asset,SOFI,SOFI,0.1942065773383387,,-0.008934472934473092,,stocks,mcap,
2026-03-26,asset,SOFI,SOFI,0.2146829803319207,,-0.05807989220866659,,stocks,mcap,
2026-03-27,asset,SOFI,SOFI,0.22846459532274319,,-0.12652921053222554,,stocks,mcap,
2026-03-28,asset,SOFI,SOFI,0.4748105593393312,,-0.10122336842578042,,stocks,mcap,
2026-03-29,asset,SOFI,SOFI,0.4089531591236551,,-0.08097869474062433,,stocks,mcap,
2026-03-30,asset,SOFI,SOFI,0.371447700163047,,-0.16535717457432653,,stocks,mcap,
2026-03-31,asset,SOFI,SOFI,0.33618505013232686,,-0.12897503282934064,,stocks,mcap,
2026-04-01,asset,SOFI,SOFI,0.18362170592945015,,-0.11383749988075564,,stocks,mcap,
2026-04-02,asset,SOFI,SOFI,0.17230304854751632,,-0.08255544995655412,,stocks,mcap,
2026-04-03,asset,SOFI,SOFI,-0.032644973930246395,,-0.06604435996524327,,stocks,mcap,
2026-04-04,asset,SOFI,SOFI,0.24415113095606059,,-0.05283548797219462,,stocks,mcap,
2026-04-05,asset,SOFI,SOFI,-0.010926258505668711,,-0.04226839037775565,,stocks,mcap,
2026-04-06,asset,SOFI,SOFI,0.18977956693386966,,0.02035210764176959,,stocks,mcap,
2026-04-07,asset,SOFI,SOFI,0.2157370595824407,,0.03399608050856634,,stocks,mcap,
2026-04-08,asset,SOFI,SOFI,0.05509138963326531,,0.06723472103943295,,stocks,mcap,
2026-04-09,asset,SOFI,SOFI,0.1624020547118689,,0.07256865536943977,,stocks,mcap,
2026-04-10,asset,SOFI,SOFI,0.06261290217031514,,0.07081645100953632,,stocks,mcap,
2026-04-11,asset,SOFI,SOFI,0.3674794214291789,,0.05665316080762908,,stocks,mcap,
2026-04-12,asset,SOFI,SOFI,0.4382782744065341,,0.04532252864610328,,stocks,mcap,
2026-04-13,asset,SOFI,SOFI,0.08020475822200003,,0.12809974777201763,,stocks,mcap,
2026-04-14,asset,SOFI,SOFI,0.05689829587701886,,0.20308466565508232,,stocks,mcap,
2026-04-15,asset,SOFI,SOFI,0.36699449628909997,,0.2963482463359346,,stocks,mcap,
2026-04-16,asset,SOFI,SOFI,0.28510430113325513,,0.3546607652900546,,stocks,mcap,
2026-04-17,asset,SOFI,SOFI,0.39577967484504695,64.1744161979685,0.3974122798542326,,stocks,mcap,
2026-04-18,asset,SOFI,SOFI,0.3095558234936424,64.1744161979685,0.3179298238833861,,stocks,mcap,
2026-04-19,asset,SOFI,SOFI,0.17458744816661032,64.1744161979685,0.25434385910670887,,stocks,mcap,
2026-04-20,asset,SOFI,SOFI,0.44430630035986673,64.1744161979685,0.3439588074591576,,stocks,mcap,
2026-04-21,asset,SOFI,SOFI,0.3261730626281397,53.77916067529317,0.28547370232645153,,stocks,mcap,
2026-04-22,asset,SOFI,SOFI,0.2520357227151356,55.92975261150321,0.24415191170922323,,stocks,mcap,
2026-04-23,asset,SOFI,SOFI,0.4501629170142425,48.16480455459094,0.15329430517003784,,stocks,mcap,
2026-04-24,asset,SOFI,SOFI,0.26145215719221504,49.39182153340041,0.09068531690252135,,stocks,mcap,
2026-04-25,asset,SOFI,SOFI,0.35024071862399575,49.39182153340041,0.0725482535220171,,stocks,mcap,
2026-04-26,asset,SOFI,SOFI,0.3735763059935998,49.39182153340041,0.05803860281761364,,stocks,mcap,
2026-04-27,asset,SOFI,SOFI,0.2405740696518937,49.39182153340041,0.04338001786813028,,stocks,mcap,
2026-04-28,asset,SOFI,SOFI,0.25236256201192736,44.652767193052966,-0.007626630762280873,,stocks,mcap,
2026-04-29,asset,SOFI,SOFI,0.1607584575107942,27.964216503679225,-0.22598907910727284,,stocks,mcap,
2026-04-30,asset,SOFI,SOFI,0.37774340013565644,27.964216503679225,-0.1807912632858183,,stocks,mcap,
2026-05-01,asset,SOFI,SOFI,0.19167252937954968,27.964216503679225,-0.14463301062865463,,stocks,mcap,
2026-05-02,asset,SOFI,SOFI,0.22113618873189406,27.964216503679225,-0.11570640850292374,,stocks,mcap,
2026-05-03,asset,SOFI,SOFI,0.5540782397802174,27.964216503679225,-0.09256512680233903,,stocks,mcap,
2026-05-04,asset,SOFI,SOFI,0.19363820432475376,27.964216503679225,-0.07405210144187124,,stocks,mcap,
2026-05-05,asset,SOFI,SOFI,0.026948325649191543,27.964216503679225,-0.05924168115349704,,stocks,mcap,
2026-05-06,asset,SOFI,SOFI,0.2283848450274905,27.964216503679225,-0.047393344922797676,-0.5574356633944498,stocks,mcap,
2026-05-07,asset,SOFI,SOFI,0.49211026787771184,27.964216503679225,-0.03791467593823816,0.22528675361045744,stocks,mcap,
2026-05-08,asset,SOFI,SOFI,0.34316109841721365,27.964216503679225,-0.03033174075059053,-0.17727351395502944,stocks,mcap,
2026-05-09,asset,SOFI,SOFI,0.5882969150278914,27.964216503679225,-0.024265392600472446,0.4959838074054566,stocks,mcap,
2026-05-10,asset,SOFI,SOFI,0.49061584410208237,27.964216503679225,-0.019412314080377968,0.22569022262749558,stocks,mcap,
2026-05-11,asset,SOFI,SOFI,0.4612350979005427,27.964216503679225,-0.015529851264302397,0.14996288074603586,stocks,mcap,
2026-05-12,asset,SOFI,SOFI,0.30051142991271157,27.964216503679225,-0.012423881011441928,-0.2704153717574685,stocks,mcap,
2026-05-13,asset,SOFI,SOFI,0.12835808711565894,27.964216503679225,-0.009939104809153554,-0.720010156527874,stocks,mcap,
2026-05-14,asset,SOFI,SOFI,0.3473881689915621,27.964216503679225,-0.007951283847322854,-0.11085226045806028,stocks,mcap,
2026-05-15,asset,SOFI,SOFI,-0.056890581289787134,27.964216503679225,-0.0063610270778582945,-1.1645762252194933,stocks,mcap,
2026-05-16,asset,SOFI,SOFI,0.15576886294393333,27.964216503679225,-0.005088821662286636,-0.5863588264090575,stocks,mcap,
2026-05-17,asset,SOFI,SOFI,0.09459419680414277,27.964216503679225,-0.0040710573298293196,-0.7316762752562458,stocks,mcap,
2026-05-18,asset,SOFI,SOFI,0.2529986938372487,27.964216503679225,-0.003256845863863489,-0.3025921414238131,stocks,mcap,
2026-05-19,asset,SOFI,SOFI,0.2828839371091961,27.964216503679225,-0.002605476691090791,-0.2160397371285851,stocks,mcap,
2026-05-20,asset,SOFI,SOFI,0.172586292078935,27.964216503679225,-0.002084381352872644,-0.5056608564236039,stocks,mcap,
2026-05-21,asset,SOFI,SOFI,0.3824095058147222,27.964216503679225,-0.0016675050822981263,0.06674962780351505,stocks,mcap,
2026-05-22,asset,SOFI,SOFI,0.1874448892427076,27.964216503679225,-0.001334004065838501,-0.4582986358334099,stocks,mcap,
2026-05-23,asset,SOFI,SOFI,,27.964216503679225,-0.0010672032526707897,,stocks,mcap,
2026-03-24,asset,SPY,SPY,0.019640654005628075,,0.0,,stocks,mcap,
2026-03-25,asset,SPY,SPY,0.0721209646960457,,0.23229629629631746,,stocks,mcap,
2026-03-26,asset,SPY,SPY,0.14913956050775165,,-0.38339288804483657,,stocks,mcap,
2026-03-27,asset,SPY,SPY,0.055013343514493246,,-1.450846774488069,,stocks,mcap,
2026-03-28,asset,SPY,SPY,-0.06297427739998424,,-1.1606774195904552,,stocks,mcap,
2026-03-29,asset,SPY,SPY,-0.07379620326379313,,-0.9285419356723641,,stocks,mcap,
2026-03-30,asset,SPY,SPY,0.07992112557415017,,-2.2681174612567876,,stocks,mcap,
2026-03-31,asset,SPY,SPY,0.10020313692129319,,-1.3162601567597405,,stocks,mcap,
2026-04-01,asset,SPY,SPY,0.13153349784147927,,-0.3213649255765414,,stocks,mcap,
2026-04-02,asset,SPY,SPY,0.012826172052667319,,0.37402991688211773,,stocks,mcap,
2026-04-03,asset,SPY,SPY,0.19906786323823036,,0.2992239335056943,,stocks,mcap,
2026-04-04,asset,SPY,SPY,-0.12704823320109396,,0.23937914680455563,,stocks,mcap,
2026-04-05,asset,SPY,SPY,-0.05471835022456135,,0.19150331744364468,,stocks,mcap,
2026-04-06,asset,SPY,SPY,-0.004122861972318164,,1.3415195755925857,,stocks,mcap,
2026-04-07,asset,SPY,SPY,-0.048104992450215066,,1.565816779513387,,stocks,mcap,
2026-04-08,asset,SPY,SPY,-0.02359176596680437,,2.703989720242217,,stocks,mcap,
2026-04-09,asset,SPY,SPY,0.059144732470676926,,3.526524735649557,,stocks,mcap,
2026-04-10,asset,SPY,SPY,0.11922704546787939,,3.822460868883807,,stocks,mcap,
2026-04-11,asset,SPY,SPY,0.13287359326591094,,3.0579686951070455,,stocks,mcap,
2026-04-12,asset,SPY,SPY,0.034654957413630415,,2.446374956085636,,stocks,mcap,
2026-04-13,asset,SPY,SPY,0.11405266279425508,,3.760900006084854,,stocks,mcap,
2026-04-14,asset,SPY,SPY,-0.1514279335660072,,4.267314131427338,,stocks,mcap,
2026-04-15,asset,SPY,SPY,0.14434925955261851,,4.6651615591838524,,stocks,mcap,
2026-04-16,asset,SPY,SPY,0.30877804914522183,,4.72351840179236,,stocks,mcap,
2026-04-17,asset,SPY,SPY,0.18700965218585558,87.76051155745586,4.986671514036411,,stocks,mcap,
2026-04-18,asset,SPY,SPY,-0.01465710824734221,87.76051155745586,3.9893372112291274,,stocks,mcap,
2026-04-19,asset,SPY,SPY,-0.0042363383658230586,87.76051155745586,3.1914697689833016,,stocks,mcap,
2026-04-20,asset,SPY,SPY,0.03506326409933196,87.76051155745586,3.882960027855443,,stocks,mcap,
2026-04-21,asset,SPY,SPY,0.03914424571173637,81.20136859867196,3.132445517137679,,stocks,mcap,
2026-04-22,asset,SPY,SPY,0.26608992257212527,82.92255765608589,2.8421448861180085,,stocks,mcap,
2026-04-23,asset,SPY,SPY,0.2807814160505931,79.87388099266771,2.2178809195866744,,stocks,mcap,
2026-04-24,asset,SPY,SPY,0.10596628534910933,81.34322409399901,1.9384608802234293,,stocks,mcap,
2026-04-25,asset,SPY,SPY,0.026208405645028694,81.34322409399901,1.5507687041787417,,stocks,mcap,
2026-04-26,asset,SPY,SPY,0.37095127201080325,81.34322409399901,1.240614963342992,,stocks,mcap,
2026-04-27,asset,SPY,SPY,0.024704289097823198,81.34322409399901,1.381708319058644,,stocks,mcap,
2026-04-28,asset,SPY,SPY,-0.09668243998140097,76.57666208972842,0.7145288365286859,,stocks,mcap,
2026-04-29,asset,SPY,SPY,0.413221658506648,76.45238970860983,0.11408144515929663,,stocks,mcap,
2026-04-30,asset,SPY,SPY,0.2664892182721255,78.83336685302349,0.04552586832106442,,stocks,mcap,
2026-05-01,asset,SPY,SPY,0.013985215553641323,79.46196314911752,-0.010992098500095082,,stocks,mcap,
2026-05-02,asset,SPY,SPY,0.20566319380303222,79.46196314911752,-0.008793678800076421,,stocks,mcap,
2026-05-03,asset,SPY,SPY,0.1467899916768074,79.46196314911752,-0.007034943040062913,,stocks,mcap,
2026-05-04,asset,SPY,SPY,0.28817069702914294,79.46196314911752,-0.2263382881359881,,stocks,mcap,
2026-05-05,asset,SPY,SPY,-0.04171047614380304,81.59045165434964,-0.25289673098036225,,stocks,mcap,
2026-05-06,asset,SPY,SPY,0.18779366733292666,84.11388495408508,0.2487140483448833,0.3208813135096205,stocks,mcap,
2026-05-07,asset,SPY,SPY,0.11765308498358532,81.42557853094297,0.2689134866417149,-0.112441353502647,stocks,mcap,
2026-05-08,asset,SPY,SPY,0.16834928221883075,82.99661269297039,0.514750259752855,0.21254009826132703,stocks,mcap,
2026-05-09,asset,SPY,SPY,0.09837324280530835,82.99661269297039,0.4118002078022833,-0.019849142425952704,stocks,mcap,
2026-05-10,asset,SPY,SPY,0.3289619175070431,82.99661269297039,0.3294401662418256,0.6509118637434081,stocks,mcap,
2026-05-11,asset,SPY,SPY,0.22561393643029787,82.99661269297039,0.8506723005553578,0.41224817529043856,stocks,mcap,
2026-05-12,asset,SPY,SPY,0.3271160975968808,81.28192847896794,0.5337753366050144,0.4835001840279985,stocks,mcap,
2026-05-13,asset,SPY,SPY,-0.14141773154599221,82.45492642861312,0.4265322887745313,-0.7865364703349078,stocks,mcap,
2026-05-14,asset,SPY,SPY,0.4423529353955202,83.98816425340956,0.5657505167147114,1.0172891296200324,stocks,mcap,
2026-05-15,asset,SPY,SPY,-0.08324632323894256,73.38167772620702,-0.09747209619419195,-1.4675938127750547,stocks,mcap,
2026-05-16,asset,SPY,SPY,0.2831667966986505,73.38167772620702,-0.07797767695535285,-0.38460326120767985,stocks,mcap,
2026-05-17,asset,SPY,SPY,-0.3082415289121625,73.38167772620702,-0.06238214156428157,-1.8592668119857392,stocks,mcap,
2026-05-18,asset,SPY,SPY,-0.1368039614668861,73.38167772620702,-0.6460276566814152,-1.4476300535783273,stocks,mcap,
2026-05-19,asset,SPY,SPY,-0.08904229823667555,67.14664022957552,-1.464059125395833,-1.7445793356560666,stocks,mcap,
2026-05-20,asset,SPY,SPY,-0.027502818653124737,67.14664022957552,-1.1712473003166686,-1.4244447133419942,stocks,mcap,
2026-05-21,asset,SPY,SPY,0.15942374499571466,67.14664022957552,-0.936997840253337,-0.8303314469816738,stocks,mcap,
2026-05-22,asset,SPY,SPY,0.3609926795002738,67.14664022957552,-0.7495982722026717,-0.24329400679177382,stocks,mcap,
2026-05-23,asset,SPY,SPY,,67.14664022957552,-0.5996786177621392,,stocks,mcap,
2026-03-24,asset,TLT,TLT,0.2657639518544906,,0.0,,stocks,mcap,
2026-03-25,asset,TLT,TLT,0.45783816311194503,,0.052968660968645054,,stocks,mcap,
2026-03-26,asset,TLT,TLT,-0.024870838975124057,,0.03668406587607933,,stocks,mcap,
2026-03-27,asset,TLT,TLT,-0.3347317709661688,,-0.005644480887333429,,stocks,mcap,
2026-03-28,asset,TLT,TLT,0.13052280523033946,,-0.004515584709866745,,stocks,mcap,
2026-03-29,asset,TLT,TLT,0.41502309011761096,,-0.003612467767893396,,stocks,mcap,
2026-03-30,asset,TLT,TLT,-0.2886261290575306,,0.06378299715484051,,stocks,mcap,
2026-03-31,asset,TLT,TLT,0.24245223107409422,,0.07620358530538898,,stocks,mcap,
2026-04-01,asset,TLT,TLT,0.5264800160469282,,0.052060251979898026,,stocks,mcap,
2026-04-02,asset,TLT,TLT,0.14033208834489602,,0.0674112958819611,,stocks,mcap,
2026-04-03,asset,TLT,TLT,0.3231809305926164,,0.05392903670556888,,stocks,mcap,
2026-04-04,asset,TLT,TLT,0.09222012292593718,,0.043143229364455096,,stocks,mcap,
2026-04-05,asset,TLT,TLT,0.2044762570982527,,0.03451458349156407,,stocks,mcap,
2026-04-06,asset,TLT,TLT,0.22735063219264462,,0.049419922416978984,,stocks,mcap,
2026-04-07,asset,TLT,TLT,0.023007493466621426,,0.04280611196706327,,stocks,mcap,
2026-04-08,asset,TLT,TLT,0.016783336074869818,,0.053011263746619935,,stocks,mcap,
2026-04-09,asset,TLT,TLT,0.10046245461519468,,0.04119358899268458,,stocks,mcap,
2026-04-10,asset,TLT,TLT,-0.19449218696169557,,0.01673622337524483,,stocks,mcap,
2026-04-11,asset,TLT,TLT,0.047326197828565335,,0.013388978700195842,,stocks,mcap,
2026-04-12,asset,TLT,TLT,0.1042642037825659,,0.010711182960156662,,stocks,mcap,
2026-04-13,asset,TLT,TLT,0.2408243492993371,,0.015265724834175848,,stocks,mcap,
2026-04-14,asset,TLT,TLT,-0.4355669240063677,,0.04062045960143601,,stocks,mcap,
2026-04-15,asset,TLT,TLT,0.12727840057710807,,0.028422631362577555,,stocks,mcap,
2026-04-16,asset,TLT,TLT,0.28319197398955004,,-0.017586769317423784,,stocks,mcap,
2026-04-17,asset,TLT,TLT,0.28564131399600634,75.67166296828023,0.003179033566455186,,stocks,mcap,
2026-04-18,asset,TLT,TLT,0.14470242945411138,75.67166296828023,0.0025432268531641322,,stocks,mcap,
2026-04-19,asset,TLT,TLT,0.2690021462142468,75.67166296828023,0.0020345814825313002,,stocks,mcap,
2026-04-20,asset,TLT,TLT,-0.012862963630631568,75.67166296828023,0.020644759622198944,,stocks,mcap,
2026-04-21,asset,TLT,TLT,0.35831080965325235,69.86366666615034,-0.009508796876686099,,stocks,mcap,
2026-04-22,asset,TLT,TLT,0.19584241644642314,70.5658309984499,-0.018838330792765368,,stocks,mcap,
2026-04-23,asset,TLT,TLT,0.26951292972031515,68.6408762013034,-0.03755812380597168,,stocks,mcap,
2026-04-24,asset,TLT,TLT,0.15835429827452382,69.39793204423381,-0.03876044192140232,,stocks,mcap,
2026-04-25,asset,TLT,TLT,,69.39793204423381,-0.031008353537121863,,stocks,mcap,
2026-04-26,asset,TLT,TLT,0.3261148982167244,69.39793204423381,-0.0248066828296975,,stocks,mcap,
2026-04-27,asset,TLT,TLT,0.5042075957320444,69.39793204423381,-0.06946792667379706,,stocks,mcap,
2026-04-28,asset,TLT,TLT,0.10490909172222018,69.9468597042654,-0.0760353610248347,,stocks,mcap,
2026-04-29,asset,TLT,TLT,0.1737003400877687,62.60975243645203,-0.12002524870354044,,stocks,mcap,
2026-04-30,asset,TLT,TLT,0.14653119488436728,61.77649390073894,-0.14723879905982284,,stocks,mcap,
2026-05-01,asset,TLT,TLT,0.09780533132638564,61.66601524864019,-0.1577078634425123,,stocks,mcap,
2026-05-02,asset,TLT,TLT,-0.15521789266467093,61.66601524864019,-0.12616629075400987,,stocks,mcap,
2026-05-03,asset,TLT,TLT,0.5766415112546955,61.66601524864019,-0.10093303260320788,,stocks,mcap,
2026-05-04,asset,TLT,TLT,,61.66601524864019,-0.18837737783302322,,stocks,mcap,
2026-05-05,asset,TLT,TLT,0.04482109762196029,65.55968261271508,-0.16799803484281214,,stocks,mcap,
2026-05-06,asset,TLT,TLT,0.29734792907599894,69.33938411353115,-0.10373959907102664,-0.05986586275664452,stocks,mcap,
2026-05-07,asset,TLT,TLT,0.3499989801061206,64.31114005826551,-0.08403376480068236,-0.16697566729354368,stocks,mcap,
2026-05-08,asset,TLT,TLT,0.01604721701499076,66.89635616516055,-0.038210929587446596,-0.42175666019088565,stocks,mcap,
2026-05-09,asset,TLT,TLT,0.05985151543825864,66.89635616516055,-0.030568743669957266,-0.3029468378562481,stocks,mcap,
2026-05-10,asset,TLT,TLT,0.7807180447757245,66.89635616516055,-0.024454994935965813,0.9620173495003334,stocks,mcap,
2026-05-11,asset,TLT,TLT,-0.011928370192646975,66.89635616516055,-0.03612910302283634,-0.4537124482387078,stocks,mcap,
2026-05-12,asset,TLT,TLT,0.22677062421619895,59.244647415363666,-0.06803235588758338,-0.6315425682205893,stocks,mcap,
2026-05-13,asset,TLT,TLT,0.12002628687012808,57.32652389472481,-0.09451296281692007,-0.9898136304161189,stocks,mcap,
2026-05-14,asset,TLT,TLT,-0.006746930438733341,58.24599465418823,-0.09620771321193522,-1.1205029140014504,stocks,mcap,
2026-05-15,asset,TLT,TLT,-0.04837182232389848,46.83498084757115,-0.17012742652607055,-1.9029781422159586,stocks,mcap,
2026-05-16,asset,TLT,TLT,-0.23564211133588106,46.83498084757115,-0.13610194122085645,-1.918847809148052,stocks,mcap,
2026-05-17,asset,TLT,TLT,-0.19953535269557615,46.83498084757115,-0.10888155297668517,-1.627578887631072,stocks,mcap,
2026-05-18,asset,TLT,TLT,0.24557233117352137,46.83498084757115,-0.2063053795189731,-1.164718127573624,stocks,mcap,
2026-05-19,asset,TLT,TLT,-0.20873497389241605,42.08248751490639,-0.24457079207725763,-2.111311258627234,stocks,mcap,
2026-05-20,asset,TLT,TLT,-0.033218588722508186,49.49503873400741,-0.1944531132288283,-1.3200909074948335,stocks,mcap,
2026-05-21,asset,TLT,TLT,0.030025635134056206,51.80861380236403,-0.12813692352784467,-0.8676931092135013,stocks,mcap,
2026-05-22,asset,TLT,TLT,0.4100985710312333,55.06243354121412,-0.04559861406648669,0.20111819415785673,stocks,mcap,
2026-05-23,asset,TLT,TLT,,55.06243354121412,-0.03647889125318937,,stocks,mcap,
2026-03-24,asset,TSLA,TSLA,0.12518318235318784,,0.0,,stocks,mcap,
2026-03-25,asset,TSLA,TSLA,0.16230244298777233,,0.18634757834756782,,stocks,mcap,
2026-03-26,asset,TSLA,TSLA,0.04799696420217636,,-0.5902832087401839,,stocks,mcap,
2026-03-27,asset,TSLA,TSLA,-0.0226532091618384,,-1.7012416520854075,,stocks,mcap,
2026-03-28,asset,TSLA,TSLA,0.03732850276050339,,-1.3609933216683259,,stocks,mcap,
2026-03-29,asset,TSLA,TSLA,0.25197949731380387,,-1.0887946573346607,,stocks,mcap,
2026-03-30,asset,TSLA,TSLA,0.07735028528148334,,-2.9112647138330665,,stocks,mcap,
2026-03-31,asset,TSLA,TSLA,0.12092952138856998,,-2.1851312340746887,,stocks,mcap,
2026-04-01,asset,TSLA,TSLA,0.04532131652581254,,-0.9865532590851784,,stocks,mcap,
2026-04-02,asset,TSLA,TSLA,-0.06441477255174045,,-1.4784562048412409,,stocks,mcap,
2026-04-03,asset,TSLA,TSLA,0.11935797140147891,,-1.1827649638729927,,stocks,mcap,
2026-04-04,asset,TSLA,TSLA,0.033690910845911436,,-0.9462119710983941,,stocks,mcap,
2026-04-05,asset,TSLA,TSLA,0.04540727035181474,,-0.7569695768787152,,stocks,mcap,
2026-04-06,asset,TSLA,TSLA,-0.06509256523378136,,-2.478737354632777,,stocks,mcap,
2026-04-07,asset,TSLA,TSLA,0.09363242916513798,,-2.9414568054856947,,stocks,mcap,
2026-04-08,asset,TSLA,TSLA,0.039564800946378965,,-3.2477173892193107,,stocks,mcap,
2026-04-09,asset,TSLA,TSLA,0.03007448392869567,,-3.0642277751798757,,stocks,mcap,
2026-04-10,asset,TSLA,TSLA,0.10129630337157841,,-2.5151421017903557,,stocks,mcap,
2026-04-11,asset,TSLA,TSLA,0.23060966666959826,,-2.012113681432284,,stocks,mcap,
2026-04-12,asset,TSLA,TSLA,0.32220044488836114,,-1.609690945145827,,stocks,mcap,
2026-04-13,asset,TSLA,TSLA,0.1311094737629064,,-1.0886428282674938,,stocks,mcap,
2026-04-14,asset,TSLA,TSLA,0.14543066561615586,,0.19226304045178289,,stocks,mcap,
2026-04-15,asset,TSLA,TSLA,0.16467782027183178,,2.8329350563908458,,stocks,mcap,
2026-04-16,asset,TSLA,TSLA,0.07057773800140983,,4.215412882158893,,stocks,mcap,
2026-04-17,asset,TSLA,TSLA,0.06311196117980461,72.49134105948049,5.669786308674889,,stocks,mcap,
2026-04-18,asset,TSLA,TSLA,0.049498744851449596,72.49134105948049,4.535829046939912,,stocks,mcap,
2026-04-19,asset,TSLA,TSLA,0.15087159342045406,72.49134105948049,3.6286632375519297,,stocks,mcap,
2026-04-20,asset,TSLA,TSLA,0.13048368911717168,72.49134105948049,4.787816462659177,,stocks,mcap,
2026-04-21,asset,TSLA,TSLA,0.08097332048782428,67.48283595228955,4.316985640608798,,stocks,mcap,
2026-04-22,asset,TSLA,TSLA,0.07007804888072737,67.8324979955152,3.8737519280003365,,stocks,mcap,
2026-04-23,asset,TSLA,TSLA,0.08122150878553254,59.164488214035494,2.512614690738887,,stocks,mcap,
2026-04-24,asset,TSLA,TSLA,0.047328704794563435,60.189478091351994,1.6864747696865048,,stocks,mcap,
2026-04-25,asset,TSLA,TSLA,0.1882606475156514,60.189478091351994,1.3491798157492036,,stocks,mcap,
2026-04-26,asset,TSLA,TSLA,0.07699486329694603,60.189478091351994,1.0793438525993628,,stocks,mcap,
2026-04-27,asset,TSLA,TSLA,0.2888900914759747,60.189478091351994,0.728040444068561,,stocks,mcap,
2026-04-28,asset,TSLA,TSLA,0.14980248952774217,58.17221709686079,0.2885850946716966,,stocks,mcap,
2026-04-29,asset,TSLA,TSLA,0.036479449925529546,56.16495905404053,-0.22511362775836052,,stocks,mcap,
2026-04-30,asset,TSLA,TSLA,0.2292989140729793,60.21870072243131,0.011098206300426128,,stocks,mcap,
2026-05-01,asset,TSLA,TSLA,0.17236648845070512,63.95482475059327,0.7279058982390962,,stocks,mcap,
2026-05-02,asset,TSLA,TSLA,0.17991289246930475,63.95482475059327,0.582324718591277,,stocks,mcap,
2026-05-03,asset,TSLA,TSLA,0.2705767980497174,63.95482475059327,0.46585977487302177,,stocks,mcap,
2026-05-04,asset,TSLA,TSLA,0.1703826129185781,63.95482475059327,1.373516249485872,,stocks,mcap,
2026-05-05,asset,TSLA,TSLA,0.21118849701196343,61.308659205383954,1.3057723290507948,,stocks,mcap,
2026-05-06,asset,TSLA,TSLA,0.13225410452458303,65.08748822407873,1.764891778757372,0.32463835248678324,stocks,mcap,
2026-05-07,asset,TSLA,TSLA,0.06398329819293977,69.5554103796814,2.762273992377275,0.37716328183178005,stocks,mcap,
2026-05-08,asset,TSLA,TSLA,0.03795527600858304,74.08427824618445,4.261810496984106,0.6426386122108236,stocks,mcap,
2026-05-09,asset,TSLA,TSLA,0.24893653589768128,74.08427824618445,3.409448397587285,1.4402084796753147,stocks,mcap,
2026-05-10,asset,TSLA,TSLA,0.04991949360255538,74.08427824618445,2.7275587180698277,0.41586112402854203,stocks,mcap,
2026-05-11,asset,TSLA,TSLA,0.1547557871063278,74.08427824618445,6.15485433365394,1.2516397974622984,stocks,mcap,
2026-05-12,asset,TSLA,TSLA,0.1275495294037028,65.01168696470957,5.8397986606189605,0.603409450790244,stocks,mcap,
2026-05-13,asset,TSLA,TSLA,0.13151393077143955,68.4785250873445,6.0018606197977125,0.7854230844814272,stocks,mcap,
2026-05-14,asset,TSLA,TSLA,0.1248064110062137,67.28194294414749,5.560750073399017,0.6204545523795337,stocks,mcap,
2026-05-15,asset,TSLA,TSLA,0.08514180831524565,56.013635133272366,3.5337531531199335,-0.35512327155253726,stocks,mcap,
2026-05-16,asset,TSLA,TSLA,0.31327888147484984,56.013635133272366,2.8270025224959454,0.632244380820354,stocks,mcap,
2026-05-17,asset,TSLA,TSLA,0.11918273573056298,56.013635133272366,2.261602017996756,-0.30081355378790997,stocks,mcap,
2026-05-18,asset,TSLA,TSLA,0.05335827034064608,56.013635133272366,-0.30026842984945645,-0.8660479054873401,stocks,mcap,
2026-05-19,asset,TSLA,TSLA,0.12159627474011599,52.699111188557495,-1.9824964417021125,-0.8499940575049718,stocks,mcap,
2026-05-20,asset,TSLA,TSLA,0.054515149254117025,57.620806921898854,-2.2232192331483596,-0.9456161946765274,stocks,mcap,
2026-05-21,asset,TSLA,TSLA,0.07415113676720052,57.8328046069254,-2.344298083744107,-0.8388006894360901,stocks,mcap,
2026-05-22,asset,TSLA,TSLA,-0.021813435243954942,60.73003468634618,-1.9007018451516728,-1.0854516834233907,stocks,mcap,
2026-05-23,asset,TSLA,TSLA,,60.73003468634618,-1.5205614761213404,,stocks,mcap,
2026-03-24,asset,TSMC,TSMC,0.07195214520003253,,0.0,,stocks,mcap,
2026-03-25,asset,TSMC,TSMC,0.12458480652178194,,0.2871794871794918,,stocks,mcap,
2026-03-26,asset,TSMC,TSMC,0.14610929476505163,,-0.9295451822631275,,stocks,mcap,
2026-03-27,asset,TSMC,TSMC,0.15913024273175938,,-1.6017671291795303,,stocks,mcap,
2026-03-28,asset,TSMC,TSMC,0.16678324591429572,,-1.2814137033436244,,stocks,mcap,
2026-03-29,asset,TSMC,TSMC,0.32928749793603224,,-1.0251309626748994,,stocks,mcap,
2026-03-30,asset,TSMC,TSMC,0.1533472014827811,,-2.7790681873373204,,stocks,mcap,
2026-03-31,asset,TSMC,TSMC,0.31174990447693507,,-1.7248946810315413,,stocks,mcap,
2026-04-01,asset,TSMC,TSMC,0.20033953459351783,,-0.7271854337233647,,stocks,mcap,
2026-04-02,asset,TSMC,TSMC,0.2474160364912942,,-0.19777886101050068,,stocks,mcap,
2026-04-03,asset,TSMC,TSMC,0.38166104618168334,,-0.1582230888084002,,stocks,mcap,
2026-04-04,asset,TSMC,TSMC,0.3798396208973529,,-0.12657847104672015,,stocks,mcap,
2026-04-05,asset,TSMC,TSMC,0.26101926687716814,,-0.10126277683737595,,stocks,mcap,
2026-04-06,asset,TSMC,TSMC,0.24522075073301697,,0.7088127188038795,,stocks,mcap,
2026-04-07,asset,TSMC,TSMC,0.1223833497195627,,1.1563533822053693,,stocks,mcap,
2026-04-08,asset,TSMC,TSMC,0.09290813794728403,,2.708987131570054,,stocks,mcap,
2026-04-09,asset,TSMC,TSMC,0.03285986625762123,,3.527173098080913,,stocks,mcap,
2026-04-10,asset,TSMC,TSMC,0.3590964133722622,,4.186365125873617,,stocks,mcap,
2026-04-11,asset,TSMC,TSMC,0.4014055276532906,,3.349092100698893,,stocks,mcap,
2026-04-12,asset,TSMC,TSMC,0.4288417393664094,,2.679273680559114,,stocks,mcap,
2026-04-13,asset,TSMC,TSMC,0.3682351467011536,,3.6422950043624103,,stocks,mcap,
2026-04-14,asset,TSMC,TSMC,0.2819075179547171,,4.171679632562223,,stocks,mcap,
2026-04-15,asset,TSMC,TSMC,0.3026146961145606,,3.9431845404172057,,stocks,mcap,
2026-04-16,asset,TSMC,TSMC,0.21879768442936517,,2.7984849570678065,,stocks,mcap,
2026-04-17,asset,TSMC,TSMC,0.25101898245414145,74.59708393837624,2.339308725009067,,stocks,mcap,
2026-04-18,asset,TSMC,TSMC,0.3149172953533816,74.59708393837624,1.8714469800072528,,stocks,mcap,
2026-04-19,asset,TSMC,TSMC,0.4333423894912661,74.59708393837624,1.4971575840058016,,stocks,mcap,
2026-04-20,asset,TSMC,TSMC,0.2574599102414485,74.59708393837624,0.9600112942606955,,stocks,mcap,
2026-04-21,asset,TSMC,TSMC,0.2256740778420431,75.22034225410553,0.5842582783954517,,stocks,mcap,
2026-04-22,asset,TSMC,TSMC,0.33542225925982777,79.79722094357001,1.4858007627035468,,stocks,mcap,
2026-04-23,asset,TSMC,TSMC,0.10053907344130479,76.06173134311217,1.5967221293953564,,stocks,mcap,
2026-04-24,asset,TSMC,TSMC,0.2831103505362405,80.19707089136043,2.7712817390323927,,stocks,mcap,
2026-04-25,asset,TSMC,TSMC,0.16653018916047332,80.19707089136043,2.2170253912259135,,stocks,mcap,
2026-04-26,asset,TSMC,TSMC,0.05465973068346269,80.19707089136043,1.7736203129807304,,stocks,mcap,
2026-04-27,asset,TSMC,TSMC,0.08473473710853414,80.19707089136043,3.436930497117798,,stocks,mcap,
2026-04-28,asset,TSMC,TSMC,0.3378923791880104,69.8377913724751,2.63008074643178,,stocks,mcap,
2026-04-29,asset,TSMC,TSMC,0.18505600890117013,70.2355271724259,1.9774876628322708,,stocks,mcap,
2026-04-30,asset,TSMC,TSMC,0.13704200557742743,70.85496734606018,1.4985076543524283,,stocks,mcap,
2026-05-01,asset,TSMC,TSMC,0.3961897805230635,71.31905532699994,1.1104715278067179,,stocks,mcap,
2026-05-02,asset,TSMC,TSMC,0.14212129804119053,71.31905532699994,0.8883772222453725,,stocks,mcap,
2026-05-03,asset,TSMC,TSMC,0.5043569492530854,71.31905532699994,0.710701777796297,,stocks,mcap,
2026-05-04,asset,TSMC,TSMC,0.1110132536373345,71.31905532699994,0.9096612184623449,,stocks,mcap,
2026-05-05,asset,TSMC,TSMC,0.24189637014435147,65.08511284479823,0.12477540346638705,,stocks,mcap,
2026-05-06,asset,TSMC,TSMC,0.25796543033303804,72.44956015594427,1.1069222007467374,-0.0863289736473402,stocks,mcap,
2026-05-07,asset,TSMC,TSMC,0.26448782029022616,69.10251791821035,1.1999924620447455,-0.26375921874094294,stocks,mcap,
2026-05-08,asset,TSMC,TSMC,0.30758279929419,67.55090123023108,0.9119877242156669,-0.24494707604813912,stocks,mcap,
2026-05-09,asset,TSMC,TSMC,0.20395671392526257,67.55090123023108,0.7295901793725328,-0.6123091985265486,stocks,mcap,
2026-05-10,asset,TSMC,TSMC,0.1943957146489853,67.55090123023108,0.5836721434980241,-0.6480052235090408,stocks,mcap,
2026-05-11,asset,TSMC,TSMC,0.17387702723969153,67.55090123023108,-0.1773440327199154,-0.834901250850321,stocks,mcap,
2026-05-12,asset,TSMC,TSMC,0.13858374540138452,62.043284023904704,-1.2387406008319317,-1.4150903051399775,stocks,mcap,
2026-05-13,asset,TSMC,TSMC,0.17686597572818008,62.963133996337596,-1.8058944738294027,-1.255134052312807,stocks,mcap,
2026-05-14,asset,TSMC,TSMC,0.19048741413524906,68.76076879280855,-1.0466274358085972,-0.721912649575561,stocks,mcap,
2026-05-15,asset,TSMC,TSMC,0.06864950618373541,61.07860096583836,-1.4902567257847252,-1.6037217427194734,stocks,mcap,
2026-05-16,asset,TSMC,TSMC,0.060652497253315056,61.07860096583836,-1.1922053806277813,-1.5090811220726306,stocks,mcap,
2026-05-17,asset,TSMC,TSMC,0.22670740330864184,61.07860096583836,-0.9537643045022257,-0.8348158084166695,stocks,mcap,
2026-05-18,asset,TSMC,TSMC,0.14019011722753924,61.07860096583836,-2.240420138290675,-1.3158738869445936,stocks,mcap,
2026-05-19,asset,TSMC,TSMC,0.11099672939478057,58.868658343791324,-2.951713156168889,-1.5734051287924544,stocks,mcap,
2026-05-20,asset,TSMC,TSMC,0.22393242857373044,62.113826694280675,-2.7688323244323083,-0.9433639408562298,stocks,mcap,
2026-05-21,asset,TSMC,TSMC,0.33992014175269447,63.99164127134217,-2.2508623033201722,-0.3350670234407999,stocks,mcap,
2026-05-22,asset,TSMC,TSMC,0.2480613268640253,62.29597412336645,-2.077765036860919,-0.6988188101656785,stocks,mcap,
2026-05-23,asset,TSMC,TSMC,,62.29597412336645,-1.6622120294887353,,stocks,mcap,
2026-03-24,asset,UPST,UPST,0.16334942368803815,,0.0,,stocks,mcap,
2026-03-25,asset,UPST,UPST,0.3477215903751676,,-0.032547008547007296,,stocks,mcap,
2026-03-26,asset,UPST,UPST,0.19039089810148918,,-0.09966791827988117,,stocks,mcap,
2026-03-27,asset,UPST,UPST,0.10272496842380444,,-0.17194979435800553,,stocks,mcap,
2026-03-28,asset,UPST,UPST,0.3220041238719465,,-0.13755983548640444,,stocks,mcap,
2026-03-29,asset,UPST,UPST,0.056574208677298156,,-0.11004786838912353,,stocks,mcap,
2026-03-30,asset,UPST,UPST,0.3931133415583768,,-0.2470422439896819,,stocks,mcap,
2026-03-31,asset,UPST,UPST,0.1091586323585964,,-0.1754258083677112,,stocks,mcap,
2026-04-01,asset,UPST,UPST,0.49670169028920935,,-0.1376285345992429,,stocks,mcap,
2026-04-02,asset,UPST,UPST,0.45787120308114326,,-0.09014916002573048,,stocks,mcap,
2026-04-03,asset,UPST,UPST,0.3407433835300803,,-0.0721193280205844,,stocks,mcap,
2026-04-04,asset,UPST,UPST,0.08905966599217306,,-0.0576954624164675,,stocks,mcap,
2026-04-05,asset,UPST,UPST,0.03551200574769504,,-0.04615636993317401,,stocks,mcap,
2026-04-06,asset,UPST,UPST,0.09062679003472661,,0.13298228186811917,,stocks,mcap,
2026-04-07,asset,UPST,UPST,0.5049012194923591,,0.14983623854669686,,stocks,mcap,
2026-04-08,asset,UPST,UPST,0.12257688583199909,,0.20992461555417719,,stocks,mcap,
2026-04-09,asset,UPST,UPST,0.07653998231457393,,0.2449816724561812,,stocks,mcap,
2026-04-10,asset,UPST,UPST,0.08926610436078883,,0.24599905526084787,,stocks,mcap,
2026-04-11,asset,UPST,UPST,0.41824521972880235,,0.19679924420867828,,stocks,mcap,
2026-04-12,asset,UPST,UPST,0.30107226477653853,,0.15743939536694262,,stocks,mcap,
2026-04-13,asset,UPST,UPST,0.03530930961389095,,0.25928497526787436,,stocks,mcap,
2026-04-14,asset,UPST,UPST,0.019352744465787636,,0.36048599758684063,,stocks,mcap,
2026-04-15,asset,UPST,UPST,-0.04917315547385472,,0.6481198643663633,,stocks,mcap,
2026-04-16,asset,UPST,UPST,-0.08397161007986684,,0.7743983657358702,,stocks,mcap,
2026-04-17,asset,UPST,UPST,-0.19059699562508617,66.24841495735788,0.9028386234928693,,stocks,mcap,
2026-04-18,asset,UPST,UPST,0.3818247834474873,66.24841495735788,0.7222708987942954,,stocks,mcap,
2026-04-19,asset,UPST,UPST,-0.06896630072656552,66.24841495735788,0.5778167190354364,,stocks,mcap,
2026-04-20,asset,UPST,UPST,-0.3827713610646211,66.24841495735788,0.8242191098945089,,stocks,mcap,
2026-04-21,asset,UPST,UPST,-0.09570233653540769,55.636120029753016,0.6870102274456271,,stocks,mcap,
2026-04-22,asset,UPST,UPST,0.17637273322439972,60.75439620138141,0.6502464762042375,,stocks,mcap,
2026-04-23,asset,UPST,UPST,-0.19524525639855966,52.60563399708088,0.4560758437877064,,stocks,mcap,
2026-04-24,asset,UPST,UPST,0.0691221625079382,54.8799049205715,0.33767263331677233,,stocks,mcap,
2026-04-25,asset,UPST,UPST,0.1045224100968867,54.8799049205715,0.27013810665341786,,stocks,mcap,
2026-04-26,asset,UPST,UPST,-0.018306277193576116,54.8799049205715,0.21611048532273403,,stocks,mcap,
2026-04-27,asset,UPST,UPST,-0.04324916152860969,54.8799049205715,0.11740910978419983,,stocks,mcap,
2026-04-28,asset,UPST,UPST,0.041708911322113115,53.58928784712622,0.00475017765441943,,stocks,mcap,
2026-04-29,asset,UPST,UPST,0.09347368789070053,44.789309220148596,-0.23570402452662575,,stocks,mcap,
2026-04-30,asset,UPST,UPST,0.10698178346913928,44.789309220148596,-0.18856321962130074,,stocks,mcap,
2026-05-01,asset,UPST,UPST,-0.17894018901827513,44.789309220148596,-0.15085057569704063,,stocks,mcap,
2026-05-02,asset,UPST,UPST,-0.03432325440208993,44.789309220148596,-0.1206804605576326,,stocks,mcap,
2026-05-03,asset,UPST,UPST,0.23066876838501543,44.789309220148596,-0.09654436844610603,,stocks,mcap,
2026-05-04,asset,UPST,UPST,0.043565582344084974,44.789309220148596,-0.07723549475688496,,stocks,mcap,
2026-05-05,asset,UPST,UPST,0.16780821386705383,44.789309220148596,-0.0617883958055081,,stocks,mcap,
2026-05-06,asset,UPST,UPST,0.07069408448641187,44.789309220148596,-0.04943071664440657,-0.5777980954243594,stocks,mcap,
2026-05-07,asset,UPST,UPST,-0.12273095747107861,44.789309220148596,-0.0395445733155253,-0.9344657021388887,stocks,mcap,
2026-05-08,asset,UPST,UPST,-0.058763351181785876,44.789309220148596,-0.03163565865242024,-0.7756800026429278,stocks,mcap,
2026-05-09,asset,UPST,UPST,0.1473839116515654,44.789309220148596,-0.025308526921936192,-0.3362251773841815,stocks,mcap,
2026-05-10,asset,UPST,UPST,0.06880345949050305,44.789309220148596,-0.020246821537549087,-0.48113195563015865,stocks,mcap,
2026-05-11,asset,UPST,UPST,0.02781043084008451,44.789309220148596,-0.016197457230039403,-0.5503349352536147,stocks,mcap,
2026-05-12,asset,UPST,UPST,0.14587914674704272,44.789309220148596,-0.012957965784031522,-0.2899359034615611,stocks,mcap,
2026-05-13,asset,UPST,UPST,-0.09623791525758606,44.789309220148596,-0.010366372627225173,-0.7846604601346776,stocks,mcap,
2026-05-14,asset,UPST,UPST,-0.02625159937530343,44.789309220148596,-0.008293098101780139,-0.6222056754482151,stocks,mcap,
2026-05-15,asset,UPST,UPST,0.22308997860794227,44.789309220148596,-0.0066344784814240665,-0.08414171612976995,stocks,mcap,
2026-05-16,asset,UPST,UPST,0.4495151000515651,44.789309220148596,-0.005307582785139209,0.379668412430326,stocks,mcap,
2026-05-17,asset,UPST,UPST,0.01766767213576308,44.789309220148596,-0.004246066228111411,-0.5170728429770985,stocks,mcap,
2026-05-18,asset,UPST,UPST,0.0976871506593873,44.789309220148596,-0.0033968529824892624,-0.3408062657065072,stocks,mcap,
2026-05-19,asset,UPST,UPST,0.13214635749750098,44.789309220148596,-0.0027174823859914543,-0.2613852501586093,stocks,mcap,
2026-05-20,asset,UPST,UPST,-0.035178181693437345,44.789309220148596,-0.0021739859087932523,-0.6116147434950181,stocks,mcap,
2026-05-21,asset,UPST,UPST,0.10725089469699672,44.789309220148596,-0.0017391887270346018,-0.2983338293765303,stocks,mcap,
2026-05-22,asset,UPST,UPST,-0.13737738462654364,44.789309220148596,-0.0013913509816276814,-0.8148832899376452,stocks,mcap,
2026-05-23,asset,UPST,UPST,,44.789309220148596,-0.0011130807853021452,,stocks,mcap,
2026-03-24,asset,USO,USO,-0.27374760078507415,,0.0,,stocks,mcap,
2026-03-25,asset,USO,USO,0.4599213905054415,,-0.0733903133903027,,stocks,mcap,
2026-03-26,asset,USO,USO,-0.4078954893378966,,0.13159893182686574,,stocks,mcap,
2026-03-27,asset,USO,USO,-0.3990072784185541,,0.6959455036428558,,stocks,mcap,
2026-03-28,asset,USO,USO,-0.01622037571171118,,0.5567564029142846,,stocks,mcap,
2026-03-29,asset,USO,USO,-0.055113791905488915,,0.44540512233142765,,stocks,mcap,
2026-03-30,asset,USO,USO,-0.4898987053558388,,1.56851713186973,,stocks,mcap,
2026-03-31,asset,USO,USO,-0.06814120639611365,,1.6389110158999447,,stocks,mcap,
2026-04-01,asset,USO,USO,-0.10976005964269571,,1.384140921193439,,stocks,mcap,
2026-04-02,asset,USO,USO,0.18573762407033526,,2.0200271845597544,,stocks,mcap,
2026-04-03,asset,USO,USO,-0.05450857615617828,,1.6160217476478036,,stocks,mcap,
2026-04-04,asset,USO,USO,-0.11549509701621569,,1.2928173981182427,,stocks,mcap,
2026-04-05,asset,USO,USO,0.11769935591527493,,1.0342539184945942,,stocks,mcap,
2026-04-06,asset,USO,USO,-0.03350861126465088,,2.248502266305987,,stocks,mcap,
2026-04-07,asset,USO,USO,-0.0652485755869046,,2.15365579835379,,stocks,mcap,
2026-04-08,asset,USO,USO,-0.08206367233902653,,1.0816785332170022,,stocks,mcap,
2026-04-09,asset,USO,USO,-0.05976209390325764,,0.46440857141736913,,stocks,mcap,
2026-04-10,asset,USO,USO,-0.018377854678229076,,-0.12501567193740737,,stocks,mcap,
2026-04-11,asset,USO,USO,-0.16031151128083226,,-0.1000125375499259,,stocks,mcap,
2026-04-12,asset,USO,USO,-0.010545660943413776,,-0.0800100300399409,,stocks,mcap,
2026-04-13,asset,USO,USO,0.023872846273332835,,-0.26960283966800347,,stocks,mcap,
2026-04-14,asset,USO,USO,-0.06917394938178752,,-0.7047326374455967,,stocks,mcap,
2026-04-15,asset,USO,USO,-0.012711842990319789,,-1.0596311448993863,,stocks,mcap,
2026-04-16,asset,USO,USO,-0.02080695658884942,,-1.0554050901756815,,stocks,mcap,
2026-04-17,asset,USO,USO,0.26281510734494384,31.881838593532294,-1.6567232851833746,,stocks,mcap,
2026-04-18,asset,USO,USO,0.302591850913683,31.881838593532294,-1.3253786281466997,,stocks,mcap,
2026-04-19,asset,USO,USO,0.04851873318186651,31.881838593532294,-1.0603029025173596,,stocks,mcap,
2026-04-20,asset,USO,USO,0.06760841225260296,31.881838593532294,-1.2793647884298216,,stocks,mcap,
2026-04-21,asset,USO,USO,0.014975033346570004,42.35633955698721,-0.8198844017896176,,stocks,mcap,
2026-04-22,asset,USO,USO,-0.03264499805929283,43.61890751981799,-0.4354028943466539,,stocks,mcap,
2026-04-23,asset,USO,USO,-0.062184909755305245,49.16589137403405,0.14902764202830454,,stocks,mcap,
2026-04-24,asset,USO,USO,0.11106889717770525,46.994531656123556,0.34023892593065996,,stocks,mcap,
2026-04-25,asset,USO,USO,-0.0627477764078549,46.994531656123556,0.2721911407445279,,stocks,mcap,
2026-04-26,asset,USO,USO,-0.06124038976116783,46.994531656123556,0.21775291259562213,,stocks,mcap,
2026-04-27,asset,USO,USO,-0.03826387668643147,46.994531656123556,0.6596158591592092,,stocks,mcap,
2026-04-28,asset,USO,USO,-0.01894884137726078,52.881960147014645,1.0104890342682373,,stocks,mcap,
2026-04-29,asset,USO,USO,-0.030405554061732246,61.388670796433864,1.856419009356129,,stocks,mcap,
2026-04-30,asset,USO,USO,0.04595307448196828,57.78299302819858,2.0342414324390328,,stocks,mcap,
2026-05-01,asset,USO,USO,-0.025631913050257804,53.669023337273856,1.7314855444912274,,stocks,mcap,
2026-05-02,asset,USO,USO,-0.024539866494737567,53.669023337273856,1.3851884355929815,,stocks,mcap,
2026-05-03,asset,USO,USO,-0.039981846176801866,53.669023337273856,1.1081507484743849,,stocks,mcap,
2026-05-04,asset,USO,USO,,53.669023337273856,1.4887013258417356,,stocks,mcap,
2026-05-05,asset,USO,USO,-0.09099253306165336,49.841711201353675,1.123509506568829,,stocks,mcap,
2026-05-06,asset,USO,USO,-0.028554558737217798,42.02754090171819,0.13412315044144396,-0.24237027214463636,stocks,mcap,
2026-05-07,asset,USO,USO,0.01611674806743679,42.988242070928244,-0.4776261335366341,-0.2689803927967793,stocks,mcap,
2026-05-08,asset,USO,USO,-0.002660598337113855,41.97475465460803,-0.9726846949937249,-0.4749381664743928,stocks,mcap,
2026-05-09,asset,USO,USO,-0.11501056473900874,41.97475465460803,-0.7781477559949801,-0.6826776535309622,stocks,mcap,
2026-05-10,asset,USO,USO,-0.05255113781365965,41.97475465460803,-0.6225182047959841,-0.473212526463622,stocks,mcap,
2026-05-11,asset,USO,USO,-0.05140335895472765,41.97475465460803,-0.6803043717188677,-0.4767116308789865,stocks,mcap,
2026-05-12,asset,USO,USO,-0.05501749477285978,48.63207491175361,-0.3610726591934448,-0.1492267514804536,stocks,mcap,
2026-05-13,asset,USO,USO,-0.06137644133155958,46.746068606789315,-0.32709698289493616,-0.2240327840487397,stocks,mcap,
2026-05-14,asset,USO,USO,,47.67435589045071,-0.26745692718761305,,stocks,mcap,
2026-05-15,asset,USO,USO,-0.022056583331856464,52.52917086896628,0.07825364700027748,0.21252271704779907,stocks,mcap,
2026-05-16,asset,USO,USO,0.005048710769389334,52.52917086896628,0.06260291760022163,0.271741149358512,stocks,mcap,
2026-05-17,asset,USO,USO,-0.032463136218051455,52.52917086896628,0.050082334080176594,0.1628897335920183,stocks,mcap,
2026-05-18,asset,USO,USO,-0.2783387754455947,52.52917086896628,0.4994675860865332,-0.3471181193650192,stocks,mcap,
2026-05-19,asset,USO,USO,-0.1139418080157824,56.351519845208216,0.7509913722764239,0.2989338041851748,stocks,mcap,
2026-05-20,asset,USO,USO,0.4490205720193676,48.27433887122338,0.2719550909383823,1.2111969499231467,stocks,mcap,
2026-05-21,asset,USO,USO,-0.023623345134244897,46.83508790542217,-0.1963191144802483,-0.14637708845076253,stocks,mcap,
2026-05-22,asset,USO,USO,-0.042519861509852305,45.51725768568107,-0.6220036977519632,-0.3706538770371345,stocks,mcap,
2026-05-23,asset,USO,USO,,45.51725768568107,-0.4976029582015711,,stocks,mcap,
2026-03-24,asset,V,V,0.53065208293017,,0.0,,stocks,mcap,
2026-03-25,asset,V,V,0.32689289609486655,,0.07339031339029134,,stocks,mcap,
2026-03-26,asset,V,V,0.48068299552397803,,0.1549423787143951,,stocks,mcap,
2026-03-27,asset,V,V,0.06799873204492242,,-0.44139993339590544,,stocks,mcap,
2026-03-28,asset,V,V,0.20638932986804284,,-0.35311994671672436,,stocks,mcap,
2026-03-29,asset,V,V,0.21111575658291576,,-0.2824959573733795,,stocks,mcap,
2026-03-30,asset,V,V,0.5485285991286362,,-0.5024270740415387,,stocks,mcap,
2026-03-31,asset,V,V,0.3864351821498511,,-0.34827085561461546,,stocks,mcap,
2026-04-01,asset,V,V,0.26203910624459387,,-0.46755844348564357,,stocks,mcap,
2026-04-02,asset,V,V,0.24947684110651414,,-0.36673406273544085,,stocks,mcap,
2026-04-03,asset,V,V,0.6037375200338475,,-0.29338725018835266,,stocks,mcap,
2026-04-04,asset,V,V,0.4400809351411249,,-0.2347098001506821,,stocks,mcap,
2026-04-05,asset,V,V,0.4078082180991556,,-0.1877678401205456,,stocks,mcap,
2026-04-06,asset,V,V,0.39514519165464573,,0.12739321062787,,stocks,mcap,
2026-04-07,asset,V,V,0.49391239114997904,,0.1808626898139193,,stocks,mcap,
2026-04-08,asset,V,V,0.12697785757287094,,0.6206702054418188,,stocks,mcap,
2026-04-09,asset,V,V,0.11040546080406756,,0.8263277882072715,,stocks,mcap,
2026-04-10,asset,V,V,0.39338730083086954,,0.6645148667470995,,stocks,mcap,
2026-04-11,asset,V,V,0.9062,,0.5316118933976796,,stocks,mcap,
2026-04-12,asset,V,V,0.92078,,0.4252895147181437,,stocks,mcap,
2026-04-13,asset,V,V,0.7071999999999999,,0.8181453350213805,,stocks,mcap,
2026-04-14,asset,V,V,0.8888999999999999,,0.9948174839968116,,stocks,mcap,
2026-04-15,asset,V,V,0.8885,,1.3387125137861742,,stocks,mcap,
2026-04-16,asset,V,V,0.25793999999999995,,1.4249163618657892,,stocks,mcap,
2026-04-17,asset,V,V,0.786725,65.81592518434783,1.516059970998747,,stocks,mcap,
2026-04-18,asset,V,V,0.5103714285714286,65.81592518434783,1.2128479767989977,,stocks,mcap,
2026-04-19,asset,V,V,0.7753375,65.81592518434783,0.970278381439198,,stocks,mcap,
2026-04-20,asset,V,V,0.7026166666666667,65.81592518434783,0.9368443945374203,,stocks,mcap,
2026-04-21,asset,V,V,0.6391125,56.15135920286568,0.501379508163498,,stocks,mcap,
2026-04-22,asset,V,V,0.5170444444444444,57.978947291472785,0.2658793234012613,,stocks,mcap,
2026-04-23,asset,V,V,0.09746205564767121,53.67779511070199,-0.0725019602343111,,stocks,mcap,
2026-04-24,asset,V,V,0.3201,54.49242359322297,-0.269201262573727,,stocks,mcap,
2026-04-25,asset,V,V,0.451628751607053,54.49242359322297,-0.21536101005898178,,stocks,mcap,
2026-04-26,asset,V,V,0.28275658406862725,54.49242359322297,-0.1722888080471856,,stocks,mcap,
2026-04-27,asset,V,V,0.2777497431403647,54.49242359322297,-0.34764750827433843,,stocks,mcap,
2026-04-28,asset,V,V,0.5187333333333333,53.669590654957695,-0.4470262806513263,,stocks,mcap,
2026-04-29,asset,V,V,0.3744285869811183,76.45490555794622,1.1257360120754831,,stocks,mcap,
2026-04-30,asset,V,V,0.7598066666666666,69.25138331167669,1.7100071917738582,,stocks,mcap,
2026-05-01,asset,V,V,0.5423888888888889,66.80726198960885,1.8450400799447864,,stocks,mcap,
2026-05-02,asset,V,V,0.7150000000000001,66.80726198960885,1.476032063955829,,stocks,mcap,
2026-05-03,asset,V,V,,66.80726198960885,1.180825651164663,,stocks,mcap,
2026-05-04,asset,V,V,0.5897,66.80726198960885,1.4107226141344391,,stocks,mcap,
2026-05-05,asset,V,V,-0.04565250423699618,59.30959017443745,0.9249950386063999,,stocks,mcap,
2026-05-06,asset,V,V,0.5489202012089391,55.637509864768305,0.3243196792280987,-0.172484867396401,stocks,mcap,
2026-05-07,asset,V,V,0.4638322517810441,57.798008684309224,0.04674534099549543,-0.3262157362204795,stocks,mcap,
2026-05-08,asset,V,V,0.8031333333333334,54.90669146764202,-0.331044962471541,-0.05490179220054486,stocks,mcap,
2026-05-09,asset,V,V,0.7556888888888889,54.90669146764202,-0.26483596997723247,-0.09895957955502732,stocks,mcap,
2026-05-10,asset,V,V,0.81314,54.90669146764202,-0.21186877598178633,0.0159226052735299,stocks,mcap,
2026-05-11,asset,V,V,0.88078125,54.90669146764202,-0.09546115872468786,0.16454817132619276,stocks,mcap,
2026-05-12,asset,V,V,0.6686666666666666,57.824284273291056,0.02757532981617139,0.013711829622429367,stocks,mcap,
2026-05-13,asset,V,V,0.34977798952149847,50.92322199813244,-0.3271391373952053,-0.9417014779123833,stocks,mcap,
2026-05-14,asset,V,V,0.8486,53.103356019428595,-0.430995350358363,-0.07950961562981129,stocks,mcap,
2026-05-15,asset,V,V,0.6067666666666667,56.16808797935536,-0.306097812514035,-0.2650689234373582,stocks,mcap,
2026-05-16,asset,V,V,0.3887980180132865,56.16808797935536,-0.24487825001122854,-0.580728686436055,stocks,mcap,
2026-05-17,asset,V,V,0.79115,56.16808797935536,-0.19590260000898319,0.09030056401074005,stocks,mcap,
2026-05-18,asset,V,V,0.5123800000000001,56.16808797935536,0.5544038664387765,-0.03038798076969952,stocks,mcap,
2026-05-19,asset,V,V,0.28240343567878007,52.28375575409306,0.5169610301352128,-0.5939211947239537,stocks,mcap,
2026-05-20,asset,V,V,0.5927125,53.15845910150744,0.48052795965125394,-0.054609611114866036,stocks,mcap,
2026-05-21,asset,V,V,0.9201250000000001,53.56226502520071,0.4155481501630893,0.4592500713421788,stocks,mcap,
2026-05-22,asset,V,V,,50.72406261351007,0.16920910247977083,,stocks,mcap,
2026-05-23,asset,V,V,,50.72406261351007,0.1353672819838163,,stocks,mcap,
2026-03-24,asset,WBD,WBD,0.18590000000000004,,0.0,,stocks,mcap,
2026-03-25,asset,WBD,WBD,0.296,,-0.0038290598290586786,,stocks,mcap,
2026-03-26,asset,WBD,WBD,0.24348333333333336,,-0.015592237075998126,,stocks,mcap,
2026-03-27,asset,WBD,WBD,0.27885000000000004,,-0.022103532787120912,,stocks,mcap,
2026-03-28,asset,WBD,WBD,,,-0.017682826229696726,,stocks,mcap,
2026-03-29,asset,WBD,WBD,,,-0.014146260983757382,,stocks,mcap,
2026-03-30,asset,WBD,WBD,0.8011666666666667,,-0.020698307750785634,,stocks,mcap,
2026-03-31,asset,WBD,WBD,0.1979,,0.003375949779529104,,stocks,mcap,
2026-04-01,asset,WBD,WBD,0.08940000000000001,,0.020409454624619055,,stocks,mcap,
2026-04-02,asset,WBD,WBD,0.42424,,0.019326977579117506,,stocks,mcap,
2026-04-03,asset,WBD,WBD,,,0.015461582063294007,,stocks,mcap,
2026-04-04,asset,WBD,WBD,,,0.012369265650635206,,stocks,mcap,
2026-04-05,asset,WBD,WBD,0.1806,,0.009895412520508165,,stocks,mcap,
2026-04-06,asset,WBD,WBD,0.4767,,0.022142542676406748,,stocks,mcap,
2026-04-07,asset,WBD,WBD,0.12323333333333335,,0.02019639249032905,,stocks,mcap,
2026-04-08,asset,WBD,WBD,0.5887,,0.02933865190644734,,stocks,mcap,
2026-04-09,asset,WBD,WBD,-0.33249999999999996,,0.03212125781174765,,stocks,mcap,
2026-04-10,asset,WBD,WBD,0.20083333333333334,,0.02623143999258174,,stocks,mcap,
2026-04-11,asset,WBD,WBD,,,0.020985151994065393,,stocks,mcap,
2026-04-12,asset,WBD,WBD,,,0.016788121595252316,,stocks,mcap,
2026-04-13,asset,WBD,WBD,0.0,,0.009656472890206103,,stocks,mcap,
2026-04-14,asset,WBD,WBD,-0.06396250000000002,,0.003449298218057617,,stocks,mcap,
2026-04-15,asset,WBD,WBD,0.1173,,-0.01185327190386297,,stocks,mcap,
2026-04-16,asset,WBD,WBD,0.20792222222222223,,-0.009053098695821132,,stocks,mcap,
2026-04-17,asset,WBD,WBD,0.22034444444444443,44.90512060451093,-0.0020525755603714654,,stocks,mcap,
2026-04-18,asset,WBD,WBD,0.8605666666666666,44.90512060451093,-0.001642060448297178,,stocks,mcap,
2026-04-19,asset,WBD,WBD,,44.90512060451093,-0.001313648358637745,,stocks,mcap,
2026-04-20,asset,WBD,WBD,,44.90512060451093,0.00041798355164657935,,stocks,mcap,
2026-04-21,asset,WBD,WBD,0.4588,40.37445756583321,-0.006754108996380646,,stocks,mcap,
2026-04-22,asset,WBD,WBD,0.0772,41.31914018322472,-0.00992772930524801,,stocks,mcap,
2026-04-23,asset,WBD,WBD,0.21664285714285714,30.22968245651431,-0.039124139671828234,,stocks,mcap,
2026-04-24,asset,WBD,WBD,0.1366,37.38461048899756,-0.04472083650625594,,stocks,mcap,
2026-04-25,asset,WBD,WBD,0.4399333333333333,37.38461048899756,-0.035776669205004746,,stocks,mcap,
2026-04-26,asset,WBD,WBD,,37.38461048899756,-0.028621335364003797,,stocks,mcap,
2026-04-27,asset,WBD,WBD,0.73544,37.38461048899756,-0.06195995758095263,,stocks,mcap,
2026-04-28,asset,WBD,WBD,0.012800000000000002,43.359063627237475,-0.058826330883868745,,stocks,mcap,
2026-04-29,asset,WBD,WBD,0.44668,46.78659188278373,-0.04706960157601628,,stocks,mcap,
2026-04-30,asset,WBD,WBD,0.7793,46.78659188278373,-0.03765568126081302,,stocks,mcap,
2026-05-01,asset,WBD,WBD,,46.78659188278373,-0.030124545008650416,,stocks,mcap,
2026-05-02,asset,WBD,WBD,0.39289999999999997,46.78659188278373,-0.024099636006920333,,stocks,mcap,
2026-05-03,asset,WBD,WBD,0.0,46.78659188278373,-0.019279708805536255,,stocks,mcap,
2026-05-04,asset,WBD,WBD,0.21075,46.78659188278373,-0.015423767044428993,,stocks,mcap,
2026-05-05,asset,WBD,WBD,0.3404,46.78659188278373,-0.012339013635543197,,stocks,mcap,
2026-05-06,asset,WBD,WBD,0.16007333333333335,46.78659188278373,-0.009871210908434555,0.03317641528717643,stocks,mcap,
2026-05-07,asset,WBD,WBD,0.006371428571428568,46.78659188278373,-0.007896968726747639,-0.1738451936059566,stocks,mcap,
2026-05-08,asset,WBD,WBD,-0.05551999999999999,46.78659188278373,-0.006317574981398108,-0.23920507289922333,stocks,mcap,
2026-05-09,asset,WBD,WBD,0.34,46.78659188278373,-0.005054059985118486,0.3675214627483559,stocks,mcap,
2026-05-10,asset,WBD,WBD,0.0516,46.78659188278373,-0.004043247988094786,-0.062461417531085035,stocks,mcap,
2026-05-11,asset,WBD,WBD,,46.78659188278373,-0.0032345983904758235,,stocks,mcap,
2026-05-12,asset,WBD,WBD,,46.78659188278373,-0.0025876787123806505,,stocks,mcap,
2026-05-13,asset,WBD,WBD,0.17435,46.78659188278373,-0.002070142969904515,0.1361687836582214,stocks,mcap,
2026-05-14,asset,WBD,WBD,0.9062,46.78659188278373,-0.0016561143759236119,1.1934069316437768,stocks,mcap,
2026-05-15,asset,WBD,WBD,0.43125,46.78659188278373,-0.0013248915007388895,0.4925797298056634,stocks,mcap,
2026-05-16,asset,WBD,WBD,0.8565499999999999,46.78659188278373,-0.0010599132005911088,1.0663715564468361,stocks,mcap,
2026-05-17,asset,WBD,WBD,,46.78659188278373,-0.0008479305604728871,,stocks,mcap,
2026-05-18,asset,WBD,WBD,0.8779,46.78659188278373,-0.0006783444483783041,1.0437583099836019,stocks,mcap,
2026-05-19,asset,WBD,WBD,0.46795,46.78659188278373,-0.0005426755587026322,0.47736453382339217,stocks,mcap,
2026-05-20,asset,WBD,WBD,0.5349,46.78659188278373,-0.00043414044696210574,0.5616533516897576,stocks,mcap,
2026-05-21,asset,WBD,WBD,0.11234999999999998,46.78659188278373,-0.0003473123575696846,-0.0219314155118467,stocks,mcap,
2026-05-22,asset,WBD,WBD,,46.78659188278373,-0.00027784988605573935,,stocks,mcap,
2026-05-23,asset,WBD,WBD,,46.78659188278373,-0.0002222799088445887,,stocks,mcap,
2026-03-24,asset,WFC,WFC,0.48615693921817227,,0.0,,stocks,mcap,
2026-03-25,asset,WFC,WFC,0.3698731069483277,,0.04148148148149176,,stocks,mcap,
2026-03-26,asset,WFC,WFC,0.4617831232324351,,-0.013921705180955542,,stocks,mcap,
2026-03-27,asset,WFC,WFC,0.3400350333871235,,-0.16476668954406387,,stocks,mcap,
2026-03-28,asset,WFC,WFC,0.4751267710291852,,-0.1318133516352511,,stocks,mcap,
2026-03-29,asset,WFC,WFC,0.37645235109808267,,-0.10545068130820086,,stocks,mcap,
2026-03-30,asset,WFC,WFC,0.38558775618220426,,-0.29877692719055815,,stocks,mcap,
2026-03-31,asset,WFC,WFC,0.35881723114504194,,-0.15581233640456194,,stocks,mcap,
2026-04-01,asset,WFC,WFC,0.22122771782406478,,0.005117592742411248,,stocks,mcap,
2026-04-02,asset,WFC,WFC,0.24074561341874012,,0.1095095437381611,,stocks,mcap,
2026-04-03,asset,WFC,WFC,0.1443023598487356,,0.08760763499052887,,stocks,mcap,
2026-04-04,asset,WFC,WFC,0.500523713527297,,0.0700861079924231,,stocks,mcap,
2026-04-05,asset,WFC,WFC,0.23342227979625405,,0.05606888639393848,,stocks,mcap,
2026-04-06,asset,WFC,WFC,0.1341899299406778,,0.3273616536840741,,stocks,mcap,
2026-04-07,asset,WFC,WFC,0.3477199145949626,,0.3608940212328963,,stocks,mcap,
2026-04-08,asset,WFC,WFC,0.295511117583896,,0.5482746556638531,,stocks,mcap,
2026-04-09,asset,WFC,WFC,0.21343866641206255,,0.7220945929894071,,stocks,mcap,
2026-04-10,asset,WFC,WFC,0.18338461564350486,,0.7502982457441021,,stocks,mcap,
2026-04-11,asset,WFC,WFC,0.5347326553095618,,0.6002385965952817,,stocks,mcap,
2026-04-12,asset,WFC,WFC,0.3502065378654322,,0.48019087727622534,,stocks,mcap,
2026-04-13,asset,WFC,WFC,0.3230637706579516,,0.7060254113631088,,stocks,mcap,
2026-04-14,asset,WFC,WFC,0.38543439462416745,,0.37158433769069,,stocks,mcap,
2026-04-15,asset,WFC,WFC,0.2186560259950786,,0.04254951837418597,,stocks,mcap,
2026-04-16,asset,WFC,WFC,-0.039481495974731946,,-0.11469733222715028,,stocks,mcap,
2026-04-17,asset,WFC,WFC,0.37804857793389046,53.8280944033048,-0.206820385010279,,stocks,mcap,
2026-04-18,asset,WFC,WFC,0.4357070008659372,53.8280944033048,-0.1654563080082233,,stocks,mcap,
2026-04-19,asset,WFC,WFC,0.4470359531337399,53.8280944033048,-0.13236504640657876,,stocks,mcap,
2026-04-20,asset,WFC,WFC,0.29114364413415866,53.8280944033048,-0.18143322001539186,,stocks,mcap,
2026-04-21,asset,WFC,WFC,0.2664550943959949,52.095383982515834,-0.22545253338506588,,stocks,mcap,
2026-04-22,asset,WFC,WFC,0.3256964554009019,48.90475185328267,-0.3108371933290863,,stocks,mcap,
2026-04-23,asset,WFC,WFC,0.3177275231999315,48.67307785723925,-0.3595284878848539,,stocks,mcap,
2026-04-24,asset,WFC,WFC,0.2811427702620498,45.09104418622765,-0.4469431927097123,,stocks,mcap,
2026-04-25,asset,WFC,WFC,0.4647187354411952,45.09104418622765,-0.3575545541677698,,stocks,mcap,
2026-04-26,asset,WFC,WFC,0.6750508700319965,45.09104418622765,-0.28604364333421584,,stocks,mcap,
2026-04-27,asset,WFC,WFC,0.1964957175682341,45.09104418622765,-0.3046759644344252,,stocks,mcap,
2026-04-28,asset,WFC,WFC,-0.11081757349189196,49.40969637851202,-0.22196120917541434,,stocks,mcap,
2026-04-29,asset,WFC,WFC,0.06446843291663684,49.44681671865662,-0.16033934453571078,,stocks,mcap,
2026-04-30,asset,WFC,WFC,0.25568494167909533,49.44681671865662,-0.12827147562856864,,stocks,mcap,
2026-05-01,asset,WFC,WFC,0.20331046367507746,49.44681671865662,-0.10261718050285493,,stocks,mcap,
2026-05-02,asset,WFC,WFC,0.31190939539769164,49.44681671865662,-0.08209374440228395,,stocks,mcap,
2026-05-03,asset,WFC,WFC,0.09351145205721259,49.44681671865662,-0.06567499552182715,,stocks,mcap,
2026-05-04,asset,WFC,WFC,0.22461546343614092,49.44681671865662,-0.05253999641746171,,stocks,mcap,
2026-05-05,asset,WFC,WFC,0.14585104828492146,49.44681671865662,-0.04203199713396938,,stocks,mcap,
2026-05-06,asset,WFC,WFC,0.18858711074810255,49.44681671865662,-0.033625597707175506,-0.3327485956046263,stocks,mcap,
2026-05-07,asset,WFC,WFC,0.17189595034112862,49.44681671865662,-0.026900478165740413,-0.3638912090841926,stocks,mcap,
2026-05-08,asset,WFC,WFC,0.3926554152734631,49.44681671865662,-0.021520382532592336,0.22562809785926394,stocks,mcap,
2026-05-09,asset,WFC,WFC,0.3184810203011783,49.44681671865662,-0.01721630602607388,0.030869319223748887,stocks,mcap,
2026-05-10,asset,WFC,WFC,0.23098112149555328,49.44681671865662,-0.013773044820859101,-0.200185795938628,stocks,mcap,
2026-05-11,asset,WFC,WFC,0.27541988477770174,49.44681671865662,-0.011018435856687284,-0.07511788565944814,stocks,mcap,
2026-05-12,asset,WFC,WFC,0.561055095741761,49.44681671865662,-0.00881474868534983,0.6846115134977893,stocks,mcap,
2026-05-13,asset,WFC,WFC,0.36314755524530473,49.44681671865662,-0.007051798948279869,0.1508814584362933,stocks,mcap,
2026-05-14,asset,WFC,WFC,0.19767473750431303,49.44681671865662,-0.005641439158623904,-0.29348479758527135,stocks,mcap,
2026-05-15,asset,WFC,WFC,0.5343934158207714,49.44681671865662,-0.004513151326899126,0.6069542461808229,stocks,mcap,
2026-05-16,asset,WFC,WFC,0.39214955354033326,49.44681671865662,-0.003610521061519295,0.22193840678271742,stocks,mcap,
2026-05-17,asset,WFC,WFC,0.5490471939565675,49.44681671865662,-0.002888416849215439,0.626056369559785,stocks,mcap,
2026-05-18,asset,WFC,WFC,0.4486277459091707,49.44681671865662,-0.0023107334793723566,0.3526990453865489,stocks,mcap,
2026-05-19,asset,WFC,WFC,0.2066893081248868,49.44681671865662,-0.0018485867834978909,-0.2894985766400515,stocks,mcap,
2026-05-20,asset,WFC,WFC,0.25914590648903063,49.44681671865662,-0.0014788694267983127,-0.14683539997612036,stocks,mcap,
2026-05-21,asset,WFC,WFC,0.16479425658398517,49.44681671865662,-0.001183095541438653,-0.3952930907421795,stocks,mcap,
2026-05-22,asset,WFC,WFC,0.03230544684820807,49.44681671865662,-0.0009464764331509334,-0.726968824491171,stocks,mcap,
2026-05-23,asset,WFC,WFC,,49.44681671865662,-0.0007571811465207495,,stocks,mcap,
2026-03-24,asset,XLE,XLE,-0.3116277590651221,,0.0,,stocks,mcap,
2026-03-25,asset,XLE,XLE,-0.003549954822212459,,-0.017230769230764054,,stocks,mcap,
2026-03-26,asset,XLE,XLE,0.06599463625020263,,0.03353863686172076,,stocks,mcap,
2026-03-27,asset,XLE,XLE,-0.07114884828709479,,0.1299349677106818,,stocks,mcap,
2026-03-28,asset,XLE,XLE,0.13368260965072087,,0.10394797416854543,,stocks,mcap,
2026-03-29,asset,XLE,XLE,0.469113581859528,,0.08315837933483633,,stocks,mcap,
2026-03-30,asset,XLE,XLE,-0.23141749866656133,,0.12982818492993986,,stocks,mcap,
2026-03-31,asset,XLE,XLE,0.3641630162661197,,0.08517679147985166,,stocks,mcap,
2026-04-01,asset,XLE,XLE,0.11659786993710115,,-0.09466720525648598,,stocks,mcap,
2026-04-02,asset,XLE,XLE,0.18746353728651996,,-0.18559242540826598,,stocks,mcap,
2026-04-03,asset,XLE,XLE,0.24741228146725336,,-0.14847394032661276,,stocks,mcap,
2026-04-04,asset,XLE,XLE,0.14951762537653557,,-0.11877915226129021,,stocks,mcap,
2026-04-05,asset,XLE,XLE,-0.21049672013930976,,-0.09502332180903217,,stocks,mcap,
2026-04-06,asset,XLE,XLE,0.3843120490581418,,-0.18008729153908262,,stocks,mcap,
2026-04-07,asset,XLE,XLE,0.03530947087371411,,-0.14837116640650377,,stocks,mcap,
2026-04-08,asset,XLE,XLE,-0.004125605246882061,,-0.25440623973628224,,stocks,mcap,
2026-04-09,asset,XLE,XLE,0.07603999798936914,,-0.3519361658314711,,stocks,mcap,
2026-04-10,asset,XLE,XLE,0.019457735097920523,,-0.4171605877545087,,stocks,mcap,
2026-04-11,asset,XLE,XLE,0.07459521267132037,,-0.33372847020360696,,stocks,mcap,
2026-04-12,asset,XLE,XLE,-0.09431527123659847,,-0.26698277616288557,,stocks,mcap,
2026-04-13,asset,XLE,XLE,-0.10675896655799864,,-0.3578898860855204,,stocks,mcap,
2026-04-14,asset,XLE,XLE,0.1367200751728209,,-0.410724090274599,,stocks,mcap,
2026-04-15,asset,XLE,XLE,-0.3538351785121486,,-0.42801704417062214,,stocks,mcap,
2026-04-16,asset,XLE,XLE,,,-0.35669552783446545,,stocks,mcap,
2026-04-17,asset,XLE,XLE,-0.08272276426889003,20.95679574185715,-0.3846440286699171,,stocks,mcap,
2026-04-18,asset,XLE,XLE,0.23488130780793726,20.95679574185715,-0.3077152229359337,,stocks,mcap,
2026-04-19,asset,XLE,XLE,0.7598162589751184,20.95679574185715,-0.24617217834874694,,stocks,mcap,
2026-04-20,asset,XLE,XLE,0.09138339898213746,20.95679574185715,-0.31392303026928214,,stocks,mcap,
2026-04-21,asset,XLE,XLE,,28.68880518338281,-0.22429880109234746,,stocks,mcap,
2026-04-22,asset,XLE,XLE,,33.47184896672036,-0.10203676158031527,,stocks,mcap,
2026-04-23,asset,XLE,XLE,0.636034568632394,36.484765537631816,0.01982734675212905,,stocks,mcap,
2026-04-24,asset,XLE,XLE,0.7089440180946142,36.04526984244816,0.09990881596711354,,stocks,mcap,
2026-04-25,asset,XLE,XLE,0.14776866309940814,36.04526984244816,0.07992705277369083,,stocks,mcap,
2026-04-26,asset,XLE,XLE,,36.04526984244816,0.06394164221895271,,stocks,mcap,
2026-04-27,asset,XLE,XLE,0.3924998236358166,36.04526984244816,0.13224192202384533,,stocks,mcap,
2026-04-28,asset,XLE,XLE,0.25154181594406255,43.823356143636545,0.22964885791042855,,stocks,mcap,
2026-04-29,asset,XLE,XLE,0.19263756763400508,51.14548136128033,0.3732806736321965,,stocks,mcap,
2026-04-30,asset,XLE,XLE,0.5989266782533998,54.16724027391164,0.4928327845549817,,stocks,mcap,
2026-05-01,asset,XLE,XLE,0.9131320318294689,49.88012112748881,0.4992807355791832,,stocks,mcap,
2026-05-02,asset,XLE,XLE,,49.88012112748881,0.3994245884633466,,stocks,mcap,
2026-05-03,asset,XLE,XLE,-0.26929084881097076,49.88012112748881,0.31953967077067735,,stocks,mcap,
2026-05-04,asset,XLE,XLE,-0.05395686595560983,49.88012112748881,0.4254962307267224,,stocks,mcap,
2026-05-05,asset,XLE,XLE,0.31238265743454297,50.277116229981,0.4304778940894212,,stocks,mcap,
2026-05-06,asset,XLE,XLE,0.48274406734397635,39.16146026448789,0.2583573443319838,0.7681230862547138,stocks,mcap,
2026-05-07,asset,XLE,XLE,-0.08596509987159323,35.53540889618766,0.07301128276155877,-0.2828828214201222,stocks,mcap,
2026-05-08,asset,XLE,XLE,0.37006630385629835,34.71130603448886,-0.06002040300307704,0.15545727378049504,stocks,mcap,
2026-05-09,asset,XLE,XLE,-0.42940520523786546,34.71130603448886,-0.04801632240246162,-0.8617005308265927,stocks,mcap,
2026-05-10,asset,XLE,XLE,0.2619369064003229,34.71130603448886,-0.03841305792196925,0.050326565461579716,stocks,mcap,
2026-05-11,asset,XLE,XLE,0.19957281693930273,34.71130603448886,-0.03134819016425289,-0.022603481998446764,stocks,mcap,
2026-05-12,asset,XLE,XLE,-0.3135962901890278,37.81490176657248,0.008933267691820956,-0.5461787081651215,stocks,mcap,
2026-05-13,asset,XLE,XLE,0.3970976858932991,38.201608597254314,0.04084796801194379,0.4279944388941881,stocks,mcap,
2026-05-14,asset,XLE,XLE,0.022416296741552627,41.094533931150806,0.09000313694116785,0.07936676723751197,stocks,mcap,
2026-05-15,asset,XLE,XLE,0.06367608037441969,49.08637196099905,0.2065327944064257,0.5032272795216196,stocks,mcap,
2026-05-16,asset,XLE,XLE,-0.25506049510529266,49.08637196099905,0.16522623552514057,0.025320423926989855,stocks,mcap,
2026-05-17,asset,XLE,XLE,-0.06042070686817169,49.08637196099905,0.13218098842011247,0.23511915344497245,stocks,mcap,
2026-05-18,asset,XLE,XLE,0.041041637953929566,49.08637196099905,0.3670292541131194,0.6321593771776279,stocks,mcap,
2026-05-19,asset,XLE,XLE,-0.1690352832449334,53.48540141091707,0.4630372326537489,0.5631836284270088,stocks,mcap,
2026-05-20,asset,XLE,XLE,-0.29369010764269365,46.14293151188327,0.4038192706013506,0.10223129070587872,stocks,mcap,
2026-05-21,asset,XLE,XLE,0.17302319205080466,43.26663749542638,0.30182309816381475,0.5137129383870713,stocks,mcap,
2026-05-22,asset,XLE,XLE,0.30067011052146553,45.1090362822479,0.24181001635189942,0.6641165563008252,stocks,mcap,
2026-05-23,asset,XLE,XLE,,45.1090362822479,0.1934480130815195,,stocks,mcap,
2026-03-24,asset,XLF,XLF,0.4422450914233923,,0.0,,stocks,mcap,
2026-03-25,asset,XLF,XLF,0.41350754299005493,,0.0038290598290586786,,stocks,mcap,
2026-03-26,asset,XLF,XLF,0.4368716069628174,,-0.0124875350037712,,stocks,mcap,
2026-03-27,asset,XLF,XLF,0.46144330979492515,,-0.10117401203800114,,stocks,mcap,
2026-03-28,asset,XLF,XLF,-0.05525658652186394,,-0.08093920963040091,,stocks,mcap,
2026-03-29,asset,XLF,XLF,0.07226169397234916,,-0.06475136770432072,,stocks,mcap,
2026-03-30,asset,XLF,XLF,0.33639800262674685,,-0.10586880850576902,,stocks,mcap,
2026-03-31,asset,XLF,XLF,-0.09248190026432274,,-0.04273639067024598,,stocks,mcap,
2026-04-01,asset,XLF,XLF,0.4418486392203718,,0.004462424495355374,,stocks,mcap,
2026-04-02,asset,XLF,XLF,0.2836801051720977,,0.04046630881758011,,stocks,mcap,
2026-04-03,asset,XLF,XLF,,,0.03237304705406409,,stocks,mcap,
2026-04-04,asset,XLF,XLF,0.33539306752383713,,0.025898437643251268,,stocks,mcap,
2026-04-05,asset,XLF,XLF,0.2130067339166999,,0.020718750114601017,,stocks,mcap,
2026-04-06,asset,XLF,XLF,0.1609776152181439,,0.1053435784931117,,stocks,mcap,
2026-04-07,asset,XLF,XLF,0.37078676263198257,,0.11813483147188827,,stocks,mcap,
2026-04-08,asset,XLF,XLF,0.646412639055401,,0.2043279353600753,,stocks,mcap,
2026-04-09,asset,XLF,XLF,0.08164321787208317,,0.25560078779595763,,stocks,mcap,
2026-04-10,asset,XLF,XLF,0.2630937360004655,,0.2376817415578628,,stocks,mcap,
2026-04-11,asset,XLF,XLF,-0.18981974277148642,,0.19014539324629023,,stocks,mcap,
2026-04-12,asset,XLF,XLF,,,0.15211631459703218,,stocks,mcap,
2026-04-13,asset,XLF,XLF,,,0.24546044167700087,,stocks,mcap,
2026-04-14,asset,XLF,XLF,0.30726213460918517,,0.2532299647543117,,stocks,mcap,
2026-04-15,asset,XLF,XLF,0.7142454228237272,,0.2663365128193963,,stocks,mcap,
2026-04-16,asset,XLF,XLF,-0.5444640327662229,,0.24767074123393196,,stocks,mcap,
2026-04-17,asset,XLF,XLF,0.3116243441134691,69.9857432822217,0.24396623255748828,,stocks,mcap,
2026-04-18,asset,XLF,XLF,,69.9857432822217,0.19517298604599054,,stocks,mcap,
2026-04-19,asset,XLF,XLF,,69.9857432822217,0.15613838883679243,,stocks,mcap,
2026-04-20,asset,XLF,XLF,,69.9857432822217,0.2007139792649283,,stocks,mcap,
2026-04-21,asset,XLF,XLF,0.15963774765192842,62.82237526752638,0.15721709534829753,,stocks,mcap,
2026-04-22,asset,XLF,XLF,0.4238714312016964,61.320181573553334,0.10924744543480935,,stocks,mcap,
2026-04-23,asset,XLF,XLF,0.4947837004948408,54.881942666566985,0.040318351312622513,,stocks,mcap,
2026-04-24,asset,XLF,XLF,0.6058013305693866,49.676050812039676,-0.03631170313752119,,stocks,mcap,
2026-04-25,asset,XLF,XLF,,49.676050812039676,-0.029049362510016996,,stocks,mcap,
2026-04-26,asset,XLF,XLF,,49.676050812039676,-0.02323949000801362,,stocks,mcap,
2026-04-27,asset,XLF,XLF,,49.676050812039676,-0.05702220285041659,,stocks,mcap,
2026-04-28,asset,XLF,XLF,0.5071533564726157,50.342952305350856,-0.07726475328739557,,stocks,mcap,
2026-04-29,asset,XLF,XLF,0.42171702635232355,51.33342398928447,-0.08798917028790432,,stocks,mcap,
2026-04-30,asset,XLF,XLF,-0.11776182185485962,54.27971751791585,-0.08305059593496322,,stocks,mcap,
2026-05-01,asset,XLF,XLF,0.44741096265614033,50.95742852627359,-0.09516777996831216,,stocks,mcap,
2026-05-02,asset,XLF,XLF,,50.95742852627359,-0.07613422397464975,,stocks,mcap,
2026-05-03,asset,XLF,XLF,-0.04482959497161208,50.95742852627359,-0.06090737917971978,,stocks,mcap,
2026-05-04,asset,XLF,XLF,,50.95742852627359,-0.1106615883348887,,stocks,mcap,
2026-05-05,asset,XLF,XLF,,51.148939323791694,-0.12929444305130744,,stocks,mcap,
2026-05-06,asset,XLF,XLF,0.7131635666282848,55.0039098899338,-0.12332927744565159,0.1741530038806669,stocks,mcap,
2026-05-07,asset,XLF,XLF,0.2582076568890363,50.06817832971663,-0.1364396991742718,-0.6655907877759324,stocks,mcap,
2026-05-08,asset,XLF,XLF,,45.38032563011879,-0.16178443912055251,,stocks,mcap,
2026-05-09,asset,XLF,XLF,0.24198395494893193,45.38032563011879,-0.129427551296442,-0.7799345496117229,stocks,mcap,
2026-05-10,asset,XLF,XLF,,45.38032563011879,-0.10354204103715364,,stocks,mcap,
2026-05-11,asset,XLF,XLF,0.019875705242156982,45.38032563011879,-0.1474628524170402,-1.084863589053243,stocks,mcap,
2026-05-12,asset,XLF,XLF,-0.18552922016922388,53.01527084682625,-0.12920203238280492,-1.0226641689292384,stocks,mcap,
2026-05-13,asset,XLF,XLF,0.012106800630688669,44.89242591831589,-0.15160194255167153,-1.0593952362649526,stocks,mcap,
2026-05-14,asset,XLF,XLF,0.8879921293633524,49.15805655963136,-0.14116971808673484,0.32380658726442646,stocks,mcap,
2026-05-15,asset,XLF,XLF,0.32213102031704033,46.69292520188594,-0.141654723069796,-0.5272199990102517,stocks,mcap,
2026-05-16,asset,XLF,XLF,-0.0007079578936100006,46.69292520188594,-0.11332377845583683,-0.8909560755079524,stocks,mcap,
2026-05-17,asset,XLF,XLF,,46.69292520188594,-0.09065902276466947,,stocks,mcap,
2026-05-18,asset,XLF,XLF,,46.69292520188594,-0.0451824672222306,,stocks,mcap,
2026-05-19,asset,XLF,XLF,-0.00407169945538044,38.04830719594327,-0.06583355801260876,-1.0605520730841347,stocks,mcap,
2026-05-20,asset,XLF,XLF,0.2379481594237965,45.75936240593932,-0.04084617513787145,-0.3762211275891341,stocks,mcap,
2026-05-21,asset,XLF,XLF,0.5050791473310161,46.65321029907081,-0.019740919609181867,0.07702279894931577,stocks,mcap,
2026-05-22,asset,XLF,XLF,0.2615171491975896,49.16632106781118,0.005846922864897686,-0.11224328178430168,stocks,mcap,
2026-05-23,asset,XLF,XLF,,49.16632106781118,0.004677538291918137,,stocks,mcap,
2026-03-24,asset,XOM,XOM,-0.11471922307815619,,0.0,,stocks,mcap,
2026-03-25,asset,XOM,XOM,-0.1407634049496601,,-0.13529344729342938,,stocks,mcap,
2026-03-26,asset,XOM,XOM,-0.07209265379543416,,-0.07420776130063131,,stocks,mcap,
2026-03-27,asset,XOM,XOM,0.10433036168741992,,0.32327336318147354,,stocks,mcap,
2026-03-28,asset,XOM,XOM,0.05449290546235442,,0.25861869054517883,,stocks,mcap,
2026-03-29,asset,XOM,XOM,0.0735926315679694,,0.20689495243614306,,stocks,mcap,
2026-03-30,asset,XOM,XOM,-0.05615037942940917,,0.6527244813863367,,stocks,mcap,
2026-03-31,asset,XOM,XOM,-0.12075679971546541,,0.627307553713712,,stocks,mcap,
2026-04-01,asset,XOM,XOM,-0.10947222233136078,,0.007553601171144009,,stocks,mcap,
2026-04-02,asset,XOM,XOM,-0.06066132904193397,,-0.3912907092789472,,stocks,mcap,
2026-04-03,asset,XOM,XOM,-0.39181192749833893,,-0.31303256742315777,,stocks,mcap,
2026-04-04,asset,XOM,XOM,0.0948519884328488,,-0.25042605393852624,,stocks,mcap,
2026-04-05,asset,XOM,XOM,0.1377073426411185,,-0.200340843150821,,stocks,mcap,
2026-04-06,asset,XOM,XOM,-0.1659199928791938,,-0.40551345437724684,,stocks,mcap,
2026-04-07,asset,XOM,XOM,0.026835207354296342,,-0.3792101341986757,,stocks,mcap,
2026-04-08,asset,XOM,XOM,-0.13060901235578312,,-0.8334364852773916,,stocks,mcap,
2026-04-09,asset,XOM,XOM,0.0073622107256909215,,-1.1476856672066582,,stocks,mcap,
2026-04-10,asset,XOM,XOM,-0.003932037096420059,,-1.4412644482978856,,stocks,mcap,
2026-04-11,asset,XOM,XOM,-0.2673273861988299,,-1.1530115586383083,,stocks,mcap,
2026-04-12,asset,XOM,XOM,-0.025498776168243753,,-0.9224092469106466,,stocks,mcap,
2026-04-13,asset,XOM,XOM,0.2140790938717906,,-1.3401565403360678,,stocks,mcap,
2026-04-14,asset,XOM,XOM,0.047077443079420425,,-1.520111766860941,,stocks,mcap,
2026-04-15,asset,XOM,XOM,-0.03575001712522088,,-1.5486795129908204,,stocks,mcap,
2026-04-16,asset,XOM,XOM,0.04378518746783336,,-1.2731166727216112,,stocks,mcap,
2026-04-17,asset,XOM,XOM,-0.0880949965517572,16.230699141207495,-1.3615627609851098,,stocks,mcap,
2026-04-18,asset,XOM,XOM,0.24342540681852987,16.230699141207495,-1.089250208788088,,stocks,mcap,
2026-04-19,asset,XOM,XOM,0.0018662856251001406,16.230699141207495,-0.8714001670304699,,stocks,mcap,
2026-04-20,asset,XOM,XOM,-0.008403943945689663,16.230699141207495,-0.9999281450710304,,stocks,mcap,
2026-04-21,asset,XOM,XOM,-0.06805319256658074,18.149999554379278,-0.7983474057497846,,stocks,mcap,
2026-04-22,asset,XOM,XOM,0.0639535905190658,20.819074847347466,-0.5200796073201932,,stocks,mcap,
2026-04-23,asset,XOM,XOM,0.20782752277779926,23.254159385790032,-0.21416768011971055,,stocks,mcap,
2026-04-24,asset,XOM,XOM,0.0026930400033151752,22.10281931976779,-0.07559403493289274,,stocks,mcap,
2026-04-25,asset,XOM,XOM,-0.3090417897143902,22.10281931976779,-0.06047522794631366,,stocks,mcap,
2026-04-26,asset,XOM,XOM,0.3212589797257579,22.10281931976779,-0.048380182357050217,,stocks,mcap,
2026-04-27,asset,XOM,XOM,-0.014734226467642206,22.10281931976779,-0.01949495710746252,,stocks,mcap,
2026-04-28,asset,XOM,XOM,-0.018839899682100647,29.018286394312398,0.24164790423281435,,stocks,mcap,
2026-04-29,asset,XOM,XOM,-0.06510596156043878,37.466968784691716,0.693855839895873,,stocks,mcap,
2026-04-30,asset,XOM,XOM,-0.07417216283018925,37.466968784691716,0.5550846719166986,,stocks,mcap,
2026-05-01,asset,XOM,XOM,-0.04055842690563853,37.466968784691716,0.4440677375333588,,stocks,mcap,
2026-05-02,asset,XOM,XOM,0.0037929477825108526,37.466968784691716,0.35525419002668723,,stocks,mcap,
2026-05-03,asset,XOM,XOM,0.18339587851687988,37.466968784691716,0.28420335202135005,,stocks,mcap,
2026-05-04,asset,XOM,XOM,-0.019853506157889597,37.466968784691716,0.22736268161707995,,stocks,mcap,
2026-05-05,asset,XOM,XOM,0.06296305621689245,37.466968784691716,0.18189014529366387,,stocks,mcap,
2026-05-06,asset,XOM,XOM,0.031910735248611544,37.466968784691716,0.1455121162349311,0.6762287239025842,stocks,mcap,
2026-05-07,asset,XOM,XOM,-0.019023565660962378,37.466968784691716,0.11640969298794479,0.49333437646940526,stocks,mcap,
2026-05-08,asset,XOM,XOM,0.20479770213671764,37.466968784691716,0.09312775439035592,1.1027337832333304,stocks,mcap,
2026-05-09,asset,XOM,XOM,0.31113424240451304,37.466968784691716,0.07450220351228465,1.329443465253851,stocks,mcap,
2026-05-10,asset,XOM,XOM,-0.12467533876270703,37.466968784691716,0.059601762809827985,0.10124621801627107,stocks,mcap,
2026-05-11,asset,XOM,XOM,-0.018970822303121294,37.466968784691716,0.047681410247862654,0.3790067403519824,stocks,mcap,
2026-05-12,asset,XOM,XOM,-0.08076703257812842,37.466968784691716,0.0381451281982903,0.19186867114227937,stocks,mcap,
2026-05-13,asset,XOM,XOM,0.0468418731009215,37.466968784691716,0.03051610255863224,0.5392738542358814,stocks,mcap,
2026-05-14,asset,XOM,XOM,-0.10826514696360313,37.466968784691716,0.02441288204690606,0.08689452011357701,stocks,mcap,
2026-05-15,asset,XOM,XOM,-0.012319582461714731,37.466968784691716,0.019530305637525114,0.35257255326154185,stocks,mcap,
2026-05-16,asset,XOM,XOM,0.49095000000000005,37.466968784691716,0.015624244510020091,1.644480727489105,stocks,mcap,
2026-05-17,asset,XOM,XOM,0.434825,37.466968784691716,0.012499395608016162,1.4026601187015781,stocks,mcap,
2026-05-18,asset,XOM,XOM,0.46541002139658444,37.466968784691716,0.00999951648641284,1.3882692831540275,stocks,mcap,
2026-05-19,asset,XOM,XOM,0.4514666666666667,37.466968784691716,0.00799961318913045,1.2871818886378847,stocks,mcap,
2026-05-20,asset,XOM,XOM,0.0832923076923077,37.466968784691716,0.0063996905513046265,0.4561863504794206,stocks,mcap,
2026-05-21,asset,XOM,XOM,0.3192833333333333,37.466968784691716,0.00511975244104379,0.9617016849126371,stocks,mcap,
2026-05-22,asset,XOM,XOM,,37.466968784691716,0.00409580195283521,,stocks,mcap,
2026-05-23,asset,XOM,XOM,,37.466968784691716,0.0032766415622682565,,stocks,mcap,
2026-03-24,sector,AI,,0.19443538738910027,,0.0,,stocks,mcap,
2026-03-25,sector,AI,,0.21153481322781884,100.0,0.001091245409650421,,stocks,mcap,
2026-03-26,sector,AI,,0.12952353663961572,17.252855060054358,-0.0035182432436770836,,stocks,mcap,
2026-03-27,sector,AI,,0.14011815406341238,25.244029460193843,-0.005541293954469473,,stocks,mcap,
2026-03-28,sector,AI,,0.1603890135639562,36.90284096860036,-0.005207018915634994,,stocks,mcap,
2026-03-29,sector,AI,,0.2318997017350507,59.29696183345384,-0.00013086700627007583,,stocks,mcap,
2026-03-30,sector,AI,,0.1479676946408827,41.85973723520398,-0.002268390207880856,,stocks,mcap,
2026-03-31,sector,AI,,0.10889605429439687,36.819440145353056,-0.005947198794650151,,stocks,mcap,
2026-04-01,sector,AI,,0.17200417016219904,47.10638590507658,-0.0038647777760136056,,stocks,mcap,
2026-04-02,sector,AI,,0.1369045900308068,43.19481418819661,-0.004539070722376407,,stocks,mcap,
2026-04-03,sector,AI,,0.1741916852481223,47.799527303478975,-0.0022759770524936867,,stocks,mcap,
2026-04-04,sector,AI,,0.1816760491600676,48.635276356374504,-0.00018717474315261586,,stocks,mcap,
2026-04-05,sector,AI,,0.2372691895115429,54.09451802606364,0.00475350297994616,,stocks,mcap,
2026-04-06,sector,AI,,0.16287599838860792,47.35885245794015,0.002916424274301112,,stocks,mcap,
2026-04-07,sector,AI,,0.17467903940200183,48.37865779525727,0.0024216768914326024,,stocks,mcap,
2026-04-08,sector,AI,,0.1784125675540251,47.22078983810387,0.002273715301292764,,stocks,mcap,
2026-04-09,sector,AI,,0.19500871142117213,56.17227983809283,0.003166548547154713,,stocks,mcap,
2026-04-10,sector,AI,,0.15565778194297047,51.38936642534126,0.0010872993155892725,,stocks,mcap,
2026-04-11,sector,AI,,0.23961485605464675,56.3592254189113,0.005120954590541146,,stocks,mcap,
2026-04-12,sector,AI,,0.21431604276527516,48.47551631622987,0.005790481925090722,,stocks,mcap,
2026-04-13,sector,AI,,0.16338811156154487,51.41808780532321,0.002667553200763025,,stocks,mcap,0.16147719917167594
2026-04-14,sector,AI,,0.24653394637540335,61.70830728935426,0.0058814902080820556,,stocks,mcap,1.3261955540763621
2026-04-15,sector,AI,,0.18875339565560725,51.43782217235527,0.0038917742008919404,,stocks,mcap,0.417462014257182
2026-04-16,sector,AI,,0.17597335192951188,53.48746225444908,0.0016077705829851889,,stocks,mcap,0.24342233981173864
2026-04-17,sector,AI,,0.1919522782198665,51.64809001226639,0.0010907102816422871,,stocks,mcap,0.3171941044441443
2026-04-18,sector,AI,,0.2622827826641047,56.69858726942719,0.0051743457683633524,,stocks,mcap,1.30799214531555
2026-04-19,sector,AI,,0.28672237728924715,54.334074637266646,0.008987093288862078,,stocks,mcap,1.498795500081996
2026-04-20,sector,AI,,0.2043908048237163,53.588424610918956,0.005595813104493931,,stocks,mcap,0.5759966813620315
2026-04-21,sector,AI,,0.20128062579450665,52.33444875615425,0.002909934694518043,,stocks,mcap,0.4331157830407347
2026-04-22,sector,AI,,0.23736331016874015,54.89534022094413,0.003301551286226922,,stocks,mcap,0.9395662145332216
2026-04-23,sector,AI,,0.16864142718345565,47.984881356441484,-0.0010943546143689937,,stocks,mcap,-0.04322548591159487
2026-04-24,sector,AI,,0.30260033545279685,59.8112861509677,0.004676562641898439,,stocks,mcap,1.453566623565499
2026-04-25,sector,AI,,0.2766964132274141,52.68399113967988,0.00630459546454553,,stocks,mcap,1.1657873290121206
2026-04-26,sector,AI,,0.24524547335359578,52.218933937668226,0.0048822372586178,,stocks,mcap,0.7039237700674561
2026-04-27,sector,AI,,0.21779620525147522,54.039416219300676,0.0018667651569115491,,stocks,mcap,0.46829049122131583
2026-04-28,sector,AI,,0.15375590269041653,42.910771913503524,-0.004328572911762283,,stocks,mcap,-0.36674947418661974
2026-04-29,sector,AI,,0.1820509733258343,49.46369792316578,-0.0062897260070423205,,stocks,mcap,-0.15016027251983172
2026-04-30,sector,AI,,0.2343278113849274,54.39170998744307,-0.003949371175838767,,stocks,mcap,0.5258896600609059
2026-05-01,sector,AI,,0.23635249104445266,53.413214705339,-0.002233573712946902,,stocks,mcap,0.5440108506718965
2026-05-02,sector,AI,,0.22804629897691522,47.090674103779655,-0.0016533829795753272,,stocks,mcap,0.3570646637272328
2026-05-03,sector,AI,,0.26423982996686557,48.12691008541016,0.0010282536594454477,,stocks,mcap,0.6881505402442906
2026-05-04,sector,AI,,0.19813243742333062,49.46410910734781,-0.0016444894878379548,,stocks,mcap,-0.013676468703365835
2026-05-05,sector,AI,,0.16325569411942628,46.91199847080721,-0.005536329343152462,,stocks,mcap,-0.454357583958205
2026-05-06,sector,AI,,0.24761694550434662,50.77214955938726,-0.0023661500472557367,,stocks,mcap,0.4672955974151055
2026-05-07,sector,AI,,0.18714112655008538,51.41063831683539,-0.004173590527250458,,stocks,mcap,-0.2107951939672752
2026-05-08,sector,AI,,0.19519699679186533,39.86412550838383,-0.0046231128746271905,,stocks,mcap,-0.4581827757814849
2026-05-09,sector,AI,,0.24175696319797832,46.826420629142234,-0.0017301752654556705,,stocks,mcap,0.2898968725272323
2026-05-10,sector,AI,,0.253129154033335,50.74318941160234,0.0008644407079873581,,stocks,mcap,0.5358883395682514
2026-05-11,sector,AI,,0.20465669562084882,48.808571506753964,-0.0006850555393379748,,stocks,mcap,-0.0951808573718357
2026-05-12,sector,AI,,0.1650862387212869,51.075089584891344,-0.0041811075681370494,,stocks,mcap,-0.4571256469267817
2026-05-13,sector,AI,,0.20039425398442534,51.71765978646565,-0.003925855471851554,,stocks,mcap,-0.21911689446684016
2026-05-14,sector,AI,,0.17079678552465932,43.787086044608294,-0.005465907882884072,,stocks,mcap,-0.6995093194719035
2026-05-15,sector,AI,,0.15368892818314392,42.14769889770401,-0.007240974572810773,,stocks,mcap,-0.9566161355712269
2026-05-16,sector,AI,,0.2554259056734999,52.208759556504916,-0.0014693883692044195,,stocks,mcap,0.3663940540495484
2026-05-17,sector,AI,,0.2092461472332044,45.633912766563974,-0.0007066139140889387,,stocks,mcap,-0.09326296762193567
2026-05-18,sector,AI,,0.21602627302342142,51.56838285922191,0.0002581350802077773,,stocks,mcap,0.13242776057043298
2026-05-19,sector,AI,,0.12742954042906884,47.13011922573604,-0.004788412560121436,,stocks,mcap,-0.9859979295915949
2026-05-20,sector,AI,,0.22215812617150651,47.993922547003045,-0.0016278688108308523,,stocks,mcap,-0.01072669279746484
2026-05-21,sector,AI,,0.24130979303059455,54.565661741458214,0.001691607738434197,,stocks,mcap,0.40619585288557813
2026-05-22,sector,AI,,0.08160925373831131,42.375257357466324,-0.006481097639632819,,stocks,mcap,-1.4753792280515552
2026-05-23,sector,AI,,,38.53307606707441,-0.005184878111706255,,stocks,mcap,
2026-03-24,sector,Ads,,0.08940759072771183,,0.0,,stocks,mcap,
2026-03-25,sector,Ads,,0.10472791972368607,100.0,0.0009777076054410915,,stocks,mcap,
2026-03-26,sector,Ads,,-0.017954175148160893,11.101492688742965,-0.0062922503374557865,,stocks,mcap,
2026-03-27,sector,Ads,,-0.04070588626136601,9.530286109145806,-0.011958917106624764,,stocks,mcap,
2026-03-28,sector,Ads,,0.030855814675161387,37.398238303193025,-0.01027749757843716,,stocks,mcap,
2026-03-29,sector,Ads,,0.03007809099648475,37.27345795525219,-0.008671691290186953,,stocks,mcap,
2026-03-30,sector,Ads,,0.09071387137242293,50.222361280768695,-0.0032584260407815084,,stocks,mcap,
2026-03-31,sector,Ads,,0.04840826053002143,43.89954376794655,-0.0023045440722680634,,stocks,mcap,
2026-04-01,sector,Ads,,0.04642284124715904,43.641692441765755,-0.0016173282684993386,,stocks,mcap,
2026-04-02,sector,Ads,,0.1861984737094542,60.1288920860784,0.007917266722372364,,stocks,mcap,
2026-04-03,sector,Ads,,0.0875303401935567,49.837175427171,0.007262439211936968,,stocks,mcap,
2026-04-04,sector,Ads,,0.016006728396059062,44.33624612713936,0.0019711536132595506,,stocks,mcap,
2026-04-05,sector,Ads,,0.24521585349917935,58.88103158888524,0.013238771887190831,,stocks,mcap,
2026-04-06,sector,Ads,,0.06519505885600656,48.85489371709869,0.008148251858862466,,stocks,mcap,
2026-04-07,sector,Ads,,0.10844771338698138,50.865090238056766,0.007301839528647871,,stocks,mcap,
2026-04-08,sector,Ads,,0.07007800828511676,48.45797490278335,0.0039343313382123645,,stocks,mcap,
2026-04-09,sector,Ads,,0.22109794280611098,60.376809201117496,0.011240616663266548,,stocks,mcap,
2026-04-10,sector,Ads,,0.05585776053881309,53.73020993321341,0.004645419977034049,,stocks,mcap,
2026-04-11,sector,Ads,,0.174917894931812,55.36806188899701,0.007815568971008468,,stocks,mcap,
2026-04-12,sector,Ads,,0.10236530504801515,52.556813337422795,0.004694173318770249,,stocks,mcap,
2026-04-13,sector,Ads,,0.07530124996840999,49.44159094261937,0.0006852611388775513,,stocks,mcap,0.09318243712319924
2026-04-14,sector,Ads,,0.132395988509598,53.010665238080925,0.0016994803442290287,,stocks,mcap,0.5915058818479482
2026-04-15,sector,Ads,,0.16564777209768583,54.180095145460605,0.004283458797872335,,stocks,mcap,0.7936074840220423
2026-04-16,sector,Ads,,0.11459825749468104,47.323110144469034,0.0023262007402859615,,stocks,mcap,0.23750385344986877
2026-04-17,sector,Ads,,0.15934188264883373,52.797592637717294,0.003733178824457886,,stocks,mcap,0.7322975093643472
2026-04-18,sector,Ads,,0.1518419797449774,55.56962645123192,0.003832470250165679,,stocks,mcap,0.7387266610879124
2026-04-19,sector,Ads,,0.10489732570028008,43.23547233749206,0.0005809171492350221,,stocks,mcap,0.07514103328242833
2026-04-20,sector,Ads,,0.17198745002373608,55.777348458802756,0.0026756805238710435,,stocks,mcap,0.7970702013821478
2026-04-21,sector,Ads,,0.151630040774727,52.39545600232617,0.0024248048161397123,,stocks,mcap,0.644100495646836
2026-04-22,sector,Ads,,0.14497216138896227,54.30611019200607,0.0015856246639217569,,stocks,mcap,0.42082518021832616
2026-04-23,sector,Ads,,0.05857770788823526,39.90558859891131,-0.0046705179466794994,,stocks,mcap,-0.3509145780934788
2026-04-24,sector,Ads,,0.36116340345013903,66.19922307789614,0.010840499091012722,,stocks,mcap,1.7687085609973818
2026-04-25,sector,Ads,,0.2783616223102781,55.7082592281843,0.014562400834513184,,stocks,mcap,1.3296526405485278
2026-04-26,sector,Ads,,0.24171257324169595,58.006764174044754,0.013612174147604628,,stocks,mcap,1.2068060729590804
2026-04-27,sector,Ads,,0.0809641843348131,50.28205544580845,0.0018326054796508062,,stocks,mcap,0.09610576815198496
2026-04-28,sector,Ads,,-0.0017894247114126998,43.48315781101959,-0.011143812726321835,,stocks,mcap,-0.5776832210246526
2026-04-29,sector,Ads,,0.15887901812530916,49.707472839083024,-0.008630122074787812,,stocks,mcap,0.2973080778692957
2026-04-30,sector,Ads,,0.2024570978711632,53.82170060216132,-0.003992066736394434,,stocks,mcap,0.5799533398639304
2026-05-01,sector,Ads,,0.16756146318049653,50.36062651217042,-0.0032645456917512992,,stocks,mcap,0.18825354627629245
2026-05-02,sector,Ads,,0.10509023587533528,48.043199245271914,-0.006778578977187231,,stocks,mcap,-0.17383571289484373
2026-05-03,sector,Ads,,0.35772763198441976,59.02778910041395,0.007358021035084712,,stocks,mcap,1.3458838954262367
2026-05-04,sector,Ads,,0.002008463601483844,44.96781475503953,-0.007024033015832492,,stocks,mcap,-0.5906624487468762
2026-05-05,sector,Ads,,0.04214273104871421,46.79617178489293,-0.013248645215913051,,stocks,mcap,-0.5970017949885844
2026-05-06,sector,Ads,,0.1997229672069083,51.47209864076423,-0.006508702752278914,,stocks,mcap,0.30747485426476423
2026-05-07,sector,Ads,,0.09602270286789848,50.997510025101874,-0.00865562400445439,,stocks,mcap,-0.3269821122169304
2026-05-08,sector,Ads,,0.0653236032414931,40.78401726320115,-0.011581622400995101,,stocks,mcap,-0.7285505827315377
2026-05-09,sector,Ads,,0.1247222789422005,45.14301702814512,-0.009066319190743403,,stocks,mcap,-0.23133659055087716
2026-05-10,sector,Ads,,0.14488162843944116,46.90664390261078,-0.00575586805222778,,stocks,mcap,-0.0875834244146439
2026-05-11,sector,Ads,,0.19822677056461746,54.02206629876535,1.0385629241978526e-05,,stocks,mcap,0.34564744156745886
2026-05-12,sector,Ads,,0.1175862274120527,54.100487586955126,-0.0015370648688150755,,stocks,mcap,-0.169249247665813
2026-05-13,sector,Ads,,0.17759425998380132,50.69061609044704,0.001391883259304553,,stocks,mcap,0.2351312343664579
2026-05-14,sector,Ads,,0.11107070839014489,46.68388291715762,-0.001105111460755454,,stocks,mcap,-0.33360588949619047
2026-05-15,sector,Ads,,0.09797306868466722,47.43427307624436,-0.003460049794167608,,stocks,mcap,-0.42554290553519325
2026-05-16,sector,Ads,,0.08134375558163551,49.09383441076801,-0.005819997169951736,,stocks,mcap,-0.5210830751044697
2026-05-17,sector,Ads,,0.02453153280216249,35.05106353894122,-0.010610486245518577,,stocks,mcap,-1.1430109766792564
2026-05-18,sector,Ads,,0.28913168576266923,64.02888831658677,0.003862703968402329,,stocks,mcap,0.8895564318018262
2026-05-19,sector,Ads,,0.007044130506232461,48.61301248714101,-0.005245849645263953,,stocks,mcap,-0.8127665604511255
2026-05-20,sector,Ads,,0.19835966478135353,49.94752561571276,0.0015659375662703014,,stocks,mcap,0.2232488107582637
2026-05-21,sector,Ads,,0.10888771548582625,50.50066645202731,7.643051802206638e-05,,stocks,mcap,-0.30432633927749936
2026-05-22,sector,Ads,,-0.10939379036426544,44.066801991956375,-0.014758583706012612,,stocks,mcap,-1.505217910081704
2026-05-23,sector,Ads,,,41.715476748327504,-0.011806866964810089,,stocks,mcap,
2026-03-24,sector,Apparel,,0.2502113440663765,,0.0,,stocks,mcap,
2026-03-25,sector,Apparel,,0.0064295715965926635,0.0,-0.015557583200350899,,stocks,mcap,
2026-03-26,sector,Apparel,,0.3535497819331104,58.74412684959701,-0.002305360964147093,,stocks,mcap,
2026-03-27,sector,Apparel,,0.23721250841538014,49.08101568636337,-0.0012619337212992285,,stocks,mcap,
2026-03-28,sector,Apparel,,0.43761259828512294,60.32355279685823,0.012290873940493646,,stocks,mcap,
2026-03-29,sector,Apparel,,0.18611476768067692,47.235160010882076,0.004106775372704505,,stocks,mcap,
2026-03-30,sector,Apparel,,0.06515737038564588,42.77186321128606,-0.008951145619665863,,stocks,mcap,
2026-03-31,sector,Apparel,,0.18971181590731045,47.846453907195546,-0.008690972570892436,,stocks,mcap,
2026-04-01,sector,Apparel,,0.12448034145284069,45.723087587023905,-0.012188800446490778,,stocks,mcap,
2026-04-02,sector,Apparel,,0.25534157029542165,50.16024528365864,-0.005316749621917208,,stocks,mcap,
2026-04-03,sector,Apparel,,0.27818038155483255,50.86133816277646,0.0008130756320016697,,stocks,mcap,
2026-04-04,sector,Apparel,,0.18146225739090807,48.00182699840051,-0.0014753447670836188,,stocks,mcap,
2026-04-05,sector,Apparel,,0.15321091221530028,47.22626085452777,-0.004547443180886231,,stocks,mcap,
2026-04-06,sector,Apparel,,0.22858650601655808,49.407189687954215,-0.0013260976197525271,,stocks,mcap,
2026-04-07,sector,Apparel,,0.1983519084575415,48.60153842822525,-0.0010657847999670199,,stocks,mcap,
2026-04-08,sector,Apparel,,0.187234357578271,55.575246222038636,-0.0014526015685415207,,stocks,mcap,
2026-04-09,sector,Apparel,,0.17605900083445983,43.09670465917637,-0.0022251273143476767,,stocks,mcap,
2026-04-10,sector,Apparel,,0.17550236287373952,47.36229686170077,-0.0025161775578045956,,stocks,mcap,
2026-04-11,sector,Apparel,,0.34500588700322316,45.934286061587954,0.008368386181254878,,stocks,mcap,
2026-04-12,sector,Apparel,,0.3348990514498462,58.28897575095511,0.01420563464257596,,stocks,mcap,
2026-04-13,sector,Apparel,,0.24037927230716793,60.058139391719095,0.01115391108992223,,stocks,mcap,0.6211191229426
2026-04-14,sector,Apparel,,0.21074154168880266,51.35478360446673,0.006805927219225909,,stocks,mcap,0.26023616670421024
2026-04-15,sector,Apparel,,0.22003748612656857,56.63413395279495,0.004342545094208753,,stocks,mcap,0.3408472071375287
2026-04-16,sector,Apparel,,0.3983176841481266,59.31304541669621,0.013963812141132667,,stocks,mcap,1.3841561719610667
2026-04-17,sector,Apparel,,0.1877444067063335,45.26684950108123,0.005807593729571282,,stocks,mcap,0.06340661491826824
2026-04-18,sector,Apparel,,0.17401428928826707,49.57311310673553,-0.0005148117832613681,,stocks,mcap,-0.04541790814229332
2026-04-19,sector,Apparel,,0.05540433578827253,44.92028464484714,-0.012048400713906376,,stocks,mcap,-0.830247435432997
2026-04-20,sector,Apparel,,0.24308357737425595,50.67426937690431,-0.0066695270379924475,,stocks,mcap,0.1584021653068817
2026-04-21,sector,Apparel,,0.18554433578696725,49.41906569520463,-0.006606288415197522,,stocks,mcap,-0.2841452746492654
2026-04-22,sector,Apparel,,0.18596608579892024,49.941909243157426,-0.006164109791805476,,stocks,mcap,-0.2946611918612607
2026-04-23,sector,Apparel,,0.13050059314231047,47.99464668466674,-0.009060142662662522,,stocks,mcap,-0.6333917918966445
2026-04-24,sector,Apparel,,0.03173789244329373,44.17545310341668,-0.016639163766940673,,stocks,mcap,-1.252995422100498
2026-04-25,sector,Apparel,,0.2647719502384159,46.908505915658246,-0.005543668351992766,,stocks,mcap,-0.027550263164554528
2026-04-26,sector,Apparel,,0.12520979207339555,42.65336876785198,-0.007090576880722694,,stocks,mcap,-0.8232871912227947
2026-04-27,sector,Apparel,,0.2877718813876938,51.58487388463974,0.0028166167397235403,,stocks,mcap,0.35393566726930414
2026-04-28,sector,Apparel,,0.17813109532502694,48.96485092648799,0.002005896993693258,,stocks,mcap,-0.2614101216006619
2026-04-29,sector,Apparel,,0.19416300438315318,49.182167119398976,0.002535462022058798,,stocks,mcap,0.024752622521896903
2026-04-30,sector,Apparel,,0.12628492146309825,40.75655954074919,-0.001483387582292885,,stocks,mcap,-0.7084401021360144
2026-05-01,sector,Apparel,,-0.1120990279110476,40.00056264240211,-0.019020325747851195,,stocks,mcap,-1.839036097445811
2026-05-02,sector,Apparel,,-0.01479915634007096,44.03572964204453,-0.02264491625372335,,stocks,mcap,-1.515236308719039
2026-05-03,sector,Apparel,,0.0586028603984634,50.104006010655986,-0.018833002670720064,,stocks,mcap,-1.0765130238503389
2026-05-04,sector,Apparel,,0.18830529422628461,48.14899028695445,-0.00692397388953464,,stocks,mcap,-0.3555273867051396
2026-05-05,sector,Apparel,,0.48302970671508916,58.66358764830924,0.019982977157018047,,stocks,mcap,1.2454563834679488
2026-05-06,sector,Apparel,,0.0900811942030691,47.727198231751004,0.010948603694682289,,stocks,mcap,-0.3807241188090552
2026-05-07,sector,Apparel,,0.15610370096745663,50.60385956164257,0.009126005242566727,,stocks,mcap,0.07871643859161169
2026-05-08,sector,Apparel,,0.13634076591790578,52.562595365628034,0.006423724776038382,,stocks,mcap,-0.13915423291691742
2026-05-09,sector,Apparel,,0.2264886543060163,48.99152020305762,0.010311345684427679,,stocks,mcap,0.32012029988170587
2026-05-10,sector,Apparel,,0.22372367502089724,52.796668034935074,0.012172609798912793,,stocks,mcap,0.5074448437933391
2026-05-11,sector,Apparel,,0.08901510574464255,44.26691433340629,0.004218146682611487,,stocks,mcap,-0.42589455362020423
2026-05-12,sector,Apparel,,0.1507521729029865,49.18781736624431,0.0030554495758710384,,stocks,mcap,-0.12468654031786656
2026-05-13,sector,Apparel,,0.052172071238680784,45.9845631382469,-0.004027380842609091,,stocks,mcap,-0.6339834219476382
2026-05-14,sector,Apparel,,0.21055254474025034,52.267006823572814,0.001958260361437824,,stocks,mcap,0.3061703677283302
2026-05-15,sector,Apparel,,0.02340701225232746,53.74879636106485,-0.006233936564578772,,stocks,mcap,-0.5446146447694612
2026-05-16,sector,Apparel,,0.14519699844865389,54.367142528752225,-0.0031533277851720568,,stocks,mcap,0.050506635059927425
2026-05-17,sector,Apparel,,0.1531966532570213,52.67756416239792,-0.00042327942516736,,stocks,mcap,0.07494072092944856
2026-05-18,sector,Apparel,,0.22860189100211428,51.176805574552,0.006246562379937802,,stocks,mcap,0.4023321081233817
2026-05-19,sector,Apparel,,0.17664881924397766,39.57424664601923,0.00689419930165799,,stocks,mcap,-0.0414868658532809
2026-05-20,sector,Apparel,,0.28450524943896205,58.2087113042709,0.013916240470113903,,stocks,mcap,1.0208363948092003
2026-05-21,sector,Apparel,,0.2708909088030436,55.07079499511918,0.016781828982712133,,stocks,mcap,1.0053132636208855
2026-05-22,sector,Apparel,,0.14087191632212984,50.182398434931805,0.009425092488374287,,stocks,mcap,0.1815530668662357
2026-05-23,sector,Apparel,,,46.28384876955324,0.007540073990699429,,stocks,mcap,
2026-03-24,sector,Auto,,0.125759249491376,,0.0,,stocks,mcap,
2026-03-25,sector,Auto,,0.16195257093625448,100.0,0.00230977322041388,,stocks,mcap,
2026-03-26,sector,Auto,,0.04942044759768369,24.335661928984322,-0.003550389458004568,,stocks,mcap,
2026-03-27,sector,Auto,,-0.0204414863867509,16.557827651756526,-0.011492906413805239,,stocks,mcap,
2026-03-28,sector,Auto,,0.038900475536677484,34.37394667676163,-0.012052557374079354,,stocks,mcap,
2026-03-29,sector,Auto,,0.25125508080980735,62.7982807056396,0.001836946519257511,,stocks,mcap,
2026-03-30,sector,Auto,,0.07855264765292175,46.439851305767526,-0.0005228373990601217,,stocks,mcap,
2026-03-31,sector,Auto,,0.12082976108543098,49.65052151018799,0.0007770277397582586,,stocks,mcap,
2026-04-01,sector,Auto,,0.0469019636955591,44.93979932697183,-0.0031151480063164334,,stocks,mcap,
2026-04-02,sector,Auto,,-0.061403685542862116,39.45557292813215,-0.012244374247978486,,stocks,mcap,
2026-04-03,sector,Auto,,0.12161368191621905,49.806374956904406,-0.005558051409185248,,stocks,mcap,
2026-04-04,sector,Auto,,0.03485780110068701,46.07259180371452,-0.006512987438647352,,stocks,mcap,
2026-04-05,sector,Auto,,0.04790697958091561,46.67388782171733,-0.005823087029072759,,stocks,mcap,
2026-04-06,sector,Auto,,-0.06141661823505893,42.686402651819215,-0.011934673429640004,,stocks,mcap,
2026-04-07,sector,Auto,,0.09409022066732561,48.89666469780869,-0.005060859224012986,,stocks,mcap,
2026-04-08,sector,Auto,,0.04257334235446247,45.88481829748928,-0.003608619452184065,,stocks,mcap,
2026-04-09,sector,Auto,,0.03204402436407647,49.355698825613715,-0.0030066911916144107,,stocks,mcap,
2026-04-10,sector,Auto,,0.10280971017704126,54.56697582040138,0.0022256342931057486,,stocks,mcap,
2026-04-11,sector,Auto,,0.22861339828838145,56.699678438683584,0.013593239961425307,,stocks,mcap,
2026-04-12,sector,Auto,,0.32034508145863616,52.667128679854756,0.026005034215059175,,stocks,mcap,
2026-04-13,sector,Auto,,0.13026069845953978,51.96968784909718,0.020376545177914665,,stocks,mcap,0.6114959045406779
2026-04-14,sector,Auto,,0.14835210999228965,51.06807470526744,0.016974661370636912,,stocks,mcap,0.8012979129877044
2026-04-15,sector,Auto,,0.16629482006177412,54.843821206854315,0.015098524488575514,,stocks,mcap,0.8892791103846818
2026-04-16,sector,Auto,,0.07315747755973767,55.52723367496404,0.007153764372851999,,stocks,mcap,0.2714817835561294
2026-04-17,sector,Auto,,0.06494943882531064,47.28215137471597,0.0012254711164442038,,stocks,mcap,0.007268109153623942
2026-04-18,sector,Auto,,0.05341882508036269,50.95950237403347,-0.0033430009210503675,,stocks,mcap,-0.061645298631777166
2026-04-19,sector,Auto,,0.15454588414788079,55.052543375332576,0.0003774923559476326,,stocks,mcap,0.605015924545088
2026-04-20,sector,Auto,,0.12932826344341425,59.82012989821493,0.001034431422445298,,stocks,mcap,0.6034847084035524
2026-04-21,sector,Auto,,0.08258793330000846,49.33314410787221,-0.00163913048457222,,stocks,mcap,-0.0018018399019711778
2026-04-22,sector,Auto,,0.07082072878448217,51.716796711876945,-0.0040243942623363295,,stocks,mcap,-0.06103788626057258
2026-04-23,sector,Auto,,0.08303468367466864,53.09273573132208,-0.0045643249117686985,,stocks,mcap,-0.022908371975559047
2026-04-24,sector,Auto,,0.050228069051104204,46.65682454119463,-0.0067820369999362935,,stocks,mcap,-0.3302842929277776
2026-04-25,sector,Auto,,0.18633428520760728,47.34662746078099,0.0008599860257821317,,stocks,mcap,0.5205430224299874
2026-04-26,sector,Auto,,0.07949138551789965,35.165753233947115,-0.0012251125507616659,,stocks,mcap,-0.3459261730288802
2026-04-27,sector,Auto,,0.2874099500370947,59.47080947067318,0.010792455395859074,,stocks,mcap,1.2971109878430478
2026-04-28,sector,Auto,,0.14992459653065604,50.08284577279975,0.00895185142449546,,stocks,mcap,0.6202728411294645
2026-04-29,sector,Auto,,0.03851708945861819,43.871626460898476,0.0001655254306461157,,stocks,mcap,-0.2564255226422928
2026-04-30,sector,Auto,,0.22849119256300487,56.81679244198015,0.006719442174538548,,stocks,mcap,1.0006606190014062
2026-05-01,sector,Auto,,0.1717205422391713,54.49407871696562,0.006782770040037271,,stocks,mcap,0.767053503284021
2026-05-02,sector,Auto,,0.18139476353353884,55.3950377439146,0.006999499963210851,,stocks,mcap,0.8331281845366973
2026-05-03,sector,Auto,,0.2704674890800848,54.937044538427294,0.012352091759262829,,stocks,mcap,1.22803966984971
2026-05-04,sector,Auto,,0.17378645161968387,51.78480797512464,0.00876062645623461,,stocks,mcap,0.5793227703644529
2026-05-05,sector,Auto,,0.21034781017006382,55.17128211760319,0.008234721179572763,,stocks,mcap,0.9702766613459443
2026-05-06,sector,Auto,,0.13172353043293158,52.338566731177686,0.0022881714251537545,,stocks,mcap,0.33825757807801105
2026-05-07,sector,Auto,,0.06663419713643487,49.39482263393198,-0.005885651852043459,,stocks,mcap,-0.10885908407895775
2026-05-08,sector,Auto,,0.03924231408562629,49.59299963395273,-0.01260782390338802,,stocks,mcap,-0.35705819298309116
2026-05-09,sector,Auto,,0.24805074617851045,52.16959709739918,-0.0029652536362888768,,stocks,mcap,0.7630695068272056
2026-05-10,sector,Auto,,0.05354526483543705,49.140836977351775,-0.009302852716521443,,stocks,mcap,-0.32040772852731053
2026-05-11,sector,Auto,,0.15461797994919294,45.26797219710509,-0.006439971883735454,,stocks,mcap,0.16629304926915683
2026-05-12,sector,Auto,,0.12925895194320514,49.19962197729103,-0.00601438590802769,,stocks,mcap,-0.05299730065287464
2026-05-13,sector,Auto,,0.13289893662963695,53.988329714848184,-0.005274401805464123,,stocks,mcap,0.05763997020015163
2026-05-14,sector,Auto,,0.12723950445258003,44.93189421088611,-0.0049575958677913635,,stocks,mcap,-0.1861286233928211
2026-05-15,sector,Auto,,0.08744259436796924,45.70858603398808,-0.007089912021184488,,stocks,mcap,-0.377743809337724
2026-05-16,sector,Auto,,0.31181449823705804,55.449438995657324,0.006229284986014284,,stocks,mcap,1.0872897715664
2026-05-17,sector,Auto,,0.12324539430544695,44.32070878565605,0.0021678485677807703,,stocks,mcap,-0.09914380030250888
2026-05-18,sector,Auto,,0.053745580005137905,45.27006959472776,-0.00498074202313836,,stocks,mcap,-0.467829499483853
2026-05-19,sector,Auto,,0.1227197285588586,46.63321768678492,-0.004841123182630589,,stocks,mcap,-0.20816764459202763
2026-05-20,sector,Auto,,0.05769826021039225,47.12581183673382,-0.00868096825042571,,stocks,mcap,-0.533414330320048
2026-05-21,sector,Auto,,0.07808063220844881,50.46041633145107,-0.009343713922826938,,stocks,mcap,-0.4292518536853538
2026-05-22,sector,Auto,,-0.020564922517025325,47.7247604168668,-0.015555161020042948,,stocks,mcap,-1.0124366812159717
2026-05-23,sector,Auto,,,37.85091927667146,-0.012444128816034357,,stocks,mcap,
2026-03-24,sector,Banking,,0.38871307501255614,,0.0,,stocks,mcap,
2026-03-25,sector,Banking,,0.2841113025380802,0.0,-0.006675440750507899,,stocks,mcap,
2026-03-26,sector,Banking,,0.2936413271149386,8.35001710572557,-0.009886141468970457,,stocks,mcap,
2026-03-27,sector,Banking,,0.19986735427255842,4.583819189688853,-0.017326987283575707,,stocks,mcap,
2026-03-28,sector,Banking,,0.2129903388538708,10.248896896684215,-0.020167738858993124,,stocks,mcap,
2026-03-29,sector,Banking,,0.20397610758805565,9.8472940112553,-0.02134310263463693,,stocks,mcap,
2026-03-30,sector,Banking,,0.20412083551526017,9.903976507734853,-0.020779870463120107,,stocks,mcap,
2026-03-31,sector,Banking,,0.20965809016858686,12.020360821545125,-0.018764945609395078,,stocks,mcap,
2026-04-01,sector,Banking,,0.1918309533090491,11.175214545540783,-0.017394045372830742,,stocks,mcap,
2026-04-02,sector,Banking,,0.15089076239867857,9.621641080186095,-0.01793404871053566,,stocks,mcap,
2026-04-03,sector,Banking,,0.15167580601757472,9.861926887508616,-0.01693977920636444,,stocks,mcap,
2026-04-04,sector,Banking,,0.30557559113013705,40.74557905022124,-0.005225944177523083,,stocks,mcap,
2026-04-05,sector,Banking,,0.24813342313771672,36.125710778435575,-0.0008827904686613264,,stocks,mcap,
2026-04-06,sector,Banking,,0.10135653116466986,28.010543179018526,-0.007086233635667627,,stocks,mcap,
2026-04-07,sector,Banking,,0.18648419506803937,36.308574848137916,-0.004759126716855633,,stocks,mcap,
2026-04-08,sector,Banking,,0.17544956085979752,41.57604379318564,-0.0033332332588776464,,stocks,mcap,
2026-04-09,sector,Banking,,0.2048286523500471,43.320404410411776,3.975604309757602e-05,,stocks,mcap,
2026-04-10,sector,Banking,,0.2685921308227148,55.41314486685547,0.0066505702627216445,,stocks,mcap,
2026-04-11,sector,Banking,,0.4402702517750488,64.3240557627891,0.021815942988260312,,stocks,mcap,
2026-04-12,sector,Banking,,0.2893324854596443,54.56317517829805,0.02090983817523291,,stocks,mcap,
2026-04-13,sector,Banking,,0.2865897751915574,54.39659917556492,0.019387746624299287,,stocks,mcap,0.9664861164124162
2026-04-14,sector,Banking,,0.2768823376520707,53.56800646614601,0.017070695854046636,,stocks,mcap,0.8962113849076846
2026-04-15,sector,Banking,,0.2614822858416028,53.70637601411976,0.01397464676347844,,stocks,mcap,0.8030561790213285
2026-04-16,sector,Banking,,0.3067784437547213,58.257016428296744,0.014394275887139828,,stocks,mcap,1.031255462459044
2026-04-17,sector,Banking,,0.3506828497274402,60.08048761203145,0.016873840529548996,,stocks,mcap,1.232006112109711
2026-04-18,sector,Banking,,0.4650264934141104,58.41399173232828,0.024971358667892848,,stocks,mcap,1.6305661589885312
2026-04-19,sector,Banking,,0.33158321104942,54.07654650042908,0.020295518415568023,,stocks,mcap,1.0602999731902447
2026-04-20,sector,Banking,,0.3152362395828837,61.97393412352979,0.015285255268889564,,stocks,mcap,0.8256559169585097
2026-04-21,sector,Banking,,0.32111141289519274,58.27097953228386,0.011711355780251323,,stocks,mcap,0.755815317814486
2026-04-22,sector,Banking,,0.35719442277397495,60.83231493391675,0.011126191932138891,,stocks,mcap,1.085605315666491
2026-04-23,sector,Banking,,0.3073353857201142,55.963984769684885,0.006935005436972532,,stocks,mcap,0.6041180297535946
2026-04-24,sector,Banking,,0.325243257892924,53.48182799874365,0.005012262279376031,,stocks,mcap,0.6094287486830713
2026-04-25,sector,Banking,,0.3968868370962784,46.95977884362465,0.008029992158890146,,stocks,mcap,0.998274295817309
2026-04-26,sector,Banking,,0.423064717560667,61.35766451002264,0.011066303784561955,,stocks,mcap,1.248667300355853
2026-04-27,sector,Banking,,0.2996441665912116,50.92008914529413,0.004382848866349397,,stocks,mcap,0.43801535054363494
2026-04-28,sector,Banking,,0.2781203909014934,50.08582984343216,-0.001549584917921393,,stocks,mcap,0.2870884776481434
2026-04-29,sector,Banking,,0.16438952360097342,44.076503761538575,-0.0125812145798271,,stocks,mcap,-0.29870738228969584
2026-04-30,sector,Banking,,0.19809875455613082,43.274516010525176,-0.016792667417543518,,stocks,mcap,-0.26073799739985015
2026-05-01,sector,Banking,,0.2046783515403953,40.52711700491528,-0.018201670208189687,,stocks,mcap,-0.3199548978579495
2026-05-02,sector,Banking,,0.39600846441170123,45.928768896375,-0.0059484577460164854,,stocks,mcap,0.6995895551951113
2026-05-03,sector,Banking,,0.19112263398968626,42.35857748156715,-0.011046385219049212,,stocks,mcap,-0.3235288788238958
2026-05-04,sector,Banking,,0.37945598910257433,52.94299841579575,-0.0016329225384763535,,stocks,mcap,0.7334454991835772
2026-05-05,sector,Banking,,0.22820738764105256,46.243063608301306,-0.005285076293132327,,stocks,mcap,-0.12071070934311878
2026-05-06,sector,Banking,,0.20181350925772643,43.66693898218149,-0.008955070870234286,,stocks,mcap,-0.298109489969666
2026-05-07,sector,Banking,,0.3719173392712346,52.39727107544469,0.00011657456424720575,,stocks,mcap,0.685979973612853
2026-05-08,sector,Banking,,0.3131213178279975,49.56329202468822,0.002090763002350976,,stocks,mcap,0.46368145633771685
2026-05-09,sector,Banking,,0.4089598597122912,50.427493144248395,0.00937656398082678,,stocks,mcap,0.8853720465012598
2026-05-10,sector,Banking,,0.43463085097476273,50.40969179245215,0.015110346827577344,,stocks,mcap,1.036077920035232
2026-05-11,sector,Banking,,0.17278060829753505,45.90761362439796,0.0011874074205640958,,stocks,mcap,-0.24019053828158862
2026-05-12,sector,Banking,,0.30288985816089736,50.74670688248295,0.000685111592564422,,stocks,mcap,0.2561801185370183
2026-05-13,sector,Banking,,0.35450514842290326,55.95426933203259,0.003610083702666571,,stocks,mcap,0.7307165380946395
2026-05-14,sector,Banking,,0.31340907380842736,53.594793870320295,0.002605018261091268,,stocks,mcap,0.3484701935807303
2026-05-15,sector,Banking,,0.2628438216312163,51.76490333916228,-0.0014208695430429734,,stocks,mcap,0.10221514347771851
2026-05-16,sector,Banking,,0.3828019343173922,49.581134759938436,0.0037565346311914244,,stocks,mcap,0.7397575804851615
2026-05-17,sector,Banking,,0.41498010535055835,57.973508720726215,0.008820503129365432,,stocks,mcap,1.0201903470193234
2026-05-18,sector,Banking,,0.31864777829344826,47.68218389322924,0.005326567271911643,,stocks,mcap,0.3183479403707836
2026-05-19,sector,Banking,,0.284272396170578,52.346045235426914,0.0005936678083281518,,stocks,mcap,0.2144115376040294
2026-05-20,sector,Banking,,0.2572246179140884,52.31741453245178,-0.004201406159125206,,stocks,mcap,0.05798755863662236
2026-05-21,sector,Banking,,0.22213739571161883,42.938376895614404,-0.009287566876757693,,stocks,mcap,-0.27291101554159447
2026-05-22,sector,Banking,,0.12497513853493505,41.4392381761803,-0.01822986565067506,,stocks,mcap,-0.7558901634516344
2026-05-23,sector,Banking,,,35.843916657490624,-0.014583892520540048,,stocks,mcap,
2026-03-24,sector,Bonds,,-0.27336776630022525,,0.0,,stocks,mcap,
2026-03-25,sector,Bonds,,0.45783816311194503,100.0,0.04666385418470831,,stocks,mcap,
2026-03-26,sector,Bonds,,0.3710956897813658,89.3951167286697,0.06782359924933638,,stocks,mcap,
2026-03-27,sector,Bonds,,-0.2895469782030476,49.452884160362686,0.035109080623787335,,stocks,mcap,
2026-03-28,sector,Bonds,,0.5356695152766918,67.55869921920828,0.06508620610983129,,stocks,mcap,
2026-03-29,sector,Bonds,,0.7068652222325154,69.80266046420697,0.09089936581976032,,stocks,mcap,
2026-03-30,sector,Bonds,,-0.5019598365768903,46.8973571811584,0.02447258463166964,,stocks,mcap,
2026-03-31,sector,Bonds,,0.16832045936234213,55.072085512911585,0.023578132944891445,,stocks,mcap,
2026-04-01,sector,Bonds,,0.7435513443337177,60.314963174973464,0.057685393763211745,,stocks,mcap,
2026-04-02,sector,Bonds,,0.14033208834489602,53.738775059402144,0.03660567930958211,,stocks,mcap,
2026-04-03,sector,Bonds,,0.3231809305926164,55.21877648709615,0.03212246925244447,,stocks,mcap,
2026-04-04,sector,Bonds,,0.09222012292593718,53.07404337909964,0.01179506517477992,,stocks,mcap,
2026-04-05,sector,Bonds,,0.20447625709825273,53.94350251760441,0.0044788434206674554,,stocks,mcap,
2026-04-06,sector,Bonds,,0.22735063219264465,54.11673507289322,-1.3036130097190957e-05,,stocks,mcap,
2026-04-07,sector,Bonds,,0.023007493466621426,52.35748255136348,-0.016999662154373582,,stocks,mcap,
2026-04-08,sector,Bonds,,0.016783336074869818,46.03429322247633,-0.028245049984104986,,stocks,mcap,
2026-04-09,sector,Bonds,,0.10046245461519468,47.56528316717238,-0.029500645905765885,,stocks,mcap,
2026-04-10,sector,Bonds,,-0.19449218696169557,50.91537747821226,-0.04852529745468301,,stocks,mcap,
2026-04-11,sector,Bonds,,0.047326197828565335,44.70195312381164,-0.04332374564436472,,stocks,mcap,
2026-04-12,sector,Bonds,,0.1042642037825659,43.29616969193277,-0.03491024313232218,,stocks,mcap,
2026-04-13,sector,Bonds,,0.2408243492993371,60.85247427882078,-0.019763735409824776,,stocks,mcap,-0.017239093894884858
2026-04-14,sector,Bonds,,-0.4355669240063677,41.19260959825546,-0.05302673022034583,,stocks,mcap,-1.3376850933498698
2026-04-15,sector,Bonds,,0.12727840057710807,40.979383337529455,-0.03568211897917615,,stocks,mcap,-0.5386271443244608
2026-04-16,sector,Bonds,,0.28319197398955004,52.40617638555154,-0.013414980804996153,,stocks,mcap,-0.09392739285254087
2026-04-17,sector,Bonds,,0.28564131399600634,49.32681473312026,0.0010070683070963135,,stocks,mcap,-0.06814288142621511
2026-04-18,sector,Bonds,,0.14470242945411138,50.97254779413153,0.0006029431119223966,,stocks,mcap,-0.3691051916544985
2026-04-19,sector,Bonds,,0.2690021462142468,51.1904134927028,0.007852777662242884,,stocks,mcap,0.005590809631177696
2026-04-20,sector,Bonds,,-0.012862963630631568,45.95493884096256,-0.006418470835297688,,stocks,mcap,-0.6384335367007318
2026-04-21,sector,Bonds,,0.289225901970566,54.34009313230767,0.003850612657149366,,stocks,mcap,0.08249280066188794
2026-04-22,sector,Bonds,,0.19584241644642314,52.838489771080454,0.003715880611712949,,stocks,mcap,-0.03530806168243672
2026-04-23,sector,Bonds,,0.26951292972031515,52.688361483897665,0.00771982811011776,,stocks,mcap,0.07012626402531436
2026-04-24,sector,Bonds,,0.15835429827452382,55.959597876287575,0.0022949669517289203,,stocks,mcap,-0.20703575083733403
2026-04-25,sector,Bonds,,,52.04208172227017,0.0018359735613831321,,stocks,mcap,
2026-04-26,sector,Bonds,,0.3261148982167244,51.016133313662536,0.010699136899538317,,stocks,mcap,0.13920140191099065
2026-04-27,sector,Bonds,,0.5042075957320444,51.76876064345732,0.0246392285132407,,stocks,mcap,0.4438289003219673
2026-04-28,sector,Bonds,,0.10490909172222018,57.6816715153682,0.006076835012324658,,stocks,mcap,-0.15840064454055366
2026-04-29,sector,Bonds,,0.1737003400877687,46.859685172674936,-0.002025871023066325,,stocks,mcap,-0.35502693016576603
2026-04-30,sector,Bonds,,0.14653119488436728,41.55888581063379,-0.00926724112016479,,stocks,mcap,-0.5410864672178038
2026-05-01,sector,Bonds,,0.09780533132638564,40.38659325612011,-0.016943715439586587,,stocks,mcap,-0.6738147447676528
2026-05-02,sector,Bonds,,-0.15521789266467093,38.07889506586677,-0.037489653299700665,,stocks,mcap,-1.1442304598588169
2026-05-03,sector,Bonds,,0.5766415112546955,52.72230181407702,-0.002086514619908636,,stocks,mcap,0.3751935494314763
2026-05-04,sector,Bonds,,,59.21940625827344,-0.0016692116959269102,,stocks,mcap,
2026-05-05,sector,Bonds,,0.04482109762196029,53.013717857618595,-0.01616956637826275,,stocks,mcap,-0.5104642374926498
2026-05-06,sector,Bonds,,0.29734792907599894,60.85580000100436,-0.0063839233477501756,,stocks,mcap,0.19167113770031657
2026-05-07,sector,Bonds,,0.3499989801061206,60.46829406624675,0.003114322548384771,,stocks,mcap,0.2980894537675172
2026-05-08,sector,Bonds,,0.01604721701499076,54.726007053211426,-0.012744666850086253,,stocks,mcap,-0.5123708536698376
2026-05-09,sector,Bonds,,0.059851515438258646,55.555832757821626,-0.019529168637385998,,stocks,mcap,-0.49949001326681597
2026-05-10,sector,Bonds,,0.7807180447757245,65.85502228792424,0.022982738164294185,,stocks,mcap,0.994119178106666
2026-05-11,sector,Bonds,,-0.011928370192646975,50.21051173861221,-0.0024771081353291632,,stocks,mcap,-0.5829880396643262
2026-05-12,sector,Bonds,,0.22677062421619895,59.16878332090508,-0.003381984787703969,,stocks,mcap,-0.12095894107149552
2026-05-13,sector,Bonds,,0.25888452900862213,58.74430353721995,-0.0020249166160882653,,stocks,mcap,0.11114581951261426
2026-05-14,sector,Bonds,,0.4609769953436514,61.42688610950126,0.01153100488534916,,stocks,mcap,0.4910630833844013
2026-05-15,sector,Bonds,,-0.04837182232389848,54.63114576075768,-0.013406494663446261,,stocks,mcap,-0.6042096451867095
2026-05-16,sector,Bonds,,-0.23564211133588106,55.5077456941204,-0.04057880447360327,,stocks,mcap,-0.9820442222966419
2026-05-17,sector,Bonds,,-0.19953535269557615,46.40871782247857,-0.05337954404445125,,stocks,mcap,-1.257642065591963
2026-05-18,sector,Bonds,,0.2455723311735214,52.60906600083457,-0.03027827956654683,,stocks,mcap,-0.30755476666178405
2026-05-19,sector,Bonds,,-0.5367475902036017,43.71889006682147,-0.0641478928935712,,stocks,mcap,-1.7592777519882468
2026-05-20,sector,Bonds,,0.46902269166468713,51.59467548099523,-0.017692302131863395,,stocks,mcap,-0.06719215717030078
2026-05-21,sector,Bonds,,0.030025635134056206,47.22683250171101,-0.015487060398430966,,stocks,mcap,-0.8323444418219368
2026-05-22,sector,Bonds,,0.4100985710312333,53.388105704823104,0.01117374898339435,,stocks,mcap,0.07215655298340434
2026-05-23,sector,Bonds,,,53.0343272345932,0.00893899918671548,,stocks,mcap,
2026-03-24,sector,Brokerage,,0.1776040585152763,,0.0,,stocks,mcap,
2026-03-25,sector,Brokerage,,0.10536798123417862,0.0,-0.004609937695431854,,stocks,mcap,
2026-03-26,sector,Brokerage,,0.2192988195993273,61.19821987148329,2.361013971517354e-05,,stocks,mcap,
2026-03-27,sector,Brokerage,,0.31326660905557085,74.21380644191535,0.008933848438934596,,stocks,mcap,
2026-03-28,sector,Brokerage,,0.3044155688892083,71.94078989189507,0.01347552450195108,,stocks,mcap,
2026-03-29,sector,Brokerage,,0.3483627299124611,75.64460709200164,0.018379732631980825,,stocks,mcap,
2026-03-30,sector,Brokerage,,0.30457992910239956,66.85300986835239,0.017613469804684555,,stocks,mcap,
2026-03-31,sector,Brokerage,,0.11575589914638915,44.53193513062329,0.00403689733834986,,stocks,mcap,
2026-04-01,sector,Brokerage,,0.2256929531013613,53.55962597278556,0.0021998108393297845,,stocks,mcap,
2026-04-02,sector,Brokerage,,0.24617101125914256,54.92610640083534,0.002103031889775975,,stocks,mcap,
2026-04-03,sector,Brokerage,,0.10758436636036015,45.804900496112,-0.007053813670673842,,stocks,mcap,
2026-04-04,sector,Brokerage,,0.4407023630632241,61.26605430037955,0.008709848822234134,,stocks,mcap,
2026-04-05,sector,Brokerage,,0.08206242292291557,46.87015425488244,-0.004899381227523536,,stocks,mcap,
2026-04-06,sector,Brokerage,,0.1865502966150666,50.27429199609684,-0.006638651139508544,,stocks,mcap,
2026-04-07,sector,Brokerage,,0.07556564552106387,47.07084464586926,-0.014582706913623804,,stocks,mcap,
2026-04-08,sector,Brokerage,,0.11333698110561398,50.23337920106228,-0.01647286524128452,,stocks,mcap,
2026-04-09,sector,Brokerage,,0.2264581351951245,50.2097663627132,-0.009623278332041837,,stocks,mcap,
2026-04-10,sector,Brokerage,,0.16788722020910635,45.65019053792009,-0.008589908436011451,,stocks,mcap,
2026-04-11,sector,Brokerage,,0.37935125531730224,51.99965684244647,0.005996376160490517,,stocks,mcap,
2026-04-12,sector,Brokerage,,0.15435672864649816,45.27911032548755,0.0004452952662521068,,stocks,mcap,
2026-04-13,sector,Brokerage,,0.27865406173617857,49.392915181626584,0.004853476203674548,,stocks,mcap,0.23777529792615484
2026-04-14,sector,Brokerage,,0.26284733075729766,53.74801409739867,0.006320669271063076,,stocks,mcap,0.3173842926013497
2026-04-15,sector,Brokerage,,0.21230588690900043,49.64823876622272,0.003636501120391233,,stocks,mcap,-0.1347647242540877
2026-04-16,sector,Brokerage,,0.3030210070861802,51.44062653794081,0.007497424306680829,,stocks,mcap,0.4798629397557427
2026-04-17,sector,Brokerage,,0.3250285789925576,55.85622937188653,0.010856444606339239,,stocks,mcap,0.7275132526858307
2026-04-18,sector,Brokerage,,0.3255416473470196,46.221552290020625,0.012328323470611493,,stocks,mcap,0.6310227324747183
2026-04-19,sector,Brokerage,,0.2825725070615247,58.29757626789536,0.00973718860497183,,stocks,mcap,0.4849204453508348
2026-04-20,sector,Brokerage,,0.2905113475422812,54.675786518847936,0.007961902398099109,,stocks,mcap,0.6285126803926255
2026-04-21,sector,Brokerage,,0.2873114860614508,60.54604563008179,0.006062045038169834,,stocks,mcap,0.4974151408025994
2026-04-22,sector,Brokerage,,0.21539554626529064,54.91585215527745,-0.00021541365664166923,,stocks,mcap,0.032366207038236616
2026-04-23,sector,Brokerage,,0.08402062659347584,43.257775501845714,-0.012701635519484233,,stocks,mcap,-0.8984401205858343
2026-04-24,sector,Brokerage,,0.2952545042822799,55.26758439929466,-0.006531398822204512,,stocks,mcap,0.28380716596635436
2026-04-25,sector,Brokerage,,0.08939512924124698,37.95230609247995,-0.015594139942855384,,stocks,mcap,-1.1316322645977572
2026-04-26,sector,Brokerage,,0.1966951576023888,51.949869765632435,-0.013708888855989865,,stocks,mcap,-0.544058293038139
2026-04-27,sector,Brokerage,,0.17737271157973586,44.8362639388095,-0.013109981499770874,,stocks,mcap,-0.7739445021987388
2026-04-28,sector,Brokerage,,0.2599431998868277,49.8613729885274,-0.006816275858396805,,stocks,mcap,-0.11071647393028328
2026-04-29,sector,Brokerage,,0.12457313466835039,46.125873464959305,-0.011176028733698514,,stocks,mcap,-0.9343660444086576
2026-04-30,sector,Brokerage,,0.4142134242895843,54.17634796058778,0.005164022808758635,,stocks,mcap,0.670105265148764
2026-05-01,sector,Brokerage,,0.17494229839916114,45.153752960000936,-0.00014392252109867083,,stocks,mcap,-0.5551969246075494
2026-05-02,sector,Brokerage,,-0.016694808841849283,40.163377597706294,-0.01570194181698469,,stocks,mcap,-1.5414372070497666
2026-05-03,sector,Brokerage,,0.32733116000745205,51.09667082285605,-0.00264837780690336,,stocks,mcap,0.13274792835423124
2026-05-04,sector,Brokerage,,0.49768708014631075,54.70196215871935,0.01657690233041142,,stocks,mcap,1.0820933855630732
2026-05-05,sector,Brokerage,,0.1700595205598218,47.680480150738795,0.006844749207762233,,stocks,mcap,-0.31750181788704435
2026-05-06,sector,Brokerage,,0.2967020221636723,51.5743451050675,0.008447666944264218,,stocks,mcap,0.3848092041527451
2026-05-07,sector,Brokerage,,0.47859671113232316,57.49360684346106,0.020577971478708504,,stocks,mcap,1.2950381151352395
2026-05-08,sector,Brokerage,,0.2993060789876397,50.07789068624978,0.015573842742474364,,stocks,mcap,0.4163595337879161
2026-05-09,sector,Brokerage,,0.3269064405720751,54.902094722054855,0.013260311825430325,,stocks,mcap,0.7965281442251391
2026-05-10,sector,Brokerage,,0.2670522662738491,51.481137847737365,0.007143107506288007,,stocks,mcap,0.26900042622839104
2026-05-11,sector,Brokerage,,0.37628477308516045,54.03470549675427,0.009736944730903974,,stocks,mcap,0.8944451374448101
2026-05-12,sector,Brokerage,,0.4009092235330005,52.92816949025834,0.012233039836908686,,stocks,mcap,1.0030196228623087
2026-05-13,sector,Brokerage,,0.29052590226820096,53.48335751130935,0.00589326048628196,,stocks,mcap,0.41941830550529835
2026-05-14,sector,Brokerage,,0.4216599013405592,50.16744385359694,0.009747307137808858,,stocks,mcap,0.9732288289549275
2026-05-15,sector,Brokerage,,0.2089131553744242,50.773101612030906,-0.0021792709186038393,,stocks,mcap,0.0015241938535142247
2026-05-16,sector,Brokerage,,0.17003143665489034,54.56700932716338,-0.01227100103327856,,stocks,mcap,-0.23763482004363584
2026-05-17,sector,Brokerage,,0.3787818961405151,51.34757000984553,-0.004852383643923163,,stocks,mcap,0.549426457894446
2026-05-18,sector,Brokerage,,0.2644526470763367,43.706546314770776,-0.0074546485157586,,stocks,mcap,-0.22052098026412803
2026-05-19,sector,Brokerage,,0.47845965536251756,58.86527341828905,0.004769250315085315,,stocks,mcap,1.1337423793026793
2026-05-20,sector,Brokerage,,0.41066960200092156,53.39084398273897,0.007650604117267229,,stocks,mcap,0.885774833680856
2026-05-21,sector,Brokerage,,0.2662013408553191,43.536720751067435,-0.0003856749977056567,,stocks,mcap,-0.07991740911779258
2026-05-22,sector,Brokerage,,0.15260340234456302,45.34985883172788,-0.012872688981737847,,stocks,mcap,-0.605894659553489
2026-05-23,sector,Brokerage,,,44.37659533488039,-0.010298151185390281,,stocks,mcap,
2026-03-24,sector,Chips,,0.20714145842746964,,0.0,,stocks,mcap,
2026-03-25,sector,Chips,,0.1967336562356001,0.0,-0.0006642016213614932,,stocks,mcap,
2026-03-26,sector,Chips,,0.16457881718004685,0.0,-0.0030962246424833806,,stocks,mcap,
2026-03-27,sector,Chips,,0.12724401819060158,0.0,-0.006832309222476574,,stocks,mcap,
2026-03-28,sector,Chips,,0.1920834545744674,44.79814536399733,-0.0046538093777964695,,stocks,mcap,
2026-03-29,sector,Chips,,0.17245754343988598,39.44897581099161,-0.004262137341164717,,stocks,mcap,
2026-03-30,sector,Chips,,0.1230366361742504,30.32945818319378,-0.006902679226776084,,stocks,mcap,
2026-03-31,sector,Chips,,0.08985013070824434,26.253951390094997,-0.010253558287615708,,stocks,mcap,
2026-04-01,sector,Chips,,0.11304334688086977,32.58496418388735,-0.010252612255849461,,stocks,mcap,
2026-04-02,sector,Chips,,0.028336533098226358,24.806998447513706,-0.01501341684460896,,stocks,mcap,
2026-04-03,sector,Chips,,0.17611896373075997,46.91412210666725,-0.007638086173273988,,stocks,mcap,
2026-04-04,sector,Chips,,0.21318274274126015,50.55967206713549,-9.108500201510453e-05,,stocks,mcap,
2026-04-05,sector,Chips,,0.19021467170020936,48.49589011314898,0.003337004816762197,,stocks,mcap,
2026-04-06,sector,Chips,,0.2054031384037466,49.8495932419049,0.006431190052673126,,stocks,mcap,
2026-04-07,sector,Chips,,0.11394018663004178,43.03778060647133,0.00233298570880139,,stocks,mcap,
2026-04-08,sector,Chips,,0.22131873485187384,51.60412791627771,0.00662584821310073,,stocks,mcap,
2026-04-09,sector,Chips,,0.16287291540991097,49.89238538890576,0.005355404513066826,,stocks,mcap,
2026-04-10,sector,Chips,,0.13176978315160573,50.287764541107464,0.0023973273897588254,,stocks,mcap,
2026-04-11,sector,Chips,,0.2016107914581852,50.60195396871793,0.004973096855311696,,stocks,mcap,
2026-04-12,sector,Chips,,0.11835346096433451,46.83601479621453,0.0011006350524011919,,stocks,mcap,
2026-04-13,sector,Chips,,0.18687398946544317,53.651610536802096,0.003073147470450073,,stocks,mcap,0.6788278723197751
2026-04-14,sector,Chips,,0.21055741968611766,56.9805640481399,0.0057373709445129265,,stocks,mcap,0.9527813784791986
2026-04-15,sector,Chips,,0.19802060893612725,54.97560422937325,0.00637091472029034,,stocks,mcap,0.8781399508149165
2026-04-16,sector,Chips,,0.1993071566212015,61.09451263940472,0.006566110228466943,,stocks,mcap,0.9759121574535533
2026-04-17,sector,Chips,,0.17932310778937607,50.24926419742503,0.005103919792529702,,stocks,mcap,0.4706414806092989
2026-04-18,sector,Chips,,0.2051792462595441,49.366323527623194,0.0055933431914837305,,stocks,mcap,0.8405078040180571
2026-04-19,sector,Chips,,0.33289857378867244,59.689723034426024,0.013768266344007105,,stocks,mcap,1.8171404878516388
2026-04-20,sector,Chips,,0.20067521421063997,49.7229620395374,0.009711453187422905,,stocks,mcap,0.6680820384702112
2026-04-21,sector,Chips,,0.2072044216567428,56.06900406515469,0.007033419839579868,,stocks,mcap,0.7248559175938015
2026-04-22,sector,Chips,,0.26299901512999807,52.90746154144031,0.008487937154585649,,stocks,mcap,1.1908360057962422
2026-04-23,sector,Chips,,0.2225318637744872,54.26865520338294,0.006293863567433576,,stocks,mcap,0.7379135494529278
2026-04-24,sector,Chips,,0.2634962310625669,59.29400081040453,0.0071103651435047086,,stocks,mcap,1.2207968907949434
2026-04-25,sector,Chips,,0.28838912281916357,56.53731160772208,0.008729184562565565,,stocks,mcap,1.3045478451687758
2026-04-26,sector,Chips,,0.2284355447410582,58.59463025746949,0.005331421007836179,,stocks,mcap,0.7529029087977095
2026-04-27,sector,Chips,,0.2238793195545145,53.2097735426734,0.00249065506888424,,stocks,mcap,0.5849621141353374
2026-04-28,sector,Chips,,0.13894112425309033,44.38481879366365,-0.004987544163175019,,stocks,mcap,-0.14262612480634848
2026-04-29,sector,Chips,,0.11304964808785414,43.474384982112966,-0.011200785887064952,,stocks,mcap,-0.44061511404732023
2026-04-30,sector,Chips,,0.2535479768853152,53.43179524092602,-0.005651330860553503,,stocks,mcap,0.6986513380497072
2026-05-01,sector,Chips,,0.1497681450293362,48.30933775856134,-0.00859653800312499,,stocks,mcap,-0.2060573087850613
2026-05-02,sector,Chips,,0.16930999918594783,47.93320478037537,-0.008821947050797377,,stocks,mcap,-0.15546291040231697
2026-05-03,sector,Chips,,0.16020832991651668,38.47398885245727,-0.009138678775813725,,stocks,mcap,-0.39967465416724746
2026-05-04,sector,Chips,,0.28642738966615533,55.76967398955287,-0.0008393644957804106,,stocks,mcap,0.8730417958104181
2026-05-05,sector,Chips,,0.18488970440548194,48.66879044184788,-0.0021077335726589087,,stocks,mcap,-0.0027174351569291683
2026-05-06,sector,Chips,,0.25405054494898194,49.474548618467075,0.0015919338671736318,,stocks,mcap,0.639977849445782
2026-05-07,sector,Chips,,0.16968755625622653,47.04911955539488,-0.001589632793285431,,stocks,mcap,-0.10989852766583955
2026-05-08,sector,Chips,,0.15520769669433376,43.76874615883415,-0.004454039558433209,,stocks,mcap,-0.3178120913447997
2026-05-09,sector,Chips,,0.22464649953369817,46.510925728013504,-0.0016038550675066437,,stocks,mcap,0.3427343036289642
2026-05-10,sector,Chips,,0.21628952837253845,49.29536334337288,-0.00028237590949868044,,stocks,mcap,0.3684620879975531
2026-05-11,sector,Chips,,0.2219813074142872,49.89003397528926,0.0009088682500002208,,stocks,mcap,0.43440479396798737
2026-05-12,sector,Chips,,0.1148851057309504,48.641144506379064,-0.005243900282947301,,stocks,mcap,-0.5111297376720252
2026-05-13,sector,Chips,,0.1122082180076074,49.95118990964563,-0.009001466817039417,,stocks,mcap,-0.6151184558235925
2026-05-14,sector,Chips,,0.17002526289219178,44.64090574729783,-0.007179691676354701,,stocks,mcap,-0.19755647281742286
2026-05-15,sector,Chips,,0.09854368747322606,46.57115262268193,-0.010191565639932457,,stocks,mcap,-0.8423793026205373
2026-05-16,sector,Chips,,0.11105782984268843,46.06369955910228,-0.010691550689080478,,stocks,mcap,-0.8316948829571791
2026-05-17,sector,Chips,,0.10207360603236444,46.0710121304159,-0.010938529686368367,,stocks,mcap,-0.9149992405827748
2026-05-18,sector,Chips,,0.11268421906438016,36.082946646296286,-0.009738554512782082,,stocks,mcap,-1.0456771279570263
2026-05-19,sector,Chips,,0.19582083372746847,50.90219339133852,-0.0030439250527440048,,stocks,mcap,-0.01081502154962613
2026-05-20,sector,Chips,,0.13265078781801162,39.88027972073388,-0.002586307831532483,,stocks,mcap,-0.7437394088049167
2026-05-21,sector,Chips,,0.2144775488834728,53.74948754399461,0.0031973340993407175,,stocks,mcap,0.2805780942565771
2026-05-22,sector,Chips,,0.1702023377922609,51.19559831521897,0.003961216431947684,,stocks,mcap,0.03302522569034262
2026-05-23,sector,Chips,,,45.11832454692259,0.003168973145558149,,stocks,mcap,
2026-03-24,sector,Cloud,,0.17527540399782712,,0.0,,stocks,mcap,
2026-03-25,sector,Cloud,,0.17046886325745003,0.0,-0.0003067422010953003,,stocks,mcap,
2026-03-26,sector,Cloud,,0.10475164415495399,0.0,-0.0046761426053,,stocks,mcap,
2026-03-27,sector,Cloud,,0.09516891732871664,0.0,-0.007769857243619383,,stocks,mcap,
2026-03-28,sector,Cloud,,0.10413878402903463,10.069862944565159,-0.008700126871598126,,stocks,mcap,
2026-03-29,sector,Cloud,,0.16642375831846992,47.07598835968626,-0.004803349847373847,,stocks,mcap,
2026-03-30,sector,Cloud,,0.1259338048192159,37.14066466464056,-0.004633256972294284,,stocks,mcap,
2026-03-31,sector,Cloud,,0.10420905278922905,33.36275139401826,-0.005599782624918122,,stocks,mcap,
2026-04-01,sector,Cloud,,0.11388881869219405,36.251961750701824,-0.005211125873805216,,stocks,mcap,
2026-04-02,sector,Cloud,,0.18029541712390873,50.866528270326626,-0.00036138993766486605,,stocks,mcap,
2026-04-03,sector,Cloud,,0.15792471973319336,47.21973653636906,0.0013654968959363363,,stocks,mcap,
2026-04-04,sector,Cloud,,0.10337221960989447,40.19285190669933,-0.00101236356112769,,stocks,mcap,
2026-04-05,sector,Cloud,,0.19557452206372208,52.21225518119838,0.0035295073124070424,,stocks,mcap,
2026-04-06,sector,Cloud,,0.14655900319816476,47.172488420251184,0.003150203443077223,,stocks,mcap,
2026-04-07,sector,Cloud,,0.18773636827378182,51.13491807886746,0.0054550055147539675,,stocks,mcap,
2026-04-08,sector,Cloud,,0.14898629038691727,48.15734459981638,0.004208115911590843,,stocks,mcap,
2026-04-09,sector,Cloud,,0.18246404253026957,57.05597749300917,0.005400279015496135,,stocks,mcap,
2026-04-10,sector,Cloud,,0.11329470543369395,51.485059456070374,0.0014956921828100005,,stocks,mcap,
2026-04-11,sector,Cloud,,0.24049785182914304,59.35883186590563,0.00712987027361797,,stocks,mcap,
2026-04-12,sector,Cloud,,0.195313017444753,52.03043802767637,0.0074297598761368525,,stocks,mcap,
2026-04-13,sector,Cloud,,0.12318595428334488,49.81509446280552,0.0026341760637951803,,stocks,mcap,0.15669991992496504
2026-04-14,sector,Cloud,,0.2275196159179125,57.467478374046,0.006151548050475087,,stocks,mcap,1.3027588230744587
2026-04-15,sector,Cloud,,0.1435280166244593,51.64669080301285,0.0026624344189265384,,stocks,mcap,0.31266328212494376
2026-04-16,sector,Cloud,,0.15306670579272458,48.38519229603037,0.0009275127213311703,,stocks,mcap,0.2714657638728244
2026-04-17,sector,Cloud,,0.1705501069053595,50.753118467438235,0.0008879309726881474,,stocks,mcap,0.6195619222463866
2026-04-18,sector,Cloud,,0.221446173728794,57.074102135339096,0.004043324893812395,,stocks,mcap,1.1596056688545209
2026-04-19,sector,Cloud,,0.19159428107547372,49.742279273690194,0.0038734950172322376,,stocks,mcap,0.8358962184945637
2026-04-20,sector,Cloud,,0.17997165808432108,52.2735651473077,0.00278290297157199,,stocks,mcap,0.5462708501742729
2026-04-21,sector,Cloud,,0.1960284078726478,50.58420408089402,0.0029324557815401968,,stocks,mcap,0.8381812092086803
2026-04-22,sector,Cloud,,0.2103222864245798,54.47557271350168,0.0037322815721761125,,stocks,mcap,1.0094798468755453
2026-04-23,sector,Cloud,,0.07222605507893112,43.02157987725938,-0.004835929747627657,,stocks,mcap,-0.6116897868570085
2026-04-24,sector,Cloud,,0.2972881442462987,59.72746547777051,0.004360252229654959,,stocks,mcap,1.5392560109003197
2026-04-25,sector,Cloud,,0.2716262102726288,51.843658618467956,0.008198173400196941,,stocks,mcap,1.3436203646531582
2026-04-26,sector,Cloud,,0.22758132155500446,51.913759085964216,0.007284607812888049,,stocks,mcap,1.060241691286908
2026-04-27,sector,Cloud,,0.2037471645439384,55.068222690478514,0.0047139915818637315,,stocks,mcap,0.6969712386643919
2026-04-28,sector,Cloud,,0.0839039387521446,41.13787003757042,-0.004898294554916477,,stocks,mcap,-0.4702271353778745
2026-04-29,sector,Cloud,,0.19834027902094462,53.259832113638446,-0.0034579322556520346,,stocks,mcap,0.5682135796736713
2026-04-30,sector,Cloud,,0.2000061523284259,52.81800342708567,-0.0023543566358908835,,stocks,mcap,0.5760991041818313
2026-05-01,sector,Cloud,,0.21791169165664326,52.84190598955977,-0.00047798003812721257,,stocks,mcap,0.7136638616372384
2026-05-02,sector,Cloud,,0.2046791180816981,48.946274062009145,-0.00020166172879274545,,stocks,mcap,0.5733212500941876
2026-05-03,sector,Cloud,,0.3359912343639134,58.04827046890059,0.0082822500330695,,stocks,mcap,1.622257669287363
2026-05-04,sector,Cloud,,0.13037363586505288,47.72707839385821,-5.516250132096834e-05,,stocks,mcap,-0.04419790832985606
2026-05-05,sector,Cloud,,0.11985234927738593,46.49128915268096,-0.0060480777073097635,,stocks,mcap,-0.31304324890902246
2026-05-06,sector,Cloud,,0.24024040928665993,51.255352998882444,-0.0018892354261878293,,stocks,mcap,0.686363426454971
2026-05-07,sector,Cloud,,0.16772448667228776,54.24044862809695,-0.0038918571713821223,,stocks,mcap,0.0714081311609889
2026-05-08,sector,Cloud,,0.16342371489238655,42.606465027133794,-0.005289182566857726,,stocks,mcap,-0.21790610486471684
2026-05-09,sector,Cloud,,0.2005881417481166,46.12568702065636,-0.0035756026070441664,,stocks,mcap,0.2616420297324555
2026-05-10,sector,Cloud,,0.22236904707615016,49.708654837944934,-0.0009755870154121533,,stocks,mcap,0.5000229418051408
2026-05-11,sector,Cloud,,0.15675535184778525,47.49055344238734,-0.003531363534141882,,stocks,mcap,-0.1906916800264986
2026-05-12,sector,Cloud,,0.15310461488819244,54.21900882800441,-0.005222332703262335,,stocks,mcap,-0.17861512877943964
2026-05-13,sector,Cloud,,0.2247472025811235,51.69860495947477,-0.0014656671487218516,,stocks,mcap,0.46512543659651295
2026-05-14,sector,Cloud,,0.1165936807335167,45.28103100875077,-0.005962287426053698,,stocks,mcap,-0.6118812594143711
2026-05-15,sector,Cloud,,0.15355730313434404,46.4360729511741,-0.006121560719919002,,stocks,mcap,-0.43078118701435864
2026-05-16,sector,Cloud,,0.23661874690218654,51.641825109598706,-0.0005981120417990182,,stocks,mcap,0.4754349665671177
2026-05-17,sector,Cloud,,0.10372062159290978,38.07979472238498,-0.005583063590273583,,stocks,mcap,-0.8818411360718663
2026-05-18,sector,Cloud,,0.24276593225574705,56.19104576136898,0.0004743622837268119,,stocks,mcap,0.588621827130963
2026-05-19,sector,Cloud,,-0.03232535944365411,43.509274573303614,-0.013294915505743566,,stocks,mcap,-1.702169121636697
2026-05-20,sector,Cloud,,0.19246738268655555,48.12900610186326,-0.006837645729542809,,stocks,mcap,-0.15603339922299111
2026-05-21,sector,Cloud,,0.19660129044041466,51.194942022803176,-0.002107615477219729,,stocks,mcap,0.0435539723327879
2026-05-22,sector,Cloud,,-0.08340065151066323,41.68378297933432,-0.016836223951120752,,stocks,mcap,-2.0356244152755774
2026-05-23,sector,Cloud,,,40.18582604415335,-0.0134689791608966,,stocks,mcap,
2026-03-24,sector,Commodities,,0.08161436036622563,,0.0,,stocks,mcap,
2026-03-25,sector,Commodities,,0.05410280653438949,0.0,-0.0017557230935416833,,stocks,mcap,
2026-03-26,sector,Commodities,,0.22521091839187637,86.14862544634973,0.008159583198266112,,stocks,mcap,
2026-03-27,sector,Commodities,,0.15627553894687435,63.95248939207357,0.009532675693131633,,stocks,mcap,
2026-03-28,sector,Commodities,,0.21523449023214442,70.46162359518073,0.01361988479930984,,stocks,mcap,
2026-03-29,sector,Commodities,,0.2628122876914505,74.21837772039999,0.018436630239944095,,stocks,mcap,
2026-03-30,sector,Commodities,,-0.10319851964707641,37.5143743780055,-0.0029781461832129423,,stocks,mcap,
2026-03-31,sector,Commodities,,-0.29778042936354565,29.704660487489193,-0.028764754800578912,,stocks,mcap,
2026-04-01,sector,Commodities,,0.12415366469320513,51.56784317163603,-0.016529594745027066,,stocks,mcap,
2026-04-02,sector,Commodities,,0.1328431329687434,51.87608839373391,-0.0074391463096557565,,stocks,mcap,
2026-04-03,sector,Commodities,,0.044000173728982975,48.70666162604782,-0.007003614874129229,,stocks,mcap,
2026-04-04,sector,Commodities,,-0.024519650415532217,46.51487350932725,-0.010702711359818488,,stocks,mcap,
2026-04-05,sector,Commodities,,-0.09344338949266291,44.5005546535278,-0.01680078303848075,,stocks,mcap,
2026-04-06,sector,Commodities,,0.06235215882950451,49.448829398451366,-0.00970346257865758,,stocks,mcap,
2026-04-07,sector,Commodities,,-0.018219435475526374,47.269259149493884,-0.009769861921627192,,stocks,mcap,
2026-04-08,sector,Commodities,,-0.038998633238162106,47.44399468078777,-0.010484782736439595,,stocks,mcap,
2026-04-09,sector,Commodities,,0.1611674089608947,48.26936311474653,0.002555399071306988,,stocks,mcap,
2026-04-10,sector,Commodities,,0.03824082128761195,46.900802157705414,0.0029085837374666253,,stocks,mcap,
2026-04-11,sector,Commodities,,-0.19663794250579764,40.10016434173457,-0.011859865730525526,,stocks,mcap,
2026-04-12,sector,Commodities,,0.1496147589207054,47.62077425996522,0.0017814075200239879,,stocks,mcap,
2026-04-13,sector,Commodities,,-0.1290542063366538,49.43584262595798,-0.007370854527048942,,stocks,mcap,-0.702739570572586
2026-04-14,sector,Commodities,,0.12573232088645714,59.004257874880324,0.003730796734634185,,stocks,mcap,0.32464177648247594
2026-04-15,sector,Commodities,,-0.11326442427628867,44.52650693387338,-0.004575356545333791,,stocks,mcap,-0.7005837587796814
2026-04-16,sector,Commodities,,0.09357362575752091,49.1704608692931,0.0038520398009867715,,stocks,mcap,0.13773312864646192
2026-04-17,sector,Commodities,,0.26388830203037467,54.49041058036644,0.01998630686219332,,stocks,mcap,0.8520541021459054
2026-04-18,sector,Commodities,,0.2788014376119982,56.332878182334724,0.030142390123899583,,stocks,mcap,1.0983391766975672
2026-04-19,sector,Commodities,,0.12571832936280938,54.4204160110322,0.02522923651433871,,stocks,mcap,0.7379509854962474
2026-04-20,sector,Commodities,,0.04274281788043819,49.592516512743394,0.015545133312476941,,stocks,mcap,0.19412937242245157
2026-04-21,sector,Commodities,,0.027978904269218924,50.986998945685976,0.007696022345008007,,stocks,mcap,0.0998087834837828
2026-04-22,sector,Commodities,,-0.03829477846255688,50.01475067993811,-0.0018962615934256678,,stocks,mcap,-0.1882882224043041
2026-04-23,sector,Commodities,,0.17068768541315515,50.19878181029578,0.005492236987050651,,stocks,mcap,0.5676815267599911
2026-04-24,sector,Commodities,,-0.004434264552302732,49.12795875421952,-0.0013885204990041339,,stocks,mcap,-0.12598818165565967
2026-04-25,sector,Commodities,,0.028742754880242232,55.01928274175575,-0.0035559522471072472,,stocks,mcap,0.007400744829764244
2026-04-26,sector,Commodities,,0.014402206780594382,46.46639172710705,-0.0056798977969453115,,stocks,mcap,-0.22556516257971795
2026-04-27,sector,Commodities,,-0.09352434505968196,51.01951179318733,-0.013624740793556002,,stocks,mcap,-0.532682987682458
2026-04-28,sector,Commodities,,0.03810764802687993,47.29443143308261,-0.009482407517107775,,stocks,mcap,-0.07833886321839853
2026-04-29,sector,Commodities,,0.05129044521264804,55.90426515791723,-0.005518752914100519,,stocks,mcap,0.15006141775260992
2026-04-30,sector,Commodities,,0.16587497357654496,52.77810305988126,0.004608927979131866,,stocks,mcap,0.5112958973276331
2026-05-01,sector,Commodities,,-0.025827537837968668,39.047982765327355,-0.0014878366490193736,,stocks,mcap,-0.4853687655797535
2026-05-02,sector,Commodities,,-0.012182523468028728,38.989487958550775,-0.004325976487015154,,stocks,mcap,-0.5057351592910334
2026-05-03,sector,Commodities,,0.03838731910832898,46.4175665345041,-0.0026065774080118185,,stocks,mcap,-0.0241154116941575
2026-05-04,sector,Commodities,,-0.2327681981444359,40.209680387608756,-0.018646554908950914,,stocks,mcap,-1.2511208147330153
2026-05-05,sector,Commodities,,0.07997850118424438,51.52487809002359,-0.007671148837863004,,stocks,mcap,0.02731126814393567
2026-05-06,sector,Commodities,,-0.02320067139844884,50.433254009706,-0.006864306007819402,,stocks,mcap,-0.44058081948699457
2026-05-07,sector,Commodities,,0.09411896018580294,47.680134583802406,0.0016141460445697076,,stocks,mcap,0.1123040363910815
2026-05-08,sector,Commodities,,-0.022309964371600797,49.43843290743923,-0.00046440607186365966,,stocks,mcap,-0.3559394556826382
2026-05-09,sector,Commodities,,0.04860537396991882,50.60953368623545,0.0029060089216596825,,stocks,mcap,0.10042928084883915
2026-05-10,sector,Commodities,,-0.07558064233920302,47.41305869213658,-0.00294248783126156,,stocks,mcap,-0.560290684920889
2026-05-11,sector,Commodities,,0.28674358848010956,59.53735034401277,0.016792021917178677,,stocks,mcap,1.1098505217832912
2026-05-12,sector,Commodities,,0.16011019205894028,53.06758931972857,0.020284543013788986,,stocks,mcap,0.795395520367368
2026-05-13,sector,Commodities,,0.33547675445699615,56.606656591114636,0.032640515824243724,,stocks,mcap,1.5127491072177865
2026-05-14,sector,Commodities,,-0.014422978559954856,46.221867833807245,0.01630854574973508,,stocks,mcap,0.10374932154097416
2026-05-15,sector,Commodities,,0.23745884538152137,55.38142418699446,0.02121880033034896,,stocks,mcap,1.1778864251562313
2026-05-16,sector,Commodities,,0.11121059326764243,52.41110008039964,0.01500612612446546,,stocks,mcap,0.568951353695605
2026-05-17,sector,Commodities,,0.27301598904070373,54.39364607391274,0.02049620315541023,,stocks,mcap,1.267005064062198
2026-05-18,sector,Commodities,,0.026434064307183522,54.89889599019025,0.006924499311315321,,stocks,mcap,0.35835250591735024
2026-05-19,sector,Commodities,,0.1212398618484984,50.84984686911129,0.0038874762014935865,,stocks,mcap,0.440760502732501
2026-05-20,sector,Commodities,,0.08590340923406548,52.311788207218726,-0.0007016420584396235,,stocks,mcap,0.3256588158733037
2026-05-21,sector,Commodities,,0.3643087279740294,55.35916600625009,0.014000851746993205,,stocks,mcap,1.397713080587018
2026-05-22,sector,Commodities,,-0.07133834920200141,49.13683555342436,-0.005576841289611896,,stocks,mcap,-0.16165867534161896
2026-05-23,sector,Commodities,,,47.83426436305469,-0.00446147303168952,,stocks,mcap,
2026-03-24,sector,Consumer,,0.2815734568628788,,0.0,,stocks,mcap,
2026-03-25,sector,Consumer,,0.31488136248267773,100.0,0.0021256327233147854,,stocks,mcap,
2026-03-26,sector,Consumer,,0.19093100026564588,21.180384394389222,-0.0045685583388501705,,stocks,mcap,
2026-03-27,sector,Consumer,,0.2146043676818029,31.493261505254097,-0.007008509306448784,,stocks,mcap,
2026-03-28,sector,Consumer,,0.17590193567366574,25.94373165626004,-0.010618782727183022,,stocks,mcap,
2026-03-29,sector,Consumer,,0.3597614327618127,59.688875214779486,-0.0005457503667486594,,stocks,mcap,
2026-03-30,sector,Consumer,,0.18088582645714174,41.355343356115945,-0.00557199504130176,,stocks,mcap,
2026-03-31,sector,Consumer,,0.13650039726556376,38.426645800998365,-0.011203141374883848,,stocks,mcap,
2026-04-01,sector,Consumer,,0.23638794522353204,46.89080025319653,-0.007685535774559172,,stocks,mcap,
2026-04-02,sector,Consumer,,0.15094449943048344,41.957192784699565,-0.010427942564518275,,stocks,mcap,
2026-04-03,sector,Consumer,,0.21846229986519058,46.412521971496254,-0.0071648455692176274,,stocks,mcap,
2026-04-04,sector,Consumer,,0.2360480131427893,47.46288472802322,-0.00347889110331941,,stocks,mcap,
2026-04-05,sector,Consumer,,0.24394304491178365,47.92116498752063,-0.0003316291489629322,,stocks,mcap,
2026-04-06,sector,Consumer,,0.2437506695400181,47.9109815222669,0.0017976425229628348,,stocks,mcap,
2026-04-07,sector,Consumer,,0.27266055458149685,49.52295910718473,0.005030378748564119,,stocks,mcap,
2026-04-08,sector,Consumer,,0.18055514555653476,43.23623391404672,0.0010509011997221693,,stocks,mcap,
2026-04-09,sector,Consumer,,0.19292754314351584,50.113258987215204,-0.0005753071078977764,,stocks,mcap,
2026-04-10,sector,Consumer,,0.20851611575601345,49.65143109316861,-0.0004347233010250119,,stocks,mcap,
2026-04-11,sector,Consumer,,0.31274643314216954,57.287886191750225,0.006463781829815572,,stocks,mcap,
2026-04-12,sector,Consumer,,0.32009340233452166,47.39825979878106,0.011038788874788326,,stocks,mcap,
2026-04-13,sector,Consumer,,0.18221099310681005,50.09185408962437,0.004624283622816134,,stocks,mcap,-0.07012900088682665
2026-04-14,sector,Consumer,,0.28933683051798875,59.74618085392574,0.007283338168910288,,stocks,mcap,0.9165870896753829
2026-04-15,sector,Consumer,,0.17544051366824048,46.181681132961245,0.0013684144413479756,,stocks,mcap,-0.23951670085616966
2026-04-16,sector,Consumer,,0.20073484277911746,53.373588391574344,-0.0007307397296683459,,stocks,mcap,-0.06603901093410808
2026-04-17,sector,Consumer,,0.20824001305777806,49.2460670174243,-0.0014617993903459064,,stocks,mcap,-0.13223643525155465
2026-04-18,sector,Consumer,,0.2763134565656183,52.76389502685023,0.002571616874551743,,stocks,mcap,0.6196904987212717
2026-04-19,sector,Consumer,,0.3067841767271222,54.18386292250603,0.006974296808665466,,stocks,mcap,0.9597130094505237
2026-04-20,sector,Consumer,,0.23066735084541296,49.208911334029125,0.004559564285870238,,stocks,mcap,0.21993262816514889
2026-04-21,sector,Consumer,,0.22933670758151553,47.29002166746207,0.002760681270510173,,stocks,mcap,0.1321408535473856
2026-04-22,sector,Consumer,,0.22486207588477286,53.11271574587249,0.0012351670677034263,,stocks,mcap,0.17010781284384915
2026-04-23,sector,Consumer,,0.25786674857767733,54.43367351499123,0.0023499915679374415,,stocks,mcap,0.613812953991562
2026-04-24,sector,Consumer,,0.29676307543002023,55.83915315239413,0.005431923771253343,,stocks,mcap,0.9572473457233469
2026-04-25,sector,Consumer,,0.27171910630336815,46.96750809718936,0.005492340228673242,,stocks,mcap,0.6621288850974169
2026-04-26,sector,Consumer,,0.2632581839534563,45.805990762611636,0.004701535172424783,,stocks,mcap,0.5793170915935927
2026-04-27,sector,Consumer,,0.3043119464434665,60.51239465235349,0.006567852031573002,,stocks,mcap,1.1536062322428664
2026-04-28,sector,Consumer,,0.22343129681406554,44.05723621589195,0.0022052272328262974,,stocks,mcap,0.05361800451059309
2026-04-29,sector,Consumer,,0.25068349379100036,58.04121524715033,0.0010628779718451276,,stocks,mcap,0.45218847271440143
2026-04-30,sector,Consumer,,0.28005211759859977,58.40345440832313,0.002131461768812364,,stocks,mcap,0.849082400267203
2026-05-01,sector,Consumer,,0.3015868578205316,59.60433326566706,0.004025000463644147,,stocks,mcap,1.0412949678537124
2026-05-02,sector,Consumer,,0.2945607593934523,52.14717203696182,0.004504482689634167,,stocks,mcap,0.8589502888986015
2026-05-03,sector,Consumer,,0.2784323248617224,46.54727825085204,0.0034813700124922296,,stocks,mcap,0.4240088367017456
2026-05-04,sector,Consumer,,0.27420496245779075,56.42748634875846,0.0023216570909716655,,stocks,mcap,0.5753086544057414
2026-05-05,sector,Consumer,,0.2993893257612673,59.661450502350945,0.0030088159477013147,,stocks,mcap,0.9987506201107903
2026-05-06,sector,Consumer,,0.3013454143670366,60.62214855474446,0.0033283043265518314,,stocks,mcap,1.029359475210001
2026-05-07,sector,Consumer,,0.24042225459660785,47.751631381015706,-0.0006197967487068575,,stocks,mcap,0.09291374227212643
2026-05-08,sector,Consumer,,0.2734234692462725,46.9454102614689,-0.001040327441373617,,stocks,mcap,0.24528132231844854
2026-05-09,sector,Consumer,,0.36535826829970275,60.429093401686494,0.0045355743489019894,,stocks,mcap,1.380619364648384
2026-05-10,sector,Consumer,,0.33123958565683154,57.162116397212536,0.005522849654362658,,stocks,mcap,1.131603815014505
2026-05-11,sector,Consumer,,0.2017480393936417,40.89175722308146,-0.0025167528666677815,,stocks,mcap,-0.3473295858209082
2026-05-12,sector,Consumer,,0.21804619824545818,49.459810661545106,-0.006483083702717067,,stocks,mcap,-0.19018110070490968
2026-05-13,sector,Consumer,,0.28675258537104553,53.34035139074354,-0.004329098190123051,,stocks,mcap,0.5038666227298445
2026-05-14,sector,Consumer,,0.2435624466553308,46.7050500667752,-0.005583040418336032,,stocks,mcap,-0.15260632482548672
2026-05-15,sector,Consumer,,0.20874035717708453,41.81260098018907,-0.008360517776818156,,stocks,mcap,-0.5703823570666827
2026-05-16,sector,Consumer,,0.41213800752105395,57.70109489782348,0.0032743650954004163,,stocks,mcap,1.3678289515539017
2026-05-17,sector,Consumer,,0.4067590162466346,58.52521049811863,0.01000161589234008,,stocks,mcap,1.4955970573678325
2026-05-18,sector,Consumer,,0.2537570902484789,48.865777993165075,0.003856457852383397,,stocks,mcap,0.17130875911819518
2026-05-19,sector,Consumer,,0.291369932046163,49.56122246650248,0.002121062194657266,,stocks,mcap,0.343880027090387
2026-05-20,sector,Consumer,,0.239229805859501,46.77829526757949,-0.002492066592448364,,stocks,mcap,-0.10895074341672725
2026-05-21,sector,Consumer,,0.3452096763572526,55.192254376127075,0.0014294537948735513,,stocks,mcap,0.9191186523046291
2026-05-22,sector,Consumer,,0.17352119520658568,45.647952228931864,-0.00722864917026358,,stocks,mcap,-0.6154518046577003
2026-05-23,sector,Consumer,,,40.915316002524264,-0.005782919336210864,,stocks,mcap,
2026-03-24,sector,Consumer Defensive,,0.12701014590661994,,0.0,,stocks,mcap,
2026-03-25,sector,Consumer Defensive,,0.05818723204471086,0.0,-0.0043921175797913435,,stocks,mcap,
2026-03-26,sector,Consumer Defensive,,0.2005517994941958,67.41146140171523,0.00218061490125244,,stocks,mcap,
2026-03-27,sector,Consumer Defensive,,0.15753353670114473,56.00367841845141,0.003445680277962045,,stocks,mcap,
2026-03-28,sector,Consumer Defensive,,0.12400838457723265,49.47837347870266,0.001915660665729676,,stocks,mcap,
2026-03-29,sector,Consumer Defensive,,0.17281904032960993,56.80583038756717,0.003964054817583193,,stocks,mcap,
2026-03-30,sector,Consumer Defensive,,0.1423293302323486,52.086904564885984,0.0030781502139347627,,stocks,mcap,
2026-03-31,sector,Consumer Defensive,,0.19167421778024307,57.76510277206357,0.005487366366916093,,stocks,mcap,
2026-04-01,sector,Consumer Defensive,,0.11998077576301928,49.27988034247986,0.0020987150381068277,,stocks,mcap,
2026-04-02,sector,Consumer Defensive,,0.18117135664414216,54.93037848426305,0.00372927590117407,,stocks,mcap,
2026-04-03,sector,Consumer Defensive,,0.16517869013217512,53.37623640162828,0.0034861507243730046,,stocks,mcap,
2026-04-04,sector,Consumer Defensive,,0.07990991240471113,46.379810271622375,-0.0023476047581958833,,stocks,mcap,
2026-04-05,sector,Consumer Defensive,,0.08168508573975851,46.525733312285496,-0.005819351633308477,,stocks,mcap,
2026-04-06,sector,Consumer Defensive,,0.050968367682947026,44.4333620553843,-0.009688935687134883,,stocks,mcap,
2026-04-07,sector,Consumer Defensive,,0.1336663740243027,50.434643334445376,-0.006345080588989701,,stocks,mcap,
2026-04-08,sector,Consumer Defensive,,0.15482810207091877,56.72939389942554,-0.002567911786294947,,stocks,mcap,
2026-04-09,sector,Consumer Defensive,,0.11847194363989741,43.29458871873711,-0.0023819601307190482,,stocks,mcap,
2026-04-10,sector,Consumer Defensive,,0.1706912910662753,51.05898611929092,0.0012014491216704513,,stocks,mcap,
2026-04-11,sector,Consumer Defensive,,0.2101628700771279,56.86829857267662,0.005910199596994219,,stocks,mcap,
2026-04-12,sector,Consumer Defensive,,0.2455860740910646,55.927565908736256,0.010805623293660069,,stocks,mcap,
2026-04-13,sector,Consumer Defensive,,0.16611584522212647,51.79444350550754,0.008204565273702757,,stocks,mcap,0.47799944607571276
2026-04-14,sector,Consumer Defensive,,0.2763142502232326,55.848246259871516,0.013126718753403991,,stocks,mcap,1.4856387641193067
2026-04-15,sector,Consumer Defensive,,0.18519371633163023,54.38811588857749,0.00962862522370063,,stocks,mcap,0.6574899777466056
2026-04-16,sector,Consumer Defensive,,0.14759137361088753,47.666354694083154,0.004429720186663443,,stocks,mcap,0.16857787671687205
2026-04-17,sector,Consumer Defensive,,0.09539839098698318,45.38291712599964,-0.0025039221407216067,,stocks,mcap,-0.385022259234153
2026-04-18,sector,Consumer Defensive,,0.16332564071845124,55.648918173134,-0.0024898916549435223,,stocks,mcap,0.1795635238354171
2026-04-19,sector,Consumer Defensive,,0.18607535281459203,56.8740379459152,-0.0009993798920993162,,stocks,mcap,0.561076677444025
2026-04-20,sector,Consumer Defensive,,0.14450561921615154,56.07257611132401,-0.0027640123318953703,,stocks,mcap,0.025596878581879035
2026-04-21,sector,Consumer Defensive,,0.23067472830538527,56.26966793246361,0.0016818931154333715,,stocks,mcap,0.8545178280066379
2026-04-22,sector,Consumer Defensive,,0.22542046302768315,54.65817907323459,0.003949122137192026,,stocks,mcap,0.8626354429723215
2026-04-23,sector,Consumer Defensive,,-0.07109784544724412,40.688073000874034,-0.013864844547469198,,stocks,mcap,-1.6934479097956296
2026-04-24,sector,Consumer Defensive,,0.19492868064777705,50.98390452619418,-0.007399580173468847,,stocks,mcap,0.08624237812026907
2026-04-25,sector,Consumer Defensive,,0.19289010191972433,49.27684293672056,-0.0031459075814460674,,stocks,mcap,0.14656781592031615
2026-04-26,sector,Consumer Defensive,,0.20723404161451925,48.36546949978414,0.0005512617940771347,,stocks,mcap,0.30919835923217065
2026-04-27,sector,Consumer Defensive,,0.21467418710624414,52.204888574412934,0.0032639735521542866,,stocks,mcap,0.5398656084258232
2026-04-28,sector,Consumer Defensive,,0.12754345308147144,43.10022341254642,-0.0008252903370563709,,stocks,mcap,-0.4183024047965326
2026-04-29,sector,Consumer Defensive,,0.15333956629066395,48.42735898970278,-0.0017549262391769321,,stocks,mcap,-0.21276677655171067
2026-04-30,sector,Consumer Defensive,,0.11974185354050743,48.619609468648314,-0.004441810867050278,,stocks,mcap,-0.4895752129222716
2026-05-01,sector,Consumer Defensive,,0.14848837092602907,52.69407866121871,-0.004100467115379255,,stocks,mcap,-0.2698055984330931
2026-05-02,sector,Consumer Defensive,,0.2233116121310687,53.02286288374396,0.0010708723790795929,,stocks,mcap,0.47879010143678047
2026-05-03,sector,Consumer Defensive,,0.3491459346551027,57.444178887242884,0.012251436774841832,,stocks,mcap,1.5609741698104227
2026-05-04,sector,Consumer Defensive,,0.16057487695715816,50.646759224763656,0.006519822899984495,,stocks,mcap,0.20856061564057013
2026-05-05,sector,Consumer Defensive,,0.037899635195260406,42.462637240979,-0.005321098968010932,,stocks,mcap,-0.960123383315455
2026-05-06,sector,Consumer Defensive,,0.18971100513881373,48.7473475826238,-0.002841273869461503,,stocks,mcap,0.1223966781254738
2026-05-07,sector,Consumer Defensive,,0.11576727943329283,57.768055882883544,-0.005916165502015032,,stocks,mcap,-0.31447498192917744
2026-05-08,sector,Consumer Defensive,,0.20183022399362327,50.33737963345234,-0.0020867190389759187,,stocks,mcap,0.17926960283076843
2026-05-09,sector,Consumer Defensive,,0.1889645062003887,49.81010868643118,-0.00043915318954992205,,stocks,mcap,0.16022545871303207
2026-05-10,sector,Consumer Defensive,,0.1958556268703731,49.445599005286574,0.0010163202311108729,,stocks,mcap,0.2389411005428839
2026-05-11,sector,Consumer Defensive,,0.1408094807826638,46.56058000266166,-0.0016799125500110493,,stocks,mcap,-0.39536630001398376
2026-05-12,sector,Consumer Defensive,,0.11336062726685064,49.3007282894962,-0.005071989768651692,,stocks,mcap,-0.6013352331346563
2026-05-13,sector,Consumer Defensive,,0.10611957048728425,47.62846830487777,-0.007421216037788843,,stocks,mcap,-0.8116754744396731
2026-05-14,sector,Consumer Defensive,,-0.01605806619710693,43.736968889103494,-0.0163117227764273,,stocks,mcap,-1.7874806264638423
2026-05-15,sector,Consumer Defensive,,0.14510563988278946,49.8609710259473,-0.01071676205967588,,stocks,mcap,-0.5705746548019229
2026-05-16,sector,Consumer Defensive,,0.2219237029531671,49.94305083578007,-0.0016942042795852529,,stocks,mcap,0.033951069616539126
2026-05-17,sector,Consumer Defensive,,0.034973596664854556,37.72444705562892,-0.007825479375363646,,stocks,mcap,-1.5209929997971259
2026-05-18,sector,Consumer Defensive,,0.14833741877743536,49.49199379192819,-0.00395030259435733,,stocks,mcap,-0.39163619950673
2026-05-19,sector,Consumer Defensive,,-0.29551188892987024,39.07301434787962,-0.02955745545941324,,stocks,mcap,-2.975176055116285
2026-05-20,sector,Consumer Defensive,,0.2619456175070399,51.87012300350889,-0.008332763048738968,,stocks,mcap,-0.08448461611151598
2026-05-21,sector,Consumer Defensive,,0.18567519188023046,51.80770791723677,0.0007085451810689529,,stocks,mcap,-0.12682964432208074
2026-05-22,sector,Consumer Defensive,,-0.036586206476141456,44.24060610140453,-0.007678833815636291,,stocks,mcap,-1.4442407307747898
2026-05-23,sector,Consumer Defensive,,,44.51732170247806,-0.00614306705250903,,stocks,mcap,
2026-03-24,sector,Data,,0.2183086854822018,,0.0,,stocks,mcap,
2026-03-25,sector,Data,,0.262346982217026,100.0,0.002810421216125536,,stocks,mcap,
2026-03-26,sector,Data,,0.14258198537631314,26.884866459975157,-0.0032249159606093916,,stocks,mcap,
2026-03-27,sector,Data,,0.17594589853181974,39.257141780131505,-0.00470854124473341,,stocks,mcap,
2026-03-28,sector,Data,,0.27212244737575275,59.17247442136134,0.0007578197788884699,,stocks,mcap,
2026-03-29,sector,Data,,0.10782928470398728,37.9293609875845,-0.006330553809755472,,stocks,mcap,
2026-03-30,sector,Data,,0.31328550812176964,57.16165020204801,0.0026945630596811,,stocks,mcap,
2026-03-31,sector,Data,,0.10601783146106851,43.54917801577932,-0.004999024520528254,,stocks,mcap,
2026-04-01,sector,Data,,0.1254881649572415,44.7843745223481,-0.008286977685682987,,stocks,mcap,
2026-04-02,sector,Data,,0.06783906973072737,42.05948534440184,-0.01354389869040691,,stocks,mcap,
2026-04-03,sector,Data,,0.19653675866125575,48.988460639589704,-0.007836268396407841,,stocks,mcap,
2026-04-04,sector,Data,,0.2591221545113246,51.79200839579145,0.0002432551683157723,,stocks,mcap,
2026-04-05,sector,Data,,0.13804744417950132,46.814620664848675,-0.0023354198328881214,,stocks,mcap,
2026-04-06,sector,Data,,0.26827115397951584,51.797131257904695,0.004583332181114732,,stocks,mcap,
2026-04-07,sector,Data,,0.2894296571582256,52.51983952955011,0.010121462007726525,,stocks,mcap,
2026-04-08,sector,Data,,-0.012125006528200317,41.77605425829999,-0.0061139425742683055,,stocks,mcap,
2026-04-09,sector,Data,,-0.0039525726213725035,45.29476553129461,-0.01536549526291972,,stocks,mcap,
2026-04-10,sector,Data,,0.05526319099005645,46.188154789001,-0.016462236078066447,,stocks,mcap,
2026-04-11,sector,Data,,0.11780236550897444,45.0198718259191,-0.012140592744039568,,stocks,mcap,
2026-04-12,sector,Data,,-0.00989909824503795,46.10883911126949,-0.016762401112708707,,stocks,mcap,
2026-04-13,sector,Data,,0.08890985754919659,42.02145907219633,-0.012253938204565076,,stocks,mcap,-0.6570184217833127
2026-04-14,sector,Data,,0.21485505389974124,54.107694053250945,-0.0004994385374073006,,stocks,mcap,0.1412785502641812
2026-04-15,sector,Data,,0.21940641249114562,53.58499949589581,0.007434613489102598,,stocks,mcap,0.31434356556296406
2026-04-16,sector,Data,,0.292652438552199,58.48048289468193,0.01692515503783052,,stocks,mcap,0.8439761517286829
2026-04-17,sector,Data,,0.2313314770905087,51.382829861622696,0.018267437571890803,,stocks,mcap,0.616181482116089
2026-04-18,sector,Data,,0.320919723115133,52.40438535841591,0.024021222430117346,,stocks,mcap,1.0484590271726688
2026-04-19,sector,Data,,0.07497639512760744,47.76339004796166,0.01077083815475111,,stocks,mcap,-0.1515471469552024
2026-04-20,sector,Data,,-0.0037033260423569715,39.98935087940647,-0.003046560412735006,,stocks,mcap,-0.7548250999601623
2026-04-21,sector,Data,,0.17862291673982764,46.35406647188409,0.00016871290078649195,,stocks,mcap,0.15284705784212047
2026-04-22,sector,Data,,0.21299921710294056,58.98760365557436,0.0044489808135816525,,stocks,mcap,0.5975452645781697
2026-04-23,sector,Data,,0.16944652918384262,56.73240090203309,0.004189001888976208,,stocks,mcap,0.429000581797809
2026-04-24,sector,Data,,0.2626375635588651,57.84456687591187,0.009814030046597897,,stocks,mcap,0.8557150708760239
2026-04-25,sector,Data,,0.22348310306897975,54.06969648985665,0.010364444902164042,,stocks,mcap,0.6945846503758766
2026-04-26,sector,Data,,0.36517481128291773,64.28987746213454,0.01922289412596179,,stocks,mcap,1.4861587428199492
2026-04-27,sector,Data,,0.3244699216726653,59.39030903231097,0.021140346166655388,,stocks,mcap,1.2947226537919165
2026-04-28,sector,Data,,0.19529631350490367,49.222316839793024,0.012912749573579109,,stocks,mcap,0.39224417599133143
2026-04-29,sector,Data,,0.1433405014612229,47.08538516308547,0.0036561658335050803,,stocks,mcap,0.05816280933784729
2026-04-30,sector,Data,,0.19475737861174458,46.18514143873484,0.0008285486853432493,,stocks,mcap,0.14280175543115395
2026-05-01,sector,Data,,0.27712303493153745,51.75564893317821,0.00415190196507392,,stocks,mcap,0.7563841341625235
2026-05-02,sector,Data,,0.012733285365973401,39.580707370677885,-0.010982234269767348,,stocks,mcap,-0.7416252931029136
2026-05-03,sector,Data,,0.14275600752115497,52.48641009819814,-0.01169629766279729,,stocks,mcap,-0.1219898750046783
2026-05-04,sector,Data,,0.25492757569658203,59.26001215076203,-0.004447267093964064,,stocks,mcap,0.6464197727804175
2026-05-05,sector,Data,,0.12734810702530225,48.089251283202366,-0.007877344509597206,,stocks,mcap,-0.26886955240290644
2026-05-06,sector,Data,,0.24059492168059213,50.97125768100969,-0.0024341447457776793,,stocks,mcap,0.4073634366700529
2026-05-07,sector,Data,,0.33654262324721734,55.671918694181535,0.0071868706489131755,,stocks,mcap,0.9564860811099003
2026-05-08,sector,Data,,0.2083929881440276,48.20140482749215,0.004604361592340203,,stocks,mcap,0.1698059939191753
2026-05-09,sector,Data,,0.1026275297485624,46.162295813584855,-0.00407368918405593,,stocks,mcap,-0.34141010074769795
2026-05-10,sector,Data,,0.24579387809704012,46.21266916563112,-0.00022185854069096868,,stocks,mcap,0.34710704208269666
2026-05-11,sector,Data,,0.3252912902399343,50.02543174787503,0.007218842599360642,,stocks,mcap,0.8049929736700386
2026-05-12,sector,Data,,0.22559769088264647,50.95565703468189,0.0050669194562514355,,stocks,mcap,0.3066899367944391
2026-05-13,sector,Data,,0.1872426407503766,51.39658453298043,0.00091826699864999,,stocks,mcap,0.1370126084113514
2026-05-14,sector,Data,,0.23234296700683338,51.20047117827353,0.0010594167448665752,,stocks,mcap,0.4711870052546048
2026-05-15,sector,Data,,0.20587802087152648,47.64019157126651,-0.0006876110173550526,,stocks,mcap,0.06650436481139005
2026-05-16,sector,Data,,0.20142435344221715,57.54996981385787,-0.0021202541904122973,,stocks,mcap,0.2719104732426636
2026-05-17,sector,Data,,0.21711589738172285,53.274947941213995,-0.001990292856306551,,stocks,mcap,0.2017993782223997
2026-05-18,sector,Data,,0.35917828866002727,54.47360996933524,0.007181494454159436,,stocks,mcap,1.0290005514747544
2026-05-19,sector,Data,,0.2180992502160562,53.84971367550214,0.0034539302174584063,,stocks,mcap,0.32222766299054695
2026-05-20,sector,Data,,0.29360065517602085,52.32292086682758,0.005650493130765176,,stocks,mcap,0.7624376477572175
2026-05-21,sector,Data,,0.13160413964574327,41.510259669249656,-0.003724404349344429,,stocks,mcap,-0.39058438542282714
2026-05-22,sector,Data,,0.11686267631865252,45.815065260698624,-0.010454659322578632,,stocks,mcap,-0.46449514077456533
2026-05-23,sector,Data,,,50.72054531002276,-0.008363727458062905,,stocks,mcap,
2026-03-24,sector,E-commerce,,0.20163648555625382,,0.0,,stocks,mcap,
2026-03-25,sector,E-commerce,,0.30470102455851994,100.0,0.006577338101569153,,stocks,mcap,
2026-03-26,sector,E-commerce,,0.1618757793848522,41.91493328918601,0.0012253267024378632,,stocks,mcap,
2026-03-27,sector,E-commerce,,0.20128202897397815,49.93787916053408,0.0003035869298437851,,stocks,mcap,
2026-03-28,sector,E-commerce,,0.26498979645392584,59.07630671523786,0.0037571488691142277,,stocks,mcap,
2026-03-29,sector,E-commerce,,0.08738544036025767,39.1521766607844,-0.005636515545509002,,stocks,mcap,
2026-03-30,sector,E-commerce,,0.1717420014976659,47.55350160536659,-0.005859560627411459,,stocks,mcap,
2026-03-31,sector,E-commerce,,0.26864031596024746,54.73282452156244,0.0004907937371003118,,stocks,mcap,
2026-04-01,sector,E-commerce,,0.2311625773441328,51.980710898605984,0.002051647058739212,,stocks,mcap,
2026-04-02,sector,E-commerce,,0.10202404492686079,44.3044712335138,-0.005325542438263186,,stocks,mcap,
2026-04-03,sector,E-commerce,,0.1858808001675628,49.17796657877853,-0.0043131999006986894,,stocks,mcap,
2026-04-04,sector,E-commerce,,0.08178248130029564,44.35946319467973,-0.010080552961950198,,stocks,mcap,
2026-04-05,sector,E-commerce,,0.09422304480813691,45.00344474542127,-0.012334738866052113,,stocks,mcap,
2026-04-06,sector,E-commerce,,0.22245925242237963,50.86537170235416,-0.00485085065538305,,stocks,mcap,
2026-04-07,sector,E-commerce,,0.20586411374574068,50.17330517320032,-0.0008873861319451722,,stocks,mcap,
2026-04-08,sector,E-commerce,,0.2985479063527356,49.74559711199697,0.007637722298150381,,stocks,mcap,
2026-04-09,sector,E-commerce,,0.337838961996983,57.95643691285815,0.015150272832368052,,stocks,mcap,
2026-04-10,sector,E-commerce,,0.24575780887865786,51.91959755815791,0.013215953390886988,,stocks,mcap,
2026-04-11,sector,E-commerce,,0.043492577729665374,41.46132736612459,-0.0015998931945545608,,stocks,mcap,
2026-04-12,sector,E-commerce,,0.03579576484813638,47.711430435771675,-0.01129241189040169,,stocks,mcap,
2026-04-13,sector,E-commerce,,0.17715445310780262,50.228543533029544,-0.007727518521321622,,stocks,mcap,-0.22778861278655002
2026-04-14,sector,E-commerce,,0.15084090042000906,44.710558273618695,-0.006722851836324491,,stocks,mcap,-0.6252105836539804
2026-04-15,sector,E-commerce,,0.007842981505156192,40.84045305450653,-0.014806752842265451,,stocks,mcap,-1.3808966477919165
2026-04-16,sector,E-commerce,,0.2418430889797252,55.28051320229201,-0.004070539660457733,,stocks,mcap,0.13442443767129067
2026-04-17,sector,E-commerce,,0.22470724103927583,51.544170145875,0.0018813140603568292,,stocks,mcap,0.1565671499150166
2026-04-18,sector,E-commerce,,-0.08234495895103268,44.37976801496683,-0.013983654233206395,,stocks,mcap,-1.516332261462126
2026-04-19,sector,E-commerce,,0.3100324581222061,55.86411493945468,0.001976519692741721,,stocks,mcap,0.4638840873353808
2026-04-20,sector,E-commerce,,0.21870539112179538,49.89590973551376,0.006174022476385266,,stocks,mcap,0.19739455377046528
2026-04-21,sector,E-commerce,,0.23613986324191355,50.83912118741998,0.009705706330663278,,stocks,mcap,0.40646950641691826
2026-04-22,sector,E-commerce,,0.25090898042888565,48.6200420537453,0.01244271308253064,,stocks,mcap,0.5277986775415023
2026-04-23,sector,E-commerce,,0.44145337194411094,52.75958639657979,0.025727361109959653,,stocks,mcap,1.4919457737559931
2026-04-24,sector,E-commerce,,0.09760217073014663,46.52073725202284,0.010764147003192235,,stocks,mcap,-0.09267784081104084
2026-04-25,sector,E-commerce,,0.4652639620432453,59.190838970145926,0.024262679862364883,,stocks,mcap,1.667428591673337
2026-04-26,sector,E-commerce,,-0.12461586615614763,47.21188462108762,-0.006270499794336116,,stocks,mcap,-0.865703973739574
2026-04-27,sector,E-commerce,,0.15910308449484126,49.70104361102614,-0.007035979171051059,,stocks,mcap,-0.1779405134215037
2026-04-28,sector,E-commerce,,0.3430157447485804,53.02479120530233,0.00454311911766685,,stocks,mcap,0.7736057859346578
2026-04-29,sector,E-commerce,,0.3040625572897468,54.820312071103125,0.009019431633812304,,stocks,mcap,0.8313876577417695
2026-04-30,sector,E-commerce,,0.015003515981924731,46.373673489391265,-0.00717252847621721,,stocks,mcap,-0.6026841306980059
2026-05-01,sector,E-commerce,,0.4863949380372423,53.65288400783546,0.013076367511705825,,stocks,mcap,1.2742644643029362
2026-05-02,sector,E-commerce,,0.06418861064071851,51.98174366137708,-0.0019529189116498785,,stocks,mcap,-0.2035228678775423
2026-05-03,sector,E-commerce,,0.2743009526141204,49.49170245968534,0.0020515247753194795,,stocks,mcap,0.4794474765998087
2026-05-04,sector,E-commerce,,0.09187855648083673,48.24140669195142,-0.0072793035974796985,,stocks,mcap,-0.37272224043357327
2026-05-05,sector,E-commerce,,0.10597447051615762,48.19344130639342,-0.011921354250720013,,stocks,mcap,-0.48187513469181753
2026-05-06,sector,E-commerce,,0.22297332868845157,49.62298114517331,-0.0067870292276316704,,stocks,mcap,0.09185304974600557
2026-05-07,sector,E-commerce,,0.11042965889810703,45.43643128514887,-0.010427610001163106,,stocks,mcap,-0.5991671382336182
2026-05-08,sector,E-commerce,,0.15084918920383392,50.80109833751475,-0.009591765757231379,,stocks,mcap,-0.3808587823825089
2026-05-09,sector,E-commerce,,0.25902174868500677,46.63430416309286,-0.0016482997586292026,,stocks,mcap,0.10438630897256683
2026-05-10,sector,E-commerce,,0.4952107291382577,61.43508868008723,0.018507141969986266,,stocks,mcap,1.507200951292292
2026-05-11,sector,E-commerce,,0.2096172783567487,50.93128472968339,0.011919114637524222,,stocks,mcap,0.28013139259159003
2026-05-12,sector,E-commerce,,0.38437401059831755,50.765067988694916,0.018265461428957252,,stocks,mcap,1.0418487690464309
2026-05-13,sector,E-commerce,,0.0054572071855905,45.0933729942252,-0.00298964488931012,,stocks,mcap,-0.5761104625218283
2026-05-14,sector,E-commerce,,-0.010365277491032956,49.54202026256072,-0.017251934319480074,,stocks,mcap,-0.8103369279580165
2026-05-15,sector,E-commerce,,0.19207466846204388,44.11521879588408,-0.0124152897483468,,stocks,mcap,-0.2837604077911897
2026-05-16,sector,E-commerce,,0.39788100579765096,57.30407247905571,0.004381783936590519,,stocks,mcap,0.8848134539887389
2026-05-17,sector,E-commerce,,0.2101185078077448,48.5812523708686,0.002668261925782149,,stocks,mcap,-0.009931330762899815
2026-05-18,sector,E-commerce,,0.16932177929921097,51.82622019207568,-0.0011845866412172569,,stocks,mcap,-0.08295313442661663
2026-05-19,sector,E-commerce,,0.23071592893285542,52.877392644059604,0.0003479320594999037,,stocks,mcap,0.31605145673833474
2026-05-20,sector,E-commerce,,0.3283830175693116,52.453349698730904,0.007489618688478731,,stocks,mcap,0.6899035965855443
2026-05-21,sector,E-commerce,,0.4153996803680807,57.18335775921356,0.017075888441472835,,stocks,mcap,1.262573171425333
2026-05-22,sector,E-commerce,,-0.2963517566193826,41.99736571443754,-0.023322586028144146,,stocks,mcap,-1.7390868537097535
2026-05-23,sector,E-commerce,,,39.66136573681354,-0.01865806882251532,,stocks,mcap,
2026-03-24,sector,ETF,,-0.017953607548802538,,0.0,,stocks,mcap,
2026-03-25,sector,ETF,,0.1044944504802571,100.0,0.00781434900242432,,stocks,mcap,
2026-03-26,sector,ETF,,0.16545157099078367,100.0,0.016174921022716622,,stocks,mcap,
2026-03-27,sector,ETF,,-0.019287365036534786,49.81885388969191,0.008722965793697463,,stocks,mcap,
2026-03-28,sector,ETF,,0.009929765646516367,53.50856727079402,0.005384963564800102,,stocks,mcap,
2026-03-29,sector,ETF,,0.08737013903013047,61.09134240970407,0.007865712238122907,,stocks,mcap,
2026-03-30,sector,ETF,,0.010077740026261304,52.53863895274736,0.003970884705261015,,stocks,mcap,
2026-03-31,sector,ETF,,0.05872587782311546,56.38206297645986,0.004312323206062996,,stocks,mcap,
2026-04-01,sector,ETF,,0.16120427526503264,62.73838499749969,0.010716565172608165,,stocks,mcap,
2026-04-02,sector,ETF,,0.043039398587371144,53.712812763753405,0.0064797704379066685,,stocks,mcap,
2026-04-03,sector,ETF,,0.17060498282709557,59.93510664065274,0.011462655068001065,,stocks,mcap,
2026-04-04,sector,ETF,,-0.07074945188781205,47.78225646176934,-0.0016066943918669162,,stocks,mcap,
2026-04-05,sector,ETF,,0.02435780825009483,51.64582999352219,-0.0038298562435115924,,stocks,mcap,
2026-04-06,sector,ETF,,0.03987740595748743,52.22267573892358,-0.00420866567797484,,stocks,mcap,
2026-04-07,sector,ETF,,0.0024435498224701143,50.76201707510828,-0.006781386246778716,,stocks,mcap,
2026-04-08,sector,ETF,,0.0026205979471049558,45.81143579445021,-0.008178645353119116,,stocks,mcap,
2026-04-09,sector,ETF,,0.06536878313097605,45.891127330221394,-0.004754116779379697,,stocks,mcap,
2026-04-10,sector,ETF,,0.11055890216753722,56.02066974454951,0.0004034162832045017,,stocks,mcap,
2026-04-11,sector,ETF,,-0.014472745889378361,48.96084522073919,-0.004487278394171823,,stocks,mcap,
2026-04-12,sector,ETF,,-0.05307093992403194,43.81485623626109,-0.009893420729421601,,stocks,mcap,
2026-04-13,sector,ETF,,0.07520175983783252,52.744860770462594,-0.004667377047970593,,stocks,mcap,-0.14942886418299411
2026-04-14,sector,ETF,,-0.009612477613620152,47.20487495325769,-0.006639315622942521,,stocks,mcap,-0.868138651098226
2026-04-15,sector,ETF,,0.08099181574692499,46.68702916349323,-0.0018095045795282882,,stocks,mcap,-0.14237600330745057
2026-04-16,sector,ETF,,0.13042782744595288,53.826605345667645,0.004407185345059068,,stocks,mcap,0.38838118124947596
2026-04-17,sector,ETF,,0.1474060738015064,48.875221678488565,0.009085831301771237,,stocks,mcap,0.5549190985375924
2026-04-18,sector,ETF,,0.04793683082727423,56.672412090759416,0.005103083570265,,stocks,mcap,-0.020712874879926707
2026-04-19,sector,ETF,,0.07716103534605777,53.20603412178816,0.004101608499268741,,stocks,mcap,0.24407815611895028
2026-04-20,sector,ETF,,0.01850580896589492,48.766975655375354,-0.0005963720199249154,,stocks,mcap,-0.44010362210992815
2026-04-21,sector,ETF,,0.05209626155922943,52.87745121628845,-0.0014767116571470073,,stocks,mcap,-0.24864984003252424
2026-04-22,sector,ETF,,0.136529473436017,57.06981916752163,0.0033299527530203446,,stocks,mcap,0.5798670664858528
2026-04-23,sector,ETF,,0.21801009553046688,57.902501794836034,0.011253130815472072,,stocks,mcap,1.2115239424378328
2026-04-24,sector,ETF,,0.11538165139130621,50.235666064549335,0.008939274515724932,,stocks,mcap,0.4016393211728426
2026-04-25,sector,ETF,,0.07008466080853695,54.48113476055867,0.003968724587152105,,stocks,mcap,0.1618301599673477
2026-04-26,sector,ETF,,0.18665051808126187,61.73437362450775,0.007914238284326962,,stocks,mcap,1.1346442120677938
2026-04-27,sector,ETF,,0.06842238930594537,49.66485387199528,0.0022392957636468147,,stocks,mcap,0.03742819412573886
2026-04-28,sector,ETF,,0.006779309655437385,50.82934745543464,-0.005562050636699435,,stocks,mcap,-0.4682539636748968
2026-04-29,sector,ETF,,0.2065568269369577,55.72098520260702,0.0024087024843976665,,stocks,mcap,0.9017986808539662
2026-04-30,sector,ETF,,0.15038392048718874,50.90369058177915,0.0035076139636741298,,stocks,mcap,0.6129659342652437
2026-05-01,sector,ETF,,0.1021788562325863,48.00826251477704,0.0007422759887670237,,stocks,mcap,0.07255027626569749
2026-05-02,sector,ETF,,0.14881592283098571,54.65937546854317,0.0017507763304813809,,stocks,mcap,0.6380485614276908
2026-05-03,sector,ETF,,0.14396459583628463,53.1565731238082,0.0017819187970371693,,stocks,mcap,0.5876239249432367
2026-05-04,sector,ETF,,0.24955219563228737,60.4536579814419,0.008242732691383904,,stocks,mcap,1.360499960753349
2026-05-05,sector,ETF,,0.01861538879977522,48.71469112089241,-0.003100134770889912,,stocks,mcap,-0.3579607741348475
2026-05-06,sector,ETF,,0.22093651736227568,52.971383165267525,0.002649182164312945,,stocks,mcap,0.8894380556032552
2026-05-07,sector,ETF,,0.09261408426128157,45.726615202744206,-0.0022967772285656454,,stocks,mcap,-0.12831841958642334
2026-05-08,sector,ETF,,0.12080827217524598,50.19481814327955,-0.0036932933360625947,,stocks,mcap,0.011691944520791128
2026-05-09,sector,ETF,,0.08965976379449905,50.709967434064495,-0.006570573954017556,,stocks,mcap,-0.23304134904922857
2026-05-10,sector,ETF,,0.20648060832896015,50.71908253827032,-0.0007671031886862592,,stocks,mcap,0.5812836586210148
2026-05-11,sector,ETF,,0.1887867347702019,54.707939575086485,0.001590400167823719,,stocks,mcap,0.6763947605536543
2026-05-12,sector,ETF,,0.19553637913976923,57.714326963277685,0.0032207570564127923,,stocks,mcap,0.8307822942252057
2026-05-13,sector,ETF,,0.09350959748196608,44.97866102258043,-0.002639311520385261,,stocks,mcap,-0.26103361124552227
2026-05-14,sector,ETF,,0.294117355056868,55.65833762454601,0.006432405622066942,,stocks,mcap,1.2338233230290907
2026-05-15,sector,ETF,,0.04478843422942587,48.04957268127989,-0.00434104606139608,,stocks,mcap,-0.4231174330402
2026-05-16,sector,ETF,,0.14042743718447057,49.724104504783,-0.004963361850696131,,stocks,mcap,-0.08912580090596944
2026-05-17,sector,ETF,,0.004003253666878279,45.76337327877052,-0.013988937412838184,,stocks,mcap,-1.058354095745744
2026-05-18,sector,ETF,,0.04300407012204931,43.485169525540584,-0.016581280525868134,,stocks,mcap,-1.1302913918337079
2026-05-19,sector,ETF,,-0.056577828815933054,47.41401446739302,-0.023811736312121804,,stocks,mcap,-1.6472170247314657
2026-05-20,sector,ETF,,0.11932658398802178,46.44084161687548,-0.015935074233911287,,stocks,mcap,-0.6646643922963846
2026-05-21,sector,ETF,,0.2053917798161512,54.07085016626244,-0.0046994806825620405,,stocks,mcap,0.0927352371919258
2026-05-22,sector,ETF,,0.23175775862372403,54.01015141663439,0.004253284168021608,,stocks,mcap,0.41417640027955915
2026-05-23,sector,ETF,,,55.25428990860475,0.0034026273344172873,,stocks,mcap,
2026-03-24,sector,EV,,0.1257749980817069,,0.0,,stocks,mcap,
2026-03-25,sector,EV,,0.1608982291984905,100.0,0.002241482555600993,,stocks,mcap,
2026-03-26,sector,EV,,0.050097452883750025,24.06953573644519,-0.0035472573084602654,,stocks,mcap,
2026-03-27,sector,EV,,-0.016605033407190235,16.518746324542718,-0.011243394940177029,,stocks,mcap,
2026-03-28,sector,EV,,0.040454056265309096,34.18140474134238,-0.011807807668553131,,stocks,mcap,
2026-03-29,sector,EV,,0.2510140252462677,63.0390616367986,0.0019503739494564866,,stocks,mcap,
2026-03-30,sector,EV,,0.07935898702061962,46.43994715373284,-0.0004320605184429255,,stocks,mcap,
2026-03-31,sector,EV,,0.12451487659561246,49.90961123510571,0.0010311223539951958,,stocks,mcap,
2026-04-01,sector,EV,,0.04952448246308984,45.061794940439675,-0.002841844069606997,,stocks,mcap,
2026-04-02,sector,EV,,-0.056950454835401565,39.60040317139392,-0.011859171047615458,,stocks,mcap,
2026-04-03,sector,EV,,0.12461146757709823,49.94512082077723,-0.005219311447873855,,stocks,mcap,
2026-04-04,sector,EV,,0.03829052519297442,46.184398289304994,-0.006197665784930841,,stocks,mcap,
2026-04-05,sector,EV,,0.04785573990673309,46.62970208940232,-0.005766325804817812,,stocks,mcap,
2026-04-06,sector,EV,,-0.05861080141124944,42.697224400551654,-0.011865761267222809,,stocks,mcap,
2026-04-07,sector,EV,,0.09416814195860435,48.883319929127175,-0.005167332110893902,,stocks,mcap,
2026-04-08,sector,EV,,0.04693172252872799,46.00769894421206,-0.003551327858782205,,stocks,mcap,
2026-04-09,sector,EV,,0.0370686693149121,49.50886333175979,-0.0028124275714564093,,stocks,mcap,
2026-04-10,sector,EV,,0.10452526494885404,54.56356701365207,0.002278756017029617,,stocks,mcap,
2026-04-11,sector,EV,,0.22106366107885936,56.5125647386246,0.012958070302168938,,stocks,mcap,
2026-04-12,sector,EV,,0.3187681469111729,52.65959266177096,0.025348619127214606,,stocks,mcap,
2026-04-13,sector,EV,,0.1322749679642683,52.05322431350811,0.01996759790679673,,stocks,mcap,0.6189934272214133
2026-04-14,sector,EV,,0.14702704700295066,50.894615914488185,0.016527274922861563,,stocks,mcap,0.7930623730221219
2026-04-15,sector,EV,,0.1703970061069989,55.00887866065106,0.014995995381822405,,stocks,mcap,0.9094325858271837
2026-04-16,sector,EV,,0.07405798468076627,55.474896362613165,0.00706781310804393,,stocks,mcap,0.2690749975764358
2026-04-17,sector,EV,,0.06891124695847194,47.269681529884814,0.0013493540739140455,,stocks,mcap,0.01702238822317423
2026-04-18,sector,EV,,0.05554176277541767,50.910759153272686,-0.0032121540913539635,,stocks,mcap,-0.06113306085429286
2026-04-19,sector,EV,,0.15461348231499678,55.14948489951988,0.00037367001702651517,,stocks,mcap,0.60634200415997
2026-04-20,sector,EV,,0.13054035153198662,59.91157514433203,0.0010184410011017248,,stocks,mcap,0.6068212004804294
2026-04-21,sector,EV,,0.08184809215657148,49.2753819958452,-0.0017874396009338938,,stocks,mcap,-0.014660579084158076
2026-04-22,sector,EV,,0.07149426426475206,51.510195461884095,-0.004158289801128006,,stocks,mcap,-0.0737752762944585
2026-04-23,sector,EV,,0.08224005814140671,52.774291780162415,-0.004776181335956252,,stocks,mcap,-0.04502114951138263
2026-04-24,sector,EV,,0.05218266529542705,46.63048175163777,-0.006856039614080544,,stocks,mcap,-0.33795496223624766
2026-04-25,sector,EV,,0.18847946073517208,47.95445092285645,0.0008887612476352065,,stocks,mcap,0.539495647651182
2026-04-26,sector,EV,,0.076380731424122,35.05368480630054,-0.0014685748949415651,,stocks,mcap,-0.3738629761980269
2026-04-27,sector,EV,,0.28891210161828823,59.3581940312859,0.010686322389580949,,stocks,mcap,1.304889716972109
2026-04-28,sector,EV,,0.14621981297541384,49.95816740216683,0.008606126306768025,,stocks,mcap,0.5975682906021207
2026-04-29,sector,EV,,0.04002737490423944,43.778062153030675,2.2416887404168306e-05,,stocks,mcap,-0.2658769986077366
2026-04-30,sector,EV,,0.22815985940678254,56.76209015657569,0.006595481403699682,,stocks,mcap,0.9985420857548591
2026-05-01,sector,EV,,0.1751612033116159,54.474411953413,0.006920488781059483,,stocks,mcap,0.7818827780554327
2026-05-02,sector,EV,,0.1850144866766618,55.46856728453988,0.0073075883139025796,,stocks,mcap,0.8549742842610321
2026-05-03,sector,EV,,0.2724677989061745,55.0271777715979,0.012648910692087404,,stocks,mcap,1.2497051131706516
2026-05-04,sector,EV,,0.17740475352048465,51.884887655684494,0.00913884604771489,,stocks,mcap,0.6037676895777154
2026-05-05,sector,EV,,0.21178213213747193,55.28682828300154,0.00850466307090831,,stocks,mcap,0.9866722486608112
2026-05-06,sector,EV,,0.13401416146973127,52.411547525354955,0.0025300338810051275,,stocks,mcap,0.35238963470773554
2026-05-07,sector,EV,,0.06697465054042366,49.435682412909784,-0.005799784821008951,,stocks,mcap,-0.10910110378488465
2026-05-08,sector,EV,,0.04211592483179313,49.62642610621739,-0.012464029767317503,,stocks,mcap,-0.3504422596751271
2026-05-09,sector,EV,,0.24525391153201045,52.00730321000827,-0.0031563490297532824,,stocks,mcap,0.7492226546493882
2026-05-10,sector,EV,,0.05348848163530402,49.23379063916435,-0.009520318228560762,,stocks,mcap,-0.3297232213294706
2026-05-11,sector,EV,,0.15491490900865443,45.15471609297559,-0.006640846103469674,,stocks,mcap,0.15747164678260417
2026-05-12,sector,EV,,0.130083750638245,49.36215944733911,-0.006161039048525113,,stocks,mcap,-0.05483217379150967
2026-05-13,sector,EV,,0.13454866327146245,54.06308903310953,-0.005326798784244806,,stocks,mcap,0.05794094570892125
2026-05-14,sector,EV,,0.1280005350026625,44.89808677332488,-0.005004824594000649,,stocks,mcap,-0.1916392687778378
2026-05-15,sector,EV,,0.08744860553342644,45.47471623204141,-0.00717944341971948,,stocks,mcap,-0.39422672449717966
2026-05-16,sector,EV,,0.3104556632366763,55.30499543360202,0.006031200974734981,,stocks,mcap,1.0776527148673474
2026-05-17,sector,EV,,0.12341532557102312,44.1861768103811,0.002010493330833146,,stocks,mcap,-0.11056383240172395
2026-05-18,sector,EV,,0.05546633941317917,45.14098963781144,-0.005004170292214912,,stocks,mcap,-0.47621429602581977
2026-05-19,sector,EV,,0.12500946020852102,46.6365400153766,-0.004741836686667382,,stocks,mcap,-0.20635917434644807
2026-05-20,sector,EV,,0.05776439802669684,47.0201172212788,-0.00865086882867036,,stocks,mcap,-0.5474139536143559
2026-05-21,sector,EV,,0.08010209442545026,50.53160159930669,-0.009232834833295532,,stocks,mcap,-0.42999060332422
2026-05-22,sector,EV,,-0.01987399368880857,47.63365523558228,-0.015483689101500803,,stocks,mcap,-1.0278106296041984
2026-05-23,sector,EV,,,38.0215424719256,-0.012386951281200643,,stocks,mcap,
2026-03-24,sector,Ecommerce,,0.37362817983544544,,0.0,,stocks,mcap,
2026-03-25,sector,Ecommerce,,0.38983687762362096,100.0,0.001034401226367887,,stocks,mcap,
2026-03-26,sector,Ecommerce,,0.27932603306168297,12.791000888712574,-0.00542638268227238,,stocks,mcap,
2026-03-27,sector,Ecommerce,,0.267033925414216,11.659956405421866,-0.009965860302459245,,stocks,mcap,
2026-03-28,sector,Ecommerce,,0.20436450966064346,8.036796973383147,-0.01625538134618909,,stocks,mcap,
2026-03-29,sector,Ecommerce,,0.4097558204914165,54.437495975448506,-0.006168029983675494,,stocks,mcap,
2026-03-30,sector,Ecommerce,,0.157629914152682,33.616593726112555,-0.015528389664770836,,stocks,mcap,
2026-03-31,sector,Ecommerce,,0.12540839225993092,32.04999438492365,-0.02251833592176347,,stocks,mcap,
2026-04-01,sector,Ecommerce,,0.2203722405593562,40.255650745699135,-0.019488131393931574,,stocks,mcap,
2026-04-02,sector,Ecommerce,,0.20199782714376804,39.336524861934066,-0.017524904495592117,,stocks,mcap,
2026-04-03,sector,Ecommerce,,0.29181091852524677,45.42701211710434,-0.009389137490036233,,stocks,mcap,
2026-04-04,sector,Ecommerce,,0.30066220312265846,45.9616911602129,-0.00295642590124863,,stocks,mcap,
2026-04-05,sector,Ecommerce,,0.19266087815514416,41.05383383801069,-0.005378892085840109,,stocks,mcap,
2026-04-06,sector,Ecommerce,,0.3743814992885751,50.03156866261628,0.005277014874818933,,stocks,mcap,
2026-04-07,sector,Ecommerce,,0.3595823746177033,49.418606703735136,0.011018134046198003,,stocks,mcap,
2026-04-08,sector,Ecommerce,,0.3145186876133689,46.95511476371071,0.011421274271988847,,stocks,mcap,
2026-04-09,sector,Ecommerce,,0.21485059830259687,47.3704012194558,0.004946782648019659,,stocks,mcap,
2026-04-10,sector,Ecommerce,,0.16976185241784658,46.1361712550333,-0.0020272203561252713,,stocks,mcap,
2026-04-11,sector,Ecommerce,,0.41307000676665445,57.24978407935833,0.009460718215667647,,stocks,mcap,
2026-04-12,sector,Ecommerce,,0.3511313931732612,47.73814765794322,0.012416328868678599,,stocks,mcap,
2026-04-13,sector,Ecommerce,,0.181238084583225,50.97256558651583,0.002951387928620614,,stocks,mcap,-0.1932861294818092
2026-04-14,sector,Ecommerce,,0.33751221092160455,57.92758293816187,0.00700617062068655,,stocks,mcap,0.6939006206159621
2026-04-15,sector,Ecommerce,,0.08268646434678716,45.40318152445158,-0.006929106209238645,,stocks,mcap,-0.7280711095685946
2026-04-16,sector,Ecommerce,,0.23804204196254625,51.102538291648514,-0.005217086897657052,,stocks,mcap,0.04016729896217593
2026-04-17,sector,Ecommerce,,0.23053809319706173,48.02637611419827,-0.004168816092124904,,stocks,mcap,-0.02255179811908782
2026-04-18,sector,Ecommerce,,0.3405168640786529,51.205219025426395,0.003915452202910147,,stocks,mcap,0.5369417005451615
2026-04-19,sector,Ecommerce,,0.36136649342130106,55.38559172982275,0.01028901901312287,,stocks,mcap,0.8098077897961372
2026-04-20,sector,Ecommerce,,0.27925672934750567,46.757089376484814,0.008662159658926315,,stocks,mcap,0.41639098978811717
2026-04-21,sector,Ecommerce,,0.25918503811137633,46.58960186643885,0.006045452896706181,,stocks,mcap,0.1179775343040704
2026-04-22,sector,Ecommerce,,0.31974753274301343,50.175767929786566,0.008077607603945552,,stocks,mcap,0.6351916384193355
2026-04-23,sector,Ecommerce,,0.3076291992940822,53.31380809577485,0.008260318555002626,,stocks,mcap,0.6629831896180871
2026-04-24,sector,Ecommerce,,0.29811039394880373,54.70379308659841,0.007421324853120245,,stocks,mcap,0.6499767398400629
2026-04-25,sector,Ecommerce,,0.36434057860614344,47.947769711125055,0.010803136782702526,,stocks,mcap,0.853314033453462
2026-04-26,sector,Ecommerce,,0.2328908925260192,45.29575305477185,0.004013097673745063,,stocks,mcap,0.03591330171796647
2026-04-27,sector,Ecommerce,,0.3936823960182612,58.51384480860058,0.009844487793870534,,stocks,mcap,1.1198163214369956
2026-04-28,sector,Ecommerce,,0.22260648380426595,45.44906923582632,0.002079613384460719,,stocks,mcap,-0.023393459546330125
2026-04-29,sector,Ecommerce,,0.30728858190267005,60.28117030931597,0.0025170501799669934,,stocks,mcap,0.720537189809975
2026-04-30,sector,Ecommerce,,0.2864377983366809,52.526418848454036,0.001332006743615278,,stocks,mcap,0.29370633621471565
2026-05-01,sector,Ecommerce,,0.3480153816075417,55.804975382498114,0.004449495956752659,,stocks,mcap,0.8231327849586989
2026-05-02,sector,Ecommerce,,0.36448230024545997,51.304801848906905,0.007211306813259109,,stocks,mcap,0.8570819072602366
2026-05-03,sector,Ecommerce,,0.296392886304739,46.6355669045378,0.004192783044607003,,stocks,mcap,0.28267123798340754
2026-05-04,sector,Ecommerce,,0.313983192103861,51.92694477282401,0.0031678168701005363,,stocks,mcap,0.42094156325594767
2026-05-05,sector,Ecommerce,,0.42593031803961623,58.396449315573065,0.009460516125472915,,stocks,mcap,1.2393135553060468
2026-05-06,sector,Ecommerce,,0.4077184961107312,54.62712598774567,0.011681910204794458,,stocks,mcap,1.1387132249940715
2026-05-07,sector,Ecommerce,,0.34801499896856736,52.02296036186632,0.008560512709381015,,stocks,mcap,0.6338363670616037
2026-05-08,sector,Ecommerce,,0.3294177899880987,51.55408089039521,0.0048577819151880836,,stocks,mcap,0.5022327972756361
2026-05-09,sector,Ecommerce,,0.4261649059373698,52.97867897072821,0.008334719422350322,,stocks,mcap,1.1195575259297081
2026-05-10,sector,Ecommerce,,0.4204351547544328,60.28134379031727,0.009570636350786105,,stocks,mcap,1.2365049870538827
2026-05-11,sector,Ecommerce,,0.08562907268635284,35.81805364084565,-0.011685559882347527,,stocks,mcap,-0.8723288836572785
2026-05-12,sector,Ecommerce,,0.27551931085268183,52.39448405263421,-0.012413564843968262,,stocks,mcap,0.020708247067516283
2026-05-13,sector,Ecommerce,,0.447452471957491,55.878662387781525,-0.0013544196724727987,,stocks,mcap,0.99187392616536
2026-05-14,sector,Ecommerce,,0.2878927623819742,50.05466296418812,-0.004639069399471079,,stocks,mcap,0.08516836889510238
2026-05-15,sector,Ecommerce,,0.24386604259834838,46.03482019546084,-0.009358326237107186,,stocks,mcap,-0.2338905067568866
2026-05-16,sector,Ecommerce,,0.5188916065943748,54.91168204415124,0.005653125127895115,,stocks,mcap,1.2407423684964565
2026-05-17,sector,Ecommerce,,0.3287055821335381,50.953765261891455,0.0025428756892744223,,stocks,mcap,0.3060993841006464
2026-05-18,sector,Ecommerce,,0.2837548008429866,49.12193890294249,-0.00249988212730487,,stocks,mcap,0.04368587924729514
2026-05-19,sector,Ecommerce,,0.2492595561864203,44.62635358237621,-0.007816603399789356,,stocks,mcap,-0.2557933367354034
2026-05-20,sector,Ecommerce,,0.1249906103577833,41.92169131691695,-0.018737660605094283,,stocks,mcap,-0.9129724841587775
2026-05-21,sector,Ecommerce,,0.39614744806123586,51.227008826238226,-0.007321050497122828,,stocks,mcap,0.4802883675328482
2026-05-22,sector,Ecommerce,,,51.71737894734079,-0.005856840397698262,,stocks,mcap,
2026-05-23,sector,Ecommerce,,,49.18697222786126,-0.00468547231815861,,stocks,mcap,
2026-03-24,sector,Ecosystem,,0.2996945355990607,,0.0,,stocks,mcap,
2026-03-25,sector,Ecosystem,,0.3536349941274317,100.0,0.003442354048534213,,stocks,mcap,
2026-03-26,sector,Ecosystem,,0.1957840903299806,25.46867725671855,-0.0046620207438226036,,stocks,mcap,
2026-03-27,sector,Ecosystem,,0.2858470655159909,47.70626617506747,-0.0037469064848747015,,stocks,mcap,
2026-03-28,sector,Ecosystem,,0.21812055238884726,38.96398676105939,-0.0072877395880475235,,stocks,mcap,
2026-03-29,sector,Ecosystem,,0.40794411411843706,59.675431237755035,0.0030169964765662735,,stocks,mcap,
2026-03-30,sector,Ecosystem,,0.2505973377386356,46.57501803755906,-0.0007028005001517958,,stocks,mcap,
2026-03-31,sector,Ecosystem,,0.1498163727475953,40.833500421609116,-0.009406405423345664,,stocks,mcap,
2026-04-01,sector,Ecosystem,,0.34086628714388595,52.041070967131546,-0.0021321032098529247,,stocks,mcap,
2026-04-02,sector,Ecosystem,,0.2026705030241458,45.76971109164291,-0.006231321095643517,,stocks,mcap,
2026-04-03,sector,Ecosystem,,0.22134336611761307,46.63858932644821,-0.007219160230127572,,stocks,mcap,
2026-04-04,sector,Ecosystem,,0.2839530376721532,49.359091047362924,-0.003384664882919164,,stocks,mcap,
2026-04-05,sector,Ecosystem,,0.3716182574995328,52.73323410035244,0.0048780666033253275,,stocks,mcap,
2026-04-06,sector,Ecosystem,,0.2893701441875902,49.63073728556376,0.004628594601357766,,stocks,mcap,
2026-04-07,sector,Ecosystem,,0.3085435666719275,50.31221285381443,0.005518852068293643,,stocks,mcap,
2026-04-08,sector,Ecosystem,,0.16012091206861526,43.599155655520086,-0.0036313675663397684,,stocks,mcap,
2026-04-09,sector,Ecosystem,,0.25060540292724487,51.89789932370138,-0.003340321584641053,,stocks,mcap,
2026-04-10,sector,Ecosystem,,0.28631183541131955,50.01671946762121,-0.0006351247789893608,,stocks,mcap,
2026-04-11,sector,Ecosystem,,0.31251619666222197,53.50032439186174,0.0028364516968782272,,stocks,mcap,
2026-04-12,sector,Ecosystem,,0.3341461501401212,46.8734727021833,0.006308001462827741,,stocks,mcap,
2026-04-13,sector,Ecosystem,,0.2138230685016701,48.391561707512686,0.0005240618280594961,,stocks,mcap,-0.33236138634935203
2026-04-14,sector,Ecosystem,,0.330816031673663,57.805888774773784,0.004385925542047149,,stocks,mcap,0.7404038843787973
2026-04-15,sector,Ecosystem,,0.24191388273009135,45.32020961541544,0.0009414051892730653,,stocks,mcap,-0.22005920221703834
2026-04-16,sector,Ecosystem,,0.2254153239216711,51.215606405830286,-0.002283565378089522,,stocks,mcap,-0.34424192249038377
2026-04-17,sector,Ecosystem,,0.2623187044617285,52.14808479269392,-0.001788676387223089,,stocks,mcap,0.04340150304864003
2026-04-18,sector,Ecosystem,,0.3476125204023241,53.259745720537005,0.004104046904099946,,stocks,mcap,0.7539015483842504
2026-04-19,sector,Ecosystem,,0.3578518152841398,49.23436623802247,0.008271963723343677,,stocks,mcap,0.9376249825314187
2026-04-20,sector,Ecosystem,,0.2488693261389465,47.81255686218583,0.003513006962771986,,stocks,mcap,0.033649284903016635
2026-04-21,sector,Ecosystem,,0.2707854579601102,47.96671413190271,0.0017539684953949085,,stocks,mcap,0.07300802220830996
2026-04-22,sector,Ecosystem,,0.2287924626322649,54.176745432442026,-0.0021150964410179985,,stocks,mcap,-0.1762000404721925
2026-04-23,sector,Ecosystem,,0.3132339964828068,53.837408732332754,0.000969714697756606,,stocks,mcap,0.5497634368730074
2026-04-24,sector,Ecosystem,,0.413278422182844,57.21101857605099,0.00924489967487389,,stocks,mcap,1.4373569904980743
2026-04-25,sector,Ecosystem,,0.26086473023436807,47.43429481802953,0.004207153272475081,,stocks,mcap,0.14621794957966283
2026-04-26,sector,Ecosystem,,0.362216618582333,51.292026211285574,0.007274343925155661,,stocks,mcap,1.0227045618560748
2026-04-27,sector,Ecosystem,,0.28005919412235036,53.15972630657679,0.00353304956948872,,stocks,mcap,0.36210142496993103
2026-04-28,sector,Ecosystem,,0.26634724447849806,46.58841055927136,8.04313122079207e-05,,stocks,mcap,0.014498238917168074
2026-04-29,sector,Ecosystem,,0.3147027340159405,54.02458278116875,0.0009505572435030826,,stocks,mcap,0.64223546685313
2026-04-30,sector,Ecosystem,,0.3250699127033229,55.547635820065366,0.0020579902845267667,,stocks,mcap,0.7648522783911522
2026-05-01,sector,Ecosystem,,0.36250902228440474,55.57413434665285,0.004979086163090879,,stocks,mcap,1.0451448938864778
2026-05-02,sector,Ecosystem,,0.32316789182972566,48.56672571751697,0.003972538207927943,,stocks,mcap,0.45849685739025936
2026-05-03,sector,Ecosystem,,0.3108245643688021,47.249414009215585,0.002270866593075087,,stocks,mcap,0.31198988013245177
2026-05-04,sector,Ecosystem,,0.296087178257261,53.10393136617104,6.475037860168703e-05,,stocks,mcap,0.3077555323292488
2026-05-05,sector,Ecosystem,,0.2700240137254351,49.950216829982715,-0.003064825979710601,,stocks,mcap,-0.025932732472537537
2026-05-06,sector,Ecosystem,,0.32218578558684086,56.02592405552668,-0.0016100336504429585,,stocks,mcap,0.6136599669333237
2026-05-07,sector,Ecosystem,,0.25501093283826665,46.15771921688816,-0.00497022545773984,,stocks,mcap,-0.3224980646128284
2026-05-08,sector,Ecosystem,,0.34066081845153073,45.114980114195205,-0.0014079633081095274,,stocks,mcap,0.37821166582174615
2026-05-09,sector,Ecosystem,,0.40149788919055784,60.78985462832263,0.004726132358427799,,stocks,mcap,1.2911168932653148
2026-05-10,sector,Ecosystem,,0.4020144636749384,53.61236169421721,0.008290359054778276,,stocks,mcap,1.2257831268449937
2026-05-11,sector,Ecosystem,,0.3118575904425137,52.84495556182792,0.004251536005390265,,stocks,mcap,0.46251599133706256
2026-05-12,sector,Ecosystem,,0.23993564171975862,47.85990373234151,-0.0031869893794434223,,stocks,mcap,-0.2654356048950588
2026-05-13,sector,Ecosystem,,0.27749203869794603,46.93116106449617,-0.005372526477987784,,stocks,mcap,-0.21449597206869425
2026-05-14,sector,Ecosystem,,0.2709359164669613,45.507221203446605,-0.0069539356662933925,,stocks,mcap,-0.38402630402352533
2026-05-15,sector,Ecosystem,,0.26995596227029434,41.823883481737774,-0.007702081658533202,,stocks,mcap,-0.5664480096772034
2026-05-16,sector,Ecosystem,,0.4402469178726568,58.39942967229671,0.0030589285720667974,,stocks,mcap,1.2461800254038826
2026-05-17,sector,Ecosystem,,0.6137091204722063,67.64927480716662,0.02066495467349605,,stocks,mcap,2.6274499394240114
2026-05-18,sector,Ecosystem,,0.32835618225291024,51.42950099436495,0.012310757108928701,,stocks,mcap,0.660089783651317
2026-05-19,sector,Ecosystem,,0.41602479051729974,56.13301163413769,0.011900440069193857,,stocks,mcap,1.3404560947657385
2026-05-20,sector,Ecosystem,,0.4014871059439639,53.43992062134059,0.009941012594626718,,stocks,mcap,1.1687100466159965
2026-05-21,sector,Ecosystem,,0.44311201389567606,58.34438194527623,0.010674857007108872,,stocks,mcap,1.4776912626853518
2026-05-22,sector,Ecosystem,,0.22098580567980183,45.264478195035174,-0.003797987497213679,,stocks,mcap,-0.2871532744781543
2026-05-23,sector,Ecosystem,,,42.49586875467319,-0.0030383899977709447,,stocks,mcap,
2026-03-24,sector,Energy,,-0.02317559092199432,,0.0,,stocks,mcap,
2026-03-25,sector,Energy,,0.020168019399909313,100.0,0.0027660879521670704,,stocks,mcap,
2026-03-26,sector,Energy,,0.006086185317325196,75.47805815241783,0.0034498411639769374,,stocks,mcap,
2026-03-27,sector,Energy,,0.053466937351395155,86.56392984279364,0.006707119601159977,,stocks,mcap,
2026-03-28,sector,Energy,,-0.0535341456779845,42.83344868215784,0.0015391069421485182,,stocks,mcap,
2026-03-29,sector,Energy,,0.03410949162758066,59.565020399136735,0.003779464202544656,,stocks,mcap,
2026-03-30,sector,Energy,,-0.019420176227255552,50.53195768524959,0.001527836282665452,,stocks,mcap,
2026-03-31,sector,Energy,,-0.0028715315199345556,52.7472873307698,0.001047505076265996,,stocks,mcap,
2026-04-01,sector,Energy,,-0.016012587005440036,50.93592371823459,-0.00019454669200534482,,stocks,mcap,
2026-04-02,sector,Energy,,0.04853474560115742,58.01738725495701,0.003109415099669436,,stocks,mcap,
2026-04-03,sector,Energy,,-0.10528954116105589,43.16903283559516,-0.004853522595036883,,stocks,mcap,
2026-04-04,sector,Energy,,0.0845138464342434,56.80850214794456,0.0024796733007498607,,stocks,mcap,
2026-04-05,sector,Energy,,0.11868240818826147,58.597310124047475,0.009077868478418943,,stocks,mcap,
2026-04-06,sector,Energy,,-0.019836329770232895,50.1732822107538,0.0038283008139284452,,stocks,mcap,
2026-04-07,sector,Energy,,0.0654705939795568,54.2259174836975,0.005703281301477655,,stocks,mcap,
2026-04-08,sector,Energy,,-0.056992392670553026,46.57964431830191,-0.0013268882551927923,,stocks,mcap,
2026-04-09,sector,Energy,,0.12050720781337033,54.430195550974254,0.005575835557142202,,stocks,mcap,
2026-04-10,sector,Energy,,0.05694171989269858,50.1328726344174,0.005452655592627021,,stocks,mcap,
2026-04-11,sector,Energy,,-0.07640257398806145,49.142801208225784,-0.003533315532970897,,stocks,mcap,
2026-04-12,sector,Energy,,0.02938918222819033,49.82543915200541,-0.0023340958099299456,,stocks,mcap,
2026-04-13,sector,Energy,,0.25261251230960635,58.938174293231164,0.012685667716598818,,stocks,mcap,1.6646130433842996
2026-04-14,sector,Energy,,0.050908890477414065,51.57538165836199,0.008433760960623538,,stocks,mcap,0.412365743061759
2026-04-15,sector,Energy,,0.013677042554545039,50.85758995114781,0.002802618731598115,,stocks,mcap,0.06496146797949667
2026-04-16,sector,Energy,,0.15283185203387453,52.88815705784657,0.007852388877977266,,stocks,mcap,0.9951394600073422
2026-04-17,sector,Energy,,0.054939725502216964,54.578849101964465,0.004186351828194407,,stocks,mcap,0.33808304383545296
2026-04-18,sector,Energy,,0.27744332231005353,55.4121682608836,0.01568696041915935,,stocks,mcap,1.5670927705234803
2026-04-19,sector,Energy,,0.15428322274197315,50.95120205117939,0.013995644439568432,,stocks,mcap,0.9861538068212842
2026-04-20,sector,Energy,,0.1770281150567991,55.60680351424083,0.0134039641042158,,stocks,mcap,1.100538496529503
2026-04-21,sector,Energy,,0.10435719590855386,51.115540205132824,0.007412766423697162,,stocks,mcap,0.44295560607250584
2026-04-22,sector,Energy,,0.17477751557076318,56.853420948290726,0.00746617773919063,,stocks,mcap,0.9699170396087412
2026-04-23,sector,Energy,,0.18819327768312696,52.21656589931922,0.007650518341321397,,stocks,mcap,0.8976109846614709
2026-04-24,sector,Energy,,0.18882593866787278,54.50458079100806,0.007074034715672403,,stocks,mcap,0.9166409573250032
2026-04-25,sector,Energy,,-0.11382018462777939,48.85446372163454,-0.013319765226367089,,stocks,mcap,-0.7252744590470165
2026-04-26,sector,Energy,,0.28510854012890197,56.63747936803683,-0.0002623721829906542,,stocks,mcap,1.0164547808525788
2026-04-27,sector,Energy,,0.11954152348766353,46.43942458289572,-0.0029471110050661997,,stocks,mcap,0.053792952038226816
2026-04-28,sector,Energy,,0.12839935643463637,52.312007096842166,-0.0042198711846723885,,stocks,mcap,0.16412465513245614
2026-04-29,sector,Energy,,0.11502454700450847,53.06747468908462,-0.005950127670977447,,stocks,mcap,0.08271964955790462
2026-04-30,sector,Energy,,0.053334980184947395,46.840375021345345,-0.010946204474981257,,stocks,mcap,-0.37344471501270704
2026-05-01,sector,Energy,,0.10790579386437726,51.72957979492685,-0.010282917090787533,,stocks,mcap,-0.13094785432151096
2026-05-02,sector,Energy,,0.16441358227299013,45.86028460811273,-0.005960170444084947,,stocks,mcap,0.15408858316181445
2026-05-03,sector,Energy,,0.1768060527690767,50.89773901089857,-0.0023721032430595416,,stocks,mcap,0.3568902389406483
2026-05-04,sector,Energy,,0.13264701318089958,48.26070213035533,-0.003036190052976895,,stocks,mcap,-0.06648413061786371
2026-05-05,sector,Energy,,0.09437000733863501,49.59775788215558,-0.005948334347663786,,stocks,mcap,-0.2329337051608095
2026-05-06,sector,Energy,,0.09934055743192238,46.7926195142655,-0.007343342662842301,,stocks,mcap,-0.34188543777010455
2026-05-07,sector,Energy,,0.069831897515639,45.035522949229915,-0.009897956566604832,,stocks,mcap,-0.5640389190675809
2026-05-08,sector,Energy,,0.19673397943837712,50.29992133619256,-0.0030411441205436818,,stocks,mcap,0.2753684411366327
2026-05-09,sector,Energy,,0.37857057455893145,70.55837566655434,0.012867846271047964,,stocks,mcap,1.598004684389443
2026-05-10,sector,Energy,,0.03981317405739243,39.216569180291096,0.0003641698417270779,,stocks,mcap,-0.5637653284756543
2026-05-11,sector,Energy,,0.13359098339860895,50.65923853439688,-0.0016899957320294576,,stocks,mcap,-0.06692201604095631
2026-05-12,sector,Energy,,0.034196763348450544,45.92591210467417,-0.00941086337701081,,stocks,mcap,-0.6634739443404591
2026-05-13,sector,Energy,,0.1473865420191594,51.28836390574031,-0.006690706033253564,,stocks,mcap,0.02399308698030403
2026-05-14,sector,Energy,,0.07810290050652116,50.980109786291855,-0.009198689558108904,,stocks,mcap,-0.47859770270674995
2026-05-15,sector,Energy,,0.13086437370942172,50.90981386015012,-0.007042498077160489,,stocks,mcap,-0.10818268285595548
2026-05-16,sector,Energy,,0.47496426589943147,60.02222149414487,0.016532665374729118,,stocks,mcap,1.5545872075802767
2026-05-17,sector,Energy,,0.2387620196947317,51.74708855444373,0.015225768409954935,,stocks,mcap,0.742239448031123
2026-05-18,sector,Energy,,0.44479796278737604,58.0659272750328,0.026579693205916844,,stocks,mcap,1.6828257511649043
2026-05-19,sector,Energy,,0.44985547412129656,59.34613565773137,0.032387429811440265,,stocks,mcap,1.8300939545692476
2026-05-20,sector,Energy,,0.24912810726570256,53.57056204011085,0.021207944278124946,,stocks,mcap,0.8558246845069789
2026-05-21,sector,Energy,,0.3648973950570671,56.7557958521968,0.02011698402098592,,stocks,mcap,1.399776954683086
2026-05-22,sector,Energy,,,54.08780140867768,0.016093587216788732,,stocks,mcap,
2026-05-23,sector,Energy,,,49.63539288053548,0.012874869773430983,,stocks,mcap,
2026-03-24,sector,Enterprise,,0.1288358812489849,,0.0,,stocks,mcap,
2026-03-25,sector,Enterprise,,0.0899967084895392,0.0,-0.002478625270118451,,stocks,mcap,
2026-03-26,sector,Enterprise,,0.1567752303159807,63.22664217229047,0.0003650526064413762,,stocks,mcap,
2026-03-27,sector,Enterprise,,0.14516585056946651,56.96510145522246,0.001392211913260934,,stocks,mcap,
2026-03-28,sector,Enterprise,,0.15746836057474167,61.05248637682394,0.0027497949930751645,,stocks,mcap,
2026-03-29,sector,Enterprise,,0.21680006721865844,73.28803999816104,0.007238340665770771,,stocks,mcap,
2026-03-30,sector,Enterprise,,0.14558434347376026,53.21990435071488,0.005106286386370154,,stocks,mcap,
2026-03-31,sector,Enterprise,,0.16566783723841336,56.57336685098725,0.0047511986379799535,,stocks,mcap,
2026-04-01,sector,Enterprise,,0.10380047252130788,46.34015080513135,0.00028775209326754175,,stocks,mcap,
2026-04-02,sector,Enterprise,,0.1212881560245019,48.95029226363339,-0.0014531549651431276,,stocks,mcap,
2026-04-03,sector,Enterprise,,0.1133944541157646,47.89860669390707,-0.0030128344805167777,,stocks,mcap,
2026-04-04,sector,Enterprise,,0.018750607196944692,38.08737862246138,-0.009906487836603889,,stocks,mcap,
2026-04-05,sector,Enterprise,,0.1176826181208977,49.00592165453433,-0.007405858050974634,,stocks,mcap,
2026-04-06,sector,Enterprise,,0.05584927427327096,44.140619488115554,-0.009390950650874101,,stocks,mcap,
2026-04-07,sector,Enterprise,,0.1536656653553263,51.7227715297392,-0.003873668316393487,,stocks,mcap,
2026-04-08,sector,Enterprise,,0.10015091629879491,50.69047081524188,-0.003592038727901644,,stocks,mcap,
2026-04-09,sector,Enterprise,,0.09734759662915549,45.57392257797509,-0.0033623064023644428,,stocks,mcap,
2026-04-10,sector,Enterprise,,0.15500204614230167,50.68556354539456,0.0006887917413391119,,stocks,mcap,
2026-04-11,sector,Enterprise,,0.1673028527397076,50.68544644878745,0.004026749256685959,,stocks,mcap,
2026-04-12,sector,Enterprise,,0.19237460727726757,48.21220952563476,0.007548577079534935,,stocks,mcap,
2026-04-13,sector,Enterprise,,0.15443794650774195,50.68121451431473,0.006962776615112398,,stocks,mcap,0.5253474584892439
2026-04-14,sector,Enterprise,,0.2775204320602954,57.428723732247484,0.014093099118405297,,stocks,mcap,1.5692517655323184
2026-04-15,sector,Enterprise,,0.20067838401430313,56.30868972695451,0.012895117026070456,,stocks,mcap,1.0838001338268464
2026-04-16,sector,Enterprise,,0.1467799226050105,51.58486725308414,0.007974730678755777,,stocks,mcap,0.3706028865478036
2026-04-17,sector,Enterprise,,0.13410464369019787,51.279978123721264,0.0035917394198410023,,stocks,mcap,0.17737996486496796
2026-04-18,sector,Enterprise,,0.2545439344682542,64.12272583234734,0.008262215192824815,,stocks,mcap,1.3982531984534619
2026-04-19,sector,Enterprise,,0.18862480014740343,54.42399777887568,0.006450604066734556,,stocks,mcap,0.6072688035385925
2026-04-20,sector,Enterprise,,0.11644252819405172,53.73048182114706,0.00025671305660550196,,stocks,mcap,0.03315774338917468
2026-04-21,sector,Enterprise,,0.21452362662164895,53.745557958586325,0.0025060133461510675,,stocks,mcap,0.8197075296930311
2026-04-22,sector,Enterprise,,0.23455490918529248,58.627604811540465,0.004942761711398302,,stocks,mcap,1.0729633004573251
2026-04-23,sector,Enterprise,,-0.08472113996051742,41.68932716562955,-0.014295806256479918,,stocks,mcap,-1.4804615363915878
2026-04-24,sector,Enterprise,,0.22299358236890618,52.52671850460433,-0.006065855753213525,,stocks,mcap,0.4351597607146157
2026-04-25,sector,Enterprise,,0.1501445368912209,49.38981789038258,-0.0053234629134370146,,stocks,mcap,-0.15936658593331027
2026-04-26,sector,Enterprise,,0.22820820716602377,51.22802634181404,0.00032998659006262983,,stocks,mcap,0.5581907770714848
2026-04-27,sector,Enterprise,,0.23672950101083007,52.878180203252654,0.004326443996270881,,stocks,mcap,0.7457111822231898
2026-04-28,sector,Enterprise,,0.08757893681001404,43.475689535763735,-0.002997280515176984,,stocks,mcap,-0.5124976893341181
2026-04-29,sector,Enterprise,,0.1420115695651673,47.95334251594175,-0.004033318572630126,,stocks,mcap,-0.2301218389494965
2026-04-30,sector,Enterprise,,0.14052794086939108,49.773613436217076,-0.004633298172837493,,stocks,mcap,-0.24141625295964217
2026-05-01,sector,Enterprise,,0.19804632028333363,52.24252413489565,-0.0011525823159683462,,stocks,mcap,0.35514771465405437
2026-05-02,sector,Enterprise,,0.2602953116282777,50.210292201361725,0.005007893090466743,,stocks,mcap,0.7681727326655582
2026-05-03,sector,Enterprise,,0.32065139295001344,54.8471125385034,0.012392832469647895,,stocks,mcap,1.3503024895181068
2026-05-04,sector,Enterprise,,0.15605054773083768,51.3617289832319,0.0057736401363933185,,stocks,mcap,0.2333821829630601
2026-05-05,sector,Enterprise,,0.016404517143860292,43.37789933121102,-0.007696682972222651,,stocks,mcap,-0.9261025218648369
2026-05-06,sector,Enterprise,,0.16286773222104023,47.7906039064355,-0.00647865957407528,,stocks,mcap,-0.2329682919542063
2026-05-07,sector,Enterprise,,0.14021217752874415,58.48353804148923,-0.006896114564004781,,stocks,mcap,-0.12068196670425306
2026-05-08,sector,Enterprise,,0.15389766425740223,46.65127632215859,-0.005981854038497325,,stocks,mcap,-0.37038621096862334
2026-05-09,sector,Enterprise,,0.12039213823981819,48.500884701671374,-0.007278813406318175,,stocks,mcap,-0.5436918190997626
2026-05-10,sector,Enterprise,,0.19626928339839006,48.38715987711526,-0.002896597386940663,,stocks,mcap,0.07698964625005983
2026-05-11,sector,Enterprise,,0.17715254760767668,47.02335747723661,-0.0012401928915726796,,stocks,mcap,-0.0003277494776004891
2026-05-12,sector,Enterprise,,0.12058818371021915,51.817380338831846,-0.0037660992032550814,,stocks,mcap,-0.41306807400671786
2026-05-13,sector,Enterprise,,0.11247984299327815,48.28668557331904,-0.005680050822088339,,stocks,mcap,-0.625592914640786
2026-05-14,sector,Enterprise,,0.004836705762170356,42.99108159746727,-0.013449240785782895,,stocks,mcap,-1.477057643369831
2026-05-15,sector,Enterprise,,0.19813306787700322,50.00392961238859,-0.00524519759437719,,stocks,mcap,-0.07879858695225792
2026-05-16,sector,Enterprise,,0.3233638631608101,52.70274575025537,0.008208658589794074,,stocks,mcap,0.8951875730244356
2026-05-17,sector,Enterprise,,0.008081435824011274,39.00699017800942,-0.0038835114623700993,,stocks,mcap,-1.2701307912288562
2026-05-18,sector,Enterprise,,0.14003284688352988,49.42341991020894,-0.0028032742603649567,,stocks,mcap,-0.2500964516868268
2026-05-19,sector,Enterprise,,-0.3019643670947461,40.58847466774021,-0.03014512637470723,,stocks,mcap,-2.7687867255197474
2026-05-20,sector,Enterprise,,0.30043022670523767,53.20313677432297,-0.007148736253607176,,stocks,mcap,0.15695798002902017
2026-05-21,sector,Enterprise,,0.15895839154137986,50.41361820103637,-0.0012623441559205216,,stocks,mcap,-0.22499273751165957
2026-05-22,sector,Enterprise,,-0.03851109848630287,46.07314530682785,-0.009979504119126556,,stocks,mcap,-1.3484942990262119
2026-05-23,sector,Enterprise,,,46.711989251640105,-0.007983603295301244,,stocks,mcap,
2026-03-24,sector,Enterprise Software,,0.18699015763885504,,0.0,,stocks,mcap,
2026-03-25,sector,Enterprise Software,,0.2106507178964253,100.0,0.0015099616802552117,,stocks,mcap,
2026-03-26,sector,Enterprise Software,,0.26894214386780996,100.0,0.006093802840238855,,stocks,mcap,
2026-03-27,sector,Enterprise Software,,0.14313912172344748,39.446455164004725,0.0006016329692584768,,stocks,mcap,
2026-03-28,sector,Enterprise Software,,0.4125843996225143,73.63727018542596,0.014304375102299122,,stocks,mcap,
2026-03-29,sector,Enterprise Software,,0.354859138109338,65.6908733528818,0.018407933767307226,,stocks,mcap,
2026-03-30,sector,Enterprise Software,,0.08564105579966884,43.69832091891444,0.00274086173357288,,stocks,mcap,
2026-03-31,sector,Enterprise Software,,0.27883534605832355,54.604517011991234,0.005007065562633351,,stocks,mcap,
2026-04-01,sector,Enterprise Software,,0.3364468855475928,57.083596589118045,0.00973071460444538,,stocks,mcap,
2026-04-02,sector,Enterprise Software,,0.1227907781565663,47.46968714545939,-0.00158682455136701,,stocks,mcap,
2026-04-03,sector,Enterprise Software,,0.17739251182296153,49.63733400619233,-0.005242180184908976,,stocks,mcap,
2026-04-04,sector,Enterprise Software,,0.11485436949561129,47.39722080647034,-0.01136705308214131,,stocks,mcap,
2026-04-05,sector,Enterprise Software,,0.4115117439444533,56.67264652515384,0.004230230948118186,,stocks,mcap,
2026-04-06,sector,Enterprise Software,,0.1358744978706149,48.69472385385392,-0.003907240538930334,,stocks,mcap,
2026-04-07,sector,Enterprise Software,,0.026182122655020085,46.11148831557158,-0.015895497891478226,,stocks,mcap,
2026-04-08,sector,Enterprise Software,,0.10327217115777533,47.46887436170852,-0.0177126619833958,,stocks,mcap,
2026-04-09,sector,Enterprise Software,,0.14622522690454468,47.08624883228913,-0.015197695509835872,,stocks,mcap,
2026-04-10,sector,Enterprise Software,,0.2267344393122265,52.02849091842382,-0.007667887421165282,,stocks,mcap,
2026-04-11,sector,Enterprise Software,,0.15592187249731848,43.107499444391344,-0.007029124512427077,,stocks,mcap,
2026-04-12,sector,Enterprise Software,,0.39064980423091306,50.877695602423934,0.008771881387737008,,stocks,mcap,
2026-04-13,sector,Enterprise Software,,0.2173419141357352,53.38912941566234,0.007188086819171705,,stocks,mcap,0.07844672874163641
2026-04-14,sector,Enterprise Software,,0.14993246467953206,46.45326464135204,0.0015326692243922517,,stocks,mcap,-0.4934452157310344
2026-04-15,sector,Enterprise Software,,0.2366483383586189,47.29734982658983,0.003454128327127934,,stocks,mcap,0.011636775446309228
2026-04-16,sector,Enterprise Software,,0.237794643635227,53.51952262846617,0.004555178287657811,,stocks,mcap,0.15409192616752465
2026-04-17,sector,Enterprise Software,,0.2683044574585403,52.823865756487365,0.0069478211776949714,,stocks,mcap,0.3089465405744014
2026-04-18,sector,Enterprise Software,,0.4053008988900575,58.62286143452953,0.016804475511596854,,stocks,mcap,1.0216553074296686
2026-04-19,sector,Enterprise Software,,0.44059413588641166,51.02201160949406,0.024293963800340698,,stocks,mcap,1.1418265487299892
2026-04-20,sector,Enterprise Software,,0.23143777656205958,53.522886899832145,0.0142515739036949,,stocks,mcap,0.28477041112932355
2026-04-21,sector,Enterprise Software,,0.2780409964853507,59.73757955518868,0.010036477708863366,,stocks,mcap,0.45946678369025695
2026-04-22,sector,Enterprise Software,,0.20572486147998958,53.97578852934865,0.002082748043419718,,stocks,mcap,0.02834823910147896
2026-04-23,sector,Enterprise Software,,0.13297124137323038,49.4972916922357,-0.007830003281273316,,stocks,mcap,-0.4497371184264771
2026-04-24,sector,Enterprise Software,,0.06856107730789436,43.926495878570044,-0.017900682590888423,,stocks,mcap,-0.9531920020138599
2026-04-25,sector,Enterprise Software,,0.2136536607614509,52.09714296245468,-0.01413165126486251,,stocks,mcap,-0.19974656448902403
2026-04-26,sector,Enterprise Software,,-0.017862057374823465,35.12584161622489,-0.02588778937233573,,stocks,mcap,-1.561894576690753
2026-04-27,sector,Enterprise Software,,0.20854250014609935,49.6915351207446,-0.017476121006798177,,stocks,mcap,-0.41202414362830997
2026-04-28,sector,Enterprise Software,,-0.12453154947629837,41.88930413679306,-0.03252940186367789,,stocks,mcap,-1.8014790928308253
2026-04-29,sector,Enterprise Software,,0.2565643628572074,50.50131756364655,-0.015850140817030598,,stocks,mcap,-0.3087529657549072
2026-04-30,sector,Enterprise Software,,0.23505046275996724,49.931625752731954,-0.0058133836743076844,,stocks,mcap,-0.23691357700309226
2026-05-01,sector,Enterprise Software,,0.2942814122083148,50.63811116364672,0.0047000348543729045,,stocks,mcap,0.08545808708081506
2026-05-02,sector,Enterprise Software,,0.17097749185155411,44.204977207782406,0.0033014234470564695,,stocks,mcap,-0.5433944093861102
2026-05-03,sector,Enterprise Software,,0.21013378748941186,44.311383473092135,0.004870206807537978,,stocks,mcap,-0.19852558051365995
2026-05-04,sector,Enterprise Software,,0.12102909778950212,47.10300992293697,2.024087477353262e-05,,stocks,mcap,-0.6303095845026321
2026-05-05,sector,Enterprise Software,,0.20094426401267587,48.01183085551272,0.0021877766759863058,,stocks,mcap,-0.1653506081982212
2026-05-06,sector,Enterprise Software,,0.27517952744221175,51.78932458180223,0.008272656291485133,,stocks,mcap,0.21707974298531085
2026-05-07,sector,Enterprise Software,,0.33752207298554643,55.29815803989475,0.015716051144971592,,stocks,mcap,0.605310479466709
2026-05-08,sector,Enterprise Software,,0.28443201917288263,55.624346984221624,0.016218283094078505,,stocks,mcap,0.534129671700071
2026-05-09,sector,Enterprise Software,,0.14224167636564922,48.13659907520603,0.006620463741815893,,stocks,mcap,-0.3059447052920548
2026-05-10,sector,Enterprise Software,,0.2599714396228398,57.70737454912712,0.0077676660266757895,,stocks,mcap,0.444094214415366
2026-05-11,sector,Enterprise Software,,0.3000327358112626,52.83068490896383,0.010615177265848449,,stocks,mcap,0.5248792294656643
2026-05-12,sector,Enterprise Software,,0.28296588821232477,65.6725329540192,0.010709159161711926,,stocks,mcap,0.7789072281046322
2026-05-13,sector,Enterprise Software,,0.27748227393189084,51.131401629722724,0.009787162073510498,,stocks,mcap,0.4745417562868631
2026-05-14,sector,Enterprise Software,,0.2152721150103125,48.97534352421578,0.004634239174221259,,stocks,mcap,-0.0022067712303204257
2026-05-15,sector,Enterprise Software,,0.25271435992944985,47.79679670846909,0.003448599914818761,,stocks,mcap,0.06762016005714899
2026-05-16,sector,Enterprise Software,,0.3009351143772093,57.48389097035675,0.005491729591762107,,stocks,mcap,0.6539048272577854
2026-05-17,sector,Enterprise Software,,0.14943181448832155,46.90484305147405,-0.0033069544659782898,,stocks,mcap,-0.3405734684882068
2026-05-18,sector,Enterprise Software,,0.20689566710049767,54.52426884616608,-0.005096503068936281,,stocks,mcap,-0.06093975763790911
2026-05-19,sector,Enterprise Software,,0.30670685582404517,55.45814408477292,0.0003150737574402606,,stocks,mcap,0.5203884459017102
2026-05-20,sector,Enterprise Software,,0.22472380602410774,47.41676364829723,-0.0016459090204104104,,stocks,mcap,-0.12719660337735733
2026-05-21,sector,Enterprise Software,,0.33701096111354417,49.975105204451346,0.004276550614618589,,stocks,mcap,0.5521120028602035
2026-05-22,sector,Enterprise Software,,-0.0017354683793642963,39.095889041975504,-0.013963922689347326,,stocks,mcap,-1.1654873786413267
2026-05-23,sector,Enterprise Software,,,43.8471813415122,-0.011171138151477862,,stocks,mcap,
2026-03-24,sector,FX,,-0.5859,,0.0,,stocks,mcap,
2026-03-25,sector,FX,,,,0.0,,stocks,mcap,
2026-03-26,sector,FX,,,,0.0,,stocks,mcap,
2026-03-27,sector,FX,,,,0.0,,stocks,mcap,
2026-03-28,sector,FX,,,,0.0,,stocks,mcap,
2026-03-29,sector,FX,,,,0.0,,stocks,mcap,
2026-03-30,sector,FX,,-0.4767,,0.016614173305557145,,stocks,mcap,
2026-03-31,sector,FX,,,,0.013291338644445715,,stocks,mcap,
2026-04-01,sector,FX,,,,0.010633070915556573,,stocks,mcap,
2026-04-02,sector,FX,,,,0.008506456732445258,,stocks,mcap,
2026-04-03,sector,FX,,,,0.006805165385956206,,stocks,mcap,
2026-04-04,sector,FX,,,,0.005444132308764964,,stocks,mcap,
2026-04-05,sector,FX,,,,0.004355305847011971,,stocks,mcap,
2026-04-06,sector,FX,,,,0.003484244677609577,,stocks,mcap,
2026-04-07,sector,FX,,,,0.0027873957420876602,,stocks,mcap,
2026-04-08,sector,FX,,,,0.0022299165936701254,,stocks,mcap,
2026-04-09,sector,FX,,,,0.0017839332749360996,,stocks,mcap,
2026-04-10,sector,FX,,,,0.001427146619948881,,stocks,mcap,
2026-04-11,sector,FX,,,,0.0011417172959591049,,stocks,mcap,
2026-04-12,sector,FX,,,,0.0009133738367672825,,stocks,mcap,
2026-04-13,sector,FX,,,,0.0007306990694138267,,stocks,mcap,
2026-04-14,sector,FX,,,,0.00058455925553106,,stocks,mcap,
2026-04-15,sector,FX,,,,0.0004676474044248459,,stocks,mcap,
2026-04-16,sector,FX,,,,0.0003741179235398767,,stocks,mcap,
2026-04-17,sector,FX,,,,0.00029929433883190207,,stocks,mcap,
2026-04-18,sector,FX,,,,0.00023943547106551957,,stocks,mcap,
2026-04-19,sector,FX,,,,0.00019154837685241358,,stocks,mcap,
2026-04-20,sector,FX,,,,0.00015323870148193156,,stocks,mcap,
2026-04-21,sector,FX,,,,0.00012259096118554316,,stocks,mcap,
2026-04-22,sector,FX,,,,9.807276894843384e-05,,stocks,mcap,
2026-04-23,sector,FX,,,,7.845821515874499e-05,,stocks,mcap,
2026-04-24,sector,FX,,,,6.276657212699391e-05,,stocks,mcap,
2026-04-25,sector,FX,,,,5.0213257701593045e-05,,stocks,mcap,
2026-04-26,sector,FX,,,,4.017060616127305e-05,,stocks,mcap,
2026-04-27,sector,FX,,,,3.213648492901913e-05,,stocks,mcap,
2026-04-28,sector,FX,,,,2.5709187943215306e-05,,stocks,mcap,
2026-04-29,sector,FX,,,,2.0567350354570857e-05,,stocks,mcap,
2026-04-30,sector,FX,,,,1.6453880283654604e-05,,stocks,mcap,
2026-05-01,sector,FX,,,,1.3163104226922295e-05,,stocks,mcap,
2026-05-02,sector,FX,,,,1.0530483381537836e-05,,stocks,mcap,
2026-05-03,sector,FX,,,,8.424386705230269e-06,,stocks,mcap,
2026-05-04,sector,FX,,,,6.739509364184909e-06,,stocks,mcap,
2026-05-05,sector,FX,,,,5.391607491345846e-06,,stocks,mcap,
2026-05-06,sector,FX,,,,4.313285993075289e-06,,stocks,mcap,
2026-05-07,sector,FX,,,,3.450628794459537e-06,,stocks,mcap,
2026-05-08,sector,FX,,,,2.760503035565548e-06,,stocks,mcap,
2026-05-09,sector,FX,,,,2.2084024284517445e-06,,stocks,mcap,
2026-05-10,sector,FX,,,,1.766721942759314e-06,,stocks,mcap,
2026-05-11,sector,FX,,,,1.4133775542053695e-06,,stocks,mcap,
2026-05-12,sector,FX,,,,1.1307020433629078e-06,,stocks,mcap,
2026-05-13,sector,FX,,,,9.045616346896324e-07,,stocks,mcap,
2026-05-14,sector,FX,,,,7.23649307751012e-07,,stocks,mcap,
2026-05-15,sector,FX,,,,5.789194462008096e-07,,stocks,mcap,
2026-05-16,sector,FX,,,,4.631355569606477e-07,,stocks,mcap,
2026-05-17,sector,FX,,,,3.7050844556643647e-07,,stocks,mcap,
2026-05-18,sector,FX,,0.9601,,0.2723176449857653,,stocks,mcap,
2026-05-19,sector,FX,,,,0.2178541159886122,,stocks,mcap,
2026-05-20,sector,FX,,,,0.17428329279088975,,stocks,mcap,
2026-05-21,sector,FX,,,,0.1394266342327118,,stocks,mcap,
2026-05-22,sector,FX,,,,0.11154130738616941,,stocks,mcap,
2026-05-23,sector,FX,,,,0.0892330459089355,,stocks,mcap,
2026-03-24,sector,Financials,,0.3878701713712451,,0.0,,stocks,mcap,
2026-03-25,sector,Financials,,0.2794376288998726,0.0,-0.006919911542332624,,stocks,mcap,
2026-03-26,sector,Financials,,0.2883134685238346,7.566245024800324,-0.010312217611060957,,stocks,mcap,
2026-03-27,sector,Financials,,0.17274073607251728,3.811317908384524,-0.019234172125771803,,stocks,mcap,
2026-03-28,sector,Financials,,0.2107317790599619,17.30221483007429,-0.021310379596370343,,stocks,mcap,
2026-03-29,sector,Financials,,0.2109550378528932,17.37032003061688,-0.02134864830661641,,stocks,mcap,
2026-03-30,sector,Financials,,0.26105549289672403,30.25898061309472,-0.016875866343895207,,stocks,mcap,
2026-03-31,sector,Financials,,0.23988373915107072,28.387788248112997,-0.014320078181375123,,stocks,mcap,
2026-04-01,sector,Financials,,0.2118527496580037,26.2394600343236,-0.013504905279343955,,stocks,mcap,
2026-04-02,sector,Financials,,0.1695060781667076,23.547354681215026,-0.01470626198199021,,stocks,mcap,
2026-04-03,sector,Financials,,0.217659717827515,31.534947899646326,-0.011299526292350447,,stocks,mcap,
2026-04-04,sector,Financials,,0.285773426608797,40.350254597354414,-0.0038835553920381904,,stocks,mcap,
2026-04-05,sector,Financials,,0.2797767598412927,39.897987636365855,0.0009358693937527446,,stocks,mcap,
2026-04-06,sector,Financials,,0.18310469600246226,33.792028175440464,-0.001913637875060166,,stocks,mcap,
2026-04-07,sector,Financials,,0.2651160448978955,41.40007148330957,0.0019870122272974203,,stocks,mcap,
2026-04-08,sector,Financials,,0.18150287931742354,42.89167222039113,-0.000660246713843432,,stocks,mcap,
2026-04-09,sector,Financials,,0.1873141219865492,42.63647861151644,-0.00156447284270686,,stocks,mcap,
2026-04-10,sector,Financials,,0.29139623273831,58.798183929110266,0.004946184227282505,,stocks,mcap,
2026-04-11,sector,Financials,,0.5682552929417226,69.57561004809114,0.026777994955377193,,stocks,mcap,
2026-04-12,sector,Financials,,0.3804532836413971,57.699112131480014,0.02735373199269753,,stocks,mcap,
2026-04-13,sector,Financials,,0.2956309250252137,51.52249380790803,0.02108596879148102,,stocks,mcap,0.6931590703997694
2026-04-14,sector,Financials,,0.36176267191538597,55.162406917692614,0.020442877894348458,,stocks,mcap,1.1336784836263187
2026-04-15,sector,Financials,,0.4180830094693877,58.53082217541822,0.02268619984040679,,stocks,mcap,1.345047229742461
2026-04-16,sector,Financials,,0.3136641630475437,55.67190520427107,0.016311365150463008,,stocks,mcap,0.6962919432225065
2026-04-17,sector,Financials,,0.4506696115250352,58.568681656912986,0.020238973799548407,,stocks,mcap,1.3635156418026515
2026-04-18,sector,Financials,,0.4616972622530632,56.7529302744863,0.022332325146114218,,stocks,mcap,1.346177127274213
2026-04-19,sector,Financials,,0.48138467945068086,57.6583343457229,0.02366800879316666,,stocks,mcap,1.375520266179069
2026-04-20,sector,Financials,,0.461418491391688,61.22632366850315,0.021874237631725354,,stocks,mcap,1.30922992116196
2026-04-21,sector,Financials,,0.3860337880467997,54.90366521106238,0.014626481282228317,,stocks,mcap,0.742850207634255
2026-04-22,sector,Financials,,0.3754960765202949,58.36280788689184,0.008445258856276845,,stocks,mcap,0.6899185912850336
2026-04-23,sector,Financials,,0.23434524201214144,51.81559797299385,-0.00509812370088953,,stocks,mcap,0.08011351344243253
2026-04-24,sector,Financials,,0.3069714676088269,50.616235469107316,-0.008891626897674958,,stocks,mcap,0.21294405811131537
2026-04-25,sector,Financials,,0.37713776532396925,40.95984439073645,-0.0065119539261520795,,stocks,mcap,0.48256508005708143
2026-04-26,sector,Financials,,0.37433990021342506,49.6494794981915,-0.005029360469736427,,stocks,mcap,0.5843839154939194
2026-04-27,sector,Financials,,0.33687034124340526,52.50029554185626,-0.006387962645793999,,stocks,mcap,0.2817664361060658
2026-04-28,sector,Financials,,0.31791368967633615,47.18018683320701,-0.008260141070176143,,stocks,mcap,0.11442952050312388
2026-04-29,sector,Financials,,0.24975941671264182,39.33783095833488,-0.013476927181313417,,stocks,mcap,-0.27194315238848665
2026-04-30,sector,Financials,,0.29748612376226574,48.89593441951446,-0.013090605977914591,,stocks,mcap,-0.016224216407828645
2026-05-01,sector,Financials,,0.32663787673093947,40.07434594760478,-0.01036819129182496,,stocks,mcap,0.14621742949579766
2026-05-02,sector,Financials,,0.43342559188819885,48.03822601321021,-0.0013460950045224808,,stocks,mcap,0.6588692492341929
2026-05-03,sector,Financials,,0.17036507695254247,33.86722354945357,-0.012448215519206492,,stocks,mcap,-0.6759393363969874
2026-05-04,sector,Financials,,0.4292006565789027,48.66072233017813,-0.0022472522400508203,,stocks,mcap,0.612470825365355
2026-05-05,sector,Financials,,0.23160110007682347,44.17244483262937,-0.008352182229204998,,stocks,mcap,-0.3273762074712649
2026-05-06,sector,Financials,,0.2781853447456193,46.42520624634609,-0.008755023657723158,,stocks,mcap,-0.17383277125403515
2026-05-07,sector,Financials,,0.38307250727138364,55.61317951302403,-0.00182207834964039,,stocks,mcap,0.5457129314935465
2026-05-08,sector,Financials,,0.44360927474614736,55.204398664442316,0.006519173801521462,,stocks,mcap,0.8048724086268161
2026-05-09,sector,Financials,,0.4506939693355848,52.9431121543372,0.011879818243918426,,stocks,mcap,0.8529742346036349
2026-05-10,sector,Financials,,0.5173439080559326,55.44368588244034,0.018865499895058632,,stocks,mcap,1.1666101867024372
2026-05-11,sector,Financials,,0.3500882071278725,50.45791343088963,0.011533212644495527,,stocks,mcap,0.3434284446600194
2026-05-12,sector,Financials,,0.32026066925201874,50.08069979892133,0.004355128269400987,,stocks,mcap,0.1856650306983567
2026-05-13,sector,Financials,,0.3488404392584959,53.50216629915562,0.0013674740340599897,,stocks,mcap,0.2960492961600084
2026-05-14,sector,Financials,,0.4574886936202006,55.4220176909914,0.0062695848671119585,,stocks,mcap,0.9025912953274382
2026-05-15,sector,Financials,,0.3504034647860224,50.76494274778143,0.0020779742877331947,,stocks,mcap,0.263296082498937
2026-05-16,sector,Financials,,0.3842758120512841,48.34010342627618,0.0013971735349158527,,stocks,mcap,0.31787151981476136
2026-05-17,sector,Financials,,0.4205715783091259,59.97838437520691,0.0031040415635835844,,stocks,mcap,0.8336725136192031
2026-05-18,sector,Financials,,0.3826639037867017,47.74709077574885,0.0014754123086911375,,stocks,mcap,0.29725072721925916
2026-05-19,sector,Financials,,0.3205094613793861,54.95383218879432,-0.003709201432132183,,stocks,mcap,0.16226616745294611
2026-05-20,sector,Financials,,0.3349987991439383,53.282972414369425,-0.005951170321326169,,stocks,mcap,0.13948312499854124
2026-05-21,sector,Financials,,0.37845029929512586,49.71249166813269,-0.004369357248590491,,stocks,mcap,0.4172032725496244
2026-05-22,sector,Financials,,0.28516018489741307,40.530089249091176,-0.009190364714345728,,stocks,mcap,-0.30427544888293334
2026-05-23,sector,Financials,,,40.02216605697344,-0.007352291771476582,,stocks,mcap,
2026-03-24,sector,Fintech,,0.29807623161107144,,0.0,,stocks,mcap,
2026-03-25,sector,Fintech,,0.19792867966724523,0.0,-0.006391182802113126,,stocks,mcap,
2026-03-26,sector,Fintech,,0.2860362538336873,46.80221781309375,-0.004424629654922256,,stocks,mcap,
2026-03-27,sector,Fintech,,0.1769773115602873,29.63451230055614,-0.009895321332774078,,stocks,mcap,
2026-03-28,sector,Fintech,,0.10389707884396379,23.7875080433963,-0.01742212065590272,,stocks,mcap,
2026-03-29,sector,Fintech,,0.13724337017326982,30.082153683126833,-0.019011480489767852,,stocks,mcap,
2026-03-30,sector,Fintech,,0.17611602322688782,36.222711404499634,-0.016400040905976368,,stocks,mcap,
2026-03-31,sector,Fintech,,0.1701402761761775,35.740181149752146,-0.014117258718394164,,stocks,mcap,
2026-04-01,sector,Fintech,,0.3440743630214306,53.69449205451576,-0.0006465384486845117,,stocks,mcap,
2026-04-02,sector,Fintech,,0.13742078707157415,40.31235120362839,-0.005156334676827058,,stocks,mcap,
2026-04-03,sector,Fintech,,0.18816780657072654,43.75466144482118,-0.004261102338389548,,stocks,mcap,
2026-04-04,sector,Fintech,,0.3930576790701983,54.37777753113111,0.009821716321125547,,stocks,mcap,
2026-04-05,sector,Fintech,,-0.00986946575485991,39.65055876369137,-0.007379833776693823,,stocks,mcap,
2026-04-06,sector,Fintech,,0.1475948394175607,45.426667423263396,-0.007508393156133761,,stocks,mcap,
2026-04-07,sector,Fintech,,0.2166882451559354,47.62620129874393,-0.0025517046215353875,,stocks,mcap,
2026-04-08,sector,Fintech,,0.2008943252292226,50.090973805206715,-7.901397625015641e-05,,stocks,mcap,
2026-04-09,sector,Fintech,,0.2725759961661946,49.58289122191342,0.006289800324321117,,stocks,mcap,
2026-04-10,sector,Fintech,,-0.08131343829868481,43.05053303169419,-0.01240652378031705,,stocks,mcap,
2026-04-11,sector,Fintech,,0.6568285413280197,60.95603211399189,0.023886071798962197,,stocks,mcap,
2026-04-12,sector,Fintech,,0.16566238128133742,50.47663215866738,0.014236124317500844,,stocks,mcap,
2026-04-13,sector,Fintech,,0.34967364463222056,52.775705441004845,0.01935194590996376,,stocks,mcap,1.0425632050613152
2026-04-14,sector,Fintech,,0.28012079541410106,51.72386139944257,0.017228509384729803,,stocks,mcap,0.8586806325046845
2026-04-15,sector,Fintech,,0.4316580051881292,51.38251404700465,0.0247491439708557,,stocks,mcap,1.2520464846982855
2026-04-16,sector,Fintech,,0.31886395213705676,52.95155249971264,0.02099483942779505,,stocks,mcap,0.9917490869426937
2026-04-17,sector,Fintech,,0.2760311570350414,51.432970781912196,0.014787340872449251,,stocks,mcap,0.5909451224052619
2026-04-18,sector,Fintech,,0.5286382098806833,52.17730568499381,0.02618821272179063,,stocks,mcap,1.4043729497537696
2026-04-19,sector,Fintech,,0.4259898829893519,57.74664285618192,0.02529676084098288,,stocks,mcap,1.2675613449778826
2026-04-20,sector,Fintech,,0.3507169904752397,53.71879237294107,0.018436829801630868,,stocks,mcap,0.7583591311399536
2026-04-21,sector,Fintech,,0.22540415480672538,50.1563536331648,0.004960127040753111,,stocks,mcap,0.3005240375894328
2026-04-22,sector,Fintech,,0.06613664942993423,47.70094279909899,-0.014135581848425356,,stocks,mcap,-0.2732258502636351
2026-04-23,sector,Fintech,,0.27019259572765547,49.961094838842186,-0.012533474560046644,,stocks,mcap,0.157710284304607
2026-04-24,sector,Fintech,,0.18412091186595486,54.747915365540756,-0.01652906342826797,,stocks,mcap,-0.0007077728904077429
2026-04-25,sector,Fintech,,-0.4776093380831969,29.137625040990116,-0.06052323619646945,,stocks,mcap,-2.0393613581262113
2026-04-26,sector,Fintech,,0.27079491106443354,51.76628084036694,-0.03715206511947326,,stocks,mcap,-0.05211733414394809
2026-04-27,sector,Fintech,,0.34169991740456146,49.86074488855494,-0.015934498853490527,,stocks,mcap,0.18114495486108043
2026-04-28,sector,Fintech,,0.3034965941912143,50.41276032507739,-0.004105750993867011,,stocks,mcap,0.23013674499523917
2026-04-29,sector,Fintech,,0.18817698078562708,45.64500965111913,-0.0036938387739221326,,stocks,mcap,-0.26140421997508634
2026-04-30,sector,Fintech,,0.20310825448978018,47.85443920698428,-0.002138644740014156,,stocks,mcap,0.021844411613100703
2026-05-01,sector,Fintech,,0.044759473418993674,45.88934926875731,-0.011001843533224885,,stocks,mcap,-0.5864758765385296
2026-05-02,sector,Fintech,,0.08020767025006813,41.362781603016074,-0.013537719774705585,,stocks,mcap,-0.6727268791442947
2026-05-03,sector,Fintech,,0.25583621895294234,46.81228863439745,-0.002997980227092502,,stocks,mcap,0.041307890453658576
2026-05-04,sector,Fintech,,0.32410440755643327,49.500119672300386,0.008340137052372552,,stocks,mcap,0.34654144005864806
2026-05-05,sector,Fintech,,0.14979291400255207,48.60541874508835,0.004084421719581861,,stocks,mcap,-0.2035604233003892
2026-05-06,sector,Fintech,,0.11573088953378685,50.959014177185836,-0.0007810299164623252,,stocks,mcap,-0.2563952892818886
2026-05-07,sector,Fintech,,0.2782521843526326,50.1583942806549,0.006773670867331397,,stocks,mcap,0.2997078346680494
2026-05-08,sector,Fintech,,0.34936848005968807,53.26679708239325,0.015868360600254927,,stocks,mcap,0.624407519623583
2026-05-09,sector,Fintech,,0.3302256322546019,71.40968412448761,0.019655232027111794,,stocks,mcap,1.0638017293929085
2026-05-10,sector,Fintech,,0.2903269719598142,50.82896056808832,0.018547365998185593,,stocks,mcap,0.5554133982401894
2026-05-11,sector,Fintech,,0.34480926048303884,50.133829260289396,0.02041054799029904,,stocks,mcap,0.6973909294935554
2026-05-12,sector,Fintech,,0.2156493530841785,46.49351441193246,0.012272118554853752,,stocks,mcap,0.12232588453587814
2026-05-13,sector,Fintech,,0.2122987939002981,51.057352498427804,0.006292390808072073,,stocks,mcap,0.17289535942946824
2026-05-14,sector,Fintech,,0.3659560413360283,56.36424313826215,0.011984692456388987,,stocks,mcap,0.8566324557428376
2026-05-15,sector,Fintech,,0.42366650871658446,66.07229934562696,0.018543981253969888,,stocks,mcap,1.2687985410016622
2026-05-16,sector,Fintech,,-0.14651377731413298,43.3842207126481,-0.014809954456862706,,stocks,mcap,-0.8433845537564433
2026-05-17,sector,Fintech,,0.3866589438266451,53.15839109929007,-0.00098509145135524,,stocks,mcap,0.6612257338290942
2026-05-18,sector,Fintech,,0.34963322316864787,50.62577012595086,0.005299319175696291,,stocks,mcap,0.6074299125138772
2026-05-19,sector,Fintech,,0.2557958800837999,52.70509902586612,0.0028904179038872907,,stocks,mcap,0.26684928909963235
2026-05-20,sector,Fintech,,0.040313969903300724,48.23852952822106,-0.01261066419873006,,stocks,mcap,-0.4143291373847774
2026-05-21,sector,Fintech,,0.3155469842752256,50.827504759756586,-0.00416005693028299,,stocks,mcap,0.41651532781069167
2026-05-22,sector,Fintech,,0.28342149084525053,48.51099060561307,-0.0007454098935270759,,stocks,mcap,0.33414210191582
2026-05-23,sector,Fintech,,,48.93399971735623,-0.0005963279148216618,,stocks,mcap,
2026-03-24,sector,Gold,,0.07913513124266726,,0.0,,stocks,mcap,
2026-03-25,sector,Gold,,0.034946310005311745,0.0,-0.0028200273382243957,,stocks,mcap,
2026-03-26,sector,Gold,,0.11574798447523905,64.64625491137983,0.0007232661620915959,,stocks,mcap,
2026-03-27,sector,Gold,,0.12521126116889011,67.13456197749005,0.003514922229230404,,stocks,mcap,
2026-03-28,sector,Gold,,0.10198948345722422,57.24727207174357,0.0035952282582016448,,stocks,mcap,
2026-03-29,sector,Gold,,0.2772555603905964,79.75302771626286,0.014630739763276456,,stocks,mcap,
2026-03-30,sector,Gold,,-0.07884008759941882,38.53652592061617,-0.0019893482673897277,,stocks,mcap,
2026-03-31,sector,Gold,,-0.41583334827431373,25.87944694189615,-0.0338485739722045,,stocks,mcap,
2026-04-01,sector,Gold,,0.1282338726507647,51.56355682952171,-0.01728491331897633,,stocks,mcap,
2026-04-02,sector,Gold,,0.14474087290110424,52.06748849622724,-0.004867285058081275,,stocks,mcap,
2026-04-03,sector,Gold,,-0.06036513749116429,46.10706506648619,-0.009830993254911897,,stocks,mcap,
2026-04-04,sector,Gold,,0.0024156384522500225,47.93152217191766,-0.008310464931385653,,stocks,mcap,
2026-04-05,sector,Gold,,-0.09619443503543734,45.51150936597254,-0.013086097126337869,,stocks,mcap,
2026-04-06,sector,Gold,,-0.02560815168045969,47.41206924941883,-0.010730152143801124,,stocks,mcap,
2026-04-07,sector,Gold,,-0.039896828426200986,47.07965339191573,-0.009419840760045484,,stocks,mcap,
2026-04-08,sector,Gold,,-0.06843715571919456,47.44394921376971,-0.009721638267581472,,stocks,mcap,
2026-04-09,sector,Gold,,0.048883674597491836,48.376171174322984,-0.0016873777719111846,,stocks,mcap,
2026-04-10,sector,Gold,,0.018208270661108607,47.42788613971536,0.0017096651241403395,,stocks,mcap,
2026-04-11,sector,Gold,,-0.29221879321166444,41.67375991703298,-0.015834882794275147,,stocks,mcap,
2026-04-12,sector,Gold,,0.0611963741613062,45.755912238999834,-0.0031845486937271544,,stocks,mcap,
2026-04-13,sector,Gold,,-0.13104674122408033,48.90394054525009,-0.007087177550758453,,stocks,mcap,-0.6070804894776084
2026-04-14,sector,Gold,,0.1597597333993349,62.323357569198656,0.009682948801725044,,stocks,mcap,0.6207565411112179
2026-04-15,sector,Gold,,-0.19685699705928564,42.43243988649165,-0.0028078659616644595,,stocks,mcap,-0.7539125983167887
2026-04-16,sector,Gold,,0.02174937046587467,47.3831854688813,0.003731711393921335,,stocks,mcap,0.058940605316699146
2026-04-17,sector,Gold,,0.24968803524801297,56.53333321967971,0.022443414482478524,,stocks,mcap,0.9683717968642076
2026-04-18,sector,Gold,,0.36018029708834365,57.39009896144417,0.040257163630698894,,stocks,mcap,1.4362391770702765
2026-04-19,sector,Gold,,0.07862997566820207,53.35747828683468,0.03146327047937371,,stocks,mcap,0.5902156809160389
2026-04-20,sector,Gold,,-0.016834149951234993,50.16690857610308,0.018257088147526142,,stocks,mcap,0.23139324084957366
2026-04-21,sector,Gold,,0.011904897235333929,50.98004052445191,0.01086240306789391,,stocks,mcap,0.2283442483983941
2026-04-22,sector,Gold,,0.003566734926076612,51.37274011309838,0.005106954984819477,,stocks,mcap,0.1582127982007472
2026-04-23,sector,Gold,,0.18965324583540982,52.615174290670225,0.013076747642713285,,stocks,mcap,0.8378137118153259
2026-04-24,sector,Gold,,-0.005939191740967331,49.57729714446346,0.004843802220589111,,stocks,mcap,0.11740743276342869
2026-04-25,sector,Gold,,-0.05905573473845919,54.485619978416324,-0.004031682190271003,,stocks,mcap,-0.007508452661759257
2026-04-26,sector,Gold,,-0.05535559159416395,47.40913979921244,-0.009209532837694738,,stocks,mcap,-0.22190970510880045
2026-04-27,sector,Gold,,0.0037540570132833474,53.18503708072551,-0.008241251210151627,,stocks,mcap,-0.0053753232046881705
2026-04-28,sector,Gold,,-0.0254417525910255,45.00682623407731,-0.00908811643283446,,stocks,mcap,-0.26204707991624876
2026-04-29,sector,Gold,,0.004863992374911907,56.599799289929784,-0.007210322599769595,,stocks,mcap,0.23244135162926147
2026-04-30,sector,Gold,,0.18005690997545093,55.33085795512481,0.00553959234677388,,stocks,mcap,0.7274795416520112
2026-05-01,sector,Gold,,-0.12248819491255517,38.06690516260337,-0.00606517979406708,,stocks,mcap,-0.6022096121045872
2026-05-02,sector,Gold,,-0.015280910900831222,37.93616606041505,-0.0061633926660872255,,stocks,mcap,-0.39761718450283945
2026-05-03,sector,Gold,,-0.007570443286870916,46.63884607255515,-0.005379975387655197,,stocks,mcap,-0.20716715748039494
2026-05-04,sector,Gold,,,50.39026777233163,-0.004303980310124158,,stocks,mcap,
2026-05-05,sector,Gold,,-0.0022226482253717736,49.15916900516814,-0.0034318884358971423,,stocks,mcap,0.05705896976495425
2026-05-06,sector,Gold,,-0.006358036734532849,49.338218511669304,-0.0028392942598882438,,stocks,mcap,-0.14889329932668027
2026-05-07,sector,Gold,,0.02723968694924631,41.62373624409373,-0.00010871804535614923,,stocks,mcap,-0.005766404277216947
2026-05-08,sector,Gold,,-0.00011229876772988505,50.02875155274458,-7.065769980674035e-05,,stocks,mcap,0.11838861922034738
2026-05-09,sector,Gold,,-0.0623622091761247,49.48627284654015,-0.003949152307141183,,stocks,mcap,-0.29529337339278217
2026-05-10,sector,Gold,,-0.07588070103008958,48.48185173448599,-0.0069602243828361665,,stocks,mcap,-0.40912887844114654
2026-05-11,sector,Gold,,0.3270961246502719,63.29421216720517,0.017325854468615995,,stocks,mcap,1.369181296654194
2026-05-12,sector,Gold,,0.12359617550441869,55.24304873074708,0.01870472224720078,,stocks,mcap,0.817568104224797
2026-05-13,sector,Gold,,0.41132315701221833,62.321317149586704,0.03695983465737327,,stocks,mcap,1.8375304632005578
2026-05-14,sector,Gold,,-0.09468764759293374,42.84942734093988,0.014096956964828076,,stocks,mcap,-0.08400608575952033
2026-05-15,sector,Gold,,0.41850749416058963,62.346777545292944,0.03167184212073707,,stocks,mcap,1.7985744998874198
2026-05-16,sector,Gold,,-0.01086032493395587,49.98139136889696,0.013446676402280991,,stocks,mcap,0.29608264698347475
2026-05-17,sector,Gold,,0.34175734236235944,56.06399558492144,0.023611964845912457,,stocks,mcap,1.4312357411765504
2026-05-18,sector,Gold,,0.06525262109542888,51.08385182540799,0.010836021188697788,,stocks,mcap,0.46122218306236895
2026-05-19,sector,Gold,,0.13952614170252928,52.223840478775756,0.006711844204229385,,stocks,mcap,0.5838009505111431
2026-05-20,sector,Gold,,0.01827062292632766,50.372693152017995,-0.0042668810224924456,,stocks,mcap,0.17617022206585672
2026-05-21,sector,Gold,,0.389804884387806,54.97744199941934,0.012492036238016355,,stocks,mcap,1.3528941907271461
2026-05-22,sector,Gold,,-0.1684913245682547,47.982531713589985,-0.013610239939497379,,stocks,mcap,-0.34851940395440884
2026-05-23,sector,Gold,,,48.70913586596121,-0.010888191951597903,,stocks,mcap,
2026-03-24,sector,Growth,,0.21540018932581986,,0.0,,stocks,mcap,
2026-03-25,sector,Growth,,0.25482158153070067,100.0,0.0025157811549553653,,stocks,mcap,
2026-03-26,sector,Growth,,0.14343654914242593,26.14039309746356,-0.003153323886589696,,stocks,mcap,
2026-03-27,sector,Growth,,0.17420976806639135,38.657753572595624,-0.004575978620334825,,stocks,mcap,
2026-03-28,sector,Growth,,0.2653324813983665,59.15508993935418,0.0005993306700015038,,stocks,mcap,
2026-03-29,sector,Growth,,0.11309133262966015,37.96206373981191,-0.005893461410703552,,stocks,mcap,
2026-03-30,sector,Growth,,0.30474875308534366,57.24525053250368,0.0026010051764282878,,stocks,mcap,
2026-03-31,sector,Growth,,0.10644940167585865,43.31508463916077,-0.004848157217066743,,stocks,mcap,
2026-04-01,sector,Growth,,0.12791217628224893,44.76973469685128,-0.007864224565457299,,stocks,mcap,
2026-04-02,sector,Growth,,0.07367080456750359,42.043078780535545,-0.012756944189653277,,stocks,mcap,
2026-04-03,sector,Growth,,0.20220475246982486,49.3526179946546,-0.006876059098230939,,stocks,mcap,
2026-04-04,sector,Growth,,0.2510474942261429,51.66891082861675,0.00037919232185799207,,stocks,mcap,
2026-04-05,sector,Growth,,0.14390650125973445,46.95803152391825,-0.0018398441368837337,,stocks,mcap,
2026-04-06,sector,Growth,,0.26519066862933305,51.92032699585818,0.004700898334101566,,stocks,mcap,
2026-04-07,sector,Growth,,0.27989198061173476,52.45943933149814,0.009576640872703117,,stocks,mcap,
2026-04-08,sector,Growth,,0.004609189758412222,41.91281808844579,-0.005374735859501777,,stocks,mcap,
2026-04-09,sector,Growth,,0.007013637470429091,45.256466891687104,-0.014235990013796836,,stocks,mcap,
2026-04-10,sector,Growth,,0.06486963042256123,46.26843597770027,-0.015244316963052534,,stocks,mcap,
2026-04-11,sector,Growth,,0.1154269356514159,44.73833137924992,-0.011708763429276934,,stocks,mcap,
2026-04-12,sector,Growth,,0.001376959852523489,45.97081451191861,-0.015988698679070292,,stocks,mcap,
2026-04-13,sector,Growth,,0.08755787747346491,41.52153276323655,-0.012128160288525851,,stocks,mcap,-0.6962873474870068
2026-04-14,sector,Growth,,0.2240074516774134,54.82195148139802,-0.0001320357721167828,,stocks,mcap,0.19777479795724534
2026-04-15,sector,Growth,,0.2235049086543829,53.9895864663525,0.007594796605607496,,stocks,mcap,0.35726891208314726
2026-04-16,sector,Growth,,0.2911952518084089,58.977654458566725,0.016575266666581937,,stocks,mcap,0.8856167293344714
2026-04-17,sector,Growth,,0.22969774726830694,51.20115428351558,0.017588476441264003,,stocks,mcap,0.6307240034546056
2026-04-18,sector,Growth,,0.32262357206774983,53.01113382556173,0.023369696111143583,,stocks,mcap,1.104714246319788
2026-04-19,sector,Growth,,0.09617116098740719,48.17502451587028,0.011401113770828145,,stocks,mcap,-0.06571717466529792
2026-04-20,sector,Growth,,-0.0009904262126422371,39.63237139973326,-0.002840234846635998,,stocks,mcap,-0.7685369288689703
2026-04-21,sector,Growth,,0.18016391471127402,46.56149377995945,8.39149727528167e-06,,stocks,mcap,0.16778928844929913
2026-04-22,sector,Growth,,0.20789306002743466,58.451765194488026,0.0036280966786882054,,stocks,mcap,0.5688948319116219
2026-04-23,sector,Growth,,0.17244875197116397,56.694245012850054,0.003501496834536881,,stocks,mcap,0.4293929773033488
2026-04-24,sector,Growth,,0.2630338150785609,57.81169889095474,0.009068341571886344,,stocks,mcap,0.8644613434630462
2026-04-25,sector,Growth,,0.2126421161341993,53.83275557600972,0.008894427681161837,,stocks,mcap,0.6426481556404543
2026-04-26,sector,Growth,,0.3594173257419145,63.76082817437375,0.01769389363896912,,stocks,mcap,1.471877918435808
2026-04-27,sector,Growth,,0.31563483087278016,59.06115745644295,0.019455142211764257,,stocks,mcap,1.2703392558678002
2026-04-28,sector,Growth,,0.19315171439182938,48.760391192541356,0.011645812903316613,,stocks,mcap,0.3663211638296533
2026-04-29,sector,Growth,,0.14625668492143235,47.00812804451616,0.0030445207006119333,,stocks,mcap,0.04960844999766223
2026-04-30,sector,Growth,,0.19313751752234357,46.13994123120042,0.0003753528102435292,,stocks,mcap,0.12812706206216082
2026-05-01,sector,Growth,,0.2679730430514821,51.49105561095528,0.0033473953963448055,,stocks,mcap,0.722972525954727
2026-05-02,sector,Growth,,0.029384512558531375,39.74085461270703,-0.010310180393544801,,stocks,mcap,-0.7198970614411662
2026-05-03,sector,Growth,,0.14984349513366602,52.02817861157494,-0.010737853651081392,,stocks,mcap,-0.11868433049805943
2026-05-04,sector,Growth,,0.26537424632606993,59.927607805520275,-0.003140895441369987,,stocks,mcap,0.7185955692486183
2026-05-05,sector,Growth,,0.12850356536952914,48.00885354341062,-0.007013009801594217,,stocks,mcap,-0.27104794585957503
2026-05-06,sector,Growth,,0.23175637698099802,50.869163422139394,-0.002530629631314226,,stocks,mcap,0.3806347202563042
2026-05-07,sector,Growth,,0.3324132698066991,55.56209648752555,0.0067933144263778306,,stocks,mcap,0.9641217258585665
2026-05-08,sector,Growth,,0.20412709784286648,48.00409408592567,0.004036985497581169,,stocks,mcap,0.1491094145306762
2026-05-09,sector,Growth,,0.10728457727841222,46.53916295636245,-0.00414907392064467,,stocks,mcap,-0.33923441719682146
2026-05-10,sector,Growth,,0.2506431806086109,46.418894389860256,2.9274695310846366e-05,,stocks,mcap,0.37896877442767807
2026-05-11,sector,Growth,,0.3145467843206625,49.964647276968066,0.006667659612644115,,stocks,mcap,0.7878388448228256
2026-05-12,sector,Growth,,0.22754574395928084,51.14390379992906,0.004854373729091782,,stocks,mcap,0.3228624364112561
2026-05-13,sector,Growth,,0.19022789006660187,51.47180521243125,0.0009984005577280183,,stocks,mcap,0.14828396309503397
2026-05-14,sector,Growth,,0.23701554576938536,51.468778010171256,0.001429388632879251,,stocks,mcap,0.5063887412888508
2026-05-15,sector,Growth,,0.20916636896559473,47.96756550687792,-0.00024163829311780842,,stocks,mcap,0.09552759190656804
2026-05-16,sector,Growth,,0.20140864987955903,57.07409121305416,-0.0018598288695481288,,stocks,mcap,0.2635756071272477
2026-05-17,sector,Growth,,0.2297610980724772,53.555787667158974,-0.0010513689797243039,,stocks,mcap,0.4719645456654943
2026-05-18,sector,Growth,,0.3427923856292241,53.452257046906404,0.006642089592540241,,stocks,mcap,0.9786662075014819
2026-05-19,sector,Growth,,0.21747703506624247,54.00884998099734,0.0030217638538399746,,stocks,mcap,0.3271416487228215
2026-05-20,sector,Growth,,0.2938751641067212,52.8682782555483,0.005365956568741587,,stocks,mcap,0.7977647973704354
2026-05-21,sector,Growth,,0.14604623501037184,41.75389352466435,-0.002996169672714988,,stocks,mcap,-0.33422456984332294
2026-05-22,sector,Growth,,0.11430630015293011,45.65446703952974,-0.010215095460799153,,stocks,mcap,-0.4940845150387527
2026-05-23,sector,Growth,,,50.374835042746604,-0.008172076368639323,,stocks,mcap,
2026-03-24,sector,Hardware,,0.2991144014021263,,0.0,,stocks,mcap,
2026-03-25,sector,Hardware,,0.35284043461705117,100.0,0.0034286699259667318,,stocks,mcap,
2026-03-26,sector,Hardware,,0.195028084689017,25.397770568481874,-0.00468107285823228,,stocks,mcap,
2026-03-27,sector,Hardware,,0.2846559252920927,47.59958538341504,-0.003796019069279584,,stocks,mcap,
2026-03-28,sector,Hardware,,0.21974963444496884,39.15996642832351,-0.007172952382470458,,stocks,mcap,
2026-03-29,sector,Hardware,,0.40883730834541704,59.88209432317339,0.0031814578449161665,,stocks,mcap,
2026-03-30,sector,Hardware,,0.25132350455778,46.647071637105114,-0.0005269348785402281,,stocks,mcap,
2026-03-31,sector,Hardware,,0.1510866387623469,40.895203258201725,-0.009198738610958573,,stocks,mcap,
2026-04-01,sector,Hardware,,0.34080087414503907,52.07886641850751,-0.0020019542408594273,,stocks,mcap,
2026-04-02,sector,Hardware,,0.20408818180638513,45.82976090233055,-0.006063554678228886,,stocks,mcap,
2026-04-03,sector,Hardware,,0.2222111703760189,46.67793359701018,-0.007073705296530661,,stocks,mcap,
2026-04-04,sector,Hardware,,0.28567092328961596,49.449453186668656,-0.0032089037293234653,,stocks,mcap,
2026-04-05,sector,Hardware,,0.37268974216143064,52.812643452301714,0.005019622431681201,,stocks,mcap,
2026-04-06,sector,Hardware,,0.2882453819085599,49.609697404402205,0.004598073432955425,,stocks,mcap,
2026-04-07,sector,Hardware,,0.3084625731654945,50.330885099210775,0.005445698968443754,,stocks,mcap,
2026-04-08,sector,Hardware,,0.16077961445266267,43.625839738383156,-0.00368302259243084,,stocks,mcap,
2026-04-09,sector,Hardware,,0.251573968608477,51.964026379945274,-0.00335872323634863,,stocks,mcap,
2026-04-10,sector,Hardware,,0.2866805787304977,50.073091200469285,-0.0006726603309481606,,stocks,mcap,
2026-04-11,sector,Hardware,,0.31242485337714765,53.44298271675771,0.0027569531072360407,,stocks,mcap,
2026-04-12,sector,Hardware,,0.3351150660082136,46.87474363789933,0.006271636854009872,,stocks,mcap,
2026-04-13,sector,Hardware,,0.21332106561816022,48.338675675188185,0.0004204562298230621,,stocks,mcap,-0.34199044140894497
2026-04-14,sector,Hardware,,0.3306887708649025,57.73566842307757,0.0042674448453913875,,stocks,mcap,0.7349094279294102
2026-04-15,sector,Hardware,,0.2419839695472302,45.338212719836356,0.0008306002395935238,,stocks,mcap,-0.22682781397697346
2026-04-16,sector,Hardware,,0.22571755745891248,51.15121583746628,-0.0023704891793325817,,stocks,mcap,-0.3540541988227921
2026-04-17,sector,Hardware,,0.26052858710872834,52.00383418325033,-0.001990959587723974,,stocks,mcap,-0.18410298163998576
2026-04-18,sector,Hardware,,0.348519028369649,53.20446559243726,0.004011260675083966,,stocks,mcap,0.7504987683357826
2026-04-19,sector,Hardware,,0.35763009763770415,49.16587900521024,0.008179988498142445,,stocks,mcap,0.9330558773825842
2026-04-20,sector,Hardware,,0.2498092174115424,47.924841596993495,0.003500019488841534,,stocks,mcap,0.03776464132690022
2026-04-21,sector,Hardware,,0.2706723447804716,47.96113758016439,0.0017235259245293936,,stocks,mcap,0.068175657343508
2026-04-22,sector,Hardware,,0.22843425039139154,54.118737840207565,-0.002170899573224855,,stocks,mcap,-0.1882756793813573
2026-04-23,sector,Hardware,,0.3130517236859053,53.771057795321084,0.0009119223352104064,,stocks,mcap,0.5411133982391388
2026-04-24,sector,Hardware,,0.41260072387705776,57.158063414130424,0.00915715783584797,,stocks,mcap,1.4339788525227783
2026-04-25,sector,Hardware,,0.26229755054376147,47.50393715965604,0.004240012264851508,,stocks,mcap,0.15534757356510018
2026-04-26,sector,Hardware,,0.36288657464007185,51.283310321295055,0.0073323961962998545,,stocks,mcap,1.0307248592119236
2026-04-27,sector,Hardware,,0.28146811304906394,53.27110843720426,0.00365088562588569,,stocks,mcap,0.37609546191771837
2026-04-28,sector,Hardware,,0.2672047829528333,46.61796191179181,0.0001939825798822955,,stocks,mcap,0.022566978452196046
2026-04-29,sector,Hardware,,0.31393927180856995,54.01278317750629,0.0009513719266907956,,stocks,mcap,0.6387448484201421
2026-04-30,sector,Hardware,,0.325072394705866,55.5726989186125,0.002036330126567505,,stocks,mcap,0.7656447543397595
2026-05-01,sector,Hardware,,0.36361362355006754,55.75782815989495,0.005014206918770943,,stocks,mcap,1.0584169511353625
2026-05-02,sector,Hardware,,0.3238436556519339,48.54328463536593,0.004013357171863352,,stocks,mcap,0.664043527326917
2026-05-03,sector,Hardware,,0.31287608644097314,47.363717029427704,0.0024001394522886518,,stocks,mcap,0.3300094644546139
2026-05-04,sector,Hardware,,0.29647368735908647,53.08060850652701,0.00013536034064223594,,stocks,mcap,0.3118574419289165
2026-05-05,sector,Hardware,,0.27078106345966546,50.007131712972,-0.0030122703231031858,,stocks,mcap,-0.019586697738642925
2026-05-06,sector,Hardware,,0.32254606271007413,56.09732393396915,-0.0015982211077437847,,stocks,mcap,0.6178282256878899
2026-05-07,sector,Hardware,,0.25623516298325705,46.22952465283584,-0.004930811471766696,,stocks,mcap,-0.31477784507518003
2026-05-08,sector,Hardware,,0.3398721849522694,45.06944086995393,-0.001483239299043532,,stocks,mcap,0.37024049803536696
2026-05-09,sector,Hardware,,0.40168118218510734,60.737773577691264,0.004643647025973067,,stocks,mcap,1.2897173841189629
2026-05-10,sector,Hardware,,0.403120701249708,53.658415278632724,0.008265471175875512,,stocks,mcap,1.2336019392946047
2026-05-11,sector,Hardware,,0.31271176229629194,52.79522641614922,0.004246916182109622,,stocks,mcap,0.4655295465270446
2026-05-12,sector,Hardware,,0.24082906653758107,47.86083107102672,-0.0031771991680837226,,stocks,mcap,-0.26282927080785545
2026-05-13,sector,Hardware,,0.27620234851618086,46.88193283800045,-0.005494601969331906,,stocks,mcap,-0.22915016266515315
2026-05-14,sector,Hardware,,0.2715146836524398,45.527075183287,-0.007033806922665841,,stocks,mcap,-0.3877217040781391
2026-05-15,sector,Hardware,,0.27004449188809304,41.66966367891773,-0.007783201788686149,,stocks,mcap,-0.5784164828599783
2026-05-16,sector,Hardware,,0.4379748909419093,58.273050703236244,0.002830214970654086,,stocks,mcap,1.2228503622117957
2026-05-17,sector,Hardware,,0.6126190676925408,67.56058605447382,0.020431256053753868,,stocks,mcap,2.619892918497041
2026-05-18,sector,Hardware,,0.32923324696037143,51.46190963201436,0.012212357669162285,,stocks,mcap,0.6616366689675006
2026-05-19,sector,Hardware,,0.4167585046137787,56.17360915245314,0.011883713749203072,,stocks,mcap,1.3452337818977134
2026-05-20,sector,Hardware,,0.40157117129189385,53.44879316900891,0.009935793537222418,,stocks,mcap,1.1700101841111512
2026-05-21,sector,Hardware,,0.44258613052902185,58.31629729926149,0.010639108841332422,,stocks,mcap,1.4759691352834738
2026-05-22,sector,Hardware,,0.22075136634176892,45.26770274774056,-0.0038314057116369885,,stocks,mcap,-0.2928995980073199
2026-05-23,sector,Hardware,,,42.44100588905001,-0.0030651245693095915,,stocks,mcap,
2026-03-24,sector,Healthcare,,0.2632534017209057,,0.0,,stocks,mcap,
2026-03-25,sector,Healthcare,,0.24135031141862825,0.0,-0.0013978040534786905,,stocks,mcap,
2026-03-26,sector,Healthcare,,0.5546722222222222,93.46615251546827,0.017798012892566842,,stocks,mcap,
2026-03-27,sector,Healthcare,,0.17819113132255462,44.02405913383069,0.004833054737817444,,stocks,mcap,
2026-03-28,sector,Healthcare,,0.12195507781931664,40.80019733726321,-0.0071837350358428245,,stocks,mcap,
2026-03-29,sector,Healthcare,,0.28141797560527254,50.97932257408449,-0.004194514916108382,,stocks,mcap,
2026-03-30,sector,Healthcare,,0.2614858433357957,49.90670911948234,-0.0033955299387244857,,stocks,mcap,
2026-03-31,sector,Healthcare,,0.21716649933577878,47.676266858741606,-0.005559821809528957,,stocks,mcap,
2026-04-01,sector,Healthcare,,0.15004250673166575,44.65371275310931,-0.010910649883931105,,stocks,mcap,
2026-04-02,sector,Healthcare,,0.31468784951595524,52.10206640585674,-0.0031623927606555203,,stocks,mcap,
2026-04-03,sector,Healthcare,,0.2908322543747102,51.10555851895853,0.00036745899822510433,,stocks,mcap,
2026-04-04,sector,Healthcare,,0.327933884542561,52.51795915936836,0.00495756553543876,,stocks,mcap,
2026-04-05,sector,Healthcare,,-0.10967622674669893,39.17157076179524,-0.020334695363584378,,stocks,mcap,
2026-04-06,sector,Healthcare,,0.11532675210682469,46.20115715011017,-0.020698016832239534,,stocks,mcap,
2026-04-07,sector,Healthcare,,0.19800598775691905,48.392663827690114,-0.014452909937894182,,stocks,mcap,
2026-04-08,sector,Healthcare,,0.32430832263509596,51.943652983084675,-0.0015762816086099772,,stocks,mcap,
2026-04-09,sector,Healthcare,,0.24800844667049465,41.917362412645105,0.0018558346318889446,,stocks,mcap,
2026-04-10,sector,Healthcare,,0.22795964117663847,51.61521008364287,0.002773978543274559,,stocks,mcap,
2026-04-11,sector,Healthcare,,0.3621667386518605,57.42039234355455,0.011906211580866211,,stocks,mcap,
2026-04-12,sector,Healthcare,,0.4043067198657092,54.092830420273465,0.019805504864481155,,stocks,mcap,
2026-04-13,sector,Healthcare,,0.27098120536163806,50.294035623760195,0.015274982620271674,,stocks,mcap,0.28509535258041363
2026-04-14,sector,Healthcare,,0.3056965603132046,52.75784642042119,0.013880351210484242,,stocks,mcap,0.6150725320899081
2026-04-15,sector,Healthcare,,0.35040009966368607,56.32986409966377,0.015130130772435448,,stocks,mcap,0.8243648834842104
2026-04-16,sector,Healthcare,,0.26305395816592503,48.28497371977839,0.009510273622774151,,stocks,mcap,0.20978261174500992
2026-04-17,sector,Healthcare,,-0.04912379759828249,40.523399521098426,-0.014490640744743578,,stocks,mcap,-1.043845555308171
2026-04-18,sector,Healthcare,,-0.010607453230305448,40.570273544709,-0.026340772798897644,,stocks,mcap,-1.1794925929005657
2026-04-19,sector,Healthcare,,0.3287024480153768,62.917997690311836,-0.010697848354373209,,stocks,mcap,0.3340034773422992
2026-04-20,sector,Healthcare,,0.3689974492125066,58.38821019971466,0.0022991135190000723,,stocks,mcap,0.548207168113335
2026-04-21,sector,Healthcare,,0.4178093173711301,57.434832958124595,0.013494601503481442,,stocks,mcap,0.8488878796114389
2026-04-22,sector,Healthcare,,0.40212910456926765,52.84520577322872,0.01882758370679942,,stocks,mcap,0.8620173868600317
2026-04-23,sector,Healthcare,,0.4789533328220381,58.44034030291748,0.026067002571830575,,stocks,mcap,1.2572240400972414
2026-04-24,sector,Healthcare,,0.4200557654836153,56.826683781638884,0.02540097680768837,,stocks,mcap,1.1102333360809675
2026-04-25,sector,Healthcare,,0.4020768687744961,51.54603859773938,0.022368325676857682,,stocks,mcap,0.9457372025172269
2026-04-26,sector,Healthcare,,0.44469396843505055,51.56394309671842,0.021827409184987073,,stocks,mcap,1.0288617878035016
2026-04-27,sector,Healthcare,,0.31252530753105845,51.61018337939683,0.011672451439634489,,stocks,mcap,0.4380207584646928
2026-04-28,sector,Healthcare,,0.48000702385123817,56.125575241533625,0.015120321715416343,,stocks,mcap,1.1069442267399656
2026-04-29,sector,Healthcare,,0.18686339504283078,45.107350778740184,-0.0025170576859456645,,stocks,mcap,-0.12543655309427523
2026-04-30,sector,Healthcare,,0.3032041107125403,51.1807176516579,-0.006307611405051306,,stocks,mcap,0.17361655570263854
2026-05-01,sector,Healthcare,,0.2843342103206214,61.85050596148906,-0.00983498527267121,,stocks,mcap,0.27343242259573686
2026-05-02,sector,Healthcare,,0.2839,60.75744884466325,-0.011813553749105112,,stocks,mcap,0.18928830156314927
2026-05-03,sector,Healthcare,,0.45124,55.119024986126036,-0.0019837575525802204,,stocks,mcap,0.7302021389566086
2026-05-04,sector,Healthcare,,0.3333467527417559,48.601365190061045,-0.0034663994030859867,,stocks,mcap,0.11075881768716017
2026-05-05,sector,Healthcare,,0.5285058019946781,53.89548897889503,0.008024431114143683,,stocks,mcap,0.9696957936161531
2026-05-06,sector,Healthcare,,0.6344860410736333,57.68818915881491,0.021334941821107324,,stocks,mcap,1.4051159258834576
2026-05-07,sector,Healthcare,,0.3763528581554846,46.96885594280913,0.011802739247561901,,stocks,mcap,0.36343120016231145
2026-05-08,sector,Healthcare,,0.5516790441887972,53.63828015298721,0.016088323792979267,,stocks,mcap,1.1091290358376757
2026-05-09,sector,Healthcare,,0.7348284680843531,58.42819955747605,0.029272564405678658,,stocks,mcap,1.6634062506592964
2026-05-10,sector,Healthcare,,0.5312646595011355,52.02743187549523,0.02259731740720796,,stocks,mcap,0.8792364416329536
2026-05-11,sector,Healthcare,,0.23466866869403913,48.30703104617638,-0.0021641445924769215,,stocks,mcap,0.0018439755036529087
2026-05-12,sector,Healthcare,,0.3801268980176829,47.807134004751425,-0.008747858879541853,,stocks,mcap,0.17563333325996341
2026-05-13,sector,Healthcare,,0.3965525826451495,55.24047447655827,-0.011807601298892648,,stocks,mcap,0.31177191626992506
2026-05-14,sector,Healthcare,,0.2579128999256005,48.88057566684601,-0.02236718723995531,,stocks,mcap,-0.2461518618037396
2026-05-15,sector,Healthcare,,0.23073088300314087,48.6805535868504,-0.029910031670517395,,stocks,mcap,-0.44143480814679614
2026-05-16,sector,Healthcare,,0.35008439681169085,51.53902867071882,-0.025746906347394228,,stocks,mcap,-0.16586702060330935
2026-05-17,sector,Healthcare,,0.2603211727673739,45.39427133915434,-0.027751603140969198,,stocks,mcap,-0.563708713901945
2026-05-18,sector,Healthcare,,0.4890757856160416,53.5660662642244,-0.013126766076299659,,stocks,mcap,0.38058176526832865
2026-05-19,sector,Healthcare,,0.38690895317025686,46.613313844688214,-0.009934232472914462,,stocks,mcap,0.02345298104212315
2026-05-20,sector,Healthcare,,0.4425067666177056,45.294879800421846,-0.00398378982621898,,stocks,mcap,0.1489500892958226
2026-05-21,sector,Healthcare,,0.43545558507300697,51.651810935198675,-0.0006057078950051902,,stocks,mcap,0.3166451851107241
2026-05-22,sector,Healthcare,,,46.39885623138232,-0.0004845663160041539,,stocks,mcap,
2026-05-23,sector,Healthcare,,,39.53646007602013,-0.00038765305280332417,,stocks,mcap,
2026-03-24,sector,Index,,-0.014246703839976256,,0.0,,stocks,mcap,
2026-03-25,sector,Index,,0.10825288876470282,100.0,0.007817637818646186,,stocks,mcap,
2026-03-26,sector,Index,,0.1541912443238398,100.0,0.015221628811548817,,stocks,mcap,
2026-03-27,sector,Index,,-0.05274381210919931,44.87215279231808,0.005805740979360345,,stocks,mcap,
2026-03-28,sector,Index,,-0.046979595092524834,45.7058915534443,-9.81863768101084e-05,,stocks,mcap,
2026-03-29,sector,Index,,-0.005484076027616312,51.03667167364904,-0.0012108793083099346,,stocks,mcap,
2026-03-30,sector,Index,,0.06308727005165765,57.87187810285657,0.002468485742912658,,stocks,mcap,
2026-03-31,sector,Index,,0.10685118013694053,61.31823629558696,0.007369762715493385,,stocks,mcap,
2026-04-01,sector,Index,,0.12605100045099682,62.658413205111536,0.011195557367149424,,stocks,mcap,
2026-04-02,sector,Index,,0.02616228629137045,53.089105314031464,0.006521237060691179,,stocks,mcap,
2026-04-03,sector,Index,,0.18627725711979595,62.314602048306185,0.013342209509040623,,stocks,mcap,
2026-04-04,sector,Index,,-0.10746956096239832,45.79288222694536,-0.0019841665502938477,,stocks,mcap,
2026-04-05,sector,Index,,0.03252857702182957,51.874135105519905,-0.0027035255243594222,,stocks,mcap,
2026-04-06,sector,Index,,0.023965549875961764,51.52060794311612,-0.003704443799315853,,stocks,mcap,
2026-04-07,sector,Index,,-0.012193897880936656,50.07940368754382,-0.006582064115823346,,stocks,mcap,
2026-04-08,sector,Index,,-0.012946764370008317,44.82447434485115,-0.008210548146363659,,stocks,mcap,
2026-04-09,sector,Index,,0.058192738442924906,45.986997773225205,-0.004364013373608458,,stocks,mcap,
2026-04-10,sector,Index,,0.12411104673306321,58.381138289777155,0.0023892574398720855,,stocks,mcap,
2026-04-11,sector,Index,,0.009818880925197096,52.44062623244741,-0.000895660577860084,,stocks,mcap,
2026-04-12,sector,Index,,-0.08091575986427142,46.890296528298705,-0.008794692448772118,,stocks,mcap,
2026-04-13,sector,Index,,0.09785838312742107,51.31405486395302,-0.0019522153470851837,,stocks,mcap,0.06312529633148051
2026-04-14,sector,Index,,-0.0500753355903208,44.502356871635435,-0.007074022959680101,,stocks,mcap,-0.9716621234576829
2026-04-15,sector,Index,,0.10643851964294852,49.37321506033407,1.893722772536386e-05,,stocks,mcap,0.11329045585248856
2026-04-16,sector,Index,,0.16323146047242992,54.50460306502502,0.008032053586426547,,stocks,mcap,0.6905077310220616
2026-04-17,sector,Index,,0.11902647323247731,47.60762686782414,0.009738086711681835,,stocks,mcap,0.5246457378720915
2026-04-18,sector,Index,,-0.0007043298744478022,54.33473366890031,0.002559452983226792,,stocks,mcap,-0.20728104956623308
2026-04-19,sector,Index,,0.030628519530233208,49.91539079562526,-0.00017690608237726398,,stocks,mcap,-0.25338986370701155
2026-04-20,sector,Index,,0.014083067727514944,49.5630413107826,-0.003040567112498435,,stocks,mcap,-0.4349159393448383
2026-04-21,sector,Index,,0.014219674536201333,51.20631639982346,-0.00476236062881355,,stocks,mcap,-0.49210956128398564
2026-04-22,sector,Index,,0.14758397626087108,56.53938706055904,0.0028349401806793406,,stocks,mcap,0.5866903776342933
2026-04-23,sector,Index,,0.20116649308025333,55.90870327724918,0.010777057180371957,,stocks,mcap,1.0738337256520087
2026-04-24,sector,Index,,0.11958608590645697,49.815385995960135,0.009868614253734389,,stocks,mcap,0.6757348731455215
2026-04-25,sector,Index,,0.06642312668339971,52.4306390864407,0.005251476480233715,,stocks,mcap,0.2100952539669839
2026-04-26,sector,Index,,0.20366561443958245,61.75083977047588,0.010691100244833683,,stocks,mcap,1.2816635504788259
2026-04-27,sector,Index,,0.05820782609796495,48.31644131788168,0.004083314882159888,,stocks,mcap,0.10885613817898082
2026-04-28,sector,Index,,-0.04347173731766607,50.29185174772342,-0.006944644756555696,,stocks,mcap,-0.5919691888880783
2026-04-29,sector,Index,,0.22147838949405688,54.63958823190677,0.003248298435273321,,stocks,mcap,0.9494887899330121
2026-04-30,sector,Index,,0.1392217354494342,49.051169653153984,0.0040424323338253895,,stocks,mcap,0.5831264568931961
2026-05-01,sector,Index,,0.06668434462354214,47.97681853328995,-0.00048500800700082905,,stocks,mcap,-0.03466100002407377
2026-05-02,sector,Index,,0.19489353550932095,57.51121783933376,0.00470171121443793,,stocks,mcap,0.9770916990142109
2026-05-03,sector,Index,,0.1645669858084295,55.1473932523752,0.005577084315964591,,stocks,mcap,0.858562948872091
2026-05-04,sector,Index,,0.28817069702914294,59.73260159909906,0.013515059029293067,,stocks,mcap,1.576166217307196
2026-05-05,sector,Index,,-0.018692562732700858,49.040357103985684,-0.0020385861359014414,,stocks,mcap,-0.28572409533045195
2026-05-06,sector,Index,,0.23531943189256685,52.39000674822902,0.004297419026381373,,stocks,mcap,0.9763379498529076
2026-05-07,sector,Index,,0.07667233357580021,46.79226262989033,-0.0023234448713462773,,stocks,mcap,-0.04510820852082915
2026-05-08,sector,Index,,0.13832913321161666,50.48794629030994,-0.0026537709555387694,,stocks,mcap,0.2052019376021055
2026-05-09,sector,Index,,0.10368399134103103,50.97947280603447,-0.005163710014238709,,stocks,mcap,0.0018879053674022567
2026-05-10,sector,Index,,0.21626276610972006,50.33549031474486,0.0004990424513336977,,stocks,mcap,0.6924493258197377
2026-05-11,sector,Index,,0.19028475600399697,53.7565733015903,0.00214392105601003,,stocks,mcap,0.7289718608478085
2026-05-12,sector,Index,,0.23260847879393828,58.12675430931422,0.005538217507680368,,stocks,mcap,1.0607356219826827
2026-05-13,sector,Index,,0.02260602257365881,43.95024836349088,-0.006264409437250821,,stocks,mcap,-0.48121828629101093
2026-05-14,sector,Index,,0.3023813878415682,54.43089410247965,0.004297293866876745,,stocks,mcap,1.115042179910408
2026-05-15,sector,Index,,-0.004995001929243212,48.27361754444212,-0.009157583552539487,,stocks,mcap,-0.5791738313756254
2026-05-16,sector,Index,,0.16335027062447266,49.25469614076771,-0.006579944481217619,,stocks,mcap,0.18437109384373163
2026-05-17,sector,Index,,-0.04348537474515333,45.462610134497666,-0.018016731440801244,,stocks,mcap,-1.138021455051436
2026-05-18,sector,Index,,0.02337938679537217,44.078653908853404,-0.020129969530877263,,stocks,mcap,-1.1065103961694855
2026-05-19,sector,Index,,-0.04613802001025378,49.313368795224484,-0.024946319481865025,,stocks,mcap,-1.3700257479207099
2026-05-20,sector,Index,,0.10222916631891163,46.484513734649745,-0.017242703132276112,,stocks,mcap,-0.6550638475520314
2026-05-21,sector,Index,,0.18059764462708797,52.86669096281904,-0.00652350516408295,,stocks,mcap,-0.05041061793167459
2026-05-22,sector,Index,,0.2725953919990821,53.642647343968555,0.006408539370033209,,stocks,mcap,0.5375829267655766
2026-05-23,sector,Index,,,54.670366773831056,0.005126831496026567,,stocks,mcap,
2026-03-24,sector,Intermediate Duration,,-0.7506,,0.0,,stocks,mcap,
2026-03-25,sector,Intermediate Duration,,,,0.0,,stocks,mcap,
2026-03-26,sector,Intermediate Duration,,0.7216,,0.11464554877621155,,stocks,mcap,
2026-03-27,sector,Intermediate Duration,,-0.24955,0.0,0.09858259156040601,,stocks,mcap,
2026-03-28,sector,Intermediate Duration,,0.8943,54.08274231678487,0.15585862351351715,,stocks,mcap,
2026-03-29,sector,Intermediate Duration,,0.9652,55.57207557527792,0.18727121310313433,,stocks,mcap,
2026-03-30,sector,Intermediate Duration,,-0.6908,31.618470027850805,0.09019284560186794,,stocks,mcap,
2026-03-31,sector,Intermediate Duration,,0.1027,43.324200716227296,0.07378364370045176,,stocks,mcap,
2026-04-01,sector,Intermediate Duration,,0.9357,51.9576110013898,0.11114913932608039,,stocks,mcap,
2026-04-02,sector,Intermediate Duration,,,51.9576110013898,0.08891931146086429,,stocks,mcap,
2026-04-03,sector,Intermediate Duration,,,51.9576110013898,0.07113544916869141,,stocks,mcap,
2026-04-04,sector,Intermediate Duration,,,51.9576110013898,0.05690835933495314,,stocks,mcap,
2026-04-05,sector,Intermediate Duration,,,51.9576110013898,0.04552668746796251,,stocks,mcap,
2026-04-06,sector,Intermediate Duration,,,51.9576110013898,0.03642134997437002,,stocks,mcap,
2026-04-07,sector,Intermediate Duration,,,51.9576110013898,0.029137079979495994,,stocks,mcap,
2026-04-08,sector,Intermediate Duration,,,51.9576110013898,0.023309663983596796,,stocks,mcap,
2026-04-09,sector,Intermediate Duration,,,51.9576110013898,0.018647731186877403,,stocks,mcap,
2026-04-10,sector,Intermediate Duration,,,63.17749735949747,0.014918184949501923,,stocks,mcap,
2026-04-11,sector,Intermediate Duration,,,50.617283950617285,0.011934547959601527,,stocks,mcap,
2026-04-12,sector,Intermediate Duration,,,49.55064737242955,0.009547638367681188,,stocks,mcap,
2026-04-13,sector,Intermediate Duration,,,100.0,0.0076381106941449395,,stocks,mcap,
2026-04-14,sector,Intermediate Duration,,,100.0,0.006110488555315929,,stocks,mcap,
2026-04-15,sector,Intermediate Duration,,,,0.0048883908442527435,,stocks,mcap,
2026-04-16,sector,Intermediate Duration,,,,0.003910712675402217,,stocks,mcap,
2026-04-17,sector,Intermediate Duration,,,,0.0031285701403217514,,stocks,mcap,
2026-04-18,sector,Intermediate Duration,,,,0.0025028561122574233,,stocks,mcap,
2026-04-19,sector,Intermediate Duration,,,,0.0020022848898059165,,stocks,mcap,
2026-04-20,sector,Intermediate Duration,,,,0.001601827911844711,,stocks,mcap,
2026-04-21,sector,Intermediate Duration,,0.22807285959124565,,0.01718998602841254,,stocks,mcap,
2026-04-22,sector,Intermediate Duration,,,,0.013751988822729988,,stocks,mcap,
2026-04-23,sector,Intermediate Duration,,,,0.011001591058183935,,stocks,mcap,
2026-04-24,sector,Intermediate Duration,,,,0.008801272846547137,,stocks,mcap,
2026-04-25,sector,Intermediate Duration,,,,0.007041018277237687,,stocks,mcap,
2026-04-26,sector,Intermediate Duration,,,,0.005632814621790105,,stocks,mcap,
2026-04-27,sector,Intermediate Duration,,,,0.004506251697432073,,stocks,mcap,
2026-04-28,sector,Intermediate Duration,,,,0.003605001357945614,,stocks,mcap,
2026-04-29,sector,Intermediate Duration,,,,0.002884001086356447,,stocks,mcap,
2026-04-30,sector,Intermediate Duration,,,,0.0023072008690851464,,stocks,mcap,
2026-05-01,sector,Intermediate Duration,,,,0.001845760695268095,,stocks,mcap,
2026-05-02,sector,Intermediate Duration,,,,0.0014766085562144537,,stocks,mcap,
2026-05-03,sector,Intermediate Duration,,,,0.0011812868449715408,,stocks,mcap,
2026-05-04,sector,Intermediate Duration,,,,0.0009450294759771882,,stocks,mcap,
2026-05-05,sector,Intermediate Duration,,,,0.0007560235807816951,,stocks,mcap,
2026-05-06,sector,Intermediate Duration,,,,0.0006048188646253227,,stocks,mcap,
2026-05-07,sector,Intermediate Duration,,,,0.000483855091700236,,stocks,mcap,
2026-05-08,sector,Intermediate Duration,,,,0.0003870840733601333,,stocks,mcap,
2026-05-09,sector,Intermediate Duration,,,,0.0003096672586880844,,stocks,mcap,
2026-05-10,sector,Intermediate Duration,,,,0.00024773380695042313,,stocks,mcap,
2026-05-11,sector,Intermediate Duration,,,,0.0001981870455602941,,stocks,mcap,
2026-05-12,sector,Intermediate Duration,,,,0.00015854963644817976,,stocks,mcap,
2026-05-13,sector,Intermediate Duration,,0.3818,,0.008212037122067972,,stocks,mcap,
2026-05-14,sector,Intermediate Duration,,0.875,100.0,0.019058736501901485,,stocks,mcap,
2026-05-15,sector,Intermediate Duration,,,100.0,0.015246989201521122,,stocks,mcap,
2026-05-16,sector,Intermediate Duration,,,100.0,0.012197591361216897,,stocks,mcap,
2026-05-17,sector,Intermediate Duration,,,100.0,0.009758073088973473,,stocks,mcap,
2026-05-18,sector,Intermediate Duration,,,100.0,0.007806458471178779,,stocks,mcap,
2026-05-19,sector,Intermediate Duration,,-0.8271,100.0,-0.1876589881201962,,stocks,mcap,
2026-05-20,sector,Intermediate Duration,,0.9136,100.0,-0.1057486935713007,,stocks,mcap,
2026-05-21,sector,Intermediate Duration,,,100.0,-0.08459895485704058,,stocks,mcap,
2026-05-22,sector,Intermediate Duration,,,100.0,-0.06767916388563247,,stocks,mcap,
2026-05-23,sector,Intermediate Duration,,,100.0,-0.05414333110850597,,stocks,mcap,
2026-03-24,sector,Internet,,0.07162661415587218,,0.0,,stocks,mcap,
2026-03-25,sector,Internet,,0.11065888610740754,100.0,0.002490948409442706,,stocks,mcap,
2026-03-26,sector,Internet,,-0.02958083661789712,21.772654463903223,-0.005033801870986717,,stocks,mcap,
2026-03-27,sector,Internet,,-0.023852999062190485,24.194675728666653,-0.00911495646714413,,stocks,mcap,
2026-03-28,sector,Internet,,0.05241316392792532,46.3230097717898,-0.006301425165826846,,stocks,mcap,
2026-03-29,sector,Internet,,0.07223649854945817,50.108485867095006,-0.002901615499334072,,stocks,mcap,
2026-03-30,sector,Internet,,0.08177682090789226,51.74624417623831,3.7813996734757487e-05,,stocks,mcap,
2026-03-31,sector,Internet,,0.06696354559663856,49.236671053871156,0.0009803204750847084,,stocks,mcap,
2026-04-01,sector,Internet,,0.09485507170228506,53.48425692186713,0.0033448728573056037,,stocks,mcap,
2026-04-02,sector,Internet,,0.14494583074750386,59.5610844266179,0.007885861862259605,,stocks,mcap,
2026-04-03,sector,Internet,,0.12924234027694215,57.21768763665406,0.009336144259426814,,stocks,mcap,
2026-04-04,sector,Internet,,0.0961533025835645,52.83730699955392,0.007642421462806024,,stocks,mcap,
2026-04-05,sector,Internet,,0.24286124243810758,64.78899917517472,0.015523689312132946,,stocks,mcap,
2026-04-06,sector,Internet,,-0.006016829775721691,45.31027470823456,0.003712469958894722,,stocks,mcap,
2026-04-07,sector,Internet,,0.06964211961528252,49.890172857409404,0.0008802778407459447,,stocks,mcap,
2026-04-08,sector,Internet,,0.12713308640585114,50.893470980811415,0.002662989694595097,,stocks,mcap,
2026-04-09,sector,Internet,,0.21805649586324796,64.18954215725756,0.009372292145908592,,stocks,mcap,
2026-04-10,sector,Internet,,0.05409096833552826,53.7805943532996,0.002529995577719676,,stocks,mcap,
2026-04-11,sector,Internet,,0.1773424643573612,55.795418566001665,0.005876256854579057,,stocks,mcap,
2026-04-12,sector,Internet,,0.1587125555896787,54.01603527016106,0.006365159287129617,,stocks,mcap,
2026-04-13,sector,Internet,,0.08048600173404274,49.943648144386685,0.0012196693324815072,,stocks,mcap,0.022367052228223563
2026-04-14,sector,Internet,,0.14302776378412413,53.18780673439068,0.0017931116593259949,,stocks,mcap,0.5481780077701829
2026-04-15,sector,Internet,,0.16903449707385929,53.11373528776789,0.0035853421045614047,,stocks,mcap,0.6930844295165631
2026-04-16,sector,Internet,,0.09290702938851743,47.86235848110207,-0.000478604172914579,,stocks,mcap,-0.027596000962677197
2026-04-17,sector,Internet,,0.16441096535592467,51.38132664731514,0.001422532334991098,,stocks,mcap,0.5842002647594395
2026-04-18,sector,Internet,,0.20743923451823332,54.33714148295082,0.005142313682601318,,stocks,mcap,0.897413944013514
2026-04-19,sector,Internet,,0.19593603741007648,47.95574963075739,0.006315198142845344,,stocks,mcap,0.7545114892505098
2026-04-20,sector,Internet,,0.1759776955942883,59.903746919447116,0.005276271237692601,,stocks,mcap,0.8632510827468076
2026-04-21,sector,Internet,,0.10814255381616442,52.113103306111,-0.00016192513036314068,,stocks,mcap,0.09743309321785198
2026-04-22,sector,Internet,,0.17077321600441075,52.38175886370643,0.00025397274740601716,,stocks,mcap,0.5721454986459628
2026-04-23,sector,Internet,,0.08779684466983977,42.82857576746683,-0.004975578138296348,,stocks,mcap,-0.3171846389353622
2026-04-24,sector,Internet,,0.3030338651558029,62.97311566609986,0.005573177094587604,,stocks,mcap,1.3835065941914642
2026-04-25,sector,Internet,,0.29030719277634637,56.65334345860108,0.010897673033861445,,stocks,mcap,1.2865246852950052
2026-04-26,sector,Internet,,0.19915734384777997,52.19462268367998,0.007638963665431511,,stocks,mcap,0.5873631596824126
2026-04-27,sector,Internet,,0.08600668358456794,50.288625047215355,-0.002250156700559995,,stocks,mcap,-0.09975749177672692
2026-04-28,sector,Internet,,0.08965848380060777,47.02673508595692,-0.008317497478613073,,stocks,mcap,-0.3183171121289323
2026-04-29,sector,Internet,,0.11238798452583117,46.832590618418294,-0.01043490928501023,,stocks,mcap,-0.32967928425438875
2026-04-30,sector,Internet,,0.18223521415347319,55.03014428950406,-0.006934857257093464,,stocks,mcap,0.352146005675429
2026-05-01,sector,Internet,,0.19777193866872578,52.00495910553298,-0.003547529851616698,,stocks,mcap,0.395907188858617
2026-05-02,sector,Internet,,0.12833001853602055,45.39192034078788,-0.0058234783932355014,,stocks,mcap,-0.3025290783185177
2026-05-03,sector,Internet,,0.28615595857053994,54.48990323603462,0.0029872271827103315,,stocks,mcap,0.9010918825370132
2026-05-04,sector,Internet,,0.026979851262051453,44.01093432938465,-0.00833394393354536,,stocks,mcap,-0.814998745257908
2026-05-05,sector,Internet,,0.029207534184815732,46.65049332680662,-0.014978736894297694,,stocks,mcap,-0.9543691096927159
2026-05-06,sector,Internet,,0.15863722747579045,49.51265285431155,-0.01019226089079953,,stocks,mcap,-0.13908100957363548
2026-05-07,sector,Internet,,0.10395627306817404,50.664006915152136,-0.010218083138198945,,stocks,mcap,-0.566520636129478
2026-05-08,sector,Internet,,0.07961748484768044,39.11134441133533,-0.011299151815066223,,stocks,mcap,-0.9838254816956383
2026-05-09,sector,Internet,,0.12049967759711544,41.945142671077136,-0.008796953414013592,,stocks,mcap,-0.532076565459629
2026-05-10,sector,Internet,,0.12300624564972303,46.05608731615643,-0.0066089946822336446,,stocks,mcap,-0.40148537645614546
2026-05-11,sector,Internet,,0.17091952225637339,54.71639273904073,-0.001819878402158509,,stocks,mcap,0.0839051590953381
2026-05-12,sector,Internet,,0.123063215279663,51.76858233418686,-0.0017591035707272694,,stocks,mcap,-0.3793823345367815
2026-05-13,sector,Internet,,0.15931365392998437,52.44936800436205,0.0007063578968923177,,stocks,mcap,0.04065701741864489
2026-05-14,sector,Internet,,0.11920886262208856,46.60481067731883,-0.00032463553128395453,,stocks,mcap,-0.48062369581063547
2026-05-15,sector,Internet,,0.056310091726595436,42.749513119381405,-0.004947011387761649,,stocks,mcap,-0.936544383518808
2026-05-16,sector,Internet,,0.10976134814516293,49.03242090852251,-0.004141621425213574,,stocks,mcap,-0.5569654146475258
2026-05-17,sector,Internet,,0.06331910550292787,36.86349879219491,-0.00634196302091912,,stocks,mcap,-1.0977799664425514
2026-05-18,sector,Internet,,0.22807251227988268,63.33972122371622,0.0031815741866567555,,stocks,mcap,0.6247617139330163
2026-05-19,sector,Internet,,0.01934618533789932,49.486513785491184,-0.004287683598790245,,stocks,mcap,-0.9250850161253268
2026-05-20,sector,Internet,,0.17693714925028245,50.92573809009463,0.001371140971329795,,stocks,mcap,0.07811449690720779
2026-05-21,sector,Internet,,0.10270486680682056,49.93792305047822,0.00016420518528616548,,stocks,mcap,-0.47034030160063056
2026-05-22,sector,Internet,,-0.04017515855664005,44.682919256938725,-0.009664099448190541,,stocks,mcap,-1.3830242722931927
2026-05-23,sector,Internet,,,42.5997673688075,-0.007731279558552432,,stocks,mcap,
2026-03-24,sector,Investment Bank,,0.16008468445365615,,0.0,,stocks,mcap,
2026-03-25,sector,Investment Bank,,-0.0020268258838265635,0.0,-0.010345577867691214,,stocks,mcap,
2026-03-26,sector,Investment Bank,,0.03604034927108749,19.01659762690366,-0.013834715509749114,,stocks,mcap,
2026-03-27,sector,Investment Bank,,-0.007817302158386588,15.598978264905455,-0.018040181815138334,,stocks,mcap,
2026-03-28,sector,Investment Bank,,0.1636457098245633,50.42852358015642,-0.00869179262201851,,stocks,mcap,
2026-03-29,sector,Investment Bank,,0.0405686445526908,38.904449140827474,-0.010115216670755722,,stocks,mcap,
2026-03-30,sector,Investment Bank,,0.01998748671021426,37.47247602875716,-0.011651482346150252,,stocks,mcap,
2026-03-31,sector,Investment Bank,,0.09907370539433603,45.22040167503306,-0.006790846167882725,,stocks,mcap,
2026-04-01,sector,Investment Bank,,0.14044777064087224,48.555297389491066,-0.0005667822344644358,,stocks,mcap,
2026-04-02,sector,Investment Bank,,0.1050242107323299,46.149840240007,0.001285822872948393,,stocks,mcap,
2026-04-03,sector,Investment Bank,,0.06465853880122233,43.68379333508266,-1.6959037591551818e-05,,stocks,mcap,
2026-04-04,sector,Investment Bank,,0.3452219660316991,58.93545129392398,0.017251801592192997,,stocks,mcap,
2026-04-05,sector,Investment Bank,,0.24257143142071144,53.62222123830363,0.020760448195654986,,stocks,mcap,
2026-04-06,sector,Investment Bank,,0.11445938671411711,48.19909584965096,0.013788381499992293,,stocks,mcap,
2026-04-07,sector,Investment Bank,,0.17704174810007994,50.6378118742776,0.012750938999959365,,stocks,mcap,
2026-04-08,sector,Investment Bank,,0.23802878960631352,59.7727315235216,0.015356716866118024,,stocks,mcap,
2026-04-09,sector,Investment Bank,,0.20075278058853901,56.70981160874369,0.013803476107188788,,stocks,mcap,
2026-04-10,sector,Investment Bank,,0.20877967246965293,59.08872937707375,0.012584530880152184,,stocks,mcap,
2026-04-11,sector,Investment Bank,,0.27579552684321124,55.15810677015782,0.015374869824968829,,stocks,mcap,
2026-04-12,sector,Investment Bank,,0.14674109620191156,54.85648717657531,0.007984086265598277,,stocks,mcap,
2026-04-13,sector,Investment Bank,,0.1162113184620108,54.361725031307415,0.0008688252775955162,,stocks,mcap,0.21110485378299074
2026-04-14,sector,Investment Bank,,0.32518029965864725,59.169477375383366,0.009581521291975998,,stocks,mcap,1.1993426911711813
2026-04-15,sector,Investment Bank,,0.16470505725130086,50.897067883256376,0.004159234708341997,,stocks,mcap,0.3149812587011088
2026-04-16,sector,Investment Bank,,0.42584805308180057,60.167123601050605,0.01705887134504064,,stocks,mcap,1.489937541362187
2026-04-17,sector,Investment Bank,,0.2926536481997141,56.823830937515766,0.015561541945613815,,stocks,mcap,1.0420900153339134
2026-04-18,sector,Investment Bank,,0.45798333333333335,53.62496025937638,0.02413460774788833,,stocks,mcap,1.4227536268154877
2026-04-19,sector,Investment Bank,,0.07179052111648379,45.3564093949433,0.00331830291416179,,stocks,mcap,-0.06417636160953477
2026-04-20,sector,Investment Bank,,0.2170673076923077,52.76414266691433,-0.0009178798692944003,,stocks,mcap,0.3556423648017807
2026-04-21,sector,Investment Bank,,0.29868005599665903,53.243543485036774,0.001399306181692525,,stocks,mcap,0.7696737667586937
2026-04-22,sector,Investment Bank,,0.27288484735718194,50.947231168824686,0.0008448319470731741,,stocks,mcap,0.4454985724311976
2026-04-23,sector,Investment Bank,,0.3039845728778743,52.81482568415515,0.002148499372606999,,stocks,mcap,0.7537201966285028
2026-04-24,sector,Investment Bank,,0.19972883291017565,49.76551553531051,-0.004094492865204406,,stocks,mcap,0.15902801422287213
2026-04-25,sector,Investment Bank,,0.21352266322916555,48.34091433474053,-0.007197337239899657,,stocks,mcap,0.11356867041553417
2026-04-26,sector,Investment Bank,,0.24994249374885,52.89227355642125,-0.006708998877650668,,stocks,mcap,0.27305517691839354
2026-04-27,sector,Investment Bank,,0.16719118316558976,51.388106694372276,-0.011585308906687988,,stocks,mcap,-0.05269167090168425
2026-04-28,sector,Investment Bank,,0.28761798255469745,48.92541984947834,-0.006575694807640708,,stocks,mcap,0.4453563431743244
2026-04-29,sector,Investment Bank,,0.1594275956236452,49.846181399367886,-0.011483567913634283,,stocks,mcap,-0.15872903816049136
2026-04-30,sector,Investment Bank,,0.25315946315913296,44.42245947718309,-0.008161517844634373,,stocks,mcap,0.19710614310472163
2026-05-01,sector,Investment Bank,,0.1884940109637516,46.48000447793159,-0.00994520387383049,,stocks,mcap,-0.18276186602099026
2026-05-02,sector,Investment Bank,,0.3194786102350798,45.20810264243948,-0.0023269662640310364,,stocks,mcap,0.419389059828556
2026-05-03,sector,Investment Bank,,0.03652981805243065,48.68621699060027,-0.015626104058787553,,stocks,mcap,-0.6586948832786416
2026-05-04,sector,Investment Bank,,0.3544754098360655,54.53605298038612,-0.002955393903364606,,stocks,mcap,0.6389935617833336
2026-05-05,sector,Investment Bank,,0.2647052261946172,48.884446702495374,-0.0006842380847492443,,stocks,mcap,0.30243754258271777
2026-05-06,sector,Investment Bank,,0.2124779580530127,48.050398733100764,-0.0026529185154099463,,stocks,mcap,-0.08636178127872762
2026-05-07,sector,Investment Bank,,0.3864819562867881,52.43769931963647,0.007267752753941488,,stocks,mcap,0.7948448249040438
2026-05-08,sector,Investment Bank,,0.384525653181542,55.811892552846324,0.012874441318020473,,stocks,mcap,0.9435265818074291
2026-05-09,sector,Investment Bank,,0.3747132599423999,55.082200210140826,0.014952596443943655,,stocks,mcap,0.9483267735971205
2026-05-10,sector,Investment Bank,,0.30497592081211156,51.69945185393448,0.010851844801125849,,stocks,mcap,0.46649957029863465
2026-05-11,sector,Investment Bank,,0.14898980796029193,49.46225732462998,-0.0024356865171858977,,stocks,mcap,-0.15273732354958683
2026-05-12,sector,Investment Bank,,0.11709127788544166,44.68386173640515,-0.012860227946420322,,stocks,mcap,-0.5030362398143076
2026-05-13,sector,Investment Bank,,0.17746461120941215,50.58712647013101,-0.015025945271991963,,stocks,mcap,-0.2806797337058608
2026-05-14,sector,Investment Bank,,0.23017307673164655,49.23123397675152,-0.012356567956381178,,stocks,mcap,-0.17648323775157743
2026-05-15,sector,Investment Bank,,0.17236001146829433,49.45792338495174,-0.013821642939286448,,stocks,mcap,-0.382030926597382
2026-05-16,sector,Investment Bank,,0.3510166432147741,51.02673696087993,-0.0026788649267968524,,stocks,mcap,0.45606057285377144
2026-05-17,sector,Investment Bank,,0.3694312111867193,63.09291285514208,0.00556197977215692,,stocks,mcap,0.8904524674202882
2026-05-18,sector,Investment Bank,,0.12713463414011983,40.493042743833975,-0.00509870288977756,,stocks,mcap,-0.625884989162775
2026-05-19,sector,Investment Bank,,0.27304914071283576,50.33327690401957,-0.00226130071704344,,stocks,mcap,0.22172394862951422
2026-05-20,sector,Investment Bank,,0.19001319189667612,49.124254248609134,-0.005718231012937198,,stocks,mcap,-0.28996029258442757
2026-05-21,sector,Investment Bank,,0.1949643797316721,41.400623094293366,-0.007310942448026015,,stocks,mcap,-0.5009865855710092
2026-05-22,sector,Investment Bank,,0.08912540184069669,37.86795141312177,-0.014705411485737648,,stocks,mcap,-0.9998952616491601
2026-05-23,sector,Investment Bank,,,38.17564225699752,-0.011764329188590118,,stocks,mcap,
2026-03-24,sector,Long Duration,,0.2657639518544906,,0.0,,stocks,mcap,
2026-03-25,sector,Long Duration,,0.45783816311194503,100.0,0.012257727442071164,,stocks,mcap,
2026-03-26,sector,Long Duration,,-0.024870838975124057,28.464580543645994,-0.011535235453605321,,stocks,mcap,
2026-03-27,sector,Long Duration,,-0.3347317709661688,19.50696728024471,-0.04561975504019413,,stocks,mcap,
2026-03-28,sector,Long Duration,,0.13052280523033946,45.336186430965164,-0.034798018570298954,,stocks,mcap,
2026-03-29,sector,Long Duration,,0.41502309011761096,54.30290658927626,-0.00785320896390881,,stocks,mcap,
2026-03-30,sector,Long Duration,,-0.2886261290575306,38.63045293583477,-0.03525875471522695,,stocks,mcap,
2026-03-31,sector,Long Duration,,0.24245223107409422,49.60743134205753,-0.016415614872892156,,stocks,mcap,
2026-04-01,sector,Long Duration,,0.5264800160469282,54.00712715235247,0.014698740541653689,,stocks,mcap,
2026-04-02,sector,Long Duration,,0.14033208834489602,48.27670452706407,0.009070840485853278,,stocks,mcap,
2026-04-03,sector,Long Duration,,0.3231809305926164,50.751108166910186,0.01700000063528458,,stocks,mcap,
2026-04-04,sector,Long Duration,,0.09222012292593718,47.85912860116429,0.006563692237167899,,stocks,mcap,
2026-04-05,sector,Long Duration,,0.20447625709825273,49.26431838024222,0.007051695911611162,,stocks,mcap,
2026-04-06,sector,Long Duration,,0.22735063219264465,49.5414148052448,0.008641057501378197,,stocks,mcap,
2026-04-07,sector,Long Duration,,0.023007493466621426,47.23674754805118,-0.003682773693637828,,stocks,mcap,
2026-04-08,sector,Long Duration,,0.016783336074869818,44.75775428967184,-0.011429204654526823,,stocks,mcap,
2026-04-09,sector,Long Duration,,0.10046245461519468,51.645784953171365,-0.01013706260746585,,stocks,mcap,
2026-04-10,sector,Long Duration,,-0.19449218696169557,51.848760906915835,-0.027387871923528997,,stocks,mcap,
2026-04-11,sector,Long Duration,,0.047326197828565335,48.83457351809818,-0.021038704944175438,,stocks,mcap,
2026-04-12,sector,Long Duration,,0.1042642037825659,45.35042787097484,-0.011981046253725924,,stocks,mcap,
2026-04-13,sector,Long Duration,,0.2408243492993371,59.54063902573738,0.003408031296398467,,stocks,mcap,0.36073713857402057
2026-04-14,sector,Long Duration,,-0.4355669240063677,38.39018131701968,-0.029929629285825862,,stocks,mcap,-1.3871526980525508
2026-04-15,sector,Long Duration,,0.12727840057710807,43.76021727756582,-0.012907249806105699,,stocks,mcap,-0.25133526846057685
2026-04-16,sector,Long Duration,,0.28319197398955004,52.40617638555154,0.008847470428072199,,stocks,mcap,0.328534761573803
2026-04-17,sector,Long Duration,,0.28564131399600634,49.32681473312026,0.022614017753518727,,stocks,mcap,0.4678730109179503
2026-04-18,sector,Long Duration,,0.14470242945411138,50.972547794131536,0.021449824467013684,,stocks,mcap,0.355824586086256
2026-04-19,sector,Long Duration,,0.2690021462142468,51.1904134927028,0.0278663805578141,,stocks,mcap,0.6413870938507245
2026-04-20,sector,Long Duration,,-0.012862963630631568,45.95493884096256,0.012714033544733931,,stocks,mcap,-0.1520624605244397
2026-04-21,sector,Long Duration,,0.35831080965325235,55.34594730961991,0.026483465042865847,,stocks,mcap,0.8999167002781676
2026-04-22,sector,Long Duration,,0.19584241644642314,52.71936511003164,0.023542533097905938,,stocks,mcap,0.6376453996853118
2026-04-23,sector,Long Duration,,0.26951292972031515,52.57519331767528,0.02529821274552973,,stocks,mcap,0.7790608822471713
2026-04-24,sector,Long Duration,,0.15835429827452382,55.69384383032284,0.01805257795707033,,stocks,mcap,0.4390498939127928
2026-04-25,sector,Long Duration,,,51.94331154954609,0.014442062365656264,,stocks,mcap,
2026-04-26,sector,Long Duration,,0.3261148982167244,50.96598607886227,0.02249267843232377,,stocks,mcap,0.8419480619126004
2026-04-27,sector,Long Duration,,0.5042075957320444,51.68274644217064,0.03569217405842208,,stocks,mcap,1.2081287664128553
2026-04-28,sector,Long Duration,,0.10490909172222018,57.267746819232,0.016479342368031245,,stocks,mcap,0.43190760565874586
2026-04-29,sector,Long Duration,,0.1737003400877687,47.069284924884926,0.007793094930601999,,stocks,mcap,0.2364450646205377
2026-04-30,sector,Long Duration,,0.14653119488436728,42.1596489881844,1.832383679457178e-05,,stocks,mcap,0.02375884279728517
2026-05-01,sector,Long Duration,,0.09780533132638564,41.054860293504625,-0.008153326363819553,,stocks,mcap,-0.14907271393926436
2026-05-02,sector,Long Duration,,-0.15521789266467093,38.863344265238666,-0.02916455848014881,,stocks,mcap,-0.7592307222634838
2026-05-03,sector,Long Duration,,0.5766415112546955,52.58336618661196,0.005797432085746261,,stocks,mcap,1.0229445373502337
2026-05-04,sector,Long Duration,,,58.694203334928055,0.004637945668597007,,stocks,mcap,
2026-05-05,sector,Long Duration,,0.04482109762196029,51.23086075126098,-0.009901107761074054,,stocks,mcap,-0.0785584316044172
2026-05-06,sector,Long Duration,,0.29734792907599894,60.855800001004354,-0.00028169685618159926,,stocks,mcap,0.7512527303789995
2026-05-07,sector,Long Duration,,0.3499989801061206,60.46829406624675,0.00901883401614942,,stocks,mcap,0.8892219616191561
2026-05-08,sector,Long Duration,,0.01604721701499076,54.726007053211426,-0.007060696304520575,,stocks,mcap,-0.047874243589372825
2026-05-09,sector,Long Duration,,0.059851515438258646,55.555832757821626,-0.014081439643976254,,stocks,mcap,-0.05286229287556678
2026-05-10,sector,Long Duration,,0.7807180447757245,65.85502228792424,0.028184352451059064,,stocks,mcap,1.6896940651833956
2026-05-11,sector,Long Duration,,-0.011928370192646975,50.21051173861221,0.002473249351301745,,stocks,mcap,-0.1056600751618815
2026-05-12,sector,Long Duration,,0.22677062421619895,59.16878332090508,0.0013157813647916433,,stocks,mcap,0.4008456520399426
2026-05-13,sector,Long Duration,,0.12002628687012806,56.63600392028564,-0.006439652777091076,,stocks,mcap,0.12257458651725778
2026-05-14,sector,Long Duration,,-0.006746930438733341,55.11229720001401,-0.019187530665173758,,stocks,mcap,-0.22130343062246283
2026-05-15,sector,Long Duration,,-0.04837182232389848,55.218205929482245,-0.02891861127975306,,stocks,mcap,-0.406564200251894
2026-05-16,sector,Long Duration,,-0.23564211133588106,56.21857543278815,-0.04547754010840048,,stocks,mcap,-0.834216846698204
2026-05-17,sector,Long Duration,,-0.19953535269557615,45.83530466287742,-0.05108893166397075,,stocks,mcap,-1.1469630723654183
2026-05-18,sector,Long Duration,,0.2455723311735214,52.97077119327941,-0.023326534971234453,,stocks,mcap,-0.015316965903955149
2026-05-19,sector,Long Duration,,-0.20873497389241605,46.69252862822813,-0.03344684257675088,,stocks,mcap,-1.0808862780481312
2026-05-20,sector,Long Duration,,-0.033218588722508186,45.599569165667496,-0.026510663431070038,,stocks,mcap,-0.6585405345816827
2026-05-21,sector,Long Duration,,0.030025635134056206,45.752562186685594,-0.01635193868336972,,stocks,mcap,-0.5137882559406876
2026-05-22,sector,Long Duration,,0.4100985710312333,55.16750131411785,0.015550615687530064,,stocks,mcap,0.4814946843575212
2026-05-23,sector,Long Duration,,,54.646443582632386,0.012440492550024052,,stocks,mcap,
2026-03-24,sector,Macro,,0.01214478626836873,,0.0,,stocks,mcap,
2026-03-25,sector,Macro,,0.06816163685788532,100.0,0.0035748645390460713,,stocks,mcap,
2026-03-26,sector,Macro,,0.1754721662757113,100.0,0.012468279520241952,,stocks,mcap,
2026-03-27,sector,Macro,,0.05669306986965872,57.89565063653652,0.009772121907557144,,stocks,mcap,
2026-03-28,sector,Macro,,-0.06297427739998424,40.65157319362661,-0.00012577697991632449,,stocks,mcap,
2026-03-29,sector,Macro,,-0.07379620326379313,39.5853278146284,-0.007072176379781184,,stocks,mcap,
2026-03-30,sector,Macro,,0.06836659090969116,55.06723197666202,-0.002025244992835213,,stocks,mcap,
2026-03-31,sector,Macro,,0.14824458209159505,60.72265685461933,0.006304050623630538,,stocks,mcap,
2026-04-01,sector,Macro,,0.11942929964421627,58.08532817081069,0.009303114107208955,,stocks,mcap,
2026-04-02,sector,Macro,,0.01282617205266732,50.04424267312189,0.0038186332607354125,,stocks,mcap,
2026-04-03,sector,Macro,,0.19906786323823034,59.77327901763585,0.01198430548822884,,stocks,mcap,
2026-04-04,sector,Macro,,-0.12123012743831316,44.7761446387775,-0.004075922599989746,,stocks,mcap,
2026-04-05,sector,Macro,,-0.054718350224561355,47.510877161595204,-0.009783986397071055,,stocks,mcap,
2026-04-06,sector,Macro,,-0.007411740712232595,49.29673676848866,-0.009907617286681485,,stocks,mcap,
2026-04-07,sector,Macro,,-0.03405710794508102,48.36979566824202,-0.011221413809483358,,stocks,mcap,
2026-04-08,sector,Macro,,-0.06347713582870719,45.26636418231486,-0.013363808197847627,,stocks,mcap,
2026-04-09,sector,Macro,,0.059144732470676926,45.862509724777546,-0.006179826382850398,,stocks,mcap,
2026-04-10,sector,Macro,,0.11922704546787939,52.32110030644062,0.002496107915568462,,stocks,mcap,
2026-04-11,sector,Macro,,0.13287359326591094,57.89037637756879,0.008683251127001477,,stocks,mcap,
2026-04-12,sector,Macro,,0.034654957413630415,54.081862149117335,0.005827362461238345,,stocks,mcap,
2026-04-13,sector,Macro,,0.11405266279425506,51.80479353195784,0.008774965226002216,,stocks,mcap,0.4818431012163441
2026-04-14,sector,Macro,,-0.1514279335660072,39.675646819292545,-0.006823761659753533,,stocks,mcap,-1.1401123990130742
2026-04-15,sector,Macro,,0.14434925955261851,50.72515463008662,0.0026044560278197354,,stocks,mcap,0.39014815812236625
2026-04-16,sector,Macro,,0.30877804914522183,58.33161676677939,0.018836550629569293,,stocks,mcap,1.37312414037327
2026-04-17,sector,Macro,,0.1870096521858556,49.64775110573535,0.020174902100774172,,stocks,mcap,0.9452764337258867
2026-04-18,sector,Macro,,-0.01465710824734221,53.345098966277575,0.006963075739259833,,stocks,mcap,0.0006408565816351519
2026-04-19,sector,Macro,,-0.0042363383658230586,51.64235203521584,-0.0011568739831893,,stocks,mcap,-0.1782145984034305
2026-04-20,sector,Macro,,0.06148022985817588,52.214760666987466,-0.0021281874733150505,,stocks,mcap,-0.020368072942877916
2026-04-21,sector,Macro,,0.03914424571173637,52.359838678023394,-0.004182414022670734,,stocks,mcap,-0.14871530605835107
2026-04-22,sector,Macro,,0.26608992257212527,59.42423754952744,0.009110402257741807,,stocks,mcap,1.109418712434919
2026-04-23,sector,Macro,,0.2807814160505931,56.754837637672644,0.017759285698918437,,stocks,mcap,1.2725129545274507
2026-04-24,sector,Macro,,0.10596628534910932,49.622267341971835,0.010909706205224412,,stocks,mcap,0.36625750284572567
2026-04-25,sector,Macro,,0.026208405645028698,47.071924787992266,0.0007465229348639461,,stocks,mcap,-0.09038867076873414
2026-04-26,sector,Macro,,0.37095127201080325,58.13116844683937,0.0161281522996171,,stocks,mcap,1.4692696936283656
2026-04-27,sector,Macro,,0.024704289097823198,48.0865906792557,0.0025803276863922905,,stocks,mcap,-0.018594458563953226
2026-04-28,sector,Macro,,-0.09668243998140097,51.24949703429131,-0.014045543874253594,,stocks,mcap,-0.6023430631975545
2026-04-29,sector,Macro,,0.413221658506648,55.59026227185566,0.008590398470768808,,stocks,mcap,1.2777144668799854
2026-04-30,sector,Macro,,0.2664892182721255,49.11423342288365,0.012723682507917729,,stocks,mcap,0.897080386755002
2026-05-01,sector,Macro,,0.01398521555364132,46.56406771490982,-0.0017359086676478758,,stocks,mcap,-0.1720055457656743
2026-05-02,sector,Macro,,0.20566319380303222,54.392563139989846,0.0012594546623356448,,stocks,mcap,0.6610220104225671
2026-05-03,sector,Macro,,0.1467899916768074,52.95396660440116,-0.0009542381278932546,,stocks,mcap,0.2494975991061927
2026-05-04,sector,Macro,,0.28817069702914294,54.3064377495605,0.006465090503289677,,stocks,mcap,0.92103034796416
2026-05-05,sector,Macro,,-0.04171047614380304,48.624704682217335,-0.010556290510747052,,stocks,mcap,-0.46172291510252395
2026-05-06,sector,Macro,,0.18779366733292666,48.669380944214694,-0.0062816219120451,,stocks,mcap,0.29744418722883464
2026-05-07,sector,Macro,,0.11765308498358532,47.27897041687936,-0.007991396471143584,,stocks,mcap,-0.15348575842785228
2026-05-08,sector,Macro,,0.16834928221883075,51.085514854762636,-0.005632739870575491,,stocks,mcap,0.2590826390929541
2026-05-09,sector,Macro,,0.09837324280530833,51.26001622411265,-0.008535896191260203,,stocks,mcap,-0.18544410382167725
2026-05-10,sector,Macro,,0.3289619175070431,49.23641639977233,0.004615926253752345,,stocks,mcap,0.7330154969881398
2026-05-11,sector,Macro,,0.2180229019272295,53.844558260426226,0.005335238135105301,,stocks,mcap,0.6109965920593383
2026-05-12,sector,Macro,,0.32224297807079855,58.388513074699475,0.011943176231482992,,stocks,mcap,1.0876636388544458
2026-05-13,sector,Macro,,-0.15688787011670907,38.441750305122234,-0.015359721967493186,,stocks,mcap,-1.147683052790849
2026-05-14,sector,Macro,,0.4679958315881292,53.42186631857838,0.008004624953319418,,stocks,mcap,1.136346157101956
2026-05-15,sector,Macro,,-0.08324632323894256,48.50096351204627,-0.013174426824634006,,stocks,mcap,-0.7305529080306119
2026-05-16,sector,Macro,,0.2831667966986505,51.13379986936756,-0.002569534057932095,,stocks,mcap,0.4490750284001891
2026-05-17,sector,Macro,,-0.3082415289121625,44.2406974917844,-0.03371907713203103,,stocks,mcap,-1.7123533009718213
2026-05-18,sector,Macro,,0.22199415267480244,49.23746735143646,-0.01774902838127784,,stocks,mcap,-0.1672291805522316
2026-05-19,sector,Macro,,-0.08904229823667555,49.45223060788067,-0.02673007718267993,,stocks,mcap,-1.1684408674640192
2026-05-20,sector,Macro,,-0.027502818653124737,47.407597105868895,-0.027041340396314405,,stocks,mcap,-1.1474177445429423
2026-05-21,sector,Macro,,0.15942374499571466,50.48920529097535,-0.013838689570577743,,stocks,mcap,-0.34432210777127414
2026-05-22,sector,Macro,,0.3609926795002738,52.17917017872227,0.008108099067958549,,stocks,mcap,0.4181978943175937
2026-05-23,sector,Macro,,,53.01852190575886,0.006486479254366841,,stocks,mcap,
2026-03-24,sector,Macro Hedge,,0.07913513124266726,,0.0,,stocks,mcap,
2026-03-25,sector,Macro Hedge,,0.034946310005311745,0.0,-0.0028200273382243957,,stocks,mcap,
2026-03-26,sector,Macro Hedge,,0.11574798447523905,64.64625491137983,0.0007232661620915959,,stocks,mcap,
2026-03-27,sector,Macro Hedge,,0.12521126116889011,67.13456197749005,0.003514922229230404,,stocks,mcap,
2026-03-28,sector,Macro Hedge,,0.10198948345722422,57.24727207174357,0.0035952282582016448,,stocks,mcap,
2026-03-29,sector,Macro Hedge,,0.2772555603905964,79.75302771626286,0.014630739763276456,,stocks,mcap,
2026-03-30,sector,Macro Hedge,,-0.07884008759941882,38.53652592061617,-0.0019893482673897277,,stocks,mcap,
2026-03-31,sector,Macro Hedge,,-0.41583334827431373,25.87944694189615,-0.0338485739722045,,stocks,mcap,
2026-04-01,sector,Macro Hedge,,0.1282338726507647,51.56355682952171,-0.01728491331897633,,stocks,mcap,
2026-04-02,sector,Macro Hedge,,0.14474087290110424,52.06748849622724,-0.004867285058081275,,stocks,mcap,
2026-04-03,sector,Macro Hedge,,-0.06036513749116429,46.10706506648619,-0.009830993254911897,,stocks,mcap,
2026-04-04,sector,Macro Hedge,,0.0024156384522500225,47.93152217191766,-0.008310464931385653,,stocks,mcap,
2026-04-05,sector,Macro Hedge,,-0.09619443503543734,45.51150936597254,-0.013086097126337869,,stocks,mcap,
2026-04-06,sector,Macro Hedge,,-0.02560815168045969,47.41206924941883,-0.010730152143801124,,stocks,mcap,
2026-04-07,sector,Macro Hedge,,-0.039896828426200986,47.07965339191573,-0.009419840760045484,,stocks,mcap,
2026-04-08,sector,Macro Hedge,,-0.06843715571919456,47.44394921376971,-0.009721638267581472,,stocks,mcap,
2026-04-09,sector,Macro Hedge,,0.048883674597491836,48.376171174322984,-0.0016873777719111846,,stocks,mcap,
2026-04-10,sector,Macro Hedge,,0.018208270661108607,47.42788613971536,0.0017096651241403395,,stocks,mcap,
2026-04-11,sector,Macro Hedge,,-0.29221879321166444,41.67375991703298,-0.015834882794275147,,stocks,mcap,
2026-04-12,sector,Macro Hedge,,0.0611963741613062,45.755912238999834,-0.0031845486937271544,,stocks,mcap,
2026-04-13,sector,Macro Hedge,,-0.13104674122408033,48.90394054525009,-0.007087177550758453,,stocks,mcap,-0.6070804894776084
2026-04-14,sector,Macro Hedge,,0.1597597333993349,62.323357569198656,0.009682948801725044,,stocks,mcap,0.6207565411112179
2026-04-15,sector,Macro Hedge,,-0.19685699705928564,42.43243988649165,-0.0028078659616644595,,stocks,mcap,-0.7539125983167887
2026-04-16,sector,Macro Hedge,,0.02174937046587467,47.3831854688813,0.003731711393921335,,stocks,mcap,0.058940605316699146
2026-04-17,sector,Macro Hedge,,0.24968803524801297,56.53333321967971,0.022443414482478524,,stocks,mcap,0.9683717968642076
2026-04-18,sector,Macro Hedge,,0.36018029708834365,57.39009896144417,0.040257163630698894,,stocks,mcap,1.4362391770702765
2026-04-19,sector,Macro Hedge,,0.07862997566820207,53.35747828683468,0.03146327047937371,,stocks,mcap,0.5902156809160389
2026-04-20,sector,Macro Hedge,,-0.016834149951234993,50.16690857610308,0.018257088147526142,,stocks,mcap,0.23139324084957366
2026-04-21,sector,Macro Hedge,,0.011904897235333929,50.98004052445191,0.01086240306789391,,stocks,mcap,0.2283442483983941
2026-04-22,sector,Macro Hedge,,0.003566734926076612,51.37274011309838,0.005106954984819477,,stocks,mcap,0.1582127982007472
2026-04-23,sector,Macro Hedge,,0.18965324583540982,52.615174290670225,0.013076747642713285,,stocks,mcap,0.8378137118153259
2026-04-24,sector,Macro Hedge,,-0.005939191740967331,49.57729714446346,0.004843802220589111,,stocks,mcap,0.11740743276342869
2026-04-25,sector,Macro Hedge,,-0.05905573473845919,54.485619978416324,-0.004031682190271003,,stocks,mcap,-0.007508452661759257
2026-04-26,sector,Macro Hedge,,-0.05535559159416395,47.40913979921244,-0.009209532837694738,,stocks,mcap,-0.22190970510880045
2026-04-27,sector,Macro Hedge,,0.0037540570132833474,53.18503708072551,-0.008241251210151627,,stocks,mcap,-0.0053753232046881705
2026-04-28,sector,Macro Hedge,,-0.0254417525910255,45.00682623407731,-0.00908811643283446,,stocks,mcap,-0.26204707991624876
2026-04-29,sector,Macro Hedge,,0.004863992374911907,56.599799289929784,-0.007210322599769595,,stocks,mcap,0.23244135162926147
2026-04-30,sector,Macro Hedge,,0.18005690997545093,55.33085795512481,0.00553959234677388,,stocks,mcap,0.7274795416520112
2026-05-01,sector,Macro Hedge,,-0.12248819491255517,38.06690516260337,-0.00606517979406708,,stocks,mcap,-0.6022096121045872
2026-05-02,sector,Macro Hedge,,-0.015280910900831222,37.93616606041505,-0.0061633926660872255,,stocks,mcap,-0.39761718450283945
2026-05-03,sector,Macro Hedge,,-0.007570443286870916,46.63884607255515,-0.005379975387655197,,stocks,mcap,-0.20716715748039494
2026-05-04,sector,Macro Hedge,,,50.39026777233163,-0.004303980310124158,,stocks,mcap,
2026-05-05,sector,Macro Hedge,,-0.0022226482253717736,49.15916900516814,-0.0034318884358971423,,stocks,mcap,0.05705896976495425
2026-05-06,sector,Macro Hedge,,-0.006358036734532849,49.338218511669304,-0.0028392942598882438,,stocks,mcap,-0.14889329932668027
2026-05-07,sector,Macro Hedge,,0.02723968694924631,41.62373624409373,-0.00010871804535614923,,stocks,mcap,-0.005766404277216947
2026-05-08,sector,Macro Hedge,,-0.00011229876772988505,50.02875155274458,-7.065769980674035e-05,,stocks,mcap,0.11838861922034738
2026-05-09,sector,Macro Hedge,,-0.0623622091761247,49.48627284654015,-0.003949152307141183,,stocks,mcap,-0.29529337339278217
2026-05-10,sector,Macro Hedge,,-0.07588070103008958,48.48185173448599,-0.0069602243828361665,,stocks,mcap,-0.40912887844114654
2026-05-11,sector,Macro Hedge,,0.3270961246502719,63.29421216720517,0.017325854468615995,,stocks,mcap,1.369181296654194
2026-05-12,sector,Macro Hedge,,0.12359617550441869,55.24304873074708,0.01870472224720078,,stocks,mcap,0.817568104224797
2026-05-13,sector,Macro Hedge,,0.41132315701221833,62.321317149586704,0.03695983465737327,,stocks,mcap,1.8375304632005578
2026-05-14,sector,Macro Hedge,,-0.09468764759293374,42.84942734093988,0.014096956964828076,,stocks,mcap,-0.08400608575952033
2026-05-15,sector,Macro Hedge,,0.41850749416058963,62.346777545292944,0.03167184212073707,,stocks,mcap,1.7985744998874198
2026-05-16,sector,Macro Hedge,,-0.01086032493395587,49.98139136889696,0.013446676402280991,,stocks,mcap,0.29608264698347475
2026-05-17,sector,Macro Hedge,,0.34175734236235944,56.06399558492144,0.023611964845912457,,stocks,mcap,1.4312357411765504
2026-05-18,sector,Macro Hedge,,0.06525262109542888,51.08385182540799,0.010836021188697788,,stocks,mcap,0.46122218306236895
2026-05-19,sector,Macro Hedge,,0.13952614170252928,52.223840478775756,0.006711844204229385,,stocks,mcap,0.5838009505111431
2026-05-20,sector,Macro Hedge,,0.01827062292632766,50.372693152017995,-0.0042668810224924456,,stocks,mcap,0.17617022206585672
2026-05-21,sector,Macro Hedge,,0.389804884387806,54.97744199941934,0.012492036238016355,,stocks,mcap,1.3528941907271461
2026-05-22,sector,Macro Hedge,,-0.1684913245682547,47.982531713589985,-0.013610239939497379,,stocks,mcap,-0.34851940395440884
2026-05-23,sector,Macro Hedge,,,48.70913586596121,-0.010888191951597903,,stocks,mcap,
2026-03-24,sector,Manufacturing,,0.07257784051561776,,0.0,,stocks,mcap,
2026-03-25,sector,Manufacturing,,0.1247002669571153,100.0,0.0033263314880044082,,stocks,mcap,
2026-03-26,sector,Manufacturing,,0.14605923542847413,100.0,0.006592337916920992,,stocks,mcap,
2026-03-27,sector,Manufacturing,,0.15906377292607612,100.0,0.009101138774791776,,stocks,mcap,
2026-03-28,sector,Manufacturing,,0.16668168528189803,100.0,0.010639317195025517,,stocks,mcap,
2026-03-29,sector,Manufacturing,,0.3280746570774651,100.0,0.021277810311788645,,stocks,mcap,
2026-03-30,sector,Manufacturing,,0.15349058744989574,59.40668947778376,0.015572750675732227,,stocks,mcap,
2026-03-31,sector,Manufacturing,,0.3099874438524983,70.23684041332655,0.021016255239728263,,stocks,mcap,
2026-04-01,sector,Manufacturing,,0.1999067103709097,59.13854307586423,0.016101847047132675,,stocks,mcap,
2026-04-02,sector,Manufacturing,,0.24654456201089908,61.7023799936163,0.014917635815731498,,stocks,mcap,
2026-04-03,sector,Manufacturing,,0.38102413946359825,67.56976337198186,0.02170537150077667,,stocks,mcap,
2026-04-04,sector,Manufacturing,,0.3777102012730927,67.31562127620111,0.024290813560194975,,stocks,mcap,
2026-04-05,sector,Manufacturing,,0.2610559516579563,59.44521307968493,0.016818328672914953,,stocks,mcap,
2026-04-06,sector,Manufacturing,,0.24517145463256929,58.513651638289275,0.009826007856074806,,stocks,mcap,
2026-04-07,sector,Manufacturing,,0.1226654553411758,52.204299354045524,-0.003325537059103781,,stocks,mcap,
2026-04-08,sector,Manufacturing,,0.09451904321582213,48.64312408228128,-0.013618750615389454,,stocks,mcap,
2026-04-09,sector,Manufacturing,,0.03414803931101896,45.13924369221066,-0.02360628846505196,,stocks,mcap,
2026-04-10,sector,Manufacturing,,0.3579683734025702,56.802546163361775,-0.00830667430963962,,stocks,mcap,
2026-04-11,sector,Manufacturing,,0.39842738542416856,57.751586691737614,0.003975880773800233,,stocks,mcap,
2026-04-12,sector,Manufacturing,,0.4268178667547522,53.62540005149715,0.012944282576707301,,stocks,mcap,
2026-04-13,sector,Manufacturing,,0.36541017699201644,58.48595767356876,0.013605086734479181,,stocks,mcap,0.5554941372261418
2026-04-14,sector,Manufacturing,,0.28285380498351564,48.84509021138016,0.007643540948873734,,stocks,mcap,-0.025450363997429795
2026-04-15,sector,Manufacturing,,0.3025960676324757,54.73497917963389,0.004354787295690367,,stocks,mcap,0.06815972605785112
2026-04-16,sector,Manufacturing,,0.21947104708722998,48.792284896892944,-0.0036609852664255954,,stocks,mcap,-0.33012747300611944
2026-04-17,sector,Manufacturing,,0.2507433172774908,43.59893476521441,-0.006910449692170445,,stocks,mcap,-0.3660156434506785
2026-04-18,sector,Manufacturing,,0.31542413793688345,47.11375740533989,-0.004854336266924844,,stocks,mcap,0.06954720448249604
2026-04-19,sector,Manufacturing,,0.43355316065228044,57.98235141861152,0.0038414291106324203,,stocks,mcap,0.6291872774866095
2026-04-20,sector,Manufacturing,,0.25544512944355235,50.413356120365535,-0.0026709588013470106,,stocks,mcap,-0.23778317227151685
2026-04-21,sector,Manufacturing,,0.2254191239073385,54.46663907394628,-0.008917795841566503,,stocks,mcap,-0.3784744435017039
2026-04-22,sector,Manufacturing,,0.3335546395148607,59.71512614588309,-0.005833250250389513,,stocks,mcap,0.2089468505538689
2026-04-23,sector,Manufacturing,,0.10190320217487465,52.41722997354487,-0.01873278615720199,,stocks,mcap,-0.9531575372035969
2026-04-24,sector,Manufacturing,,0.2830197593350295,47.023014602280426,-0.014590034779522712,,stocks,mcap,-0.31159157547403915
2026-04-25,sector,Manufacturing,,0.16519044426266527,41.27218837405599,-0.019027451301974332,,stocks,mcap,-1.010440443316522
2026-04-26,sector,Manufacturing,,0.0570100014282421,36.94145081861986,-0.027950998237087556,,stocks,mcap,-1.490675924273835
2026-04-27,sector,Manufacturing,,0.08582594057469953,39.89480630779163,-0.030412082699887606,,stocks,mcap,-1.4007272531124118
2026-04-28,sector,Manufacturing,,0.33631380742518857,51.723070487719006,-0.014477706921221464,,stocks,mcap,-0.19915597655898185
2026-04-29,sector,Manufacturing,,0.18508156564783443,46.50834423782006,-0.013452560569710866,,stocks,mcap,-0.8700559415877492
2026-04-30,sector,Manufacturing,,0.1372442616432051,47.50450236150846,-0.015196885763149594,,stocks,mcap,-1.0064628145723418
2026-05-01,sector,Manufacturing,,0.39363580146682914,53.81530498833141,0.0008641891973541804,,stocks,mcap,0.1477249500952826
2026-05-02,sector,Manufacturing,,0.14338786319065822,45.820688440331814,-0.00509112161478937,,stocks,mcap,-0.8912468812858697
2026-05-03,sector,Manufacturing,,0.5021884995928544,51.49281200073535,0.014345971615939661,,stocks,mcap,0.5490785810955252
2026-05-04,sector,Manufacturing,,0.11414041682148594,47.183819629103546,0.000984769368623008,,stocks,mcap,-0.8270244255053247
2026-05-05,sector,Manufacturing,,0.24128617564431803,50.304442351079004,0.0006428701195848739,,stocks,mcap,-0.4525893376120622
2026-05-06,sector,Manufacturing,,0.25660204070558024,48.46897118151417,0.0013409528917682437,,stocks,mcap,-0.22260645179554753
2026-05-07,sector,Manufacturing,,0.26476492715387145,53.556534870187434,0.002194738907303746,,stocks,mcap,-0.10716513964775001
2026-05-08,sector,Manufacturing,,0.3064337305461623,50.54446926960613,0.005234626915065342,,stocks,mcap,0.0059170365013289095
2026-05-09,sector,Manufacturing,,0.20367003818778529,50.90111966615388,0.0002560901154192883,,stocks,mcap,-0.508978987184636
2026-05-10,sector,Manufacturing,,0.19586829626551686,53.41222071254895,-0.003427590737901119,,stocks,mcap,-0.5337287488905837
2026-05-11,sector,Manufacturing,,0.1734358781492711,52.15964968465839,-0.0070324597344182255,,stocks,mcap,-0.6610460224365305
2026-05-12,sector,Manufacturing,,0.13988254493374352,44.57792261999176,-0.011092640219265025,,stocks,mcap,-0.9244157280501518
2026-05-13,sector,Manufacturing,,0.1773924739437209,49.773541184944925,-0.010664986004637868,,stocks,mcap,-0.7491240396534891
2026-05-14,sector,Manufacturing,,0.19158296632129088,51.632741082204554,-0.008910746591797275,,stocks,mcap,-0.6719705900824244
2026-05-15,sector,Manufacturing,,0.07093030761815411,39.442298280598095,-0.015002054895548423,,stocks,mcap,-1.2636499654174882
2026-05-16,sector,Manufacturing,,0.06139278009363198,46.81593223550592,-0.018566183263526787,,stocks,mcap,-1.214273142587171
2026-05-17,sector,Manufacturing,,0.22827217091833185,37.49996880711989,-0.009058655034712539,,stocks,mcap,-0.6169198388626659
2026-05-18,sector,Manufacturing,,0.1404453673706102,51.653481564592894,-0.00809057380883356,,stocks,mcap,-0.8236818557698081
2026-05-19,sector,Manufacturing,,0.11160303700903192,40.69888872178057,-0.00874290961083278,,stocks,mcap,-1.079240139841095
2026-05-20,sector,Manufacturing,,0.2245620207936755,47.98434913195809,-0.001307339437938558,,stocks,mcap,-0.3759690592749799
2026-05-21,sector,Manufacturing,,0.34010325056951674,54.17544443093268,0.010975561233669367,,stocks,mcap,0.18028821852799876
2026-05-22,sector,Manufacturing,,0.24707367643223507,46.887320269304766,0.012317267833250298,,stocks,mcap,-0.1505311408080214
2026-05-23,sector,Manufacturing,,,52.550885163241944,0.009853814266600239,,stocks,mcap,
2026-03-24,sector,Media,,0.052237485530820506,,0.0,,stocks,mcap,
2026-03-25,sector,Media,,0.1424967473240786,100.0,0.005760135225552648,,stocks,mcap,
2026-03-26,sector,Media,,-0.022770543187808225,35.3228503961781,-0.0014915803134082951,,stocks,mcap,
2026-03-27,sector,Media,,0.04259174653212154,48.49702798361165,-0.0017970842877900158,,stocks,mcap,
2026-03-28,sector,Media,,0.0876873487963081,54.843083335731784,0.0009779008710409064,,stocks,mcap,
2026-03-29,sector,Media,,0.1701662818233055,63.148096618079144,0.007921695633217766,,stocks,mcap,
2026-03-30,sector,Media,,0.08173127810709872,52.746682949533316,0.0061890309924251055,,stocks,mcap,
2026-03-31,sector,Media,,0.12305377890535656,56.12363679692113,0.007375673579744585,,stocks,mcap,
2026-04-01,sector,Media,,0.19286613594199334,60.85041954460278,0.012131221031605043,,stocks,mcap,
2026-04-02,sector,Media,,0.04291633516605519,49.41595560922373,0.004822038242034803,,stocks,mcap,
2026-04-03,sector,Media,,0.21321778042343859,58.31265487586172,0.010760771665473439,,stocks,mcap,
2026-04-04,sector,Media,,0.2811423448680495,61.04530304391078,0.01813374475937418,,stocks,mcap,
2026-04-05,sector,Media,,0.19306870992584654,56.263159006325736,0.016022396943023494,,stocks,mcap,
2026-04-06,sector,Media,,-0.11698580579577973,44.10099343008311,-0.006125678643834193,,stocks,mcap,
2026-04-07,sector,Media,,-0.012152368431073908,47.9082938435027,-0.013180206728311411,,stocks,mcap,
2026-04-08,sector,Media,,0.24888090645502065,53.11074861697741,-0.0004062325531309363,,stocks,mcap,
2026-04-09,sector,Media,,0.16083521506142928,55.62268530776266,0.0018497516325307606,,stocks,mcap,
2026-04-10,sector,Media,,0.06756175420299357,50.75182142258511,-0.002942838951120498,,stocks,mcap,
2026-04-11,sector,Media,,0.14253726917879694,51.62228517468293,-0.0011581402261159508,,stocks,mcap,
2026-04-12,sector,Media,,0.2540533724603093,52.43921453145895,0.006990093774082225,,stocks,mcap,
2026-04-13,sector,Media,,0.08488347821026844,50.087547194168266,0.0007710680455421948,,stocks,mcap,-0.18975201399994057
2026-04-14,sector,Media,,0.16038890482202425,51.01760028209216,0.0014857838154367815,,stocks,mcap,0.27551688689671505
2026-04-15,sector,Media,,0.1648517875934626,49.20824042659968,0.0019718122645738037,,stocks,mcap,0.269748801718093
2026-04-16,sector,Media,,0.057179458483160764,50.412982828321404,-0.004871675895957047,,stocks,mcap,-0.4240742570787902
2026-04-17,sector,Media,,0.1564458136321742,48.285670858656594,-0.002732969195655254,,stocks,mcap,0.0794271475312106
2026-04-18,sector,Media,,0.3092768022831366,50.80813003558559,0.00834808745307333,,stocks,mcap,0.8849346694468085
2026-04-19,sector,Media,,0.38657223450506434,55.592796556280874,0.01961361878084597,,stocks,mcap,1.4269685239799088
2026-04-20,sector,Media,,0.17002402384865734,58.769394494406484,0.011607099275169341,,stocks,mcap,0.5470735219926236
2026-04-21,sector,Media,,0.04381018018146586,51.68784627250063,-0.002320580012034657,,stocks,mcap,-0.2703412530609298
2026-04-22,sector,Media,,0.22289535143825998,49.17551262485157,0.00025934339379679247,,stocks,mcap,0.4204454291751417
2026-04-23,sector,Media,,0.1583816737857366,49.92097226761946,-0.0024958320279593812,,stocks,mcap,-0.018136743592201993
2026-04-24,sector,Media,,0.13216418089447424,52.174765603229304,-0.006000851637847599,,stocks,mcap,-0.1465624804905116
2026-04-25,sector,Media,,0.2774326135999142,54.335892001137246,0.0011653881656810208,,stocks,mcap,0.6747300035394652
2026-04-26,sector,Media,,0.10398965591098157,45.36122543623655,-0.005697572021672755,,stocks,mcap,-0.4287450694260375
2026-04-27,sector,Media,,0.11879746885315698,51.15895262689859,-0.008967284946327547,,stocks,mcap,-0.35901157678697715
2026-04-28,sector,Media,,0.28892350740030753,54.12564495007576,0.00011906821766704406,,stocks,mcap,0.6099381623257906
2026-04-29,sector,Media,,0.01376675872760781,45.86848419757747,-0.011943536017236994,,stocks,mcap,-0.9315350994332358
2026-04-30,sector,Media,,0.12926277497973573,51.96276551724329,-0.011671786823951692,,stocks,mcap,-0.48558794774421155
2026-05-01,sector,Media,,0.23163404388739633,52.04385368243151,-0.004494337750357829,,stocks,mcap,0.15365966353816612
2026-05-02,sector,Media,,0.18987337936666143,46.54564709378695,-0.002552703286114441,,stocks,mcap,-0.08353229503157986
2026-05-03,sector,Media,,0.05380078233829831,40.68952485728737,-0.010007508747059569,,stocks,mcap,-1.0466716088063328
2026-05-04,sector,Media,,0.13776001964188023,49.024957358932625,-0.00889630072375073,,stocks,mcap,-0.5811889391356225
2026-05-05,sector,Media,,0.027180420522988538,49.492641749759166,-0.014869070353938814,,stocks,mcap,-1.068915530997733
2026-05-06,sector,Media,,0.06578366649219927,44.75726696955606,-0.015414447210101906,,stocks,mcap,-1.117518978663934
2026-05-07,sector,Media,,0.1203511407868067,48.722461131681825,-0.011475517465991836,,stocks,mcap,-0.5829365114990425
2026-05-08,sector,Media,,0.12994213600377266,49.92451283371212,-0.007776535222160687,,stocks,mcap,-0.45950028814235944
2026-05-09,sector,Media,,0.1250381124418038,44.2770739860419,-0.005329168123110966,,stocks,mcap,-0.5876725311093418
2026-05-10,sector,Media,,0.07999547838429047,49.0027675593562,-0.006343990274990389,,stocks,mcap,-0.817441226590315
2026-05-11,sector,Media,,0.08648992075079183,48.647908577878894,-0.00617221186701771,,stocks,mcap,-0.8060337699722919
2026-05-12,sector,Media,,0.11105889929731724,41.52353957235086,-0.004098157731446953,,stocks,mcap,-0.6881273240794757
2026-05-13,sector,Media,,0.09545007187077864,55.17231786620765,-0.0034952325520995944,,stocks,mcap,-0.5370771712039347
2026-05-14,sector,Media,,0.16791083125161757,52.58832345496943,0.0017823727892358164,,stocks,mcap,-0.07514336974792621
2026-05-15,sector,Media,,-0.049048035979125396,33.70348971592324,-0.008760830521776421,,stocks,mcap,-1.6653678181373845
2026-05-16,sector,Media,,0.16887117162832707,48.98768040367719,-0.0008946475701130455,,stocks,mcap,-0.20908680730162624
2026-05-17,sector,Media,,0.1482253129610149,55.1211685372084,0.0028751976179588537,,stocks,mcap,-0.025193822464143423
2026-05-18,sector,Media,,0.0774923478399375,46.68377137687987,0.000676920862699255,,stocks,mcap,-0.7167578906759904
2026-05-19,sector,Media,,0.06290633143180474,52.19801902725418,-0.001565197547136854,,stocks,mcap,-0.6351084021822919
2026-05-20,sector,Media,,0.10463848679593674,52.38135519587575,-0.0001195979499342241,,stocks,mcap,-0.26363695291830036
2026-05-21,sector,Media,,0.08987671273167744,48.03646048150363,-4.3426876594905225e-05,,stocks,mcap,-0.42985234026781927
2026-05-22,sector,Media,,0.22221606657276738,55.1334257890047,0.008558169221193759,,stocks,mcap,0.3803924256404627
2026-05-23,sector,Media,,,55.435909497150895,0.006846535376955008,,stocks,mcap,
2026-03-24,sector,MegaCap,,0.20170414532031225,,0.0,,stocks,mcap,
2026-03-25,sector,MegaCap,,0.21500475329275387,100.0,0.000848813728155795,,stocks,mcap,
2026-03-26,sector,MegaCap,,0.132660929543984,13.906306653805856,-0.003920587569162599,,stocks,mcap,
2026-03-27,sector,MegaCap,,0.13497792047859705,15.942601162424097,-0.006549566082351502,,stocks,mcap,
2026-03-28,sector,MegaCap,,0.15452927689756987,29.927770922379693,-0.006584368934951563,,stocks,mcap,
2026-03-29,sector,MegaCap,,0.23129037621313012,57.61456741841787,-0.0013253690700333514,,stocks,mcap,
2026-03-30,sector,MegaCap,,0.1449546471033643,39.88817618852858,-0.0034294394647497763,,stocks,mcap,
2026-03-31,sector,MegaCap,,0.11370130021180658,35.89078249448323,-0.006515195468005122,,stocks,mcap,
2026-04-01,sector,MegaCap,,0.16855947345441655,45.480943233389475,-0.0045442070725109415,,stocks,mcap,
2026-04-02,sector,MegaCap,,0.13444818335983624,41.610463751715706,-0.005174537856068721,,stocks,mcap,
2026-04-03,sector,MegaCap,,0.17819886335271096,47.35648047709714,-0.0024215192741853,,stocks,mcap,
2026-04-04,sector,MegaCap,,0.17534807857835774,47.05475291735598,-0.0006606781192994432,,stocks,mcap,
2026-04-05,sector,MegaCap,,0.23410085238543543,53.20007517599588,0.0043188802536209825,,stocks,mcap,
2026-04-06,sector,MegaCap,,0.15997370118073104,46.404493258674144,0.0025649015594162005,,stocks,mcap,
2026-04-07,sector,MegaCap,,0.17631070529452444,47.87200155173095,0.0024497838654753733,,stocks,mcap,
2026-04-08,sector,MegaCap,,0.1789141481857699,46.92035322929843,0.0024858798101360198,,stocks,mcap,
2026-04-09,sector,MegaCap,,0.19770298420412954,56.22532749302035,0.0036421094793260694,,stocks,mcap,
2026-04-10,sector,MegaCap,,0.152589337693578,51.557993915263864,0.001353397545246316,,stocks,mcap,
2026-04-11,sector,MegaCap,,0.24424208001152298,57.038542885428114,0.005750467772391136,,stocks,mcap,
2026-04-12,sector,MegaCap,,0.21699422963375015,48.78389340950197,0.006506490514316468,,stocks,mcap,
2026-04-13,sector,MegaCap,,0.16065051219123389,51.406965397037624,0.003069083399086792,,stocks,mcap,0.15915293686608853
2026-04-14,sector,MegaCap,,0.24250416796537122,60.58552060065687,0.005995948693201503,,stocks,mcap,1.2510080306855642
2026-04-15,sector,MegaCap,,0.18333896252996063,51.206097477240306,0.00374522526536643,,stocks,mcap,0.36376887568022553
2026-04-16,sector,MegaCap,,0.17384852760172326,53.349925454388234,0.0015288678528920477,,stocks,mcap,0.22674625073490787
2026-04-17,sector,MegaCap,,0.19170121573958923,51.200892416881224,0.0011917251474469392,,stocks,mcap,0.32164274145523486
2026-04-18,sector,MegaCap,,0.2618194391640621,56.86883164339745,0.005382859569149049,,stocks,mcap,1.2997922484083926
2026-04-19,sector,MegaCap,,0.2835686477466549,54.17489344672083,0.009093458020764642,,stocks,mcap,1.4667829604955553
2026-04-20,sector,MegaCap,,0.20675096728713094,53.929975405907875,0.00599731571486233,,stocks,mcap,0.6125312802188612
2026-04-21,sector,MegaCap,,0.200440526498485,52.06199800393686,0.003283083288818804,,stocks,mcap,0.44423241561522486
2026-04-22,sector,MegaCap,,0.23527423992489988,54.56476741723504,0.003568750116320702,,stocks,mcap,0.9326370318028149
2026-04-23,sector,MegaCap,,0.17049350639859684,47.949023847839385,-0.0006455746393112171,,stocks,mcap,0.011998421852462055
2026-04-24,sector,MegaCap,,0.3030822117623017,60.02210121613611,0.005137642821757155,,stocks,mcap,1.4685687828055753
2026-04-25,sector,MegaCap,,0.27747686869876953,52.4267557345666,0.006776675916338033,,stocks,mcap,1.1836535627754243
2026-04-26,sector,MegaCap,,0.247967839548984,52.25420402173243,0.005467724171509571,,stocks,mcap,0.9456860685962791
2026-04-27,sector,MegaCap,,0.2193491874350895,54.45163316302432,0.002424009787654162,,stocks,mcap,0.5124026736955039
2026-04-28,sector,MegaCap,,0.15409907146906476,43.122261703824876,-0.0038907229268019105,,stocks,mcap,-0.30043231474434684
2026-04-29,sector,MegaCap,,0.1823725453109735,49.92101833288371,-0.005947313079283612,,stocks,mcap,-0.0871786079728347
2026-04-30,sector,MegaCap,,0.22951091723677536,54.28537223155546,-0.004009703260304783,,stocks,mcap,0.520307344732439
2026-05-01,sector,MegaCap,,0.2324496480059805,53.21090229811675,-0.0024817579035692604,,stocks,mcap,0.5359825518462937
2026-05-02,sector,MegaCap,,0.23159017262640472,47.32613883248253,-0.001527415930501307,,stocks,mcap,0.42767720072403104
2026-05-03,sector,MegaCap,,0.2649295629146497,48.38444681217958,0.0012033473730289936,,stocks,mcap,0.7322131725184924
2026-05-04,sector,MegaCap,,0.19931037675840801,49.342315171501596,-0.0014136618087346314,,stocks,mcap,0.03481318876428241
2026-05-05,sector,MegaCap,,0.1652327111907679,47.033545502354535,-0.0052292350565625095,,stocks,mcap,-0.37554037808817453
2026-05-06,sector,MegaCap,,0.24495081712536634,50.75797585824222,-0.0023219276123069227,,stocks,mcap,0.4901460935709796
2026-05-07,sector,MegaCap,,0.18776061049332085,51.368826694663284,-0.00408513117693718,,stocks,mcap,-0.15897615175853128
2026-05-08,sector,MegaCap,,0.1926337001978297,39.02125923026638,-0.004713245093377428,,stocks,mcap,-0.42516913104466103
2026-05-09,sector,MegaCap,,0.24822889944893753,47.25629162855894,-0.0013492710651373191,,stocks,mcap,0.40472255347160435
2026-05-10,sector,MegaCap,,0.2541095101987663,50.602866602668556,0.0011709276358479008,,stocks,mcap,0.586240446866875
2026-05-11,sector,MegaCap,,0.19747292884875078,47.96458342158288,-0.0009622186011708864,,stocks,mcap,-0.12416286805114445
2026-05-12,sector,MegaCap,,0.1640575284569443,50.98490247118152,-0.00441605363378766,,stocks,mcap,-0.4209773854986858
2026-05-13,sector,MegaCap,,0.20188955360506028,51.89443567899559,-0.003959705747401984,,stocks,mcap,-0.15637601827377198
2026-05-14,sector,MegaCap,,0.1677778459664234,43.85235774200886,-0.005658709452908874,,stocks,mcap,-0.6540996564803455
2026-05-15,sector,MegaCap,,0.1563284544814292,42.545878733790204,-0.007160427781296429,,stocks,mcap,-0.8481943137137538
2026-05-16,sector,MegaCap,,0.2628691209694254,52.53772535106828,-0.000913598984246357,,stocks,mcap,0.4859236995935603
2026-05-17,sector,MegaCap,,0.20826024072274088,45.55568690646082,-0.0004197053722074051,,stocks,mcap,-0.03253407151664933
2026-05-18,sector,MegaCap,,0.2138355899073274,51.25758358566942,0.00028424271388933077,,stocks,mcap,0.15703966313390427
2026-05-19,sector,MegaCap,,0.12450216445754962,46.78152020047858,-0.004974557366601814,,stocks,mcap,-0.949086689880204
2026-05-20,sector,MegaCap,,0.22054783034011619,48.12021025800592,-0.001853218938347904,,stocks,mcap,0.027933606456832696
2026-05-21,sector,MegaCap,,0.24431870435172726,54.593223475439935,0.001748817729465257,,stocks,mcap,0.4615069969236434
2026-05-22,sector,MegaCap,,0.08253975760466908,42.87486768790352,-0.006382019965007842,,stocks,mcap,-1.3732314620869392
2026-05-23,sector,MegaCap,,,38.44533657383244,-0.005105615972006273,,stocks,mcap,
2026-03-24,sector,Meme Stocks,,0.12962156225737903,,0.0,,stocks,mcap,
2026-03-25,sector,Meme Stocks,,0.16301010373953728,100.0,0.0021307787156705114,,stocks,mcap,
2026-03-26,sector,Meme Stocks,,0.055569180498574525,23.708491364219896,-0.003506874601967467,,stocks,mcap,
2026-03-27,sector,Meme Stocks,,-0.01101589996993174,16.097492801824032,-0.0111027782002286,,stocks,mcap,
2026-03-28,sector,Meme Stocks,,0.03607505943690492,31.621909717028828,-0.012248040544248202,,stocks,mcap,
2026-03-29,sector,Meme Stocks,,0.24304876913632545,62.28952500618254,0.0009411299950723004,,stocks,mcap,
2026-03-30,sector,Meme Stocks,,0.07952152785603518,45.99203864582504,-0.0012232029115623487,,stocks,mcap,
2026-03-31,sector,Meme Stocks,,0.12113926035604386,49.36378681924302,0.0001973044734836036,,stocks,mcap,
2026-04-01,sector,Meme Stocks,,0.05396401018208108,44.84480716859715,-0.003153108731757807,,stocks,mcap,
2026-04-02,sector,Meme Stocks,,-0.055879813474731,39.00593508490982,-0.0120340304438858,,stocks,mcap,
2026-04-03,sector,Meme Stocks,,0.11868120192275684,49.46276201257159,-0.005738334756698878,,stocks,mcap,
2026-04-04,sector,Meme Stocks,,0.04722230646522238,46.21904925064379,-0.0059475972123669354,,stocks,mcap,
2026-04-05,sector,Meme Stocks,,0.049454542010561854,46.3289972813904,-0.005506719924472429,,stocks,mcap,
2026-04-06,sector,Meme Stocks,,-0.05040835487629419,42.446878014244746,-0.011184381066934316,,stocks,mcap,
2026-04-07,sector,Meme Stocks,,0.09642750765549596,48.76011507437597,-0.00463016122314517,,stocks,mcap,
2026-04-08,sector,Meme Stocks,,0.045555943599179076,45.66934091288011,-0.0033594913928761717,,stocks,mcap,
2026-04-09,sector,Meme Stocks,,0.04043268317634583,49.396355641156966,-0.0025398521419434834,,stocks,mcap,
2026-04-10,sector,Meme Stocks,,0.09849209029140812,54.39708533052214,0.0019920821086794084,,stocks,mcap,
2026-04-11,sector,Meme Stocks,,0.24998932557786838,57.92486313145382,0.014571683011931229,,stocks,mcap,
2026-04-12,sector,Meme Stocks,,0.3018745996375275,52.462255538141704,0.025145747530763214,,stocks,mcap,
2026-04-13,sector,Meme Stocks,,0.14447428585963143,52.7327248562302,0.020495041231063254,,stocks,mcap,0.8804630332515431
2026-04-14,sector,Meme Stocks,,0.152639701014134,51.363687968103186,0.01706484692833858,,stocks,mcap,0.828437735904364
2026-04-15,sector,Meme Stocks,,0.17611422855355624,55.49596536184481,0.015517559903061872,,stocks,mcap,0.9425720648961923
2026-04-16,sector,Meme Stocks,,0.0839304845146927,56.39213647451687,0.007815145672735554,,stocks,mcap,0.3240605889748266
2026-04-17,sector,Meme Stocks,,0.07407577196711487,47.59903254817166,0.0018948243928186368,,stocks,mcap,0.048075056008242106
2026-04-18,sector,Meme Stocks,,0.07433554187958537,51.58056656333472,-0.001956998573048801,,stocks,mcap,0.03780259061872479
2026-04-19,sector,Meme Stocks,,0.1661655898814479,56.160168436464474,0.0015378536739717036,,stocks,mcap,0.6872877379838322
2026-04-20,sector,Meme Stocks,,0.14222695079797193,61.05346437491261,0.0020626614532982196,,stocks,mcap,0.6856523875660808
2026-04-21,sector,Meme Stocks,,0.08564137700290464,49.30958113458803,-0.0013897607181860118,,stocks,mcap,0.01013842119930719
2026-04-22,sector,Meme Stocks,,0.06865506835423475,51.545620818919076,-0.00462375175966797,,stocks,mcap,-0.08847349361215173
2026-04-23,sector,Meme Stocks,,0.08821518958363447,53.1366478059305,-0.0052084570050238204,,stocks,mcap,-0.021267440999371473
2026-04-24,sector,Meme Stocks,,0.055917306369587215,47.10737518935053,-0.007399575590171419,,stocks,mcap,-0.32116000307870385
2026-04-25,sector,Meme Stocks,,0.1511940531207772,42.732425591665105,-0.0023243209020825904,,stocks,mcap,0.24127717831470344
2026-04-26,sector,Meme Stocks,,0.0876081641944116,34.5048791798764,-0.003093642135943639,,stocks,mcap,-0.3779550742249186
2026-04-27,sector,Meme Stocks,,0.2919778320925019,59.9884703241501,0.00962144744059601,,stocks,mcap,1.2938426145161688
2026-04-28,sector,Meme Stocks,,0.15153173961678504,49.93637157592037,0.008094492970850952,,stocks,mcap,0.5852915693908952
2026-04-29,sector,Meme Stocks,,0.0366826098423101,42.753217621434615,-0.0006639639427920884,,stocks,mcap,-0.33393169425919866
2026-04-30,sector,Meme Stocks,,0.22478657817456676,56.65706409571428,0.0058394185689167166,,stocks,mcap,0.9498825410387812
2026-05-01,sector,Meme Stocks,,0.16729747762848116,54.215967870205915,0.005881223182141092,,stocks,mcap,0.7046755943509196
2026-05-02,sector,Meme Stocks,,0.17441812789570804,54.498337092568924,0.005980683342723253,,stocks,mcap,0.7484497931889795
2026-05-03,sector,Meme Stocks,,0.2571557938347159,54.12337043218579,0.010923137115378666,,stocks,mcap,1.1346691706973717
2026-05-04,sector,Meme Stocks,,0.18084691150389715,51.670821575630555,0.008467118678070675,,stocks,mcap,0.5803775015933085
2026-05-05,sector,Meme Stocks,,0.20589120962782886,55.34835245376712,0.007951454657567431,,stocks,mcap,0.9423071261091689
2026-05-06,sector,Meme Stocks,,0.13828048272690943,52.96328590458816,0.0027478489430231047,,stocks,mcap,0.36071480150174406
2026-05-07,sector,Meme Stocks,,0.07308514292282743,49.38013766600639,-0.004973404736554474,,stocks,mcap,-0.1022720131649339
2026-05-08,sector,Meme Stocks,,0.05014257382301744,49.76158762925475,-0.011160101997437359,,stocks,mcap,-0.3254681063219885
2026-05-09,sector,Meme Stocks,,0.24589976303627464,53.61041909856431,-0.002078308347996204,,stocks,mcap,0.804167332236252
2026-05-10,sector,Meme Stocks,,0.05717807457603329,48.94097049442358,-0.00843440990108041,,stocks,mcap,-0.3237313560133564
2026-05-11,sector,Meme Stocks,,0.16008360307528285,45.061002617789626,-0.005503296320732588,,stocks,mcap,0.19335012303123875
2026-05-12,sector,Meme Stocks,,0.1304048898370184,49.13730314846252,-0.00535346347653031,,stocks,mcap,-0.04760869659581084
2026-05-13,sector,Meme Stocks,,0.13516887562098312,54.41888039481502,-0.004744483787331449,,stocks,mcap,0.07529398422019598
2026-05-14,sector,Meme Stocks,,0.13708313118327775,45.27556907061799,-0.004050692959436124,,stocks,mcap,-0.12762860515329863
2026-05-15,sector,Meme Stocks,,0.10291886849027258,46.442643081733564,-0.005633328214934598,,stocks,mcap,-0.28277474912278
2026-05-16,sector,Meme Stocks,,0.2888196152454998,55.27854589652106,0.005497055402976908,,stocks,mcap,1.020452910018952
2026-05-17,sector,Meme Stocks,,0.13161576517761553,44.57997047362833,0.0021035771417446322,,stocks,mcap,-0.059860749447400594
2026-05-18,sector,Meme Stocks,,0.06909659126275064,45.117183441441995,-0.004177524279860074,,stocks,mcap,-0.41203411994894945
2026-05-19,sector,Meme Stocks,,0.1290292405451215,46.740956877615154,-0.004115155530759479,,stocks,mcap,-0.16644138594077376
2026-05-20,sector,Meme Stocks,,0.061787169227255266,46.75557403102831,-0.008186706338493593,,stocks,mcap,-0.5302582016364306
2026-05-21,sector,Meme Stocks,,0.08764543046299716,50.63888654465579,-0.008675775531896376,,stocks,mcap,-0.38642521058241996
2026-05-22,sector,Meme Stocks,,-0.009342065301788787,47.549147319462286,-0.014713732212691791,,stocks,mcap,-0.9906441565776523
2026-05-23,sector,Meme Stocks,,,37.46101083709334,-0.011770985770153432,,stocks,mcap,
2026-03-24,sector,Momentum,,0.20714145842746964,,0.0,,stocks,mcap,
2026-03-25,sector,Momentum,,0.1967336562356001,0.0,-0.0006642016213614932,,stocks,mcap,
2026-03-26,sector,Momentum,,0.16457881718004685,0.0,-0.0030962246424833806,,stocks,mcap,
2026-03-27,sector,Momentum,,0.12724401819060158,0.0,-0.006832309222476574,,stocks,mcap,
2026-03-28,sector,Momentum,,0.1920834545744674,44.79814536399733,-0.0046538093777964695,,stocks,mcap,
2026-03-29,sector,Momentum,,0.17245754343988598,39.44897581099161,-0.004262137341164717,,stocks,mcap,
2026-03-30,sector,Momentum,,0.1230366361742504,30.32945818319378,-0.006902679226776084,,stocks,mcap,
2026-03-31,sector,Momentum,,0.08985013070824434,26.253951390094997,-0.010253558287615708,,stocks,mcap,
2026-04-01,sector,Momentum,,0.11304334688086977,32.58496418388735,-0.010252612255849461,,stocks,mcap,
2026-04-02,sector,Momentum,,0.028336533098226358,24.806998447513706,-0.01501341684460896,,stocks,mcap,
2026-04-03,sector,Momentum,,0.17611896373075997,46.91412210666725,-0.007638086173273988,,stocks,mcap,
2026-04-04,sector,Momentum,,0.21318274274126015,50.55967206713549,-9.108500201510453e-05,,stocks,mcap,
2026-04-05,sector,Momentum,,0.19021467170020936,48.49589011314898,0.003337004816762197,,stocks,mcap,
2026-04-06,sector,Momentum,,0.2054031384037466,49.8495932419049,0.006431190052673126,,stocks,mcap,
2026-04-07,sector,Momentum,,0.11394018663004178,43.03778060647133,0.00233298570880139,,stocks,mcap,
2026-04-08,sector,Momentum,,0.22131873485187384,51.60412791627771,0.00662584821310073,,stocks,mcap,
2026-04-09,sector,Momentum,,0.16287291540991097,49.89238538890576,0.005355404513066826,,stocks,mcap,
2026-04-10,sector,Momentum,,0.13176978315160573,50.287764541107464,0.0023973273897588254,,stocks,mcap,
2026-04-11,sector,Momentum,,0.2016107914581852,50.60195396871793,0.004973096855311696,,stocks,mcap,
2026-04-12,sector,Momentum,,0.11835346096433451,46.83601479621453,0.0011006350524011919,,stocks,mcap,
2026-04-13,sector,Momentum,,0.18687398946544317,53.651610536802096,0.003073147470450073,,stocks,mcap,0.6788278723197751
2026-04-14,sector,Momentum,,0.21055741968611766,56.9805640481399,0.0057373709445129265,,stocks,mcap,0.9527813784791986
2026-04-15,sector,Momentum,,0.19802060893612725,54.97560422937325,0.00637091472029034,,stocks,mcap,0.8781399508149165
2026-04-16,sector,Momentum,,0.1993071566212015,61.09451263940472,0.006566110228466943,,stocks,mcap,0.9759121574535533
2026-04-17,sector,Momentum,,0.17932310778937607,50.24926419742503,0.005103919792529702,,stocks,mcap,0.4706414806092989
2026-04-18,sector,Momentum,,0.2051792462595441,49.366323527623194,0.0055933431914837305,,stocks,mcap,0.8405078040180571
2026-04-19,sector,Momentum,,0.33289857378867244,59.689723034426024,0.013768266344007105,,stocks,mcap,1.8171404878516388
2026-04-20,sector,Momentum,,0.20067521421063997,49.7229620395374,0.009711453187422905,,stocks,mcap,0.6680820384702112
2026-04-21,sector,Momentum,,0.2072044216567428,56.06900406515469,0.007033419839579868,,stocks,mcap,0.7248559175938015
2026-04-22,sector,Momentum,,0.26299901512999807,52.90746154144031,0.008487937154585649,,stocks,mcap,1.1908360057962422
2026-04-23,sector,Momentum,,0.2225318637744872,54.26865520338294,0.006293863567433576,,stocks,mcap,0.7379135494529278
2026-04-24,sector,Momentum,,0.2634962310625669,59.29400081040453,0.0071103651435047086,,stocks,mcap,1.2207968907949434
2026-04-25,sector,Momentum,,0.28838912281916357,56.53731160772208,0.008729184562565565,,stocks,mcap,1.3045478451687758
2026-04-26,sector,Momentum,,0.2284355447410582,58.59463025746949,0.005331421007836179,,stocks,mcap,0.7529029087977095
2026-04-27,sector,Momentum,,0.2238793195545145,53.2097735426734,0.00249065506888424,,stocks,mcap,0.5849621141353374
2026-04-28,sector,Momentum,,0.13894112425309033,44.38481879366365,-0.004987544163175019,,stocks,mcap,-0.14262612480634848
2026-04-29,sector,Momentum,,0.11304964808785414,43.474384982112966,-0.011200785887064952,,stocks,mcap,-0.44061511404732023
2026-04-30,sector,Momentum,,0.2535479768853152,53.43179524092602,-0.005651330860553503,,stocks,mcap,0.6986513380497072
2026-05-01,sector,Momentum,,0.1497681450293362,48.30933775856134,-0.00859653800312499,,stocks,mcap,-0.2060573087850613
2026-05-02,sector,Momentum,,0.16930999918594783,47.93320478037537,-0.008821947050797377,,stocks,mcap,-0.15546291040231697
2026-05-03,sector,Momentum,,0.16020832991651668,38.47398885245727,-0.009138678775813725,,stocks,mcap,-0.39967465416724746
2026-05-04,sector,Momentum,,0.28642738966615533,55.76967398955287,-0.0008393644957804106,,stocks,mcap,0.8730417958104181
2026-05-05,sector,Momentum,,0.18488970440548194,48.66879044184788,-0.0021077335726589087,,stocks,mcap,-0.0027174351569291683
2026-05-06,sector,Momentum,,0.25405054494898194,49.474548618467075,0.0015919338671736318,,stocks,mcap,0.639977849445782
2026-05-07,sector,Momentum,,0.16968755625622653,47.04911955539488,-0.001589632793285431,,stocks,mcap,-0.10989852766583955
2026-05-08,sector,Momentum,,0.15520769669433376,43.76874615883415,-0.004454039558433209,,stocks,mcap,-0.3178120913447997
2026-05-09,sector,Momentum,,0.22464649953369817,46.510925728013504,-0.0016038550675066437,,stocks,mcap,0.3427343036289642
2026-05-10,sector,Momentum,,0.21628952837253845,49.29536334337288,-0.00028237590949868044,,stocks,mcap,0.3684620879975531
2026-05-11,sector,Momentum,,0.2219813074142872,49.89003397528926,0.0009088682500002208,,stocks,mcap,0.43440479396798737
2026-05-12,sector,Momentum,,0.1148851057309504,48.641144506379064,-0.005243900282947301,,stocks,mcap,-0.5111297376720252
2026-05-13,sector,Momentum,,0.1122082180076074,49.95118990964563,-0.009001466817039417,,stocks,mcap,-0.6151184558235925
2026-05-14,sector,Momentum,,0.17002526289219178,44.64090574729783,-0.007179691676354701,,stocks,mcap,-0.19755647281742286
2026-05-15,sector,Momentum,,0.09854368747322606,46.57115262268193,-0.010191565639932457,,stocks,mcap,-0.8423793026205373
2026-05-16,sector,Momentum,,0.11105782984268843,46.06369955910228,-0.010691550689080478,,stocks,mcap,-0.8316948829571791
2026-05-17,sector,Momentum,,0.10207360603236444,46.0710121304159,-0.010938529686368367,,stocks,mcap,-0.9149992405827748
2026-05-18,sector,Momentum,,0.11268421906438016,36.082946646296286,-0.009738554512782082,,stocks,mcap,-1.0456771279570263
2026-05-19,sector,Momentum,,0.19582083372746847,50.90219339133852,-0.0030439250527440048,,stocks,mcap,-0.01081502154962613
2026-05-20,sector,Momentum,,0.13265078781801162,39.88027972073388,-0.002586307831532483,,stocks,mcap,-0.7437394088049167
2026-05-21,sector,Momentum,,0.2144775488834728,53.74948754399461,0.0031973340993407175,,stocks,mcap,0.2805780942565771
2026-05-22,sector,Momentum,,0.1702023377922609,51.19559831521897,0.003961216431947684,,stocks,mcap,0.03302522569034262
2026-05-23,sector,Momentum,,,45.11832454692259,0.003168973145558149,,stocks,mcap,
2026-03-24,sector,Network,,0.53065208293017,,0.0,,stocks,mcap,
2026-03-25,sector,Network,,0.32689289609486655,0.0,-0.013003435285215924,,stocks,mcap,
2026-03-26,sector,Network,,0.48068299552397803,43.012279799484936,-0.010627912715584217,,stocks,mcap,
2026-03-27,sector,Network,,0.06799873204492242,19.966684063597583,-0.03486453341143742,,stocks,mcap,
2026-03-28,sector,Network,,0.20638932986804284,32.156386998378636,-0.039262832676250976,,stocks,mcap,
2026-03-29,sector,Network,,0.21111575658291576,32.5074656246516,-0.03943693748346475,,stocks,mcap,
2026-03-30,sector,Network,,0.5485285991286362,50.71462420302529,-0.01563311757921848,,stocks,mcap,
2026-03-31,sector,Network,,0.3864351821498511,44.896266297844704,-0.009889926076688746,,stocks,mcap,
2026-04-01,sector,Network,,0.26203910624459387,41.26321456317701,-0.013339556771070162,,stocks,mcap,
2026-04-02,sector,Network,,0.24947684110651414,40.92874923453386,-0.015202858895486206,,stocks,mcap,
2026-04-03,sector,Network,,0.6037375200338475,51.919183969449435,0.007470230087400394,,stocks,mcap,
2026-04-04,sector,Network,,0.4400809351411249,47.80989198371986,0.011264396884196747,,stocks,mcap,
2026-04-05,sector,Network,,0.4078082180991556,47.07515325624513,0.011385662177712794,,stocks,mcap,
2026-04-06,sector,Network,,0.3951451916546458,46.79299162026362,0.010423961452763114,,stocks,mcap,
2026-04-07,sector,Network,,0.49391239114997904,49.169324772384726,0.015921350930568172,,stocks,mcap,
2026-04-08,sector,Network,,0.12697785757287094,45.790572405581436,-0.004577293846192904,,stocks,mcap,
2026-04-09,sector,Network,,0.11040546080406756,41.72524606849847,-0.017925450795401796,,stocks,mcap,
2026-04-10,sector,Network,,0.39338730083086954,57.719078133049806,-0.006934380750921711,,stocks,mcap,
2026-04-11,sector,Network,,0.9062,64.09707683920873,0.033418948550487194,,stocks,mcap,
2026-04-12,sector,Network,,0.92078,64.23904187613275,0.05818836946770672,,stocks,mcap,
2026-04-13,sector,Network,,0.7071999999999999,53.35013641057466,0.0571983833052319,,stocks,mcap,1.2708457724214368
2026-04-14,sector,Network,,0.8888999999999999,60.52176564850653,0.0652102760066107,,stocks,mcap,1.5649834556956759
2026-04-15,sector,Network,,0.8885,63.83683203466334,0.06667455133914954,,stocks,mcap,1.530353956652224
2026-04-16,sector,Network,,0.25793999999999995,50.146841039968294,0.023590843400079088,,stocks,mcap,0.14446210603904286
2026-04-17,sector,Network,,0.786725,52.993644534226426,0.028776762901478195,,stocks,mcap,1.013679619026208
2026-04-18,sector,Network,,0.5103714285714286,51.10904566866603,0.012497644533237262,,stocks,mcap,0.3740239302073559
2026-04-19,sector,Network,,0.7753375,55.402210648949975,0.01813530488587447,,stocks,mcap,0.9674808862879185
2026-04-20,sector,Network,,0.7026166666666667,54.441029243213265,0.015622718678766134,,stocks,mcap,0.8402586919785656
2026-04-21,sector,Network,,0.6391125,52.11881191482053,0.008686008544185282,,stocks,mcap,0.4804645945321895
2026-04-22,sector,Network,,0.5170444444444444,56.1300677444952,-0.0044172306944246995,,stocks,mcap,0.3315026073866272
2026-04-23,sector,Network,,0.09746205564767121,49.81945789544722,-0.03967523939441257,,stocks,mcap,-0.47677695200888026
2026-04-24,sector,Network,,0.3201,48.96024280860871,-0.045895716092599806,,stocks,mcap,-0.3087851612950894
2026-04-25,sector,Network,,0.451628751607053,42.76843696173855,-0.039299712827759424,,stocks,mcap,-0.28353288650597774
2026-04-26,sector,Network,,0.28275658406862725,40.32494224036432,-0.04409767448258718,,stocks,mcap,-0.6015972843609761
2026-04-27,sector,Network,,0.2777497431403647,43.04800996555513,-0.04522762568791189,,stocks,mcap,-0.6033400857098469
2026-04-28,sector,Network,,0.5187333333333333,44.120548490664575,-0.028197687552112473,,stocks,mcap,-0.034414256699016404
2026-04-29,sector,Network,,0.37442858698111825,42.19181242961154,-0.025202153391304077,,stocks,mcap,-0.46320844837353936
2026-04-30,sector,Network,,0.7598066666666666,58.2362548039952,0.0027004187264902738,,stocks,mcap,0.6771402953699097
2026-05-01,sector,Network,,0.5423888888888889,45.53369138231338,0.006276362586192826,,stocks,mcap,0.16832273088835847
2026-05-02,sector,Network,,0.7150000000000001,53.88793757100922,0.01929381766311311,,stocks,mcap,0.6414395502808521
2026-05-03,sector,Network,,,48.72523703829113,0.01543505413049049,,stocks,mcap,
2026-05-04,sector,Network,,0.5897,50.269919285392,0.016200902453858905,,stocks,mcap,0.42580800982995815
2026-05-05,sector,Network,,-0.04565250423699618,40.238747557177305,-0.025506104875713035,,stocks,mcap,-1.009186552002544
2026-05-06,sector,Network,,0.5489202012089391,52.35416494126041,-0.012334379379244757,,stocks,mcap,0.23395853973210962
2026-05-07,sector,Network,,0.46383225178104415,58.18426156946927,-0.008802453578151282,,stocks,mcap,0.2599483450153419
2026-05-08,sector,Network,,0.8031333333333333,59.74762786040826,0.015605862220366893,,stocks,mcap,0.8525896154824116
2026-05-09,sector,Network,,0.7556888888888889,57.07037300366152,0.02710280570161319,,stocks,mcap,0.8204035516399838
2026-05-10,sector,Network,,0.81314,61.2086009574578,0.03653687889804014,,stocks,mcap,1.0594469726055145
2026-05-11,sector,Network,,0.88078125,62.189459529780585,0.044750471178564406,,stocks,mcap,1.2329142181988175
2026-05-12,sector,Network,,0.6686666666666666,54.65129010851692,0.03381316048738002,,stocks,mcap,0.5828036818422179
2026-05-13,sector,Network,,0.34977798952149847,51.606144424257366,0.004554646471884714,,stocks,mcap,-0.024036928835195745
2026-05-14,sector,Network,,0.8486,53.29708611877398,0.017520541607755173,,stocks,mcap,0.8965439571127389
2026-05-15,sector,Network,,0.6067666666666667,52.89927813126401,0.008965358134306982,,stocks,mcap,0.35407386324674617
2026-05-16,sector,Network,,0.3887980180132865,46.97115488381978,-0.011127789065110257,,stocks,mcap,-0.16869086102465874
2026-05-17,sector,Network,,0.79115,52.70851295662992,0.002213383525632995,,stocks,mcap,0.7210075587314713
2026-05-18,sector,Network,,0.5123800000000001,49.032919819865356,-0.007661484696037807,,stocks,mcap,0.02902948276712697
2026-05-19,sector,Network,,0.28240343567878007,54.56619504731634,-0.028438715471813602,,stocks,mcap,-0.2762747085503686
2026-05-20,sector,Network,,0.5927125,50.66192289995499,-0.020415574913289235,,stocks,mcap,0.23128225864812776
2026-05-21,sector,Network,,0.9201250000000001,56.42614207029518,0.006376526689122412,,stocks,mcap,0.9140484635698474
2026-05-22,sector,Network,,,51.821741567452555,0.005101221351297928,,stocks,mcap,
2026-05-23,sector,Network,,,52.59892597251229,0.004080977081038339,,stocks,mcap,
2026-03-24,sector,Oil,,-0.27374760078507415,,0.0,,stocks,mcap,
2026-03-25,sector,Oil,,0.4599213905054415,100.0,0.04682104103962266,,stocks,mcap,
2026-03-26,sector,Oil,,-0.4078954893378966,45.81176796590014,0.018224365632971525,,stocks,mcap,
2026-03-27,sector,Oil,,-0.3990072784185541,46.110851539731186,-0.0002358546458168624,,stocks,mcap,
2026-03-28,sector,Oil,,-0.01622037571171118,56.46027157471094,0.01248685259965733,,stocks,mcap,
2026-03-29,sector,Oil,,-0.055113791905488915,55.37962489530205,0.017148356473528713,,stocks,mcap,
2026-03-30,sector,Oil,,-0.4898987053558388,45.61886533693879,-0.008791064543648003,,stocks,mcap,
2026-03-31,sector,Oil,,-0.06814120639611365,53.55893202951926,0.002131807203580017,,stocks,mcap,
2026-04-01,sector,Oil,,-0.10976005964269571,52.79821623730636,0.006010199842078394,,stocks,mcap,
2026-04-02,sector,Oil,,0.18573762407033526,57.122226542685944,0.026770229060499254,,stocks,mcap,
2026-04-03,sector,Oil,,-0.05450857615617828,53.16274644050743,0.022772128154902448,,stocks,mcap,
2026-04-04,sector,Oil,,-0.11549509701621569,52.243477793035694,0.014853729655756473,,stocks,mcap,
2026-04-05,sector,Oil,,0.11769935591527493,55.205217121092794,0.023633347940112168,,stocks,mcap,
2026-04-06,sector,Oil,,-0.03350861126465088,53.07105068803231,0.017833187954070136,,stocks,mcap,
2026-04-07,sector,Oil,,-0.0652485755869046,52.643854272266836,0.01078228277687223,,stocks,mcap,
2026-04-08,sector,Oil,,-0.08206367233902655,41.600346277593935,0.004244950022909637,,stocks,mcap,
2026-04-09,sector,Oil,,-0.05976209390325764,57.31151718093777,0.0008588720267108871,,stocks,mcap,
2026-04-10,sector,Oil,,-0.018377854678229076,57.88635447489829,0.0008412965544327827,,stocks,mcap,
2026-04-11,sector,Oil,,-0.16031151128083226,46.68353771662567,-0.00876488279200497,,stocks,mcap,
2026-04-12,sector,Oil,,-0.010545660943413776,50.97598672904181,-0.005241883479327546,,stocks,mcap,
2026-04-13,sector,Oil,,0.023872846273332835,63.64332317841707,-0.0010237014357883517,,stocks,mcap,0.5034757455670815
2026-04-14,sector,Oil,,-0.06917394938178752,49.9667748257738,-0.004723121021858047,,stocks,mcap,-0.18292559136962883
2026-04-15,sector,Oil,,-0.012711842990319789,53.092676173119784,-0.0036391364354753583,,stocks,mcap,0.1697544559974914
2026-04-16,sector,Oil,,-0.02080695658884942,41.94191264952813,-0.0037254276812222348,,stocks,mcap,-0.2914160744248149
2026-04-17,sector,Oil,,0.26281510734494384,61.974714380478225,0.014084498152011647,,stocks,mcap,1.0329578119406972
2026-04-18,sector,Oil,,0.302591850913683,66.0338414110769,0.02658406030246903,,stocks,mcap,1.342106548679122
2026-04-19,sector,Oil,,0.04851873318186651,47.38870649945313,0.0162865395607507,,stocks,mcap,0.25385296178783967
2026-04-20,sector,Oil,,0.06760841225260296,54.23962033603241,0.009635553183982654,,stocks,mcap,0.3631816357489067
2026-04-21,sector,Oil,,0.014975033346570004,53.30568747668236,0.0010196402214447259,,stocks,mcap,0.1520822327686794
2026-04-22,sector,Oil,,-0.03264499805929283,51.98592534287356,-0.008058574104432288,,stocks,mcap,-0.0902186833300995
2026-04-23,sector,Oil,,-0.062184909755305245,49.90320052027704,-0.015778456850691833,,stocks,mcap,-0.32981779324699556
2026-04-24,sector,Oil,,0.11106889717770525,54.678806953252625,-0.009264491013425205,,stocks,mcap,0.305647277248128
2026-04-25,sector,Oil,,-0.0627477764078549,53.44696102629988,-0.01629860909021895,,stocks,mcap,-0.33987300652622693
2026-04-26,sector,Oil,,-0.06124038976116783,47.99934819468625,-0.020229743839393792,,stocks,mcap,-0.578818485406418
2026-04-27,sector,Oil,,-0.03826387668643147,47.525445494637296,-0.020593695003039293,,stocks,mcap,-0.6078690435357965
2026-04-28,sector,Oil,,-0.01894884137726078,52.12497426029439,-0.01888945544223667,,stocks,mcap,-0.4812797650402627
2026-04-29,sector,Oil,,-0.03040555406173225,49.22175923602081,-0.0178989812354055,,stocks,mcap,-0.5986551973111249
2026-04-30,sector,Oil,,0.04595307448196828,52.77003454772589,-0.011762838295753905,,stocks,mcap,-0.12523071965685867
2026-05-01,sector,Oil,,-0.025631913050257804,35.47601897254587,-0.012137762701781093,,stocks,mcap,-0.9041991616390382
2026-05-02,sector,Oil,,-0.024539866494737564,32.86044335479143,-0.011908300877755542,,stocks,mcap,-0.9527161187533209
2026-05-03,sector,Oil,,-0.039981846176801866,43.81708710658255,-0.012340071743103658,,stocks,mcap,-0.7291562501428069
2026-05-04,sector,Oil,,,42.27743988746971,-0.009872057394482927,,stocks,mcap,
2026-05-05,sector,Oil,,-0.09099253306165336,45.732921097994904,-0.014579489015432243,,stocks,mcap,-0.8173785802561876
2026-05-06,sector,Oil,,-0.028554558737217798,54.18204769802002,-0.011823469663401842,,stocks,mcap,-0.47601211021875844
2026-05-07,sector,Oil,,0.01611674806743679,59.594141587401545,-0.006728997083243975,,stocks,mcap,-0.010591689537395726
2026-05-08,sector,Oil,,-0.002660598337113855,43.96280415176562,-0.00446969606863159,,stocks,mcap,-0.411677993312377
2026-05-09,sector,Oil,,-0.11501056473900874,49.863298713502246,-0.010067260621467872,,stocks,mcap,-0.7355140224402332
2026-05-10,sector,Oil,,-0.05255113781365965,55.752304541716505,-0.009117050296922606,,stocks,mcap,-0.4636355219016324
2026-05-11,sector,Oil,,-0.05140335895472765,53.80926608695852,-0.008004619668667654,,stocks,mcap,-0.5038891027549022
2026-05-12,sector,Oil,,-0.05501749477285978,51.55196019784795,-0.007134478071110879,,stocks,mcap,-0.5624320893278358
2026-05-13,sector,Oil,,-0.06137644133155958,52.10371929425825,-0.006620719294865988,,stocks,mcap,-0.5556415801630933
2026-05-14,sector,Oil,,,42.95901799378849,-0.00529657543589279,,stocks,mcap,
2026-05-15,sector,Oil,,-0.022056583331856464,52.32467129160643,-0.0020280602820636137,,stocks,mcap,-0.21810773614367626
2026-05-16,sector,Oil,,0.005048710769389334,55.824433067555894,0.0015695069800839459,,stocks,mcap,-0.02740789044396036
2026-05-17,sector,Oil,,-0.032463136218051455,52.55151469590212,0.0013765877793783603,,stocks,mcap,-0.1831333601325771
2026-05-18,sector,Oil,,-0.2783387754455947,31.788319057686422,-0.014482449725989636,,stocks,mcap,-1.5643337019610453
2026-05-19,sector,Oil,,-0.1139418080157824,46.042417173585825,-0.0131137020120454,,stocks,mcap,-0.8548248935535375
2026-05-20,sector,Oil,,0.4490205720193676,67.0231784602858,0.02444673799329861,,stocks,mcap,1.3147410947559772
2026-05-21,sector,Oil,,-0.023623345134244897,47.69531882146298,0.016576755664131776,,stocks,mcap,-0.29901453766576686
2026-05-22,sector,Oil,,-0.042519861509852305,47.692005247067016,0.009563739529153827,,stocks,mcap,-0.3729824019604334
2026-05-23,sector,Oil,,,51.03466647112548,0.007650991623323061,,stocks,mcap,
2026-03-24,sector,Oil & Gas,,-0.02317559092199432,,0.0,,stocks,mcap,
2026-03-25,sector,Oil & Gas,,0.020168019399909313,100.0,0.0027660879521670704,,stocks,mcap,
2026-03-26,sector,Oil & Gas,,0.006086185317325196,75.47805815241783,0.0034498411639769374,,stocks,mcap,
2026-03-27,sector,Oil & Gas,,0.053466937351395155,86.56392984279364,0.006707119601159977,,stocks,mcap,
2026-03-28,sector,Oil & Gas,,-0.0535341456779845,42.83344868215784,0.0015391069421485182,,stocks,mcap,
2026-03-29,sector,Oil & Gas,,0.03410949162758066,59.565020399136735,0.003779464202544656,,stocks,mcap,
2026-03-30,sector,Oil & Gas,,-0.019420176227255552,50.53195768524959,0.001527836282665452,,stocks,mcap,
2026-03-31,sector,Oil & Gas,,-0.0028715315199345556,52.7472873307698,0.001047505076265996,,stocks,mcap,
2026-04-01,sector,Oil & Gas,,-0.016012587005440036,50.93592371823459,-0.00019454669200534482,,stocks,mcap,
2026-04-02,sector,Oil & Gas,,0.04853474560115742,58.01738725495701,0.003109415099669436,,stocks,mcap,
2026-04-03,sector,Oil & Gas,,-0.10528954116105589,43.16903283559516,-0.004853522595036883,,stocks,mcap,
2026-04-04,sector,Oil & Gas,,0.0845138464342434,56.80850214794456,0.0024796733007498607,,stocks,mcap,
2026-04-05,sector,Oil & Gas,,0.11868240818826147,58.597310124047475,0.009077868478418943,,stocks,mcap,
2026-04-06,sector,Oil & Gas,,-0.019836329770232895,50.1732822107538,0.0038283008139284452,,stocks,mcap,
2026-04-07,sector,Oil & Gas,,0.0654705939795568,54.2259174836975,0.005703281301477655,,stocks,mcap,
2026-04-08,sector,Oil & Gas,,-0.056992392670553026,46.57964431830191,-0.0013268882551927923,,stocks,mcap,
2026-04-09,sector,Oil & Gas,,0.12050720781337033,54.430195550974254,0.005575835557142202,,stocks,mcap,
2026-04-10,sector,Oil & Gas,,0.05694171989269858,50.1328726344174,0.005452655592627021,,stocks,mcap,
2026-04-11,sector,Oil & Gas,,-0.07640257398806145,49.142801208225784,-0.003533315532970897,,stocks,mcap,
2026-04-12,sector,Oil & Gas,,0.02938918222819033,49.82543915200541,-0.0023340958099299456,,stocks,mcap,
2026-04-13,sector,Oil & Gas,,0.25261251230960635,58.938174293231164,0.012685667716598818,,stocks,mcap,1.6646130433842996
2026-04-14,sector,Oil & Gas,,0.050908890477414065,51.57538165836199,0.008433760960623538,,stocks,mcap,0.412365743061759
2026-04-15,sector,Oil & Gas,,0.013677042554545039,50.85758995114781,0.002802618731598115,,stocks,mcap,0.06496146797949667
2026-04-16,sector,Oil & Gas,,0.15283185203387453,52.88815705784657,0.007852388877977266,,stocks,mcap,0.9951394600073422
2026-04-17,sector,Oil & Gas,,0.054939725502216964,54.578849101964465,0.004186351828194407,,stocks,mcap,0.33808304383545296
2026-04-18,sector,Oil & Gas,,0.27744332231005353,55.4121682608836,0.01568696041915935,,stocks,mcap,1.5670927705234803
2026-04-19,sector,Oil & Gas,,0.15428322274197315,50.95120205117939,0.013995644439568432,,stocks,mcap,0.9861538068212842
2026-04-20,sector,Oil & Gas,,0.1770281150567991,55.60680351424083,0.0134039641042158,,stocks,mcap,1.100538496529503
2026-04-21,sector,Oil & Gas,,0.10435719590855386,51.115540205132824,0.007412766423697162,,stocks,mcap,0.44295560607250584
2026-04-22,sector,Oil & Gas,,0.17477751557076318,56.853420948290726,0.00746617773919063,,stocks,mcap,0.9699170396087412
2026-04-23,sector,Oil & Gas,,0.18819327768312696,52.21656589931922,0.007650518341321397,,stocks,mcap,0.8976109846614709
2026-04-24,sector,Oil & Gas,,0.18882593866787278,54.50458079100806,0.007074034715672403,,stocks,mcap,0.9166409573250032
2026-04-25,sector,Oil & Gas,,-0.11382018462777939,48.85446372163454,-0.013319765226367089,,stocks,mcap,-0.7252744590470165
2026-04-26,sector,Oil & Gas,,0.28510854012890197,56.63747936803683,-0.0002623721829906542,,stocks,mcap,1.0164547808525788
2026-04-27,sector,Oil & Gas,,0.11954152348766353,46.43942458289572,-0.0029471110050661997,,stocks,mcap,0.053792952038226816
2026-04-28,sector,Oil & Gas,,0.12839935643463637,52.312007096842166,-0.0042198711846723885,,stocks,mcap,0.16412465513245614
2026-04-29,sector,Oil & Gas,,0.11502454700450847,53.06747468908462,-0.005950127670977447,,stocks,mcap,0.08271964955790462
2026-04-30,sector,Oil & Gas,,0.053334980184947395,46.840375021345345,-0.010946204474981257,,stocks,mcap,-0.37344471501270704
2026-05-01,sector,Oil & Gas,,0.10790579386437726,51.72957979492685,-0.010282917090787533,,stocks,mcap,-0.13094785432151096
2026-05-02,sector,Oil & Gas,,0.16441358227299013,45.86028460811273,-0.005960170444084947,,stocks,mcap,0.15408858316181445
2026-05-03,sector,Oil & Gas,,0.1768060527690767,50.89773901089857,-0.0023721032430595416,,stocks,mcap,0.3568902389406483
2026-05-04,sector,Oil & Gas,,0.13264701318089958,48.26070213035533,-0.003036190052976895,,stocks,mcap,-0.06648413061786371
2026-05-05,sector,Oil & Gas,,0.09437000733863501,49.59775788215558,-0.005948334347663786,,stocks,mcap,-0.2329337051608095
2026-05-06,sector,Oil & Gas,,0.09934055743192238,46.7926195142655,-0.007343342662842301,,stocks,mcap,-0.34188543777010455
2026-05-07,sector,Oil & Gas,,0.069831897515639,45.035522949229915,-0.009897956566604832,,stocks,mcap,-0.5640389190675809
2026-05-08,sector,Oil & Gas,,0.19673397943837712,50.29992133619256,-0.0030411441205436818,,stocks,mcap,0.2753684411366327
2026-05-09,sector,Oil & Gas,,0.37857057455893145,70.55837566655434,0.012867846271047964,,stocks,mcap,1.598004684389443
2026-05-10,sector,Oil & Gas,,0.03981317405739243,39.216569180291096,0.0003641698417270779,,stocks,mcap,-0.5637653284756543
2026-05-11,sector,Oil & Gas,,0.13359098339860895,50.65923853439688,-0.0016899957320294576,,stocks,mcap,-0.06692201604095631
2026-05-12,sector,Oil & Gas,,0.034196763348450544,45.92591210467417,-0.00941086337701081,,stocks,mcap,-0.6634739443404591
2026-05-13,sector,Oil & Gas,,0.1473865420191594,51.28836390574031,-0.006690706033253564,,stocks,mcap,0.02399308698030403
2026-05-14,sector,Oil & Gas,,0.07810290050652116,50.980109786291855,-0.009198689558108904,,stocks,mcap,-0.47859770270674995
2026-05-15,sector,Oil & Gas,,0.13086437370942172,50.90981386015012,-0.007042498077160489,,stocks,mcap,-0.10818268285595548
2026-05-16,sector,Oil & Gas,,0.47496426589943147,60.02222149414487,0.016532665374729118,,stocks,mcap,1.5545872075802767
2026-05-17,sector,Oil & Gas,,0.2387620196947317,51.74708855444373,0.015225768409954935,,stocks,mcap,0.742239448031123
2026-05-18,sector,Oil & Gas,,0.44479796278737604,58.0659272750328,0.026579693205916844,,stocks,mcap,1.6828257511649043
2026-05-19,sector,Oil & Gas,,0.44985547412129656,59.34613565773137,0.032387429811440265,,stocks,mcap,1.8300939545692476
2026-05-20,sector,Oil & Gas,,0.24912810726570256,53.57056204011085,0.021207944278124946,,stocks,mcap,0.8558246845069789
2026-05-21,sector,Oil & Gas,,0.3648973950570671,56.7557958521968,0.02011698402098592,,stocks,mcap,1.399776954683086
2026-05-22,sector,Oil & Gas,,,54.08780140867768,0.016093587216788732,,stocks,mcap,
2026-05-23,sector,Oil & Gas,,,49.63539288053548,0.012874869773430983,,stocks,mcap,
2026-03-24,sector,Payments,,0.53065208293017,,0.0,,stocks,mcap,
2026-03-25,sector,Payments,,0.32689289609486655,0.0,-0.013003435285215924,,stocks,mcap,
2026-03-26,sector,Payments,,0.48068299552397803,43.012279799484936,-0.010627912715584217,,stocks,mcap,
2026-03-27,sector,Payments,,0.06799873204492242,19.966684063597583,-0.03486453341143742,,stocks,mcap,
2026-03-28,sector,Payments,,0.20638932986804284,32.156386998378636,-0.039262832676250976,,stocks,mcap,
2026-03-29,sector,Payments,,0.21111575658291576,32.5074656246516,-0.03943693748346475,,stocks,mcap,
2026-03-30,sector,Payments,,0.5485285991286362,50.71462420302529,-0.01563311757921848,,stocks,mcap,
2026-03-31,sector,Payments,,0.3864351821498511,44.896266297844704,-0.009889926076688746,,stocks,mcap,
2026-04-01,sector,Payments,,0.26203910624459387,41.26321456317701,-0.013339556771070162,,stocks,mcap,
2026-04-02,sector,Payments,,0.24947684110651414,40.92874923453386,-0.015202858895486206,,stocks,mcap,
2026-04-03,sector,Payments,,0.6037375200338475,51.919183969449435,0.007470230087400394,,stocks,mcap,
2026-04-04,sector,Payments,,0.4400809351411249,47.80989198371986,0.011264396884196747,,stocks,mcap,
2026-04-05,sector,Payments,,0.4078082180991556,47.07515325624513,0.011385662177712794,,stocks,mcap,
2026-04-06,sector,Payments,,0.3951451916546458,46.79299162026362,0.010423961452763114,,stocks,mcap,
2026-04-07,sector,Payments,,0.49391239114997904,49.169324772384726,0.015921350930568172,,stocks,mcap,
2026-04-08,sector,Payments,,0.12697785757287094,45.790572405581436,-0.004577293846192904,,stocks,mcap,
2026-04-09,sector,Payments,,0.11040546080406756,41.72524606849847,-0.017925450795401796,,stocks,mcap,
2026-04-10,sector,Payments,,0.39338730083086954,57.719078133049806,-0.006934380750921711,,stocks,mcap,
2026-04-11,sector,Payments,,0.9062,64.09707683920873,0.033418948550487194,,stocks,mcap,
2026-04-12,sector,Payments,,0.92078,64.23904187613275,0.05818836946770672,,stocks,mcap,
2026-04-13,sector,Payments,,0.7071999999999999,53.35013641057466,0.0571983833052319,,stocks,mcap,1.2708457724214368
2026-04-14,sector,Payments,,0.8888999999999999,60.52176564850653,0.0652102760066107,,stocks,mcap,1.5649834556956759
2026-04-15,sector,Payments,,0.8885,63.83683203466334,0.06667455133914954,,stocks,mcap,1.530353956652224
2026-04-16,sector,Payments,,0.25793999999999995,50.146841039968294,0.023590843400079088,,stocks,mcap,0.14446210603904286
2026-04-17,sector,Payments,,0.786725,52.993644534226426,0.028776762901478195,,stocks,mcap,1.013679619026208
2026-04-18,sector,Payments,,0.5103714285714286,51.10904566866603,0.012497644533237262,,stocks,mcap,0.3740239302073559
2026-04-19,sector,Payments,,0.7753375,55.402210648949975,0.01813530488587447,,stocks,mcap,0.9674808862879185
2026-04-20,sector,Payments,,0.7026166666666667,54.441029243213265,0.015622718678766134,,stocks,mcap,0.8402586919785656
2026-04-21,sector,Payments,,0.6391125,52.11881191482053,0.008686008544185282,,stocks,mcap,0.4804645945321895
2026-04-22,sector,Payments,,0.5170444444444444,56.1300677444952,-0.0044172306944246995,,stocks,mcap,0.3315026073866272
2026-04-23,sector,Payments,,0.09746205564767121,49.81945789544722,-0.03967523939441257,,stocks,mcap,-0.47677695200888026
2026-04-24,sector,Payments,,0.3201,48.96024280860871,-0.045895716092599806,,stocks,mcap,-0.3087851612950894
2026-04-25,sector,Payments,,0.451628751607053,42.76843696173855,-0.039299712827759424,,stocks,mcap,-0.28353288650597774
2026-04-26,sector,Payments,,0.28275658406862725,40.32494224036432,-0.04409767448258718,,stocks,mcap,-0.6015972843609761
2026-04-27,sector,Payments,,0.2777497431403647,43.04800996555513,-0.04522762568791189,,stocks,mcap,-0.6033400857098469
2026-04-28,sector,Payments,,0.5187333333333333,44.120548490664575,-0.028197687552112473,,stocks,mcap,-0.034414256699016404
2026-04-29,sector,Payments,,0.37442858698111825,42.19181242961154,-0.025202153391304077,,stocks,mcap,-0.46320844837353936
2026-04-30,sector,Payments,,0.7598066666666666,58.2362548039952,0.0027004187264902738,,stocks,mcap,0.6771402953699097
2026-05-01,sector,Payments,,0.5423888888888889,45.53369138231338,0.006276362586192826,,stocks,mcap,0.16832273088835847
2026-05-02,sector,Payments,,0.7150000000000001,53.88793757100922,0.01929381766311311,,stocks,mcap,0.6414395502808521
2026-05-03,sector,Payments,,,48.72523703829113,0.01543505413049049,,stocks,mcap,
2026-05-04,sector,Payments,,0.5897,50.269919285392,0.016200902453858905,,stocks,mcap,0.42580800982995815
2026-05-05,sector,Payments,,-0.04565250423699618,40.238747557177305,-0.025506104875713035,,stocks,mcap,-1.009186552002544
2026-05-06,sector,Payments,,0.5489202012089391,52.35416494126041,-0.012334379379244757,,stocks,mcap,0.23395853973210962
2026-05-07,sector,Payments,,0.46383225178104415,58.18426156946927,-0.008802453578151282,,stocks,mcap,0.2599483450153419
2026-05-08,sector,Payments,,0.8031333333333333,59.74762786040826,0.015605862220366893,,stocks,mcap,0.8525896154824116
2026-05-09,sector,Payments,,0.7556888888888889,57.07037300366152,0.02710280570161319,,stocks,mcap,0.8204035516399838
2026-05-10,sector,Payments,,0.81314,61.2086009574578,0.03653687889804014,,stocks,mcap,1.0594469726055145
2026-05-11,sector,Payments,,0.88078125,62.189459529780585,0.044750471178564406,,stocks,mcap,1.2329142181988175
2026-05-12,sector,Payments,,0.6686666666666666,54.65129010851692,0.03381316048738002,,stocks,mcap,0.5828036818422179
2026-05-13,sector,Payments,,0.34977798952149847,51.606144424257366,0.004554646471884714,,stocks,mcap,-0.024036928835195745
2026-05-14,sector,Payments,,0.8486,53.29708611877398,0.017520541607755173,,stocks,mcap,0.8965439571127389
2026-05-15,sector,Payments,,0.6067666666666667,52.89927813126401,0.008965358134306982,,stocks,mcap,0.35407386324674617
2026-05-16,sector,Payments,,0.3887980180132865,46.97115488381978,-0.011127789065110257,,stocks,mcap,-0.16869086102465874
2026-05-17,sector,Payments,,0.79115,52.70851295662992,0.002213383525632995,,stocks,mcap,0.7210075587314713
2026-05-18,sector,Payments,,0.5123800000000001,49.032919819865356,-0.007661484696037807,,stocks,mcap,0.02902948276712697
2026-05-19,sector,Payments,,0.28240343567878007,54.56619504731634,-0.028438715471813602,,stocks,mcap,-0.2762747085503686
2026-05-20,sector,Payments,,0.5927125,50.66192289995499,-0.020415574913289235,,stocks,mcap,0.23128225864812776
2026-05-21,sector,Payments,,0.9201250000000001,56.42614207029518,0.006376526689122412,,stocks,mcap,0.9140484635698474
2026-05-22,sector,Payments,,,51.821741567452555,0.005101221351297928,,stocks,mcap,
2026-05-23,sector,Payments,,,52.59892597251229,0.004080977081038339,,stocks,mcap,
2026-03-24,sector,Rates,,-0.27336776630022525,,0.0,,stocks,mcap,
2026-03-25,sector,Rates,,0.45783816311194503,100.0,0.04666385418470831,,stocks,mcap,
2026-03-26,sector,Rates,,0.3710956897813658,89.3951167286697,0.06782359924933638,,stocks,mcap,
2026-03-27,sector,Rates,,-0.2895469782030476,49.452884160362686,0.035109080623787335,,stocks,mcap,
2026-03-28,sector,Rates,,0.5356695152766918,67.55869921920828,0.06508620610983129,,stocks,mcap,
2026-03-29,sector,Rates,,0.7068652222325154,69.80266046420697,0.09089936581976032,,stocks,mcap,
2026-03-30,sector,Rates,,-0.5019598365768903,46.8973571811584,0.02447258463166964,,stocks,mcap,
2026-03-31,sector,Rates,,0.16832045936234213,55.072085512911585,0.023578132944891445,,stocks,mcap,
2026-04-01,sector,Rates,,0.7435513443337177,60.314963174973464,0.057685393763211745,,stocks,mcap,
2026-04-02,sector,Rates,,0.14033208834489602,53.738775059402144,0.03660567930958211,,stocks,mcap,
2026-04-03,sector,Rates,,0.3231809305926164,55.21877648709615,0.03212246925244447,,stocks,mcap,
2026-04-04,sector,Rates,,0.09222012292593718,53.07404337909964,0.01179506517477992,,stocks,mcap,
2026-04-05,sector,Rates,,0.20447625709825273,53.94350251760441,0.0044788434206674554,,stocks,mcap,
2026-04-06,sector,Rates,,0.22735063219264465,54.11673507289322,-1.3036130097190957e-05,,stocks,mcap,
2026-04-07,sector,Rates,,0.023007493466621426,52.35748255136348,-0.016999662154373582,,stocks,mcap,
2026-04-08,sector,Rates,,0.016783336074869818,46.03429322247633,-0.028245049984104986,,stocks,mcap,
2026-04-09,sector,Rates,,0.10046245461519468,47.56528316717238,-0.029500645905765885,,stocks,mcap,
2026-04-10,sector,Rates,,-0.19449218696169557,50.91537747821226,-0.04852529745468301,,stocks,mcap,
2026-04-11,sector,Rates,,0.047326197828565335,44.70195312381164,-0.04332374564436472,,stocks,mcap,
2026-04-12,sector,Rates,,0.1042642037825659,43.29616969193277,-0.03491024313232218,,stocks,mcap,
2026-04-13,sector,Rates,,0.2408243492993371,60.85247427882078,-0.019763735409824776,,stocks,mcap,-0.017239093894884858
2026-04-14,sector,Rates,,-0.4355669240063677,41.19260959825546,-0.05302673022034583,,stocks,mcap,-1.3376850933498698
2026-04-15,sector,Rates,,0.12727840057710807,40.979383337529455,-0.03568211897917615,,stocks,mcap,-0.5386271443244608
2026-04-16,sector,Rates,,0.28319197398955004,52.40617638555154,-0.013414980804996153,,stocks,mcap,-0.09392739285254087
2026-04-17,sector,Rates,,0.28564131399600634,49.32681473312026,0.0010070683070963135,,stocks,mcap,-0.06814288142621511
2026-04-18,sector,Rates,,0.14470242945411138,50.97254779413153,0.0006029431119223966,,stocks,mcap,-0.3691051916544985
2026-04-19,sector,Rates,,0.2690021462142468,51.1904134927028,0.007852777662242884,,stocks,mcap,0.005590809631177696
2026-04-20,sector,Rates,,-0.012862963630631568,45.95493884096256,-0.006418470835297688,,stocks,mcap,-0.6384335367007318
2026-04-21,sector,Rates,,0.289225901970566,54.34009313230767,0.003850612657149366,,stocks,mcap,0.08249280066188794
2026-04-22,sector,Rates,,0.19584241644642314,52.838489771080454,0.003715880611712949,,stocks,mcap,-0.03530806168243672
2026-04-23,sector,Rates,,0.26951292972031515,52.688361483897665,0.00771982811011776,,stocks,mcap,0.07012626402531436
2026-04-24,sector,Rates,,0.15835429827452382,55.959597876287575,0.0022949669517289203,,stocks,mcap,-0.20703575083733403
2026-04-25,sector,Rates,,,52.04208172227017,0.0018359735613831321,,stocks,mcap,
2026-04-26,sector,Rates,,0.3261148982167244,51.016133313662536,0.010699136899538317,,stocks,mcap,0.13920140191099065
2026-04-27,sector,Rates,,0.5042075957320444,51.76876064345732,0.0246392285132407,,stocks,mcap,0.4438289003219673
2026-04-28,sector,Rates,,0.10490909172222018,57.6816715153682,0.006076835012324658,,stocks,mcap,-0.15840064454055366
2026-04-29,sector,Rates,,0.1737003400877687,46.859685172674936,-0.002025871023066325,,stocks,mcap,-0.35502693016576603
2026-04-30,sector,Rates,,0.14653119488436728,41.55888581063379,-0.00926724112016479,,stocks,mcap,-0.5410864672178038
2026-05-01,sector,Rates,,0.09780533132638564,40.38659325612011,-0.016943715439586587,,stocks,mcap,-0.6738147447676528
2026-05-02,sector,Rates,,-0.15521789266467093,38.07889506586677,-0.037489653299700665,,stocks,mcap,-1.1442304598588169
2026-05-03,sector,Rates,,0.5766415112546955,52.72230181407702,-0.002086514619908636,,stocks,mcap,0.3751935494314763
2026-05-04,sector,Rates,,,59.21940625827344,-0.0016692116959269102,,stocks,mcap,
2026-05-05,sector,Rates,,0.04482109762196029,53.013717857618595,-0.01616956637826275,,stocks,mcap,-0.5104642374926498
2026-05-06,sector,Rates,,0.29734792907599894,60.85580000100436,-0.0063839233477501756,,stocks,mcap,0.19167113770031657
2026-05-07,sector,Rates,,0.3499989801061206,60.46829406624675,0.003114322548384771,,stocks,mcap,0.2980894537675172
2026-05-08,sector,Rates,,0.01604721701499076,54.726007053211426,-0.012744666850086253,,stocks,mcap,-0.5123708536698376
2026-05-09,sector,Rates,,0.059851515438258646,55.555832757821626,-0.019529168637385998,,stocks,mcap,-0.49949001326681597
2026-05-10,sector,Rates,,0.7807180447757245,65.85502228792424,0.022982738164294185,,stocks,mcap,0.994119178106666
2026-05-11,sector,Rates,,-0.011928370192646975,50.21051173861221,-0.0024771081353291632,,stocks,mcap,-0.5829880396643262
2026-05-12,sector,Rates,,0.22677062421619895,59.16878332090508,-0.003381984787703969,,stocks,mcap,-0.12095894107149552
2026-05-13,sector,Rates,,0.25888452900862213,58.74430353721995,-0.0020249166160882653,,stocks,mcap,0.11114581951261426
2026-05-14,sector,Rates,,0.4609769953436514,61.42688610950126,0.01153100488534916,,stocks,mcap,0.4910630833844013
2026-05-15,sector,Rates,,-0.04837182232389848,54.63114576075768,-0.013406494663446261,,stocks,mcap,-0.6042096451867095
2026-05-16,sector,Rates,,-0.23564211133588106,55.5077456941204,-0.04057880447360327,,stocks,mcap,-0.9820442222966419
2026-05-17,sector,Rates,,-0.19953535269557615,46.40871782247857,-0.05337954404445125,,stocks,mcap,-1.257642065591963
2026-05-18,sector,Rates,,0.2455723311735214,52.60906600083457,-0.03027827956654683,,stocks,mcap,-0.30755476666178405
2026-05-19,sector,Rates,,-0.5367475902036017,43.71889006682147,-0.0641478928935712,,stocks,mcap,-1.7592777519882468
2026-05-20,sector,Rates,,0.46902269166468713,51.59467548099523,-0.017692302131863395,,stocks,mcap,-0.06719215717030078
2026-05-21,sector,Rates,,0.030025635134056206,47.22683250171101,-0.015487060398430966,,stocks,mcap,-0.8323444418219368
2026-05-22,sector,Rates,,0.4100985710312333,53.388105704823104,0.01117374898339435,,stocks,mcap,0.07215655298340434
2026-05-23,sector,Rates,,,53.0343272345932,0.00893899918671548,,stocks,mcap,
2026-03-24,sector,Real Estate,,0.11925993034577824,,0.0,,stocks,mcap,
2026-03-25,sector,Real Estate,,0.04322956323840552,0.0,-0.004852080407991876,,stocks,mcap,
2026-03-26,sector,Real Estate,,0.45215465227141977,84.32219575123965,0.018468786396608556,,stocks,mcap,
2026-03-27,sector,Real Estate,,0.248490941520118,59.38334404469649,0.019089312156421793,,stocks,mcap,
2026-03-28,sector,Real Estate,,0.14512413908888896,51.63287038817256,0.011806380915695837,,stocks,mcap,
2026-03-29,sector,Real Estate,,0.09802899595510679,48.73486996218336,0.0035157159377647226,,stocks,mcap,
2026-03-30,sector,Real Estate,,0.32016552029432105,59.465805268518146,0.012201756350300002,,stocks,mcap,
2026-03-31,sector,Real Estate,,0.21223205549958354,53.976052583251004,0.00998102434298112,,stocks,mcap,
2026-04-01,sector,Real Estate,,0.35563395982899326,59.00436128739516,0.017057440442423723,,stocks,mcap,
2026-04-02,sector,Real Estate,,-0.08161838640902665,44.259981074264736,-0.007504703679804842,,stocks,mcap,
2026-04-03,sector,Real Estate,,0.145747916191568,50.6698453769059,-0.008178181990038717,,stocks,mcap,
2026-04-04,sector,Real Estate,,0.34757802998626913,55.239052646388394,0.004545577294847572,,stocks,mcap,
2026-04-05,sector,Real Estate,,0.32874889831238735,54.7658117816286,0.010907147234299051,,stocks,mcap,
2026-04-06,sector,Real Estate,,0.24133392141512078,52.67091590212046,0.008545688131947619,,stocks,mcap,
2026-04-07,sector,Real Estate,,0.45887470283447185,56.78473275637249,0.02028268171926373,,stocks,mcap,
2026-04-08,sector,Real Estate,,0.19265886104637242,52.774430822442966,0.009322593837912958,,stocks,mcap,
2026-04-09,sector,Real Estate,,0.3261370548355543,47.393665318234255,0.010197252440240064,,stocks,mcap,
2026-04-10,sector,Real Estate,,0.16730128888378645,48.289085319276545,-0.0002341858008037198,,stocks,mcap,
2026-04-11,sector,Real Estate,,0.2663499326324711,52.559256492716095,-0.0007471189591568839,,stocks,mcap,
2026-04-12,sector,Real Estate,,-0.0738362889286131,46.771234108707674,-0.023045676617412792,,stocks,mcap,
2026-04-13,sector,Real Estate,,0.03291744620278477,44.359029634731606,-0.029254924753905648,,stocks,mcap,-1.0516360636476894
2026-04-14,sector,Real Estate,,0.4125041692439467,53.55377120091705,-0.007575964544298278,,stocks,mcap,0.34389264544498555
2026-04-15,sector,Real Estate,,0.14956912544692558,46.49224337073228,-0.01054063350065836,,stocks,mcap,-0.5619281236589821
2026-04-16,sector,Real Estate,,0.35886939580738547,58.12911539463976,0.001364939811392591,,stocks,mcap,0.43882483935128724
2026-04-17,sector,Real Estate,,0.2971974719635987,52.97703896704589,0.004670859699182742,,stocks,mcap,0.28956798592654676
2026-04-18,sector,Real Estate,,0.6519809787530452,55.64423942545279,0.02897994847344687,,stocks,mcap,1.3897856427282116
2026-04-19,sector,Real Estate,,0.43545634615570306,51.8434219513122,0.02865349206404999,,stocks,mcap,0.9585394650342398
2026-04-20,sector,Real Estate,,0.37525166285792366,52.33544925332648,0.022813733455754104,,stocks,mcap,0.6072792265174415
2026-04-21,sector,Real Estate,,0.32954146202590096,47.60070601894407,0.014697480531512895,,stocks,mcap,0.3459153806573756
2026-04-22,sector,Real Estate,,0.4012680019887521,54.1709380696096,0.013040872375585238,,stocks,mcap,0.7957893997147457
2026-04-23,sector,Real Estate,,0.41259266583293674,51.817369074505976,0.011635457143131703,,stocks,mcap,0.756953301933674
2026-04-24,sector,Real Estate,,0.518422506907368,57.549089195646296,0.01646573902658851,,stocks,mcap,1.119029829882507
2026-04-25,sector,Real Estate,,0.4107017065543345,53.09202593040617,0.011285391906193855,,stocks,mcap,0.5730334084460681
2026-04-26,sector,Real Estate,,0.5637429811321198,64.84735597923405,0.016717643563842914,,stocks,mcap,1.334968531162658
2026-04-27,sector,Real Estate,,0.4815510386171957,60.568258928504335,0.013466761668617655,,stocks,mcap,1.0556780908931314
2026-04-28,sector,Real Estate,,0.41446515695774666,50.05416939885005,0.005877216522872514,,stocks,mcap,0.42719550511523097
2026-04-29,sector,Real Estate,,0.1339988121280819,49.57401886746153,-0.017664700225903322,,stocks,mcap,-0.36352947211717324
2026-04-30,sector,Real Estate,,0.3160269366313393,48.810136848852416,-0.020415570283086826,,stocks,mcap,-0.14198157203491418
2026-05-01,sector,Real Estate,,0.6034755909075153,57.55836509416201,-0.0032165867666454767,,stocks,mcap,0.9078102222097169
2026-05-02,sector,Real Estate,,0.4668040759898722,44.87888680433271,-0.001474047783062496,,stocks,mcap,0.39317877458541595
2026-05-03,sector,Real Estate,,0.02171808512847247,39.842110130103194,-0.029189587253725842,,stocks,mcap,-1.0439221255999653
2026-05-04,sector,Real Estate,,0.23704137383441948,46.84689686433095,-0.03170367886559267,,stocks,mcap,-0.6203333607176909
2026-05-05,sector,Real Estate,,0.07592702658190613,44.50351264462586,-0.04224130975889394,,stocks,mcap,-1.1338517129734467
2026-05-06,sector,Real Estate,,0.4395379331010911,50.736259368371236,-0.02367252327665578,,stocks,mcap,-0.026764100943878988
2026-05-07,sector,Real Estate,,0.21192062424366262,46.43596441216362,-0.02551065375871768,,stocks,mcap,-0.7792366866431207
2026-05-08,sector,Real Estate,,0.19182302084170902,44.01723741617096,-0.026741519870598553,,stocks,mcap,-0.9185826656604508
2026-05-09,sector,Real Estate,,0.7278780921120662,55.02204926330749,0.008026073352149225,,stocks,mcap,0.78092370523787
2026-05-10,sector,Real Estate,,0.4446187539404051,48.1885312220939,0.011229204204916467,,stocks,mcap,0.20568141051294964
2026-05-11,sector,Real Estate,,0.18239413201432264,45.687006491925686,-0.004202779040748216,,stocks,mcap,-0.6453073547472784
2026-05-12,sector,Real Estate,,0.1891914220109582,46.69473401986988,-0.013327991801037734,,stocks,mcap,-0.7200810688957993
2026-05-13,sector,Real Estate,,-0.13306984959344068,46.12898563458176,-0.03899125574323746,,stocks,mcap,-1.527587299719002
2026-05-14,sector,Real Estate,,0.33373343955553497,50.23707480201611,-0.023229813241031454,,stocks,mcap,-0.3546676624564069
2026-05-15,sector,Real Estate,,0.12876024663175145,43.50042457883468,-0.025148668380159625,,stocks,mcap,-1.0887914386497095
2026-05-16,sector,Real Estate,,0.4021934913663566,49.147315412496575,-0.0074605018904603145,,stocks,mcap,-0.1532014648115783
2026-05-17,sector,Real Estate,,0.4649077649128934,56.50546964701068,0.008159134518986165,,stocks,mcap,0.2834024747351071
2026-05-18,sector,Real Estate,,0.2640657197629205,50.398377198183084,0.0048253043358216195,,stocks,mcap,-0.4140543310918281
2026-05-19,sector,Real Estate,,0.17851660051951804,51.54677613765114,-0.002866699289410416,,stocks,mcap,-0.5876875770834157
2026-05-20,sector,Real Estate,,0.3859764712110265,49.15253199158599,0.0058185889469614775,,stocks,mcap,-0.01640681118241706
2026-05-21,sector,Real Estate,,0.34072593273454244,52.16281710790655,0.008172899603512826,,stocks,mcap,0.025249251250672705
2026-05-22,sector,Real Estate,,0.31760720903665446,52.10994767095338,0.007829432333331148,,stocks,mcap,9.493364719923014e-05
2026-05-23,sector,Real Estate,,,41.60892757643934,0.006263545866664919,,stocks,mcap,
2026-03-24,sector,Retail,,-0.019746003016747535,,0.0,,stocks,mcap,
2026-03-25,sector,Retail,,0.15527067068464437,100.0,0.011169155244761194,,stocks,mcap,
2026-03-26,sector,Retail,,0.22147033263391255,100.0,0.021783510802629164,,stocks,mcap,
2026-03-27,sector,Retail,,0.06712564956634312,60.98081566082881,0.01736943271263232,,stocks,mcap,
2026-03-28,sector,Retail,,0.12168832610985604,65.71060695264674,0.017059608022760325,,stocks,mcap,
2026-03-29,sector,Retail,,0.17287117870559804,69.21151664042341,0.019083916607739705,,stocks,mcap,
2026-03-30,sector,Retail,,0.14966756551014598,66.14969366721147,0.017674430536008964,,stocks,mcap,
2026-03-31,sector,Retail,,-0.009747449758435209,50.730968357685654,0.0054536190180580445,,stocks,mcap,
2026-04-01,sector,Retail,,0.11092278645665035,58.12015501439697,0.004959069812875069,,stocks,mcap,
2026-04-02,sector,Retail,,0.12483507814615726,58.83199268720412,0.005015894399603919,,stocks,mcap,
2026-04-03,sector,Retail,,0.16136480271960926,60.59081156193531,0.006847290048741551,,stocks,mcap,
2026-04-04,sector,Retail,,0.11450099957307902,57.44244479521072,0.004357361198788573,,stocks,mcap,
2026-04-05,sector,Retail,,0.25743115221082974,63.264205082142375,0.011391711612790206,,stocks,mcap,
2026-04-06,sector,Retail,,0.057398627573269266,53.09851663376869,0.002113902625638507,,stocks,mcap,
2026-04-07,sector,Retail,,0.2488875017448033,59.35123696168109,0.008079469217783297,,stocks,mcap,
2026-04-08,sector,Retail,,0.1639251767712684,50.32141856009723,0.005625679017694431,,stocks,mcap,
2026-04-09,sector,Retail,,0.19821551518356906,49.11537545261675,0.0056210351481434315,,stocks,mcap,
2026-04-10,sector,Retail,,0.03939849398282359,48.94882227397541,-0.005184759842583278,,stocks,mcap,
2026-04-11,sector,Retail,,0.179593341953048,52.061419681451696,-0.0030999934131547002,,stocks,mcap,
2026-04-12,sector,Retail,,0.2408648905907908,52.403314076566765,0.0019254052094807295,,stocks,mcap,
2026-04-13,sector,Retail,,0.22976178027776178,52.85544575255078,0.003907325379649371,,stocks,mcap,0.4704092993962712
2026-04-14,sector,Retail,,0.1879206627207768,57.691917451705265,0.00190722328986892,,stocks,mcap,0.1553500557494273
2026-04-15,sector,Retail,,0.13126420225465105,50.83305403495313,-0.003433712072086738,,stocks,mcap,-0.31497850967011864
2026-04-16,sector,Retail,,0.1711711694183506,51.85806828494926,-0.004418357863252648,,stocks,mcap,-0.18738588521081745
2026-04-17,sector,Retail,,0.190026129597118,51.165839539635684,-0.00395436856051741,,stocks,mcap,-0.13668600426512328
2026-04-18,sector,Retail,,0.30073781643016406,57.2013881081049,0.0032643685752440227,,stocks,mcap,0.7539184350376734
2026-04-19,sector,Retail,,0.19697332912587143,47.58920157352182,0.0006436241281882679,,stocks,mcap,-0.07762346038775289
2026-04-20,sector,Retail,,0.0407572929413141,49.31238688191445,-0.01135573526078893,,stocks,mcap,-0.9762337844341985
2026-04-21,sector,Retail,,0.1135048399493214,43.79740257139825,-0.013966599557867172,,stocks,mcap,-0.9162630557887699
2026-04-22,sector,Retail,,0.1158263603587721,47.615796149137886,-0.015018662979952167,,stocks,mcap,-0.9004456933349417
2026-04-23,sector,Retail,,0.20550821419947968,50.34267330480003,-0.009429186348735158,,stocks,mcap,-0.2065915007413718
2026-04-24,sector,Retail,,0.06998431148557516,51.46934731368548,-0.014320544919889277,,stocks,mcap,-1.0414048731223877
2026-04-25,sector,Retail,,0.3172963494974558,55.99797106398072,-0.0010603400683052988,,stocks,mcap,0.439391153082221
2026-04-26,sector,Retail,,0.18887502694158814,47.860610388177165,-0.0010942173276320862,,stocks,mcap,-0.3937748357259573
2026-04-27,sector,Retail,,0.21613768492601781,49.44672491334418,0.0004790900715482792,,stocks,mcap,-0.021904241922462972
2026-04-28,sector,Retail,,0.40221232426833764,57.7898402087844,0.013111191998039649,,stocks,mcap,1.0643330220541651
2026-04-29,sector,Retail,,0.17858006841638266,51.53380732455318,0.005836116473279689,,stocks,mcap,-0.14440791751154036
2026-04-30,sector,Retail,,0.2652028519389383,52.958557062041436,0.006251429379262478,,stocks,mcap,0.41495248202932744
2026-05-01,sector,Retail,,0.24224237150201988,51.638667397988755,0.004457561205751529,,stocks,mcap,0.08917200017578672
2026-05-02,sector,Retail,,0.09586225148529359,43.7113130778681,-0.006513454086415592,,stocks,mcap,-0.8428241797229128
2026-05-03,sector,Retail,,0.056799640081969784,45.51937356257205,-0.015797810485474857,,stocks,mcap,-1.1843133388215878
2026-05-04,sector,Retail,,0.16305183515204974,54.03810676702061,-0.014228642589323135,,stocks,mcap,-0.6482216176028903
2026-05-05,sector,Retail,,0.09149736135004823,49.272750681602574,-0.017253730570681275,,stocks,mcap,-1.0869018061935838
2026-05-06,sector,Retail,,0.030206284500528483,47.2767712918249,-0.022305518261449754,,stocks,mcap,-1.4371381943812036
2026-05-07,sector,Retail,,0.05017793658689048,44.83032745522015,-0.023125942703748795,,stocks,mcap,-1.4256747092016129
2026-05-08,sector,Retail,,0.16701929877755375,53.27016691826636,-0.015016515337213269,,stocks,mcap,-0.5208666157639088
2026-05-09,sector,Retail,,0.20157262154092706,45.44710589911748,-0.006952344200028685,,stocks,mcap,-0.4496672131514081
2026-05-10,sector,Retail,,0.07238160251899843,45.41959796933045,-0.009773211524417189,,stocks,mcap,-1.1312270419564225
2026-05-11,sector,Retail,,-0.005327052912830027,41.62448758155767,-0.015960976253761656,,stocks,mcap,-1.5422689233403113
2026-05-12,sector,Retail,,-0.11409048289182827,29.26137343746082,-0.02588013906551057,,stocks,mcap,-2.1945262816722075
2026-05-13,sector,Retail,,0.03171996011904096,43.70759700313273,-0.0213127950857135,,stocks,mcap,-1.3578157616976552
2026-05-14,sector,Retail,,0.12363608542695852,43.96178609074391,-0.011295850295562324,,stocks,mcap,-0.7423446278945304
2026-05-15,sector,Retail,,0.016076887403499652,41.00272661350739,-0.01109260968845175,,stocks,mcap,-1.3216542289399378
2026-05-16,sector,Retail,,0.10960227942092002,50.570598713241246,-0.0041930318812651544,,stocks,mcap,-0.5407071432390267
2026-05-17,sector,Retail,,0.14227011679474755,53.56838825363256,0.002667762888465701,,stocks,mcap,-0.28578633343557514
2026-05-18,sector,Retail,,0.3158971649834516,56.041407953001844,0.018134202159447683,,stocks,mcap,0.4982294583768725
2026-05-19,sector,Retail,,0.12363002446784406,51.15944321078258,0.014791872538649133,,stocks,mcap,-0.2043341483823853
2026-05-20,sector,Retail,,0.24668952627185864,57.47802784011626,0.019925477387251145,,stocks,mcap,0.41671542426622954
2026-05-21,sector,Retail,,-0.025523754744064073,47.773091603903936,0.004831721942341638,,stocks,mcap,-0.9715549549588921
2026-05-22,sector,Retail,,0.13518738420158183,49.08716455124471,0.0054683011561189095,,stocks,mcap,-0.21996329045319293
2026-05-23,sector,Retail,,,48.05779835351874,0.004374640924895128,,stocks,mcap,
2026-03-24,sector,Semiconductors,,0.1613863043046393,,0.0,,stocks,mcap,
2026-03-25,sector,Semiconductors,,0.18320058744289694,100.0,0.0013921365877406443,,stocks,mcap,
2026-03-26,sector,Semiconductors,,0.15141663228188634,40.69962713411696,0.000160172004298138,,stocks,mcap,
2026-03-27,sector,Semiconductors,,0.14605699826935237,36.99978015300741,-0.0009659733574990784,,stocks,mcap,
2026-03-28,sector,Semiconductors,,0.1901696469201104,63.96293641803096,0.0011926482714808137,,stocks,mcap,
2026-03-29,sector,Semiconductors,,0.22628951658713534,73.31454491539473,0.004784140932212632,,stocks,mcap,
2026-03-30,sector,Semiconductors,,0.13496044517964428,44.26819347670855,0.0009410597160584891,,stocks,mcap,
2026-03-31,sector,Semiconductors,,0.14351676728407456,46.26278816051316,-0.000988100108766506,,stocks,mcap,
2026-04-01,sector,Semiconductors,,0.17356672755817956,52.26296136774081,-0.00024259548357180973,,stocks,mcap,
2026-04-02,sector,Semiconductors,,0.11419541069723962,42.81715132792754,-0.0035658476604779866,,stocks,mcap,
2026-04-03,sector,Semiconductors,,0.2169293386651396,56.44005599618615,0.00108819790018644,,stocks,mcap,
2026-04-04,sector,Semiconductors,,0.27263905869327776,61.42364483705132,0.007494831061359399,,stocks,mcap,
2026-04-05,sector,Semiconductors,,0.2595032135637742,59.810188899622226,0.010253460511894309,,stocks,mcap,
2026-04-06,sector,Semiconductors,,0.22141302595409212,55.57696313832595,0.008965082446202009,,stocks,mcap,
2026-04-07,sector,Semiconductors,,0.13969953710863348,48.250729244420725,0.0024032869708242605,,stocks,mcap,
2026-04-08,sector,Semiconductors,,0.1960789937281222,50.9839175429953,0.0016874873799317645,,stocks,mcap,
2026-04-09,sector,Semiconductors,,0.15875696220935318,50.55609951931854,-0.001310288043273447,,stocks,mcap,
2026-04-10,sector,Semiconductors,,0.2294139674274882,55.74653039161023,0.0013127429096451478,,stocks,mcap,
2026-04-11,sector,Semiconductors,,0.2695593159875861,55.503131673329456,0.005371108135343763,,stocks,mcap,
2026-04-12,sector,Semiconductors,,0.20144378977793717,48.35089452420914,0.0031951689123476453,,stocks,mcap,
2026-04-13,sector,Semiconductors,,0.23750358071985672,57.345076652737944,0.0038666977009058235,,stocks,mcap,0.7866860795490034
2026-04-14,sector,Semiconductors,,0.26398856278259936,58.41320398293427,0.005667906705356208,,stocks,mcap,1.0199589851486666
2026-04-15,sector,Semiconductors,,0.22809268169005342,53.77700596741414,0.004088835771834111,,stocks,mcap,0.4516365265956358
2026-04-16,sector,Semiconductors,,0.22559383418107096,58.376551405812975,0.0025958497456545007,,stocks,mcap,0.46733527996799396
2026-04-17,sector,Semiconductors,,0.21996052170205524,50.266904007856816,0.0010291341678275324,,stocks,mcap,0.21200399218671692
2026-04-18,sector,Semiconductors,,0.25235509000623974,48.13746647991794,0.001922841061450787,,stocks,mcap,0.6003066231423906
2026-04-19,sector,Semiconductors,,0.4079852460285374,60.80622881907767,0.012172068265367354,,stocks,mcap,1.850899247425619
2026-04-20,sector,Semiconductors,,0.23577612585666471,50.87458340699035,0.006798193607035357,,stocks,mcap,0.430789734855364
2026-04-21,sector,Semiconductors,,0.20422270998522707,54.184493730505864,0.0008745927534405361,,stocks,mcap,0.16582676075448857
2026-04-22,sector,Semiconductors,,0.2939365267648016,56.08329315642514,0.0026539572272765884,,stocks,mcap,0.8938341031093595
2026-04-23,sector,Semiconductors,,0.20419183695792484,52.65162490539877,-0.00229055763678513,,stocks,mcap,0.010198098453722396
2026-04-24,sector,Semiconductors,,0.26973101924326853,52.367083692877685,-0.001275195577381344,,stocks,mcap,0.5451912359422358
2026-04-25,sector,Semiconductors,,0.2784769636166415,50.5436136620783,-0.0001990304168290255,,stocks,mcap,0.5612213953149598
2026-04-26,sector,Semiconductors,,0.20453790793665988,50.18728559197478,-0.004417479312012213,,stocks,mcap,-0.17264198369511258
2026-04-27,sector,Semiconductors,,0.18187235772992957,46.57716580786599,-0.008451127997907627,,stocks,mcap,-0.5394459150327872
2026-04-28,sector,Semiconductors,,0.2091096988269055,46.626579513757015,-0.008953549192449445,,stocks,mcap,-0.4665548143349306
2026-04-29,sector,Semiconductors,,0.16501549268078772,46.161316339380164,-0.011748133409253266,,stocks,mcap,-0.8557191484374191
2026-04-30,sector,Semiconductors,,0.23309294797927071,50.4226387132008,-0.008647594526974436,,stocks,mcap,-0.15562514192962548
2026-05-01,sector,Semiconductors,,0.24631335410392585,51.472612088455165,-0.005495781170359175,,stocks,mcap,-0.0050859961286684185
2026-05-02,sector,Semiconductors,,0.21262393428238527,47.783007478328784,-0.005458202735869876,,stocks,mcap,-0.5070286566426804
2026-05-03,sector,Semiconductors,,0.27666776207701205,41.838295783516614,-0.0011249884531511342,,stocks,mcap,0.016976502137939456
2026-05-04,sector,Semiconductors,,0.23877285900834574,50.223583671424116,-0.0008294346740414732,,stocks,mcap,0.01759375079815302
2026-05-05,sector,Semiconductors,,0.20128868628521177,49.783015291975026,-0.0030519993930812903,,stocks,mcap,-0.4816600678798447
2026-05-06,sector,Semiconductors,,0.25603820158108537,47.04439184285609,-0.0008432668688798115,,stocks,mcap,0.01654473172012315
2026-05-07,sector,Semiconductors,,0.20465539208261382,50.03845246951046,-0.0027440635379274887,,stocks,mcap,-0.4675873060097191
2026-05-08,sector,Semiconductors,,0.21228136162139574,44.72794376274091,-0.0033489338894239357,,stocks,mcap,-0.5914391113910822
2026-05-09,sector,Semiconductors,,0.2420505257710473,46.781399132233986,-0.0016890745807385593,,stocks,mcap,-0.12595618194151106
2026-05-10,sector,Semiconductors,,0.22401147508786928,51.909271366275455,-0.0017438980031944822,,stocks,mcap,-0.308757243894935
2026-05-11,sector,Semiconductors,,0.22447378752729694,54.36695383474832,-0.0016858889399779774,,stocks,mcap,-0.24877865280965486
2026-05-12,sector,Semiconductors,,0.12990388070451236,42.86566627411176,-0.007621091330427651,,stocks,mcap,-1.2990220350970263
2026-05-13,sector,Semiconductors,,0.15387534525122337,48.95882653909184,-0.009419186040197045,,stocks,mcap,-1.0758633015796564
2026-05-14,sector,Semiconductors,,0.20984945720593298,47.77734637004625,-0.006466160285064089,,stocks,mcap,-0.520424976726014
2026-05-15,sector,Semiconductors,,0.12557494831624114,39.83565617123993,-0.00962562840543671,,stocks,mcap,-1.5092635976593127
2026-05-16,sector,Semiconductors,,0.12661116407739054,42.33777375500128,-0.010984394828638932,,stocks,mcap,-1.4694323386014903
2026-05-17,sector,Semiconductors,,0.15644722225486826,38.595395059693445,-0.009280313213228343,,stocks,mcap,-1.3557427354646712
2026-05-18,sector,Semiconductors,,0.1327625452656255,39.664788961132054,-0.009140245131700114,,stocks,mcap,-1.4480942626407363
2026-05-19,sector,Semiconductors,,0.19470503003948927,49.3873597024118,-0.004502455142922045,,stocks,mcap,-0.5415539085588167
2026-05-20,sector,Semiconductors,,0.17242773947916465,41.71921160145305,-0.002653148115881904,,stocks,mcap,-0.818816488378232
2026-05-21,sector,Semiconductors,,0.2332990335831966,52.78453428436067,0.002663843566697849,,stocks,mcap,-0.049346108914595704
2026-05-22,sector,Semiconductors,,0.13795745463325568,43.82743191413932,-9.962473363720956e-05,,stocks,mcap,-1.0687096371787346
2026-05-23,sector,Semiconductors,,,40.905422389865066,-7.969978690976556e-05,,stocks,mcap,
2026-03-24,sector,Silver,,0.1115362182026729,,0.0,,stocks,mcap,
2026-03-25,sector,Silver,,0.11247450704663993,100.0,5.9879402008156114e-05,,stocks,mcap,
2026-03-26,sector,Silver,,0.7206369239252061,100.0,0.038905639863555525,,stocks,mcap,
2026-03-27,sector,Silver,,0.31746943437436237,60.17187031723714,0.03539589441255735,,stocks,mcap,
2026-03-28,sector,Silver,,0.704552799953201,71.18897775014366,0.055873814075272,,stocks,mcap,
2026-03-29,sector,Silver,,0.21945778114061804,52.8634816211437,0.03452551647757295,,stocks,mcap,
2026-03-30,sector,Silver,,-0.1845125488471985,43.5315814657476,-0.006821033271125029,,stocks,mcap,
2026-03-31,sector,Silver,,0.18648803982359047,51.40917741701275,-0.009062265507783294,,stocks,mcap,
2026-04-01,sector,Silver,,0.11980819372187057,50.15171827110492,-0.014586641336164448,,stocks,mcap,
2026-04-02,sector,Silver,,0.07986728101596237,49.42753978356833,-0.020139568884778355,,stocks,mcap,
2026-04-03,sector,Silver,,0.4886551271724515,55.939205750186964,0.003263424769082972,,stocks,mcap,
2026-04-04,sector,Silver,,-0.1328960582613945,46.78071674817135,-0.022172662677127704,,stocks,mcap,
2026-04-05,sector,Silver,,,46.78071674817135,-0.01773813014170216,,stocks,mcap,
2026-04-06,sector,Silver,,0.43781650015888735,46.78071674817134,0.006555090842989622,,stocks,mcap,
2026-04-07,sector,Silver,,0.07559539836198093,42.70603552817023,-0.005441424930637408,,stocks,mcap,
2026-04-08,sector,Silver,,0.08726387682645581,42.85348735190559,-0.01210989034472561,,stocks,mcap,
2026-04-09,sector,Silver,,0.6458627253680179,42.16597603105563,0.01984215434010444,,stocks,mcap,
2026-04-10,sector,Silver,,0.12565870834887027,41.00119184981766,0.0054339046874107115,,stocks,mcap,
2026-04-11,sector,Silver,,0.20365088790903485,36.3582803454772,0.0008863237497625728,,stocks,mcap,
2026-04-12,sector,Silver,,0.5305330963420868,46.55607623740481,0.018639170716147506,,stocks,mcap,
2026-04-13,sector,Silver,,,52.14428643180275,0.014911336572918002,,stocks,mcap,
2026-04-14,sector,Silver,,-0.006794093280037235,46.21530327917294,-0.012885899878081187,,stocks,mcap,-0.634443295846477
2026-04-15,sector,Silver,,0.233046094295041,51.26042334106873,-0.010662993400088909,,stocks,mcap,-0.2846154410254904
2026-04-16,sector,Silver,,0.40214008877389135,54.38127775083261,0.0018464273076502398,,stocks,mcap,0.29099682994971954
2026-04-17,sector,Silver,,0.32371326741899054,46.65719482529972,0.004347062753280485,,stocks,mcap,0.11740526639875304
2026-04-18,sector,Silver,,-0.06501069750785828,50.63102389134256,-0.019369048570541756,,stocks,mcap,-0.7743457267252751
2026-04-19,sector,Silver,,0.3281373519225419,56.83843005124704,-0.008332679781721215,,stocks,mcap,0.09680677373134296
2026-04-20,sector,Silver,,0.29212691492876036,56.19129142532965,-0.003461574562727457,,stocks,mcap,0.08683196851366534
2026-04-21,sector,Silver,,0.09634432390332223,59.312531230228835,-0.012898484477780116,,stocks,mcap,-0.43633947219193747
2026-04-22,sector,Silver,,-0.2147914287224412,53.56922592947853,-0.03814085370712999,,stocks,mcap,-1.1996865304579425
2026-04-23,sector,Silver,,0.10363561734528592,49.919822447921575,-0.031702374166181976,,stocks,mcap,-0.831535225839429
2026-04-24,sector,Silver,,,60.161931989763715,-0.02536189933294558,,stocks,mcap,
2026-04-25,sector,Silver,,0.4032863697502529,58.897600615482474,0.0019882953266419107,,stocks,mcap,0.1863589858804594
2026-04-26,sector,Silver,,0.312147054991778,50.43413042650256,0.009690450931704465,,stocks,mcap,0.015553395363335526
2026-04-27,sector,Silver,,-0.5059802586704493,36.860610234317676,-0.03815827687191213,,stocks,mcap,-1.786273958213247
2026-04-28,sector,Silver,,0.3087033567726612,50.20555891748065,-0.014027763435830079,,stocks,mcap,-0.23519496371458762
2026-04-29,sector,Silver,,0.2511702309191227,46.16681879385592,-0.0016778801102507943,,stocks,mcap,-0.26400878769012515
2026-04-30,sector,Silver,,0.11276226351746757,41.91238312333318,-0.002516688021397699,,stocks,mcap,-0.698801410709195
2026-05-01,sector,Silver,,0.3809873183920195,46.83692345704297,0.014378165158308705,,stocks,mcap,0.07478059640172224
2026-05-02,sector,Silver,,0.0015356259730954964,46.95054892569149,0.0001364897624613077,,stocks,mcap,-0.6761286368198843
2026-05-03,sector,Silver,,0.23611204315878448,44.654346580210174,0.006311142013323636,,stocks,mcap,-0.1722876631679016
2026-05-04,sector,Silver,,-0.2327681981444359,39.93565231188317,-0.01994867748197343,,stocks,mcap,-1.2373588804495523
2026-05-05,sector,Silver,,0.435322555388324,50.43040324290263,0.0074430874126723105,,stocks,mcap,0.18340596783428872
2026-05-06,sector,Silver,,-0.0937943933531642,48.13383720564921,-0.00939325854495359,,stocks,mcap,-0.8206216137797541
2026-05-07,sector,Silver,,0.3798780616891881,49.76316513031208,0.010948747718829449,,stocks,mcap,0.15310294817461328
2026-05-08,sector,Silver,,-0.11681307594316699,45.21844018131016,-0.008424228640271113,,stocks,mcap,-0.879192370192706
2026-05-09,sector,Silver,,0.5246183197340928,50.997791139187704,0.020977298467923573,,stocks,mcap,0.46142799401817003
2026-05-10,sector,Silver,,,51.77387906176132,0.01678183877433886,,stocks,mcap,
2026-05-11,sector,Silver,,0.1354509856208627,59.96563771995285,0.009598769286241768,,stocks,mcap,-0.04884717924924459
2026-05-12,sector,Silver,,0.32558759634373713,54.465821357211254,0.017387613910365526,,stocks,mcap,0.3613249547238464
2026-05-13,sector,Silver,,0.0380168117993112,51.84259472623552,0.0030262277993601894,,stocks,mcap,-0.3473423466171006
2026-05-14,sector,Silver,,0.3233951351522572,56.09154155838605,0.012091729942986601,,stocks,mcap,0.38368720316953464
2026-05-15,sector,Silver,,-0.5103078429828087,45.42580345797807,-0.03607919059347133,,stocks,mcap,-1.455379027120908
2026-05-16,sector,Silver,,0.6308046249666802,58.1470207266844,0.008510747254746192,,stocks,mcap,0.6817649446210485
2026-05-17,sector,Silver,,0.00044903883367776546,51.15483827541381,-0.0041664346150711035,,stocks,mcap,-0.4797291259937625
2026-05-18,sector,Silver,,-0.12023248587949205,53.98307199982143,-0.019537274798468764,,stocks,mcap,-0.7138190337783393
2026-05-19,sector,Silver,,0.05717337592177407,50.09486541066411,-0.01672291296434795,,stocks,mcap,-0.6039184481984663
2026-05-20,sector,Silver,,0.35064387623518706,57.48083282619903,0.004787136673618478,,stocks,mcap,0.2801644599401997
2026-05-21,sector,Silver,,0.2782737959969789,52.78090889427828,0.013529686852360502,,stocks,mcap,0.19806407448038296
2026-05-22,sector,Silver,,0.3359789621112699,58.89771928806608,0.02208177824049249,,stocks,mcap,0.5188129391743289
2026-05-23,sector,Silver,,,52.45150825788733,0.01766542259239399,,stocks,mcap,
2026-03-24,sector,Small Caps,,0.06954560627109807,,0.0,,stocks,mcap,
2026-03-25,sector,Small Caps,,0.05027899424501766,0.0,-0.0012295501691857668,,stocks,mcap,
2026-03-26,sector,Small Caps,,-0.022083245608330224,0.0,-0.006550940045788312,,stocks,mcap,
2026-03-27,sector,Small Caps,,-0.08352428366691761,0.0,-0.01344616322627388,,stocks,mcap,
2026-03-28,sector,Small Caps,,-0.08106930608234059,1.5785112848402747,-0.01685803466700283,,stocks,mcap,
2026-03-29,sector,Small Caps,,0.3913853791204654,75.62502007052613,0.012124953423999843,,stocks,mcap,
2026-03-30,sector,Small Caps,,-0.1313839280990024,41.269618360528845,-0.0036474296442328847,,stocks,mcap,
2026-03-31,sector,Small Caps,,0.376911369048059,59.26333881660299,0.019163649609327364,,stocks,mcap,
2026-04-01,sector,Small Caps,,0.4379804452536318,60.7096100375972,0.03637769063995924,,stocks,mcap,
2026-04-02,sector,Small Caps,,0.1363945889491549,51.65328715390621,0.02595452538926648,,stocks,mcap,
2026-04-03,sector,Small Caps,,0.03870429641415055,49.27240104822432,0.011708277138135242,,stocks,mcap,
2026-04-04,sector,Small Caps,,-0.07408592131659389,46.78270674106592,-0.0051777210798641966,,stocks,mcap,
2026-04-05,sector,Small Caps,,-0.11538478184808046,45.932875737764725,-0.018258859033967748,,stocks,mcap,
2026-04-06,sector,Small Caps,,-0.07177787027479365,46.950404196251405,-0.02280934576645678,,stocks,mcap,
2026-04-07,sector,Small Caps,,-0.1023857050714298,46.33829260895768,-0.026458666166866367,,stocks,mcap,
2026-04-08,sector,Small Caps,,0.020721730997053284,49.397168000189254,-0.01948179543127259,,stocks,mcap,
2026-04-09,sector,Small Caps,,-0.15592946800142526,47.381543578740484,-0.025295865894451208,,stocks,mcap,
2026-04-10,sector,Small Caps,,0.13513313051382234,53.92500030467836,-0.008916211030519882,,stocks,mcap,
2026-04-11,sector,Small Caps,,-0.26985444252043966,47.03910775077101,-0.02388458166920039,,stocks,mcap,
2026-04-12,sector,Small Caps,,0.11182280264943839,45.48684936355919,-0.007459071959489961,,stocks,mcap,
2026-04-13,sector,Small Caps,,0.15875178905568,55.53406981913731,0.006436610283694744,,stocks,mcap,0.3749378875684688
2026-04-14,sector,Small Caps,,0.3368501108056933,49.12574381296232,0.026374461266375937,,stocks,mcap,0.8165016346916009
2026-04-15,sector,Small Caps,,-0.03633903567258802,40.88997285946083,0.01381226041794886,,stocks,mcap,-0.15356581338678388
2026-04-16,sector,Small Caps,,0.05372096507906913,48.27169656333847,0.011070185445258255,,stocks,mcap,0.27288532115222275
2026-04-17,sector,Small Caps,,0.23197864843898144,53.908758537298006,0.020230258091451514,,stocks,mcap,0.7592099666444916
2026-04-18,sector,Small Caps,,0.1918734242398478,55.54165320614456,0.022388660662626847,,stocks,mcap,0.7714843260460382
2026-04-19,sector,Small Caps,,-0.3096495164060344,46.603600808037676,-0.009452223947824146,,stocks,mcap,-0.675820516234956
2026-04-20,sector,Small Caps,,-0.0669321323636387,50.07920529212803,-0.013416828931351526,,stocks,mcap,-0.32763449719875437
2026-04-21,sector,Small Caps,,0.08588617751184437,52.95914790948636,-0.005407859979191328,,stocks,mcap,0.22123166325173615
2026-04-22,sector,Small Caps,,0.21338409092815386,53.0239813622273,0.00808250682034603,,stocks,mcap,0.5881056697213902
2026-04-23,sector,Small Caps,,0.23165692827449338,56.40173902104997,0.017312409425831777,,stocks,mcap,0.7950763353682577
2026-04-24,sector,Small Caps,,0.07925757043562828,49.03280382217815,0.01245672960874903,,stocks,mcap,0.22263691821647077
2026-04-25,sector,Small Caps,,0.069433627506271,56.80380701756907,0.0080974608627638,,stocks,mcap,0.27646805169727007
2026-04-26,sector,Small Caps,,-0.12729043863281606,44.82083754939224,-0.00766813195165612,,stocks,mcap,-0.4089641873621074
2026-04-27,sector,Small Caps,,-0.19830671710943185,42.346023910289105,-0.02171667473208636,,stocks,mcap,-0.7648731925700267
2026-04-28,sector,Small Caps,,0.004936151674818245,42.96090922888156,-0.016400481235973256,,stocks,mcap,-0.20112684569205588
2026-04-29,sector,Small Caps,,-0.09531542341933937,48.585501654557746,-0.0185564562224143,,stocks,mcap,-0.5540816541978656
2026-04-30,sector,Small Caps,,0.04125883074432611,49.70762973263317,-0.010126856810160827,,stocks,mcap,-0.03606988917617596
2026-05-01,sector,Small Caps,,-0.22089585475623608,39.77766061841011,-0.02092718624264594,,stocks,mcap,-0.9800448155247011
2026-05-02,sector,Small Caps,,-0.23315745522528888,40.284022501841115,-0.0272190012323528,,stocks,mcap,-1.0910911735726372
2026-05-03,sector,Small Caps,,,52.26877742671681,-0.02177520098588224,,stocks,mcap,
2026-05-04,sector,Small Caps,,,44.24043723841466,-0.017420160788705792,,stocks,mcap,
2026-05-05,sector,Small Caps,,0.09777299354157985,37.636070359677966,0.004747951764569051,,stocks,mcap,-0.09045303924204975
2026-05-06,sector,Small Caps,,0.3192561738765,41.870480774147275,0.027845270372621335,,stocks,mcap,0.6363883727782322
2026-05-07,sector,Small Caps,,-0.07117045648656786,31.958186351353334,0.016186588175698433,,stocks,mcap,-0.43444933810322117
2026-05-08,sector,Small Caps,,-0.07498463095087898,34.91165815435137,0.007990496625272497,,stocks,mcap,-0.4544672832812804
2026-05-09,sector,Small Caps,,-0.14438299480655364,33.66426275745357,-0.0018092992354371805,,stocks,mcap,-0.6893350843981546
2026-05-10,sector,Small Caps,,0.1188477701911082,47.55480503172603,0.009131193283561764,,stocks,mcap,0.31325501980511505
2026-05-11,sector,Small Caps,,-0.08315655582558365,44.21451687550392,0.0027867495855747847,,stocks,mcap,-0.3391689907171855
2026-05-12,sector,Small Caps,,-0.06448529786129947,38.086685338097254,1.767761924438907e-05,,stocks,mcap,-0.4345340901639484
2026-05-13,sector,Small Caps,,0.4461197985932995,55.034495431901874,0.031028766750442728,,stocks,mcap,1.2913825068005964
2026-05-14,sector,Small Caps,,0.0857743831812404,43.81231736655101,0.025934206087421047,,stocks,mcap,0.5213410531151091
2026-05-15,sector,Small Caps,,0.09613180285179364,49.66297868977567,0.02207466850830756,,stocks,mcap,0.642498529939271
2026-05-16,sector,Small Caps,,-0.19897357064545154,43.67397352389147,-0.00035269166866871374,,stocks,mcap,-0.3847246675797461
2026-05-17,sector,Small Caps,,-0.1232074470576644,45.43656660140496,-0.009573367675370896,,stocks,mcap,-0.35225192987542664
2026-05-18,sector,Small Caps,,0.4463265752548533,55.827208839080555,0.021499946578775613,,stocks,mcap,1.3206329872153364
2026-05-19,sector,Small Caps,,0.12310366989235792,50.38218080057841,0.01917717461619018,,stocks,mcap,0.7230652846415295
2026-05-20,sector,Small Caps,,0.004775728612870442,45.102786160502056,0.009076355622826902,,stocks,mcap,0.15055022730576653
2026-05-21,sector,Small Caps,,0.4925502046351979,58.52016014510016,0.033289262514845826,,stocks,mcap,1.6411275324168941
2026-05-22,sector,Small Caps,,0.08511744624988643,52.15667737817243,0.020534160139707915,,stocks,mcap,0.5923716666955112
2026-05-23,sector,Small Caps,,,53.15042052962064,0.01642732811176633,,stocks,mcap,
2026-03-24,sector,Streaming,,0.20964871836102494,,0.0,,stocks,mcap,
2026-03-25,sector,Streaming,,0.21290086097560157,100.0,0.00020754414406414233,,stocks,mcap,
2026-03-26,sector,Streaming,,0.03965254423653543,1.8425689238918608,-0.010730026883932995,,stocks,mcap,
2026-03-27,sector,Streaming,,0.013909089628101478,1.6080299035284895,-0.018641903033596904,,stocks,mcap,
2026-03-28,sector,Streaming,,-0.007124325785524419,1.4565485101733344,-0.0238995062636662,,stocks,mcap,
2026-03-29,sector,Streaming,,0.08011935948399729,29.1432217518326,-0.020253386980751086,,stocks,mcap,
2026-03-30,sector,Streaming,,0.07042041836997738,28.260521012668292,-0.017358212892581843,,stocks,mcap,
2026-03-31,sector,Streaming,,0.08860471471930374,32.11547241390949,-0.01326648056103194,,stocks,mcap,
2026-04-01,sector,Streaming,,0.07599627111464176,30.961878462143517,-0.010574147807479985,,stocks,mcap,
2026-04-02,sector,Streaming,,0.04229723675892035,28.249755788300334,-0.010221919738835853,,stocks,mcap,
2026-04-03,sector,Streaming,,0.04525879713359671,28.797878873817922,-0.008991996996091448,,stocks,mcap,
2026-04-04,sector,Streaming,,0.09566060311455943,36.9898886998149,-0.004228406592340618,,stocks,mcap,
2026-04-05,sector,Streaming,,0.07626150347480361,35.421340041279734,-0.001944590372743138,,stocks,mcap,
2026-04-06,sector,Streaming,,0.1083260214379785,39.65120694036165,0.001953949971211927,,stocks,mcap,
2026-04-07,sector,Streaming,,0.12059184353688486,41.12633820415464,0.005392240223125136,,stocks,mcap,
2026-04-08,sector,Streaming,,0.08049909104422265,37.7097407343694,0.005008121859898622,,stocks,mcap,
2026-04-09,sector,Streaming,,0.08878474679627478,56.57405745916058,0.005324310419026278,,stocks,mcap,
2026-04-10,sector,Streaming,,0.12021494200060583,64.01086925285246,0.007527757920677523,,stocks,mcap,
2026-04-11,sector,Streaming,,0.01205223294031646,52.055371875162415,0.0018729440874591906,,stocks,mcap,
2026-04-12,sector,Streaming,,0.025996223388572066,43.11758673583601,-0.0006225455446726598,,stocks,mcap,
2026-04-13,sector,Streaming,,0.08515127458540418,51.663920931023505,0.0018796688991900776,,stocks,mcap,0.3477360173592503
2026-04-14,sector,Streaming,,0.16401367961034094,57.490961095265305,0.008636570356106717,,stocks,mcap,0.9643881518124041
2026-04-15,sector,Streaming,,0.1477662712065887,57.07830007968304,0.011616648676205918,,stocks,mcap,0.9490013125501502
2026-04-16,sector,Streaming,,0.11408706261475357,57.080532284100094,0.010934333337206305,,stocks,mcap,0.7804644374758455
2026-04-17,sector,Streaming,,0.08070880218596281,53.29847951946196,0.00798655295381433,,stocks,mcap,0.32170664712045427
2026-04-18,sector,Streaming,,0.08901504343565854,49.32910178649395,0.006415355033451257,,stocks,mcap,0.5044434437919538
2026-04-19,sector,Streaming,,0.1825891000482618,59.336018856284035,0.01121630800683006,,stocks,mcap,1.2063908636308407
2026-04-20,sector,Streaming,,0.15009804810496627,53.665017828769656,0.011688782871534943,,stocks,mcap,0.9781695976020278
2026-04-21,sector,Streaming,,0.22701577400675135,58.38608748891294,0.01637905510380034,,stocks,mcap,1.4592691211972002
2026-04-22,sector,Streaming,,0.2185520618391583,61.44912123645838,0.017980914102312222,,stocks,mcap,1.4322543182689924
2026-04-23,sector,Streaming,,0.1289317777851072,52.9337281338466,0.01234283846111785,,stocks,mcap,0.621376863531562
2026-04-24,sector,Streaming,,0.18478181396872903,54.555611153072455,0.0117179134570106,,stocks,mcap,1.0835602370512725
2026-04-25,sector,Streaming,,0.12600245823644357,58.642167457396205,0.0069258062607460875,,stocks,mcap,0.5825901590750987
2026-04-26,sector,Streaming,,0.21092801727624214,62.66221866471974,0.008928126802438166,,stocks,mcap,1.2347471042036644
2026-04-27,sector,Streaming,,0.1257696178932359,52.68549714563242,0.004209388182507811,,stocks,mcap,0.443178827134057
2026-04-28,sector,Streaming,,0.16545905033470176,50.100781589826035,0.0034832868770274927,,stocks,mcap,0.7774434516251809
2026-04-29,sector,Streaming,,0.12367082507037759,48.37767661274795,9.010383675665812e-05,,stocks,mcap,0.30232003035268695
2026-04-30,sector,Streaming,,0.10719384920218872,49.52488076496198,-0.003181778663083723,,stocks,mcap,0.18051676729636082
2026-05-01,sector,Streaming,,0.12288512500314339,52.9796803771341,-0.004145960259188942,,stocks,mcap,0.27107524556012963
2026-05-02,sector,Streaming,,0.16141933839434922,54.90570391031938,-0.0021459432501116735,,stocks,mcap,0.6934695534950558
2026-05-03,sector,Streaming,,-0.043066374812801934,36.70850932805068,-0.013896941115763702,,stocks,mcap,-0.8907340231746615
2026-05-04,sector,Streaming,,0.39467762146885504,59.7510053601504,0.0073664716559901575,,stocks,mcap,1.6921083673038064
2026-05-05,sector,Streaming,,0.06569576173631343,44.64476210682124,-0.0007394284121813813,,stocks,mcap,-0.0974912551467171
2026-05-06,sector,Streaming,,0.1481623174939521,47.77274693216454,-0.0005691581493542062,,stocks,mcap,0.46299260579807855
2026-05-07,sector,Streaming,,0.15094659631014742,50.73709217158403,-0.0003043100431798758,,stocks,mcap,0.511199073927104
2026-05-08,sector,Streaming,,0.21387995130603307,50.969653999324194,0.0038452009542832913,,stocks,mcap,0.8112773039613927
2026-05-09,sector,Streaming,,0.16492365988691185,51.30554073683397,0.0030627193399818614,,stocks,mcap,0.4124672923735663
2026-05-10,sector,Streaming,,0.15553140727622472,48.04263718623004,0.0017478832554578662,,stocks,mcap,0.3097613909811099
2026-05-11,sector,Streaming,,0.09963510541658623,49.05707455664911,-0.0028034599779965946,,stocks,mcap,0.031934883363367084
2026-05-12,sector,Streaming,,0.030950837146098246,45.246440006739086,-0.009954502746749572,,stocks,mcap,-0.41598752452607035
2026-05-13,sector,Streaming,,0.06473655016989437,47.90539777630302,-0.011798034198212683,,stocks,mcap,-0.297364173055721
2026-05-14,sector,Streaming,,0.16977251813714864,52.092411357504005,-0.005644364491263456,,stocks,mcap,0.4489567771920855
2026-05-15,sector,Streaming,,-0.06563163192053927,44.504156761798676,-0.016514017917997555,,stocks,mcap,-0.972284349812494
2026-05-16,sector,Streaming,,-0.00876015275712733,45.09122783807542,-0.018793768659464957,,stocks,mcap,-0.8126662009594952
2026-05-17,sector,Streaming,,0.016965207442971086,51.9306958301583,-0.017514864259761363,,stocks,mcap,-0.6356144026546421
2026-05-18,sector,Streaming,,0.07421294665146735,36.35351426732938,-0.012020901537268605,,stocks,mcap,-0.4201527779514421
2026-05-19,sector,Streaming,,0.01683767948013385,47.29335792393664,-0.011460598942293287,,stocks,mcap,-0.6875353440799361
2026-05-20,sector,Streaming,,0.0292298069657642,42.856773725903864,-0.009543477761367991,,stocks,mcap,-0.7060472810938659
2026-05-21,sector,Streaming,,0.12116653236528688,48.38439298864047,-0.0017783257124647893,,stocks,mcap,0.03221219064614532
2026-05-22,sector,Streaming,,0.4828733751315821,61.020612604460155,0.026465348509774625,,stocks,mcap,1.8504946174614094
2026-05-23,sector,Streaming,,,63.57072758592314,0.021172278807819703,,stocks,mcap,
2026-03-24,sector,Tech,,0.19040040928847982,,0.0,,stocks,mcap,
2026-03-25,sector,Tech,,0.1597444203321876,0.0,-0.0019563935972106484,,stocks,mcap,
2026-03-26,sector,Tech,,0.11931109927565328,0.0,-0.005655966890618829,,stocks,mcap,
2026-03-27,sector,Tech,,0.1155404042477694,0.0,-0.007901579466108179,,stocks,mcap,
2026-03-28,sector,Tech,,0.1614889973603393,38.03420767640309,-0.005927180795870384,,stocks,mcap,
2026-03-29,sector,Tech,,0.19692649160840728,52.08839857036679,-0.0020685466025573166,,stocks,mcap,
2026-03-30,sector,Tech,,0.12976281102651302,36.42906318460046,-0.0037742387140576004,,stocks,mcap,
2026-03-31,sector,Tech,,0.10955557524328706,33.407391287139006,-0.005872874693779926,,stocks,mcap,
2026-04-01,sector,Tech,,0.16434197915246715,45.63369099864534,-0.003308481955886934,,stocks,mcap,
2026-04-02,sector,Tech,,0.11562967934472115,39.22971112301124,-0.004553327640205624,,stocks,mcap,
2026-04-03,sector,Tech,,0.17261969435653698,47.7999922146422,-0.0013644205559338561,,stocks,mcap,
2026-04-04,sector,Tech,,0.16820392485402558,47.28331500330103,0.0005206451666943269,,stocks,mcap,
2026-04-05,sector,Tech,,0.21186846035286946,52.3738074068611,0.004556856208522121,,stocks,mcap,
2026-04-06,sector,Tech,,0.1508444511064894,46.14622133584411,0.0030384142583112905,,stocks,mcap,
2026-04-07,sector,Tech,,0.18719885307539316,49.70871876358459,0.004325560209670575,,stocks,mcap,
2026-04-08,sector,Tech,,0.17630939595380757,51.56332964421548,0.004278868443211334,,stocks,mcap,
2026-04-09,sector,Tech,,0.14923430944842248,52.897067313621676,0.0023559192341056643,,stocks,mcap,
2026-04-10,sector,Tech,,0.17060914495504595,55.15582606438969,0.002444363602626877,,stocks,mcap,
2026-04-11,sector,Tech,,0.2500481564434274,57.80209839666091,0.007488822962049518,,stocks,mcap,
2026-04-12,sector,Tech,,0.24409396542546605,54.38317926133988,0.009908514376381619,,stocks,mcap,
2026-04-13,sector,Tech,,0.1837345711207649,55.07972713166587,0.007061611388811421,,stocks,mcap,0.7051114608737044
2026-04-14,sector,Tech,,0.24048733443284115,61.529901708626866,0.00852067788288664,,stocks,mcap,1.4067251925610629
2026-04-15,sector,Tech,,0.1737078806690398,50.807704398797895,0.004699198102503329,,stocks,mcap,0.44430705914746504
2026-04-16,sector,Tech,,0.17643945362675767,55.695884410888645,0.002193623415163294,,stocks,mcap,0.4419804974749416
2026-04-17,sector,Tech,,0.1965714307016052,52.409891035370904,0.0017496323409519308,,stocks,mcap,0.5257553902973114
2026-04-18,sector,Tech,,0.21786777135685498,54.83273977061859,0.0026913958792249976,,stocks,mcap,0.9337316904108193
2026-04-19,sector,Tech,,0.2745056156057667,55.94505646591693,0.006701632720737371,,stocks,mcap,1.4118584786151385
2026-04-20,sector,Tech,,0.1893235420304954,53.49201415927827,0.003359015725755563,,stocks,mcap,0.47815749546818653
2026-04-21,sector,Tech,,0.2135882897148761,52.44859594083281,0.0025599824695616193,,stocks,mcap,0.603813646293172
2026-04-22,sector,Tech,,0.21111676236848326,53.280923050633646,0.0016850235375338064,,stocks,mcap,0.5622757786541459
2026-04-23,sector,Tech,,0.1683901028904967,51.753864633094445,-0.001764486342960822,,stocks,mcap,0.1188559508963628
2026-04-24,sector,Tech,,0.279358335139596,58.553555964937324,0.003165624679392109,,stocks,mcap,1.300093564495211
2026-04-25,sector,Tech,,0.26113237111903476,50.96471259023555,0.004837388293287063,,stocks,mcap,1.0788793785133437
2026-04-26,sector,Tech,,0.21437917509251536,47.585269635216484,0.002547679576912756,,stocks,mcap,0.4532307470136817
2026-04-27,sector,Tech,,0.20730496808171295,52.09702324387543,0.00042144076940621444,,stocks,mcap,0.4113961913422749
2026-04-28,sector,Tech,,0.1695959393294166,43.471680055830454,-0.0034468806182027644,,stocks,mcap,-0.10164512150917011
2026-04-29,sector,Tech,,0.19329350767439776,51.959068377518264,-0.004277640110133594,,stocks,mcap,0.14561537215532175
2026-04-30,sector,Tech,,0.1979878804349462,52.14696871929578,-0.004363954808054337,,stocks,mcap,0.14749168123803263
2026-05-01,sector,Tech,,0.23508419550131057,53.7117297163209,-0.0019013785754318363,,stocks,mcap,0.6737352273362947
2026-05-02,sector,Tech,,0.22251577340413456,50.455623796879095,-0.00113545307660904,,stocks,mcap,0.535705078002179
2026-05-03,sector,Tech,,0.2790091389985724,50.44158625162254,0.002936843408365213,,stocks,mcap,1.0158453476465998
2026-05-04,sector,Tech,,0.17039238663181627,48.22529411059604,-0.0016756029996167418,,stocks,mcap,-0.0946185244943604
2026-05-05,sector,Tech,,0.1672867366370805,45.48014066017954,-0.004752394840677216,,stocks,mcap,-0.2750165129426021
2026-05-06,sector,Tech,,0.21256052299169798,50.13006769965268,-0.0036070833635146746,,stocks,mcap,0.32344735234972444
2026-05-07,sector,Tech,,0.18478041494462047,51.51746139800801,-0.004529386043269113,,stocks,mcap,-0.1026833975776994
2026-05-08,sector,Tech,,0.18362968893754197,38.874957487828695,-0.00498953225203687,,stocks,mcap,-0.3801241139543995
2026-05-09,sector,Tech,,0.2392420201115194,47.65941596656849,-0.00150202825990521,,stocks,mcap,0.4538372472174008
2026-05-10,sector,Tech,,0.2562306743191069,54.77908191415278,0.0018155162715524425,,stocks,mcap,0.7922167511563313
2026-05-11,sector,Tech,,0.19000714379884773,48.25981338325537,-0.0004619228199189648,,stocks,mcap,-0.0613647598286646
2026-05-12,sector,Tech,,0.14674668355515394,47.72672288898892,-0.004660299818257392,,stocks,mcap,-0.5249031750668912
2026-05-13,sector,Tech,,0.1674463902123118,47.413033355832866,-0.005750187427158899,,stocks,mcap,-0.45249784609115784
2026-05-14,sector,Tech,,0.1583554425124823,46.0679043508652,-0.00672266452316829,,stocks,mcap,-0.6111303942909492
2026-05-15,sector,Tech,,0.1493390631847291,40.99090269450831,-0.007550491036397411,,stocks,mcap,-0.8361381863669909
2026-05-16,sector,Tech,,0.2207875117347577,49.8384079836906,-0.00309197090191569,,stocks,mcap,0.15306795365979942
2026-05-17,sector,Tech,,0.19537813006126115,41.69795010352438,-0.001727987315193265,,stocks,mcap,-0.15736276983513428
2026-05-18,sector,Tech,,0.215296326361014,55.410396037338806,0.0005215370064300361,,stocks,mcap,0.32225259348954927
2026-05-19,sector,Tech,,0.14154960156913834,47.35007126511585,-0.0027704878112552204,,stocks,mcap,-0.680761478945472
2026-05-20,sector,Tech,,0.21420109334884982,50.15990055292636,-1.4168220250756168e-05,,stocks,mcap,0.18410620907945288
2026-05-21,sector,Tech,,0.23637709570580057,55.08448901185885,0.0031674501198808336,,stocks,mcap,0.5546352892810488
2026-05-22,sector,Tech,,0.09592517709714123,43.21901175382945,-0.003936901461286809,,stocks,mcap,-1.1109003063549805
2026-05-23,sector,Tech,,,37.876734433622666,-0.0031495211690294464,,stocks,mcap,
2026-03-24,sector,Tech Tilt,,-0.07550250591540743,,0.0,,stocks,mcap,
2026-03-25,sector,Tech Tilt,,0.18920035236153784,100.0,0.016892718021092802,,stocks,mcap,
2026-03-26,sector,Tech Tilt,,0.14738499218125115,86.35795275375413,0.023888141698007376,,stocks,mcap,
2026-03-27,sector,Tech Tilt,,-0.24069064049976766,38.10901260400869,0.0021614537830437416,,stocks,mcap,
2026-03-28,sector,Tech Tilt,,-0.014321885032724179,53.321558358824014,0.002778730651306009,,stocks,mcap,
2026-03-29,sector,Tech Tilt,,0.039251294470739585,55.887613467964556,0.006334669832469818,,stocks,mcap,
2026-03-30,sector,Tech Tilt,,0.08772633290518318,57.97786469627417,0.011206307965465245,,stocks,mcap,
2026-03-31,sector,Tech Tilt,,-0.013438205662730808,52.760436773890675,0.0070720317296021455,,stocks,mcap,
2026-04-01,sector,Tech Tilt,,0.08326877147573294,56.50231689642933,0.010121327710349258,,stocks,mcap,
2026-04-02,sector,Tech Tilt,,0.02917503555888588,54.10507865328092,0.007866480691099957,,stocks,mcap,
2026-04-03,sector,Tech Tilt,,0.19069693942868315,59.26556977606673,0.01614745951750003,,stocks,mcap,
2026-04-04,sector,Tech Tilt,,-0.08899178054858,49.6069986257012,0.0024041526853500854,,stocks,mcap,
2026-04-05,sector,Tech Tilt,,0.2040247240032469,56.956171214626586,0.012120127072954831,,stocks,mcap,
2026-04-06,sector,Tech Tilt,,0.09611618723478679,54.053132619303206,0.010416873290705751,,stocks,mcap,
2026-04-07,sector,Tech Tilt,,0.04218028962948897,52.71027667551332,0.005066221476684063,,stocks,mcap,
2026-04-08,sector,Tech Tilt,,0.07043596473934655,46.93051897956885,0.00294366846045771,,stocks,mcap,
2026-04-09,sector,Tech Tilt,,0.09400056689118748,48.60713247292698,0.002649610435643303,,stocks,mcap,
2026-04-10,sector,Tech Tilt,,0.13034005215503974,61.856943606854614,0.00432625685278832,,stocks,mcap,
2026-04-11,sector,Tech Tilt,,-0.14678034793850783,45.90004590541993,-0.012863927938990848,,stocks,mcap,
2026-04-12,sector,Tech Tilt,,-0.30752859140706024,39.93405570399748,-0.03352242046593666,,stocks,mcap,
2026-04-13,sector,Tech Tilt,,0.06018607356809158,49.32558206853661,-0.021470156165899965,,stocks,mcap,-0.39833065551026203
2026-04-14,sector,Tech Tilt,,0.051559295216114784,51.66725056977597,-0.013515519691445835,,stocks,mcap,-0.27365340190773124
2026-04-15,sector,Tech Tilt,,0.06808151100376242,49.59371871710919,-0.006910437485588225,,stocks,mcap,-0.1821407901507032
2026-04-16,sector,Tech Tilt,,-0.060638492372493726,47.689605281366255,-0.010750747903553945,,stocks,mcap,-0.7855384753522523
2026-04-17,sector,Tech Tilt,,-0.014201909965361737,44.3973794494396,-0.00973412540322857,,stocks,mcap,-0.7293893709259062
2026-04-18,sector,Tech Tilt,,-0.011043966280249878,52.51109608896033,-0.008466320051144262,,stocks,mcap,-0.5598127891249144
2026-04-19,sector,Tech Tilt,,0.14826771553952217,48.03445874469789,0.00287712461480306,,stocks,mcap,0.11778046200719457
2026-04-20,sector,Tech Tilt,,-0.05549550101701915,44.99372780989954,-0.0032360066626251982,,stocks,mcap,-0.7226715375336932
2026-04-21,sector,Tech Tilt,,-0.039909797073979805,47.21892027714708,-0.005964409927282066,,stocks,mcap,-0.6845010828472802
2026-04-22,sector,Tech Tilt,,-0.061759085177504974,45.50191985323189,-0.008803723479750404,,stocks,mcap,-0.8201066229319584
2026-04-23,sector,Tech Tilt,,0.06292065083193671,49.0105567266225,-0.0021925064767738664,,stocks,mcap,-0.13814754254813155
2026-04-24,sector,Tech Tilt,,0.1493684575381013,50.58704850138497,0.0075606738257215245,,stocks,mcap,0.27697245248333036
2026-04-25,sector,Tech Tilt,,0.13303755757603594,60.288219084481504,0.01219556877180467,,stocks,mcap,0.5403123494069694
2026-04-26,sector,Tech Tilt,,-0.017822385558911732,60.72980809343899,0.004766327343219353,,stocks,mcap,-0.13033955297309008
2026-04-27,sector,Tech Tilt,,0.15894463832020664,54.260291312692665,0.011062496282438633,,stocks,mcap,0.5166008672266043
2026-04-28,sector,Tech Tilt,,0.03691123080540792,49.42442192133824,0.00653747180908151,,stocks,mcap,-0.14651623612819467
2026-04-29,sector,Tech Tilt,,-0.04331614341104314,45.831458442824676,-0.001879794635846319,,stocks,mcap,-0.5661836096860432
2026-04-30,sector,Tech Tilt,,-0.05614728397172767,50.184023419439434,-0.007990041313141768,,stocks,mcap,-0.62206411034877
2026-05-01,sector,Tech Tilt,,0.2048947627738693,57.634630470572056,0.005162174449598626,,stocks,mcap,0.6460228242342058
2026-05-02,sector,Tech Tilt,,0.25167378846363475,58.884554644043284,0.016012736524484754,,stocks,mcap,0.9972804611519162
2026-05-03,sector,Tech Tilt,,0.19424645068727434,51.66998166496677,0.018165159327671036,,stocks,mcap,0.771946909744286
2026-05-04,sector,Tech Tilt,,,60.64670102822165,0.014532127462136828,,stocks,mcap,
2026-05-05,sector,Tech Tilt,,-0.0006042891215061602,60.116706989727945,0.0014776563958318924,,stocks,mcap,0.060449443560933985
2026-05-06,sector,Tech Tilt,,0.3000059049092078,69.38028554348978,0.013643079871492964,,stocks,mcap,1.4216549387648525
2026-05-07,sector,Tech Tilt,,0.03407446892881691,55.26234258406756,0.0033286222540796703,,stocks,mcap,0.0950229550324054
2026-05-08,sector,Tech Tilt,,0.12546521526679003,55.40210447671057,0.0022607918896923873,,stocks,mcap,0.3082008222097965
2026-05-09,sector,Tech Tilt,,0.15587632039703606,56.8185188379738,0.003147814738426489,,stocks,mcap,0.6338834088448763
2026-05-10,sector,Tech Tilt,,0.04512051535788962,58.28275736713781,-0.0038025144160164226,,stocks,mcap,0.0655202199556808
2026-05-11,sector,Tech Tilt,,0.18904220996857682,57.383288174776744,0.0009607935219392294,,stocks,mcap,0.674024916974551
2026-05-12,sector,Tech Tilt,,0.12615560095438771,59.701280345937185,-0.0003839308527703103,,stocks,mcap,0.343942772009884
2026-05-13,sector,Tech Tilt,,0.2657178562294793,66.53654094541035,0.007434129742521341,,stocks,mcap,1.1867082620695744
2026-05-14,sector,Tech Tilt,,0.04765089570507961,58.63753682918143,-0.002254594161491083,,stocks,mcap,0.08599631710385369
2026-05-15,sector,Tech Tilt,,0.10798681730105034,53.20476848719753,-0.004636172296807153,,stocks,mcap,0.042038971805635955
2026-05-16,sector,Tech Tilt,,0.026592548790561665,49.032744305462316,-0.011347249616579711,,stocks,mcap,-0.4213541137160334
2026-05-17,sector,Tech Tilt,,0.4124602902310005,60.92107746645282,0.009425265156802816,,stocks,mcap,1.3596454958838495
2026-05-18,sector,Tech Tilt,,0.2505930146200697,56.11780461340586,0.011358382193968106,,stocks,mcap,0.912287803768719
2026-05-19,sector,Tech Tilt,,-0.00406613954072891,49.924992228747975,-0.004565656440444522,,stocks,mcap,-0.32200768015372194
2026-05-20,sector,Tech Tilt,,0.33584295580911944,50.76347807062575,0.007106912837726617,,stocks,mcap,0.8915751647054836
2026-05-21,sector,Tech Tilt,,0.16146473923167318,52.824108438557424,0.002627793080594319,,stocks,mcap,0.2761364268254638
2026-05-22,sector,Tech Tilt,,0.15775598247372916,50.74480778923514,-0.0008543526558631581,,stocks,mcap,0.1486101148662034
2026-05-23,sector,Tech Tilt,,,50.04397253498146,-0.0006834821246905279,,stocks,mcap,
2026-03-24,sector,US Equities,,-0.014254640996992968,,0.0,,stocks,mcap,
2026-03-25,sector,US Equities,,0.10828369826314813,100.0,0.00782011053967852,,stocks,mcap,
2026-03-26,sector,US Equities,,0.15409140292921594,100.0,0.01521717829149438,,stocks,mcap,
2026-03-27,sector,US Equities,,-0.0527545909365191,44.86930077646323,0.005802872682316567,,stocks,mcap,
2026-03-28,sector,US Equities,,-0.04697360450811373,45.705868732034354,-9.883137633942812e-05,,stocks,mcap,
2026-03-29,sector,US Equities,,-0.0053549761854994275,51.05298634721479,-0.0012022279155497785,,stocks,mcap,
2026-03-30,sector,US Equities,,0.06323570892619676,57.88814499043241,0.002483737382867751,,stocks,mcap,
2026-03-31,sector,US Equities,,0.10676492904714474,61.31634133247253,0.007373332416579292,,stocks,mcap,
2026-04-01,sector,US Equities,,0.12599640766323783,62.65933854623432,0.011193588183915835,,stocks,mcap,
2026-04-02,sector,US Equities,,0.026080402735219048,53.084383726712844,0.006514112194395599,,stocks,mcap,
2026-04-03,sector,US Equities,,0.18607864175597266,62.30764211319442,0.013324747733068153,,stocks,mcap,
2026-04-04,sector,US Equities,,-0.10754856273777948,45.78802579095492,-0.0019995480405685558,,stocks,mcap,
2026-04-05,sector,US Equities,,0.03242783890913177,51.87109994437612,-0.002718138487965392,,stocks,mcap,
2026-04-06,sector,US Equities,,0.023878579573055815,51.518029957681506,-0.0037168516112131324,,stocks,mcap,
2026-04-07,sector,US Equities,,-0.01220286612167788,50.07939742386662,-0.006587354365128688,,stocks,mcap,
2026-04-08,sector,US Equities,,-0.01294755980563806,44.82049599036722,-0.00821045922599992,,stocks,mcap,
2026-04-09,sector,US Equities,,0.0581644634780665,45.988342348658,-0.004362192310898872,,stocks,mcap,
2026-04-10,sector,US Equities,,0.12407876595082744,58.383345538761326,0.0023919278439731885,,stocks,mcap,
2026-04-11,sector,US Equities,,0.009818880925197096,52.44132361370078,-0.0008904290391580708,,stocks,mcap,
2026-04-12,sector,US Equities,,-0.08091575986427142,46.883488614414,-0.00878803312339978,,stocks,mcap,
2026-04-13,sector,US Equities,,0.09785838312742107,51.30903633020897,-0.0019449286204549394,,stocks,mcap,0.06336898088663703
2026-04-14,sector,US Equities,,-0.0500753355903208,44.503981272232885,-0.007066659995197028,,stocks,mcap,-0.9715016762562051
2026-04-15,sector,US Equities,,0.10643851964294852,49.37480211744595,2.601019331711918e-05,,stocks,mcap,0.11371145253614919
2026-04-16,sector,US Equities,,0.16323146047242992,54.50854397659936,0.008038606084532718,,stocks,mcap,0.6910970005818114
2026-04-17,sector,US Equities,,0.11902647323247731,47.61417456650634,0.009743986638349472,,stocks,mcap,0.525245623828753
2026-04-18,sector,US Equities,,-0.0007043298744478022,54.33859451100986,0.002564638300004283,,stocks,mcap,-0.20685315161020404
2026-04-19,sector,US Equities,,0.030628519530233208,49.91986496135926,-0.0001724486173440374,,stocks,mcap,-0.25293502887005137
2026-04-20,sector,US Equities,,0.014083067727514944,49.56682930850079,-0.003036817803220416,,stocks,mcap,-0.4345113421064085
2026-04-21,sector,US Equities,,0.014219674536201333,51.20680528083723,-0.0047592785529657605,,stocks,mcap,-0.49179577210202197
2026-04-22,sector,US Equities,,0.14758397626087108,56.53975921437803,0.0028374086252220612,,stocks,mcap,0.5871579749691208
2026-04-23,sector,US Equities,,0.20116649308025333,55.91004905897142,0.010778972131865787,,stocks,mcap,1.074341472440255
2026-04-24,sector,US Equities,,0.11958608590645697,49.816698192242946,0.009870038056131611,,stocks,mcap,0.6761375343694135
2026-04-25,sector,US Equities,,0.06642312668339971,52.4306390864407,0.005252470711229428,,stocks,mcap,0.2104065460036639
2026-04-26,sector,US Equities,,0.20366561443958245,61.75083977047588,0.010691723752923335,,stocks,mcap,1.2819759376598137
2026-04-27,sector,US Equities,,0.05820782609796495,48.31644131788168,0.004083622565246622,,stocks,mcap,0.10908339728617347
2026-04-28,sector,US Equities,,-0.04347173731766607,50.29185174772342,-0.0069446026347332115,,stocks,mcap,-0.5917715094831728
2026-04-29,sector,US Equities,,0.22147838949405688,54.63958823190677,0.003248120325325326,,stocks,mcap,0.9497458517774112
2026-04-30,sector,US Equities,,0.1392217354494342,49.051169653153984,0.0040420743546173594,,stocks,mcap,0.5833250672457218
2026-05-01,sector,US Equities,,0.06668434462354214,47.97681853328995,-0.0004855103120784479,,stocks,mcap,-0.03448476693330274
2026-05-02,sector,US Equities,,0.19489353550932095,57.51121783933376,0.004701095572054698,,stocks,mcap,0.9772613251115496
2026-05-03,sector,US Equities,,0.1645669858084295,55.1473932523752,0.005576382103809695,,stocks,mcap,0.8586935332646679
2026-05-04,sector,US Equities,,0.28817069702914294,59.73260159909906,0.01351429316335219,,stocks,mcap,1.5762476179469609
2026-05-05,sector,US Equities,,-0.018692562732700858,49.040357103985684,-0.0020393962099323447,,stocks,mcap,-0.28564530782569275
2026-05-06,sector,US Equities,,0.23531943189256685,52.39000674822902,0.0042965810962296465,,stocks,mcap,0.9764177215676877
2026-05-07,sector,US Equities,,0.07667233357580021,46.79226262989033,-0.002324297038445146,,stocks,mcap,-0.045030692133950855
2026-05-08,sector,US Equities,,0.13832913321161666,50.48794629030994,-0.0026546261347650778,,stocks,mcap,0.20528535874757983
2026-05-09,sector,US Equities,,0.10368399134103103,50.97947280603447,-0.005164559063065774,,stocks,mcap,0.0019763023787544437
2026-05-10,sector,US Equities,,0.21626276610972006,50.33549031474486,0.0004982068770528307,,stocks,mcap,0.6925177409589667
2026-05-11,sector,US Equities,,0.19028475600399697,53.7565733015903,0.002143104757529251,,stocks,mcap,0.7290181980731099
2026-05-12,sector,US Equities,,0.23260847879393828,58.12675430931422,0.005537424971153254,,stocks,mcap,1.0607565546041882
2026-05-13,sector,US Equities,,0.02260602257365881,43.95024836349088,-0.006265174839279922,,stocks,mcap,-0.48116060366936964
2026-05-14,sector,US Equities,,0.3023948538495137,54.43122738673092,0.004297417404429991,,stocks,mcap,1.1151331549763224
2026-05-15,sector,US Equities,,-0.004738093292266195,48.27961455437605,-0.009141401223231493,,stocks,mcap,-0.5776563898720833
2026-05-16,sector,US Equities,,0.16335027062447266,49.254524620023275,-0.0065710051507884525,,stocks,mcap,0.18484434380475367
2026-05-17,sector,US Equities,,-0.04399355003113949,45.451569636261006,-0.018045316155296986,,stocks,mcap,-1.1403810951251343
2026-05-18,sector,US Equities,,0.02337938679537217,44.080055759811465,-0.02014816452140828,,stocks,mcap,-1.106764422268651
2026-05-19,sector,US Equities,,-0.04603078714589633,49.31619601618836,-0.02495018371144356,,stocks,mcap,-1.3695300254298104
2026-05-20,sector,US Equities,,0.10222916631891163,46.485098648940216,-0.01724419557185305,,stocks,mcap,-0.654955862461532
2026-05-21,sector,US Equities,,0.18059764462708797,52.866192876131876,-0.006523399045658171,,stocks,mcap,-0.05036270193513773
2026-05-22,sector,US Equities,,0.2725953919990821,53.64202485290279,0.00640967535870488,,stocks,mcap,0.5375616805478668
2026-05-23,sector,US Equities,,,54.6695533678798,0.0051277402869639045,,stocks,mcap,
2026-03-24,sector,US Sectors,,0.10991153852404616,,0.0,,stocks,mcap,
2026-03-25,sector,US Sectors,,0.2296539927243211,100.0,0.0076416836868551385,,stocks,mcap,
2026-03-26,sector,US Sectors,,0.2733760502709958,100.0,0.014803575918667189,,stocks,mcap,
2026-03-27,sector,US Sectors,,0.22665803529269057,77.77264565889732,0.015483891448287483,,stocks,mcap,
2026-03-28,sector,US Sectors,,0.02803442774571819,39.985826542929836,0.0023364660465004135,,stocks,mcap,
2026-03-29,sector,US Sectors,,0.24720790378862706,60.93159419584356,0.007868798827218795,,stocks,mcap,
2026-03-30,sector,US Sectors,,0.08608504492592646,48.49027885928779,0.0005316698872492795,,stocks,mcap,
2026-03-31,sector,US Sectors,,0.10882317051206465,49.932969106312186,-0.0027547972017564273,,stocks,mcap,
2026-04-01,sector,US Sectors,,0.29846670993466967,59.41378724705263,0.007327686448121044,,stocks,mcap,
2026-04-02,sector,US Sectors,,0.24126447257241654,56.20358104054009,0.009491206890754202,,stocks,mcap,
2026-04-03,sector,US Sectors,,0.24741228146725336,56.45643920285864,0.010599078868737816,,stocks,mcap,
2026-04-04,sector,US Sectors,,0.2534526633223587,56.702051288349885,0.010956201173209234,,stocks,mcap,
2026-04-05,sector,US Sectors,,0.026311580403245424,46.779701445479596,-0.004082020540712574,,stocks,mcap,
2026-04-06,sector,US Sectors,,0.25943125476056067,54.88264212590945,0.0014006528305913445,,stocks,mcap,
2026-04-07,sector,US Sectors,,0.22289662410951233,53.60359926428263,0.0022461147325671706,,stocks,mcap,
2026-04-08,sector,US Sectors,,0.3596325993102578,54.101142259729045,0.011193347737237017,,stocks,mcap,
2026-04-09,sector,US Sectors,,0.0791731223246816,44.668858213983206,-0.0019003658445793103,,stocks,mcap,
2026-04-10,sector,US Sectors,,0.15569045474201051,48.08320082722602,-0.005336766309075935,,stocks,mcap,
2026-04-11,sector,US Sectors,,-0.0732563706788485,47.30827697848386,-0.02202185357747882,,stocks,mcap,
2026-04-12,sector,US Sectors,,-0.09431527123659847,39.85620234427508,-0.032819187259913396,,stocks,mcap,
2026-04-13,sector,US Sectors,,-0.10675896655799864,43.71732973163152,-0.03873557314812576,,stocks,mcap,-1.603447973713045
2026-04-14,sector,US Sectors,,0.23208122247721033,53.32980164022016,-0.018776125750929205,,stocks,mcap,-0.24402184072104285
2026-04-15,sector,US Sectors,,0.2433980898884636,48.3537084353961,-0.00450349320585322,,stocks,mcap,-0.11260636530545501
2026-04-16,sector,US Sectors,,-0.5444640327662229,33.652214533481,-0.04553491276678376,,stocks,mcap,-2.2108485943009635
2026-04-17,sector,US Sectors,,0.13778232881955235,48.21986731462291,-0.025156233655920963,,stocks,mcap,-0.5095817449771523
2026-04-18,sector,US Sectors,,0.23488130780793726,49.70710617329225,-0.0046405812433549,,stocks,mcap,-0.13500989057814605
2026-04-19,sector,US Sectors,,0.7598162589751184,60.57497330583497,0.042199528046086454,,stocks,mcap,1.2250799600995
2026-04-20,sector,US Sectors,,0.09138339898213746,47.84743300605632,0.026829733943967524,,stocks,mcap,-0.18044052685839862
2026-04-21,sector,US Sectors,,0.15963774765192842,49.196232743668986,0.02022619383679628,,stocks,mcap,-0.07768536396742226
2026-04-22,sector,US Sectors,,0.4238714312016964,50.790603248509704,0.0319241841088344,,stocks,mcap,0.6881619358125853
2026-04-23,sector,US Sectors,,0.5570520297334534,56.102605708537546,0.04604372768779574,,stocks,mcap,1.1286217754391317
2026-04-24,sector,US Sectors,,0.6512702392568843,56.30016706892947,0.05834945254804908,,stocks,mcap,1.3578931076928489
2026-04-25,sector,US Sectors,,0.14776866309940814,52.62648312067014,0.030595153998515534,,stocks,mcap,0.24862471803440842
2026-04-26,sector,US Sectors,,,52.89120038226732,0.024476123198812427,,stocks,mcap,
2026-04-27,sector,US Sectors,,0.3924998236358166,53.04887717759502,0.02309469305991671,,stocks,mcap,0.754782292242396
2026-04-28,sector,US Sectors,,0.39447083796716453,48.92707653525778,0.0195914072345928,,stocks,mcap,0.6648581959217865
2026-04-29,sector,US Sectors,,0.32073077865447286,47.85368675747306,0.011163655004917651,,stocks,mcap,0.2905757065692367
2026-04-30,sector,US Sectors,,0.19817956721192978,57.697223658694796,-0.003049318591264158,,stocks,mcap,0.19580772207647465
2026-05-01,sector,US Sectors,,0.6527171193616901,54.49342585145204,0.016692117421895636,,stocks,mcap,1.0657949160069051
2026-05-02,sector,US Sectors,,,52.974760533228185,0.013353693937516509,,stocks,mcap,
2026-05-03,sector,US Sectors,,-0.14377997623064984,42.622930784807,-0.03324180587668147,,stocks,mcap,-0.7718246560081471
2026-05-04,sector,US Sectors,,-0.053956865955609834,61.25202416309035,-0.04850584575923751,,stocks,mcap,-0.472592422923651
2026-05-05,sector,US Sectors,,0.31238265743454297,66.7414097189164,-0.03255104466090863,,stocks,mcap,0.352920055403093
2026-05-06,sector,US Sectors,,0.6115865821211219,67.28513324030558,-0.002075502535929849,,stocks,mcap,0.9292510463316879
2026-05-07,sector,US Sectors,,0.10648425288091556,52.0151059588654,-0.015420435155019133,,stocks,mcap,-0.3271671721548771
2026-05-08,sector,US Sectors,,0.37006630385629835,55.047134930923896,-0.006440841331232364,,stocks,mcap,0.31870214479920667
2026-05-09,sector,US Sectors,,-0.05398789871100569,56.72860746848073,-0.027808051254500154,,stocks,mcap,-0.5861673829411532
2026-05-10,sector,US Sectors,,0.2619369064003229,61.415376072473485,-0.01978883368135454,,stocks,mcap,0.13587866465824178
2026-05-11,sector,US Sectors,,0.09909248501790374,58.167905491102424,-0.024279984087268197,,stocks,mcap,-0.4125275404428902
2026-05-12,sector,US Sectors,,-0.241985669504826,52.34060871356664,-0.04769607871824562,,stocks,mcap,-1.184251560806372
2026-05-13,sector,US Sectors,,0.18182426512125682,58.72401885361036,-0.032824371435821426,,stocks,mcap,-0.250156055438318
2026-05-14,sector,US Sectors,,0.506415990134294,63.91039585733755,-0.000991272105624665,,stocks,mcap,0.48521566405243954
2026-05-15,sector,US Sectors,,0.20819503177486257,54.61355452538942,5.9964355556618026e-05,,stocks,mcap,-0.08111846361580874
2026-05-16,sector,US Sectors,,-0.11283546364706135,50.374123106872496,-0.019693170077146518,,stocks,mcap,-0.9371539977627804
2026-05-17,sector,US Sectors,,-0.06042070686817169,50.99521088190896,-0.027573300913647063,,stocks,mcap,-0.9357753174519146
2026-05-18,sector,US Sectors,,0.041041637953929566,51.131026230091386,-0.02440562601950646,,stocks,mcap,-0.8035499518703795
2026-05-19,sector,US Sectors,,-0.07679342416567543,45.07516074051146,-0.028418878111091665,,stocks,mcap,-1.1293475770544787
2026-05-20,sector,US Sectors,,0.0035833934861883516,41.85490692283558,-0.02400842333374447,,stocks,mcap,-1.0780664290087483
2026-05-21,sector,US Sectors,,0.35869725374226386,53.52022741776045,0.003038440663726022,,stocks,mcap,0.013631180818342123
2026-05-22,sector,US Sectors,,0.2787771456742668,48.65699004625153,0.015085749356021187,,stocks,mcap,-0.09349052562382992
2026-05-23,sector,US Sectors,,,55.59339779698079,0.01206859948481695,,stocks,mcap,
2026-03-24,sector,USD,,,,,,stocks,mcap,
2026-03-25,sector,USD,,,,,,stocks,mcap,
2026-03-26,sector,USD,,,,,,stocks,mcap,
2026-03-27,sector,USD,,,,,,stocks,mcap,
2026-03-28,sector,USD,,,,,,stocks,mcap,
2026-03-29,sector,USD,,,,,,stocks,mcap,
2026-03-30,sector,USD,,,,,,stocks,mcap,
2026-03-31,sector,USD,,,,,,stocks,mcap,
2026-04-01,sector,USD,,,,,,stocks,mcap,
2026-04-02,sector,USD,,,,,,stocks,mcap,
2026-04-03,sector,USD,,,,,,stocks,mcap,
2026-04-04,sector,USD,,,,,,stocks,mcap,
2026-04-05,sector,USD,,,,,,stocks,mcap,
2026-04-06,sector,USD,,,,,,stocks,mcap,
2026-04-07,sector,USD,,,,,,stocks,mcap,
2026-04-08,sector,USD,,,,,,stocks,mcap,
2026-04-09,sector,USD,,,,,,stocks,mcap,
2026-04-10,sector,USD,,,,,,stocks,mcap,
2026-04-11,sector,USD,,,,,,stocks,mcap,
2026-04-12,sector,USD,,,,,,stocks,mcap,
2026-04-13,sector,USD,,,,,,stocks,mcap,
2026-04-14,sector,USD,,,,,,stocks,mcap,
2026-04-15,sector,USD,,,,,,stocks,mcap,
2026-04-16,sector,USD,,,,,,stocks,mcap,
2026-04-17,sector,USD,,,,,,stocks,mcap,
2026-04-18,sector,USD,,,,,,stocks,mcap,
2026-04-19,sector,USD,,,,,,stocks,mcap,
2026-04-20,sector,USD,,,,,,stocks,mcap,
2026-04-21,sector,USD,,,,,,stocks,mcap,
2026-04-22,sector,USD,,,,,,stocks,mcap,
2026-04-23,sector,USD,,,,,,stocks,mcap,
2026-04-24,sector,USD,,,,,,stocks,mcap,
2026-04-25,sector,USD,,,,,,stocks,mcap,
2026-04-26,sector,USD,,,,,,stocks,mcap,
2026-04-27,sector,USD,,,,,,stocks,mcap,
2026-04-28,sector,USD,,,,,,stocks,mcap,
2026-04-29,sector,USD,,,,,,stocks,mcap,
2026-04-30,sector,USD,,,,,,stocks,mcap,
2026-05-01,sector,USD,,,,,,stocks,mcap,
2026-05-02,sector,USD,,,,,,stocks,mcap,
2026-05-03,sector,USD,,,,,,stocks,mcap,
2026-05-04,sector,USD,,,,,,stocks,mcap,
2026-05-05,sector,USD,,,,,,stocks,mcap,
2026-05-06,sector,USD,,,,,,stocks,mcap,
2026-05-07,sector,USD,,,,,,stocks,mcap,
2026-05-08,sector,USD,,,,,,stocks,mcap,
2026-05-09,sector,USD,,,,,,stocks,mcap,
2026-05-10,sector,USD,,,,,,stocks,mcap,
2026-05-11,sector,USD,,,,,,stocks,mcap,
2026-05-12,sector,USD,,,,,,stocks,mcap,
2026-05-13,sector,USD,,,,,,stocks,mcap,
2026-05-14,sector,USD,,,,,,stocks,mcap,
2026-05-15,sector,USD,,,,,,stocks,mcap,
2026-05-16,sector,USD,,,,,,stocks,mcap,
2026-05-17,sector,USD,,,,,,stocks,mcap,
2026-05-18,sector,USD,,0.9601,,0.0,,stocks,mcap,
2026-05-19,sector,USD,,,,0.0,,stocks,mcap,
2026-05-20,sector,USD,,,,0.0,,stocks,mcap,
2026-05-21,sector,USD,,,,0.0,,stocks,mcap,
2026-05-22,sector,USD,,,,0.0,,stocks,mcap,
2026-05-23,sector,USD,,,,0.0,,stocks,mcap,
2026-03-24,sector,macro,,0.011804514271814911,,0.0,,stocks,mcap,
2026-03-25,sector,macro,,0.06816163685788532,100.0,0.003596579902928712,,stocks,mcap,
2026-03-26,sector,macro,,0.1754721662757113,100.0,0.012502417804545203,,stocks,mcap,
2026-03-27,sector,macro,,0.05669306986965872,57.94637499821589,0.009812129750671802,,stocks,mcap,
2026-03-28,sector,macro,,-0.06297427739998424,40.70179428236413,-8.440597602628417e-05,,stocks,mcap,
2026-03-29,sector,macro,,-0.07379620326379313,39.635111364750344,-0.0070324324901280206,,stocks,mcap,
2026-03-30,sector,macro,,0.06805646213438503,55.069673299637195,-0.0020087994461349366,,stocks,mcap,
2026-03-31,sector,macro,,0.14824458209159505,60.74370483594117,0.006324381963814291,,stocks,mcap,
2026-04-01,sector,macro,,0.11942929964421627,58.10681440015436,0.009324327998075334,,stocks,mcap,
2026-04-02,sector,macro,,0.01282617205266732,50.06630738083458,0.003838752712365792,,stocks,mcap,
2026-04-03,sector,macro,,0.19906786323823034,59.787587504531196,0.012002102877656079,,stocks,mcap,
2026-04-04,sector,macro,,-0.12123012743831316,44.79086044890911,-0.0040611355605712635,,stocks,mcap,
2026-04-05,sector,macro,,-0.054718350224561355,47.524171755972844,-0.009772517008255651,,stocks,mcap,
2026-04-06,sector,macro,,-0.007411740712232595,49.30914220429898,-0.009899510382858643,,stocks,mcap,
2026-04-07,sector,macro,,-0.03405710794508102,48.382190425832796,-0.011216539702233942,,stocks,mcap,
2026-04-08,sector,macro,,-0.06347713582870719,45.26636418231486,-0.013361927241521026,,stocks,mcap,
2026-04-09,sector,macro,,0.059144732470676926,45.862509724777546,-0.006180635753358144,,stocks,mcap,
2026-04-10,sector,macro,,0.11922704546787939,52.32110030644062,0.002492940898595656,,stocks,mcap,
2026-04-11,sector,macro,,0.13287359326591094,57.89037637756878,0.008678065791169821,,stocks,mcap,
2026-04-12,sector,macro,,0.034654957413630415,54.081862149117335,0.00582048911255648,,stocks,mcap,
2026-04-13,sector,macro,,0.11405266279425506,51.816599815544315,0.00876671504805216,,stocks,mcap,0.48174948515560023
2026-04-14,sector,macro,,-0.1514279335660072,39.675646819292545,-0.006833102643641453,,stocks,mcap,-1.1405566599108914
2026-04-15,sector,macro,,0.14434925955261851,50.72515463008662,0.0025942819837176997,,stocks,mcap,0.38970233032513824
2026-04-16,sector,macro,,0.30877804914522183,58.33161676677939,0.018825771934376914,,stocks,mcap,1.3727368923497643
2026-04-17,sector,macro,,0.1870096521858556,49.64775110573535,0.02016371818054118,,stocks,mcap,0.9449052701977604
2026-04-18,sector,macro,,-0.01465710824734221,53.345098966277575,0.006951658323353363,,stocks,mcap,0.00020929285360388183
2026-04-19,sector,macro,,-0.0042363383658230586,51.642352035215836,-0.001168378995299469,,stocks,mcap,-0.17876550822468068
2026-04-20,sector,macro,,0.06148022985817588,52.214760666987466,-0.0021396578204802424,,stocks,mcap,-0.020979934101460332
2026-04-21,sector,macro,,0.03914424571173637,52.359838678023394,-0.004193748747923859,,stocks,mcap,-0.14940021017239066
2026-04-22,sector,macro,,0.26608992257212527,59.42423754952744,0.009099285156878772,,stocks,mcap,1.1088900368647359
2026-04-23,sector,macro,,0.2807814160505931,56.754837637672644,0.017748451549901553,,stocks,mcap,1.272142492928039
2026-04-24,sector,macro,,0.10596628534910932,49.622267341971835,0.010899205814451338,,stocks,mcap,0.3658324309343962
2026-04-25,sector,macro,,0.026208405645028698,47.071924787992266,0.0007363945831563648,,stocks,mcap,-0.09095626925184336
2026-04-26,sector,macro,,0.37095127201080325,58.13116844683937,0.016118423562312162,,stocks,mcap,1.4689931670663283
2026-04-27,sector,macro,,0.024704289097823198,48.0865906792557,0.0025710170724899985,,stocks,mcap,-0.01906270104531102
2026-04-28,sector,macro,,-0.09668243998140097,51.24949703429131,-0.014054425461617857,,stocks,mcap,-0.6031036846715535
2026-04-29,sector,macro,,0.413221658506648,55.59026227185566,0.008581950496470727,,stocks,mcap,1.27729751216135
2026-04-30,sector,macro,,0.2664892182721255,49.11423342288365,0.012715667545361596,,stocks,mcap,0.896759895466652
2026-05-01,sector,macro,,0.01398521555364132,46.56406771490982,-0.0017434954268304714,,stocks,mcap,-0.1725450285596948
2026-05-02,sector,macro,,0.20566319380303222,54.392563139989846,0.001252287937364767,,stocks,mcap,0.6605542347021235
2026-05-03,sector,macro,,0.1467899916768074,52.95396660440116,-0.0009609956233963199,,stocks,mcap,0.24898480350934019
2026-05-04,sector,macro,,0.28817069702914294,54.3064377495605,0.006458729414264522,,stocks,mcap,0.920669123053386
2026-05-05,sector,macro,,-0.04171047614380304,48.62470468221734,-0.010562269512569989,,stocks,mcap,-0.46243555024509986
2026-05-06,sector,macro,,0.18779366733292666,48.669380944214694,-0.006287234203998297,,stocks,mcap,0.29675216938325055
2026-05-07,sector,macro,,0.11765308498358532,47.27897041687936,-0.007996658123429895,,stocks,mcap,-0.1542521135435122
2026-05-08,sector,macro,,0.16834928221883075,51.085514854762636,-0.005637667344427569,,stocks,mcap,0.25833925097967936
2026-05-09,sector,macro,,0.09837324280530833,51.26001622411265,-0.008540506091735879,,stocks,mcap,-0.1862803015409502
2026-05-10,sector,macro,,0.3289619175070431,49.23641639977233,0.004611617378099071,,stocks,mcap,0.7324207071525168
2026-05-11,sector,macro,,0.2180229019272295,53.844558260426226,0.005331213952541953,,stocks,mcap,0.6104772819817238
2026-05-12,sector,macro,,0.32224297807079855,58.388513074699475,0.011939420753439935,,stocks,mcap,1.087355741846591
2026-05-13,sector,macro,,-0.15688787011670907,38.441750305122234,-0.015363224288782534,,stocks,mcap,-1.148655409681236
2026-05-14,sector,macro,,0.4679958315881292,53.42186631857838,0.008001360755348227,,stocks,mcap,1.1358906183426218
2026-05-15,sector,macro,,-0.08324632323894256,48.50096351204627,-0.01317746736500355,,stocks,mcap,-0.731473617332689
2026-05-16,sector,macro,,0.2831667966986505,51.13379986936756,-0.002572364802025405,,stocks,mcap,0.448332357545257
2026-05-17,sector,macro,,-0.3082415289121625,44.2406974917844,-0.033721711313887355,,stocks,mcap,-1.7136292944684164
2026-05-18,sector,macro,,-0.08944063628800483,45.31246592792975,-0.037626519259174145,,stocks,mcap,-1.396903496245565
2026-05-19,sector,macro,,-0.08904229823667555,49.360094054483255,-0.03810246411666664,,stocks,mcap,-1.3449795926771828
2026-05-20,sector,macro,,-0.027502818653124737,46.95080073898286,-0.03241558616416568,,stocks,mcap,-1.2304040599792114
2026-05-21,sector,macro,,0.15942374499571466,50.57264584992328,-0.015088293351646645,,stocks,mcap,-0.3792522732008756
2026-05-22,sector,macro,,0.3609926795002738,52.53609219260614,0.009595491834955172,,stocks,mcap,0.3798267981078053
2026-05-23,sector,macro,,,53.522199587480394,0.007676393467964138,,stocks,mcap,
2026-03-24,sector,stocks,,0.18857217726620115,,0.0,,stocks,mcap,
2026-03-25,sector,stocks,,0.1652015023929376,0.0,-0.001491461872253863,,stocks,mcap,
2026-03-26,sector,stocks,,0.13427298089508913,0.0,-0.004318483027525586,,stocks,mcap,
2026-03-27,sector,stocks,,0.11510606233298483,0.0,-0.00707396902845044,,stocks,mcap,
2026-03-28,sector,stocks,,0.1561837947118681,35.86201558863138,-0.005779375164206605,,stocks,mcap,
2026-03-29,sector,stocks,,0.1936247144935142,51.6621854031584,-0.0022330549717910113,,stocks,mcap,
2026-03-30,sector,stocks,,0.13006353736535628,36.42780310433248,-0.003901928586055906,,stocks,mcap,
2026-03-31,sector,stocks,,0.11599048105524468,34.19518941316083,-0.005584989988851114,,stocks,mcap,
2026-04-01,sector,stocks,,0.1661340893346026,45.98979863196673,-0.003077828328598011,,stocks,mcap,
2026-04-02,sector,stocks,,0.12111411338420623,39.61488899851636,-0.004141848220372377,,stocks,mcap,
2026-04-03,sector,stocks,,0.1680428105437548,47.23853327556629,-0.001511048223822897,,stocks,mcap,
2026-04-04,sector,stocks,,0.1751506490171972,48.2285043802676,0.0007598522271568178,,stocks,mcap,
2026-04-05,sector,stocks,,0.21414129410350743,53.059899378831616,0.0047190846383164,,stocks,mcap,
2026-04-06,sector,stocks,,0.1497362770122436,45.97317402353462,0.002919755950860371,,stocks,mcap,
2026-04-07,sector,stocks,,0.18685173783318515,49.834359787928506,0.004077541527297434,,stocks,mcap,
2026-04-08,sector,stocks,,0.17006643407404054,50.47440081257939,0.0035789815870230467,,stocks,mcap,
2026-04-09,sector,stocks,,0.1551855068266819,52.10515809695918,0.002181767338540405,,stocks,mcap,
2026-04-10,sector,stocks,,0.17895151038430032,56.3680342368887,0.002755922407798284,,stocks,mcap,
2026-04-11,sector,stocks,,0.25339843018823033,59.091163194887166,0.00776365178651401,,stocks,mcap,
2026-04-12,sector,stocks,,0.236696042584793,54.19041289521823,0.009453115410694473,,stocks,mcap,
2026-04-13,sector,stocks,,0.18979812465930293,56.006328251817756,0.007025636105458375,,stocks,mcap,0.7654136409178403
2026-04-14,sector,stocks,,0.24160595678767233,61.73979623692346,0.008428146734885485,,stocks,mcap,1.4319061180925863
2026-04-15,sector,stocks,,0.18240803948106007,51.49562219263337,0.005054361880873694,,stocks,mcap,0.5220370465379813
2026-04-16,sector,stocks,,0.18665134108535872,56.51106009623289,0.00290089739454556,,stocks,mcap,0.5426647689822752
2026-04-17,sector,stocks,,0.2083660453550185,54.21736301033848,0.0027335666097197155,,stocks,mcap,0.8645017778699712
2026-04-18,sector,stocks,,0.23276708288106948,55.815666558468955,0.003985082868844539,,stocks,mcap,1.0888848720427469
2026-04-19,sector,stocks,,0.2922430978980637,57.57034069637623,0.00828961872911834,,stocks,mcap,1.5638248373570962
2026-04-20,sector,stocks,,0.2076068872950379,55.397653379514594,0.005066277961335158,,stocks,mcap,0.6528037090764174
2026-04-21,sector,stocks,,0.2160807414567597,52.880100158654265,0.003224102550577479,,stocks,mcap,0.6164699621279411
2026-04-22,sector,stocks,,0.22066040878201457,55.10818373038277,0.002088318418811918,,stocks,mcap,0.6363048041638409
2026-04-23,sector,stocks,,0.1813581388675784,52.5183134373554,-0.0013503760819034184,,stocks,mcap,0.21573415823258998
2026-04-24,sector,stocks,,0.2726255664393821,57.97704682351652,0.002283502700006608,,stocks,mcap,1.1900458416278468
2026-04-25,sector,stocks,,0.2578808645702382,50.4249194040496,0.003389188464689278,,stocks,mcap,0.9806157596724526
2026-04-26,sector,stocks,,0.2276964232930282,49.16813042004723,0.001859237205518418,,stocks,mcap,0.5130671050764456
2026-04-27,sector,stocks,,0.21070513480012726,52.04561296698387,-0.0004047590948915974,,stocks,mcap,0.3743594719806993
2026-04-28,sector,stocks,,0.18254077059799032,43.94050582881451,-0.003722275240760454,,stocks,mcap,-0.047731108272338486
2026-04-29,sector,stocks,,0.19548372483089096,51.48209319565396,-0.004894350690844398,,stocks,mcap,0.099557136164799
2026-04-30,sector,stocks,,0.20088385032349174,51.60899649818309,-0.005130473838580226,,stocks,mcap,0.09909854740306553
2026-05-01,sector,stocks,,0.24054152489640565,53.49564745775503,-0.0025696521119433977,,stocks,mcap,0.6453443266198767
2026-05-02,sector,stocks,,0.23909391560277873,50.72344923274247,-0.0010073884603182433,,stocks,mcap,0.6109893880702663
2026-05-03,sector,stocks,,0.27260343569189677,47.61250164153067,0.0020802802660911807,,stocks,mcap,0.8539993011178039
2026-05-04,sector,stocks,,0.18968267353320103,47.81191436591265,-0.0014728673456113738,,stocks,mcap,-0.012458602047384526
2026-05-05,sector,stocks,,0.17392521967623312,44.94380796735626,-0.004712525722254434,,stocks,mcap,-0.282137055783271
2026-05-06,sector,stocks,,0.21854912506899601,49.76896293285372,-0.0037217287894527737,,stocks,mcap,0.31202682332150844
2026-05-07,sector,stocks,,0.1942267926220704,51.45594561860444,-0.004522808893868123,,stocks,mcap,-0.08152724679865309
2026-05-08,sector,stocks,,0.20441671524087593,40.54904842997887,-0.004192208980275027,,stocks,mcap,-0.21884626860912604
2026-05-09,sector,stocks,,0.2623781877321738,50.55649770730852,-0.00011140094736623342,,stocks,mcap,0.6682928336214858
2026-05-10,sector,stocks,,0.26452502824020396,54.89694907238771,0.0025443366661027124,,stocks,mcap,0.8307688028069313
2026-05-11,sector,stocks,,0.20072027715613147,48.81933723531733,-4.702596362086975e-05,,stocks,mcap,0.001627888503113975
2026-05-12,sector,stocks,,0.1556043274094393,46.937657439636645,-0.0045985430388921006,,stocks,mcap,-0.5028196756364555
2026-05-13,sector,stocks,,0.18574361226785482,48.93433658461639,-0.005326954627695973,,stocks,mcap,-0.3079336549872592
2026-05-14,sector,stocks,,0.18286166960582925,48.01727208604259,-0.005716129613932641,,stocks,mcap,-0.392666828228562
2026-05-15,sector,stocks,,0.16760813723783163,41.52085796112566,-0.006648774211027142,,stocks,mcap,-0.6886652421193462
2026-05-16,sector,stocks,,0.23888889480655004,49.97949416485033,-0.002335594135332246,,stocks,mcap,0.2891389710415899
2026-05-17,sector,stocks,,0.21387995855532815,44.02497560304924,-0.0011001968278354015,,stocks,mcap,0.022093549529915463
2026-05-18,sector,stocks,,0.23422597326603017,55.19354733690843,0.0010382988829317047,,stocks,mcap,0.45011086952506363
2026-05-19,sector,stocks,,0.16804840061528664,49.38687745093672,-0.0018933640056214246,,stocks,mcap,-0.43999742124779595
2026-05-20,sector,stocks,,0.22671245358040862,50.82743141554879,0.0001221947875885065,,stocks,mcap,0.2755174607740303
2026-05-21,sector,stocks,,0.2502685744925972,55.6892073575721,0.0028921326530976393,,stocks,mcap,0.6372415647237291
2026-05-22,sector,stocks,,0.09603688107995093,41.487187766873284,-0.005362898734436926,,stocks,mcap,-1.2091031514377315
2026-05-23,sector,stocks,,,35.62572027556179,-0.00429031898754954,,stocks,mcap,
2026-03-24,ecosystem,ecosystem,,0.18509277232273494,,0.0,,stocks,mcap,
2026-03-25,ecosystem,ecosystem,,0.16329014115849033,0.0,-0.0013913929859802777,,stocks,mcap,
2026-03-26,ecosystem,ecosystem,,0.13508347241659766,0.0,-0.003987464471459581,,stocks,mcap,
2026-03-27,ecosystem,ecosystem,,0.11395693196304954,0.0,-0.006741589259847395,,stocks,mcap,
2026-03-28,ecosystem,ecosystem,,0.15209536200274976,34.901564568043696,-0.005652885615405808,,stocks,mcap,
2026-03-29,ecosystem,ecosystem,,0.18863592983810154,51.214950946783176,-0.0023017309644694853,,stocks,mcap,
2026-03-30,ecosystem,ecosystem,,0.12884302157398456,36.321101294434015,-0.0038507201995870606,,stocks,mcap,
2026-03-31,ecosystem,ecosystem,,0.11662500028620344,34.28382171396798,-0.005344929402157908,,stocks,mcap,
2026-04-01,ecosystem,ecosystem,,0.1652152887391981,46.26946591280935,-0.0028336481824988193,,stocks,mcap,
2026-04-02,ecosystem,ecosystem,,0.11909610303823534,39.441723615757176,-0.003981127601169667,,stocks,mcap,
2026-04-03,ecosystem,ecosystem,,0.1686261509924931,47.72601492191864,-0.0012485101057982256,,stocks,mcap,0.8713814229644008
2026-04-04,ecosystem,ecosystem,,0.1693028034938383,47.82352590320939,0.0006579646804958702,,stocks,mcap,1.0173724490351064
2026-04-05,ecosystem,ecosystem,,0.2091262975529057,52.98504579054213,0.004443449002641136,,stocks,mcap,1.6973021553343979
2026-04-06,ecosystem,ecosystem,,0.1466409691688077,45.86584884263019,0.0026689812006575366,,stocks,mcap,0.5235981634599516
2026-04-07,ecosystem,ecosystem,,0.1825005478345898,49.74124865639568,0.003772722724044145,,stocks,mcap,1.065606607232228
2026-04-08,ecosystem,ecosystem,,0.1654663808619701,50.219316267605855,0.0032384560624497977,,stocks,mcap,0.7369825054075705
2026-04-09,ecosystem,ecosystem,,0.15339572973883334,51.90750351022593,0.002014903634633215,,stocks,mcap,0.46144415664580546
2026-04-10,ecosystem,ecosystem,,0.17783850937396703,56.6085926233343,0.0027490703583279395,,stocks,mcap,0.9027632931141338
2026-04-11,ecosystem,ecosystem,,0.2511416325382346,59.55147476092804,0.00778369857598977,,stocks,mcap,1.984013285716594
2026-04-12,ecosystem,ecosystem,,0.2329078074153691,54.42559408989086,0.009390434397569576,,stocks,mcap,1.588270987429201
2026-04-13,ecosystem,ecosystem,,0.188383343503614,56.139296428253935,0.007065196080561652,,stocks,mcap,0.9157086822322982
2026-04-14,ecosystem,ecosystem,,0.23428138965668063,61.3438380177667,0.00815181572119247,,stocks,mcap,1.4511326954574923
2026-04-15,ecosystem,ecosystem,,0.18169463763296498,51.576705347835556,0.005016310055715141,,stocks,mcap,0.5283291434711431
2026-04-16,ecosystem,ecosystem,,0.18892968121773457,57.21862801714142,0.003205080488489901,,stocks,mcap,0.5668236266568659
2026-04-17,ecosystem,ecosystem,,0.2079668458859705,54.340217781539835,0.0030647079398722693,,stocks,mcap,0.6962768563461557
2026-04-18,ecosystem,ecosystem,,0.22813598064496096,56.22305215117226,0.004044209358973231,,stocks,mcap,0.9640580910511615
2026-04-19,ecosystem,ecosystem,,0.2866685084310708,57.889725771628626,0.00811332355045864,,stocks,mcap,1.669269690995886
2026-04-20,ecosystem,ecosystem,,0.20471978097964802,55.68423781050834,0.004921960057158111,,stocks,mcap,0.6375879207845079
2026-04-21,ecosystem,ecosystem,,0.21278395026571287,53.13440489620884,0.003080360998324358,,stocks,mcap,0.5391811610503217
2026-04-22,ecosystem,ecosystem,,0.2215079210592766,55.90196257195762,0.002216394028477852,,stocks,mcap,0.5968595615489514
2026-04-23,ecosystem,ecosystem,,0.18321658561690038,52.97618640669239,-0.000994980129646288,,stocks,mcap,-0.03670265713706461
2026-04-24,ecosystem,ecosystem,,0.26951683501291496,58.14413826947534,0.0024440935400702347,,stocks,mcap,1.0586724683904891
2026-04-25,ecosystem,ecosystem,,0.25351192385537524,50.234426843003156,0.0033368102165402987,,stocks,mcap,0.7940005851303367
2026-04-26,ecosystem,ecosystem,,0.23037713310647487,49.75211402414503,0.0021241044531784894,,stocks,mcap,0.477635765278584
2026-04-27,ecosystem,ecosystem,,0.20723420926998504,51.927216504255334,-0.0003500275650029708,,stocks,mcap,0.1298893429808825
2026-04-28,ecosystem,ecosystem,,0.17733717569023472,43.981401664078106,-0.003915332754474537,,stocks,mcap,-0.5319464615717101
2026-04-29,ecosystem,ecosystem,,0.19954148206586206,52.01574397962719,-0.004643755325693971,,stocks,mcap,-0.20971624568023114
2026-04-30,ecosystem,ecosystem,,0.2021101635798711,51.50455282463694,-0.004798405365043834,,stocks,mcap,-0.19286084462399827
2026-05-01,ecosystem,ecosystem,,0.23630976386817612,53.1270985295143,-0.002555771009602803,,stocks,mcap,0.3122583105758277
2026-05-02,ecosystem,ecosystem,,0.2384671746850108,51.18702792958429,-0.0009671603938751008,,stocks,mcap,0.3927356707151143
2026-05-03,ecosystem,ecosystem,,0.2698756233486109,47.942283215279446,0.0019971804726113644,,stocks,mcap,0.7954017700931333
2026-05-04,ecosystem,ecosystem,,0.19155454357988638,48.37232668652055,-0.0013388273732627774,,stocks,mcap,-0.1556224759736209
2026-05-05,ecosystem,ecosystem,,0.1699012839838672,44.87059265863914,-0.0048294333347724,,stocks,mcap,-0.6619235704171724
2026-05-06,ecosystem,ecosystem,,0.21797596733282854,49.61387488483157,-0.0037730733906200095,,stocks,mcap,-0.030960806395056828
2026-05-07,ecosystem,ecosystem,,0.19279976743204846,51.078595422459706,-0.004588240084098605,,stocks,mcap,-0.288651139206885
2026-05-08,ecosystem,ecosystem,,0.20374366790278328,41.08492219989366,-0.004218153081650163,,stocks,mcap,-0.35899559668545
2026-05-09,ecosystem,ecosystem,,0.2593125630071811,50.71007735474858,-0.0002670956674687211,,stocks,mcap,0.640462373106835
2026-05-10,ecosystem,ecosystem,,0.265732231125645,54.51261688633008,0.0025853435877650037,,stocks,mcap,0.955243017891565
2026-05-11,ecosystem,ecosystem,,0.2010616776700028,49.287670384020466,5.6956303411966926e-05,,stocks,mcap,0.051987917331992796
2026-05-12,ecosystem,ecosystem,,0.15890223777094015,47.93110473339249,-0.00427500971043499,,stocks,mcap,-0.6770322153133713
2026-05-13,ecosystem,ecosystem,,0.1790030555891413,47.68410262791477,-0.0055272873060449295,,stocks,mcap,-0.5667187198719261
2026-05-14,ecosystem,ecosystem,,0.1884881675058862,48.48758446616705,-0.005448501148311301,,stocks,mcap,-0.4405345495947956
2026-05-15,ecosystem,ecosystem,,0.16293334017349123,41.69375467102418,-0.0067633089445059405,,stocks,mcap,-1.2290212411214931
2026-05-16,ecosystem,ecosystem,,0.23971700981061841,50.12103286547763,-0.0023362512909607773,,stocks,mcap,-0.31461803618324213
2026-05-17,ecosystem,ecosystem,,0.20412009757273142,43.68353636291539,-0.0017089186939683505,,stocks,mcap,-0.3563280529227245
2026-05-18,ecosystem,ecosystem,,0.2295294816025019,54.06064536360517,0.00040110831648397353,,stocks,mcap,0.22928295680396743
2026-05-19,ecosystem,ecosystem,,0.16324882958395068,49.350631256033125,-0.0025225097447637915,,stocks,mcap,-0.3621483323537469
2026-05-20,ecosystem,ecosystem,,0.2219807457773691,50.382952448333576,-0.0004640987681287234,,stocks,mcap,0.006219577103569254
2026-05-21,ecosystem,ecosystem,,0.24857560231245854,55.31907024073959,0.0025591918923583814,,stocks,mcap,0.6258840888105109
2026-05-22,ecosystem,ecosystem,,0.10282766536767496,42.344462758977386,-0.004975582818005088,,stocks,mcap,-0.943469837849799
2026-05-23,ecosystem,ecosystem,,,37.035987624505246,-0.003980466254404071,,stocks,mcap,
