date,level,name,term,combined_compound,rsi,macd_hist,asset_seta_score,universe,weighting,seta_score
2026-03-24,asset,AAVE,AAVE,0.32044386054308777,,0.0,,crypto,equal,
2026-03-25,asset,AAVE,AAVE,0.1300416463429162,,0.01783107511732851,,crypto,equal,
2026-03-26,asset,AAVE,AAVE,-0.03282279979757788,,-0.44822642649976385,,crypto,equal,
2026-03-27,asset,AAVE,AAVE,0.15187095278288085,,-1.1273022720648829,,crypto,equal,
2026-03-28,asset,AAVE,AAVE,0.03482402204694808,,-1.610150096777319,,crypto,equal,
2026-03-29,asset,AAVE,AAVE,0.15610886219454784,,-1.9093796516470443,,crypto,equal,
2026-03-30,asset,AAVE,AAVE,0.12036911703356011,,-1.9015535398721004,,crypto,equal,
2026-03-31,asset,AAVE,AAVE,-0.01240717658686918,,-1.6895759413426643,,crypto,equal,
2026-04-01,asset,AAVE,AAVE,-0.015624404799853804,,-1.4513071361799321,,crypto,equal,
2026-04-02,asset,AAVE,AAVE,0.2946418438600169,,-1.442172742752152,,crypto,equal,
2026-04-03,asset,AAVE,AAVE,-0.07924306079496107,,-1.3057819539938715,,crypto,equal,
2026-04-04,asset,AAVE,AAVE,-0.2968512803630787,,-1.1400057448660839,,crypto,equal,
2026-04-05,asset,AAVE,AAVE,-0.10678153160780203,,-0.973946036748734,,crypto,equal,
2026-04-06,asset,AAVE,AAVE,0.10320767302906927,,-0.8499632173465375,,crypto,equal,
2026-04-07,asset,AAVE,AAVE,-0.030646868970047453,34.70376710418127,-0.5117053229108555,,crypto,equal,
2026-04-08,asset,AAVE,AAVE,0.08838479172863066,28.154039087388256,-0.48289058018144626,,crypto,equal,
2026-04-09,asset,AAVE,AAVE,0.19881333119256808,26.210063776483878,-0.49139943556273114,,crypto,equal,
2026-04-10,asset,AAVE,AAVE,-0.18271223313484342,36.51827516840796,-0.2344565753119614,,crypto,equal,
2026-04-11,asset,AAVE,AAVE,0.2169154439128362,39.509134163148715,0.0436447452992228,,crypto,equal,
2026-04-12,asset,AAVE,AAVE,-0.19065729815952312,31.9664370820135,-0.045593753737008136,,crypto,equal,
2026-04-13,asset,AAVE,AAVE,0.36581125489437993,56.986681887131006,0.7929477558978659,,crypto,equal,
2026-04-14,asset,AAVE,AAVE,0.2929056344166994,52.02805786078406,1.1101186650699755,,crypto,equal,
2026-04-15,asset,AAVE,AAVE,-0.060161766197746505,58.63781909029361,1.6360625241012596,,crypto,equal,
2026-04-16,asset,AAVE,AAVE,0.20242710592477112,67.39922854039187,2.5452087441752473,,crypto,equal,
2026-04-17,asset,AAVE,AAVE,-0.1614392067525246,66.52621025060566,2.971328317404976,,crypto,equal,
2026-04-18,asset,AAVE,AAVE,-0.13363223411777722,49.823835304931855,2.2264616522096,,crypto,equal,
2026-04-19,asset,AAVE,AAVE,-0.3034605589112407,41.05606255141627,0.9656188882626393,,crypto,equal,
2026-04-20,asset,AAVE,AAVE,-0.4698230418563474,41.4279517945002,0.15999090902703283,,crypto,equal,
2026-04-21,asset,AAVE,AAVE,-0.14119672225903457,42.714059456459495,-0.26506219297911926,,crypto,equal,
2026-04-22,asset,AAVE,AAVE,-0.15369476637724735,45.041199764066796,-0.3681617330333693,,crypto,equal,
2026-04-23,asset,AAVE,AAVE,-0.06599107650605512,45.37723731652364,-0.38103286668187564,,crypto,equal,
2026-04-24,asset,AAVE,AAVE,-0.060064174902251855,45.372647125881365,-0.35538112891539253,,crypto,equal,
2026-04-25,asset,AAVE,AAVE,-0.006373937665569009,45.13741613867206,-0.319991360154241,,crypto,equal,
2026-04-26,asset,AAVE,AAVE,0.09055514175718915,48.275986869718686,-0.11146657697245832,0.27754381127039873,crypto,equal,
2026-04-27,asset,AAVE,AAVE,0.08192541278733359,49.66859218429027,0.11006736733952716,0.34446306236005575,crypto,equal,
2026-04-28,asset,AAVE,AAVE,0.1315912296520546,48.20302580744301,0.18621578486892254,0.4197706765064906,crypto,equal,
2026-04-29,asset,AAVE,AAVE,0.03780342017363822,44.19856511195576,0.03257736092248398,0.07055283863798004,crypto,equal,
2026-04-30,asset,AAVE,AAVE,-0.04019365719806714,43.62814766106335,-0.0805599099020502,-0.13968862986183492,crypto,equal,
2026-05-01,asset,AAVE,AAVE,0.1961959128950003,42.645737309729704,-0.18206420825928293,0.31047211508386613,crypto,equal,
2026-05-02,asset,AAVE,AAVE,0.4942785523345192,44.86838684772777,-0.1371943277619312,0.9450199450780048,crypto,equal,
2026-05-03,asset,AAVE,AAVE,0.12564342423859634,43.682651512899675,-0.14003832317207432,0.1566796067901696,crypto,equal,
2026-05-04,asset,AAVE,AAVE,0.03444420782908797,43.40345718250375,-0.1304049848496871,-0.0357831043675842,crypto,equal,
2026-05-05,asset,AAVE,AAVE,0.0298005192675783,45.871500857917766,-0.019834069377574925,0.06143318495675233,crypto,equal,
2026-05-06,asset,AAVE,AAVE,0.16287146506151184,47.404034512822136,0.11747621651119733,0.42164057275083744,crypto,equal,
2026-05-07,asset,AAVE,AAVE,-0.24879639407098297,44.20229224721868,0.09425672987030476,-0.5394779413864629,crypto,equal,
2026-05-08,asset,AAVE,AAVE,-0.0015027397385352975,50.62821663430273,0.30479320880095506,0.24414851341171068,crypto,equal,
2026-05-09,asset,AAVE,AAVE,0.10094474376847612,50.592224591112405,0.4350292725551723,0.48890756030766225,crypto,equal,
2026-05-10,asset,AAVE,AAVE,-0.2720905060949939,60.55679192119695,0.9131309520101718,0.15700006595110105,crypto,equal,
2026-05-11,asset,AAVE,AAVE,0.42019743109017815,58.75824611669049,1.1202885981847153,1.5406710202960465,crypto,equal,
2026-05-12,asset,AAVE,AAVE,-0.024479384644830536,50.485873586594934,0.9090110795055131,0.30256231836004305,crypto,equal,
2026-05-13,asset,AAVE,AAVE,0.036187442539232104,49.963343608260736,0.716558246980772,0.3490957543592229,crypto,equal,
2026-05-14,asset,AAVE,AAVE,0.1467854699937144,53.27052595520592,0.6925170868105774,0.6701280618379623,crypto,equal,
2026-05-15,asset,AAVE,AAVE,0.22988210098208134,44.58464034754401,0.29538514106412384,0.42988720349699727,crypto,equal,
2026-05-16,asset,AAVE,AAVE,-0.23134057363308017,40.90213415560464,-0.14474058834072678,-0.7655460683094799,crypto,equal,
2026-05-17,asset,AAVE,AAVE,0.10091129646817636,39.81902008446841,-0.4637172929356913,-0.2063459680752445,crypto,equal,
2026-05-18,asset,AAVE,AAVE,0.30156816301367867,40.26614939499671,-0.6196344579912141,0.17137647862123018,crypto,equal,
2026-05-19,asset,AAVE,AAVE,0.17623185051272622,37.56270239906757,-0.8078717125254711,-0.23097704079611248,crypto,equal,
2026-05-20,asset,AAVE,AAVE,0.10954977213993199,38.91666839381607,-0.8352086854180945,-0.3244394907786536,crypto,equal,
2026-05-21,asset,AAVE,AAVE,0.07840130462102479,39.10336384480304,-0.7928989239334434,-0.36410445289696747,crypto,equal,
2026-05-22,asset,AAVE,AAVE,0.2321717176067328,36.00307322148146,-0.8491154329143291,-0.16048459487798516,crypto,equal,
2026-05-23,asset,AAVE,AAVE,,36.00307322148146,-0.6792923463314633,,crypto,equal,
2026-03-24,asset,ADA,ADA,0.05881497682821709,,0.0,,crypto,equal,
2026-03-25,asset,ADA,ADA,0.06677734152496455,,0.0002644861560280987,,crypto,equal,
2026-03-26,asset,ADA,ADA,0.13639906756624992,,-0.0005899145468628486,,crypto,equal,
2026-03-27,asset,ADA,ADA,0.00032835932973311784,,-0.0016480150503265828,,crypto,equal,
2026-03-28,asset,ADA,ADA,-0.0709958039825834,,-0.0022287519846672797,,crypto,equal,
2026-03-29,asset,ADA,ADA,-0.08489772116650962,,-0.002861433544665648,,crypto,equal,
2026-03-30,asset,ADA,ADA,0.029671890197043863,,-0.0028625637980847873,,crypto,equal,
2026-03-31,asset,ADA,ADA,-0.007556945569586591,,-0.0027899977608674877,,crypto,equal,
2026-04-01,asset,ADA,ADA,0.11078127309556351,,-0.0021354571587479817,,crypto,equal,
2026-04-02,asset,ADA,ADA,0.15247838254999888,,-0.0021620747491217455,,crypto,equal,
2026-04-03,asset,ADA,ADA,0.10081470728441334,,-0.0015850334416351152,,crypto,equal,
2026-04-04,asset,ADA,ADA,-0.051442880441676817,,-0.0009889508123388391,,crypto,equal,
2026-04-05,asset,ADA,ADA,0.06336743870034814,,-0.0003414315673190404,,crypto,equal,
2026-04-06,asset,ADA,ADA,0.27057788473643873,,-0.00016435930803520953,,crypto,equal,
2026-04-07,asset,ADA,ADA,0.24303920050054895,68.29634814958267,0.0010572343045187633,,crypto,equal,
2026-04-08,asset,ADA,ADA,0.19902127961075583,58.79378296364398,0.0010543798846069062,,crypto,equal,
2026-04-09,asset,ADA,ADA,0.21458600355818302,60.46989806021594,0.0012523707776963735,,crypto,equal,
2026-04-10,asset,ADA,ADA,0.13589943984162295,60.52879367745732,0.0013562379265317824,,crypto,equal,
2026-04-11,asset,ADA,ADA,0.0012650576380143497,56.79605828652216,0.0010866081612739315,,crypto,equal,
2026-04-12,asset,ADA,ADA,0.06630598023540807,47.72194903052068,3.807669843221371e-05,,crypto,equal,
2026-04-13,asset,ADA,ADA,0.04169730445009079,54.955570985498255,0.00020949484426592384,,crypto,equal,
2026-04-14,asset,ADA,ADA,0.27336561459496167,49.63465806691049,-0.0002362408392133095,,crypto,equal,
2026-04-15,asset,ADA,ADA,0.1350381801938405,53.04350819591299,-7.092794727316977e-05,,crypto,equal,
2026-04-16,asset,ADA,ADA,-0.03845508499182759,59.35760676986827,0.0009211871966948327,,crypto,equal,
2026-04-17,asset,ADA,ADA,-0.07063392358422556,59.022465836245416,0.001491922852504825,,crypto,equal,
2026-04-18,asset,ADA,ADA,0.15353316677961318,53.06964693858913,0.0011822801831244973,,crypto,equal,
2026-04-19,asset,ADA,ADA,0.17686498675458134,49.38789966424074,0.0005276935300777344,,crypto,equal,
2026-04-20,asset,ADA,ADA,0.06475705537240113,52.34561822356233,0.0004644785969953715,,crypto,equal,
2026-04-21,asset,ADA,ADA,0.3004395294902091,53.345979381811624,0.0005424842662198207,,crypto,equal,
2026-04-22,asset,ADA,ADA,0.12038639390121883,52.457518326522695,0.0004942407065421047,,crypto,equal,
2026-04-23,asset,ADA,ADA,0.30399105886750855,53.29630752816007,0.0005477964414704237,,crypto,equal,
2026-04-24,asset,ADA,ADA,0.21989220331852494,53.5686651335201,0.0005990092092537909,,crypto,equal,
2026-04-25,asset,ADA,ADA,0.055880665146797626,53.60624818269409,0.0006205497057892627,,crypto,equal,
2026-04-26,asset,ADA,ADA,-0.0030063817100948603,54.90754245002139,0.0007357926670999806,-0.17973080951854767,crypto,equal,
2026-04-27,asset,ADA,ADA,0.2164973829398087,51.45081732261166,0.0005202363242312455,0.33754874428909587,crypto,equal,
2026-04-28,asset,ADA,ADA,0.22667908333797823,50.36656738676712,0.000287214802714552,0.24982489977195743,crypto,equal,
2026-04-29,asset,ADA,ADA,0.3384794424997538,48.43947235612896,-8.167380589832332e-06,0.42665182903989995,crypto,equal,
2026-04-30,asset,ADA,ADA,0.26183524633298627,49.79313263270946,-8.459707550771299e-05,0.22457788684209978,crypto,equal,
2026-05-01,asset,ADA,ADA,0.2521677518823251,51.84349318377236,2.8939354982307833e-05,0.3367454978084024,crypto,equal,
2026-05-02,asset,ADA,ADA,0.03994941120147704,53.48906759419267,0.00022727884849423497,-0.22579039739005557,crypto,equal,
2026-05-03,asset,ADA,ADA,0.08076762774694199,52.845668681409975,0.00031319186900854805,-0.10517692839408958,crypto,equal,
2026-05-04,asset,ADA,ADA,0.17367980043468093,53.179273213287004,0.0003830182106066655,0.2516776518680204,crypto,equal,
2026-05-05,asset,ADA,ADA,0.349974899757579,63.44094065893499,0.0011962057182340745,1.6521065892865496,crypto,equal,
2026-05-06,asset,ADA,ADA,0.27740666191818786,66.56510280103186,0.0019592809849754084,1.6730202071286773,crypto,equal,
2026-05-07,asset,ADA,ADA,0.2666365540719591,61.66332082543788,0.0020716068760579806,1.3266879218092409,crypto,equal,
2026-05-08,asset,ADA,ADA,0.27116717807998264,68.17673055154617,0.002719499910434942,1.7456254984344808,crypto,equal,
2026-05-09,asset,ADA,ADA,0.5665640968493418,65.41360554778822,0.002816541253198839,2.353074556832211,crypto,equal,
2026-05-10,asset,ADA,ADA,0.2569324590901611,71.19051606337827,0.0034448783124769594,1.7338814818925488,crypto,equal,
2026-05-11,asset,ADA,ADA,0.2878553002886267,69.07303162396516,0.0035118179050720568,1.643668042440705,crypto,equal,
2026-05-12,asset,ADA,ADA,0.19447031181660213,59.78046331458278,0.0027364854866193866,0.7613405461993854,crypto,equal,
2026-05-13,asset,ADA,ADA,0.28991039938669577,54.37416524868184,0.0016568759703755095,0.5704182739881891,crypto,equal,
2026-05-14,asset,ADA,ADA,0.37426612340401866,58.12002603612392,0.0012334721085063326,0.8872968475399249,crypto,equal,
2026-05-15,asset,ADA,ADA,0.288097300180886,51.28863019932256,0.0002878946798023953,0.11783160696950591,crypto,equal,
2026-05-16,asset,ADA,ADA,0.05402283302643335,46.97546756894505,-0.0007787753630347427,-0.9676136861009987,crypto,equal,
2026-05-17,asset,ADA,ADA,0.01748884957038265,45.13255387163217,-0.0016355374301238066,-1.2939455029859015,crypto,equal,
2026-05-18,asset,ADA,ADA,0.18060403840459766,44.77432769409779,-0.0021602615501021072,-0.894944798641965,crypto,equal,
2026-05-19,asset,ADA,ADA,0.33959782201494165,42.49230909880026,-0.002631816895898693,-0.575220940419327,crypto,equal,
2026-05-20,asset,ADA,ADA,0.3584529519813751,43.41132075743613,-0.00275054757682995,-0.473249263606775,crypto,equal,
2026-05-21,asset,ADA,ADA,0.3705321869532615,44.64184381710911,-0.0026164145581425097,-0.3438609120375788,crypto,equal,
2026-05-22,asset,ADA,ADA,0.1408292088890375,39.14050863603975,-0.002921169373763472,-1.235406972462469,crypto,equal,
2026-05-23,asset,ADA,ADA,,39.14050863603975,-0.0023369354990107776,,crypto,equal,
2026-03-24,asset,ATOM,ATOM,0.03281229411512612,,0.0,,crypto,equal,
2026-03-25,asset,ATOM,ATOM,0.48442738798728213,,-0.0013921672571402866,,crypto,equal,
2026-03-26,asset,ATOM,ATOM,,,-0.006455567627794316,,crypto,equal,
2026-03-27,asset,ATOM,ATOM,0.24923031976893545,,-0.010864249351800928,,crypto,equal,
2026-03-28,asset,ATOM,ATOM,0.498154328324087,,-0.013493765575400973,,crypto,equal,
2026-03-29,asset,ATOM,ATOM,,,-0.01566945728521188,,crypto,equal,
2026-03-30,asset,ATOM,ATOM,0.13539338515549898,,-0.014801166988995737,,crypto,equal,
2026-03-31,asset,ATOM,ATOM,0.24332334430217742,,-0.010693827117785958,,crypto,equal,
2026-04-01,asset,ATOM,ATOM,,,-0.009365421472132124,,crypto,equal,
2026-04-02,asset,ATOM,ATOM,-0.36828287074957045,,-0.008457763810598682,,crypto,equal,
2026-04-03,asset,ATOM,ATOM,0.11831584519818425,,-0.005881846792462377,,crypto,equal,
2026-04-04,asset,ATOM,ATOM,,,-0.002176739277738076,,crypto,equal,
2026-04-05,asset,ATOM,ATOM,0.3878397970569863,,-0.0004650429918146952,,crypto,equal,
2026-04-06,asset,ATOM,ATOM,,,0.0012088323072564737,,crypto,equal,
2026-04-07,asset,ATOM,ATOM,0.010939243852649813,46.393712549272955,0.009051562786106915,,crypto,equal,
2026-04-08,asset,ATOM,ATOM,,43.286452199272304,0.012043200954657742,,crypto,equal,
2026-04-09,asset,ATOM,ATOM,0.16194738967120648,46.39601684606109,0.014793210664066976,,crypto,equal,
2026-04-10,asset,ATOM,ATOM,0.5955943603116354,47.183019307473266,0.016219677544437566,,crypto,equal,
2026-04-11,asset,ATOM,ATOM,0.8868715580385178,43.45926678289568,0.014550709930459971,,crypto,equal,
2026-04-12,asset,ATOM,ATOM,0.08463964109797031,37.55969773850026,0.009453657810577224,,crypto,equal,
2026-04-13,asset,ATOM,ATOM,0.472948472905159,45.70222574091802,0.009261833506379482,,crypto,equal,
2026-04-14,asset,ATOM,ATOM,0.24270824671983718,42.0033706274859,0.006524289308829483,,crypto,equal,
2026-04-15,asset,ATOM,ATOM,,44.920548950893135,0.0057950908102344855,,crypto,equal,
2026-04-16,asset,ATOM,ATOM,0.43682791045169966,50.42882827684183,0.007730757511606295,,crypto,equal,
2026-04-17,asset,ATOM,ATOM,0.18600493037104607,53.42363580985838,0.010131743905368888,,crypto,equal,
2026-04-18,asset,ATOM,ATOM,,47.299973171549226,0.007865406540422025,,crypto,equal,
2026-04-19,asset,ATOM,ATOM,,44.485270363762695,0.004334943026247389,,crypto,equal,
2026-04-20,asset,ATOM,ATOM,0.16910154612303402,49.833466170367565,0.004557882244867185,,crypto,equal,
2026-04-21,asset,ATOM,ATOM,-0.14593896798640493,54.78431503298315,0.007262461986771999,,crypto,equal,
2026-04-22,asset,ATOM,ATOM,-0.3217023856461048,56.50429240116818,0.009555200144199597,,crypto,equal,
2026-04-23,asset,ATOM,ATOM,,61.315000544272465,0.013629768175820765,,crypto,equal,
2026-04-24,asset,ATOM,ATOM,-0.3380870527088642,67.35242036688531,0.020374469029338482,,crypto,equal,
2026-04-25,asset,ATOM,ATOM,,69.80193028895395,0.02577906770718714,,crypto,equal,
2026-04-26,asset,ATOM,ATOM,0.5266999751075482,65.62094724689484,0.025641010339554487,1.48099954143911,crypto,equal,
2026-04-27,asset,ATOM,ATOM,0.24252963845252523,63.52260474631421,0.022915729591314292,0.9193244879030177,crypto,equal,
2026-04-28,asset,ATOM,ATOM,0.24319802553653716,59.314196284959856,0.01761552241500991,0.6224896447205956,crypto,equal,
2026-04-29,asset,ATOM,ATOM,0.11055836155861615,56.16189376893857,0.011371758801749766,0.1754672712212818,crypto,equal,
2026-04-30,asset,ATOM,ATOM,0.46068044078890236,51.35975850670292,0.0038268111425735496,0.27963955172957383,crypto,equal,
2026-05-01,asset,ATOM,ATOM,,52.32497369926863,-0.000966741637700344,,crypto,equal,
2026-05-02,asset,ATOM,ATOM,0.81417213235721,50.67030242068912,-0.005231331820935707,0.43218200243663707,crypto,equal,
2026-05-03,asset,ATOM,ATOM,-0.062065364792943,49.6744728527749,-0.008568619505519147,-0.8005133211755096,crypto,equal,
2026-05-04,asset,ATOM,ATOM,,51.434717515622886,-0.009731685797093916,,crypto,equal,
2026-05-05,asset,ATOM,ATOM,0.24316708513796328,50.604492852287095,-0.010716350555151334,-0.4058361848891623,crypto,equal,
2026-05-06,asset,ATOM,ATOM,0.20474415785173575,53.13986261238374,-0.00993161740921649,-0.33080665141339116,crypto,equal,
2026-05-07,asset,ATOM,ATOM,0.10976483229609829,50.524715517409085,-0.010374156610723287,-0.5562347541013308,crypto,equal,
2026-05-08,asset,ATOM,ATOM,0.8897526417100803,58.710863887821,-0.00622529621003888,0.8494338925813135,crypto,equal,
2026-05-09,asset,ATOM,ATOM,0.4774138964767258,56.578400797551936,-0.004481801708047878,0.2769276264730588,crypto,equal,
2026-05-10,asset,ATOM,ATOM,-0.19002501526847482,64.20241402997416,0.001388785288584611,-0.12647060763074458,crypto,equal,
2026-05-11,asset,ATOM,ATOM,-0.24763182903304692,66.96632605030891,0.0068430287522609975,0.04661214309684665,crypto,equal,
2026-05-12,asset,ATOM,ATOM,0.3366256335626046,71.27266591541867,0.013450309030070995,1.0539124679571261,crypto,equal,
2026-05-13,asset,ATOM,ATOM,-0.12080360634922982,61.82192724096532,0.012356199049453974,0.11270254831827076,crypto,equal,
2026-05-14,asset,ATOM,ATOM,-0.49163070974349976,62.42251141672248,0.011128455822054233,-0.3144488391706778,crypto,equal,
2026-05-15,asset,ATOM,ATOM,-0.04467092299968936,48.992632091594665,0.0017897908362104198,-0.49863317052748485,crypto,equal,
2026-05-16,asset,ATOM,ATOM,0.1795734023936093,58.267250944105236,0.0027361257851951093,0.12698282871457162,crypto,equal,
2026-05-17,asset,ATOM,ATOM,,57.47717207282549,0.0022749146625250724,,crypto,equal,
2026-05-18,asset,ATOM,ATOM,0.13516065859943008,60.44055251908644,0.00408596332776618,0.18462944187779678,crypto,equal,
2026-05-19,asset,ATOM,ATOM,-0.09793385402858258,56.77065532845595,0.002332822101254496,-0.2816063503698797,crypto,equal,
2026-05-20,asset,ATOM,ATOM,0.587841502714157,51.92831490992059,-0.0025306888313451,0.24041606956290873,crypto,equal,
2026-05-21,asset,ATOM,ATOM,0.15203248097002509,56.69140025828781,-0.0020007974325523953,-0.10351174963169774,crypto,equal,
2026-05-22,asset,ATOM,ATOM,-0.2524052922382951,58.29074509629523,-0.0005859129209086697,-0.4907867641823101,crypto,equal,
2026-05-23,asset,ATOM,ATOM,,58.29074509629523,-0.00046873033672693853,,crypto,equal,
2026-03-24,asset,AVAX,AVAX,0.15540625395915472,,0.0,,crypto,equal,
2026-03-25,asset,AVAX,AVAX,0.13174453856185078,,0.0037039245653431863,,crypto,equal,
2026-03-26,asset,AVAX,AVAX,-0.057156968906320035,,-0.03067566414852081,,crypto,equal,
2026-03-27,asset,AVAX,AVAX,0.21533936795827055,,-0.07095779532160776,,crypto,equal,
2026-03-28,asset,AVAX,AVAX,0.15517682675111832,,-0.09428078370715139,,crypto,equal,
2026-03-29,asset,AVAX,AVAX,0.03220023664941546,,-0.11308003417069395,,crypto,equal,
2026-03-30,asset,AVAX,AVAX,0.13217813045430746,,-0.10570661575279633,,crypto,equal,
2026-03-31,asset,AVAX,AVAX,0.06669281236189882,,-0.08723949934765218,,crypto,equal,
2026-04-01,asset,AVAX,AVAX,0.3391128803444349,,-0.056052605911763975,,crypto,equal,
2026-04-02,asset,AVAX,AVAX,0.15396526238806907,,-0.05631858424835723,,crypto,equal,
2026-04-03,asset,AVAX,AVAX,0.28769349735010136,,-0.041903330697759505,,crypto,equal,
2026-04-04,asset,AVAX,AVAX,0.14336776619276065,,-0.024805806868601427,,crypto,equal,
2026-04-05,asset,AVAX,AVAX,0.055931442462694304,,-0.006106988106684558,,crypto,equal,
2026-04-06,asset,AVAX,AVAX,0.15031878502782067,,-0.002249818150749483,,crypto,equal,
2026-04-07,asset,AVAX,AVAX,0.10420562573396912,61.42838275458814,0.034710252853949686,,crypto,equal,
2026-04-08,asset,AVAX,AVAX,0.09334759546063397,52.30770095060558,0.03423404620879886,,crypto,equal,
2026-04-09,asset,AVAX,AVAX,0.11784168087638809,57.88259658983877,0.05283976658965536,,crypto,equal,
2026-04-10,asset,AVAX,AVAX,0.1189120606354339,58.549659863128326,0.06548317298766262,,crypto,equal,
2026-04-11,asset,AVAX,AVAX,0.16177868105178345,57.87127626162915,0.06941596442698511,,crypto,equal,
2026-04-12,asset,AVAX,AVAX,0.0754406606987491,49.89808673447806,0.04751262608899044,,crypto,equal,
2026-04-13,asset,AVAX,AVAX,0.10680857024868952,60.73263708042516,0.07253005620616106,,crypto,equal,
2026-04-14,asset,AVAX,AVAX,0.18047415333388858,53.67542897405406,0.06232245812906926,,crypto,equal,
2026-04-15,asset,AVAX,AVAX,0.24530456070667583,55.69389907813709,0.06151635648404324,,crypto,equal,
2026-04-16,asset,AVAX,AVAX,0.18018724700396102,59.930829906421394,0.07690444647360972,,crypto,equal,
2026-04-17,asset,AVAX,AVAX,0.28232368820782766,59.92842822947232,0.0827572893356864,,crypto,equal,
2026-04-18,asset,AVAX,AVAX,0.04795780662660488,52.057271458879725,0.05665537510545661,,crypto,equal,
2026-04-19,asset,AVAX,AVAX,0.11717762570742984,46.8198412503837,0.017095088546446043,,crypto,equal,
2026-04-20,asset,AVAX,AVAX,0.018460524884297298,51.20334415902089,0.008007167730647784,,crypto,equal,
2026-04-21,asset,AVAX,AVAX,0.04065046366767061,52.97220997931798,0.008845057976737965,,crypto,equal,
2026-04-22,asset,AVAX,AVAX,0.40897599552284203,52.091985731013594,0.005692594669790822,,crypto,equal,
2026-04-23,asset,AVAX,AVAX,0.24279488026975746,52.8330566362246,0.0059482596279567465,,crypto,equal,
2026-04-24,asset,AVAX,AVAX,0.4212708677351195,53.15053101843108,0.006716506148217321,,crypto,equal,
2026-04-25,asset,AVAX,AVAX,0.17403401741754626,52.47489019769544,0.004710842210080408,,crypto,equal,
2026-04-26,asset,AVAX,AVAX,0.2342871214326471,54.33317157754927,0.008786423119592136,0.28948869190980875,crypto,equal,
2026-04-27,asset,AVAX,AVAX,0.12762804668999891,49.75077690325273,-0.0019852869602639614,-0.4899834442723873,crypto,equal,
2026-04-28,asset,AVAX,AVAX,0.1659977280684861,47.931871217069585,-0.014132231170646797,-0.5054127923479941,crypto,equal,
2026-04-29,asset,AVAX,AVAX,0.18138522977179927,46.63707359732092,-0.024914448003775402,-0.5499320893574331,crypto,equal,
2026-04-30,asset,AVAX,AVAX,0.2871558859404043,45.930373678040056,-0.03246432304423204,-0.19342211961901667,crypto,equal,
2026-05-01,asset,AVAX,AVAX,0.2953378688838501,45.74824373372396,-0.036028862652991975,-0.17002658691526526,crypto,equal,
2026-05-02,asset,AVAX,AVAX,0.24269199844152317,48.6048192417645,-0.03008978932956506,-0.151985677613,crypto,equal,
2026-05-03,asset,AVAX,AVAX,-0.13186909021101892,45.95809574493841,-0.0310465732999642,-1.6331102807832005,crypto,equal,
2026-05-04,asset,AVAX,AVAX,0.10529845591876756,48.695453038663715,-0.024070043954820895,-0.5629799976590277,crypto,equal,
2026-05-05,asset,AVAX,AVAX,0.08274110327327829,55.090560027960215,-0.0031218459753849757,-0.12335114240276206,crypto,equal,
2026-05-06,asset,AVAX,AVAX,0.17945221805616338,59.86243446249086,0.02376682771988572,0.6620186207126771,crypto,equal,
2026-05-07,asset,AVAX,AVAX,0.18641541561050212,56.45865039706627,0.03250828213337516,0.5205052961918135,crypto,equal,
2026-05-08,asset,AVAX,AVAX,0.10250301703510717,64.25543538829623,0.06146807088584213,0.7981123509391173,crypto,equal,
2026-05-09,asset,AVAX,AVAX,0.18074121503004184,65.27453833832669,0.08017604076092898,1.1842437596980575,crypto,equal,
2026-05-10,asset,AVAX,AVAX,0.2325919966795892,69.36841839342132,0.10409377372614327,1.6120893714754767,crypto,equal,
2026-05-11,asset,AVAX,AVAX,0.16123161140826783,66.46645579585461,0.1074555679534128,1.1441396277770648,crypto,equal,
2026-05-12,asset,AVAX,AVAX,0.33392648678294484,57.891549600323984,0.08443968351343238,1.2278997431010112,crypto,equal,
2026-05-13,asset,AVAX,AVAX,0.2187145908306865,55.858561733898725,0.05977011656765269,0.5494205379908008,crypto,equal,
2026-05-14,asset,AVAX,AVAX,0.0960643204614477,58.66862545898705,0.04898970684235515,0.1577732226440125,crypto,equal,
2026-05-15,asset,AVAX,AVAX,-0.03276708553472741,49.82845280846699,0.01562579762874286,-0.9227615490132993,crypto,equal,
2026-05-16,asset,AVAX,AVAX,0.04584344599608072,44.799840430490846,-0.023121607954116094,-1.0629023496682233,crypto,equal,
2026-05-17,asset,AVAX,AVAX,0.04556599759619451,42.93915443092749,-0.05363682602951697,-1.2816077626200375,crypto,equal,
2026-05-18,asset,AVAX,AVAX,0.07253808362709566,44.18021972640556,-0.06781706927035543,-1.167021135990956,crypto,equal,
2026-05-19,asset,AVAX,AVAX,0.06107623005239501,41.23137577562264,-0.08358373868273429,-1.381294622354336,crypto,equal,
2026-05-20,asset,AVAX,AVAX,0.4250056320155801,46.1872272219626,-0.07746451745574828,0.20214170380200508,crypto,equal,
2026-05-21,asset,AVAX,AVAX,0.1645950269518207,49.89157003675706,-0.06005537476200673,-0.46407479145654995,crypto,equal,
2026-05-22,asset,AVAX,AVAX,-0.11449198489936396,43.809046896108725,-0.06506212536411642,-1.7023219157981184,crypto,equal,
2026-05-23,asset,AVAX,AVAX,,43.809046896108725,-0.05204970029129313,,crypto,equal,
2026-03-24,asset,BNB,BNB,0.5026837769849867,,0.0,,crypto,equal,
2026-03-25,asset,BNB,BNB,0.15716786107416847,,0.5930595291742975,,crypto,equal,
2026-03-26,asset,BNB,BNB,0.2460413355672594,,-0.26887362963243505,,crypto,equal,
2026-03-27,asset,BNB,BNB,0.14962615514200622,,-1.7767578170827254,,crypto,equal,
2026-03-28,asset,BNB,BNB,0.43193759504918633,,-2.791438947878385,,crypto,equal,
2026-03-29,asset,BNB,BNB,0.14829373977323992,,-3.5886909487698815,,crypto,equal,
2026-03-30,asset,BNB,BNB,0.1734869474283313,,-3.6900381133494884,,crypto,equal,
2026-03-31,asset,BNB,BNB,0.12950098156082843,,-3.0148921102058925,,crypto,equal,
2026-04-01,asset,BNB,BNB,0.17607743466226228,,-2.790138994210702,,crypto,equal,
2026-04-02,asset,BNB,BNB,0.15854722691304776,,-4.20842042701317,,crypto,equal,
2026-04-03,asset,BNB,BNB,0.10205243560716823,,-4.5090861225608165,,crypto,equal,
2026-04-04,asset,BNB,BNB,0.03076156931023838,,-4.073190773080125,,crypto,equal,
2026-04-05,asset,BNB,BNB,0.36688341342506353,,-3.0098295918443085,,crypto,equal,
2026-04-06,asset,BNB,BNB,0.4088296519243655,,-2.1902291372770257,,crypto,equal,
2026-04-07,asset,BNB,BNB,0.18296052443574493,68.28273369845432,-0.19309170974321077,,crypto,equal,
2026-04-08,asset,BNB,BNB,0.1484816845818252,59.18141878212981,-0.0652517557994976,,crypto,equal,
2026-04-09,asset,BNB,BNB,0.07357630878829521,59.68758543303107,0.2056626143906417,,crypto,equal,
2026-04-10,asset,BNB,BNB,0.2475153923819804,60.58193606382596,0.6258714630485507,,crypto,equal,
2026-04-11,asset,BNB,BNB,0.22366788138916277,61.10441180729011,1.037152964735057,,crypto,equal,
2026-04-12,asset,BNB,BNB,0.27768981452995145,53.78702900005126,0.34983988530551713,,crypto,equal,
2026-04-13,asset,BNB,BNB,0.21526024666012972,61.32147837506268,1.4382047490734209,,crypto,equal,
2026-04-14,asset,BNB,BNB,0.14986035543273435,60.88253105145,2.0577183307768,,crypto,equal,
2026-04-15,asset,BNB,BNB,0.2771911845912583,63.47627583430103,2.9590573177669564,,crypto,equal,
2026-04-16,asset,BNB,BNB,0.19940387626054518,67.06115589326086,4.272814397389852,,crypto,equal,
2026-04-17,asset,BNB,BNB,0.18779250914393816,68.948587048784,5.408389539765427,,crypto,equal,
2026-04-18,asset,BNB,BNB,0.23164385652606373,62.07008292509902,5.0057217674825925,,crypto,equal,
2026-04-19,asset,BNB,BNB,0.16557925563739712,56.09066695005214,3.6553687803372967,,crypto,equal,
2026-04-20,asset,BNB,BNB,0.1516371259479644,60.097398438031846,3.472569525911682,,crypto,equal,
2026-04-21,asset,BNB,BNB,0.05102303436368676,60.781334457135806,3.335856247840356,,crypto,equal,
2026-04-22,asset,BNB,BNB,0.16218934248052316,62.54913904024297,3.458535768204321,,crypto,equal,
2026-04-23,asset,BNB,BNB,0.27250285840052413,62.801730214353746,3.403289173239756,,crypto,equal,
2026-04-24,asset,BNB,BNB,0.14115521514639365,61.60799263068212,3.0370900058442425,,crypto,equal,
2026-04-25,asset,BNB,BNB,0.12231151076310004,57.458422515422,2.1305031807152948,,crypto,equal,
2026-04-26,asset,BNB,BNB,0.2514476139501017,60.12263063122797,1.8870384673773293,0.23818689634301873,crypto,equal,
2026-04-27,asset,BNB,BNB,0.14866263331899793,55.41369898577612,1.0283592416069771,-0.5867033705874205,crypto,equal,
2026-04-28,asset,BNB,BNB,0.16225577276223474,54.287865263195926,0.26371521684979937,-0.651036419022332,crypto,equal,
2026-04-29,asset,BNB,BNB,0.24700117242582287,50.693355115357015,-0.7217355143435644,-0.5854335583783083,crypto,equal,
2026-04-30,asset,BNB,BNB,0.28399531478904283,49.62499212989561,-1.4699821738006111,-0.5022132693421416,crypto,equal,
2026-05-01,asset,BNB,BNB,0.16872802767479655,49.68720165739603,-1.8799890081898143,-0.9361828630968732,crypto,equal,
2026-05-02,asset,BNB,BNB,0.17599211136600934,51.22770635812159,-1.8794497876832033,-0.7804195899933573,crypto,equal,
2026-05-03,asset,BNB,BNB,0.3905236754670811,50.82001164282182,-1.8415731969952989,0.07326048714201558,crypto,equal,
2026-05-04,asset,BNB,BNB,0.38961528627506925,53.820537276328864,-1.4015389582432023,0.25783038031291383,crypto,equal,
2026-05-05,asset,BNB,BNB,0.29419810026224624,58.03530760611292,-0.5534644898454373,0.20807531088627612,crypto,equal,
2026-05-06,asset,BNB,BNB,0.22058057193412411,65.34121173908477,1.0892195798631872,0.49554670120193345,crypto,equal,
2026-05-07,asset,BNB,BNB,0.21011265812665342,58.55655481144628,1.376836370908487,0.10850089008901469,crypto,equal,
2026-05-08,asset,BNB,BNB,0.2054895163485023,63.34384346866717,2.257991355688166,0.44961130265586835,crypto,equal,
2026-05-09,asset,BNB,BNB,0.2994479602333627,63.45554984159616,2.6920371629666677,0.8656335149425725,crypto,equal,
2026-05-10,asset,BNB,BNB,0.2513898381966909,68.18186825366394,3.673035319722815,1.011377746633911,crypto,equal,
2026-05-11,asset,BNB,BNB,0.0797798776932718,70.23892016457454,4.496071426127981,0.4775478150566036,crypto,equal,
2026-05-12,asset,BNB,BNB,0.19828658279801412,66.54723631879047,4.386117414512055,0.7223649781446164,crypto,equal,
2026-05-13,asset,BNB,BNB,0.36673378211488566,68.70637787453286,4.45525254673298,1.4775564424917393,crypto,equal,
2026-05-14,asset,BNB,BNB,0.2556367218661014,70.76780553346335,4.628997493218993,1.110572084232586,crypto,equal,
2026-05-15,asset,BNB,BNB,0.18292556473177704,66.55753291594219,4.038838237563041,0.524038151773043,crypto,equal,
2026-05-16,asset,BNB,BNB,0.18339116126039462,56.77008013544387,2.346168155838143,-0.1466800070098623,crypto,equal,
2026-05-17,asset,BNB,BNB,0.13443148104333139,52.96906022297528,0.6075796856299807,-0.7125070879016184,crypto,equal,
2026-05-18,asset,BNB,BNB,0.20645806541922743,50.14901260764888,-0.9675832853624158,-0.7022165394483605,crypto,equal,
2026-05-19,asset,BNB,BNB,0.1293445772758304,48.40040177980673,-2.221276031698874,-1.2069185143863128,crypto,equal,
2026-05-20,asset,BNB,BNB,0.16446980540963074,53.03279122773307,-2.37319476476317,-0.838243979972333,crypto,equal,
2026-05-21,asset,BNB,BNB,0.1401378443706995,56.934871551969124,-1.858905432612925,-0.6884430660606706,crypto,equal,
2026-05-22,asset,BNB,BNB,0.3245066320529293,52.6046051356348,-2.030825704749086,-0.13269717418125787,crypto,equal,
2026-05-23,asset,BNB,BNB,,52.6046051356348,-1.624660563799269,,crypto,equal,
2026-03-24,asset,BTC,BTC,0.035824928857116335,,0.0,,crypto,equal,
2026-03-25,asset,BTC,BTC,0.08348992750296287,,49.11071643523174,,crypto,equal,
2026-03-26,asset,BTC,BTC,0.06134009402118681,,-83.8742688776669,,crypto,equal,
2026-03-27,asset,BTC,BTC,-0.05048471895004351,,-316.73348009596623,,crypto,equal,
2026-03-28,asset,BTC,BTC,-0.0193899498664665,,-447.65657147043464,,crypto,equal,
2026-03-29,asset,BTC,BTC,-0.01954191701992832,,-527.5326162161545,,crypto,equal,
2026-03-30,asset,BTC,BTC,0.01602481291036392,,-497.5516173940879,,crypto,equal,
2026-03-31,asset,BTC,BTC,0.00602206811813069,,-353.7889257931056,,crypto,equal,
2026-04-01,asset,BTC,BTC,0.04345520213260929,,-247.76051971179845,,crypto,equal,
2026-04-02,asset,BTC,BTC,0.02141099345723489,,-240.10173442217285,,crypto,equal,
2026-04-03,asset,BTC,BTC,-0.0646296991827821,,-212.77584988027525,,crypto,equal,
2026-04-04,asset,BTC,BTC,-0.05668051320030127,,-156.23995087117885,,crypto,equal,
2026-04-05,asset,BTC,BTC,-0.0028557274399938076,,3.2595079322142055,,crypto,equal,
2026-04-06,asset,BTC,BTC,0.039627087481378324,,100.43941120915815,,crypto,equal,
2026-04-07,asset,BTC,BTC,0.08325494253351434,75.3523506257838,358.0640746461843,,crypto,equal,
2026-04-08,asset,BTC,BTC,0.03933284364584291,70.74133485024132,453.9784685944187,,crypto,equal,
2026-04-09,asset,BTC,BTC,0.11720751853885936,72.31831464991163,540.6453048337141,,crypto,equal,
2026-04-10,asset,BTC,BTC,0.052807297839734,74.7627813370199,646.1796897394006,,crypto,equal,
2026-04-11,asset,BTC,BTC,0.07663559057972859,74.93524431180303,686.0734932902437,,crypto,equal,
2026-04-12,asset,BTC,BTC,0.036335468175830304,62.49628993368663,527.0414975794399,,crypto,equal,
2026-04-13,asset,BTC,BTC,0.05888405025863588,70.7814381476434,634.8569824233991,,crypto,equal,
2026-04-14,asset,BTC,BTC,0.029597353353414124,69.59452895823559,650.165743775083,,crypto,equal,
2026-04-15,asset,BTC,BTC,0.10525607172503414,70.88989484398013,663.7552552219124,,crypto,equal,
2026-04-16,asset,BTC,BTC,0.05936462311115082,71.55919125580601,653.7571893226,,crypto,equal,
2026-04-17,asset,BTC,BTC,0.0595160964681869,75.1194947224077,730.0978591049574,,crypto,equal,
2026-04-18,asset,BTC,BTC,0.05375254198321008,68.58774027049219,644.232458285097,,crypto,equal,
2026-04-19,asset,BTC,BTC,0.07564424583551614,60.65212097275021,425.0901958618406,,crypto,equal,
2026-04-20,asset,BTC,BTC,0.06911348849292608,65.27744671502433,385.0446587250851,,crypto,equal,
2026-04-21,asset,BTC,BTC,0.05151260334608602,66.28697145908728,359.02333979034483,,crypto,equal,
2026-04-22,asset,BTC,BTC,0.08716726478691832,69.91774022979938,430.30361217234304,,crypto,equal,
2026-04-23,asset,BTC,BTC,0.10817881836178106,70.05514115178173,443.773141059816,,crypto,equal,
2026-04-24,asset,BTC,BTC,0.027338912536794813,66.41076592014818,362.16569108693693,,crypto,equal,
2026-04-25,asset,BTC,BTC,0.043431484886184556,66.83050204104838,288.68564904065715,,crypto,equal,
2026-04-26,asset,BTC,BTC,0.1554006205911511,69.13299998270799,277.2902529630169,0.9291696439129814,crypto,equal,
2026-04-27,asset,BTC,BTC,0.04436438799101828,63.14575816194472,155.88345632657388,-0.47409752057293697,crypto,equal,
2026-04-28,asset,BTC,BTC,-0.0022001150325881916,58.77188045078233,-11.645518336290934,-1.1820575237319828,crypto,equal,
2026-04-29,asset,BTC,BTC,0.13552508063066973,56.45134079321136,-169.45185585172635,-0.23167494479798972,crypto,equal,
2026-04-30,asset,BTC,BTC,0.15191455080311292,58.16960393850802,-240.53335876932533,-0.05404465009465809,crypto,equal,
2026-05-01,asset,BTC,BTC,0.11604866952546751,63.538016183147604,-165.80887400020833,0.015878303336739397,crypto,equal,
2026-05-02,asset,BTC,BTC,0.19019604324768205,64.67022262539746,-97.36071556451111,0.6040692180102694,crypto,equal,
2026-05-03,asset,BTC,BTC,0.09056415735642409,64.11451207923383,-71.99027770010002,-0.10886847131124111,crypto,equal,
2026-05-04,asset,BTC,BTC,0.26487719525089576,67.47254263081851,14.735868023822377,1.1701358588262238,crypto,equal,
2026-05-05,asset,BTC,BTC,0.07821551410128347,69.95752844697182,120.61612987268973,0.2308802059913488,crypto,equal,
2026-05-06,asset,BTC,BTC,0.10441401567412689,71.14573150223828,198.99418002317725,0.5175556131372333,crypto,equal,
2026-05-07,asset,BTC,BTC,0.046980831664761774,63.80677270213601,130.67420480748524,-0.32522754101048373,crypto,equal,
2026-05-08,asset,BTC,BTC,0.02775344942878731,64.30992648027237,76.40264433110451,-0.4556235916472251,crypto,equal,
2026-05-09,asset,BTC,BTC,-0.0343524448518673,65.63996790507863,51.94718857476505,-0.7739394611931432,crypto,equal,
2026-05-10,asset,BTC,BTC,-0.03878737836951616,69.63694578839312,115.53343896587785,-0.48798932466425315,crypto,equal,
2026-05-11,asset,BTC,BTC,0.11881514520614149,67.08691957051197,102.84455177334257,0.327735879823102,crypto,equal,
2026-05-12,asset,BTC,BTC,0.005657498350022226,60.70766315628286,-6.768263604147933,-0.8507255795738262,crypto,equal,
2026-05-13,asset,BTC,BTC,0.11484328230056821,55.26662102655049,-168.30786478871437,-0.5744605420114055,crypto,equal,
2026-05-14,asset,BTC,BTC,0.06608705200858872,60.91197853928265,-163.1987395107269,-0.5381152654085793,crypto,equal,
2026-05-15,asset,BTC,BTC,0.01708795045767919,52.82308901025029,-296.18056228436694,-1.3435407748943855,crypto,equal,
2026-05-16,asset,BTC,BTC,-0.019159119825196354,49.479910477490264,-440.2511778888288,-1.752304573666236,crypto,equal,
2026-05-17,asset,BTC,BTC,0.05609322562866237,47.1195764847358,-566.617596634163,-1.3680170555818887,crypto,equal,
2026-05-18,asset,BTC,BTC,-0.017169806294905665,45.587776194188386,-658.5303461021231,-1.8548988775696738,crypto,equal,
2026-05-19,asset,BTC,BTC,0.0069611709594060945,44.999669782517685,-704.2321812271477,-1.6536643982486343,crypto,equal,
2026-05-20,asset,BTC,BTC,0.032229554776632044,48.055936764268914,-659.9125823031472,-1.2788378366726654,crypto,equal,
2026-05-21,asset,BTC,BTC,0.1887253180706964,48.21065977380687,-603.8418135767664,-0.20766877947596812,crypto,equal,
2026-05-22,asset,BTC,BTC,0.08408418766313214,40.76800981838134,-675.4180454205681,-1.0995365134555164,crypto,equal,
2026-05-23,asset,BTC,BTC,,40.76800981838134,-540.3344363364545,,crypto,equal,
2026-03-24,asset,COIN,COIN,0.1708787142811775,,0.0,,crypto,equal,
2026-03-25,asset,COIN,COIN,0.13026807061516782,,0.0038290598290586786,,crypto,equal,
2026-03-26,asset,COIN,COIN,0.16424577300494997,,-0.4866527771690244,,crypto,equal,
2026-03-27,asset,COIN,COIN,0.21751741735771277,,-1.5485938998635764,,crypto,equal,
2026-03-28,asset,COIN,COIN,0.10249622739954883,,-1.2388751198908612,,crypto,equal,
2026-03-29,asset,COIN,COIN,0.20251495683634205,,-0.9911000959126888,,crypto,equal,
2026-03-30,asset,COIN,COIN,0.1133652793336791,,-2.170776606835264,,crypto,equal,
2026-03-31,asset,COIN,COIN,0.11558847203775913,,-1.4551001043266998,,crypto,equal,
2026-04-01,asset,COIN,COIN,0.04098502138665638,,-1.0156571182673555,,crypto,equal,
2026-04-02,asset,COIN,COIN,0.24048501525309163,,-0.7643297984977488,,crypto,equal,
2026-04-03,asset,COIN,COIN,0.2170238838342104,,-0.611463838798199,,crypto,equal,
2026-04-04,asset,COIN,COIN,0.15531789472177393,,-0.4891710710385593,,crypto,equal,
2026-04-05,asset,COIN,COIN,0.1752391592486491,,-0.3913368568308475,,crypto,equal,
2026-04-06,asset,COIN,COIN,0.2477393783972152,,0.0783970713713753,,crypto,equal,
2026-04-07,asset,COIN,COIN,0.1619473186517807,,0.3169325489848731,,crypto,equal,
2026-04-08,asset,COIN,COIN,0.1408683516348011,,0.4686173497240307,,crypto,equal,
2026-04-09,asset,COIN,COIN,0.19818168193489683,,0.17521655751237653,,crypto,equal,
2026-04-10,asset,COIN,COIN,0.2760170366505318,,-0.0694675085411589,,crypto,equal,
2026-04-11,asset,COIN,COIN,-0.01152885538144451,,-0.055574006832927125,,crypto,equal,
2026-04-12,asset,COIN,COIN,0.1714556962363171,,-0.04445920546634152,,crypto,equal,
2026-04-13,asset,COIN,COIN,0.0964670390138298,,0.3352809801673722,,crypto,equal,
2026-04-14,asset,COIN,COIN,0.1815116706617501,,1.130687022201144,,crypto,equal,
2026-04-15,asset,COIN,COIN,0.3003008993073236,,2.323335358308566,,crypto,equal,
2026-04-16,asset,COIN,COIN,0.30284676135164984,,3.2143708939179625,,crypto,equal,
2026-04-17,asset,COIN,COIN,0.2572225841624611,72.12765590900692,4.026975185425025,,crypto,equal,
2026-04-18,asset,COIN,COIN,0.32751570811089453,72.12765590900692,3.2215801483400197,,crypto,equal,
2026-04-19,asset,COIN,COIN,0.23904080068360992,72.12765590900692,2.5772641186720158,,crypto,equal,
2026-04-20,asset,COIN,COIN,0.23001892597019657,72.12765590900692,4.256135799575073,,crypto,equal,
2026-04-21,asset,COIN,COIN,0.06393599583793654,51.55302257954165,3.3396607165725958,,crypto,equal,
2026-04-22,asset,COIN,COIN,0.06225545100662461,58.38891056350069,3.214626940825167,,crypto,equal,
2026-04-23,asset,COIN,COIN,0.13720900879176273,52.00687340653036,2.3978723887734628,,crypto,equal,
2026-04-24,asset,COIN,COIN,0.05787132892459846,53.225962096338584,1.832660329769622,,crypto,equal,
2026-04-25,asset,COIN,COIN,0.07915315386048873,53.225962096338584,1.4661282638156967,,crypto,equal,
2026-04-26,asset,COIN,COIN,0.2256285989391346,53.225962096338584,1.1729026110525567,,crypto,equal,
2026-04-27,asset,COIN,COIN,0.10387150485473785,53.225962096338584,0.5889494099891115,,crypto,equal,
2026-04-28,asset,COIN,COIN,0.12441261912025925,50.79265036582684,-0.01767072847740181,,crypto,equal,
2026-04-29,asset,COIN,COIN,-0.000747423113546232,42.59848655801122,-1.2428907976315866,,crypto,equal,
2026-04-30,asset,COIN,COIN,0.2236634863075202,47.08714809254248,-1.6138932680414184,,crypto,equal,
2026-05-01,asset,COIN,COIN,0.22296757955858723,49.535675495210185,-1.5897349641101384,,crypto,equal,
2026-05-02,asset,COIN,COIN,0.2895033425873534,49.535675495210185,-1.271787971288111,,crypto,equal,
2026-05-03,asset,COIN,COIN,0.07471323828725145,49.535675495210185,-1.0174303770304887,,crypto,equal,
2026-05-04,asset,COIN,COIN,0.06481341656298363,49.535675495210185,-0.03836184583850244,,crypto,equal,
2026-05-05,asset,COIN,COIN,0.1715263894218619,45.29098220688684,-0.07901663132616488,,crypto,equal,
2026-05-06,asset,COIN,COIN,0.16334830935348105,45.455364307868905,-0.12783888010432864,-0.38698934975744315,crypto,equal,
2026-05-07,asset,COIN,COIN,0.03631513619077836,42.203868049471396,-0.5114196515101481,-1.122184623504906,crypto,equal,
2026-05-08,asset,COIN,COIN,0.05416868059079712,48.686591707197934,-0.2411538504459001,-0.7683014295512349,crypto,equal,
2026-05-09,asset,COIN,COIN,0.10462911716934531,48.686591707197934,-0.1929230803567199,-0.5114903700494612,crypto,equal,
2026-05-10,asset,COIN,COIN,0.18986212055080673,48.686591707197934,-0.15433846428537645,-0.09544863889734347,crypto,equal,
2026-05-11,asset,COIN,COIN,0.12699423974833027,48.686591707197934,1.5387076021897519,-0.07960931025170975,crypto,equal,
2026-05-12,asset,COIN,COIN,0.08434784029676919,41.79641093358241,1.3492540350468456,-0.5265282918896862,crypto,equal,
2026-05-13,asset,COIN,COIN,0.185947362565371,38.66639857022274,0.7424142865711509,-0.22441879805953305,crypto,equal,
2026-05-14,asset,COIN,COIN,0.3152986819249434,46.24552674070076,0.9283579000597708,0.655337557573315,crypto,equal,
2026-05-15,asset,COIN,COIN,0.1634728632977114,38.02758593398168,-0.1103358345316412,-0.5085584504564444,crypto,equal,
2026-05-16,asset,COIN,COIN,0.1871043077388116,38.02758593398168,-0.08826866762531349,-0.3699417922579001,crypto,equal,
2026-05-17,asset,COIN,COIN,0.0837312447140481,38.02758593398168,-0.07061493410025133,-0.8441583799176648,crypto,equal,
2026-05-18,asset,COIN,COIN,0.21433660510366725,38.02758593398168,-1.5717735454197417,-0.4827474737355896,crypto,equal,
2026-05-19,asset,COIN,COIN,0.17430486734291514,41.41433649197551,-1.8269091745185246,-0.608313839328123,crypto,equal,
2026-05-20,asset,COIN,COIN,0.13940395385586649,40.371408495326754,-2.069016577121413,-0.8370384434163478,crypto,equal,
2026-05-21,asset,COIN,COIN,0.11666461122168718,42.023789643803454,-2.0028385116368868,-0.8682024440185926,crypto,equal,
2026-05-22,asset,COIN,COIN,0.12331814374737442,37.75961283991125,-2.4353972057431683,-1.0182245386756554,crypto,equal,
2026-05-23,asset,COIN,COIN,,37.75961283991125,-1.9483177645945347,,crypto,equal,
2026-03-24,asset,DOGE,DOGE,0.07943355615350074,,0.0,,crypto,equal,
2026-03-25,asset,DOGE,DOGE,0.13581412228979944,,6.803528175570727e-05,,crypto,equal,
2026-03-26,asset,DOGE,DOGE,0.2386588910175468,,-0.00015943534819138572,,crypto,equal,
2026-03-27,asset,DOGE,DOGE,0.15877170794065254,,-0.0004184470992919804,,crypto,equal,
2026-03-28,asset,DOGE,DOGE,-0.006474659662039396,,-0.0005001083774099585,,crypto,equal,
2026-03-29,asset,DOGE,DOGE,0.19106203619294493,,-0.0005593240216979893,,crypto,equal,
2026-03-30,asset,DOGE,DOGE,-0.026431226352722898,,-0.0005376883028407986,,crypto,equal,
2026-03-31,asset,DOGE,DOGE,0.1574519839986456,,-0.00039660192980632515,,crypto,equal,
2026-04-01,asset,DOGE,DOGE,0.10004147112788225,,-0.00028601762436978283,,crypto,equal,
2026-04-02,asset,DOGE,DOGE,0.29932321266669387,,-0.0003091754888969664,,crypto,equal,
2026-04-03,asset,DOGE,DOGE,0.1321082616954678,,-0.00022674173585693336,,crypto,equal,
2026-04-04,asset,DOGE,DOGE,0.144769792800605,,-0.00012362623613407773,,crypto,equal,
2026-04-05,asset,DOGE,DOGE,0.09518939436732488,,-2.5985808015209608e-05,,crypto,equal,
2026-04-06,asset,DOGE,DOGE,0.10053549112352615,,-6.583203077606403e-05,,crypto,equal,
2026-04-07,asset,DOGE,DOGE,0.2213698175687461,69.37676699336772,0.00019502019321181456,,crypto,equal,
2026-04-08,asset,DOGE,DOGE,0.09919601240333778,60.71223532370261,0.00019694522015092594,,crypto,equal,
2026-04-09,asset,DOGE,DOGE,0.23216990259916348,61.1057559227208,0.00020696376588715557,,crypto,equal,
2026-04-10,asset,DOGE,DOGE,0.08714929511130533,63.447117016636895,0.00028011373249681626,,crypto,equal,
2026-04-11,asset,DOGE,DOGE,0.09930730897545116,61.287749674876174,0.0002787506351698591,,crypto,equal,
2026-04-12,asset,DOGE,DOGE,0.1153176309125426,53.940543125095566,0.00012528555434529205,,crypto,equal,
2026-04-13,asset,DOGE,DOGE,0.3846477564717994,61.22087990342241,0.00023624889364122004,,crypto,equal,
2026-04-14,asset,DOGE,DOGE,0.11767797675322023,57.80785361929203,0.00022567890438762343,,crypto,equal,
2026-04-15,asset,DOGE,DOGE,0.1891160963221532,61.63520061188666,0.0003315252510524194,,crypto,equal,
2026-04-16,asset,DOGE,DOGE,-0.00017760178028295806,68.72851984092337,0.0006629428167794036,,crypto,equal,
2026-04-17,asset,DOGE,DOGE,0.07890855573344605,69.0252892977042,0.0008511737146694254,,crypto,equal,
2026-04-18,asset,DOGE,DOGE,0.18140027099038783,56.31301656954726,0.0006277625769310075,,crypto,equal,
2026-04-19,asset,DOGE,DOGE,0.10871308650509692,52.39460173862724,0.00034141919266969024,,crypto,equal,
2026-04-20,asset,DOGE,DOGE,0.07766220233086871,56.462011153034005,0.0002811824567598835,,crypto,equal,
2026-04-21,asset,DOGE,DOGE,0.15982372804058131,56.31086510002456,0.00022165589263982611,,crypto,equal,
2026-04-22,asset,DOGE,DOGE,0.19268747423360563,57.25639072137433,0.0002004739618222354,,crypto,equal,
2026-04-23,asset,DOGE,DOGE,-0.01915683225384914,60.075423540462744,0.00026733307362738156,,crypto,equal,
2026-04-24,asset,DOGE,DOGE,0.21194632721638892,62.43401950455601,0.00037428896063788474,,crypto,equal,
2026-04-25,asset,DOGE,DOGE,0.06716571530731637,61.08192818330377,0.0003872317290977888,,crypto,equal,
2026-04-26,asset,DOGE,DOGE,0.3646355750329368,63.401640750664114,0.00044782356623690846,1.41464372225481,crypto,equal,
2026-04-27,asset,DOGE,DOGE,0.21558808323523934,62.42934965639058,0.0004358553515484561,0.6995215687331106,crypto,equal,
2026-04-28,asset,DOGE,DOGE,0.09121228677715408,63.19871873888929,0.00042150021957703125,0.20558862308981873,crypto,equal,
2026-04-29,asset,DOGE,DOGE,0.2074492604215467,71.08110866218145,0.0006812396555197298,1.3382077787460105,crypto,equal,
2026-04-30,asset,DOGE,DOGE,0.05179443357291493,74.15463740392083,0.0009522364794178955,0.9326597873930439,crypto,equal,
2026-05-01,asset,DOGE,DOGE,0.22050521877292714,76.42595789761052,0.0011894367388053766,1.770603069485544,crypto,equal,
2026-05-02,asset,DOGE,DOGE,0.14052426249085737,76.42920190200638,0.0012602674579000632,1.3308030113770895,crypto,equal,
2026-05-03,asset,DOGE,DOGE,0.09852599146076078,75.53786142244873,0.0012049666463915826,0.9765726659454167,crypto,equal,
2026-05-04,asset,DOGE,DOGE,0.14967156061164086,77.68812841244832,0.0012015518400503092,1.1998495930107116,crypto,equal,
2026-05-05,asset,DOGE,DOGE,0.1873743480199778,82.13961716798374,0.0014170409096237843,1.5460453789904949,crypto,equal,
2026-05-06,asset,DOGE,DOGE,0.11413745010327332,74.21050651348119,0.0012990563356206383,0.7977658919739884,crypto,equal,
2026-05-07,asset,DOGE,DOGE,0.14274018812384756,61.66869286452797,0.0008303997985194787,0.18068756138352157,crypto,equal,
2026-05-08,asset,DOGE,DOGE,-0.09009283935852723,64.06012287195043,0.0005693601078125194,-0.8650922541346319,crypto,equal,
2026-05-09,asset,DOGE,DOGE,0.12232222644828405,62.07010155951536,0.0002907759012686071,-0.18237974390824294,crypto,equal,
2026-05-10,asset,DOGE,DOGE,0.10115262717785413,67.082992656184,0.00030221181238397794,-0.07003463246147384,crypto,equal,
2026-05-11,asset,DOGE,DOGE,0.12575873966361073,64.28470660656151,0.00018678310777053972,-0.14021189164117853,crypto,equal,
2026-05-12,asset,DOGE,DOGE,0.23028424888133847,61.423241813501875,-5.202249586788027e-06,0.09094995811732898,crypto,equal,
2026-05-13,asset,DOGE,DOGE,0.1992832363659521,65.02676990862534,1.3512195076378908e-08,0.10236123740312045,crypto,equal,
2026-05-14,asset,DOGE,DOGE,-0.013669661403782304,68.5205334100263,0.00014512716195749613,-0.5947767665991747,crypto,equal,
2026-05-15,asset,DOGE,DOGE,0.14436301207530347,63.35852697194723,5.8896293546238654e-05,-0.16716889925354922,crypto,equal,
2026-05-16,asset,DOGE,DOGE,0.024476433404785957,54.9228083334333,-0.00028769114505146657,-1.238163165532315,crypto,equal,
2026-05-17,asset,DOGE,DOGE,0.06323088863124478,54.179147379291216,-0.0005491324157383538,-1.2202442964264435,crypto,equal,
2026-05-18,asset,DOGE,DOGE,0.1119427003080281,46.6016415533312,-0.0009888836027355796,-1.4803361654507423,crypto,equal,
2026-05-19,asset,DOGE,DOGE,-0.03926579858462955,43.81416684676332,-0.0013585982435382893,-2.3063770928186074,crypto,equal,
2026-05-20,asset,DOGE,DOGE,0.09106769952237664,45.19979886070446,-0.0015025773744887566,-1.641813406737131,crypto,equal,
2026-05-21,asset,DOGE,DOGE,0.08754350650322652,48.94870425390822,-0.001414813240116524,-1.4069747732578854,crypto,equal,
2026-05-22,asset,DOGE,DOGE,0.13941824346438758,43.55445035217383,-0.0015161785640380168,-1.3221626721886475,crypto,equal,
2026-05-23,asset,DOGE,DOGE,,43.55445035217383,-0.0012129428512304135,,crypto,equal,
2026-03-24,asset,DOT,DOT,-0.42798262249883545,,0.0,,crypto,equal,
2026-03-25,asset,DOT,DOT,0.181558399913983,,-0.0024879045436927427,,crypto,equal,
2026-03-26,asset,DOT,DOT,0.077683531994969,,-0.0065017822814104065,,crypto,equal,
2026-03-27,asset,DOT,DOT,-0.09281065101081867,,-0.010696232146204031,,crypto,equal,
2026-03-28,asset,DOT,DOT,-0.00283516764798053,,-0.014796681219106985,,crypto,equal,
2026-03-29,asset,DOT,DOT,0.0670731886075331,,-0.016440200321913997,,crypto,equal,
2026-03-30,asset,DOT,DOT,-0.007003865750576755,,-0.01751695691678353,,crypto,equal,
2026-03-31,asset,DOT,DOT,0.016428030291004127,,-0.01654617400101716,,crypto,equal,
2026-04-01,asset,DOT,DOT,0.08661130206572824,,-0.014644588201790265,,crypto,equal,
2026-04-02,asset,DOT,DOT,-0.031651455022298686,,-0.013656482148472905,,crypto,equal,
2026-04-03,asset,DOT,DOT,0.08528387416364958,,-0.011978468335957684,,crypto,equal,
2026-04-04,asset,DOT,DOT,-0.04961096449932163,,-0.009104454174542254,,crypto,equal,
2026-04-05,asset,DOT,DOT,0.08241508331200208,,-0.0070322564528313425,,crypto,equal,
2026-04-06,asset,DOT,DOT,0.14420091589099157,,-0.005219418913482696,,crypto,equal,
2026-04-07,asset,DOT,DOT,0.1151654562794136,24.499190220415926,0.0011294985147168313,,crypto,equal,
2026-04-08,asset,DOT,DOT,0.05529610546070626,21.79717728260306,0.002599144474249339,,crypto,equal,
2026-04-09,asset,DOT,DOT,0.10335936581599986,27.636369585606346,0.005599839809900406,,crypto,equal,
2026-04-10,asset,DOT,DOT,0.07916693103353369,28.739261883528997,0.007863778631602071,,crypto,equal,
2026-04-11,asset,DOT,DOT,0.2688483467662728,27.37551326539122,0.008061376129404638,,crypto,equal,
2026-04-12,asset,DOT,DOT,0.07904581327911761,23.07789827840371,0.004015615095675988,,crypto,equal,
2026-04-13,asset,DOT,DOT,0.015152028549737333,24.126321657592896,0.0018656380503246223,,crypto,equal,
2026-04-14,asset,DOT,DOT,0.11241920502397418,20.460057190665864,-0.0033312882990324533,,crypto,equal,
2026-04-15,asset,DOT,DOT,0.03603609584802132,23.392210222542303,-0.005204195350473426,,crypto,equal,
2026-04-16,asset,DOT,DOT,-0.1322504601017927,45.18573345191212,0.00358124153189341,,crypto,equal,
2026-04-17,asset,DOT,DOT,0.16658583849288428,45.91658851258231,0.009589353216542293,,crypto,equal,
2026-04-18,asset,DOT,DOT,-0.2095540592620981,40.35067962511156,0.0091203740393066,,crypto,equal,
2026-04-19,asset,DOT,DOT,0.07268539229980431,37.77466175714461,0.006498604057431436,,crypto,equal,
2026-04-20,asset,DOT,DOT,-0.16045417599221307,42.67158384075721,0.007317930308911192,,crypto,equal,
2026-04-21,asset,DOT,DOT,0.43058245526993,42.520425134201055,0.007539743057190358,,crypto,equal,
2026-04-22,asset,DOT,DOT,0.2144017175828615,41.91427721616844,0.0070554744261448095,,crypto,equal,
2026-04-23,asset,DOT,DOT,0.3178305496080618,39.04270686028792,0.0045789922612033684,,crypto,equal,
2026-04-24,asset,DOT,DOT,0.07679577809439439,40.72536627705611,0.0037014630819134607,,crypto,equal,
2026-04-25,asset,DOT,DOT,0.06153654728850515,40.03130337624173,0.002663525364697803,,crypto,equal,
2026-04-26,asset,DOT,DOT,-0.0037161190007122943,42.38072049760213,0.0029977371012971862,0.2900949344786238,crypto,equal,
2026-04-27,asset,DOT,DOT,0.3433786793818221,39.30017274532376,0.0013605531294330793,0.9858786353012773,crypto,equal,
2026-04-28,asset,DOT,DOT,0.09627414935689518,38.73570091702572,5.559438971129184e-05,0.2910005018560677,crypto,equal,
2026-04-29,asset,DOT,DOT,0.09417614200876562,36.886157471011614,-0.001734376946569742,0.15610076675547743,crypto,equal,
2026-04-30,asset,DOT,DOT,0.06702231361243412,36.11209345404205,-0.003088377200228979,0.009416687351450882,crypto,equal,
2026-05-01,asset,DOT,DOT,0.11934485460172535,36.07692005433334,-0.003651846341109311,0.12317645939379149,crypto,equal,
2026-05-02,asset,DOT,DOT,0.414880193042172,40.78784208534065,-0.0021600428930668505,1.0608630311569627,crypto,equal,
2026-05-03,asset,DOT,DOT,-0.007729724660083905,38.51444345456407,-0.0020726112509328147,-0.08700113222794156,crypto,equal,
2026-05-04,asset,DOT,DOT,0.2596858331166208,42.12263503976066,-0.0005877817756269575,0.7636216093006346,crypto,equal,
2026-05-05,asset,DOT,DOT,0.025407423341075156,50.65528183796359,0.003710900269377551,0.6079385956488264,crypto,equal,
2026-05-06,asset,DOT,DOT,0.06785054775669468,56.38059998137218,0.00898933035319477,1.035387288291247,crypto,equal,
2026-05-07,asset,DOT,DOT,-0.015270534006029013,54.83771545129787,0.011368975228091617,0.7966673116484597,crypto,equal,
2026-05-08,asset,DOT,DOT,-0.0771556469087094,62.53821816060345,0.016494260407514682,0.9488125015027707,crypto,equal,
2026-05-09,asset,DOT,DOT,0.03607191551570728,58.02261746319924,0.017164882527233347,1.0630943001673412,crypto,equal,
2026-05-10,asset,DOT,DOT,0.003050378490089329,61.85822750074346,0.018975664852061137,1.0575235246957773,crypto,equal,
2026-05-11,asset,DOT,DOT,0.298333338811818,58.768775298258106,0.017896415232213404,1.6500398922607629,crypto,equal,
2026-05-12,asset,DOT,DOT,0.0875141785154731,54.29503277339549,0.01437944990116619,0.8376994064203565,crypto,equal,
2026-05-13,asset,DOT,DOT,0.0433575168773869,53.135157384959676,0.010842940356383004,0.5613495653941141,crypto,equal,
2026-05-14,asset,DOT,DOT,0.1871623397108892,57.801471701842196,0.010313870441633809,1.021347995566345,crypto,equal,
2026-05-15,asset,DOT,DOT,0.12185565107607627,50.71675668168856,0.0062242580819167476,0.5277048504724501,crypto,equal,
2026-05-16,asset,DOT,DOT,0.13168215479672932,44.9178261905232,0.00017083973494146087,0.21022082187332505,crypto,equal,
2026-05-17,asset,DOT,DOT,0.07724457818446592,42.90737688038152,-0.0049285049480286905,-0.15437758537769905,crypto,equal,
2026-05-18,asset,DOT,DOT,0.33578067623608115,43.049580213355945,-0.007944416117807346,0.4446336346287729,crypto,equal,
2026-05-19,asset,DOT,DOT,-0.09183374757961145,40.02923358345459,-0.011209767100020744,-0.8829080758889691,crypto,equal,
2026-05-20,asset,DOT,DOT,0.3791346718944063,43.68541133942633,-0.011325912034432312,0.4584672269393394,crypto,equal,
2026-05-21,asset,DOT,DOT,0.11215522167306746,50.064481552881034,-0.008077547071577373,0.03014912936978642,crypto,equal,
2026-05-22,asset,DOT,DOT,0.19238064154334292,45.84506446030018,-0.0077768715603412815,0.1384091103502753,crypto,equal,
2026-05-23,asset,DOT,DOT,,45.84506446030018,-0.006221497248273026,,crypto,equal,
2026-03-24,asset,ETH,ETH,0.16024118917175156,,0.0,,crypto,equal,
2026-03-25,asset,ETH,ETH,0.06949591607297423,,0.7950145362352486,,crypto,equal,
2026-03-26,asset,ETH,ETH,0.13384291747423857,,-5.720756981792074,,crypto,equal,
2026-03-27,asset,ETH,ETH,0.19125293020770753,,-13.789770339389083,,crypto,equal,
2026-03-28,asset,ETH,ETH,0.08429689728045034,,-17.970227253029147,,crypto,equal,
2026-03-29,asset,ETH,ETH,0.107531264699066,,-20.221802704870214,,crypto,equal,
2026-03-30,asset,ETH,ETH,0.08175541437848345,,-17.78627070802538,,crypto,equal,
2026-03-31,asset,ETH,ETH,0.06936014684944593,,-10.115605577152799,,crypto,equal,
2026-04-01,asset,ETH,ETH,0.19152334436236335,,-2.2537377307338886,,crypto,equal,
2026-04-02,asset,ETH,ETH,0.11223444193542252,,-2.330057103972944,,crypto,equal,
2026-04-03,asset,ETH,ETH,0.08481171510652838,,-2.2609231578799687,,crypto,equal,
2026-04-04,asset,ETH,ETH,0.1660737580370798,,-1.143993933330826,,crypto,equal,
2026-04-05,asset,ETH,ETH,0.15911989152459194,,2.635451184364179,,crypto,equal,
2026-04-06,asset,ETH,ETH,0.06964092150528288,,4.952071390125237,,crypto,equal,
2026-04-07,asset,ETH,ETH,0.1958170113707352,70.62321821663268,14.79493579505656,,crypto,equal,
2026-04-08,asset,ETH,ETH,0.28920114260646235,63.59542735732983,17.190572125134384,,crypto,equal,
2026-04-09,asset,ETH,ETH,0.07997002921165541,63.564581394880946,17.897960329995286,,crypto,equal,
2026-04-10,asset,ETH,ETH,0.1676306121005373,67.77824738914964,21.064374237751245,,crypto,equal,
2026-04-11,asset,ETH,ETH,0.2855702442944635,70.37695378108288,24.499511867456903,,crypto,equal,
2026-04-12,asset,ETH,ETH,0.10415230430748489,58.33182883954548,19.348497523986204,,crypto,equal,
2026-04-13,asset,ETH,ETH,0.09186045862701772,69.13169534579829,26.42065301649089,,crypto,equal,
2026-04-14,asset,ETH,ETH,0.0980262751973134,64.42871650834286,26.364017392258596,,crypto,equal,
2026-04-15,asset,ETH,ETH,0.20811743896541307,66.38102867627441,27.11820347887662,,crypto,equal,
2026-04-16,asset,ETH,ETH,0.13752397068573835,65.15782676744637,25.17039056253701,,crypto,equal,
2026-04-17,asset,ETH,ETH,0.19396073592963228,68.90098767514445,26.868468425673733,,crypto,equal,
2026-04-18,asset,ETH,ETH,0.05088088853125675,61.99100606828312,21.776952282031985,,crypto,equal,
2026-04-19,asset,ETH,ETH,-0.0010031044999030056,54.48921398722614,11.444023291633684,,crypto,equal,
2026-04-20,asset,ETH,ETH,0.10232620141126722,57.70394728035174,7.179402563663906,,crypto,equal,
2026-04-21,asset,ETH,ETH,0.2310367227037275,58.51993793158249,4.511744723859948,,crypto,equal,
2026-04-22,asset,ETH,ETH,0.23174119307118154,61.38543529597827,5.13976721528563,,crypto,equal,
2026-04-23,asset,ETH,ETH,0.11962853445826133,57.391497284265455,1.9688311087789145,,crypto,equal,
2026-04-24,asset,ETH,ETH,0.1945653096673234,56.02978322741499,-1.584243527613566,,crypto,equal,
2026-04-25,asset,ETH,ETH,0.08210863194751326,56.32962138536699,-3.9491338984735123,,crypto,equal,
2026-04-26,asset,ETH,ETH,0.19713478127122802,59.939378144417184,-2.481680001710984,0.0035605597224750707,crypto,equal,
2026-04-27,asset,ETH,ETH,0.212668466349457,53.60103076849985,-6.173456616395484,-0.3120464462422494,crypto,equal,
2026-04-28,asset,ETH,ETH,0.1735632163492248,52.352290610240075,-9.513183298547318,-0.6255477413191477,crypto,equal,
2026-04-29,asset,ETH,ETH,0.10552373331397938,49.07352684669214,-13.923983783707968,-1.1993791159517893,crypto,equal,
2026-04-30,asset,ETH,ETH,0.19125943575972867,49.50982371668638,-16.054255214342177,-0.6463931473899701,crypto,equal,
2026-05-01,asset,ETH,ETH,0.15895201820549493,53.01971006198753,-14.439444012926984,-0.6161830573336866,crypto,equal,
2026-05-02,asset,ETH,ETH,0.11362779100330898,54.87692240989405,-11.64232465869992,-0.7307255356249822,crypto,equal,
2026-05-03,asset,ETH,ETH,-0.022901341606365172,55.37821161871551,-9.225009307029769,-1.403268743394922,crypto,equal,
2026-05-04,asset,ETH,ETH,0.045017376725088515,57.58021636556593,-5.953624393272225,-0.8160347558369125,crypto,equal,
2026-05-05,asset,ETH,ETH,0.20509442302588154,58.81269728466944,-2.984961361216225,0.21659564120587013,crypto,equal,
2026-05-06,asset,ETH,ETH,0.014236751071987602,57.5133243057241,-1.8641568927384036,-0.8835645081789297,crypto,equal,
2026-05-07,asset,ETH,ETH,0.228873161343225,50.29157796537382,-5.142634423899764,-0.09295861906956343,crypto,equal,
2026-05-08,asset,ETH,ETH,0.20198994823697022,52.06804592599535,-6.128674020968482,-0.1691725486599669,crypto,equal,
2026-05-09,asset,ETH,ETH,-0.07683070582050883,54.120178608366245,-5.442431595846603,-1.488781924598348,crypto,equal,
2026-05-10,asset,ETH,ETH,0.14033727815215988,58.59313413736156,-2.097828328674101,-0.0801020662554017,crypto,equal,
2026-05-11,asset,ETH,ETH,0.13976514012914698,54.54650565349725,-2.1219708940956963,-0.2759349722468889,crypto,equal,
2026-05-12,asset,ETH,ETH,0.1949475671956672,47.312833059996976,-6.377596288046302,-0.402864551158053,crypto,equal,
2026-05-13,asset,ETH,ETH,0.16576192742126936,45.64345507786287,-9.96791777793003,-0.6725219157204879,crypto,equal,
2026-05-14,asset,ETH,ETH,0.15563012003096777,48.59670389085635,-10.266919395532515,-0.5772925908678845,crypto,equal,
2026-05-15,asset,ETH,ETH,0.16700971285447147,42.645082232759954,-13.89086632492686,-0.8070979537542013,crypto,equal,
2026-05-16,asset,ETH,ETH,0.2990580359041518,38.936976930479716,-18.314415478113844,-0.30800163023728233,crypto,equal,
2026-05-17,asset,ETH,ETH,0.04478680809162042,35.09931782974812,-23.428304939763564,-1.7852250458461378,crypto,equal,
2026-05-18,asset,ETH,ETH,0.05790638464792339,35.04852135820589,-25.4735723607369,-1.6662224787813613,crypto,equal,
2026-05-19,asset,ETH,ETH,0.01646652905579408,33.64290578267959,-26.56625188343027,-1.8517157324741385,crypto,equal,
2026-05-20,asset,ETH,ETH,-0.1405303437072915,36.237144340633634,-24.65233501646445,-2.3403399474407873,crypto,equal,
2026-05-21,asset,ETH,ETH,0.09396828711893984,36.912707377455895,-21.72699047164068,-1.1169021506455685,crypto,equal,
2026-05-22,asset,ETH,ETH,0.15325668672610676,31.422259938972317,-22.884084313864722,-0.9687247875420993,crypto,equal,
2026-05-23,asset,ETH,ETH,0.06738563417494298,31.422259938972317,-18.307267451091775,-1.230447298520347,crypto,equal,
2026-03-24,asset,HBAR,HBAR,0.02439031112939118,,0.0,,crypto,equal,
2026-03-25,asset,HBAR,HBAR,0.502491865616031,,3.30147070444764e-05,,crypto,equal,
2026-03-26,asset,HBAR,HBAR,,,-0.0001770587890787323,,crypto,equal,
2026-03-27,asset,HBAR,HBAR,0.26868629226982593,,-0.0004275598083986076,,crypto,equal,
2026-03-28,asset,HBAR,HBAR,0.1763998091687262,,-0.0005154314258696959,,crypto,equal,
2026-03-29,asset,HBAR,HBAR,0.4968760241370648,,-0.0006546211174628379,,crypto,equal,
2026-03-30,asset,HBAR,HBAR,0.047029036710659666,,-0.0007545076952071618,,crypto,equal,
2026-03-31,asset,HBAR,HBAR,,,-0.0007477696230854849,,crypto,equal,
2026-04-01,asset,HBAR,HBAR,0.38330096616119147,,-0.000641331063739628,,crypto,equal,
2026-04-02,asset,HBAR,HBAR,0.6124428610349696,,-0.0005612929473473205,,crypto,equal,
2026-04-03,asset,HBAR,HBAR,0.4624602038796991,,-0.0004893775463378355,,crypto,equal,
2026-04-04,asset,HBAR,HBAR,0.37069301283124834,,-0.0004222915648840254,,crypto,equal,
2026-04-05,asset,HBAR,HBAR,0.4642869784414768,,-0.0003116366647665724,,crypto,equal,
2026-04-06,asset,HBAR,HBAR,0.18503582216724757,,-0.0002508327692697656,,crypto,equal,
2026-04-07,asset,HBAR,HBAR,,63.77485944475698,9.584254068332175e-05,,crypto,equal,
2026-04-08,asset,HBAR,HBAR,-0.1826310155853629,52.18106572383776,0.00014038850571892916,,crypto,equal,
2026-04-09,asset,HBAR,HBAR,0.31292065203379843,53.29251565882278,0.00019590504679785,,crypto,equal,
2026-04-10,asset,HBAR,HBAR,0.47440794132096425,53.94746419962169,0.00024544099774269357,,crypto,equal,
2026-04-11,asset,HBAR,HBAR,0.4519006694585085,49.42358113407276,0.00019980930538732178,,crypto,equal,
2026-04-12,asset,HBAR,HBAR,0.20089005065049975,39.81923564550309,-3.0124663414687848e-05,,crypto,equal,
2026-04-13,asset,HBAR,HBAR,0.45514412598639725,48.76214684562297,7.663834123674629e-06,,crypto,equal,
2026-04-14,asset,HBAR,HBAR,0.20483444493222983,41.85930779468295,-0.0001314110079518229,,crypto,equal,
2026-04-15,asset,HBAR,HBAR,0.26269129064850977,47.74748259452181,-7.130165512845687e-05,,crypto,equal,
2026-04-16,asset,HBAR,HBAR,0.6446769200608135,56.33475690365888,0.00021390582442651156,,crypto,equal,
2026-04-17,asset,HBAR,HBAR,0.5520587937913835,56.39479814671902,0.0003947787492176377,,crypto,equal,
2026-04-18,asset,HBAR,HBAR,0.4078574762280498,51.12356401707659,0.0003725097667903023,,crypto,equal,
2026-04-19,asset,HBAR,HBAR,0.5495521041572093,47.38723395785414,0.00025044357114781604,,crypto,equal,
2026-04-20,asset,HBAR,HBAR,0.33917191276406095,53.31047567933291,0.00032853876827549093,,crypto,equal,
2026-04-21,asset,HBAR,HBAR,-0.08470655148569495,54.68996942351203,0.000408526448724036,,crypto,equal,
2026-04-22,asset,HBAR,HBAR,0.09975889423899348,55.74666303741175,0.000474641339983117,,crypto,equal,
2026-04-23,asset,HBAR,HBAR,0.22136638497057368,55.654763809112076,0.0004956742922301703,,crypto,equal,
2026-04-24,asset,HBAR,HBAR,0.5722853275964657,56.10129580589652,0.000499436420512643,,crypto,equal,
2026-04-25,asset,HBAR,HBAR,0.413697876479472,56.796338459399536,0.0004964797239198726,,crypto,equal,
2026-04-26,asset,HBAR,HBAR,0.40951280098296705,59.593832325085785,0.0005394315667714279,0.9298726150536638,crypto,equal,
2026-04-27,asset,HBAR,HBAR,0.07685698345307258,50.8861447459369,0.0003735254159981435,-0.2868142997483658,crypto,equal,
2026-04-28,asset,HBAR,HBAR,0.33189384659094034,48.54830355651579,0.00020000650806358133,-0.043271225879398634,crypto,equal,
2026-04-29,asset,HBAR,HBAR,0.4388739457140987,47.72462918160652,6.350742980479999e-05,0.024560047351945995,crypto,equal,
2026-04-30,asset,HBAR,HBAR,0.44153496535867914,43.89944301515505,-0.00010971078634882132,-0.28438785549178114,crypto,equal,
2026-05-01,asset,HBAR,HBAR,0.45181752660049956,46.876460354465195,-0.00015693654335417154,-0.1339052441711699,crypto,equal,
2026-05-02,asset,HBAR,HBAR,0.41700300359292425,48.256840705538714,-0.00015167625822746854,-0.12234821884501006,crypto,equal,
2026-05-03,asset,HBAR,HBAR,,45.5251569941614,-0.0001941558177137021,,crypto,equal,
2026-05-04,asset,HBAR,HBAR,0.17631566089271566,45.603546248749666,-0.00020754816472797627,-0.7684931235146877,crypto,equal,
2026-05-05,asset,HBAR,HBAR,0.28978114476684713,54.501376173677755,-3.8646854808704976e-05,0.08076100189936036,crypto,equal,
2026-05-06,asset,HBAR,HBAR,0.39789551392511696,57.60843219137563,0.00013987287853212786,0.6042992871829832,crypto,equal,
2026-05-07,asset,HBAR,HBAR,0.3018580565761868,52.942436726308884,0.00016456069614196296,0.16414182493326074,crypto,equal,
2026-05-08,asset,HBAR,HBAR,0.28004350071075773,59.958772318582575,0.00033749617918042295,0.6205916776389311,crypto,equal,
2026-05-09,asset,HBAR,HBAR,0.13014225404631347,60.43159305305838,0.0004412881223125854,0.3852148518243574,crypto,equal,
2026-05-10,asset,HBAR,HBAR,0.018212043796665967,69.74253413636868,0.0007792309316296571,0.7814655012307278,crypto,equal,
2026-05-11,asset,HBAR,HBAR,0.1743276308650896,67.58221615394173,0.0009109088406846123,1.0124899024789467,crypto,equal,
2026-05-12,asset,HBAR,HBAR,0.39128136164295485,57.51656537086956,0.0007456883563846924,0.8720187401955436,crypto,equal,
2026-05-13,asset,HBAR,HBAR,0.32363085193680596,56.16583217945811,0.000567948898017777,0.5222604300403477,crypto,equal,
2026-05-14,asset,HBAR,HBAR,0.13670927072369493,59.678205570373066,0.0005209888217405367,0.23473634299447693,crypto,equal,
2026-05-15,asset,HBAR,HBAR,0.00563766641587019,53.45165519414679,0.0003194208275075993,-0.45806727535443603,crypto,equal,
2026-05-16,asset,HBAR,HBAR,0.1590436068560742,49.28613506577372,6.46456934664762e-05,-0.5029449991035796,crypto,equal,
2026-05-17,asset,HBAR,HBAR,0.16973753470506234,46.49904764402452,-0.00018089578583288328,-0.7782653683171322,crypto,equal,
2026-05-18,asset,HBAR,HBAR,0.33741555037036536,46.70505174100791,-0.0003293051377885255,-0.5081226069882466,crypto,equal,
2026-05-19,asset,HBAR,HBAR,0.26196436426470054,42.66102811373805,-0.0005194672146516864,-0.9708831592872439,crypto,equal,
2026-05-20,asset,HBAR,HBAR,0.022089024076675276,43.5376280347427,-0.0006004089782521582,-1.4696756129887139,crypto,equal,
2026-05-21,asset,HBAR,HBAR,0.2772340744066425,47.056347489394,-0.000553431554410412,-0.7077064913037052,crypto,equal,
2026-05-22,asset,HBAR,HBAR,,42.10890727001965,-0.0006243776873910078,,crypto,equal,
2026-05-23,asset,HBAR,HBAR,,42.10890727001965,-0.0004995021499128062,,crypto,equal,
2026-03-24,asset,HNT,HNT,-0.14553673450269158,,0.0,,crypto,equal,
2026-03-25,asset,HNT,HNT,0.020426655104011315,,-0.00014141357413759436,,crypto,equal,
2026-03-26,asset,HNT,HNT,0.29754036872037687,,-0.0032422761524154705,,crypto,equal,
2026-03-27,asset,HNT,HNT,0.3008764153614485,,-0.007198078295624654,,crypto,equal,
2026-03-28,asset,HNT,HNT,0.06095468434889803,,-0.009888692576215847,,crypto,equal,
2026-03-29,asset,HNT,HNT,0.1564366234434955,,-0.013131426094490108,,crypto,equal,
2026-03-30,asset,HNT,HNT,-0.162017798174154,,-0.017713546475898463,,crypto,equal,
2026-03-31,asset,HNT,HNT,0.10405507224752257,,-0.019304660205380356,,crypto,equal,
2026-04-01,asset,HNT,HNT,0.06884487508474676,,-0.019231972810721663,,crypto,equal,
2026-04-02,asset,HNT,HNT,0.25662862809704307,,-0.020276294992212944,,crypto,equal,
2026-04-03,asset,HNT,HNT,0.13244509061798454,,-0.020569531975439308,,crypto,equal,
2026-04-04,asset,HNT,HNT,0.027289107818296188,,-0.020473625481505123,,crypto,equal,
2026-04-05,asset,HNT,HNT,0.11190692315501058,,-0.019040201071824032,,crypto,equal,
2026-04-06,asset,HNT,HNT,-0.1492667288394556,,-0.01752357437817746,,crypto,equal,
2026-04-07,asset,HNT,HNT,0.4238068057462366,40.28359993496521,-0.008504782400101822,,crypto,equal,
2026-04-08,asset,HNT,HNT,0.20238395601702588,31.04173933401225,-0.006667969325503925,,crypto,equal,
2026-04-09,asset,HNT,HNT,0.3175421823929667,29.30900716352926,-0.005831489695888398,,crypto,equal,
2026-04-10,asset,HNT,HNT,0.02311722375193302,32.112692792119105,-0.0037515987107612225,,crypto,equal,
2026-04-11,asset,HNT,HNT,-0.06370995191907977,38.18465645182792,1.3363323429362028e-05,,crypto,equal,
2026-04-12,asset,HNT,HNT,0.17497849237503485,33.76898470017642,0.0004398447788341517,,crypto,equal,
2026-04-13,asset,HNT,HNT,-0.11953182924400706,40.32048828934314,0.003297879172071444,,crypto,equal,
2026-04-14,asset,HNT,HNT,0.09030530362611945,36.95104108229593,0.003568434096827902,,crypto,equal,
2026-04-15,asset,HNT,HNT,0.0882672143436689,38.12715247207784,0.004403772309327952,,crypto,equal,
2026-04-16,asset,HNT,HNT,0.19476797773366172,44.66708530858126,0.007420373308179309,,crypto,equal,
2026-04-17,asset,HNT,HNT,0.22275308291593565,58.94014835189104,0.01628362709672159,,crypto,equal,
2026-04-18,asset,HNT,HNT,0.2298008623944968,45.52468033557969,0.014047169998413885,,crypto,equal,
2026-04-19,asset,HNT,HNT,0.22548716295756166,49.339065242705864,0.014535695884733676,,crypto,equal,
2026-04-20,asset,HNT,HNT,0.12048718512778037,46.254999960488156,0.012424326005562751,,crypto,equal,
2026-04-21,asset,HNT,HNT,0.5167059293149867,44.699016270170425,0.009728622950259336,,crypto,equal,
2026-04-22,asset,HNT,HNT,0.2742400071655231,44.094883793870736,0.007426977868643193,,crypto,equal,
2026-04-23,asset,HNT,HNT,0.2557523781582713,41.45359618239233,0.004158901590171633,,crypto,equal,
2026-04-24,asset,HNT,HNT,0.139634208077242,41.9857930105369,0.0023968051028650725,,crypto,equal,
2026-04-25,asset,HNT,HNT,0.15304450798828623,43.72417649119597,0.0021888175199732338,,crypto,equal,
2026-04-26,asset,HNT,HNT,0.16970188795486893,41.72076516703619,0.0010548545185304,0.21813763338727615,crypto,equal,
2026-04-27,asset,HNT,HNT,0.5174259645879269,41.20857454026364,0.0002503396137613495,0.9760191828525613,crypto,equal,
2026-04-28,asset,HNT,HNT,0.2395343765175915,36.51799629257641,-0.002808554973021647,0.018758870616213206,crypto,equal,
2026-04-29,asset,HNT,HNT,0.021851195773416585,35.52914190755418,-0.004957471363655201,-0.5962419673203848,crypto,equal,
2026-04-30,asset,HNT,HNT,-0.24535185947762803,33.187793024364154,-0.007311003138771081,-1.3236677010512126,crypto,equal,
2026-05-01,asset,HNT,HNT,-0.1109855842751229,31.160519619698462,-0.009525149766206192,-1.1204986900335312,crypto,equal,
2026-05-02,asset,HNT,HNT,-0.0726195384824276,30.545116071482823,-0.010539658406137839,-1.0489920928036462,crypto,equal,
2026-05-03,asset,HNT,HNT,-0.18355247763320803,43.51899902665379,-0.0056484623002956424,-0.557964879158324,crypto,equal,
2026-05-04,asset,HNT,HNT,0.08019253988996147,38.32282989318394,-0.005077347086767103,-0.18964680429918296,crypto,equal,
2026-05-05,asset,HNT,HNT,0.05630886709062116,42.61543686240691,-0.002278682247833605,0.032647977725592164,crypto,equal,
2026-05-06,asset,HNT,HNT,0.24413342207930983,44.290460669795394,0.0006836098679286473,0.609298006271809,crypto,equal,
2026-05-07,asset,HNT,HNT,-0.07125347740662284,40.88956863326038,0.0009269825644966784,-0.24961051094072959,crypto,equal,
2026-05-08,asset,HNT,HNT,0.16453571243952025,46.905643079233805,0.00403482271673633,0.6469318623611989,crypto,equal,
2026-05-09,asset,HNT,HNT,0.08095001814946799,45.742892437545734,0.0055016933743134155,0.4339531128965809,crypto,equal,
2026-05-10,asset,HNT,HNT,-0.07327923007742926,49.76804019642222,0.008309650204579654,0.3347504973311392,crypto,equal,
2026-05-11,asset,HNT,HNT,0.0846452095250405,46.05004597782481,0.008083458508058805,0.5059926054075867,crypto,equal,
2026-05-12,asset,HNT,HNT,0.1611344652026993,41.188377771452345,0.00507820977652873,0.36058443579358856,crypto,equal,
2026-05-13,asset,HNT,HNT,0.457239342491954,39.79297015367449,0.0023683683522514286,0.8691532329676241,crypto,equal,
2026-05-14,asset,HNT,HNT,0.1606141954371764,38.43372649516132,6.204709673093833e-06,0.05363879734492043,crypto,equal,
2026-05-15,asset,HNT,HNT,0.10451275296599435,35.0629116964744,-0.0033334033766497656,-0.3359580802340918,crypto,equal,
2026-05-16,asset,HNT,HNT,0.3144626736896113,32.68997267048117,-0.006608400427768564,-0.06010817177282063,crypto,equal,
2026-05-17,asset,HNT,HNT,-0.12013727445993573,31.01520226887446,-0.009230655399032901,-1.1973715472367783,crypto,equal,
2026-05-18,asset,HNT,HNT,0.10027295743953435,36.10942749519871,-0.008310241334028051,-0.4113488503401631,crypto,equal,
2026-05-19,asset,HNT,HNT,0.14805924030937365,32.414131631673484,-0.009477613388690659,-0.5023732884076018,crypto,equal,
2026-05-20,asset,HNT,HNT,0.13404429438186188,35.976251371454524,-0.008077644109678123,-0.31563181921229283,crypto,equal,
2026-05-21,asset,HNT,HNT,-0.05327938807848841,34.68643118354173,-0.0072296717373363725,-0.7809030065889977,crypto,equal,
2026-05-22,asset,HNT,HNT,-0.06897977136201225,32.21114770915308,-0.007581245206482831,-0.9302062985423519,crypto,equal,
2026-05-23,asset,HNT,HNT,,32.21114770915308,-0.006064996165186257,,crypto,equal,
2026-03-24,asset,HYPE,HYPE,0.19171105313599113,,0.0,,crypto,equal,
2026-03-25,asset,HYPE,HYPE,,,-0.00307250628844713,,crypto,equal,
2026-03-26,asset,HYPE,HYPE,0.11328784215748311,,-0.08030441818301597,,crypto,equal,
2026-03-27,asset,HYPE,HYPE,-0.105254189491272,,-0.15289859356145485,,crypto,equal,
2026-03-28,asset,HYPE,HYPE,0.26919126547425987,,-0.14043183436924822,,crypto,equal,
2026-03-29,asset,HYPE,HYPE,0.16312932175202297,,-0.22786529376401982,,crypto,equal,
2026-03-30,asset,HYPE,HYPE,0.32529091202967103,,-0.33373626247759564,,crypto,equal,
2026-03-31,asset,HYPE,HYPE,0.04942065980856617,,-0.3962177822679752,,crypto,equal,
2026-04-01,asset,HYPE,HYPE,0.4363477251666288,,-0.44622059298116623,,crypto,equal,
2026-04-02,asset,HYPE,HYPE,-0.25657153517582587,,-0.5020805978741659,,crypto,equal,
2026-04-03,asset,HYPE,HYPE,-0.41088552230807646,,-0.479671428061616,,crypto,equal,
2026-04-04,asset,HYPE,HYPE,0.02925026823788881,,-0.381495337412032,,crypto,equal,
2026-04-05,asset,HYPE,HYPE,0.3351574198545577,,-0.26614840689074293,,crypto,equal,
2026-04-06,asset,HYPE,HYPE,-0.061101505388940366,,-0.20588910230089275,,crypto,equal,
2026-04-07,asset,HYPE,HYPE,-0.3954846204793797,50.682577370844356,-0.002597197470304402,,crypto,equal,
2026-04-08,asset,HYPE,HYPE,0.632421047730092,51.72909876929162,0.1433131683693748,,crypto,equal,
2026-04-09,asset,HYPE,HYPE,0.03144030387749273,56.07567330519527,0.2789415597838062,,crypto,equal,
2026-04-10,asset,HYPE,HYPE,,66.31585283339348,0.49382035798247703,,crypto,equal,
2026-04-11,asset,HYPE,HYPE,,68.66853746629747,0.6498116735030508,,crypto,equal,
2026-04-12,asset,HYPE,HYPE,0.09444544489383697,59.09755297942454,0.6298423772184936,,crypto,equal,
2026-04-13,asset,HYPE,HYPE,-0.0657228872872889,70.27629357283698,0.8089339004684624,,crypto,equal,
2026-04-14,asset,HYPE,HYPE,0.3928901424046234,65.95231251226306,0.8308649336156024,,crypto,equal,
2026-04-15,asset,HYPE,HYPE,,68.86307155079784,0.8701339401871122,,crypto,equal,
2026-04-16,asset,HYPE,HYPE,-0.290759752385815,64.44596760532966,0.7948617890090837,,crypto,equal,
2026-04-17,asset,HYPE,HYPE,0.14678599351481536,66.71789307085324,0.7529083829878067,,crypto,equal,
2026-04-18,asset,HYPE,HYPE,0.021435598694626246,62.20178109819765,0.6271384573609753,,crypto,equal,
2026-04-19,asset,HYPE,HYPE,0.27466124191136493,48.9936484079854,0.30829186616354953,,crypto,equal,
2026-04-20,asset,HYPE,HYPE,0.7366682895615697,49.220390416305364,0.08804606481636412,,crypto,equal,
2026-04-21,asset,HYPE,HYPE,,45.726659318829505,-0.12518875174586408,,crypto,equal,
2026-04-22,asset,HYPE,HYPE,0.3105106052815914,51.08619521531886,-0.17112196909633104,,crypto,equal,
2026-04-23,asset,HYPE,HYPE,0.16482087967097758,51.60573602335915,-0.18959867706422362,,crypto,equal,
2026-04-24,asset,HYPE,HYPE,-0.17662628013491632,51.04581602651551,-0.20710663419512665,,crypto,equal,
2026-04-25,asset,HYPE,HYPE,0.19622124127621451,52.446533358622744,-0.19221206211379815,,crypto,equal,
2026-04-26,asset,HYPE,HYPE,0.5518241863936186,56.2597350802625,-0.11752972559231267,0.39876666288668994,crypto,equal,
2026-04-27,asset,HYPE,HYPE,,52.42012199391007,-0.12285298490933771,,crypto,equal,
2026-04-28,asset,HYPE,HYPE,0.1099580624098579,46.13818783500742,-0.22229891469091978,-0.6312339395363114,crypto,equal,
2026-04-29,asset,HYPE,HYPE,0.3744067892249053,45.52333781946615,-0.2883703128742774,-0.3008422575758045,crypto,equal,
2026-04-30,asset,HYPE,HYPE,-0.3458625055969116,44.42014210764557,-0.33680125707675707,-1.3305966947412613,crypto,equal,
2026-05-01,asset,HYPE,HYPE,-0.045707119427000474,51.13889549297073,-0.2609936912517238,-0.6084654783225981,crypto,equal,
2026-05-02,asset,HYPE,HYPE,-0.04364160279378296,51.598337417685634,-0.19630976344717255,-0.5323521387355191,crypto,equal,
2026-05-03,asset,HYPE,HYPE,0.2520509953738004,52.83972230543227,-0.13077149671802113,-0.019855752411811797,crypto,equal,
2026-05-04,asset,HYPE,HYPE,,54.08664349326738,-0.06812829388565722,,crypto,equal,
2026-05-05,asset,HYPE,HYPE,-0.3548492273361422,61.89513154562129,0.09622104499092615,-0.35426815804510553,crypto,equal,
2026-05-06,asset,HYPE,HYPE,0.1484850022849813,58.34896039553124,0.15052316597716503,0.25272162632104483,crypto,equal,
2026-05-07,asset,HYPE,HYPE,-0.391644429172203,55.28424048338443,0.13683321849425945,-0.6076258273780907,crypto,equal,
2026-05-08,asset,HYPE,HYPE,0.1830013628515725,58.31152052497052,0.165266759919188,0.3234025850611028,crypto,equal,
2026-05-09,asset,HYPE,HYPE,0.07035893932967446,56.45513819838136,0.14944763384212084,0.07852528221695498,crypto,equal,
2026-05-10,asset,HYPE,HYPE,0.1939173060182482,56.797089184468305,0.1326974410689093,0.25134156751290165,crypto,equal,
2026-05-11,asset,HYPE,HYPE,0.4247988054953826,51.24770715486779,0.04780010895190934,0.27798755123995333,crypto,equal,
2026-05-12,asset,HYPE,HYPE,-0.7416667246110737,43.130908509038825,-0.1253057308195324,-1.7065635521479514,crypto,equal,
2026-05-13,asset,HYPE,HYPE,-0.8533884671628476,37.97416077571426,-0.3212952306904004,-2.027126354478667,crypto,equal,
2026-05-14,asset,HYPE,HYPE,,58.263112009336695,-0.09084983653456019,,crypto,equal,
2026-05-15,asset,HYPE,HYPE,0.12052796687819065,58.27006238367425,0.055388754122872585,0.21479752893379114,crypto,equal,
2026-05-16,asset,HYPE,HYPE,0.4989754944317043,49.961798966068955,-0.00806836574183245,0.28717097882616355,crypto,equal,
2026-05-17,asset,HYPE,HYPE,0.6928668318165466,60.124250434609465,0.19659061286075896,1.0486315388803409,crypto,equal,
2026-05-18,asset,HYPE,HYPE,0.5404371410080543,64.22686794052146,0.4405232245116444,1.2016563957478739,crypto,equal,
2026-05-19,asset,HYPE,HYPE,0.28176574361026285,64.85994971254937,0.586718922186049,1.0194295648805929,crypto,equal,
2026-05-20,asset,HYPE,HYPE,0.33048124592453243,74.7480111496557,1.074677504959224,1.7422804672853744,crypto,equal,
2026-05-21,asset,HYPE,HYPE,0.3238443589518113,78.32632703884043,1.5516773361745135,2.029403219614152,crypto,equal,
2026-05-22,asset,HYPE,HYPE,-0.34493275205558166,68.63084020152947,1.538866406456935,0.7998413647765981,crypto,equal,
2026-05-23,asset,HYPE,HYPE,,68.63084020152947,1.2310931251655477,,crypto,equal,
2026-03-24,asset,KAS,KAS,0.23734352844251153,,0.0,,crypto,equal,
2026-03-25,asset,KAS,KAS,0.28652761658213566,,0.00014741880341880286,,crypto,equal,
2026-03-26,asset,KAS,KAS,0.22341770570971337,,6.901907614385804e-05,,crypto,equal,
2026-03-27,asset,KAS,KAS,0.14596542401602647,,-8.251095606464688e-05,,crypto,equal,
2026-03-28,asset,KAS,KAS,0.23512113472184168,,-0.00015495980801073653,,crypto,equal,
2026-03-29,asset,KAS,KAS,0.06571257385181621,,-0.00031600442525613233,,crypto,equal,
2026-03-30,asset,KAS,KAS,-0.06739949279669663,,-0.00045959902503237145,,crypto,equal,
2026-03-31,asset,KAS,KAS,0.09809124877032718,,-0.00047710580800198847,,crypto,equal,
2026-04-01,asset,KAS,KAS,0.19848243339313507,,-0.0004946264680357067,,crypto,equal,
2026-04-02,asset,KAS,KAS,0.3411911602540299,,-0.000527978956089532,,crypto,equal,
2026-04-03,asset,KAS,KAS,0.19423525982654244,,-0.0005338412253950872,,crypto,equal,
2026-04-04,asset,KAS,KAS,0.15733237643823558,,-0.0004915929908255532,,crypto,equal,
2026-04-05,asset,KAS,KAS,0.14171387676706615,,-0.0004151788937799499,,crypto,equal,
2026-04-06,asset,KAS,KAS,0.24903580631538608,,-0.0003510422512240279,,crypto,equal,
2026-04-07,asset,KAS,KAS,0.23964815550839527,76.48386192832999,-0.0001822911369011005,,crypto,equal,
2026-04-08,asset,KAS,KAS,0.10289122000464963,73.0815662417044,-0.00011083917871857287,,crypto,equal,
2026-04-09,asset,KAS,KAS,0.09835940773499312,73.45996451926757,-3.43041978536269e-05,,crypto,equal,
2026-04-10,asset,KAS,KAS,-0.034025680833543154,75.28575609020372,0.00010338595309821287,,crypto,equal,
2026-04-11,asset,KAS,KAS,-0.010864317321876682,73.15344497094546,0.00016346336866293935,,crypto,equal,
2026-04-12,asset,KAS,KAS,0.13820902872564778,67.05976983914096,0.00011074592118925073,,crypto,equal,
2026-04-13,asset,KAS,KAS,0.2109915753767686,70.06446342495065,0.00018320948348225948,,crypto,equal,
2026-04-14,asset,KAS,KAS,0.2673453428112488,67.01957320803061,0.00018058451305645454,,crypto,equal,
2026-04-15,asset,KAS,KAS,0.06240038425516337,68.66448182318007,0.00023081525387638638,,crypto,equal,
2026-04-16,asset,KAS,KAS,0.1041781389994671,70.38907468092188,0.00031548291389822875,,crypto,equal,
2026-04-17,asset,KAS,KAS,0.36212989173174837,73.97157365213656,0.0004925205196434373,,crypto,equal,
2026-04-18,asset,KAS,KAS,0.3424392275920379,65.91727367274709,0.0004585891216784279,,crypto,equal,
2026-04-19,asset,KAS,KAS,0.3472123134634457,65.64237421983633,0.0004137753465309823,,crypto,equal,
2026-04-20,asset,KAS,KAS,0.0916002862900206,67.0989083988832,0.0004120482671252865,,crypto,equal,
2026-04-21,asset,KAS,KAS,0.1955711662870935,64.5779292462714,0.00035479187920263813,,crypto,equal,
2026-04-22,asset,KAS,KAS,0.022301418942194434,64.67483079388356,0.00030512875669504744,,crypto,equal,
2026-04-23,asset,KAS,KAS,0.41450848608215396,64.67483079388356,0.0002595802120794568,,crypto,equal,
2026-04-24,asset,KAS,KAS,0.4360919749029602,61.736766649417014,0.00018011610104650945,,crypto,equal,
2026-04-25,asset,KAS,KAS,0.5827436423598277,61.48609436628971,0.00011824920411711888,,crypto,equal,
2026-04-26,asset,KAS,KAS,0.24788867122911848,62.374523692748014,9.08072036065014e-05,-0.1574801807301578,crypto,equal,
2026-04-27,asset,KAS,KAS,0.5195018169578723,59.422169186774205,3.448134058489364e-05,0.35172002473232106,crypto,equal,
2026-04-28,asset,KAS,KAS,0.28944303482683686,56.43872833248791,-3.8350616297940846e-05,-0.42813515365793575,crypto,equal,
2026-04-29,asset,KAS,KAS,0.5973494544970509,55.317111858850126,-9.52867103596529e-05,0.26562853980581336,crypto,equal,
2026-04-30,asset,KAS,KAS,0.22788895244229276,54.980913376269804,-0.00012948507416589693,-0.65119521860675,crypto,equal,
2026-05-01,asset,KAS,KAS,0.5211287903606985,55.46670997052405,-0.00013713318552322152,0.10982308818275036,crypto,equal,
2026-05-02,asset,KAS,KAS,0.41327208121068776,58.187744731071334,-9.807050674904454e-05,0.014182968337634591,crypto,equal,
2026-05-03,asset,KAS,KAS,0.2975725973790512,60.287578190324076,-3.857456032562738e-05,-0.10733609515196835,crypto,equal,
2026-05-04,asset,KAS,KAS,0.47976675408609676,58.392723445885785,-1.5251112144649883e-05,0.2696345856885833,crypto,equal,
2026-05-05,asset,KAS,KAS,-0.04276872920519362,63.35426060974662,7.036606774529116e-05,-0.6575124554511583,crypto,equal,
2026-05-06,asset,KAS,KAS,0.4797933834652603,70.78766736021458,0.0002580259029395185,1.102945703846679,crypto,equal,
2026-05-07,asset,KAS,KAS,0.3729422190279048,62.94832986886679,0.000284791215276238,0.4980728634232885,crypto,equal,
2026-05-08,asset,KAS,KAS,0.3230172821536893,66.5457457778798,0.00035671575910052096,0.6139812658711363,crypto,equal,
2026-05-09,asset,KAS,KAS,0.5283028279209183,68.93739638187725,0.0004338546810262704,1.2559565098600283,crypto,equal,
2026-05-10,asset,KAS,KAS,0.3566141528316261,72.53933407979301,0.000545605350171582,1.1067901672128648,crypto,equal,
2026-05-11,asset,KAS,KAS,0.601586595692453,76.2749359239304,0.000694922651214029,1.908110302132017,crypto,equal,
2026-05-12,asset,KAS,KAS,0.46845145219718576,63.72091586371442,0.000597998592020622,0.8803255718778334,crypto,equal,
2026-05-13,asset,KAS,KAS,0.31418013957305346,59.95171324956892,0.0004468178506723925,0.20097917646829289,crypto,equal,
2026-05-14,asset,KAS,KAS,0.2254712507027225,60.94097096968381,0.00034256531811677486,-0.05216085184291386,crypto,equal,
2026-05-15,asset,KAS,KAS,0.3624068710887153,50.95886319676047,9.62740399170236e-05,-0.40013080590855016,crypto,equal,
2026-05-16,asset,KAS,KAS,0.2684615615580464,47.67131568335803,-0.0001319026620855018,-0.9112927987102565,crypto,equal,
2026-05-17,asset,KAS,KAS,0.6164464320357422,46.882720667911705,-0.00029051474810538695,-0.244358767348326,crypto,equal,
2026-05-18,asset,KAS,KAS,0.41434837972032046,50.308252541393614,-0.00032507244752290473,-0.5702075917447986,crypto,equal,
2026-05-19,asset,KAS,KAS,0.41254073034426203,45.96788269283765,-0.0004133398771973396,-0.7708892105769676,crypto,equal,
2026-05-20,asset,KAS,KAS,0.23366020637666807,50.8719836263218,-0.0003695199793753421,-0.9316638742697305,crypto,equal,
2026-05-21,asset,KAS,KAS,0.2611557989715226,51.990991583643016,-0.0003075446914884251,-0.7495877283008419,crypto,equal,
2026-05-22,asset,KAS,KAS,0.7797057482339907,46.31105708270531,-0.0003554387019765596,0.16667961655294933,crypto,equal,
2026-05-23,asset,KAS,KAS,,46.31105708270531,-0.0002843509615812477,,crypto,equal,
2026-03-24,asset,LINK,LINK,0.21895632659079353,,0.0,,crypto,equal,
2026-03-25,asset,LINK,LINK,0.24523992255815918,,0.008271499673296035,,crypto,equal,
2026-03-26,asset,LINK,LINK,0.09700685796591559,,-0.01683528547933065,,crypto,equal,
2026-03-27,asset,LINK,LINK,0.24273777753206094,,-0.05362967385797174,,crypto,equal,
2026-03-28,asset,LINK,LINK,0.28069269340902697,,-0.08214681746250015,,crypto,equal,
2026-03-29,asset,LINK,LINK,0.2502964585264849,,-0.09706551098085112,,crypto,equal,
2026-03-30,asset,LINK,LINK,0.2852985432691393,,-0.08728925074464652,,crypto,equal,
2026-03-31,asset,LINK,LINK,0.17018497141610872,,-0.06582137396323587,,crypto,equal,
2026-04-01,asset,LINK,LINK,0.21451404959307274,,-0.03733249332252396,,crypto,equal,
2026-04-02,asset,LINK,LINK,-0.10892477292470891,,-0.0361196046682484,,crypto,equal,
2026-04-03,asset,LINK,LINK,0.1774646893364726,,-0.03086906741039376,,crypto,equal,
2026-04-04,asset,LINK,LINK,0.3815771297662309,,-0.02249588338258876,,crypto,equal,
2026-04-05,asset,LINK,LINK,0.11060102954339142,,-0.006887606058550377,,crypto,equal,
2026-04-06,asset,LINK,LINK,0.12735555359791448,,0.0032215299767567596,,crypto,equal,
2026-04-07,asset,LINK,LINK,0.1486289145694716,71.73473374910697,0.04161494218580597,,crypto,equal,
2026-04-08,asset,LINK,LINK,0.19385282938551682,59.76684650315092,0.03728522908474058,,crypto,equal,
2026-04-09,asset,LINK,LINK,0.2920498767780151,61.17492242716672,0.039147167056075696,,crypto,equal,
2026-04-10,asset,LINK,LINK,0.24089791183702122,63.44439679431588,0.04827139720419657,,crypto,equal,
2026-04-11,asset,LINK,LINK,0.13703641407782283,63.019343687914834,0.05130425474161074,,crypto,equal,
2026-04-12,asset,LINK,LINK,0.26024465055743545,54.33713345928507,0.02966645702475844,,crypto,equal,
2026-04-13,asset,LINK,LINK,0.10248087225904068,64.16597591522608,0.055021242578045984,,crypto,equal,
2026-04-14,asset,LINK,LINK,0.30209378847572416,57.09001161456041,0.0472348087626581,,crypto,equal,
2026-04-15,asset,LINK,LINK,0.3227584513295538,60.454382934138884,0.05553809115193922,,crypto,equal,
2026-04-16,asset,LINK,LINK,0.1699448592753294,64.66146158278019,0.07961994474066894,,crypto,equal,
2026-04-17,asset,LINK,LINK,0.11767353511563228,64.84713986894943,0.09162396137934083,,crypto,equal,
2026-04-18,asset,LINK,LINK,0.10835368514926225,57.884047089271476,0.07313989205382684,,crypto,equal,
2026-04-19,asset,LINK,LINK,0.1850391320345031,53.78651965461199,0.04354397187330876,,crypto,equal,
2026-04-20,asset,LINK,LINK,0.236819098455464,57.105859102744716,0.036430593086984805,,crypto,equal,
2026-04-21,asset,LINK,LINK,0.2878670677184922,58.71297895871005,0.036693081913922565,,crypto,equal,
2026-04-22,asset,LINK,LINK,0.16168581333245702,56.516664929540326,0.02754944962972855,,crypto,equal,
2026-04-23,asset,LINK,LINK,0.22898006464149145,57.44510376850217,0.023463514720940937,,crypto,equal,
2026-04-24,asset,LINK,LINK,0.1265320645395964,57.92488304378741,0.020842366323920156,,crypto,equal,
2026-04-25,asset,LINK,LINK,0.222826143007246,57.17172245747486,0.015401788443385231,,crypto,equal,
2026-04-26,asset,LINK,LINK,0.3171631013155353,59.70163125289121,0.019365668911258085,0.5364447420015754,crypto,equal,
2026-04-27,asset,LINK,LINK,0.3133772121310272,55.44214720575314,0.0092578796734291,0.15798386430155414,crypto,equal,
2026-04-28,asset,LINK,LINK,0.23579586952383025,53.43784897799496,-0.003641012296390009,-0.3690592667574927,crypto,equal,
2026-04-29,asset,LINK,LINK,0.18325067046322963,50.395785455223454,-0.02050285261386929,-0.8439588334822488,crypto,equal,
2026-04-30,asset,LINK,LINK,0.25298382374416234,50.24328254748155,-0.031159546648043684,-0.5590061286783592,crypto,equal,
2026-05-01,asset,LINK,LINK,0.33616120645143005,50.01199267291267,-0.037466686526680906,-0.21392708578632652,crypto,equal,
2026-05-02,asset,LINK,LINK,0.10507694665970123,52.16818305076196,-0.03484324243615748,-1.0597112345171802,crypto,equal,
2026-05-03,asset,LINK,LINK,0.13590680939387167,50.864965194622535,-0.03477152872870354,-0.9641303943735008,crypto,equal,
2026-05-04,asset,LINK,LINK,0.2553684155415939,56.720559465649025,-0.01888212486216001,0.0016804940836549487,crypto,equal,
2026-05-05,asset,LINK,LINK,0.1412637560354931,64.85227091868629,0.01774267709939128,0.18554437797040998,crypto,equal,
2026-05-06,asset,LINK,LINK,0.2015722883444372,68.47693813523844,0.05414570346780849,0.851444044509015,crypto,equal,
2026-05-07,asset,LINK,LINK,0.15892984707333827,63.93198843948797,0.06407415920765226,0.4571445417318607,crypto,equal,
2026-05-08,asset,LINK,LINK,0.0423198264009823,70.86074878393487,0.09778255438711705,0.4671940270306063,crypto,equal,
2026-05-09,asset,LINK,LINK,0.1959173148783553,71.21517591244806,0.1147291433712943,1.1925315803793404,crypto,equal,
2026-05-10,asset,LINK,LINK,0.21233085310886468,75.01333516932529,0.13993608043624756,1.4707455731007248,crypto,equal,
2026-05-11,asset,LINK,LINK,0.20176086228820367,71.3452925196903,0.13900059483013866,1.174312809827394,crypto,equal,
2026-05-12,asset,LINK,LINK,0.15366467166295888,63.10531434535532,0.10974482127444846,0.40745032250176755,crypto,equal,
2026-05-13,asset,LINK,LINK,0.2494153359554041,61.31635369945923,0.07898773470427609,0.5966647421470862,crypto,equal,
2026-05-14,asset,LINK,LINK,0.2627503370952196,65.25008397412935,0.07031456631719402,0.7774556502634693,crypto,equal,
2026-05-15,asset,LINK,LINK,0.2513234524559183,55.76323637207418,0.03235226684700493,0.08582320073118285,crypto,equal,
2026-05-16,asset,LINK,LINK,0.29348939054878664,49.222244544776856,-0.01805449527815417,-0.27144313685607446,crypto,equal,
2026-05-17,asset,LINK,LINK,0.21050826647490575,46.6377043077632,-0.06099211395779519,-0.968324260059944,crypto,equal,
2026-05-18,asset,LINK,LINK,0.14194383351645132,47.44125364791963,-0.08436232076755654,-1.3369262241350368,crypto,equal,
2026-05-19,asset,LINK,LINK,0.16490682703630533,44.63296722075332,-0.10702888124197152,-1.395315818560201,crypto,equal,
2026-05-20,asset,LINK,LINK,0.16766535217985187,48.441089220923516,-0.10554820526714792,-1.1757190866197447,crypto,equal,
2026-05-21,asset,LINK,LINK,0.154754118580759,50.690810649965286,-0.0933608249247996,-1.0585377947746182,crypto,equal,
2026-05-22,asset,LINK,LINK,0.20058886483121718,44.81645638091554,-0.10279434570507845,-1.070946024233093,crypto,equal,
2026-05-23,asset,LINK,LINK,,44.81645638091554,-0.08223547656406276,,crypto,equal,
2026-03-24,asset,LTC,LTC,0.14212609831988812,,0.0,,crypto,equal,
2026-03-25,asset,LTC,LTC,0.19462856367629158,,0.017269575532839098,,crypto,equal,
2026-03-26,asset,LTC,LTC,0.4298167185200999,,-0.10550578251428874,,crypto,equal,
2026-03-27,asset,LTC,LTC,0.3157100008757785,,-0.2325117385447554,,crypto,equal,
2026-03-28,asset,LTC,LTC,0.007792893797159195,,-0.2904597603358501,,crypto,equal,
2026-03-29,asset,LTC,LTC,,,-0.3451722362007789,,crypto,equal,
2026-03-30,asset,LTC,LTC,0.8956877544511109,,-0.35715221065179115,,crypto,equal,
2026-03-31,asset,LTC,LTC,0.6619013486345454,,-0.3049073115341805,,crypto,equal,
2026-04-01,asset,LTC,LTC,0.5320086262694715,,-0.25776759258704995,,crypto,equal,
2026-04-02,asset,LTC,LTC,0.4391497785511427,,-0.3074693195196623,,crypto,equal,
2026-04-03,asset,LTC,LTC,0.30857485894156617,,-0.25778606178450947,,crypto,equal,
2026-04-04,asset,LTC,LTC,0.7331815045978873,,-0.18458885103901967,,crypto,equal,
2026-04-05,asset,LTC,LTC,-0.5111175767898559,,-0.09007211445641816,,crypto,equal,
2026-04-06,asset,LTC,LTC,0.4788301660442336,,-0.05638565617698488,,crypto,equal,
2026-04-07,asset,LTC,LTC,0.39253958100862796,61.96825593099995,0.09073618028456887,,crypto,equal,
2026-04-08,asset,LTC,LTC,0.26017752985740084,52.465756536091156,0.09523972338275521,,crypto,equal,
2026-04-09,asset,LTC,LTC,0.2030347601566464,55.57226379412761,0.13667655090967046,,crypto,equal,
2026-04-10,asset,LTC,LTC,0.409499802058842,57.735516479261726,0.18849277870321623,,crypto,equal,
2026-04-11,asset,LTC,LTC,0.2747156652033329,58.12859680721868,0.22115318238280857,,crypto,equal,
2026-04-12,asset,LTC,LTC,0.4586244974076748,48.22069602194003,0.1339556104845102,,crypto,equal,
2026-04-13,asset,LTC,LTC,0.39446289149485525,54.36453022134066,0.1504997037248223,,crypto,equal,
2026-04-14,asset,LTC,LTC,0.1864957037013532,52.41678154051465,0.13549855902988667,,crypto,equal,
2026-04-15,asset,LTC,LTC,0.5584776296832366,56.68076648428922,0.17749178368615848,,crypto,equal,
2026-04-16,asset,LTC,LTC,0.5996102535929065,61.89747156215003,0.27555024121204,,crypto,equal,
2026-04-17,asset,LTC,LTC,0.567077047753885,62.05243768221445,0.3276752622742794,,crypto,equal,
2026-04-18,asset,LTC,LTC,0.8883,57.12096347538345,0.29682224365498344,,crypto,equal,
2026-04-19,asset,LTC,LTC,0.4258485331024975,48.40202824140331,0.16158637416236024,,crypto,equal,
2026-04-20,asset,LTC,LTC,0.7495504040613926,53.08983668144872,0.13097113065948546,,crypto,equal,
2026-04-21,asset,LTC,LTC,,55.55317273552229,0.14046473078900862,,crypto,equal,
2026-04-22,asset,LTC,LTC,0.16820354776028545,55.105614118317504,0.13427821613792834,,crypto,equal,
2026-04-23,asset,LTC,LTC,0.31477006012694286,58.37901514412757,0.16884322963912785,,crypto,equal,
2026-04-24,asset,LTC,LTC,0.37921088599798386,59.9048093420318,0.20328503241905038,,crypto,equal,
2026-04-25,asset,LTC,LTC,-0.30046930255773235,56.65995398462761,0.18129820915538958,,crypto,equal,
2026-04-26,asset,LTC,LTC,-0.18246158835066528,57.75728597363509,0.17095207644763072,-0.361660604418952,crypto,equal,
2026-04-27,asset,LTC,LTC,0.3368324593898638,53.07758911362534,0.10770144997361836,-0.12928026389967523,crypto,equal,
2026-04-28,asset,LTC,LTC,-0.011917681162819846,53.7828640655238,0.06852063713028006,-0.569112584831871,crypto,equal,
2026-04-29,asset,LTC,LTC,0.3405218220349075,51.20220258624261,0.013159868470668495,-0.37209292846704234,crypto,equal,
2026-04-30,asset,LTC,LTC,0.19108104276694357,50.271259985835925,-0.033363648056232736,-0.6818560918085596,crypto,equal,
2026-05-01,asset,LTC,LTC,0.9155349858247674,51.8174024674743,-0.04809433591824652,0.3489127887949908,crypto,equal,
2026-05-02,asset,LTC,LTC,0.19462877022610564,51.549378905922545,-0.05904840936184119,-0.6052388666424817,crypto,equal,
2026-05-03,asset,LTC,LTC,0.038137135527376076,50.884292152901835,-0.07000904696368915,-0.8516785890265772,crypto,equal,
2026-05-04,asset,LTC,LTC,0.16481615110441214,48.311768249589385,-0.09545461544860706,-0.8809735308034051,crypto,equal,
2026-05-05,asset,LTC,LTC,0.03585887819707901,58.10788703445507,-0.019420981521202807,-0.20634433475039388,crypto,equal,
2026-05-06,asset,LTC,LTC,0.38251984876561906,60.43184456966806,0.053300445291402404,0.5184028542947493,crypto,equal,
2026-05-07,asset,LTC,LTC,0.4229920913359787,57.8081817064917,0.07523858975555153,0.40873263168539853,crypto,equal,
2026-05-08,asset,LTC,LTC,0.3773584009857848,67.32266920394078,0.20372953268889224,1.1330946102320982,crypto,equal,
2026-05-09,asset,LTC,LTC,0.49360710372477773,64.52546138492849,0.2499434263534248,1.1275509213457917,crypto,equal,
2026-05-10,asset,LTC,LTC,0.3332802874570506,73.17773952304097,0.4179909578447047,1.507251017096166,crypto,equal,
2026-05-11,asset,LTC,LTC,0.2650650762532046,60.63036311472129,0.3756812701568465,0.638762714707499,crypto,equal,
2026-05-12,asset,LTC,LTC,0.5760557219621028,58.35440422952431,0.29915632371362344,0.8163129113036873,crypto,equal,
2026-05-13,asset,LTC,LTC,0.40633257982967425,52.50462642688183,0.1592466645797106,0.042006236575271444,crypto,equal,
2026-05-14,asset,LTC,LTC,0.4869474042863026,57.55733777464514,0.13597570416543947,0.3976709504233795,crypto,equal,
2026-05-15,asset,LTC,LTC,0.42595578537508844,53.865111054607354,0.06149848212514286,-0.012200579528482993,crypto,equal,
2026-05-16,asset,LTC,LTC,0.4394828648126995,47.842767774186775,-0.0798472040694228,-0.5333772463172679,crypto,equal,
2026-05-17,asset,LTC,LTC,-0.5235419099992141,41.90434132078198,-0.2706297493890355,-2.3640632965934234,crypto,equal,
2026-05-18,asset,LTC,LTC,-0.052231797604355965,41.13758860835785,-0.39526823919987764,-1.8498806510966948,crypto,equal,
2026-05-19,asset,LTC,LTC,0.34292424274841327,41.79568780685729,-0.44895359870837287,-1.283522508998383,crypto,equal,
2026-05-20,asset,LTC,LTC,0.11297034660726785,39.66915069832049,-0.4981828588037458,-1.6646222595069187,crypto,equal,
2026-05-21,asset,LTC,LTC,0.14390921401910484,40.897549873171535,-0.49150901538191183,-1.4855069356875439,crypto,equal,
2026-05-22,asset,LTC,LTC,0.07570345755819498,35.390781487087395,-0.5590007837248524,-1.7884251317220303,crypto,equal,
2026-05-23,asset,LTC,LTC,,35.390781487087395,-0.44720062697988194,,crypto,equal,
2026-03-24,asset,MATIC,MATIC,,,,,crypto,equal,
2026-03-25,asset,MATIC,MATIC,,,,,crypto,equal,
2026-03-26,asset,MATIC,MATIC,,,,,crypto,equal,
2026-03-27,asset,MATIC,MATIC,,,,,crypto,equal,
2026-03-28,asset,MATIC,MATIC,,,,,crypto,equal,
2026-03-29,asset,MATIC,MATIC,0.40750000000000003,,,,crypto,equal,
2026-03-30,asset,MATIC,MATIC,,,,,crypto,equal,
2026-03-31,asset,MATIC,MATIC,,,,,crypto,equal,
2026-04-01,asset,MATIC,MATIC,0.36375,,,,crypto,equal,
2026-04-02,asset,MATIC,MATIC,-0.5106,,,,crypto,equal,
2026-04-03,asset,MATIC,MATIC,-0.3612,,,,crypto,equal,
2026-04-04,asset,MATIC,MATIC,,,,,crypto,equal,
2026-04-05,asset,MATIC,MATIC,,,,,crypto,equal,
2026-04-06,asset,MATIC,MATIC,,,,,crypto,equal,
2026-04-07,asset,MATIC,MATIC,,,,,crypto,equal,
2026-04-08,asset,MATIC,MATIC,,,,,crypto,equal,
2026-04-09,asset,MATIC,MATIC,,,,,crypto,equal,
2026-04-10,asset,MATIC,MATIC,,,,,crypto,equal,
2026-04-11,asset,MATIC,MATIC,,,,,crypto,equal,
2026-04-12,asset,MATIC,MATIC,,,,,crypto,equal,
2026-04-13,asset,MATIC,MATIC,,,,,crypto,equal,
2026-04-14,asset,MATIC,MATIC,,,,,crypto,equal,
2026-04-15,asset,MATIC,MATIC,,,,,crypto,equal,
2026-04-16,asset,MATIC,MATIC,,,,,crypto,equal,
2026-04-17,asset,MATIC,MATIC,,,,,crypto,equal,
2026-04-18,asset,MATIC,MATIC,,,,,crypto,equal,
2026-04-19,asset,MATIC,MATIC,,,,,crypto,equal,
2026-04-20,asset,MATIC,MATIC,,,,,crypto,equal,
2026-04-21,asset,MATIC,MATIC,,,,,crypto,equal,
2026-04-22,asset,MATIC,MATIC,,,,,crypto,equal,
2026-04-23,asset,MATIC,MATIC,,,,,crypto,equal,
2026-04-24,asset,MATIC,MATIC,,,,,crypto,equal,
2026-04-25,asset,MATIC,MATIC,,,,,crypto,equal,
2026-04-26,asset,MATIC,MATIC,,,,,crypto,equal,
2026-04-27,asset,MATIC,MATIC,,,,,crypto,equal,
2026-04-28,asset,MATIC,MATIC,,,,,crypto,equal,
2026-04-29,asset,MATIC,MATIC,,,,,crypto,equal,
2026-04-30,asset,MATIC,MATIC,,,,,crypto,equal,
2026-05-01,asset,MATIC,MATIC,,,,,crypto,equal,
2026-05-02,asset,MATIC,MATIC,,,,,crypto,equal,
2026-05-03,asset,MATIC,MATIC,,,,,crypto,equal,
2026-05-04,asset,MATIC,MATIC,,,,,crypto,equal,
2026-05-05,asset,MATIC,MATIC,,,,,crypto,equal,
2026-05-06,asset,MATIC,MATIC,,,,,crypto,equal,
2026-05-07,asset,MATIC,MATIC,,,,,crypto,equal,
2026-05-08,asset,MATIC,MATIC,,,,,crypto,equal,
2026-05-09,asset,MATIC,MATIC,,,,,crypto,equal,
2026-05-10,asset,MATIC,MATIC,,,,,crypto,equal,
2026-05-11,asset,MATIC,MATIC,,,,,crypto,equal,
2026-05-12,asset,MATIC,MATIC,,,,,crypto,equal,
2026-05-13,asset,MATIC,MATIC,,,,,crypto,equal,
2026-05-14,asset,MATIC,MATIC,,,,,crypto,equal,
2026-05-15,asset,MATIC,MATIC,,,,,crypto,equal,
2026-05-16,asset,MATIC,MATIC,,,,,crypto,equal,
2026-05-17,asset,MATIC,MATIC,,,,,crypto,equal,
2026-05-18,asset,MATIC,MATIC,,,,,crypto,equal,
2026-05-19,asset,MATIC,MATIC,,,,,crypto,equal,
2026-05-20,asset,MATIC,MATIC,,,,,crypto,equal,
2026-05-21,asset,MATIC,MATIC,,,,,crypto,equal,
2026-05-22,asset,MATIC,MATIC,,,,,crypto,equal,
2026-05-23,asset,MATIC,MATIC,,,,,crypto,equal,
2026-03-24,asset,MSTR,MSTR,0.2389652447246956,,0.0,,crypto,equal,
2026-03-25,asset,MSTR,MSTR,0.26929473048038777,,0.18379487179486204,,crypto,equal,
2026-03-26,asset,MSTR,MSTR,0.10044564753097791,,-0.10672931550881004,,crypto,equal,
2026-03-27,asset,MSTR,MSTR,0.39133529578090775,,-0.7237468489745269,,crypto,equal,
2026-03-28,asset,MSTR,MSTR,-0.04122307881522134,,-0.5789974791796215,,crypto,equal,
2026-03-29,asset,MSTR,MSTR,0.10099093386047543,,-0.4631979833436972,,crypto,equal,
2026-03-30,asset,MSTR,MSTR,0.026615457396090208,,-1.540160192651848,,crypto,equal,
2026-03-31,asset,MSTR,MSTR,0.062029270872822596,,-1.546456872980725,,crypto,equal,
2026-04-01,asset,MSTR,MSTR,-0.1103720075071538,,-1.587363050054306,,crypto,equal,
2026-04-02,asset,MSTR,MSTR,0.046352690544283634,,-1.7035499256624678,,crypto,equal,
2026-04-03,asset,MSTR,MSTR,0.17012034454543679,,-1.362839940529974,,crypto,equal,
2026-04-04,asset,MSTR,MSTR,0.1583961343458925,,-1.0902719524239792,,crypto,equal,
2026-04-05,asset,MSTR,MSTR,0.3218282218535244,,-0.8722175619391832,,crypto,equal,
2026-04-06,asset,MSTR,MSTR,0.09297111616644121,,-0.46842239313828227,,crypto,equal,
2026-04-07,asset,MSTR,MSTR,0.06540925630391058,,-0.4436220678064493,,crypto,equal,
2026-04-08,asset,MSTR,MSTR,0.15000786925842985,,-0.08449459717807395,,crypto,equal,
2026-04-09,asset,MSTR,MSTR,0.21892793390047216,,0.20900216742018474,,crypto,equal,
2026-04-10,asset,MSTR,MSTR,0.20543236443046248,,0.3957231555820191,,crypto,equal,
2026-04-11,asset,MSTR,MSTR,0.05794746175272898,,0.31657852446561563,,crypto,equal,
2026-04-12,asset,MSTR,MSTR,0.04711520781889559,,0.25326281957249286,,crypto,equal,
2026-04-13,asset,MSTR,MSTR,0.06508317781966023,,0.8005820682441325,,crypto,equal,
2026-04-14,asset,MSTR,MSTR,0.163388234862256,,1.2997022923066481,,crypto,equal,
2026-04-15,asset,MSTR,MSTR,0.19262041781509293,,1.9563822539616242,,crypto,equal,
2026-04-16,asset,MSTR,MSTR,0.21649948037822614,,2.6263474725189693,,crypto,equal,
2026-04-17,asset,MSTR,MSTR,0.21681111263779923,82.61640965553336,4.040832117056468,,crypto,equal,
2026-04-18,asset,MSTR,MSTR,0.3208455049482407,82.61640965553336,3.2326656936451745,,crypto,equal,
2026-04-19,asset,MSTR,MSTR,0.0990282495808293,82.61640965553336,2.5861325549161394,,crypto,equal,
2026-04-20,asset,MSTR,MSTR,0.09396325299958264,82.61640965553336,4.724266109808678,,crypto,equal,
2026-04-21,asset,MSTR,MSTR,0.12371396419639566,72.16565118404347,4.50100316662168,,crypto,equal,
2026-04-22,asset,MSTR,MSTR,0.08600226752063396,77.72852532731483,5.074098124353265,,crypto,equal,
2026-04-23,asset,MSTR,MSTR,0.14538543686355462,70.8970913932728,4.682869755818042,,crypto,equal,
2026-04-24,asset,MSTR,MSTR,0.08390761295871454,69.5124806554382,4.044225929726391,,crypto,equal,
2026-04-25,asset,MSTR,MSTR,0.23112549173918087,69.5124806554382,3.2353807437811124,,crypto,equal,
2026-04-26,asset,MSTR,MSTR,0.11169220774020999,69.5124806554382,2.5883045950248906,,crypto,equal,
2026-04-27,asset,MSTR,MSTR,0.17543879831895853,69.5124806554382,2.302681460654558,,crypto,equal,
2026-04-28,asset,MSTR,MSTR,-0.0953147374268089,65.37884066247864,1.481205874136597,,crypto,equal,
2026-04-29,asset,MSTR,MSTR,0.3034301672369104,58.77028814602928,0.32223950839845017,,crypto,equal,
2026-04-30,asset,MSTR,MSTR,0.15327093068747116,58.77028814602928,0.2577916067187598,,crypto,equal,
2026-05-01,asset,MSTR,MSTR,0.16771473978272408,58.77028814602928,0.2062332853750064,,crypto,equal,
2026-05-02,asset,MSTR,MSTR,0.5398172253449619,58.77028814602928,0.16498662830000477,,crypto,equal,
2026-05-03,asset,MSTR,MSTR,-0.04028106421221048,58.77028814602928,0.13198930264000452,,crypto,equal,
2026-05-04,asset,MSTR,MSTR,0.07432851933871787,58.77028814602928,0.10559144211200433,,crypto,equal,
2026-05-05,asset,MSTR,MSTR,0.01659823269966064,58.77028814602928,0.08447315368960417,,crypto,equal,
2026-05-06,asset,MSTR,MSTR,0.09316358358238315,58.77028814602928,0.06757852295168298,-0.5800260226824203,crypto,equal,
2026-05-07,asset,MSTR,MSTR,0.03278420034528838,58.77028814602928,0.054062818361344966,-0.755312714876607,crypto,equal,
2026-05-08,asset,MSTR,MSTR,0.2720462869416191,58.77028814602928,0.04325025468907562,0.02443478515606093,crypto,equal,
2026-05-09,asset,MSTR,MSTR,0.2659790294175347,58.77028814602928,0.034600203751260494,0.007021512125749335,crypto,equal,
2026-05-10,asset,MSTR,MSTR,0.2215849801726994,58.77028814602928,0.027680163001008395,-0.13056890889523398,crypto,equal,
2026-05-11,asset,MSTR,MSTR,0.1116063562410392,58.77028814602928,0.022144130400807427,-0.4790886116522905,crypto,equal,
2026-05-12,asset,MSTR,MSTR,0.20946634216878848,58.77028814602928,0.01771530432064594,-0.15070722536306863,crypto,equal,
2026-05-13,asset,MSTR,MSTR,0.22854733618699816,58.77028814602928,0.014172243456517464,-0.08337659892574248,crypto,equal,
2026-05-14,asset,MSTR,MSTR,0.16079283216436216,58.77028814602928,0.011337794765214682,-0.30252672799436114,crypto,equal,
2026-05-15,asset,MSTR,MSTR,0.19426134396678132,58.77028814602928,0.009070235812171035,-0.18447549011046394,crypto,equal,
2026-05-16,asset,MSTR,MSTR,-0.20423723695228496,58.77028814602928,0.007256188649737538,-1.4325341538023182,crypto,equal,
2026-05-17,asset,MSTR,MSTR,0.14348173907502398,58.77028814602928,0.0058049509197886096,-0.3228256275511123,crypto,equal,
2026-05-18,asset,MSTR,MSTR,0.021126783217595743,58.77028814602928,0.004643960735830177,-0.7024445285499937,crypto,equal,
2026-05-19,asset,MSTR,MSTR,0.06641895505703518,58.77028814602928,0.0037151685886627206,-0.5489983090542038,crypto,equal,
2026-05-20,asset,MSTR,MSTR,0.24833593294171954,58.77028814602928,0.0029721348709301765,0.03756389438737666,crypto,equal,
2026-05-21,asset,MSTR,MSTR,0.00543007940420261,58.77028814602928,0.0023777078967448517,-0.7346065905688135,crypto,equal,
2026-05-22,asset,MSTR,MSTR,0.1527881287118187,58.77028814602928,0.001902166317396592,-0.2546699686421647,crypto,equal,
2026-05-23,asset,MSTR,MSTR,,58.77028814602928,0.001521733053916563,,crypto,equal,
2026-03-24,asset,PEPE,PEPE,0.4324158424827787,,0.0,,crypto,equal,
2026-03-25,asset,PEPE,PEPE,0.27439303092850376,,4.944009480983027e-10,,crypto,equal,
2026-03-26,asset,PEPE,PEPE,,,-7.955491311022316e-09,,crypto,equal,
2026-03-27,asset,PEPE,PEPE,0.3421091213089724,,-2.0568763713038917e-08,,crypto,equal,
2026-03-28,asset,PEPE,PEPE,0.04646984678927808,,-2.731088983752615e-08,,crypto,equal,
2026-03-29,asset,PEPE,PEPE,0.30372930502251255,,-3.061028710769705e-08,,crypto,equal,
2026-03-30,asset,PEPE,PEPE,0.2887012348921703,,-2.8203092096593954e-08,,crypto,equal,
2026-03-31,asset,PEPE,PEPE,0.33662271316349507,,-1.924099263540674e-08,,crypto,equal,
2026-04-01,asset,PEPE,PEPE,0.5454557447493475,,-1.2396343917474537e-08,,crypto,equal,
2026-04-02,asset,PEPE,PEPE,0.5534316597610712,,-1.1061132047165274e-08,,crypto,equal,
2026-04-03,asset,PEPE,PEPE,0.37502860562950374,,-4.105624895205587e-09,,crypto,equal,
2026-04-04,asset,PEPE,PEPE,-0.0559891114752926,,-2.9825044203993345e-10,,crypto,equal,
2026-04-05,asset,PEPE,PEPE,0.5091961213136713,,8.076583766926351e-09,,crypto,equal,
2026-04-06,asset,PEPE,PEPE,0.10095427722930908,,3.006994324409959e-09,,crypto,equal,
2026-04-07,asset,PEPE,PEPE,0.39022998441333573,66.71514515294767,2.4960225780952964e-08,,crypto,equal,
2026-04-08,asset,PEPE,PEPE,0.4321282037655124,55.54089765239254,2.6170379172024018e-08,,crypto,equal,
2026-04-09,asset,PEPE,PEPE,0.21811863679892074,54.02563271354985,2.3990414362527006e-08,,crypto,equal,
2026-04-10,asset,PEPE,PEPE,0.37858592207003383,59.0955385309887,2.90985367716647e-08,,crypto,equal,
2026-04-11,asset,PEPE,PEPE,0.4373701558972398,59.504237964005405,3.1522102947536036e-08,,crypto,equal,
2026-04-12,asset,PEPE,PEPE,0.3203270545384754,49.960512644431496,2.0014367190711712e-08,,crypto,equal,
2026-04-13,asset,PEPE,PEPE,0.29838789587499576,60.888742522057946,3.019290973735952e-08,,crypto,equal,
2026-04-14,asset,PEPE,PEPE,0.08360910916142165,53.09322746091038,2.3388184133567944e-08,,crypto,equal,
2026-04-15,asset,PEPE,PEPE,-0.06428025454897432,57.914634630279515,2.733433236547403e-08,,crypto,equal,
2026-04-16,asset,PEPE,PEPE,0.577226967291534,64.69075657286895,4.477265895695337e-08,,crypto,equal,
2026-04-17,asset,PEPE,PEPE,0.445648187438352,63.86001551496407,5.181138460015523e-08,,crypto,equal,
2026-04-18,asset,PEPE,PEPE,0.02964930829185787,56.322807273116304,4.104228156530275e-08,,crypto,equal,
2026-04-19,asset,PEPE,PEPE,0.4582779841503926,51.9998195333728,2.3750314862612806e-08,,crypto,equal,
2026-04-20,asset,PEPE,PEPE,0.1209120869756066,55.3395871318343,1.8230960159715858e-08,,crypto,equal,
2026-04-21,asset,PEPE,PEPE,0.662247656171769,56.81998757245417,1.6471157196146284e-08,,crypto,equal,
2026-04-22,asset,PEPE,PEPE,-0.11548075714138234,56.38185016061509,1.3150597293683717e-08,,crypto,equal,
2026-04-23,asset,PEPE,PEPE,0.09537846305304104,57.3512947253504,1.1649567693572924e-08,,crypto,equal,
2026-04-24,asset,PEPE,PEPE,0.2961017129976302,58.61604004264786,1.1879160941218704e-08,,crypto,equal,
2026-04-25,asset,PEPE,PEPE,0.20492446636188483,57.78610045593601,9.556633754241828e-09,,crypto,equal,
2026-04-26,asset,PEPE,PEPE,0.015842752902284263,59.23472850945947,9.451497363187994e-09,-0.427019776031494,crypto,equal,
2026-04-27,asset,PEPE,PEPE,0.12525623172447084,59.56663530930811,8.69689709839979e-09,-0.19416015212289525,crypto,equal,
2026-04-28,asset,PEPE,PEPE,0.3808923760365485,58.34071402916292,5.5926775258581265e-09,0.1745550200891738,crypto,equal,
2026-04-29,asset,PEPE,PEPE,0.10690056272615212,56.60456724393674,6.342766406987649e-10,-0.5655050742464577,crypto,equal,
2026-04-30,asset,PEPE,PEPE,0.8002389441619627,57.54794595090278,-1.983212893306675e-09,0.7660134674564396,crypto,equal,
2026-05-01,asset,PEPE,PEPE,0.387945495594563,60.22452968142885,-5.015182896889327e-10,0.22235514154387012,crypto,equal,
2026-05-02,asset,PEPE,PEPE,0.1956769582564632,63.07534827979958,3.996369069835623e-09,0.13558133442992698,crypto,equal,
2026-05-03,asset,PEPE,PEPE,0.3807299826651811,59.16319968645543,2.077678439762245e-09,0.149883943979365,crypto,equal,
2026-05-04,asset,PEPE,PEPE,0.1316065399864223,60.94827876703698,2.4987352551631627e-09,-0.18069297699130027,crypto,equal,
2026-05-05,asset,PEPE,PEPE,0.3329517603297718,66.20303516393014,1.0220903552023218e-08,0.6954765683961106,crypto,equal,
2026-05-06,asset,PEPE,PEPE,0.2212720111919774,67.95620662228697,1.6857599701345086e-08,0.6412452991383758,crypto,equal,
2026-05-07,asset,PEPE,PEPE,0.5134796712245171,67.30554763144158,1.870371257113312e-08,1.1455873915931112,crypto,equal,
2026-05-08,asset,PEPE,PEPE,0.18049976072928142,72.56478932866561,2.8170258417058102e-08,0.8668888243310556,crypto,equal,
2026-05-09,asset,PEPE,PEPE,0.2944595834910776,67.89789668540573,2.758730460631771e-08,0.7690984096432476,crypto,equal,
2026-05-10,asset,PEPE,PEPE,0.26340131868693045,72.66371755320085,3.492564431080644e-08,1.0190911464327819,crypto,equal,
2026-05-11,asset,PEPE,PEPE,0.5353833082065917,68.07545593829829,3.2264332742537553e-08,1.2409835192172172,crypto,equal,
2026-05-12,asset,PEPE,PEPE,0.3294650049505755,56.63193130074584,1.492357141891575e-08,-0.06461706022992166,crypto,equal,
2026-05-13,asset,PEPE,PEPE,0.32692964639466565,52.32962044206119,-3.768152331973394e-09,-0.5818772896494081,crypto,equal,
2026-05-14,asset,PEPE,PEPE,0.147650347200737,53.93595448328651,-1.4041604787104659e-08,-1.0076829679517578,crypto,equal,
2026-05-15,asset,PEPE,PEPE,0.11227885676953941,46.16062081084059,-3.242270517359134e-08,-1.6854180399997127,crypto,equal,
2026-05-16,asset,PEPE,PEPE,0.1394836986870995,40.88066863566724,-5.291842040320203e-08,-2.006522476619214,crypto,equal,
2026-05-17,asset,PEPE,PEPE,0.33408099583738826,38.33180386168657,-6.914904560912214e-08,-1.7142655037931744,crypto,equal,
2026-05-18,asset,PEPE,PEPE,-0.01677682607233525,38.905782213173836,-7.582048502002725e-08,-2.3107841329230663,crypto,equal,
2026-05-19,asset,PEPE,PEPE,0.36151570725952276,37.23007947949811,-7.993883732627809e-08,-1.4758031258720459,crypto,equal,
2026-05-20,asset,PEPE,PEPE,0.4101062045350176,41.055362587209075,-7.428689400693142e-08,-1.0870141450257669,crypto,equal,
2026-05-21,asset,PEPE,PEPE,0.48115382352285085,45.54515325090472,-6.1476426359239e-08,-0.6144259264165237,crypto,equal,
2026-05-22,asset,PEPE,PEPE,,38.47015442630695,-6.317089892144155e-08,,crypto,equal,
2026-05-23,asset,PEPE,PEPE,,38.47015442630695,-5.0536719137153247e-08,,crypto,equal,
2026-03-24,asset,POL,POL,0.4372856398694864,,0.0,,crypto,equal,
2026-03-25,asset,POL,POL,0.13041963205065507,,0.0001262199707171785,,crypto,equal,
2026-03-26,asset,POL,POL,0.295054055215712,,-1.111827880127425e-05,,crypto,equal,
2026-03-27,asset,POL,POL,0.20032985904255018,,-0.0003509405799414469,,crypto,equal,
2026-03-28,asset,POL,POL,0.16694522598668368,,-0.0004894663032569776,,crypto,equal,
2026-03-29,asset,POL,POL,0.339528344142697,,-0.0005896147691728927,,crypto,equal,
2026-03-30,asset,POL,POL,0.2168006376822909,,-0.0005930698539260525,,crypto,equal,
2026-03-31,asset,POL,POL,0.4007298868041527,,-0.0005776460614842016,,crypto,equal,
2026-04-01,asset,POL,POL,0.14882701088258374,,-0.0004294247003619972,,crypto,equal,
2026-04-02,asset,POL,POL,-0.00865592650795742,,-0.0003982516712512889,,crypto,equal,
2026-04-03,asset,POL,POL,-0.01262381991765981,,-0.00028504746361589185,,crypto,equal,
2026-04-04,asset,POL,POL,0.2162184775082555,,-0.00016633802624678137,,crypto,equal,
2026-04-05,asset,POL,POL,0.14035557383121455,,-0.00020129909431176613,,crypto,equal,
2026-04-06,asset,POL,POL,0.07186764769627632,,-0.00024241072829037438,,crypto,equal,
2026-04-07,asset,POL,POL,0.4646919163861316,70.08367820705678,-6.857189470873821e-05,,crypto,equal,
2026-04-08,asset,POL,POL,0.21796043629507966,58.514548311017016,-0.00021506938247248578,,crypto,equal,
2026-04-09,asset,POL,POL,0.18346974995078053,53.83558073833771,-0.000416792057034168,,crypto,equal,
2026-04-10,asset,POL,POL,-0.10475450740504699,51.78543033041254,-0.00057060608119992,,crypto,equal,
2026-04-11,asset,POL,POL,0.18814536525665207,51.616943239847984,-0.0006294214703536391,,crypto,equal,
2026-04-12,asset,POL,POL,0.23023221697251456,44.0472513611454,-0.000855217306318825,,crypto,equal,
2026-04-13,asset,POL,POL,0.1005190784236783,51.92522905457621,-0.0006913208967874967,,crypto,equal,
2026-04-14,asset,POL,POL,0.16559210961162182,46.33532402032708,-0.0007296104850120968,,crypto,equal,
2026-04-15,asset,POL,POL,0.09325770861205779,51.06689050079656,-0.0005338575840691234,,crypto,equal,
2026-04-16,asset,POL,POL,0.13961368568917193,59.420315499887614,-1.0784292160136155e-05,,crypto,equal,
2026-04-17,asset,POL,POL,0.2449030633118802,59.11219743695312,0.0003280037529919291,,crypto,equal,
2026-04-18,asset,POL,POL,0.11539122435466521,56.96970053031714,0.0004755356145072303,,crypto,equal,
2026-04-19,asset,POL,POL,0.0807510879418798,53.224141187759635,0.000440397281216427,,crypto,equal,
2026-04-20,asset,POL,POL,0.0747040122724371,61.06099516113113,0.0007573177064898074,,crypto,equal,
2026-04-21,asset,POL,POL,0.19770468939528554,61.746825624681414,0.0009662821440316405,,crypto,equal,
2026-04-22,asset,POL,POL,-0.011070639114877254,61.16962100590035,0.0010431612480850734,,crypto,equal,
2026-04-23,asset,POL,POL,0.17700982092993178,62.73278047374219,0.0011188331978271788,,crypto,equal,
2026-04-24,asset,POL,POL,0.1454090590559446,56.906163636378864,0.000948684083079094,,crypto,equal,
2026-04-25,asset,POL,POL,0.2721504703967366,57.18293704461358,0.0008096357920676229,,crypto,equal,
2026-04-26,asset,POL,POL,0.266666887155265,57.896180200743174,0.0007112200731333785,0.7536754382250499,crypto,equal,
2026-04-27,asset,POL,POL,0.10388717253110126,57.88901219043202,0.000615101264686484,0.1726721554128077,crypto,equal,
2026-04-28,asset,POL,POL,0.08942957809104182,56.85845837617359,0.0004993529470813743,0.012535383271339157,crypto,equal,
2026-04-29,asset,POL,POL,0.33746211562751055,58.83047863611792,0.00046330464740845323,0.8801464669133052,crypto,equal,
2026-04-30,asset,POL,POL,0.3759666101134876,63.146388722869375,0.0005637965050205713,1.2327528805192656,crypto,equal,
2026-05-01,asset,POL,POL,0.26763169307148926,63.80704491280351,0.000619298536517409,0.9214410449460473,crypto,equal,
2026-05-02,asset,POL,POL,-0.28964563931127574,66.80464853480414,0.0007302443758513337,-0.45673633252401435,crypto,equal,
2026-05-03,asset,POL,POL,0.16207667079776633,60.861419663009016,0.0006340859474298795,0.432277107576441,crypto,equal,
2026-05-04,asset,POL,POL,,64.33537220730364,0.0006587422860530286,,crypto,equal,
2026-05-05,asset,POL,POL,0.20322300752520217,65.40469602637918,0.0006720633147775682,0.7533945792638509,crypto,equal,
2026-05-06,asset,POL,POL,0.3269188662522927,67.25991041358324,0.0007064503502845507,1.1720261914671846,crypto,equal,
2026-05-07,asset,POL,POL,0.27871443855501243,65.38225495543224,0.0006448146920791779,0.887842039674735,crypto,equal,
2026-05-08,asset,POL,POL,0.3085339046104079,70.5517268440291,0.0007650980171543744,1.2318089764314692,crypto,equal,
2026-05-09,asset,POL,POL,0.44128619091165255,67.96863415978432,0.0007376625784896009,1.4145449469902354,crypto,equal,
2026-05-10,asset,POL,POL,0.18807508665130881,72.79440026499914,0.0008840458549086083,0.9534809341843027,crypto,equal,
2026-05-11,asset,POL,POL,0.12542452989178285,68.58106730763403,0.0008289240467798933,0.5415144139134468,crypto,equal,
2026-05-12,asset,POL,POL,0.6001955736397611,56.37925898862385,0.0004442916387558441,1.052833996878649,crypto,equal,
2026-05-13,asset,POL,POL,0.19207857671068052,50.75712621101989,-6.711401735411387e-06,-0.4884856158079456,crypto,equal,
2026-05-14,asset,POL,POL,0.5011101597807769,47.546700020913065,-0.0004140999090214894,-0.023248749516277922,crypto,equal,
2026-05-15,asset,POL,POL,0.07121263926555635,41.38132513473555,-0.0008956275464470239,-1.5534872752461817,crypto,equal,
2026-05-16,asset,POL,POL,0.294570554494001,41.81383731254298,-0.0011561755668536577,-1.0091853464022238,crypto,equal,
2026-05-17,asset,POL,POL,0.18214085737480226,41.3113461182209,-0.0012926424755754571,-1.3076609342885588,crypto,equal,
2026-05-18,asset,POL,POL,0.14221053444365547,41.49372988918615,-0.001318181892672215,-1.348719856392076,crypto,equal,
2026-05-19,asset,POL,POL,0.12287702928279276,38.87957168587877,-0.001364242507551738,-1.4374201714335308,crypto,equal,
2026-05-20,asset,POL,POL,0.11303508259899515,43.06717420511469,-0.0012302474697573837,-1.2205341312283462,crypto,equal,
2026-05-21,asset,POL,POL,0.11884608925159161,44.449763774608705,-0.001052213824445942,-1.0536886939290215,crypto,equal,
2026-05-22,asset,POL,POL,0.005771953496781764,41.897775813972274,-0.0009629747950890917,-1.3665628290331546,crypto,equal,
2026-05-23,asset,POL,POL,,41.897775813972274,-0.0007703798360712734,,crypto,equal,
2026-03-24,asset,POPCAT,POPCAT,0.28807353373445,,0.0,,crypto,equal,
2026-03-25,asset,POPCAT,POPCAT,0.20101318172479846,,0.00011974174117339031,,crypto,equal,
2026-03-26,asset,POPCAT,POPCAT,0.7596779659444466,,-2.3110961258490108e-05,,crypto,equal,
2026-03-27,asset,POPCAT,POPCAT,0.1920976485806207,,-0.0002885775339523229,,crypto,equal,
2026-03-28,asset,POPCAT,POPCAT,0.2527868009108305,,-0.00046971436432825364,,crypto,equal,
2026-03-29,asset,POPCAT,POPCAT,0.2121869381559547,,-0.0006043387661606855,,crypto,equal,
2026-03-30,asset,POPCAT,POPCAT,0.16123133058567996,,-0.0006009829088637001,,crypto,equal,
2026-03-31,asset,POPCAT,POPCAT,0.5977129886344075,,-0.0004962877234219126,,crypto,equal,
2026-04-01,asset,POPCAT,POPCAT,0.12246029464916793,,-0.0004028557230726275,,crypto,equal,
2026-04-02,asset,POPCAT,POPCAT,0.39940607708651416,,-0.0003944443378267582,,crypto,equal,
2026-04-03,asset,POPCAT,POPCAT,0.5280972188781325,,-0.0002722606165059797,,crypto,equal,
2026-04-04,asset,POPCAT,POPCAT,0.15922013548238204,,-0.00015929946331190003,,crypto,equal,
2026-04-05,asset,POPCAT,POPCAT,0.06833539228735493,,-4.306534363576406e-05,,crypto,equal,
2026-04-06,asset,POPCAT,POPCAT,0.21045450634274424,,-4.669380175416338e-05,,crypto,equal,
2026-04-07,asset,POPCAT,POPCAT,0.3470729077380896,75.70961335911615,0.00021175753565487194,,crypto,equal,
2026-04-08,asset,POPCAT,POPCAT,0.34318278462180696,73.75841457907482,0.00033612412062907567,,crypto,equal,
2026-04-09,asset,POPCAT,POPCAT,0.6013180110656966,72.69587630805124,0.000385463730757601,,crypto,equal,
2026-04-10,asset,POPCAT,POPCAT,0.031842659477442505,75.13414292320135,0.0005170637262982322,,crypto,equal,
2026-04-11,asset,POPCAT,POPCAT,0.0951726662197189,74.42315702928562,0.0005661428912414701,,crypto,equal,
2026-04-12,asset,POPCAT,POPCAT,0.20409921597627925,65.05767943815457,0.0004101846939387159,,crypto,equal,
2026-04-13,asset,POPCAT,POPCAT,0.22167864848095922,71.23485286184336,0.0005486527586067958,,crypto,equal,
2026-04-14,asset,POPCAT,POPCAT,0.31658190757806415,61.36345877719619,0.00039293825155670446,,crypto,equal,
2026-04-15,asset,POPCAT,POPCAT,0.26932222302692244,65.42084659354003,0.00044477691744335926,,crypto,equal,
2026-04-16,asset,POPCAT,POPCAT,0.23214083646200595,74.18631411883857,0.0009620512308110237,,crypto,equal,
2026-04-17,asset,POPCAT,POPCAT,0.20884546018013964,75.95608526623228,0.0013704234369798303,,crypto,equal,
2026-04-18,asset,POPCAT,POPCAT,0.5114336298228449,72.03131761405297,0.001447767599078831,,crypto,equal,
2026-04-19,asset,POPCAT,POPCAT,0.2256422933846262,66.30464682899162,0.001254423910118885,,crypto,equal,
2026-04-20,asset,POPCAT,POPCAT,0.3171098395404531,67.71388436030014,0.0011357521169142659,,crypto,equal,
2026-04-21,asset,POPCAT,POPCAT,0.18917933077234778,67.83342302428655,0.0009940747492938485,,crypto,equal,
2026-04-22,asset,POPCAT,POPCAT,0.11134664208974894,66.34682888598022,0.0007994208584204032,,crypto,equal,
2026-04-23,asset,POPCAT,POPCAT,0.16462709234945477,66.8087220799161,0.0006389418324029977,,crypto,equal,
2026-04-24,asset,POPCAT,POPCAT,0.03781998905003071,67.29939815135234,0.0005071712281835951,,crypto,equal,
2026-04-25,asset,POPCAT,POPCAT,-0.14558323341199247,63.75617564537479,0.0002993809790523029,,crypto,equal,
2026-04-26,asset,POPCAT,POPCAT,0.25909200416564937,68.27977064095857,0.00032675703204483033,-0.060710804054278464,crypto,equal,
2026-04-27,asset,POPCAT,POPCAT,0.378881379587911,69.94507591603988,0.00038470481458565764,0.3402968642402121,crypto,equal,
2026-04-28,asset,POPCAT,POPCAT,-0.2042491529471567,62.62584459531981,0.00021127762726258666,-1.4226219770166981,crypto,equal,
2026-04-29,asset,POPCAT,POPCAT,0.08131426202006833,57.61570864810886,-6.0604670151636134e-05,-1.190053590062242,crypto,equal,
2026-04-30,asset,POPCAT,POPCAT,-0.2561130922948569,50.719604018433145,-0.00045395793777016236,-2.174412688637405,crypto,equal,
2026-05-01,asset,POPCAT,POPCAT,0.09038033142616972,55.228565363670185,-0.0005412358704687463,-1.2450503059998692,crypto,equal,
2026-05-02,asset,POPCAT,POPCAT,0.11483122227800391,58.98884401943332,-0.0004418490877970637,-0.9367916162482116,crypto,equal,
2026-05-03,asset,POPCAT,POPCAT,,58.11450676856396,-0.00040130588054748803,,crypto,equal,
2026-05-04,asset,POPCAT,POPCAT,0.07894189003544859,58.32933594219598,-0.00036647120962498116,-0.9380508493906927,crypto,equal,
2026-05-05,asset,POPCAT,POPCAT,0.1290859909594059,61.54705236050135,-0.00022433964178265918,-0.6085893682574767,crypto,equal,
2026-05-06,asset,POPCAT,POPCAT,0.18710335088396446,71.94509869646647,0.00039215247673428074,0.29231415422563634,crypto,equal,
2026-05-07,asset,POPCAT,POPCAT,0.5052319940392316,67.73652436980444,0.0006250394618689398,0.8473699978883436,crypto,equal,
2026-05-08,asset,POPCAT,POPCAT,0.5150353873392567,68.68739688309623,0.0007726526543114175,0.9615340526794134,crypto,equal,
2026-05-09,asset,POPCAT,POPCAT,-0.06875271628110668,64.90837639190076,0.0007017083462614935,-0.39065889470570536,crypto,equal,
2026-05-10,asset,POPCAT,POPCAT,0.22580269096004776,69.73582414894257,0.0008677297648171929,0.4907921974728805,crypto,equal,
2026-05-11,asset,POPCAT,POPCAT,0.12763496177121997,66.35891223031227,0.0008073407217171697,0.09962938486252282,crypto,equal,
2026-05-12,asset,POPCAT,POPCAT,0.24364793906832738,58.10778259089721,0.00044591402104735044,-0.2480862925365668,crypto,equal,
2026-05-13,asset,POPCAT,POPCAT,0.22321831440630371,52.29472997035625,-4.3191374979445214e-05,-0.7788589073550573,crypto,equal,
2026-05-14,asset,POPCAT,POPCAT,0.4483598624225758,52.755120982596985,-0.00035703604460069795,-0.4371048844558222,crypto,equal,
2026-05-15,asset,POPCAT,POPCAT,0.3207190381361451,46.59875405638303,-0.0008048480157078668,-1.1041989896517848,crypto,equal,
2026-05-16,asset,POPCAT,POPCAT,0.07798610390751808,43.699005709593855,-0.0011970776129411479,-1.7838945588284434,crypto,equal,
2026-05-17,asset,POPCAT,POPCAT,0.24983668155167918,41.21506418392776,-0.0015183126174068149,-1.5309461939138005,crypto,equal,
2026-05-18,asset,POPCAT,POPCAT,0.07641955993390427,42.9630007860071,-0.0016022754952614245,-1.7508707118506246,crypto,equal,
2026-05-19,asset,POPCAT,POPCAT,0.348606597587413,40.93553647036133,-0.0016760033784177582,-1.1769727232194616,crypto,equal,
2026-05-20,asset,POPCAT,POPCAT,0.23513758238531648,43.397518421739235,-0.0015704654509326958,-1.2222367389096116,crypto,equal,
2026-05-21,asset,POPCAT,POPCAT,0.2071908062375337,45.25073205155825,-0.0013732535762133306,-1.0990788159443872,crypto,equal,
2026-05-22,asset,POPCAT,POPCAT,,38.72676365965583,-0.0014576423489079827,,crypto,equal,
2026-05-23,asset,POPCAT,POPCAT,,38.72676365965583,-0.0011661138791263861,,crypto,equal,
2026-03-24,asset,SHIB,SHIB,0.3608962108420745,,0.0,,crypto,equal,
2026-03-25,asset,SHIB,SHIB,0.20498449266867028,,-4.889895949694724e-09,,crypto,equal,
2026-03-26,asset,SHIB,SHIB,-0.03139105049758464,,-2.081329464964082e-08,,crypto,equal,
2026-03-27,asset,SHIB,SHIB,0.24086116385604775,,-3.8888808732030394e-08,,crypto,equal,
2026-03-28,asset,SHIB,SHIB,-0.000611628998506956,,-4.438034485264361e-08,,crypto,equal,
2026-03-29,asset,SHIB,SHIB,0.06695088163214999,,-4.8216887811472666e-08,,crypto,equal,
2026-03-30,asset,SHIB,SHIB,0.25487296554123823,,-3.886846570029847e-08,,crypto,equal,
2026-03-31,asset,SHIB,SHIB,0.3121000264175769,,-2.9329245136245884e-08,,crypto,equal,
2026-04-01,asset,SHIB,SHIB,0.2963545580155292,,-1.728539169994303e-08,,crypto,equal,
2026-04-02,asset,SHIB,SHIB,0.3438169055916059,,-1.741471714177143e-08,,crypto,equal,
2026-04-03,asset,SHIB,SHIB,0.2572029954805594,,-8.125794472282156e-09,,crypto,equal,
2026-04-04,asset,SHIB,SHIB,0.23636164167046192,,-1.3904987516169037e-09,,crypto,equal,
2026-04-05,asset,SHIB,SHIB,0.1959245172036398,,4.268201363707805e-09,,crypto,equal,
2026-04-06,asset,SHIB,SHIB,0.3202740681698546,,-1.9936039894839444e-09,,crypto,equal,
2026-04-07,asset,SHIB,SHIB,0.1031340298941641,40.333257853179354,1.4203714421992642e-08,,crypto,equal,
2026-04-08,asset,SHIB,SHIB,0.01848257552698877,34.96755499484236,1.1531078330665375e-08,,crypto,equal,
2026-04-09,asset,SHIB,SHIB,0.11411831292706232,34.23097554080995,7.901059396494973e-09,,crypto,equal,
2026-04-10,asset,SHIB,SHIB,0.04554114613301224,36.95023786996955,9.358517660852213e-09,,crypto,equal,
2026-04-11,asset,SHIB,SHIB,0.14264208738207995,36.469380674715936,9.22247706327283e-09,,crypto,equal,
2026-04-12,asset,SHIB,SHIB,0.05572426868651859,31.523797316356436,-2.8367531476313095e-09,,crypto,equal,
2026-04-13,asset,SHIB,SHIB,0.08542537763946588,42.38743192967635,5.7194699938640775e-09,,crypto,equal,
2026-04-14,asset,SHIB,SHIB,0.3327027007383277,37.74026868092408,1.1732745593934174e-10,,crypto,equal,
2026-04-15,asset,SHIB,SHIB,-0.023603719686497517,42.92805241038297,5.6666409466592335e-09,,crypto,equal,
2026-04-16,asset,SHIB,SHIB,0.3956613622218371,52.60920653152579,2.8858554204630902e-08,,crypto,equal,
2026-04-17,asset,SHIB,SHIB,0.1896010473249066,53.790797166830096,4.50218768724721e-08,,crypto,equal,
2026-04-18,asset,SHIB,SHIB,-0.06217563310473094,46.6882109909873,3.759835705017707e-08,,crypto,equal,
2026-04-19,asset,SHIB,SHIB,0.242314870466951,42.6169780961415,2.0780196418279525e-08,,crypto,equal,
2026-04-20,asset,SHIB,SHIB,0.08396897910976604,45.755772726725965,1.5733507033647774e-08,,crypto,equal,
2026-04-21,asset,SHIB,SHIB,-0.07595296464537582,48.528662826288766,1.7745434728212996e-08,,crypto,equal,
2026-04-22,asset,SHIB,SHIB,0.006207331834811101,48.85114033399613,1.884088376958609e-08,,crypto,equal,
2026-04-23,asset,SHIB,SHIB,0.2291268374073242,50.349101859903975,2.1593965388050658e-08,,crypto,equal,
2026-04-24,asset,SHIB,SHIB,0.14705605499978092,51.81437024583913,2.5084814130473497e-08,,crypto,equal,
2026-04-25,asset,SHIB,SHIB,-0.028572227393081174,50.62189563653555,2.3754277587547667e-08,,crypto,equal,
2026-04-26,asset,SHIB,SHIB,-0.28667419162206353,52.328939995779315,2.4666357417328966e-08,-0.45960336310006483,crypto,equal,
2026-04-27,asset,SHIB,SHIB,-0.032002698904978304,49.29929867798168,1.86578023194335e-08,-0.0071560291286812405,crypto,equal,
2026-04-28,asset,SHIB,SHIB,0.24880649033982172,49.27261125031443,1.3659766342786325e-08,0.6344367351231489,crypto,equal,
2026-04-29,asset,SHIB,SHIB,0.12393166311497333,50.18814774122523,1.0972791068846141e-08,0.30509307671676666,crypto,equal,
2026-04-30,asset,SHIB,SHIB,0.18428342044273213,52.806814125189675,1.2451309997317251e-08,0.578514465208066,crypto,equal,
2026-05-01,asset,SHIB,SHIB,0.0044107436309879094,54.87277821448589,1.5668669395089608e-08,0.21381618525541363,crypto,equal,
2026-05-02,asset,SHIB,SHIB,0.08352070196370281,54.78676133335748,1.642638700011612e-08,0.41036508909957314,crypto,equal,
2026-05-03,asset,SHIB,SHIB,0.020300134676694864,49.677898567346396,9.10535294771898e-09,-0.07658332805803653,crypto,equal,
2026-05-04,asset,SHIB,SHIB,0.31468832242009115,50.74002085392952,5.061633595163427e-09,0.6924911083871611,crypto,equal,
2026-05-05,asset,SHIB,SHIB,0.16558378796137319,57.70080921504792,1.2071515523643906e-08,0.6575783049479995,crypto,equal,
2026-05-06,asset,SHIB,SHIB,0.1883522594861531,59.85743269003758,1.9009658428039973e-08,0.8648271782508029,crypto,equal,
2026-05-07,asset,SHIB,SHIB,0.2263657019881942,53.06249992292293,1.348577157444133e-08,0.6030721267436373,crypto,equal,
2026-05-08,asset,SHIB,SHIB,0.3095036147927245,59.638989718266934,2.0019259736147496e-08,1.1522669419429936,crypto,equal,
2026-05-09,asset,SHIB,SHIB,0.04869876223514345,55.789906538795655,1.739552358507813e-08,0.2299284470126541,crypto,equal,
2026-05-10,asset,SHIB,SHIB,-0.0654662616209127,63.20840405518769,2.9114236362522545e-08,0.3442901833712628,crypto,equal,
2026-05-11,asset,SHIB,SHIB,0.14502174080413366,63.061385111471566,3.4088742231034787e-08,0.9454581638636987,crypto,equal,
2026-05-12,asset,SHIB,SHIB,0.2011807149888637,54.79599941338338,2.3143661558484728e-08,0.6295579454201639,crypto,equal,
2026-05-13,asset,SHIB,SHIB,0.1514208628664621,49.294902183461026,5.159044189550516e-09,0.024973048840906693,crypto,equal,
2026-05-14,asset,SHIB,SHIB,0.03918729128451863,52.30073078377361,-1.8581413636200453e-09,-0.280404436513202,crypto,equal,
2026-05-15,asset,SHIB,SHIB,0.10540035242203337,44.34917249210208,-2.189195269325956e-08,-0.6736457644861789,crypto,equal,
2026-05-16,asset,SHIB,SHIB,-0.009082014589414303,37.41394910862756,-5.095862684588823e-08,-1.6069744441186962,crypto,equal,
2026-05-17,asset,SHIB,SHIB,0.05397635163138619,34.78428609776674,-7.472434383774661e-08,-1.7004918068137176,crypto,equal,
2026-05-18,asset,SHIB,SHIB,-0.18880506536538502,35.03478444203574,-8.577043079100056e-08,-2.33379268578427,crypto,equal,
2026-05-19,asset,SHIB,SHIB,-0.02860637270657435,33.61304275404966,-9.241211818507336e-08,-1.871493413862853,crypto,equal,
2026-05-20,asset,SHIB,SHIB,0.024176590845047374,37.58360801684946,-8.602071361701749e-08,-1.437564076937273,crypto,equal,
2026-05-21,asset,SHIB,SHIB,0.3487915054581024,40.33735287668137,-7.323132001762895e-08,-0.28780034827672446,crypto,equal,
2026-05-22,asset,SHIB,SHIB,0.0024276168474720583,35.41114734790422,-7.314237092844588e-08,-1.3688924181921505,crypto,equal,
2026-05-23,asset,SHIB,SHIB,,35.41114734790422,-5.851389674275669e-08,,crypto,equal,
2026-03-24,asset,SOL,SOL,0.18517918021472546,,0.0,,crypto,equal,
2026-03-25,asset,SOL,SOL,0.17237695745165246,,0.058646776161924666,,crypto,equal,
2026-03-26,asset,SOL,SOL,0.08873498551489732,,-0.23999098231498464,,crypto,equal,
2026-03-27,asset,SOL,SOL,0.152795002544034,,-0.6319032381460993,,crypto,equal,
2026-03-28,asset,SOL,SOL,0.14402378017882703,,-0.9093894325832748,,crypto,equal,
2026-03-29,asset,SOL,SOL,0.18853382223799717,,-1.0715680423729905,,crypto,equal,
2026-03-30,asset,SOL,SOL,0.17446284235351228,,-1.0412549885141196,,crypto,equal,
2026-03-31,asset,SOL,SOL,0.1360652754617174,,-0.9176772911316053,,crypto,equal,
2026-04-01,asset,SOL,SOL,0.12020151440972626,,-0.9067311854124411,,crypto,equal,
2026-04-02,asset,SOL,SOL,0.10912008352835273,,-0.9813634768608845,,crypto,equal,
2026-04-03,asset,SOL,SOL,0.0827320013921286,,-0.8694687064953821,,crypto,equal,
2026-04-04,asset,SOL,SOL,0.06671571150465806,,-0.7084176046333703,,crypto,equal,
2026-04-05,asset,SOL,SOL,0.09310234302026939,,-0.4858703258399504,,crypto,equal,
2026-04-06,asset,SOL,SOL,0.09501614744054948,,-0.41757890391526997,,crypto,equal,
2026-04-07,asset,SOL,SOL,0.23647743708475166,60.52705368332017,0.020648383182606533,,crypto,equal,
2026-04-08,asset,SOL,SOL,0.21033522065924856,53.02206597497437,0.12460457287565108,,crypto,equal,
2026-04-09,asset,SOL,SOL,0.1068298087741306,54.57547005814393,0.252447386733329,,crypto,equal,
2026-04-10,asset,SOL,SOL,0.1072774983177589,57.54109227166483,0.4348599728541154,,crypto,equal,
2026-04-11,asset,SOL,SOL,0.06151961117281188,57.77041071336943,0.5526772095939709,,crypto,equal,
2026-04-12,asset,SOL,SOL,0.13086911909584037,49.307206536424445,0.39722332506375246,,crypto,equal,
2026-04-13,asset,SOL,SOL,0.06688482529980698,58.843083100023314,0.615793674758996,,crypto,equal,
2026-04-14,asset,SOL,SOL,0.24280532039030187,52.86747275873875,0.5572353153957059,,crypto,equal,
2026-04-15,asset,SOL,SOL,0.13467170832540878,54.90667573827445,0.5792278438397416,,crypto,equal,
2026-04-16,asset,SOL,SOL,0.3402134219688258,61.39950391576887,0.8419918078447233,,crypto,equal,
2026-04-17,asset,SOL,SOL,0.21807127068364618,60.78139567190432,0.9558805555208456,,crypto,equal,
2026-04-18,asset,SOL,SOL,0.1542897407393566,55.058849980811566,0.8181684028315288,,crypto,equal,
2026-04-19,asset,SOL,SOL,0.1972452170483276,49.850264029353106,0.5229990196867198,,crypto,equal,
2026-04-20,asset,SOL,SOL,0.13547448141464402,53.06871805532787,0.432434641613052,,crypto,equal,
2026-04-21,asset,SOL,SOL,0.17321030515266855,54.36600118522238,0.4054249142609214,,crypto,equal,
2026-04-22,asset,SOL,SOL,0.24019967853476407,55.85033347678091,0.4249305976972908,,crypto,equal,
2026-04-23,asset,SOL,SOL,0.2118827573875559,54.17398981443439,0.36986743695354696,,crypto,equal,
2026-04-24,asset,SOL,SOL,0.23255277021771245,54.29239246659894,0.32165004811192166,,crypto,equal,
2026-04-25,asset,SOL,SOL,0.21681008635005608,54.21910348366269,0.27383628027034923,,crypto,equal,
2026-04-26,asset,SOL,SOL,0.1953738876571737,55.88772277445359,0.2783532064480062,0.4012859769133372,crypto,equal,
2026-04-27,asset,SOL,SOL,0.1348906918655783,50.311318960779865,0.12996614446765584,-0.5220028089224369,crypto,equal,
2026-04-28,asset,SOL,SOL,0.11649783559430323,48.3464133139799,-0.021907102010950502,-0.8179460560339017,crypto,equal,
2026-04-29,asset,SOL,SOL,0.2310797061259747,46.028777530711245,-0.17813310756856213,-0.2667141289954758,crypto,equal,
2026-04-30,asset,SOL,SOL,0.31294974100196193,46.106649544695486,-0.26495643188060797,0.2037453574795071,crypto,equal,
2026-05-01,asset,SOL,SOL,0.1798831733545603,48.18617275295096,-0.2601731725282225,-0.42372598832903896,crypto,equal,
2026-05-02,asset,SOL,SOL,0.31724218384840813,49.692923313471184,-0.21010650621362548,0.48541415807136323,crypto,equal,
2026-05-03,asset,SOL,SOL,0.15335821716006534,48.627881745345576,-0.18853032368099754,-0.5077301904497845,crypto,equal,
2026-05-04,asset,SOL,SOL,0.28771399328416913,49.24271388427717,-0.15116989027233446,0.31862287294420605,crypto,equal,
2026-05-05,asset,SOL,SOL,0.21478875390608135,55.94783839338831,0.022237910157304697,0.4474361048693982,crypto,equal,
2026-05-06,asset,SOL,SOL,0.26837466523372033,62.87455073850044,0.31525575259898064,1.3164641130978054,crypto,equal,
2026-05-07,asset,SOL,SOL,0.1949551089327032,60.24932182368763,0.436989883385952,0.7646766846211834,crypto,equal,
2026-05-08,asset,SOL,SOL,0.16159461253565935,67.39990307842538,0.7208835330531006,1.0687232163893567,crypto,equal,
2026-05-09,asset,SOL,SOL,0.09910476462955974,69.24751152357895,0.9313674540823084,0.8102467549650236,crypto,equal,
2026-05-10,asset,SOL,SOL,0.21208086777372304,73.95882839530458,1.2226605138811257,1.681064585319605,crypto,equal,
2026-05-11,asset,SOL,SOL,0.2559216796198725,75.09968809196567,1.3939666711340482,1.9105668110649865,crypto,equal,
2026-05-12,asset,SOL,SOL,0.24511804521189984,64.85299659293841,1.222794218046689,1.2918402514528458,crypto,equal,
2026-05-13,asset,SOL,SOL,0.19593750527982065,56.39883840602398,0.8391876698291316,0.4631383429756457,crypto,equal,
2026-05-14,asset,SOL,SOL,0.1582743648485986,58.25314128726244,0.6044530922462983,0.20460237364134873,crypto,equal,
2026-05-15,asset,SOL,SOL,0.18566309266107864,51.33538396779183,0.2239754740862474,-0.10562676154429826,crypto,equal,
2026-05-16,asset,SOL,SOL,0.18699943876396277,45.94943841764166,-0.21284500440202514,-0.5205352456737062,crypto,equal,
2026-05-17,asset,SOL,SOL,0.18028670675989614,43.50031374805078,-0.575805560276841,-0.8087599092986016,crypto,equal,
2026-05-18,asset,SOL,SOL,0.18536108995291337,43.81640004176067,-0.7785730091984591,-0.8313591517070436,crypto,equal,
2026-05-19,asset,SOL,SOL,0.17910526157609918,41.74262954519782,-0.9457471645031139,-0.9911762910617394,crypto,equal,
2026-05-20,asset,SOL,SOL,0.1757674170487048,46.43455451895998,-0.8924810305631439,-0.7802778943057291,crypto,equal,
2026-05-21,asset,SOL,SOL,0.24686569230752023,49.22974506482876,-0.7450290449104477,-0.15230903375436042,crypto,equal,
2026-05-22,asset,SOL,SOL,0.2317006102326281,43.125789317392694,-0.8089049286372829,-0.49779793136979106,crypto,equal,
2026-05-23,asset,SOL,SOL,,43.125789317392694,-0.6471239429098263,,crypto,equal,
2026-03-24,asset,SUI,SUI,0.7261550901865587,,0.0,,crypto,equal,
2026-03-25,asset,SUI,SUI,0.15367700923773392,,0.0010004151828738373,,crypto,equal,
2026-03-26,asset,SUI,SUI,0.1611797957369631,,-0.0011294164460776202,,crypto,equal,
2026-03-27,asset,SUI,SUI,0.035626045228256326,,-0.005327940475668807,,crypto,equal,
2026-03-28,asset,SUI,SUI,0.052291591488903326,,-0.009008913669553692,,crypto,equal,
2026-03-29,asset,SUI,SUI,0.23529923775628003,,-0.01162415936672891,,crypto,equal,
2026-03-30,asset,SUI,SUI,0.3058173351495682,,-0.01151257412816237,,crypto,equal,
2026-03-31,asset,SUI,SUI,0.2939686606026875,,-0.009816663021916795,,crypto,equal,
2026-04-01,asset,SUI,SUI,0.41529609021878544,,-0.007853298610815908,,crypto,equal,
2026-04-02,asset,SUI,SUI,0.17192381983141727,,-0.007422004509996194,,crypto,equal,
2026-04-03,asset,SUI,SUI,0.6057465958942349,,-0.005815242434105004,,crypto,equal,
2026-04-04,asset,SUI,SUI,0.4355315046048568,,-0.004468593484619435,,crypto,equal,
2026-04-05,asset,SUI,SUI,0.3539505955250313,,-0.0033214049639363474,,crypto,equal,
2026-04-06,asset,SUI,SUI,-0.3235529296178138,,-0.0021976497542732336,,crypto,equal,
2026-04-07,asset,SUI,SUI,-0.1629130442934266,73.99272589702747,0.004459487426386702,,crypto,equal,
2026-04-08,asset,SUI,SUI,0.280198113432621,62.65060610007762,0.00561632968330469,,crypto,equal,
2026-04-09,asset,SUI,SUI,0.37756953473338584,64.78666919307307,0.007287225759288838,,crypto,equal,
2026-04-10,asset,SUI,SUI,0.00926054279969384,66.48524513910391,0.008984067163543477,,crypto,equal,
2026-04-11,asset,SUI,SUI,-0.11549505045939296,65.7323373667697,0.009498783798658636,,crypto,equal,
2026-04-12,asset,SUI,SUI,0.05619629467661804,56.68618126381673,0.006846356034773649,,crypto,equal,
2026-04-13,asset,SUI,SUI,0.0550959422953408,64.40194723278236,0.008671396036007613,,crypto,equal,
2026-04-14,asset,SUI,SUI,0.3171907815052031,59.208614117939305,0.007701223816329407,,crypto,equal,
2026-04-15,asset,SUI,SUI,0.05116174884096488,62.36113188614734,0.008393907092092584,,crypto,equal,
2026-04-16,asset,SUI,SUI,0.30309874295029593,66.7998602250874,0.01108007720679169,,crypto,equal,
2026-04-17,asset,SUI,SUI,0.4169516561391327,66.09869915633666,0.01196003483861945,,crypto,equal,
2026-04-18,asset,SUI,SUI,-0.04203766842776777,58.444134505952626,0.009276345153334233,,crypto,equal,
2026-04-19,asset,SUI,SUI,0.047482450672680955,52.89282718620348,0.004887485088379091,,crypto,equal,
2026-04-20,asset,SUI,SUI,0.11356998175305383,55.76385382257172,0.0031988851413770596,,crypto,equal,
2026-04-21,asset,SUI,SUI,-0.0729246539587361,56.431446186224115,0.0022276098207619985,,crypto,equal,
2026-04-22,asset,SUI,SUI,-0.14857394032042281,55.57510359520545,0.0011250315778300098,,crypto,equal,
2026-04-23,asset,SUI,SUI,0.32703422872003324,55.71624753473005,0.0003599019808163944,,crypto,equal,
2026-04-24,asset,SUI,SUI,0.16812602457283365,55.79839904780571,-0.0001816071883903765,,crypto,equal,
2026-04-25,asset,SUI,SUI,0.19993147574522263,54.18234785663798,-0.0010689025317840804,,crypto,equal,
2026-04-26,asset,SUI,SUI,0.06508072178405419,55.48113576062064,-0.0011903005923797972,-0.5480730038975772,crypto,equal,
2026-04-27,asset,SUI,SUI,0.21521735654522073,53.11005925742721,-0.0019337398205405767,-0.4126458926745639,crypto,equal,
2026-04-28,asset,SUI,SUI,0.10939218298666374,50.45162014260933,-0.003119303817540159,-0.749476394812994,crypto,equal,
2026-04-29,asset,SUI,SUI,0.20383071027550123,46.870180572387255,-0.00482817148931631,-0.7566230135505561,crypto,equal,
2026-04-30,asset,SUI,SUI,0.1615168993050172,47.097683636784545,-0.005633213678725874,-0.804898323799945,crypto,equal,
2026-05-01,asset,SUI,SUI,0.1880936021581685,49.80651913025253,-0.005171890787062279,-0.587817351933229,crypto,equal,
2026-05-02,asset,SUI,SUI,0.17152200886506885,51.893275729596176,-0.004079667480725583,-0.46524620685114604,crypto,equal,
2026-05-03,asset,SUI,SUI,0.5419910756714612,49.98302783150797,-0.0036680375825886044,0.17073914810897825,crypto,equal,
2026-05-04,asset,SUI,SUI,0.012523179872085649,52.21039662801861,-0.002666149403558118,-0.6716313158834906,crypto,equal,
2026-05-05,asset,SUI,SUI,0.014560826661327264,60.38790897176662,0.0004986719448363865,-0.15780246080771032,crypto,equal,
2026-05-06,asset,SUI,SUI,0.2858489427393055,64.87822037071538,0.004118444130394175,0.7128656498268919,crypto,equal,
2026-05-07,asset,SUI,SUI,0.17514731879893977,58.26543827192559,0.004616416782970652,0.2244636321677984,crypto,equal,
2026-05-08,asset,SUI,SUI,0.027297725089856718,66.35699694347011,0.008052868877855529,0.44629565896885676,crypto,equal,
2026-05-09,asset,SUI,SUI,0.327793721899791,71.80128955445835,0.012877544827896891,1.4275558158639576,crypto,equal,
2026-05-10,asset,SUI,SUI,0.30417939523766774,85.39085070796827,0.03187233725064283,2.3548627487939733,crypto,equal,
2026-05-11,asset,SUI,SUI,0.23112458063008093,78.9754687276782,0.03935076978117357,1.9273940443650341,crypto,equal,
2026-05-12,asset,SUI,SUI,0.31193144898670067,71.46726554882258,0.03834844509211956,1.6335536298733588,crypto,equal,
2026-05-13,asset,SUI,SUI,0.29111841484891354,67.56130805761994,0.033474389432973616,1.2447254988475431,crypto,equal,
2026-05-14,asset,SUI,SUI,0.2518559930966818,65.03594989837464,0.027005496625348582,0.8761214188035172,crypto,equal,
2026-05-15,asset,SUI,SUI,0.03726368546257051,55.06823707177275,0.015389861533071432,-0.1967274204686953,crypto,equal,
2026-05-16,asset,SUI,SUI,0.049605989404345165,51.43752134782929,0.004378934815267674,-0.5653378015120089,crypto,equal,
2026-05-17,asset,SUI,SUI,0.32409701984132927,49.82345503838973,-0.004362625201101769,-0.2701803598573932,crypto,equal,
2026-05-18,asset,SUI,SUI,0.18827232472786223,51.73182535030602,-0.008804402267053937,-0.5879712677506637,crypto,equal,
2026-05-19,asset,SUI,SUI,-0.0021440038023555485,50.44280451168666,-0.012407616711231216,-1.0983240862289523,crypto,equal,
2026-05-20,asset,SUI,SUI,0.16605615936019769,53.17855005134584,-0.012693031009134229,-0.6456838468904416,crypto,equal,
2026-05-21,asset,SUI,SUI,0.0977772329842519,57.299327938633,-0.009755183276600667,-0.5642156602485793,crypto,equal,
2026-05-22,asset,SUI,SUI,0.11167132469194054,49.39709381290405,-0.012628022035983594,-0.8647698448503752,crypto,equal,
2026-05-23,asset,SUI,SUI,-0.04860520362854004,49.39709381290405,-0.01010241762878688,-1.1333166369142536,crypto,equal,
2026-03-24,asset,TRX,TRX,0.08348562881012205,,0.0,,crypto,equal,
2026-03-25,asset,TRX,TRX,0.13701496947701292,,0.0005434103407989888,,crypto,equal,
2026-03-26,asset,TRX,TRX,0.4988691463245234,,0.000654231875680118,,crypto,equal,
2026-03-27,asset,TRX,TRX,0.19138301184491635,,0.0006703491442160877,,crypto,equal,
2026-03-28,asset,TRX,TRX,0.17453887349300787,,0.0009892903792451252,,crypto,equal,
2026-03-29,asset,TRX,TRX,0.08307425453019544,,0.0014564339508268296,,crypto,equal,
2026-03-30,asset,TRX,TRX,0.1945714967137372,,0.0015395097255164545,,crypto,equal,
2026-03-31,asset,TRX,TRX,-0.15482747567564115,,0.0010816478505755016,,crypto,equal,
2026-04-01,asset,TRX,TRX,0.06205692133166594,,0.000874703720684731,,crypto,equal,
2026-04-02,asset,TRX,TRX,0.05054437363158601,,0.0006627529716739904,,crypto,equal,
2026-04-03,asset,TRX,TRX,0.1503998323123683,,0.00047075416384701743,,crypto,equal,
2026-04-04,asset,TRX,TRX,0.16528898091198582,,0.0004560097273815411,,crypto,equal,
2026-04-05,asset,TRX,TRX,0.1808672369722836,,0.00048141240865728083,,crypto,equal,
2026-04-06,asset,TRX,TRX,0.20765943822018074,,0.00030607854008909844,,crypto,equal,
2026-04-07,asset,TRX,TRX,0.12503949258391436,84.92693464156295,8.671143015355053e-05,,crypto,equal,
2026-04-08,asset,TRX,TRX,0.19183414422515613,85.53233744346011,8.246584253313776e-05,,crypto,equal,
2026-04-09,asset,TRX,TRX,0.006199042023074908,86.11255505660226,0.0002075947810275705,,crypto,equal,
2026-04-10,asset,TRX,TRX,0.09217911022952092,84.42934051504092,0.00017918573890495426,,crypto,equal,
2026-04-11,asset,TRX,TRX,0.0038144692477583785,83.85722128724893,0.00010420539225472307,,crypto,equal,
2026-04-12,asset,TRX,TRX,-0.1708655565938741,84.6102869092644,0.00018323667784494319,,crypto,equal,
2026-04-13,asset,TRX,TRX,-0.2998737362074577,83.26464780353622,0.00014777598232120197,,crypto,equal,
2026-04-14,asset,TRX,TRX,0.18146513027370842,84.34846429438673,0.00029549331897144255,,crypto,equal,
2026-04-15,asset,TRX,TRX,0.15049633761363557,85.44895358484467,0.0005667514966093204,,crypto,equal,
2026-04-16,asset,TRX,TRX,0.07826584902425607,85.35355829676912,0.0006763673649686826,,crypto,equal,
2026-04-17,asset,TRX,TRX,-0.039834135234305124,85.60591673631954,0.0007280526777674588,,crypto,equal,
2026-04-18,asset,TRX,TRX,0.18620011255207355,86.20170382032373,0.0008019850691585828,,crypto,equal,
2026-04-19,asset,TRX,TRX,0.20210252667177647,85.03522879397758,0.0007398548876444166,,crypto,equal,
2026-04-20,asset,TRX,TRX,0.21673956792693935,84.96406503311549,0.0006260200248044759,,crypto,equal,
2026-04-21,asset,TRX,TRX,0.2597477515234781,86.52531416917567,0.0007371851697413334,,crypto,equal,
2026-04-22,asset,TRX,TRX,0.2277779451675384,79.19893710047542,0.0005233803267899574,,crypto,equal,
2026-04-23,asset,TRX,TRX,-0.08671512516671387,77.57813692104742,0.0002759198125659255,,crypto,equal,
2026-04-24,asset,TRX,TRX,-0.06082960341826435,66.6667846040703,-0.00028591979237261797,,crypto,equal,
2026-04-25,asset,TRX,TRX,0.008655878439582897,67.16631993591724,-0.000626040075407128,,crypto,equal,
2026-04-26,asset,TRX,TRX,0.2310261574836034,66.12160302236182,-0.0008781400854670791,-1.1440560032512277,crypto,equal,
2026-04-27,asset,TRX,TRX,0.14585895881379168,68.0292632064188,-0.0009014077108933775,-1.1534614249518886,crypto,equal,
2026-04-28,asset,TRX,TRX,0.24538475371524687,63.59431960356609,-0.0010439652321006954,-0.9748967767594182,crypto,equal,
2026-04-29,asset,TRX,TRX,0.31757607473445437,63.404469883167685,-0.0011152307525941112,-0.7070670201606706,crypto,equal,
2026-04-30,asset,TRX,TRX,0.0926964591247746,67.27160296215237,-0.0009064516861342058,-1.016166243470092,crypto,equal,
2026-05-01,asset,TRX,TRX,0.08256637353417887,67.58423470209311,-0.0007351390149957326,-0.911491040543623,crypto,equal,
2026-05-02,asset,TRX,TRX,0.057718025262103914,70.70156255504745,-0.00041803158870053723,-0.712089912759319,crypto,equal,
2026-05-03,asset,TRX,TRX,0.2555783629635748,77.30890447057087,0.0003289324296347055,0.3958773480223587,crypto,equal,
2026-05-04,asset,TRX,TRX,,78.77361918007821,0.0009119501472769952,,crypto,equal,
2026-05-05,asset,TRX,TRX,0.02674238666063626,80.85996941790015,0.0014482782770135296,0.3615815387896044,crypto,equal,
2026-05-06,asset,TRX,TRX,0.3965360910124734,81.56882680085032,0.0017680242791239765,1.487479775741205,crypto,equal,
2026-05-07,asset,TRX,TRX,0.13354871259418627,82.91419675106587,0.0020179114849076165,0.8705826871965001,crypto,equal,
2026-05-08,asset,TRX,TRX,0.11532744356947677,83.5759457559655,0.0021206921147988982,0.8344448312995818,crypto,equal,
2026-05-09,asset,TRX,TRX,0.6446857722657577,83.06614083457718,0.002017768302678767,2.0247430594919935,crypto,equal,
2026-05-10,asset,TRX,TRX,0.3944154741299688,83.30765758785861,0.0018291350527866066,1.2929542120599806,crypto,equal,
2026-05-11,asset,TRX,TRX,0.19973762672718148,83.58138393159946,0.00159499313142605,0.72520839309876,crypto,equal,
2026-05-12,asset,TRX,TRX,0.1662272475797419,77.93703528084589,0.001179413796613257,0.26959623218422624,crypto,equal,
2026-05-13,asset,TRX,TRX,-0.3114393712233397,78.24463390883898,0.0008243424029382648,-0.94675452571452,crypto,equal,
2026-05-14,asset,TRX,TRX,0.09503776676892821,81.250557532251,0.0007683049519441034,0.09820725124964297,crypto,equal,
2026-05-15,asset,TRX,TRX,0.2401674018254217,76.61579033506598,0.0005216417507604588,0.16022750743059805,crypto,equal,
2026-05-16,asset,TRX,TRX,0.18281058814192655,78.91997651520543,0.00047190001220788307,0.09801946967440459,crypto,equal,
2026-05-17,asset,TRX,TRX,0.15609290607851,78.97114189715626,0.0003565444272982535,-0.00749623431836538,crypto,equal,
2026-05-18,asset,TRX,TRX,0.14096362006866062,79.22638610272921,0.00022184745986487692,-0.08416862996621846,crypto,equal,
2026-05-19,asset,TRX,TRX,0.3129331031891035,79.6553382897754,9.446935519213679e-05,0.29633507467589115,crypto,equal,
2026-05-20,asset,TRX,TRX,0.06491408175175033,81.8992188477308,0.0001332593379681033,-0.194127279207239,crypto,equal,
2026-05-21,asset,TRX,TRX,0.26670948390923,85.4688207258987,0.00047577463568307474,0.5778151993140233,crypto,equal,
2026-05-22,asset,TRX,TRX,0.11525047793085105,76.80605489802824,0.0003910645842921442,-0.19923994982845647,crypto,equal,
2026-05-23,asset,TRX,TRX,,76.80605489802824,0.0003128516674337145,,crypto,equal,
2026-03-24,asset,WIF,WIF,0.3924587375753145,,0.0,,crypto,equal,
2026-03-25,asset,WIF,WIF,0.3149421826935166,,-0.0001309649027845472,,crypto,equal,
2026-03-26,asset,WIF,WIF,,,-0.0004348726109339296,,crypto,equal,
2026-03-27,asset,WIF,WIF,0.15303083151107033,,-0.00164634028764402,,crypto,equal,
2026-03-28,asset,WIF,WIF,0.23371841907790966,,-0.001953569245087453,,crypto,equal,
2026-03-29,asset,WIF,WIF,0.33643534409921616,,-0.0023311299860434677,,crypto,equal,
2026-03-30,asset,WIF,WIF,0.0594236141677946,,-0.002101105609112883,,crypto,equal,
2026-03-31,asset,WIF,WIF,,,-0.0016511925375090877,,crypto,equal,
2026-04-01,asset,WIF,WIF,0.2086826128292363,,-0.0011279879799970687,,crypto,equal,
2026-04-02,asset,WIF,WIF,0.5444220619141682,,-0.0008385549335625645,,crypto,equal,
2026-04-03,asset,WIF,WIF,0.24400644613424313,,-0.00045464998228544754,,crypto,equal,
2026-04-04,asset,WIF,WIF,0.4117394142086804,,-0.00016237150347526595,,crypto,equal,
2026-04-05,asset,WIF,WIF,0.44783867630523166,,0.00011622819388567348,,crypto,equal,
2026-04-06,asset,WIF,WIF,0.4106788575010188,,0.0001206585894670759,,crypto,equal,
2026-04-07,asset,WIF,WIF,0.512435540738944,54.099047283268426,0.001428948205856457,,crypto,equal,
2026-04-08,asset,WIF,WIF,0.3439479687467776,49.37963604240642,0.0018758268781395868,,crypto,equal,
2026-04-09,asset,WIF,WIF,0.31702531186860056,53.586515688307344,0.0023910433400737624,,crypto,equal,
2026-04-10,asset,WIF,WIF,0.3338453136205673,52.803389906009926,0.0025526071930133394,,crypto,equal,
2026-04-11,asset,WIF,WIF,0.37873234498826785,53.52720700821692,0.002581180004124661,,crypto,equal,
2026-04-12,asset,WIF,WIF,0.5072211624036542,43.63031525369505,0.001764456419880722,,crypto,equal,
2026-04-13,asset,WIF,WIF,0.42669038993218644,54.88291115383789,0.002041052818369735,,crypto,equal,
2026-04-14,asset,WIF,WIF,0.289190541544598,48.50956688694265,0.001564354553719183,,crypto,equal,
2026-04-15,asset,WIF,WIF,-0.027137460106480892,53.15742944771839,0.001602537892603837,,crypto,equal,
2026-04-16,asset,WIF,WIF,0.37112598145414144,63.12956124973925,0.0027191465628240803,,crypto,equal,
2026-04-17,asset,WIF,WIF,0.10891546053704287,60.37717656868416,0.0030220781824961203,,crypto,equal,
2026-04-18,asset,WIF,WIF,0.13036239604795616,52.170315165971864,0.0022367784423781125,,crypto,equal,
2026-04-19,asset,WIF,WIF,0.3710712628587056,47.83582252347416,0.0011071338786565609,,crypto,equal,
2026-04-20,asset,WIF,WIF,0.3141630025604208,50.4010936942861,0.0005918006135470113,,crypto,equal,
2026-04-21,asset,WIF,WIF,0.13827902773167008,48.93640728469148,4.3737395907719225e-05,,crypto,equal,
2026-04-22,asset,WIF,WIF,0.2542313684947789,44.953108128441976,-0.0007894412132012523,,crypto,equal,
2026-04-23,asset,WIF,WIF,0.5290940104900022,39.84656002995553,-0.001965286414716218,,crypto,equal,
2026-04-24,asset,WIF,WIF,0.14511392396353184,39.74118328535129,-0.002641368184627703,,crypto,equal,
2026-04-25,asset,WIF,WIF,-0.004117523151198404,39.33139124527787,-0.0030009353641384765,,crypto,equal,
2026-04-26,asset,WIF,WIF,0.16988330459622666,39.63827438975024,-0.003059812771576096,-1.2774422538506145,crypto,equal,
2026-04-27,asset,WIF,WIF,0.14040456621455027,39.219718217567944,-0.002991362291361226,-1.2892469045693797,crypto,equal,
2026-04-28,asset,WIF,WIF,0.23654741097878043,40.25041739512183,-0.0027212313330112663,-0.9073027414529642,crypto,equal,
2026-04-29,asset,WIF,WIF,0.2975158798060121,39.69843482799619,-0.002458598683776928,-0.6940200456832295,crypto,equal,
2026-04-30,asset,WIF,WIF,0.557963038520339,45.057386804766075,-0.0017948255017589546,0.3054886511118495,crypto,equal,
2026-05-01,asset,WIF,WIF,0.28195004647704036,48.93275632839429,-0.0009847849572415584,-0.12242666947182651,crypto,equal,
2026-05-02,asset,WIF,WIF,0.46674533698722714,50.12590837205367,-0.0003186003994974532,0.5105686163044941,crypto,equal,
2026-05-03,asset,WIF,WIF,,48.64837023550438,2.504339397611929e-05,,crypto,equal,
2026-05-04,asset,WIF,WIF,0.0617522952879779,51.41778600244252,0.00045147473330075074,-0.35441284996820605,crypto,equal,
2026-05-05,asset,WIF,WIF,0.19814579995943232,58.722895399696554,0.001304867452743178,0.44838691219184346,crypto,equal,
2026-05-06,asset,WIF,WIF,0.2862057827143413,69.82437142340743,0.0031325161486697286,1.3100835196731917,crypto,equal,
2026-05-07,asset,WIF,WIF,0.45699445816506634,68.30379557095594,0.004016849676131238,1.7164501895596498,crypto,equal,
2026-05-08,asset,WIF,WIF,0.5349985389491543,70.87816021931029,0.004748361026389215,1.973839205325484,crypto,equal,
2026-05-09,asset,WIF,WIF,0.42453736250679935,70.59028069369381,0.004926338931102268,1.5943607392660544,crypto,equal,
2026-05-10,asset,WIF,WIF,0.3735440339496359,73.21348878723535,0.005162523747614379,1.4717692618562137,crypto,equal,
2026-05-11,asset,WIF,WIF,0.33983567641275003,71.99047386515066,0.004931464316481407,1.2416299937961714,crypto,equal,
2026-05-12,asset,WIF,WIF,0.4555363986806944,62.31022293161998,0.003858092203803831,1.1013211610989626,crypto,equal,
2026-05-13,asset,WIF,WIF,0.21448231776234591,58.001734310042444,0.0026073788499707,0.17018252760142472,crypto,equal,
2026-05-14,asset,WIF,WIF,0.33158423951581417,60.35956261738702,0.0018794241783593795,0.45182303261837925,crypto,equal,
2026-05-15,asset,WIF,WIF,0.24997912941500544,48.796491445500834,0.00025844333873597473,-0.31507770107779376,crypto,equal,
2026-05-16,asset,WIF,WIF,-0.012137491781149923,44.54669733314565,-0.0013005575655947567,-1.3066772752263327,crypto,equal,
2026-05-17,asset,WIF,WIF,0.1636891689636816,42.08896074842686,-0.002561579245453737,-1.0571713289160884,crypto,equal,
2026-05-18,asset,WIF,WIF,0.27521866755120455,42.39150283957644,-0.0032506872356318564,-0.8201989262898551,crypto,equal,
2026-05-19,asset,WIF,WIF,0.27002529053721575,40.51233447877991,-0.0037729365647724278,-0.9278306776060015,crypto,equal,
2026-05-20,asset,WIF,WIF,0.2374958772113155,43.999305076233206,-0.003671401933217111,-0.8770019043268784,crypto,equal,
2026-05-21,asset,WIF,WIF,0.32865356554135683,48.41683224644296,-0.0030782976583120726,-0.4135653889514112,crypto,equal,
2026-05-22,asset,WIF,WIF,,42.51894962928237,-0.0031781265038898394,,crypto,equal,
2026-05-23,asset,WIF,WIF,,42.51894962928237,-0.002542501203111872,,crypto,equal,
2026-03-24,asset,XRP,XRP,0.007143552381548406,,0.0,,crypto,equal,
2026-03-25,asset,XRP,XRP,0.044460134602217746,,-8.225241520989356e-05,,crypto,equal,
2026-03-26,asset,XRP,XRP,0.10624926970904675,,-0.003577724487821072,,crypto,equal,
2026-03-27,asset,XRP,XRP,0.14873627649840626,,-0.007821565969743687,,crypto,equal,
2026-03-28,asset,XRP,XRP,0.01188392395158374,,-0.009565339041379314,,crypto,equal,
2026-03-29,asset,XRP,XRP,0.15787459117040467,,-0.010463142002963069,,crypto,equal,
2026-03-30,asset,XRP,XRP,0.08381629770875332,,-0.01064060237236487,,crypto,equal,
2026-03-31,asset,XRP,XRP,-0.06531083514755945,,-0.009024653772709008,,crypto,equal,
2026-04-01,asset,XRP,XRP,0.36520743084061325,,-0.006921029201852318,,crypto,equal,
2026-04-02,asset,XRP,XRP,0.19473851708743503,,-0.006896442466755099,,crypto,equal,
2026-04-03,asset,XRP,XRP,-0.23200940785477664,,-0.006476513062279976,,crypto,equal,
2026-04-04,asset,XRP,XRP,0.1809141842428109,,-0.00589874036401725,,crypto,equal,
2026-04-05,asset,XRP,XRP,0.16172429088497126,,-0.004367587894365133,,crypto,equal,
2026-04-06,asset,XRP,XRP,0.07951092008509347,,-0.003301166594708728,,crypto,equal,
2026-04-07,asset,XRP,XRP,-0.1884174590366204,52.53194935117215,0.001393840083522918,,crypto,equal,
2026-04-08,asset,XRP,XRP,0.2603615680639764,42.481674255325785,0.0021801054164203547,,crypto,equal,
2026-04-09,asset,XRP,XRP,0.2042110003752519,42.832687989276,0.00281207662776135,,crypto,equal,
2026-04-10,asset,XRP,XRP,0.15875091107452974,46.976045890735456,0.0040458068967388,,crypto,equal,
2026-04-11,asset,XRP,XRP,0.08310875286947123,46.585439133441405,0.004690477545518917,,crypto,equal,
2026-04-12,asset,XRP,XRP,0.1347205846223024,38.847468929536085,0.003082567964948466,,crypto,equal,
2026-04-13,asset,XRP,XRP,-0.014583749171995869,53.12386432950717,0.005343695239476557,,crypto,equal,
2026-04-14,asset,XRP,XRP,0.14738564866836143,49.74640755700383,0.00573567579864671,,crypto,equal,
2026-04-15,asset,XRP,XRP,0.16587428930806544,56.238655140865454,0.0077259632925035324,,crypto,equal,
2026-04-16,asset,XRP,XRP,0.20476988787494052,65.87222509893807,0.012569789266665063,,crypto,equal,
2026-04-17,asset,XRP,XRP,0.3783495582394454,68.66078127233047,0.016488424396149247,,crypto,equal,
2026-04-18,asset,XRP,XRP,0.017643265227079263,58.81263867111973,0.01534372468920739,,crypto,equal,
2026-04-19,asset,XRP,XRP,0.1313025661125392,51.78448242559145,0.011387802620660793,,crypto,equal,
2026-04-20,asset,XRP,XRP,0.06359598016784862,56.262307789133345,0.010236616926363898,,crypto,equal,
2026-04-21,asset,XRP,XRP,0.27088974323395815,57.522356562530135,0.009513703419064783,,crypto,equal,
2026-04-22,asset,XRP,XRP,0.19106596840003076,56.68823497553953,0.008225856752133356,,crypto,equal,
2026-04-23,asset,XRP,XRP,0.01393197343613932,58.14109084165654,0.007513432455000465,,crypto,equal,
2026-04-24,asset,XRP,XRP,0.2939975290485587,56.96932474179498,0.006228587152817419,,crypto,equal,
2026-04-25,asset,XRP,XRP,0.08288078784222404,54.85281080851828,0.004369108995796931,,crypto,equal,
2026-04-26,asset,XRP,XRP,0.2895822002442979,56.10349313239984,0.003289713143552954,0.6648917064006323,crypto,equal,
2026-04-27,asset,XRP,XRP,0.20238721659335193,49.55209024512112,0.00037000886765364144,0.028596054736024952,crypto,equal,
2026-04-28,asset,XRP,XRP,0.12795719943527598,45.718816591406124,-0.0029042384131145633,-0.4641841870837783,crypto,equal,
2026-04-29,asset,XRP,XRP,0.08114726984102737,43.63284419188451,-0.005671117094575321,-0.7722977236031547,crypto,equal,
2026-04-30,asset,XRP,XRP,0.15159459053546284,43.39227460700468,-0.007303355691099588,-0.6018735264929066,crypto,equal,
2026-05-01,asset,XRP,XRP,0.18910923600294813,47.70452918152732,-0.0068750829536038255,-0.2847060523354264,crypto,equal,
2026-05-02,asset,XRP,XRP,0.14728270681069316,49.54480105808937,-0.005808241399162107,-0.292161035456187,crypto,equal,
2026-05-03,asset,XRP,XRP,0.07529171577585485,48.2309139078395,-0.005272865014451496,-0.5445172275145849,crypto,equal,
2026-05-04,asset,XRP,XRP,-0.049467494544779,49.124028354311854,-0.00448631281872428,-0.8529513437241867,crypto,equal,
2026-05-05,asset,XRP,XRP,0.0796990392667416,54.18052292756393,-0.0024443879530620816,-0.1410623456976225,crypto,equal,
2026-05-06,asset,XRP,XRP,0.2568610923098425,56.80203169959807,-0.0003049099712296626,0.6155709865572562,crypto,equal,
2026-05-07,asset,XRP,XRP,0.2214831540703106,47.57935300812061,-0.0014067431315125589,0.05231224864686597,crypto,equal,
2026-05-08,asset,XRP,XRP,0.08857000420381783,54.162194021808745,-6.9186033153373e-05,-0.031025242305847606,crypto,equal,
2026-05-09,asset,XRP,XRP,0.17551710337602516,54.60398921275193,0.0008818013506461898,0.30861748622068513,crypto,equal,
2026-05-10,asset,XRP,XRP,0.1756115192811428,63.53736176998039,0.004773515598387764,0.8462303905879212,crypto,equal,
2026-05-11,asset,XRP,XRP,0.3492675279148405,64.14534216858033,0.00718582013254412,1.4875712675753416,crypto,equal,
2026-05-12,asset,XRP,XRP,0.21802655298368437,54.728141731762285,0.0056677064443654696,0.5831054051267639,crypto,equal,
2026-05-13,asset,XRP,XRP,0.39837753418142,52.652976803517014,0.003697135835770325,0.9485898537530326,crypto,equal,
2026-05-14,asset,XRP,XRP,0.1209643624761266,61.6938115782155,0.005915193218290388,0.5527224876881289,crypto,equal,
2026-05-15,asset,XRP,XRP,0.13356406883858749,52.1998315517637,0.0035966018713900066,0.07567945578862313,crypto,equal,
2026-05-16,asset,XRP,XRP,0.20359907929261647,49.03044709578913,0.0005610480627201153,0.026809698360399294,crypto,equal,
2026-05-17,asset,XRP,XRP,0.13308555575540393,47.12442581352208,-0.002274996949549069,-0.405996618215379,crypto,equal,
2026-05-18,asset,XRP,XRP,0.15639461411097197,45.35370864973007,-0.004778456011583679,-0.5099408882980099,crypto,equal,
2026-05-19,asset,XRP,XRP,0.16981476508811794,41.222285550490795,-0.008028028191524962,-0.7667405041629313,crypto,equal,
2026-05-20,asset,XRP,XRP,0.2804321250958462,42.280103858403,-0.009373636717454954,-0.3952646835134855,crypto,equal,
2026-05-21,asset,XRP,XRP,0.1674096864456229,43.67758316343955,-0.009337688821889949,-0.6877011161995961,crypto,equal,
2026-05-22,asset,XRP,XRP,0.041857704798970025,38.11431139692267,-0.011318930405088641,-1.3831436612762356,crypto,equal,
2026-05-23,asset,XRP,XRP,,38.11431139692267,-0.009055144324070914,,crypto,equal,
2026-03-24,sector,Academic Chain,,0.05881497682821709,,0.0,,crypto,equal,
2026-03-25,sector,Academic Chain,,0.06677734152496455,100.0,0.0005081395134106659,,crypto,equal,
2026-03-26,sector,Academic Chain,,0.13639906756624992,100.0,0.005241931757335605,,crypto,equal,
2026-03-27,sector,Academic Chain,,0.00032835932973311784,36.31282382160514,-0.0007626299867842337,,crypto,equal,
2026-03-28,sector,Academic Chain,,-0.0709958039825834,27.224497596399758,-0.00904930350009647,,crypto,equal,
2026-03-29,sector,Academic Chain,,-0.08489772116650962,25.958198087279982,-0.014646780547600616,,crypto,equal,
2026-03-30,sector,Academic Chain,,0.029671890197043863,46.47562558550091,-0.01003315655791536,,crypto,equal,
2026-03-31,sector,Academic Chain,,-0.007556945569586591,42.63645806671667,-0.008925820726914797,,crypto,equal,
2026-04-01,sector,Academic Chain,,0.11078127309556351,54.56631756785655,-0.00012593702795875295,,crypto,equal,
2026-04-02,sector,Academic Chain,,0.15247838254999888,57.66834437308847,0.008143412694335668,,crypto,equal,
2026-04-03,sector,Academic Chain,,0.10081470728441334,53.170373225908115,0.0096701133635255,,crypto,equal,
2026-04-04,sector,Academic Chain,,-0.051442880441676817,43.2326911401394,0.00044891142929018215,,crypto,equal,
2026-04-05,sector,Academic Chain,,0.06336743870034814,50.244901840021384,0.0020171497444529942,,crypto,equal,
2026-04-06,sector,Academic Chain,,0.27057788473643873,59.315165744230676,0.016157953280413823,,crypto,equal,
2026-04-07,sector,Academic Chain,,0.24303920050054895,57.91208369635931,0.022419744516651543,,crypto,equal,
2026-04-08,sector,Academic Chain,,0.19902127961075583,55.50901213723174,0.02231210452398154,,crypto,equal,
2026-04-09,sector,Academic Chain,,0.21458600355818302,53.41072023433614,0.02196944249780719,,crypto,equal,
2026-04-10,sector,Academic Chain,,0.13589943984162295,56.22565499559076,0.015432466329863878,,crypto,equal,
2026-04-11,sector,Academic Chain,,0.0012650576380143497,53.135995464741875,0.0017500603702601848,,crypto,equal,
2026-04-12,sector,Academic Chain,,0.06630598023540807,56.28309039346351,-0.002954885490375779,,crypto,equal,
2026-04-13,sector,Academic Chain,,0.04169730445009079,50.54008062290041,-0.007500785395945737,,crypto,equal,-0.20192691835592277
2026-04-14,sector,Academic Chain,,0.27336561459496167,60.740785196290695,0.004663399546148087,,crypto,equal,0.9507291951174279
2026-04-15,sector,Academic Chain,,0.1350381801938405,50.913475118165344,0.003040582397314164,,crypto,equal,0.19862469211037734
2026-04-16,sector,Academic Chain,,-0.03845508499182759,43.45904521037246,-0.009389721076184326,,crypto,equal,-0.5961435233517901
2026-04-17,sector,Academic Chain,,-0.07063392358422556,44.04707993864135,-0.01890257291140256,,crypto,equal,-0.8496571298219235
2026-04-18,sector,Academic Chain,,0.15353316677961318,56.77854345966129,-0.009685662065314552,,crypto,equal,0.2591957963899956
2026-04-19,sector,Academic Chain,,0.17686498675458134,53.995072818059796,-0.0020072267085117085,,crypto,equal,0.3816925790761797
2026-04-20,sector,Academic Chain,,0.06475705537240113,42.23532436065185,-0.004334467896555651,,crypto,equal,-0.36201168017401975
2026-04-21,sector,Academic Chain,,0.3004395294902091,51.8715337938876,0.009393974834234303,,crypto,equal,0.8596430922767462
2026-04-22,sector,Academic Chain,,0.12038639390121883,47.6450212795439,0.0059134553957856575,,crypto,equal,0.0638453314689546
2026-04-23,sector,Academic Chain,,0.30399105886750855,52.43267741474944,0.015023459742398552,,crypto,equal,0.9935280855592986
2026-04-24,sector,Academic Chain,,0.21989220331852494,52.27869950354817,0.0144289442183557,,crypto,equal,0.780855170180862
2026-04-25,sector,Academic Chain,,0.055880665146797626,51.458458075125506,0.002650261936403924,,crypto,equal,-0.04101717978767092
2026-04-26,sector,Academic Chain,,-0.0030063817100948603,48.142975592544694,-0.008818222444832373,,crypto,equal,-0.4542759701388289
2026-04-27,sector,Academic Chain,,0.2164973829398087,54.240422763126645,-0.00170473415803378,,crypto,equal,0.5356764601735508
2026-04-28,sector,Academic Chain,,0.22667908333797823,48.7310887945306,0.0033281141019220195,,crypto,equal,0.5459063657576158
2026-04-29,sector,Academic Chain,,0.3384794424997538,55.61030785610686,0.013270507236905215,,crypto,equal,1.1148588793975895
2026-04-30,sector,Academic Chain,,0.26183524633298627,58.74842632608025,0.013712573858137588,,crypto,equal,0.9947341447681212
2026-05-01,sector,Academic Chain,,0.2521677518823251,59.52924535681211,0.012419888913838377,,crypto,equal,0.9764005576500108
2026-05-02,sector,Academic Chain,,0.03994941120147704,46.62313573004233,-0.002846969272993889,,crypto,equal,-0.23171668687799468
2026-05-03,sector,Academic Chain,,0.08076762774694199,47.17240905217411,-0.00991756382857761,,crypto,equal,-0.2547528122009264
2026-05-04,sector,Academic Chain,,0.17367980043468093,53.24158636282667,-0.008133128163798832,,crypto,equal,0.09321437471109831
2026-05-05,sector,Academic Chain,,0.349974899757579,51.52821233535657,0.004447766450855754,,crypto,equal,0.890596137041534
2026-05-06,sector,Academic Chain,,0.27740666191818786,55.18831136844545,0.007244146941484935,,crypto,equal,0.8246775506841775
2026-05-07,sector,Academic Chain,,0.2666365540719591,48.60656736263383,0.007688494058839122,,crypto,equal,0.6878462318119015
2026-05-08,sector,Academic Chain,,0.27116717807998264,52.033415801982734,0.007594272142598894,,crypto,equal,0.7726816223210787
2026-05-09,sector,Academic Chain,,0.5665640968493418,68.34095424987882,0.025712523391053545,,crypto,equal,1.9887774983510378
2026-05-10,sector,Academic Chain,,0.2569324590901611,57.910788572277845,0.01562609825292456,,crypto,equal,0.769608529675474
2026-05-11,sector,Academic Chain,,0.2878553002886267,52.45324466043967,0.010088051654801679,,crypto,equal,0.6617874773300995
2026-05-12,sector,Academic Chain,,0.19447031181660213,48.95260199105872,-0.0002648738314580748,,crypto,equal,0.2398909214906033
2026-05-13,sector,Academic Chain,,0.28991039938669577,48.403595439252555,-0.0010419757394679874,,crypto,equal,0.4181706474347018
2026-05-14,sector,Academic Chain,,0.37426612340401866,53.67682511983285,0.0035185967095929527,,crypto,equal,0.9560136197711666
2026-05-15,sector,Academic Chain,,0.288097300180886,51.11901205322562,0.0002951494718703221,,crypto,equal,0.45992721178122675
2026-05-16,sector,Academic Chain,,0.05402283302643335,50.432424314600404,-0.017077857439804875,,crypto,equal,-0.3410641781109725
2026-05-17,sector,Academic Chain,,0.01748884957038265,48.05054420205137,-0.029763316432103115,,crypto,equal,-0.716137868197617
2026-05-18,sector,Academic Chain,,0.18060403840459766,50.204473306767184,-0.026036738101982974,,crypto,equal,-0.33800005269860145
2026-05-19,sector,Academic Chain,,0.33959782201494165,49.690400510874234,-0.012422441586322368,,crypto,equal,0.3326872912812815
2026-05-20,sector,Academic Chain,,0.3584529519813751,52.49807587782483,-0.002239407017738046,,crypto,equal,0.5454500928345831
2026-05-21,sector,Academic Chain,,0.3705321869532615,53.19977496439902,0.004831849811010359,,crypto,equal,0.6795140392510487
2026-05-22,sector,Academic Chain,,0.1408292088890375,46.47479076140721,-0.005858971081809782,,crypto,equal,-0.3243474063098728
2026-05-23,sector,Academic Chain,,,36.29543031591199,-0.004687176865447826,,crypto,equal,
2026-03-24,sector,Crypto,,0.18749009222196034,,0.0,,crypto,equal,
2026-03-25,sector,Crypto,,0.18796145024531705,100.0,3.008096787233683e-05,,crypto,equal,
2026-03-26,sector,Crypto,,0.1921714864979573,100.0,0.00031596435934785113,,crypto,equal,
2026-03-27,sector,Crypto,,0.15828396267283612,12.137738123023041,-0.0016848241535634863,,crypto,equal,
2026-03-28,sector,Crypto,,0.13403722508713123,7.452591594899133,-0.004394877165739089,,crypto,equal,
2026-03-29,sector,Crypto,,0.17658232219080874,44.82360853436545,-0.003134902302243343,,crypto,equal,
2026-03-30,sector,Crypto,,0.15495963815578187,37.19106409488876,-0.0035405336510148594,,crypto,equal,
2026-03-31,sector,Crypto,,0.16406953574834462,41.39540647829754,-0.002999519684978886,,crypto,equal,
2026-04-01,sector,Crypto,,0.2297403898577455,60.47021722341683,0.0017228969990278338,,crypto,equal,
2026-04-02,sector,Crypto,,0.15698922919037833,44.44459788477407,-1.9117421327230835e-05,,crypto,equal,
2026-04-03,sector,Crypto,,0.1307553049868277,40.56775988283522,-0.0027529278157520888,,crypto,equal,
2026-04-04,sector,Crypto,,0.15416137331238658,44.859143962841955,-0.0027908830196735138,,crypto,equal,
2026-04-05,sector,Crypto,,0.16270635833818875,46.2753667653576,-0.002079177374124535,,crypto,equal,
2026-04-06,sector,Crypto,,0.1430300198992379,43.691399471796586,-0.00273118768500232,,crypto,equal,
2026-04-07,sector,Crypto,,0.16360846065947438,46.798323554021216,-0.0016285783847232484,,crypto,equal,
2026-04-08,sector,Crypto,,0.19651252340194283,51.05467812938601,0.001306296153274265,,crypto,equal,
2026-04-09,sector,Crypto,,0.19515325507263068,50.370371948174245,0.0030461650156830885,,crypto,equal,
2026-04-10,sector,Crypto,,0.15079951959015953,49.09390022924736,0.001195071393929185,,crypto,equal,
2026-04-11,sector,Crypto,,0.18630213020519762,56.159549876332875,0.0022837910815585154,,crypto,equal,
2026-04-12,sector,Crypto,,0.14350777250274957,46.10437029977996,0.0001561214889457029,,crypto,equal,
2026-04-13,sector,Crypto,,0.15296331517576603,49.757928294083285,-0.0005418718926413178,,crypto,equal,-0.3290174652909128
2026-04-14,sector,Crypto,,0.20906344959370624,54.89776070901444,0.002670801954396376,,crypto,equal,0.9040250135072637
2026-04-15,sector,Crypto,,0.1445570642636311,40.70390023087496,0.0004632789569693884,,crypto,equal,-0.3951630057344234
2026-04-16,sector,Crypto,,0.21289111328238894,56.159988543724864,0.003450713861589959,,crypto,equal,1.0678538193538434
2026-04-17,sector,Crypto,,0.21095621406057716,59.33761149023465,0.005045376471416828,,crypto,equal,1.215324017449584
2026-04-18,sector,Crypto,,0.1484750201573508,49.39316568231041,0.0018080590273512958,,crypto,equal,-0.027616128214857677
2026-04-19,sector,Crypto,,0.19026920331578887,52.74653319644374,0.002362345651872261,,crypto,equal,0.734367563389875
2026-04-20,sector,Crypto,,0.15572150144565233,51.22825567812282,0.0003867346126789252,,crypto,equal,-0.018325209860263966
2026-04-21,sector,Crypto,,0.16526142472038155,50.16346298959205,-0.0002583146810475413,,crypto,equal,0.018739711078937127
2026-04-22,sector,Crypto,,0.1139398380925764,42.121311460691075,-0.003919029727094998,,crypto,equal,-0.9704061533670733
2026-04-23,sector,Crypto,,0.19744987406361608,50.18943489230896,-0.000664433487294956,,crypto,equal,0.4749410103869731
2026-04-24,sector,Crypto,,0.15738704281545476,50.54724062436716,-0.001130682737085061,,crypto,equal,-0.21193921315648462
2026-04-25,sector,Crypto,,0.11631473586191925,44.23929515705086,-0.003966489625406272,,crypto,equal,-1.0050412461119729
2026-04-26,sector,Crypto,,0.18887254634683037,53.5595928125934,-0.000878182586121201,,crypto,equal,0.3185593511628291
2026-04-27,sector,Crypto,,0.2092181757668244,54.33992500924968,0.0024312922730079884,,crypto,equal,0.8324960631410535
2026-04-28,sector,Crypto,,0.15974739832269746,46.15606846547196,0.0012448413070175932,,crypto,equal,-0.08043861586402898
2026-04-29,sector,Crypto,,0.21645474853266145,55.67302523635656,0.004075829664827528,,crypto,equal,1.1212552701413796
2026-04-30,sector,Crypto,,0.19245145810624498,48.26591398863685,0.004116411901456817,,crypto,equal,0.7998120368302791
2026-05-01,sector,Crypto,,0.22900873144465067,51.44658097168238,0.0062613458161406435,,crypto,equal,1.3786428798162726
2026-05-02,sector,Crypto,,0.20437190253576512,54.76832085004481,0.005693270095922943,,crypto,equal,1.1510268576803948
2026-05-03,sector,Crypto,,0.1281381226071849,44.99400805369748,0.0001487389758641649,,crypto,equal,-0.3022758354979459
2026-05-04,sector,Crypto,,0.1708253982009024,51.201187832046934,-0.0006353595596851544,,crypto,equal,0.15732080996153255
2026-05-05,sector,Crypto,,0.12443122745689748,46.932647759070846,-0.004078129117089308,,crypto,equal,-0.6300166854859403
2026-05-06,sector,Crypto,,0.23406526500485836,58.29740581762769,0.000959824129158595,,crypto,equal,1.1192660340135223
2026-05-07,sector,Crypto,,0.18446673245678247,49.05914067829366,0.0008851940352867043,,crypto,equal,0.4927058363564927
2026-05-08,sector,Crypto,,0.21423090009148335,54.18176640047635,0.002672732567531184,,crypto,equal,0.983473846946332
2026-05-09,sector,Crypto,,0.23162216278057376,58.78891448716439,0.0047380350083699885,,crypto,equal,1.3515718023939696
2026-05-10,sector,Crypto,,0.14988630067658745,47.06940948876178,0.0005323074537891504,,crypto,equal,-0.047588135247020616
2026-05-11,sector,Crypto,,0.22690169030649343,51.22490853596727,0.0027464117535904234,,crypto,equal,1.0656375232742785
2026-05-12,sector,Crypto,,0.22239512489187138,54.62778055845547,0.003659474932159285,,crypto,equal,1.1361299788370407
2026-05-13,sector,Crypto,,0.16223008980578182,46.01478847997146,0.00014887227100334778,,crypto,equal,0.045401091291096485
2026-05-14,sector,Crypto,,0.18012385312905732,49.085779441532544,-0.0009691760004694227,,crypto,equal,0.18793290224138195
2026-05-15,sector,Crypto,,0.15834983515831555,44.642431915002426,-0.003058303776957042,,crypto,equal,-0.24038731419044745
2026-05-16,sector,Crypto,,0.15647080464757235,46.23817044938029,-0.00436994772977051,,crypto,equal,-0.3513830478909393
2026-05-17,sector,Crypto,,0.14621388041657662,51.58365896203464,-0.005650218950987787,,crypto,equal,-0.48529405814091287
2026-05-18,sector,Crypto,,0.15942639782345744,48.946918675853155,-0.00533306949052198,,crypto,equal,-0.45920561164349316
2026-05-19,sector,Crypto,,0.1602888877501218,53.6169470350864,-0.004807307950474171,,crypto,equal,-0.3950255579902848
2026-05-20,sector,Crypto,,0.19646886821357692,45.54793553312282,-0.0019135171239430004,,crypto,equal,0.12551165927485752
2026-05-21,sector,Crypto,,0.19829613498925722,51.84655833993454,0.00012486264535500446,,crypto,equal,0.37071507126611625
2026-05-22,sector,Crypto,,0.10252576380062313,37.31979301740179,-0.004708505735954708,,crypto,equal,-1.3087061426406745
2026-05-23,sector,Crypto,,0.009390215273201469,28.474855464644804,-0.013416699709052632,,crypto,equal,-2.595147517927535
2026-03-24,sector,Crypto Major,,0.1287078874811983,,0.0,,crypto,equal,
2026-03-25,sector,Crypto Major,,0.10764891862732491,0.0,-0.0013439341946631434,,crypto,equal,
2026-03-26,sector,Crypto Major,,0.10174002434488685,0.0,-0.0024898635912869935,,crypto,equal,
2026-03-27,sector,Crypto Major,,0.1378274719105541,57.23141661489716,-0.0007658325755544094,,crypto,equal,
2026-03-28,sector,Crypto Major,,0.013940916541004244,19.30410149637605,-0.0075407641799343055,,crypto,equal,
2026-03-29,sector,Crypto Major,,0.10077537133492746,44.898661056958545,-0.0058226182797512654,,crypto,equal,
2026-03-30,sector,Crypto Major,,0.0820076528372232,42.01825565380897,-0.0055972570538365355,,crypto,equal,
2026-03-31,sector,Crypto Major,,0.09592467804724794,44.65132553141641,-0.004220736882621685,,crypto,equal,
2026-04-01,sector,Crypto Major,,0.19931640129579947,58.61388721909984,0.003524834064618134,,crypto,equal,
2026-04-02,sector,Crypto Major,,0.19430481414767845,57.90582785895352,0.007930287191798467,,crypto,equal,
2026-04-03,sector,Crypto Major,,0.035496773048999376,41.87592850716185,0.0001782729224000532,,crypto,equal,
2026-04-04,sector,Crypto Major,,0.1342877727101313,50.414883925163316,0.0016515296786183253,,crypto,equal,
2026-04-05,sector,Crypto Major,,0.12182047330810682,49.49721818419493,0.0017257681401461325,,crypto,equal,
2026-04-06,sector,Crypto Major,,0.1219176976730271,49.50438592233473,0.0017171425143333021,,crypto,equal,
2026-04-07,sector,Crypto Major,,0.08303166846610785,46.84519010616049,-0.0008347024326209934,,crypto,equal,
2026-04-08,sector,Crypto Major,,0.14131482844932167,52.21155051727988,0.0013561970539800084,,crypto,equal,
2026-04-09,sector,Crypto Major,,0.14953535273039847,53.130220809678924,0.00320693479544614,,crypto,equal,
2026-04-10,sector,Crypto Major,,0.10237585245182372,47.71138672201505,0.0012059139718262162,,crypto,equal,
2026-04-11,sector,Crypto Major,,0.1374527968202389,59.00610158296695,0.0021409715748467034,,crypto,equal,
2026-04-12,sector,Crypto Major,,0.08925005134093575,49.1094369558292,-0.00045230596709988635,,crypto,equal,
2026-04-13,sector,Crypto Major,,0.1212467787649846,52.97126757046236,-1.957831873200446e-06,,crypto,equal,0.39082962774886953
2026-04-14,sector,Crypto Major,,0.1450779909421274,53.666933261672725,0.0018113682749339934,,crypto,equal,0.6765431254728976
2026-04-15,sector,Crypto Major,,0.12895203532683366,43.96488495354094,0.0018298234421740226,,crypto,equal,0.4343301152236083
2026-04-16,sector,Crypto Major,,0.15942844842267678,47.13387079875069,0.0036922045883135816,,crypto,equal,0.8197078709963926
2026-04-17,sector,Crypto Major,,0.18006719873912344,65.37154216825796,0.005976461781005292,,crypto,equal,1.3476752841827002
2026-04-18,sector,Crypto Major,,0.0483002667254406,41.45643091323502,-0.001334397994176982,,crypto,equal,-0.5049960376931718
2026-04-19,sector,Crypto Major,,0.11139433288404006,49.05876825872052,-0.0018374288109958925,,crypto,equal,-0.010367675937451457
2026-04-20,sector,Crypto Major,,0.07933337030253533,46.36540806312413,-0.004115458382402045,,crypto,equal,-0.4421232720814452
2026-04-21,sector,Crypto Major,,0.12746196653579545,53.73324640822254,-0.0022597144430921436,,crypto,equal,0.2782295452693633
2026-04-22,sector,Crypto Major,,0.1417738464653095,50.04164628356413,-6.323600171732714e-05,,crypto,equal,0.4329391061162199
2026-04-23,sector,Crypto Major,,0.09034186628193136,45.01992083753258,-0.0019638102400986943,,crypto,equal,-0.34816504036181595
2026-04-24,sector,Crypto Major,,0.17498082669376935,55.746045294362574,0.002355498980109022,,crypto,equal,0.8965233373720148
2026-04-25,sector,Crypto Major,,0.0494028785180314,43.904750459343724,-0.0030740353333242963,,crypto,equal,-0.7270638303498813
2026-04-26,sector,Crypto Major,,0.14401579710351003,53.56226244952552,-0.00027025768754378047,,crypto,equal,0.4508288021820961
2026-04-27,sector,Crypto Major,,0.12860109105281764,50.488911180330106,0.0005259317435486366,,crypto,equal,0.33935815363516275
2026-04-28,sector,Crypto Major,,0.12786781557377766,48.81962549174215,0.0009578021052584461,,crypto,equal,0.34052732541204433
2026-04-29,sector,Crypto Major,,0.1307154014644393,50.12318569016033,0.0013650241566476632,,crypto,equal,0.42413397442732736
2026-04-30,sector,Crypto Major,,0.1461692862227903,49.05387992884668,0.0025368432487628684,,crypto,equal,0.6147361536541907
2026-05-01,sector,Crypto Major,,0.13780517722756513,46.93058536463436,0.002600677563059539,,crypto,equal,0.5447239328138844
2026-05-02,sector,Crypto Major,,0.1350303011032489,57.75142490995716,0.0023174664977401835,,crypto,equal,0.729267575815134
2026-05-03,sector,Crypto Major,,0.05235613153267389,44.901937361813395,-0.003272687719453962,,crypto,equal,-0.6943776920333877
2026-05-04,sector,Crypto Major,,0.14495739209258746,55.130354513976584,-0.0007029583774388868,,crypto,equal,0.5212419944562466
2026-05-05,sector,Crypto Major,,0.1431934224750515,51.32597905551275,0.0008259520866845468,,crypto,equal,0.5338155100016105
2026-05-06,sector,Crypto Major,,0.1356003137290767,49.47368164680988,0.0012484648761002584,,crypto,equal,0.4796207168339939
2026-05-07,sector,Crypto Major,,0.17328860743806782,57.24123304856567,0.0038422680339758085,,crypto,equal,1.1019164968368582
2026-05-08,sector,Crypto Major,,0.10754483546075452,43.912003555285665,0.001051472380329569,,crypto,equal,-0.010867146534145458
2026-05-09,sector,Crypto Major,,0.04707098827741531,49.761438463864216,-0.004634069601028747,,crypto,equal,-0.7364888220568195
2026-05-10,sector,Crypto Major,,0.06256955692414559,40.058449164827685,-0.006976992919610093,,crypto,equal,-1.037854232168808
2026-05-11,sector,Crypto Major,,0.17572565874357465,54.644033226781204,-0.0008538301063482265,,crypto,equal,0.6250711530377777
2026-05-12,sector,Crypto Major,,0.1700193164799152,54.11362669003675,0.002671147720775132,,crypto,equal,0.8112106555360885
2026-05-13,sector,Crypto Major,,0.20593736862713435,56.89590565331525,0.007033131894501109,,crypto,equal,1.4292127160891916
2026-05-14,sector,Crypto Major,,0.07363983287928388,44.524045716217884,0.0009399172451241213,,crypto,equal,-0.287220354725469
2026-05-15,sector,Crypto Major,,0.11348501932961501,48.24715814155027,-0.0004033929828595683,,crypto,equal,-0.01661713513553531
2026-05-16,sector,Crypto Major,,0.0997784828373887,47.49868866954212,-0.002115763035987324,,crypto,equal,-0.25851124036814777
2026-05-17,sector,Crypto Major,,0.07023456594766354,51.372020955667594,-0.004975569735922297,,crypto,equal,-0.6164041207102838
2026-05-18,sector,Crypto Major,,0.02405376548132655,40.009880734744826,-0.00945503841690042,,crypto,equal,-1.5136945576198118
2026-05-19,sector,Crypto Major,,0.02507405876242284,40.227931293091395,-0.011681045221592138,,crypto,equal,-1.664903231407421
2026-05-20,sector,Crypto Major,,0.05747512530652214,43.79151041986158,-0.010348663720705855,,crypto,equal,-1.3407102479230077
2026-05-21,sector,Crypto Major,,0.17728766071931762,50.281106964051325,-0.0012538165752434636,,crypto,equal,0.20325462954206658
2026-05-22,sector,Crypto Major,,0.08420888790001371,48.42034268500812,-0.0013537415004608554,,crypto,equal,-0.6547212731076546
2026-05-23,sector,Crypto Major,,0.06738563417494298,51.46150852658398,-0.002341998665035379,,crypto,equal,-0.7419144329079012
2026-03-24,sector,Crypto Proxy,,0.14855629595432981,,0.0,,crypto,equal,
2026-03-25,sector,Crypto Proxy,,0.16101757619950616,100.0,0.0007952497934243796,,crypto,equal,
2026-03-26,sector,Crypto Proxy,,0.10867717151903823,19.229870734803967,-0.002090046235985521,,crypto,equal,
2026-03-27,sector,Crypto Proxy,,0.18612266472952568,63.2046094929365,0.0011564113404843423,,crypto,equal,
2026-03-28,sector,Crypto Proxy,,0.013961066239287,28.595503732551663,-0.007856028545388085,,crypto,equal,
2026-03-29,sector,Crypto Proxy,,0.09465465789229638,43.17877563012743,-0.00792512787789922,,crypto,equal,
2026-03-30,sector,Crypto Proxy,,0.05200184988004441,38.9716385660782,-0.010238708409105105,,crypto,equal,
2026-03-31,sector,Crypto Proxy,,0.061213270342904136,40.22935648372387,-0.010504614573840495,,crypto,equal,
2026-04-01,sector,Crypto Proxy,,-0.00864392799596271,34.791700242643046,-0.014495171266909121,,crypto,equal,
2026-04-02,sector,Crypto Proxy,,0.10274956641820339,46.35422883919388,-0.009011041972511622,,crypto,equal,
2026-04-03,sector,Crypto Proxy,,0.10750484306562169,46.757248648383026,-0.004660714120198171,,crypto,equal,
2026-04-04,sector,Crypto Proxy,,0.08567783862245505,45.19864855176676,-0.0029348787888933067,,crypto,equal,
2026-04-05,sector,Crypto Proxy,,0.16473721788739323,51.10245449320221,0.0035005268369266047,,crypto,equal,
2026-04-06,sector,Crypto Proxy,,0.12677919401501156,48.58923147064765,0.0050746895839223136,,crypto,equal,
2026-04-07,sector,Crypto Proxy,,0.10353717249640187,47.16881868347749,0.004446973906904668,,crypto,equal,
2026-04-08,sector,Crypto Proxy,,0.11006968817969127,46.77189606745086,0.004362075236642603,,crypto,equal,
2026-04-09,sector,Crypto Proxy,,0.1781057114580761,54.31326478891553,0.008536922398175007,,crypto,equal,
2026-04-10,sector,Crypto Proxy,,0.17808556630690942,49.447546543546665,0.010800200284727645,,crypto,equal,
2026-04-11,sector,Crypto Proxy,,0.041018065650337686,51.95412026223393,0.0029760409144228214,,crypto,equal,
2026-04-12,sector,Crypto Proxy,,0.08496879074368101,49.261256414950864,0.0007848039371992476,,crypto,equal,
2026-04-13,sector,Crypto Proxy,,0.07347808903070864,51.71974615209923,-0.001300889213108193,,crypto,equal,-0.16387008306999756
2026-04-14,sector,Crypto Proxy,,0.12483241962580675,54.77231186292258,0.0008024940780615034,,crypto,equal,0.4276633864474033
2026-04-15,sector,Crypto Proxy,,0.19939246294915022,65.49625796510105,0.006900351826261654,,crypto,equal,1.17427329893874
2026-04-16,sector,Crypto Proxy,,0.1929036216136756,57.95932231907276,0.00999413122734296,,crypto,equal,1.0991555149225098
2026-04-17,sector,Crypto Proxy,,0.1778499310894824,56.099557138334646,0.010473464177839615,,crypto,equal,1.004863216509612
2026-04-18,sector,Crypto Proxy,,0.23403791834744844,62.14072105327052,0.013811591617112113,,crypto,equal,1.4294891352768553
2026-04-19,sector,Crypto Proxy,,0.13790443203331845,47.86389033313357,0.00901428589780752,,crypto,equal,0.40731013279105044
2026-04-20,sector,Crypto Proxy,,0.1310318891542351,50.356177757026515,0.005045210476437523,,crypto,equal,0.33135760278023607
2026-04-21,sector,Crypto Proxy,,0.0797208544601394,48.09487613368995,-0.001044140533931359,,crypto,equal,-0.11043187184925114
2026-04-22,sector,Crypto Proxy,,0.07847499443805896,47.451107245316514,-0.004945803071105584,,crypto,equal,-0.23555235815894573
2026-04-23,sector,Crypto Proxy,,0.13025775467236614,46.0359238674287,-0.00387629811259093,,crypto,equal,0.2097175536931809
2026-04-24,sector,Crypto Proxy,,0.05637261814003594,41.015964876635636,-0.007758023613528492,,crypto,equal,-0.5909214529713953
2026-04-25,sector,Crypto Proxy,,0.11790337682861805,56.38743703181362,-0.005879989798292183,,crypto,equal,0.231852989731979
2026-04-26,sector,Crypto Proxy,,0.1642404757568319,56.55968128173837,-0.001446522249254499,,crypto,equal,0.5676106618335889
2026-04-27,sector,Crypto Proxy,,0.10789156372157156,52.650891481018434,-0.00219365244736326,,crypto,equal,-0.0438315400736702
2026-04-28,sector,Crypto Proxy,,0.008965922220287387,41.6841883876804,-0.008860862778828336,,crypto,equal,-0.9661206368426642
2026-04-29,sector,Crypto Proxy,,0.1460692749180113,46.488231750259565,-0.003806143762597073,,crypto,equal,0.1495393616756162
2026-04-30,sector,Crypto Proxy,,0.17628298926603478,48.938564725724795,0.001517904719649361,,crypto,equal,0.48669964186640535
2026-05-01,sector,Crypto Proxy,,0.1689103296222596,49.42343820952939,0.004329534082972724,,crypto,equal,0.5421018919376172
2026-05-02,sector,Crypto Proxy,,0.33983887039333244,55.94393048306036,0.01678793574139007,,crypto,equal,1.756486422228613
2026-05-03,sector,Crypto Proxy,,0.04166544381048836,45.59357978458372,0.0046644026336676355,,crypto,equal,-0.2729610797587846
2026-05-04,sector,Crypto Proxy,,0.13467304371753241,50.154526315841025,0.002722552807705618,,crypto,equal,0.20998411576122775
2026-05-05,sector,Crypto Proxy,,0.088780045407602,50.386237597186806,-0.0016063371422489784,,crypto,equal,-0.10574891000006308
2026-05-06,sector,Crypto Proxy,,0.12030863620333036,51.73867652306372,-0.0022599239198920506,,crypto,equal,0.03949728630112359
2026-05-07,sector,Crypto Proxy,,0.038693389400276175,46.286517035913015,-0.00779106433987027,,crypto,equal,-0.626173270794505
2026-05-08,sector,Crypto Proxy,,0.11798947232040118,52.48801247273706,-0.005802666812028056,,crypto,equal,0.09327744479639381
2026-05-09,sector,Crypto Proxy,,0.11208523391167091,49.75402053666781,-0.004629463672529268,,crypto,equal,0.00594273397136709
2026-05-10,sector,Crypto Proxy,,0.12421990745132999,48.257620318359834,-0.002866957127390545,,crypto,equal,0.05603768538147972
2026-05-11,sector,Crypto Proxy,,0.11913858039850365,50.512542892799225,-0.0019196306926778086,,crypto,equal,0.09446898643367843
2026-05-12,sector,Crypto Proxy,,0.0998238936051933,54.464470595632946,-0.002436868315871453,,crypto,equal,-0.1363875228399204
2026-05-13,sector,Crypto Proxy,,0.17644599368431246,51.58693797558111,0.0022830638618536593,,crypto,equal,0.4998658752209578
2026-05-14,sector,Crypto Proxy,,0.1807261886992981,50.23858605704785,0.005416231024210982,,crypto,equal,0.5942852039039854
2026-05-15,sector,Crypto Proxy,,0.12494071924072397,47.755656722022955,0.0035450037472652025,,crypto,equal,0.03377376542533422
2026-05-16,sector,Crypto Proxy,,-0.012097349679556576,31.392321357116032,-0.006558219044469546,,crypto,equal,-1.2868186078478758
2026-05-17,sector,Crypto Proxy,,0.09443540313924481,53.499176242166286,-0.005732401185761661,,crypto,equal,-0.27004271357128395
2026-05-18,sector,Crypto Proxy,,0.07276452734211912,45.46588833977142,-0.006268353884179151,,crypto,equal,-0.6124827155960996
2026-05-19,sector,Crypto Proxy,,0.08256166445311881,49.51914885145775,-0.005607240544611869,,crypto,equal,-0.48215604354466346
2026-05-20,sector,Crypto Proxy,,0.13998981385807271,51.463282399140915,-0.001178006091856908,,crypto,equal,0.1529040903754783
2026-05-21,sector,Crypto Proxy,,0.10360666956552872,55.17427852699457,-0.0006033068042867523,,crypto,equal,0.07470876714736953
2026-05-22,sector,Crypto Proxy,,0.12006348670744175,50.18372656708366,0.0008988157834067994,,crypto,equal,0.0804817408896013
2026-05-23,sector,Crypto Proxy,,,50.714224709615,0.0007190526267254402,,crypto,equal,
2026-03-24,sector,Crypto Stocks,,0.20492197950293656,,0.0,,crypto,equal,
2026-03-25,sector,Crypto Stocks,,0.1997814005477778,0.0,-0.000328059739588471,,crypto,equal,
2026-03-26,sector,Crypto Stocks,,0.13234571026796393,0.0,-0.004819324292230047,,crypto,equal,
2026-03-27,sector,Crypto Stocks,,0.3044263565693103,70.3354924278857,0.0036117918039850635,,crypto,equal,
2026-03-28,sector,Crypto Stocks,,0.030636574292163748,33.191579197454956,-0.008762208416105609,,crypto,equal,
2026-03-29,sector,Crypto Stocks,,0.15175294534840875,45.84333142871331,-0.008305827964221208,,crypto,equal,
2026-03-30,sector,Crypto Stocks,,0.06999036836488465,40.64696979001451,-0.012759867529999459,,crypto,equal,
2026-03-31,sector,Crypto Stocks,,0.08880887145529086,42.15604769602203,-0.013610243244482626,,crypto,equal,
2026-04-01,sector,Crypto Stocks,,-0.034693493060248715,36.12768830598014,-0.02120889895710312,,crypto,equal,
2026-04-02,sector,Crypto Stocks,,0.14341885289868764,47.04811118003825,-0.013342226181643976,,crypto,equal,
2026-04-03,sector,Crypto Stocks,,0.1935721141898236,49.48027569719894,-0.004330209324430834,,crypto,equal,
2026-04-04,sector,Crypto Stocks,,0.15685701453383322,47.87064479299247,-0.0006066042334368499,,crypto,equal,
2026-04-05,sector,Crypto Stocks,,0.24853369055108676,51.78692009332405,0.00780217503483608,,crypto,equal,
2026-04-06,sector,Crypto Stocks,,0.17035524728182821,48.668956397574924,0.007849188970970585,,crypto,equal,
2026-04-07,sector,Crypto Stocks,,0.11367828747784564,46.633469878348016,0.004007030396991327,,crypto,equal,
2026-04-08,sector,Crypto Stocks,,0.14543811044661548,48.03357454209999,0.003563322180072607,,crypto,equal,
2026-04-09,sector,Crypto Stocks,,0.2085548079176845,52.76629167125714,0.007265957669285176,,crypto,equal,
2026-04-10,sector,Crypto Stocks,,0.24072470054049713,47.426297202011014,0.011381829419497728,,crypto,equal,
2026-04-11,sector,Crypto Stocks,,0.023209303185642235,49.6856246511947,-0.0004193245334785222,,crypto,equal,
2026-04-12,sector,Crypto Stocks,,0.10928545202760634,48.14752108700725,-0.002202866883979691,,crypto,equal,
2026-04-13,sector,Crypto Stocks,,0.08077510841674501,50.493363133215105,-0.004921689592436327,,crypto,equal,-0.29829397289110077
2026-04-14,sector,Crypto Stocks,,0.17244995276200306,53.58716476674919,-0.00040304728386608354,,crypto,equal,0.3784594649670169
2026-04-15,sector,Crypto Stocks,,0.24646065856120827,62.59260080141639,0.007288657758788824,,crypto,equal,0.9728214125833287
2026-04-16,sector,Crypto Stocks,,0.259673120864938,56.10934176357215,0.012669350972976777,,crypto,equal,1.0610444169388205
2026-04-17,sector,Crypto Stocks,,0.23701684840013015,52.351033345323344,0.014001547044721962,,crypto,equal,0.9678148143870311
2026-04-18,sector,Crypto Stocks,,0.3241806065295676,58.585994584051896,0.019702933055549206,,crypto,equal,1.4530282766551124
2026-04-19,sector,Crypto Stocks,,0.16903452513221962,46.17007276400973,0.012335411750576971,,crypto,equal,0.394326300182927
2026-04-20,sector,Crypto Stocks,,0.1619910894848896,49.56740075437562,0.006586220126332825,,crypto,equal,0.32620639371894533
2026-04-21,sector,Crypto Stocks,,0.0938249800171661,48.98523504785627,-0.0017629692586851424,,crypto,equal,-0.08325876918302968
2026-04-22,sector,Crypto Stocks,,0.07412885926362928,46.30964959977565,-0.00820684895732474,,crypto,equal,-0.3416906229166983
2026-04-23,sector,Crypto Stocks,,0.14129722282765866,46.53386434350905,-0.007556525107994052,,crypto,equal,-0.11871192606336192
2026-04-24,sector,Crypto Stocks,,0.0708894709416565,41.57937424497496,-0.01125634639902958,,crypto,equal,-0.5699092899722648
2026-04-25,sector,Crypto Stocks,,0.1551393227998348,57.53728835358173,-0.007593261189029893,,crypto,equal,0.24927550315018487
2026-04-26,sector,Crypto Stocks,,0.1686604033396723,53.69878772242237,-0.004003712179075425,,crypto,equal,0.27694420942111864
2026-04-27,sector,Crypto Stocks,,0.1396551515868482,53.66569690398857,-0.0033532302329541607,,crypto,equal,-0.03785885720867239
2026-04-28,sector,Crypto Stocks,,0.014548940846725172,40.562407535025706,-0.010704293924955637,,crypto,equal,-0.9153224880805014
2026-04-29,sector,Crypto Stocks,,0.15134137206168208,44.71168878784311,-0.00594705976373892,,crypto,equal,-0.06384776066875514
2026-04-30,sector,Crypto Stocks,,0.18846720849749568,46.14373009759352,-0.00019689584782195055,,crypto,equal,0.21429506358443995
2026-05-01,sector,Crypto Stocks,,0.19534115967065566,47.703733365370454,0.003944028229850053,,crypto,equal,0.3693657375586755
2026-05-02,sector,Crypto Stocks,,0.4146602839661576,54.35156779030819,0.020408003270238603,,crypto,equal,1.614417584834566
2026-05-03,sector,Crypto Stocks,,0.017216087037520485,44.07847323941989,0.004325850883326831,,crypto,equal,-0.42452884255801737
2026-05-04,sector,Crypto Stocks,,0.06957096795085074,46.51831104432701,-0.0026172638031105285,,crypto,equal,-0.34429634581302304
2026-05-05,sector,Crypto Stocks,,0.09406231106076127,50.00924505711197,-0.005240457781340766,,crypto,equal,-0.2679228093246535
2026-05-06,sector,Crypto Stocks,,0.1282559464679321,52.08493217403545,-0.004387375296070421,,crypto,equal,-0.11509654915565636
2026-05-07,sector,Crypto Stocks,,0.03454966826803337,45.97054909335868,-0.00955242403678395,,crypto,equal,-0.6992444056996125
2026-05-08,sector,Crypto Stocks,,0.1631074837662081,53.33460690025935,-0.004012613332543231,,crypto,equal,0.1813861463455635
2026-05-09,sector,Crypto Stocks,,0.18530407329344,51.142008415374285,0.0011678104481898845,,crypto,equal,0.32289294717586453
2026-05-10,sector,Crypto Stocks,,0.20572355036175305,51.39588390065933,0.005735338251214988,,crypto,equal,0.5190287798476557
2026-05-11,sector,Crypto Stocks,,0.11930029799468474,49.26517040530843,0.0028477519897816116,,crypto,equal,-0.0739212569207783
2026-05-12,sector,Crypto Stocks,,0.14690709123277884,55.14009996668211,0.0027094572183576793,,crypto,equal,0.35682171013142006
2026-05-13,sector,Crypto Stocks,,0.20724734937618458,52.30815486018911,0.006384412588530854,,crypto,equal,0.6162635074629281
2026-05-14,sector,Crypto Stocks,,0.2380457570446528,52.05766906340285,0.010356948789560848,,crypto,equal,0.845391661354054
2026-05-15,sector,Crypto Stocks,,0.17886710363224637,49.34472340402304,0.008542024561662916,,crypto,equal,0.5703381002375394
2026-05-16,sector,Crypto Stocks,,-0.008566464606736685,32.727485446551256,-0.0050096244535155175,,crypto,equal,-0.9534973287745632
2026-05-17,sector,Crypto Stocks,,0.11360649189453603,55.07385264054078,-0.005437442293702174,,crypto,equal,-0.07224596746911421
2026-05-18,sector,Crypto Stocks,,0.1177316941606315,52.67071670692379,-0.005138208949488231,,crypto,equal,-0.13166331686334018
2026-05-19,sector,Crypto Stocks,,0.12036191119997516,51.49466385535392,-0.00448265576164192,,crypto,equal,-0.15798314660873095
2026-05-20,sector,Crypto Stocks,,0.19386994339879302,53.5694796707221,0.0008953400789800661,,crypto,equal,0.47232615973242154
2026-05-21,sector,Crypto Stocks,,0.061047345312944895,51.38265992710518,-0.004218231403179963,,crypto,equal,-0.38960871501703076
2026-05-22,sector,Crypto Stocks,,0.13805313622959656,48.61831900116581,-0.0022392803695615226,,crypto,equal,0.058572405995094924
2026-05-23,sector,Crypto Stocks,,,47.32884139013343,-0.0017914242956492176,,crypto,equal,
2026-03-24,sector,DeFi,,0.32044386054308777,,0.0,,crypto,equal,
2026-03-25,sector,DeFi,,0.1300416463429162,0.0,-0.012151024495965368,,crypto,equal,
2026-03-26,sector,DeFi,,-0.03282279979757788,0.0,-0.02949600829179702,,crypto,equal,
2026-03-27,sector,DeFi,,0.15187095278288085,34.33222001923373,-0.02693963278889506,,crypto,equal,
2026-03-28,sector,DeFi,,0.03482402204694808,28.197203339625304,-0.03123846487456306,,crypto,equal,
2026-03-29,sector,DeFi,,0.15610886219454784,39.415390121337836,-0.024327680776237662,,crypto,equal,
2026-03-30,sector,DeFi,,0.12036911703356011,37.680611046638276,-0.02071869563296077,,crypto,equal,
2026-03-31,sector,DeFi,,-0.01240717658686918,32.38525929532575,-0.02551382680231084,,crypto,equal,
2026-04-01,sector,DeFi,,-0.015624404799853804,32.27535637046026,-0.02699881850924865,,crypto,equal,
2026-04-02,sector,DeFi,,0.2946418438600169,48.97472038104655,-0.006263914301947962,,crypto,equal,
2026-04-03,sector,DeFi,,-0.07924306079496107,37.75601487208442,-0.0163356193228322,,crypto,equal,
2026-04-04,sector,DeFi,,-0.2968512803630787,33.3144068163174,-0.035177889632640874,,crypto,equal,
2026-04-05,sector,DeFi,,-0.10678153160780203,39.528042882968286,-0.032432404351887614,,crypto,equal,
2026-04-06,sector,DeFi,,0.10320767302906927,45.17219396013965,-0.014954921817610128,,crypto,equal,
2026-04-07,sector,DeFi,,-0.030646868970047453,42.635588012462314,-0.011069126662385118,,crypto,equal,
2026-04-08,sector,DeFi,,0.08838479172863066,49.09924416351104,0.00025779780199323976,,crypto,equal,
2026-04-09,sector,DeFi,,0.19881333119256808,55.12493839203842,0.015105283189361315,,crypto,equal,
2026-04-10,sector,DeFi,,-0.18271223313484342,43.19045951492251,-4.873136500151143e-05,,crypto,equal,
2026-04-11,sector,DeFi,,0.2169154439128362,53.32367992288295,0.016638779643352267,,crypto,equal,
2026-04-12,sector,DeFi,,-0.19065729815952312,44.269450014954685,0.0008575869743282227,,crypto,equal,
2026-04-13,sector,DeFi,,0.36581125489437993,53.46051766164021,0.027073824725064116,,crypto,equal,1.1425629365594931
2026-04-14,sector,DeFi,,0.2929056344166994,54.378562309494235,0.03801204358932173,,crypto,equal,1.1517986497800536
2026-04-15,sector,DeFi,,-0.060161766197746505,49.41952722506033,0.020834989256819904,,crypto,equal,0.14603591853192427
2026-04-16,sector,DeFi,,0.20242710592477112,48.78300464492496,0.02617853382555306,,crypto,equal,0.8550593827002768
2026-04-17,sector,DeFi,,-0.1614392067525246,48.912347898131095,0.005318863498647311,,crypto,equal,-0.13567916536616725
2026-04-18,sector,DeFi,,-0.13363223411777722,52.274003721742396,-0.005887424614112104,,crypto,equal,-0.1397121446245525
2026-04-19,sector,DeFi,,-0.3034605589112407,47.244281757737944,-0.02305491196993041,,crypto,equal,-0.6739856929443865
2026-04-20,sector,DeFi,,-0.4698230418563474,41.8717554817696,-0.04278508673072526,,crypto,equal,-1.1867994989706474
2026-04-21,sector,DeFi,,-0.14119672225903457,48.51399784949331,-0.03140067108457262,,crypto,equal,-0.3340562515726103
2026-04-22,sector,DeFi,,-0.15369476637724735,46.65004236487083,-0.02280921432366466,,crypto,equal,-0.34218505618268635
2026-04-23,sector,DeFi,,-0.06599107650605512,46.31237710181085,-0.009972081056582704,,crypto,equal,-0.1220394362876743
2026-04-24,sector,DeFi,,-0.060064174902251855,51.90752385846399,-0.0003428589379345648,,crypto,equal,0.0749168560183038
2026-04-25,sector,DeFi,,-0.006373937665569009,46.108466472642306,0.00981985282654911,,crypto,equal,0.1583384960208534
2026-04-26,sector,DeFi,,0.09055514175718915,55.49614721269652,0.02252121988540364,,crypto,equal,0.6402800275026138
2026-04-27,sector,DeFi,,0.08192541278733359,42.939673504406564,0.02936009328891856,,crypto,equal,0.5048056955844265
2026-04-28,sector,DeFi,,0.1315912296520546,45.941143275909596,0.03581933215472405,,crypto,equal,0.7566126807635043
2026-04-29,sector,DeFi,,0.03780342017363822,52.83478748281005,0.0324655046694271,,crypto,equal,0.756832437276805
2026-04-30,sector,DeFi,,-0.04019365719806714,42.139642065448484,0.024070582665445588,,crypto,equal,0.1821074414865553
2026-05-01,sector,DeFi,,0.1961959128950003,62.62976750776275,0.03296463561257863,,crypto,equal,1.2670243460596582
2026-05-02,sector,DeFi,,0.4942785523345192,68.62001621629982,0.05609081665056183,,crypto,equal,1.983438544884879
2026-05-03,sector,DeFi,,0.12564342423859634,61.382524271765945,0.04424889456254443,,crypto,equal,0.9951941585081446
2026-05-04,sector,DeFi,,0.03444420782908797,63.931872154317766,0.028714875565196692,,crypto,equal,0.7911242764829307
2026-05-05,sector,DeFi,,0.0298005192675783,55.75446565044794,0.01713936526540317,,crypto,equal,0.5555834464846887
2026-05-06,sector,DeFi,,0.16287146506151184,59.853578923473066,0.017401341063409445,,crypto,equal,1.0363560974324622
2026-05-07,sector,DeFi,,-0.24879639407098297,45.26488548713941,-0.009734528484367977,,crypto,equal,-0.2642933608079795
2026-05-08,sector,DeFi,,-0.0015027397385352975,51.34829645861182,-0.01054475829422831,,crypto,equal,0.2122031590269677
2026-05-09,sector,DeFi,,0.10094474376847612,52.41660878149916,-0.00403182414115758,,crypto,equal,0.6195975530713745
2026-05-10,sector,DeFi,,-0.2720905060949939,42.73705217050039,-0.02360529934637042,,crypto,equal,-0.5042102835967448
2026-05-11,sector,DeFi,,0.42019743109017815,55.31840111837423,0.009537081614571207,,crypto,equal,1.208534393841303
2026-05-12,sector,DeFi,,-0.024479384644830536,47.81732551716597,0.001403190256905838,,crypto,equal,0.12839580763398228
2026-05-13,sector,DeFi,,0.036187442539232104,49.97718895105392,7.117565157431418e-05,,crypto,equal,0.25012025949047223
2026-05-14,sector,DeFi,,0.1467854699937144,52.61531578153827,0.00625860235617922,,crypto,equal,0.7110475521215373
2026-05-15,sector,DeFi,,0.22988210098208134,50.49228630640667,0.015065374571027319,,crypto,equal,0.8575987299724983
2026-05-16,sector,DeFi,,-0.23134057363308017,39.878496362178865,-0.00971928723599231,,crypto,equal,-0.4341135259802189
2026-05-17,sector,DeFi,,0.10091129646817636,49.65147942072428,-0.003599312222855734,,crypto,equal,0.5072292547969187
2026-05-18,sector,DeFi,,0.30156816301367867,53.651612367242436,0.013180389087494627,,crypto,equal,1.0034007921013246
2026-05-19,sector,DeFi,,0.17623185051272622,51.937789170239284,0.014927616777805122,,crypto,equal,0.7913251770064121
2026-05-20,sector,DeFi,,0.10954977213993199,49.281750565861,0.010870341804691144,,crypto,equal,0.4135808894564016
2026-05-21,sector,DeFi,,0.07840130462102479,54.910812431704684,0.005630502396349914,,crypto,equal,0.4491917806881872
2026-05-22,sector,DeFi,,0.2321717176067328,53.608451002099045,0.011712393445985285,,crypto,equal,0.9029917367027938
2026-05-23,sector,DeFi,,,52.09264704808074,0.009369914756788226,,crypto,equal,
2026-03-24,sector,DePIN,,-0.14553673450269158,,0.0,,crypto,equal,
2026-03-25,sector,DePIN,,0.020426655104011315,100.0,0.010591395803960513,,crypto,equal,
2026-03-26,sector,DePIN,,0.29754036872037687,100.0,0.03433526891633051,,crypto,equal,
2026-03-27,sector,DePIN,,0.3008764153614485,100.0,0.04752805880135812,,crypto,equal,
2026-03-28,sector,DePIN,,0.06095468434889803,65.04305147567523,0.0377835771468357,,crypto,equal,
2026-03-29,sector,DePIN,,0.1564366234434955,69.31228327610532,0.03549184213739834,,crypto,equal,
2026-03-30,sector,DePIN,,-0.162017798174154,49.25104542186972,0.0114941362801778,,crypto,equal,
2026-03-31,sector,DePIN,,0.10405507224752257,59.133563227455674,0.012426516559473869,,crypto,equal,
2026-04-01,sector,DePIN,,0.06884487508474676,57.64799509317183,0.009680210872260786,,crypto,equal,
2026-04-02,sector,DePIN,,0.25662862809704307,62.65197669923885,0.01898103175837111,,crypto,equal,
2026-04-03,sector,DePIN,,0.13244509061798454,58.11141876399644,0.015392908511756863,,crypto,equal,
2026-04-04,sector,DePIN,,0.027289107818296188,54.751415093784715,0.005093550668409809,,crypto,equal,
2026-04-05,sector,DePIN,,0.11190692315501058,56.7631030357958,0.003226941573658347,,crypto,equal,
2026-04-06,sector,DePIN,,-0.1492667288394556,49.91383581259533,-0.015331291707540141,,crypto,equal,
2026-04-07,sector,DePIN,,0.4238068057462366,60.39880700846891,0.009895991205327706,,crypto,equal,
2026-04-08,sector,DePIN,,0.20238395601702588,53.257378584292084,0.010519273421556632,,crypto,equal,
2026-04-09,sector,DePIN,,0.3175421823929667,50.38011135943931,0.017144413586443613,,crypto,equal,
2026-04-10,sector,DePIN,,0.02311722375193302,45.247325209061295,0.0010063836499672324,,crypto,equal,
2026-04-11,sector,DePIN,,-0.06370995191907977,47.7489564050642,-0.01530706634309114,,crypto,equal,
2026-04-12,sector,DePIN,,0.17497849237503485,50.31834295413564,-0.01006675392099974,,crypto,equal,
2026-04-13,sector,DePIN,,-0.11953182924400706,50.73548315803362,-0.025596222041789934,,crypto,equal,-0.9849538257654453
2026-04-14,sector,DePIN,,0.09030530362611945,49.75724857854955,-0.021085090583721475,,crypto,equal,-0.602461091005528
2026-04-15,sector,DePIN,,0.0882672143436689,50.346964355073084,-0.017722705037990047,,crypto,equal,-0.5851269044681834
2026-04-16,sector,DePIN,,0.19476797773366172,48.86185667150804,-0.008289503340869697,,crypto,equal,-0.11392396549252296
2026-04-17,sector,DePIN,,0.22275308291593565,51.72250530657134,-0.0005375281369164597,,crypto,equal,0.06791706306163234
2026-04-18,sector,DePIN,,0.2298008623944968,54.01282616414786,0.004419369444520718,,crypto,equal,0.18174493042996243
2026-04-19,sector,DePIN,,0.22548716295756166,52.32460415989875,0.006629382080901754,,crypto,equal,0.18916700966141464
2026-04-20,sector,DePIN,,0.12048718512778037,55.89799292032483,0.0005611751671795312,,crypto,equal,-0.22922204577756253
2026-04-21,sector,DePIN,,0.5167059293149867,52.201428922778476,0.02160777491794892,,crypto,equal,0.9225513774771248
2026-04-22,sector,DePIN,,0.2742400071655231,51.68595730088915,0.017737500836519537,,crypto,equal,0.4673202212962203
2026-04-23,sector,DePIN,,0.2557523781582713,48.48133473756571,0.012706043181673898,,crypto,equal,0.15116716100048425
2026-04-24,sector,DePIN,,0.139634208077242,53.13886149975771,0.0009510227920693989,,crypto,equal,-0.12626842027106727
2026-04-25,sector,DePIN,,0.15304450798828623,56.079652622251075,-0.006137942090097645,,crypto,equal,-0.15829973719642595
2026-04-26,sector,DePIN,,0.16970188795486893,49.83094211194653,-0.009709487848662782,,crypto,equal,-0.3054732562556728
2026-04-27,sector,DePIN,,0.5174259645879269,69.73466078138057,0.010260875921997079,,crypto,equal,1.1254269337928589
2026-04-28,sector,DePIN,,0.2395343765175915,54.436431739001044,0.003991256253784499,,crypto,equal,0.08481432419081511
2026-04-29,sector,DePIN,,0.021851195773416585,48.24991126481625,-0.01456314984050746,,crypto,equal,-0.6997108503757591
2026-04-30,sector,DePIN,,-0.24535185947762803,39.30817160153323,-0.042971819782901946,,crypto,equal,-1.719144553771462
2026-05-01,sector,DePIN,,-0.1109855842751229,42.2909417074486,-0.05034256397503045,,crypto,equal,-1.5269813718299972
2026-05-02,sector,DePIN,,-0.0726195384824276,43.11399498018119,-0.05015252676945538,,crypto,equal,-1.4379979279334403
2026-05-03,sector,DePIN,,-0.18355247763320803,41.117586342325176,-0.054647105000934657,,crypto,equal,-1.661713547598498
2026-05-04,sector,DePIN,,0.08019253988996147,49.18142585049882,-0.037806672529267275,,crypto,equal,-0.7440870654395084
2026-05-05,sector,DePIN,,0.05630886709062116,38.980102142435655,-0.0267462939834894,,crypto,equal,-0.8734495671412945
2026-05-06,sector,DePIN,,0.24413342207930983,49.26002370389045,-0.006316859857367839,,crypto,equal,-0.22068192748597645
2026-05-07,sector,DePIN,,-0.07125347740662284,42.98629856605176,-0.013185409926661229,,crypto,equal,-1.1048311103723356
2026-05-08,sector,DePIN,,0.16453571243952025,50.508014777248206,-0.0015989243057451079,,crypto,equal,-0.2779987288114907
2026-05-09,sector,DePIN,,0.08095001814946799,48.57014362836588,0.000569322714644098,,crypto,equal,-0.4279673986740088
2026-05-10,sector,DePIN,,-0.07327923007742926,45.430300295882155,-0.007788867027496968,,crypto,equal,-0.9954678700414359
2026-05-11,sector,DePIN,,0.0846452095250405,41.23503956656184,-0.0023680017710666565,,crypto,equal,-0.5486037128723202
2026-05-12,sector,DePIN,,0.1611344652026993,48.271156745148076,0.006213531463906328,,crypto,equal,-0.21343220300627377
2026-05-13,sector,DePIN,,0.457239342491954,59.28004012375363,0.030327446017068774,,crypto,equal,0.6870637672687084
2026-05-14,sector,DePIN,,0.1606141954371764,58.545742516725355,0.025016897208702774,,crypto,equal,0.16721779559407807
2026-05-15,sector,DePIN,,0.10451275296599435,54.690888621179305,0.016834694905873127,,crypto,equal,-0.22715622891166806
2026-05-16,sector,DePIN,,0.3144626736896113,57.84020407886097,0.024221927170647063,,crypto,equal,0.48139247042621647
2026-05-17,sector,DePIN,,-0.12013727445993573,51.13556175125568,-0.0002083450468993546,,crypto,equal,-0.7553263838462037
2026-05-18,sector,DePIN,,0.10027295743953435,50.365243997839436,-0.0014988430996939672,,crypto,equal,-0.394605571744852
2026-05-19,sector,DePIN,,0.14805924030937365,51.65446727507386,0.0007688300629896064,,crypto,equal,-0.06728070014973828
2026-05-20,sector,DePIN,,0.13404429438186188,47.882084790358206,0.0012020584738235036,,crypto,equal,-0.15819515866350128
2026-05-21,sector,DePIN,,-0.05327938807848841,50.36371038438645,-0.010600116515003331,,crypto,equal,-0.7299079245613436
2026-05-22,sector,DePIN,,-0.06897977136201225,44.8127162924067,-0.01847575798063366,,crypto,equal,-0.9362064651197163
2026-05-23,sector,DePIN,,,46.54102869620019,-0.014780606384506928,,crypto,equal,
2026-03-24,sector,Ecosystem,,0.2302199446901718,,0.0,,crypto,equal,
2026-03-25,sector,Ecosystem,,0.20162454089676082,0.0,-0.0018248918660182189,,crypto,equal,
2026-03-26,sector,Ecosystem,,0.1352561225205801,0.0,-0.007104353000841352,,crypto,equal,
2026-03-27,sector,Ecosystem,,0.13001944266760487,0.0,-0.01035483615542471,,crypto,equal,
2026-03-28,sector,Ecosystem,,0.20652774001868932,43.29625781074285,-0.006922825281539827,,crypto,equal,
2026-03-29,sector,Ecosystem,,0.2026326527381661,42.36248663772374,-0.004597645944234007,,crypto,equal,
2026-03-30,sector,Ecosystem,,0.1615907732104189,34.51827601718689,-0.00544823944862689,,crypto,equal,
2026-03-31,sector,Ecosystem,,0.18381557019778091,40.485859816508665,-0.004194807195742108,,crypto,equal,
2026-04-01,sector,Ecosystem,,0.23569660465478867,50.92588848354035,0.0002138332572129177,,crypto,equal,
2026-04-02,sector,Ecosystem,,-0.04070423245236746,26.32412616851343,-0.014581680620207968,,crypto,equal,
2026-04-03,sector,Ecosystem,,0.11350005371097587,41.96538783071433,-0.01312493350498728,,crypto,equal,
2026-04-04,sector,Ecosystem,,0.14049734410357462,44.04512359116307,-0.009646088062130142,,crypto,equal,
2026-04-05,sector,Ecosystem,,0.21149689266189448,48.864379743096144,-0.0022520906839644424,,crypto,equal,
2026-04-06,sector,Ecosystem,,0.09111336972703162,42.637815456898124,-0.005000245029133467,,crypto,equal,
2026-04-07,sector,Ecosystem,,0.13593245135417628,45.23586953792364,-0.0034069999468672903,,crypto,equal,
2026-04-08,sector,Ecosystem,,0.16760319264835247,48.286305230947804,-7.501471378793673e-06,,crypto,equal,
2026-04-09,sector,Ecosystem,,0.1606562626585981,51.36090160681517,0.0018814418444999606,,crypto,equal,
2026-04-10,sector,Ecosystem,,0.15042461115356986,51.087457901437965,0.002510665480766068,,crypto,equal,
2026-04-11,sector,Ecosystem,,0.2393337704594011,51.72553275049422,0.008638548904372795,,crypto,equal,
2026-04-12,sector,Ecosystem,,0.13344479433582307,46.71347730586654,0.005440401061535937,,crypto,equal,
2026-04-13,sector,Ecosystem,,0.14752416634036308,49.31425037626099,0.004208229625853599,,crypto,equal,0.13604380430107493
2026-04-14,sector,Ecosystem,,0.20157859600250871,50.83988569560573,0.006814409961738854,,crypto,equal,0.7232137145896637
2026-04-15,sector,Ecosystem,,0.13960383448739783,45.49942311326382,0.004269531212794036,,crypto,equal,0.089711951382005
2026-04-16,sector,Ecosystem,,0.20958491774610097,64.53241677894127,0.0070408577865876155,,crypto,equal,1.0056395096637174
2026-04-17,sector,Ecosystem,,0.2432332794786222,58.75883534977833,0.010664284399209925,,crypto,equal,1.1980287174490125
2026-04-18,sector,Ecosystem,,0.049615150092804094,44.99109247702555,0.00010392220926788188,,crypto,equal,-0.4153419172090371
2026-04-19,sector,Ecosystem,,0.11348683821791994,44.5554681600281,-0.002360810629653435,,crypto,equal,-0.20072105070654434
2026-04-20,sector,Ecosystem,,0.07178478520045965,48.823431409600936,-0.006354243216806246,,crypto,equal,-0.47664225739328825
2026-04-21,sector,Ecosystem,,0.09632961798630005,47.52829001209463,-0.006854288762477463,,crypto,equal,-0.4344446752126433
2026-04-22,sector,Ecosystem,,0.07777425271994085,44.30024330696696,-0.00787346541411156,,crypto,equal,-0.6390097454946986
2026-04-23,sector,Ecosystem,,0.25817584921931075,55.07142462796704,0.0035503172589319894,,crypto,equal,0.9042694222700021
2026-04-24,sector,Ecosystem,,0.12103180887336203,48.64969181745553,0.0019011396217270722,,crypto,equal,-0.05961614688003184
2026-04-25,sector,Ecosystem,,0.17446235132686114,46.91937919604448,0.004302227919793259,,crypto,equal,0.45803526319503085
2026-04-26,sector,Ecosystem,,0.21940572686943963,54.332928295733886,0.008564638610836051,,crypto,equal,0.9530851521424799
2026-04-27,sector,Ecosystem,,0.18802774554074922,52.0066212433275,0.008880076267504347,,crypto,equal,0.8129088190779711
2026-04-28,sector,Ecosystem,,0.1404350389137374,46.951317354276476,0.005650066550550211,,crypto,equal,0.23512959025298283
2026-04-29,sector,Ecosystem,,0.2007847768277129,53.055498173356014,0.007242918546053866,,crypto,equal,0.8933596526202344
2026-04-30,sector,Ecosystem,,0.2784696007930358,53.41396851917743,0.012864923512317591,,crypto,equal,1.4189901143479295
2026-05-01,sector,Ecosystem,,0.20316986995743166,48.09315676853123,0.010925170062163526,,crypto,equal,0.9384477607925721
2026-05-02,sector,Ecosystem,,0.2638364269441594,61.67335662606811,0.012999688187626014,,crypto,equal,1.4880407886707534
2026-05-03,sector,Ecosystem,,0.14946935134747547,51.85848488468259,0.006281657859266914,,crypto,equal,0.442382672129796
2026-05-04,sector,Ecosystem,,0.2109673496933425,57.044676204735914,0.005613779748078138,,crypto,equal,0.9990763828624075
2026-05-05,sector,Ecosystem,,0.1540123285867391,52.82684512401836,0.0012008411966886153,,crypto,equal,0.35531786470968285
2026-05-06,sector,Ecosystem,,0.2219671385462909,56.7400892503993,0.002640621492666414,,crypto,equal,0.9642353926197884
2026-05-07,sector,Ecosystem,,0.1628341769019829,44.97353767145203,-0.000443166280147159,,crypto,equal,0.20047597706620288
2026-05-08,sector,Ecosystem,,0.23114511006012917,56.259537066374264,0.0019336000680784705,,crypto,equal,0.9647588379664477
2026-05-09,sector,Ecosystem,,0.2659799520995487,55.31480506667985,0.005467568936837822,,crypto,equal,1.1714735210836063
2026-05-10,sector,Ecosystem,,0.14304893539437064,45.93395348031016,-0.0005391167918279323,,crypto,equal,0.09265646365105637
2026-05-11,sector,Ecosystem,,0.1291691127174353,46.80622283250766,-0.005250198401861153,,crypto,equal,-0.07366431281049585
2026-05-12,sector,Ecosystem,,0.3019425642139141,57.7155331911683,0.003021484398161845,,crypto,equal,1.2841266953837946
2026-05-13,sector,Ecosystem,,0.16959096861616343,48.605727027387715,-0.00048235712015508303,,crypto,equal,0.2231586277861244
2026-05-14,sector,Ecosystem,,0.13692474143157082,43.40806849857818,-0.0048204052707993324,,crypto,equal,-0.13211995848232827
2026-05-15,sector,Ecosystem,,0.07449751780894887,43.93483816080493,-0.01134220091185774,,crypto,equal,-0.5814793428956202
2026-05-16,sector,Ecosystem,,0.15309516387273184,44.86681875596365,-0.009865114975681667,,crypto,equal,-0.2129542919715089
2026-05-17,sector,Ecosystem,,0.15729444013333657,50.4039744532499,-0.008177361876669963,,crypto,equal,-0.09400149154418481
2026-05-18,sector,Ecosystem,,0.18082591900089504,48.38044434298016,-0.005193667618971295,,crypto,equal,0.21109142191277677
2026-05-19,sector,Ecosystem,,0.04292735611093825,44.508843925763614,-0.011844363448747524,,crypto,equal,-0.8893060201157905
2026-05-20,sector,Ecosystem,,0.2873300387202388,52.751108034898294,0.0002395001914642027,,crypto,equal,0.8364570145194651
2026-05-21,sector,Ecosystem,,0.14748708407271094,49.39513969630456,-0.0010898381121664793,,crypto,equal,-0.10439400390188659
2026-05-22,sector,Ecosystem,,0.07130484069713765,43.73921319020141,-0.006691463594933909,,crypto,equal,-0.702820364373663
2026-05-23,sector,Ecosystem,,-0.04860520362854004,38.447910925066694,-0.017452584351016327,,crypto,equal,-1.5548807869087968
2026-03-24,sector,Enterprise Chain,,0.02439031112939118,,0.0,,crypto,equal,
2026-03-25,sector,Enterprise Chain,,0.502491865616031,100.0,0.030511324274930873,,crypto,equal,
2026-03-26,sector,Enterprise Chain,,,100.0,0.024409059419944697,,crypto,equal,
2026-03-27,sector,Enterprise Chain,,0.26868629226982593,100.0,0.030397011152421702,,crypto,equal,
2026-03-28,sector,Enterprise Chain,,0.1763998091687262,83.8204034763082,0.024331938921635328,,crypto,equal,
2026-03-29,sector,Enterprise Chain,,0.4968760241370648,89.64079175516244,0.039457079039426066,,crypto,equal,
2026-03-30,sector,Enterprise Chain,,0.047029036710659666,59.56374091899252,0.017820791070737627,,crypto,equal,
2026-03-31,sector,Enterprise Chain,,,59.56374091899252,0.014256632856590096,,crypto,equal,
2026-04-01,sector,Enterprise Chain,,0.38330096616119147,59.56374091899252,0.024306299511647325,,crypto,equal,
2026-04-02,sector,Enterprise Chain,,0.6124428610349696,65.46597522467326,0.04084195893306866,,crypto,equal,
2026-04-03,sector,Enterprise Chain,,0.4624602038796991,59.75684824693226,0.038932203468458534,,crypto,equal,
2026-04-04,sector,Enterprise Chain,,0.37069301283124834,56.72985052126779,0.029187772515642987,,crypto,equal,
2026-04-05,sector,Enterprise Chain,,0.4642869784414768,58.85552308498285,0.026806329065016968,,crypto,equal,
2026-04-06,sector,Enterprise Chain,,0.18503582216724757,51.331667133722306,0.005309501046041498,,crypto,equal,
2026-04-07,sector,Enterprise Chain,,,51.331667133722306,0.00424760083683319,,crypto,equal,
2026-04-08,sector,Enterprise Chain,,-0.1826310155853629,37.69527797737078,-0.040883720489103215,,crypto,equal,
2026-04-09,sector,Enterprise Chain,,0.31292065203379843,51.717365213458926,-0.029175151369491073,,crypto,equal,
2026-04-10,sector,Enterprise Chain,,0.47440794132096425,55.01645957915838,-0.010641197046577192,,crypto,equal,
2026-04-11,sector,Enterprise Chain,,0.4519006694585085,56.69024516348534,-0.0005186536265963521,,crypto,equal,
2026-04-12,sector,Enterprise Chain,,0.20089005065049975,44.051836172310686,-0.010780227717304955,,crypto,equal,
2026-04-13,sector,Enterprise Chain,,0.45514412598639725,60.833119145748604,-0.001010860378057185,,crypto,equal,
2026-04-14,sector,Enterprise Chain,,0.20483444493222983,54.15120996164326,-0.011396389617974033,,crypto,equal,
2026-04-15,sector,Enterprise Chain,,0.26269129064850977,55.28642206476688,-0.014177748481963043,,crypto,equal,-0.47352915313686605
2026-04-16,sector,Enterprise Chain,,0.6446769200608135,58.03156401413477,0.008670298464241714,,crypto,equal,0.5258013661116219
2026-04-17,sector,Enterprise Chain,,0.5520587937913835,59.40026819873118,0.016076763781928655,,crypto,equal,0.49358502179739794
2026-04-18,sector,Enterprise Chain,,0.4078574762280498,58.14671973071312,0.010087924780161572,,crypto,equal,0.02997626510790624
2026-04-19,sector,Enterprise Chain,,0.5495521041572093,58.94158213087816,0.014239332292811505,,crypto,equal,0.5076634942103448
2026-04-20,sector,Enterprise Chain,,0.33917191276406095,60.58914652649499,0.0020277794529970916,,crypto,equal,-0.09157748751190113
2026-04-21,sector,Enterprise Chain,,-0.08470655148569495,51.69552325180234,-0.03342919287638986,,crypto,equal,-1.202436280492298
2026-04-22,sector,Enterprise Chain,,0.09975889423899348,54.59588885363293,-0.042697951698986464,,crypto,equal,-1.0226189495486038
2026-04-23,sector,Enterprise Chain,,0.22136638497057368,48.30345544351482,-0.038980692563340184,,crypto,equal,-0.946321600534728
2026-04-24,sector,Enterprise Chain,,0.5722853275964657,51.694735746680955,-0.01259594778894528,,crypto,equal,0.007622734606379217
2026-04-25,sector,Enterprise Chain,,0.413697876479472,49.36829178845579,-0.005873593114076439,,crypto,equal,-0.20249303927520637
2026-04-26,sector,Enterprise Chain,,0.40951280098296705,53.75633786757261,-0.001960654563205079,,crypto,equal,-0.1052670261362956
2026-04-27,sector,Enterprise Chain,,0.07685698345307258,43.37580697985167,-0.02097149297675774,,crypto,equal,-1.1219094985455995
2026-04-28,sector,Enterprise Chain,,0.33189384659094034,52.22126206655635,-0.015800958923144107,,crypto,equal,-0.3791247099951155
2026-04-29,sector,Enterprise Chain,,0.4388739457140987,53.028030472748405,-0.005157680227367723,,crypto,equal,-0.12412351654756568
2026-04-30,sector,Enterprise Chain,,0.44153496535867914,45.985132045876725,0.0017122259816145166,,crypto,equal,-0.1687746732677535
2026-05-01,sector,Enterprise Chain,,0.45181752660049956,47.952199822694894,0.006339410052855668,,crypto,equal,-0.0672000749458321
2026-05-02,sector,Enterprise Chain,,0.41700300359292425,50.19557198953627,0.00642589534220904,,crypto,equal,-0.06670123356788366
2026-05-03,sector,Enterprise Chain,,,46.982656957943426,0.005140716273767228,,crypto,equal,
2026-05-04,sector,Enterprise Chain,,0.17631566089271566,51.95942096023869,-0.013424758902031184,,crypto,equal,-0.7689010527166624
2026-05-05,sector,Enterprise Chain,,0.28978114476684713,68.35619263670765,-0.01462624209044681,,crypto,equal,-0.3458485644974626
2026-05-06,sector,Enterprise Chain,,0.39789551392511696,66.84551664702866,-0.007935039142038112,,crypto,equal,0.042006533537961854
2026-05-07,sector,Enterprise Chain,,0.3018580565761868,60.204324825593744,-0.009658024417552528,,crypto,equal,-0.4481556626497526
2026-05-08,sector,Enterprise Chain,,0.28004350071075773,47.928932067207526,-0.01180579336095628,,crypto,equal,-0.7209004810342531
2026-05-09,sector,Enterprise Chain,,0.13014225404631347,48.265774832438325,-0.022254504462725328,,crypto,equal,-1.0535054571383853
2026-05-10,sector,Enterprise Chain,,0.018212043796665967,44.395547226491004,-0.03488440123773137,,crypto,equal,-1.400409945626688
2026-05-11,sector,Enterprise Chain,,0.1743276308650896,64.48643439316396,-0.0310337776894811,,crypto,equal,-0.7861710968829235
2026-05-12,sector,Enterprise Chain,,0.39128136164295485,63.28857526258871,-0.013102058873220404,,crypto,equal,-0.138827061241581
2026-05-13,sector,Enterprise Chain,,0.32363085193680596,55.75568963699208,-0.00541750816807153,,crypto,equal,-0.32508095632974154
2026-05-14,sector,Enterprise Chain,,0.13670927072369493,47.48279982334321,-0.01215777430805326,,crypto,equal,-1.01909160105242
2026-05-15,sector,Enterprise Chain,,0.00563766641587019,42.63357240539542,-0.023993975225323316,,crypto,equal,-1.385362245645283
2026-05-16,sector,Enterprise Chain,,0.1590436068560742,49.42935587713516,-0.020194356688432544,,crypto,equal,-0.9922314702695502
2026-05-17,sector,Enterprise Chain,,0.16973753470506234,49.784193002681576,-0.01585521193460707,,crypto,equal,-0.7389140880628331
2026-05-18,sector,Enterprise Chain,,0.33741555037036536,54.7613266618504,-0.0013508727622961285,,crypto,equal,-0.2783129268200647
2026-05-19,sector,Enterprise Chain,,0.26196436426470054,49.15897354459954,0.0032516131616855577,,crypto,equal,-0.4611957277764601
2026-05-20,sector,Enterprise Chain,,0.022089024076675276,39.476160688939935,-0.009094037089853863,,crypto,equal,-1.2873169462775742
2026-05-21,sector,Enterprise Chain,,0.2772340744066425,49.366865301129664,0.00019650064518387383,,crypto,equal,-0.4230943018809348
2026-05-22,sector,Enterprise Chain,,,49.92694416548089,0.00015720051614710046,,crypto,equal,
2026-05-23,sector,Enterprise Chain,,,54.14835657273569,0.00012576041291768175,,crypto,equal,
2026-03-24,sector,Exchange Chain,,0.5026837769849867,,0.0,,crypto,equal,
2026-03-25,sector,Exchange Chain,,0.15716786107416847,0.0,-0.022050018565248797,,crypto,equal,
2026-03-26,sector,Exchange Chain,,0.2460413355672594,20.45940265954782,-0.028992690642903305,,crypto,equal,
2026-03-27,sector,Exchange Chain,,0.14962615514200622,16.743162997685374,-0.03786103315975151,,crypto,equal,
2026-03-28,sector,Exchange Chain,,0.43193759504918633,45.649687067917036,-0.02321571434423018,,crypto,equal,
2026-03-29,sector,Exchange Chain,,0.14829373977323992,33.84377254337933,-0.030665251408227227,,crypto,equal,
2026-03-30,sector,Exchange Chain,,0.1734869474283313,35.32929597132818,-0.03179374687887577,,crypto,equal,
2026-03-31,sector,Exchange Chain,,0.12950098156082843,33.99647053704332,-0.03324356719911515,,crypto,equal,
2026-04-01,sector,Exchange Chain,,0.17607743466226228,36.53186931192941,-0.028963534910676852,,crypto,equal,
2026-04-02,sector,Exchange Chain,,0.15854722691304776,36.011229096444275,-0.025341631953646387,,crypto,equal,
2026-04-03,sector,Exchange Chain,,0.10205243560716823,34.429897699873024,-0.0247509678382839,,crypto,equal,
2026-04-04,sector,Exchange Chain,,0.03076156931023838,32.62220838772231,-0.02697902757026764,,crypto,equal,
2026-04-05,sector,Exchange Chain,,0.36688341342506353,45.99161407200278,-0.004795392179938379,,crypto,equal,
2026-04-06,sector,Exchange Chain,,0.4088296519243655,47.29667160247348,0.012763447722308363,,crypto,equal,
2026-04-07,sector,Exchange Chain,,0.18296052443574493,41.85114753723599,0.00938265053655847,,crypto,equal,
2026-04-08,sector,Exchange Chain,,0.1484816845818252,49.736899170632555,0.005247217542964089,,crypto,equal,
2026-04-09,sector,Exchange Chain,,0.07357630878829521,44.73152236049232,-0.0017363068743490029,,crypto,equal,
2026-04-10,sector,Exchange Chain,,0.2475153923819804,52.85510011768904,0.005745757516980407,,crypto,equal,
2026-04-11,sector,Exchange Chain,,0.22366788138916277,42.84701295855061,0.009266976405032545,,crypto,equal,
2026-04-12,sector,Exchange Chain,,0.27768981452995145,55.276297595165985,0.01506935064695239,,crypto,equal,
2026-04-13,sector,Exchange Chain,,0.21526024666012972,51.6531600940065,0.014531329984725061,,crypto,equal,0.5344346530899554
2026-04-14,sector,Exchange Chain,,0.14986035543273435,50.792284953206774,0.009824797624706227,,crypto,equal,0.12206032486544466
2026-04-15,sector,Exchange Chain,,0.2771911845912583,53.70215647851829,0.015029478713277228,,crypto,equal,0.7625354408397849
2026-04-16,sector,Exchange Chain,,0.19940387626054518,51.43269877249846,0.013049062832989372,,crypto,equal,0.5158930125425736
2026-04-17,sector,Exchange Chain,,0.18779250914393816,53.10432037320871,0.010862436559476232,,crypto,equal,0.5040731117824653
2026-04-18,sector,Exchange Chain,,0.23164385652606373,57.42062473038915,0.012175931347065932,,crypto,equal,0.7185282281910373
2026-04-19,sector,Exchange Chain,,0.16557925563739712,40.71032245898278,0.008572048194506306,,crypto,equal,0.008041367403070251
2026-04-20,sector,Exchange Chain,,0.1516371259479644,37.81631149026354,0.0053817662370506045,,crypto,equal,-0.10647603751382373
2026-04-21,sector,Exchange Chain,,0.05102303436368676,42.90829372434889,-0.0029255069126960243,,crypto,equal,-0.36531749888436993
2026-04-22,sector,Exchange Chain,,0.16218934248052316,50.68067849112677,-0.0004825318502305678,,crypto,equal,0.3114694507796887
2026-04-23,sector,Exchange Chain,,0.27250285840052413,59.54249404682277,0.008517102317102052,,crypto,equal,0.8832110387517317
2026-04-24,sector,Exchange Chain,,0.14115521514639365,44.68054448395175,0.005712884880553229,,crypto,equal,0.005637926445864597
2026-04-25,sector,Exchange Chain,,0.12231151076310004,44.90530306050094,0.0028239613778531375,,crypto,equal,-0.0677515013245204
2026-04-26,sector,Exchange Chain,,0.2514476139501017,48.77354372487717,0.009470677129764786,,crypto,equal,0.6622504679311798
2026-04-27,sector,Exchange Chain,,0.14866263331899793,47.00063123712325,0.006923467659311865,,crypto,equal,0.11121341508270621
2026-04-28,sector,Exchange Chain,,0.16225577276223474,50.585580535304786,0.006158412664283186,,crypto,equal,0.42264271894784644
2026-04-29,sector,Exchange Chain,,0.24700117242582287,48.51398092950556,0.011077217769842253,,crypto,equal,0.6957004448377168
2026-04-30,sector,Exchange Chain,,0.28399531478904283,54.33798478766661,0.016228083474953754,,crypto,equal,0.9916244494900389
2026-05-01,sector,Exchange Chain,,0.16872802767479655,49.11629226004482,0.011500427572806768,,crypto,equal,0.2972418484257102
2026-05-02,sector,Exchange Chain,,0.17599211136600934,47.32976842300631,0.008622391268912455,,crypto,equal,0.2597987173719938
2026-05-03,sector,Exchange Chain,,0.3905236754670811,59.44712678536346,0.02026220632619462,,crypto,equal,1.4719980976366027
2026-05-04,sector,Exchange Chain,,0.38961528627506925,60.10514089292277,0.026596294840966254,,crypto,equal,1.5205816233517533
2026-05-05,sector,Exchange Chain,,0.29419810026224624,60.3715890364284,0.02318086440222493,,crypto,equal,1.211480871599662
2026-05-06,sector,Exchange Chain,,0.22058057193412411,52.57283431256732,0.015172036216804085,,crypto,equal,0.5661824436494589
2026-05-07,sector,Exchange Chain,,0.21011265812665342,46.985744954680605,0.008699472050276177,,crypto,equal,0.3623862778164133
2026-05-08,sector,Exchange Chain,,0.2054895163485023,53.5418787875284,0.0038822827573581947,,crypto,equal,0.43824578287959604
2026-05-09,sector,Exchange Chain,,0.2994479602333627,59.00715822041667,0.006637573372786235,,crypto,equal,1.0457506869115465
2026-05-10,sector,Exchange Chain,,0.2513898381966909,49.99679817403813,0.0049164169716094126,,crypto,equal,0.4886336815275243
2026-05-11,sector,Exchange Chain,,0.0797798776932718,46.45320485076294,-0.0074162590338518785,,crypto,equal,-0.21726857767859353
2026-05-12,sector,Exchange Chain,,0.19828658279801412,51.67434103506837,-0.007222059704817955,,crypto,equal,0.23717285539334496
2026-05-13,sector,Exchange Chain,,0.36673378211488566,55.16234952840366,0.004017108353703859,,crypto,equal,1.0961302177633396
2026-05-14,sector,Exchange Chain,,0.2556367218661014,48.85073848720216,0.0037408556921598463,,crypto,equal,0.6157121661079483
2026-05-15,sector,Exchange Chain,,0.18292556473177704,50.595924995776926,-0.0012973854714693578,,crypto,equal,0.18487821145749153
2026-05-16,sector,Exchange Chain,,0.18339116126039462,50.31234908623742,-0.0043833093776082105,,crypto,equal,0.14383866739311638
2026-05-17,sector,Exchange Chain,,0.13443148104333139,37.43226794937275,-0.009228004665742306,,crypto,equal,-0.34643162806268424
2026-05-18,sector,Exchange Chain,,0.20645806541922743,41.59803269431432,-0.007179003600948808,,crypto,equal,0.17211156944942152
2026-05-19,sector,Exchange Chain,,0.1293445772758304,42.30851548582748,-0.010417987845270748,,crypto,equal,-0.2956737877793221
2026-05-20,sector,Exchange Chain,,0.16446980540963074,47.28453443034782,-0.009615028565445816,,crypto,equal,-0.0837142989411444
2026-05-21,sector,Exchange Chain,,0.1401378443706995,46.658427911344546,-0.01009325415756758,,crypto,equal,-0.19669852316451797
2026-05-22,sector,Exchange Chain,,0.3245066320529293,54.850793059591844,0.001992366557281645,,crypto,equal,0.8654043815461767
2026-05-23,sector,Exchange Chain,,,51.10602911163271,0.0015938932458253174,,crypto,equal,
2026-03-24,sector,Exchanges,,0.1708787142811775,,0.0,,crypto,equal,
2026-03-25,sector,Exchanges,,0.13026807061516782,0.0,-0.002591676404896326,,crypto,equal,
2026-03-26,sector,Exchanges,,0.16424577300494997,45.553634296123064,-0.0019059444635062038,,crypto,equal,
2026-03-27,sector,Exchanges,,0.21751741735771277,68.23819277926945,0.0020336946687756945,,crypto,equal,
2026-03-28,sector,Exchanges,,0.10249622739954883,35.92264604890751,-0.0029383933281092647,,crypto,equal,
2026-03-29,sector,Exchanges,,0.20251495683634205,54.61304328911791,0.0004945083041667591,,crypto,equal,
2026-03-30,sector,Exchanges,,0.1133652793336791,43.34411643509554,-0.003057876655311159,,crypto,equal,
2026-03-31,sector,Exchanges,,0.11558847203775913,43.63415751706649,-0.004964109401045972,,crypto,equal,
2026-04-01,sector,Exchanges,,0.04098502138665638,37.23720179210319,-0.0106302206484624,,crypto,equal,
2026-04-02,sector,Exchanges,,0.24048501525309163,54.91308845227788,-0.0008390540887730788,,crypto,equal,
2026-04-03,sector,Exchanges,,0.2170238838342104,53.15269295684841,0.003900219849106889,,crypto,equal,
2026-04-04,sector,Exchanges,,0.15531789472177393,49.01953562736737,0.002775037930947008,,crypto,equal,
2026-04-05,sector,Exchanges,,0.1752391592486491,50.268016882116775,0.0032360483493718006,,crypto,equal,
2026-04-06,sector,Exchanges,,0.2477393783972152,54.33768145321411,0.008015176907956056,,crypto,equal,
2026-04-07,sector,Exchanges,,0.1619473186517807,49.540451128503584,0.005130176795899777,,crypto,equal,
2026-04-08,sector,Exchanges,,0.1408683516348011,50.556605773924574,0.0017108314707425577,,crypto,equal,
2026-04-09,sector,Exchanges,,0.19818168193489683,51.73930254001108,0.00313473059523373,,crypto,equal,
2026-04-10,sector,Exchanges,,0.2760170366505318,52.92461670332598,0.008822161336431192,,crypto,equal,
2026-04-11,sector,Exchanges,,-0.01152885538144451,45.13814200754339,-0.00645413848128386,,crypto,equal,
2026-04-12,sector,Exchanges,,0.1714556962363171,48.763185420663945,-0.004026425643089073,,crypto,equal,
2026-04-13,sector,Exchanges,,0.0964670390138298,49.319417409596,-0.0070835158517025855,,crypto,equal,-0.598922580488379
2026-04-14,sector,Exchanges,,0.1815116706617501,52.489028867910434,-0.0031890212371845886,,crypto,equal,0.16202256947583799
2026-04-15,sector,Exchanges,,0.3003008993073236,59.47472476615799,0.007019205998185154,,crypto,equal,1.2349192244244118
2026-04-16,sector,Exchanges,,0.30284676135164984,52.66160333181635,0.013215248101902784,,crypto,equal,1.329478107469338
2026-04-17,sector,Exchanges,,0.2572225841624611,51.683827779003316,0.013467503935010354,,crypto,equal,1.1217013844532728
2026-04-18,sector,Exchanges,,0.32751570811089453,57.161437512295066,0.017347962205358183,,crypto,equal,1.5357691229168366
2026-04-19,sector,Exchanges,,0.23904080068360992,52.51027270410552,0.013127343072395745,,crypto,equal,0.7842779090849333
2026-04-20,sector,Exchanges,,0.23001892597019657,49.2661321263538,0.009090964456957631,,crypto,equal,0.5837351089386983
2026-04-21,sector,Exchanges,,0.06393599583793654,46.19410007360344,-0.0046623319150853725,,crypto,equal,-0.425167088052562
2026-04-22,sector,Exchanges,,0.06225545100662461,46.900672337003485,-0.013282631013436573,,crypto,equal,-0.6575745067250011
2026-04-23,sector,Exchanges,,0.13720900879176273,47.62911895087758,-0.013312893339590914,,crypto,equal,-0.4345529340718409
2026-04-24,sector,Exchanges,,0.05787132892459846,41.5274508816013,-0.017773664190119484,,crypto,equal,-1.028858646228294
2026-04-25,sector,Exchanges,,0.07915315386048873,54.44039240993694,-0.018315739464500193,,crypto,equal,-0.7304647338797211
2026-04-26,sector,Exchanges,,0.2256285989391346,52.75102621958276,-0.00834192615036105,,crypto,equal,0.13795906231351673
2026-04-27,sector,Exchanges,,0.10387150485473785,50.35896511149273,-0.009398762442596981,,crypto,equal,-0.6212624936354542
2026-04-28,sector,Exchanges,,0.12441261912025925,47.047189404607494,-0.008211434201024184,,crypto,equal,-0.625739624827907
2026-04-29,sector,Exchanges,,-0.000747423113546232,34.53354976756444,-0.014959340718514444,,crypto,equal,-1.520470711451947
2026-04-30,sector,Exchanges,,0.2236634863075202,46.68715624800514,-0.003984265405315534,,crypto,equal,-0.020192516831114865
2026-05-01,sector,Exchanges,,0.22296757955858723,48.510868163927604,0.0031671898141654928,,crypto,equal,0.1779086301212417
2026-05-02,sector,Exchanges,,0.2895033425873534,48.34211237832745,0.011830532368440666,,crypto,equal,0.629813262358029
2026-05-03,sector,Exchanges,,0.07471323828725145,43.54426174836324,0.0030068260811051814,,crypto,equal,-0.6100546627167646
2026-05-04,sector,Exchanges,,0.06481341656298363,43.514244888876306,-0.003246104367579562,,crypto,equal,-0.7749006161158395
2026-05-05,sector,Exchanges,,0.1715263894218619,54.4303858062865,-0.00011057872818592655,,crypto,equal,0.1442497581560627
2026-05-06,sector,Exchanges,,0.16334830935348105,54.14067124362511,0.001413253307288434,,crypto,equal,0.14548930694216922
2026-05-07,sector,Exchanges,,0.03631513619077836,46.03656955834703,-0.005741250242062257,,crypto,equal,-0.8804131033260922
2026-05-08,sector,Exchanges,,0.05416868059079712,49.8471654634502,-0.008700698206668963,,crypto,equal,-0.8006883514534963
2026-05-09,sector,Exchanges,,0.10462911716934531,51.02683888688773,-0.0067749011155581705,,crypto,equal,-0.3713351768285079
2026-05-10,sector,Exchanges,,0.18986212055080673,48.48352277052334,0.000346464816176853,,crypto,equal,0.015287409814412178
2026-05-11,sector,Exchanges,,0.12699423974833027,51.03192151148779,0.0008987567713314559,,crypto,equal,-0.1238619168892286
2026-05-12,sector,Exchanges,,0.08434784029676919,48.246584289358346,-0.0014068323845655498,,crypto,equal,-0.6003176695676848
2026-05-13,sector,Exchanges,,0.185947362565371,58.34265183281604,0.003825820933829365,,crypto,equal,0.36963938082139225
2026-05-14,sector,Exchanges,,0.3152986819249434,54.4749956561066,0.015271329298880785,,crypto,equal,1.0258624334275497
2026-05-15,sector,Exchanges,,0.1634728632977114,47.46828374580287,0.012032067869071676,,crypto,equal,0.07944396523421768
2026-05-16,sector,Exchanges,,0.1871043077388116,45.47740811916171,0.010928333772238513,,crypto,equal,0.3396344916418822
2026-05-17,sector,Exchanges,,0.0837312447140481,50.44177048047444,0.0030909275568392442,,crypto,equal,-0.24347653354261328
2026-05-18,sector,Exchanges,,0.21433660510366725,56.550151312449955,0.006368747411854522,,crypto,equal,0.7020117487803937
2026-05-19,sector,Exchanges,,0.17430486734291514,50.129268714459606,0.005537370268753332,,crypto,equal,0.3805070845985612
2026-05-20,sector,Exchanges,,0.13940395385586649,48.91301709343813,0.002488826650903991,,crypto,equal,-0.036437352229075126
2026-05-21,sector,Exchanges,,0.11666461122168718,54.02907835699095,-0.0010191337649300405,,crypto,equal,-0.05470106616798705
2026-05-22,sector,Exchanges,,0.12331814374737442,53.50685040146049,-0.00275304721014391,,crypto,equal,-0.09720915060117874
2026-05-23,sector,Exchanges,,,50.99892244460931,-0.002202437768115128,,crypto,equal,
2026-03-24,sector,Fintech,,0.007143552381548406,,0.0,,crypto,equal,
2026-03-25,sector,Fintech,,0.044460134602217746,100.0,0.002381457098982888,,crypto,equal,
2026-03-26,sector,Fintech,,0.10624926970904675,100.0,0.007687078785218594,,crypto,equal,
2026-03-27,sector,Fintech,,0.14873627649840626,100.0,0.013298043584928353,,crypto,equal,
2026-03-28,sector,Fintech,,0.01188392395158374,50.85122201240444,0.007330927611564642,,crypto,equal,
2026-03-29,sector,Fintech,,0.15787459117040467,67.7566381909842,0.012453373075508308,,crypto,equal,
2026-03-30,sector,Fintech,,0.08381629770875332,57.69043755625418,0.010186619399759874,,crypto,equal,
2026-03-31,sector,Fintech,,-0.06531083514755945,44.406113414522856,-0.0014066494926800455,,crypto,equal,
2026-04-01,sector,Fintech,,0.36520743084061325,66.6056386790222,0.018756962109636132,,crypto,equal,
2026-04-02,sector,Fintech,,0.19473851708743503,57.51216202881505,0.019371812627820527,,crypto,equal,
2026-04-03,sector,Fintech,,-0.23200940785477664,42.86262379466481,-0.008697633118326095,,crypto,equal,
2026-04-04,sector,Fintech,,0.1809141842428109,54.16061646259199,0.00033130492972225853,,crypto,equal,
2026-04-05,sector,Fintech,,0.16172429088497126,53.66744855400735,0.004562251115928624,,crypto,equal,
2026-04-06,sector,Fintech,,0.07951092008509347,51.65246209998181,0.0015317063761354568,,crypto,equal,
2026-04-07,sector,Fintech,,-0.1884174590366204,46.021319671525376,-0.01774672307026096,,crypto,equal,
2026-04-08,sector,Fintech,,0.2603615680639764,53.762563057583336,-0.0004193640716518045,,crypto,equal,
2026-04-09,sector,Fintech,,0.2042110003752519,51.71056296723546,0.00672099384520046,,crypto,equal,
2026-04-10,sector,Fintech,,0.15875091107452974,50.17468959291948,0.007768950329455869,,crypto,equal,
2026-04-11,sector,Fintech,,0.08310875286947123,51.26951505585158,0.002999515878661943,,crypto,equal,
2026-04-12,sector,Fintech,,0.1347205846223024,49.57293344213919,0.002948090973559067,,crypto,equal,
2026-04-13,sector,Fintech,,-0.014583749171995869,48.2340679434796,-0.006972200776924488,,crypto,equal,-0.6061337725976178
2026-04-14,sector,Fintech,,0.14738564866836143,53.79963369888501,-0.0026774155716731106,,crypto,equal,0.10261465842580961
2026-04-15,sector,Fintech,,0.16587428930806544,45.82439631438774,0.0011514603847115334,,crypto,equal,0.12984802334961504
2026-04-16,sector,Fintech,,0.20476988787494052,50.22239501206975,0.005787297414921521,,crypto,equal,0.4128602341681592
2026-04-17,sector,Fintech,,0.3783495582394454,65.24269076207497,0.01926793616940696,,crypto,equal,1.3155366884545887
2026-04-18,sector,Fintech,,0.017643265227079263,45.81339281392483,0.003444850415860033,,crypto,equal,-0.2588434778077671
2026-04-19,sector,Fintech,,0.1313025661125392,49.255970124921724,0.00034928263689072703,,crypto,equal,-0.031352995772826894
2026-04-20,sector,Fintech,,0.06359598016784862,49.607983594528704,-0.006181791949955398,,crypto,equal,-0.34884183102493915
2026-04-21,sector,Fintech,,0.27088974323395815,61.66199928340141,0.0030401634519932157,,crypto,equal,0.7006183740903275
2026-04-22,sector,Fintech,,0.19106596840003076,47.83490764783382,0.003322283065954841,,crypto,equal,0.32923181864693774
2026-04-23,sector,Fintech,,0.01393197343613932,44.47273157821709,-0.0082313854443513,,crypto,equal,-0.6189146916063489
2026-04-24,sector,Fintech,,0.2939975290485587,53.45743490848072,0.0025983339499453077,,crypto,equal,0.600437011856111
2026-04-25,sector,Fintech,,0.08288078784222404,49.99454982595841,-0.004462213361577164,,crypto,equal,-0.313338892779635
2026-04-26,sector,Fintech,,0.2895822002442979,53.446815107199136,0.004308441055588152,,crypto,equal,0.6252315240835563
2026-04-27,sector,Fintech,,0.20238721659335193,54.966520587359334,0.003776412608375586,,crypto,equal,0.45666442886530223
2026-04-28,sector,Fintech,,0.12795719943527598,49.53671110222456,-0.001752444292913432,,crypto,equal,-0.14495654051485343
2026-04-29,sector,Fintech,,0.08114726984102737,48.0065334120959,-0.008356741012005963,,crypto,equal,-0.4836021441755948
2026-04-30,sector,Fintech,,0.15159459053546284,48.767189381569594,-0.007786763944800323,,crypto,equal,-0.3361560651170512
2026-05-01,sector,Fintech,,0.18910923600294813,45.31723453957363,-0.004833908982947464,,crypto,equal,-0.06078404517378802
2026-05-02,sector,Fintech,,0.14728270681069316,53.809060673998864,-0.005594656812170213,,crypto,equal,-0.2634575240896396
2026-05-03,sector,Fintech,,0.07529171577585485,48.312983354889305,-0.01055541339866663,,crypto,equal,-0.7065298167600467
2026-05-04,sector,Fintech,,-0.049467494544779,46.7077371522326,-0.021232089605366936,,crypto,equal,-1.33706524395604
2026-05-05,sector,Fintech,,0.0796990392667416,44.16739335854135,-0.018678364484423397,,crypto,equal,-1.0443037323455406
2026-05-06,sector,Fintech,,0.2568610923098425,51.894671691027675,-0.004860416935470694,,crypto,equal,-0.0033110171013260997
2026-05-07,sector,Fintech,,0.2214831540703106,56.50808618126819,0.00174063952538711,,crypto,equal,0.14011463483716025
2026-05-08,sector,Fintech,,0.08857000420381783,42.903623774763126,-0.002756186436333131,,crypto,equal,-0.7261438799606686
2026-05-09,sector,Fintech,,0.17551710337602516,53.50035475671774,6.403031517863023e-05,,crypto,equal,-0.05392239273939514
2026-05-10,sector,Fintech,,0.1756115192811428,44.896689624368285,0.0017797059819276073,,crypto,equal,-0.1647297569935263
2026-05-11,sector,Fintech,,0.3492675279148405,56.10426477166617,0.013785377208273901,,crypto,equal,0.772373578615522
2026-05-12,sector,Fintech,,0.21802655298368437,53.5744450920924,0.012122028317603974,,crypto,equal,0.427055390222686
2026-05-13,sector,Fintech,,0.39837753418142,61.38292559698523,0.02183584007786807,,crypto,equal,1.2824368924356706
2026-05-14,sector,Fintech,,0.1209643624761266,49.0430528053126,0.008908214543905623,,crypto,equal,-0.03525247893651162
2026-05-15,sector,Fintech,,0.13356406883858749,48.237219588674066,0.0009547029762612194,,crypto,equal,-0.17799827313876296
2026-05-16,sector,Fintech,,0.20359907929261647,51.75581835989141,0.00019901686361609855,,crypto,equal,0.04415688957846364
2026-05-17,sector,Fintech,,0.13308555575540393,51.80354406099174,-0.0049755300761577595,,crypto,equal,-0.25930034131286617
2026-05-18,sector,Fintech,,0.15639461411097197,56.858505579266584,-0.0066495968444708654,,crypto,equal,-0.1700172612880968
2026-05-19,sector,Fintech,,0.16981476508811794,53.25319721808537,-0.006657804300939964,,crypto,equal,-0.24246710009358582
2026-05-20,sector,Fintech,,0.2804321250958462,50.8938656614692,0.0005966201272932618,,crypto,equal,0.33752104585135384
2026-05-21,sector,Fintech,,0.1674096864456229,48.063455784742885,-0.002250696700555971,,crypto,equal,-0.2737091171370364
2026-05-22,sector,Fintech,,0.041857704798970025,48.318215538999254,-0.01207480456106982,,crypto,equal,-0.845781754828555
2026-05-23,sector,Fintech,,,44.86645974221126,-0.009659843648855857,,crypto,equal,
2026-03-24,sector,High Throughput,,0.168669445822453,,0.0,,crypto,equal,
2026-03-25,sector,High Throughput,,0.1986398478369337,100.0,0.0019126410402403814,,crypto,equal,
2026-03-26,sector,High Throughput,,0.27034061251637803,100.0,0.007582599586393686,,crypto,equal,
2026-03-27,sector,High Throughput,,0.16338114613499227,48.732616680132544,0.0038913825160795494,,crypto,equal,
2026-03-28,sector,High Throughput,,0.1845612627978922,53.45758781813783,0.0026949612083012687,,crypto,equal,
2026-03-29,sector,High Throughput,,0.11244021687333627,40.68842206139822,-0.0028354566553307307,,crypto,equal,
2026-03-30,sector,High Throughput,,0.10054494875685094,39.146172378313224,-0.006942494933127827,,crypto,equal,
2026-03-31,sector,High Throughput,,0.02644301618546781,31.66849720245817,-0.013896149378013384,,crypto,equal,
2026-04-01,sector,High Throughput,,0.12691362304484244,45.72523989544932,-0.011097001863418013,,crypto,equal,
2026-04-02,sector,High Throughput,,0.1669518724713229,49.83748577599421,-0.006163082520300811,,crypto,equal,
2026-04-03,sector,High Throughput,,0.14245569784367978,47.62957724735477,-0.004254163024575881,,crypto,equal,
2026-04-04,sector,High Throughput,,0.1297790229516265,46.56208566045773,-0.0035773345848360057,,crypto,equal,
2026-04-05,sector,High Throughput,,0.1385611522532064,47.37912000983421,-0.002330633193536817,,crypto,equal,
2026-04-06,sector,High Throughput,,0.1839037973253721,51.229101131035804,0.001546418065452089,,crypto,equal,
2026-04-07,sector,High Throughput,,0.20038836172568708,52.49276302714831,0.005023700339325693,,crypto,equal,
2026-04-08,sector,High Throughput,,0.16835352829635145,47.62752182978005,0.004960285626816758,,crypto,equal,
2026-04-09,sector,High Throughput,,0.07046275284406621,34.95970389002629,-0.0015331229207620548,,crypto,equal,
2026-04-10,sector,High Throughput,,0.055143642571245564,40.55245677061636,-0.006443306762025496,,crypto,equal,
2026-04-11,sector,High Throughput,,0.018156587699564523,35.865352849902195,-0.011471868083449101,,crypto,equal,
2026-04-12,sector,High Throughput,,0.032737530409204685,42.49646562835214,-0.012993924781034213,,crypto,equal,
2026-04-13,sector,High Throughput,,-0.007332445176960707,40.355615323345084,-0.015696461733665457,,crypto,equal,-1.3546900498494052
2026-04-14,sector,High Throughput,,0.23053859782508637,64.11361974474342,-0.0012239074909087475,,crypto,equal,0.4591852696292732
2026-04-15,sector,High Throughput,,0.11585614339806923,49.25009289609915,0.0007586349242134915,,crypto,equal,-0.16149432524966875
2026-04-16,sector,High Throughput,,0.17421913666418298,50.48090546358045,0.005850378871725882,,crypto,equal,0.2432837717622561
2026-04-17,sector,High Throughput,,0.18012234239369648,52.55544350675701,0.009262797191245016,,crypto,equal,0.4212293474113603
2026-04-18,sector,High Throughput,,0.22764302696115601,56.33971847235369,0.01407858061896739,,crypto,equal,0.8411658274152322
2026-04-19,sector,High Throughput,,0.24885335239451659,57.031603971009496,0.017810361196648788,,crypto,equal,1.0644953878117673
2026-04-20,sector,High Throughput,,0.14793811187720132,47.85876021028849,0.012832721956977475,,crypto,equal,0.24361832925220175
2026-04-21,sector,High Throughput,,0.20950974098774675,50.51537859330572,0.012997407230955337,,crypto,equal,0.7802690445680527
2026-04-22,sector,High Throughput,,0.16342634754816562,49.72595374875041,0.009476653054944615,,crypto,equal,0.326594788767149
2026-04-23,sector,High Throughput,,0.179892039434332,56.69256460487235,0.007800637872363831,,crypto,equal,0.6933594868802934
2026-04-24,sector,High Throughput,,0.20260504723413608,58.937730386714975,0.007749638712807747,,crypto,equal,0.838038283553356
2026-04-25,sector,High Throughput,,0.26940320238315557,64.69710349689203,0.011515589693574878,,crypto,equal,1.2838705701647688
2026-04-26,sector,High Throughput,,0.22476290545663188,60.85124422646496,0.01033852567313959,,crypto,equal,1.0104701934706215
2026-04-27,sector,High Throughput,,0.2667504892124141,65.45477552081377,0.011629804628364207,,crypto,equal,1.2734925727467974
2026-04-28,sector,High Throughput,,0.21710854137879565,49.03864555267261,0.008526412844454292,,crypto,equal,0.5360970020341195
2026-04-29,sector,High Throughput,,0.38200174511915996,67.77367341636699,0.01650291026623096,,crypto,equal,1.7653539978109802
2026-04-30,sector,High Throughput,,0.21117838418967647,52.14587973831963,0.00954366608080761,,crypto,equal,0.545361654407051
2026-05-01,sector,High Throughput,,0.26119277908314587,54.4776496645492,0.007659401203068798,,crypto,equal,0.9367045195935539
2026-05-02,sector,High Throughput,,0.2627440967737333,52.042399613102795,0.005944553622008009,,crypto,equal,0.6623119586069287
2026-05-03,sector,High Throughput,,0.23550305916756376,49.228610188134006,0.002574778973185733,,crypto,equal,0.45114507748219
2026-05-04,sector,High Throughput,,0.3837403736851329,62.9183736795673,0.009537127295941812,,crypto,equal,1.486534574961465
2026-05-05,sector,High Throughput,,0.066254137120508,43.870510420467916,-0.007132653730217715,,crypto,equal,-0.4178592470315984
2026-05-06,sector,High Throughput,,0.38156804657048465,57.58591484888404,0.0026593456078140842,,crypto,equal,1.212764434096755
2026-05-07,sector,High Throughput,,0.23381534685159808,51.71829384928426,-0.0010341269332608816,,crypto,equal,0.3493884655195866
2026-05-08,sector,High Throughput,,0.19997977941960846,49.916933314507204,-0.005714131821557,,crypto,equal,0.11813591337530158
2026-05-09,sector,High Throughput,,0.42403112160541195,54.449800579126986,0.005703621280038096,,crypto,equal,1.2511568244946922
2026-05-10,sector,High Throughput,,0.3210368315784393,52.6804941647862,0.00572831182356057,,crypto,equal,0.8824087644779107
2026-05-11,sector,High Throughput,,0.3524153006798357,52.3992854381004,0.007173056743834616,,crypto,equal,0.98192102040781
2026-05-12,sector,High Throughput,,0.29326558166294253,52.12169360126677,0.0036384819977484523,,crypto,equal,0.5436580118965187
2026-05-13,sector,High Throughput,,0.06622609120984481,41.49709461273664,-0.013554371429364588,,crypto,equal,-0.6103887835407175
2026-05-14,sector,High Throughput,,0.15959446077341646,48.55053633304144,-0.01792811729308777,,crypto,equal,-0.2924492591237515
2026-05-15,sector,High Throughput,,0.26274578852507186,50.04237288252115,-0.013372628555426827,,crypto,equal,0.2689745527760681
2026-05-16,sector,High Throughput,,0.21275719615464525,48.67125970768785,-0.01320182781878797,,crypto,equal,-0.1535006203782545
2026-05-17,sector,High Throughput,,0.3176086816247161,52.09602961785923,-0.0058765965633366946,,crypto,equal,0.5110336595519558
2026-05-18,sector,High Throughput,,0.2468910299139648,46.36247779069277,-0.005642125810909126,,crypto,equal,-0.04388443006097524
2026-05-19,sector,High Throughput,,0.3015263650364882,57.26943890662492,-0.0018517033969311127,,crypto,equal,0.5906165532987121
2026-05-20,sector,High Throughput,,0.15811390172570775,42.27511568115156,-0.00866590699168404,,crypto,equal,-0.48740168201989786
2026-05-21,sector,High Throughput,,0.2582436583960909,50.87324816352615,-0.006207626035456748,,crypto,equal,0.2199143559564563
2026-05-22,sector,High Throughput,,0.3755522787991566,55.922791598660666,0.003044064835475764,,crypto,equal,0.8118743435693807
2026-05-23,sector,High Throughput,,,48.07337026109336,0.00243525186838061,,crypto,equal,
2026-03-24,sector,Infrastructure,,0.18959875788127256,,0.0,,crypto,equal,
2026-03-25,sector,Infrastructure,,0.1573679193155667,0.0,-0.0020568968201476025,,crypto,equal,
2026-03-26,sector,Infrastructure,,0.11542488772007709,0.0,-0.005910312174063846,,crypto,equal,
2026-03-27,sector,Infrastructure,,0.21699535386988422,57.794446342819775,-0.0015155811908950526,,crypto,equal,
2026-03-28,sector,Infrastructure,,0.18249479534473867,48.310550526786805,-0.0008617315288026567,,crypto,equal,
2026-03-29,sector,Infrastructure,,0.17891386161277545,47.501495413335064,-0.0006116874046845668,,crypto,equal,
2026-03-30,sector,Infrastructure,,0.18352697882381136,48.61018852755312,-0.00010352914720806149,,crypto,equal,
2026-03-31,sector,Infrastructure,,0.11977255913277732,37.627951735833136,-0.0038230489691826117,,crypto,equal,
2026-04-01,sector,Infrastructure,,0.20301869697771804,51.83613689471241,-0.0006074664685751406,,crypto,equal,
2026-04-02,sector,Infrastructure,,0.0016548345053568059,33.420712126965086,-0.011375423116046992,,crypto,equal,
2026-04-03,sector,Infrastructure,,0.1311382022215005,45.80197691218344,-0.009203692913230014,,crypto,equal,
2026-04-04,sector,Infrastructure,,0.27382544390165536,55.019624476547826,0.0018281541057013559,,crypto,equal,
2026-04-05,sector,Infrastructure,,0.13486046053399167,47.20134386361082,-0.00014351069861194207,,crypto,equal,
2026-04-06,sector,Infrastructure,,0.09849823755159867,45.50919776156079,-0.0036139713078412097,,crypto,equal,
2026-04-07,sector,Infrastructure,,0.17222296297010342,49.20149902680901,-0.0008081919758890325,,crypto,equal,
2026-04-08,sector,Infrastructure,,0.2415269859959896,53.74007353320159,0.00550405250517442,,crypto,equal,
2026-04-09,sector,Infrastructure,,0.18600995299483525,53.099443805247994,0.005704850084081377,,crypto,equal,
2026-04-10,sector,Infrastructure,,0.20426426196877928,49.396834783041605,0.006759497196460151,,crypto,equal,
2026-04-11,sector,Infrastructure,,0.21130332918614314,51.4013358070701,0.0075628975207804715,,crypto,equal,
2026-04-12,sector,Infrastructure,,0.18219847743246018,50.15590257484625,0.005842847810034001,,crypto,equal,
2026-04-13,sector,Infrastructure,,0.0971706654430292,46.19184514535507,-0.0009508733553156698,,crypto,equal,-0.3204366755734298
2026-04-14,sector,Infrastructure,,0.20006003183651877,53.422403850446955,0.0014260671428428912,,crypto,equal,0.6102125980634036
2026-04-15,sector,Infrastructure,,0.2654379451474834,52.701896201967,0.007029253960211888,,crypto,equal,1.1473180342888363
2026-04-16,sector,Infrastructure,,0.15373441498053386,57.13693481900924,0.003043916036023203,,crypto,equal,0.31597980649433377
2026-04-17,sector,Infrastructure,,0.15581713552263227,51.31545235638032,0.000512229558319541,,crypto,equal,0.13074056631511144
2026-04-18,sector,Infrastructure,,0.0796172868402595,38.8584922983185,-0.005972599326387999,,crypto,equal,-0.7457882435757199
2026-04-19,sector,Infrastructure,,0.09201801376730004,47.12462226784846,-0.008927341330611974,,crypto,equal,-0.7160084518772056
2026-04-20,sector,Infrastructure,,0.16957264993336563,54.5202346429882,-0.005336283316024637,,crypto,equal,0.08881418052317756
2026-04-21,sector,Infrastructure,,0.25945189521110984,55.43594154379352,0.0029679963721367477,,crypto,equal,0.8801332802458818
2026-04-22,sector,Infrastructure,,0.1967135032018193,47.184267210913774,0.004044642298465758,,crypto,equal,0.4951301702221498
2026-04-23,sector,Infrastructure,,0.1743042995498764,49.232578833719465,0.0030992038735646746,,crypto,equal,0.20486409749898252
2026-04-24,sector,Infrastructure,,0.1605486871034599,47.11700656050809,0.001481111857929974,,crypto,equal,0.0425710688868266
2026-04-25,sector,Infrastructure,,0.15246738747737965,46.125161887029755,-0.00011501770523899245,,crypto,equal,-0.08375676939043339
2026-04-26,sector,Infrastructure,,0.25714894129338167,54.489224512533625,0.005582814141197752,,crypto,equal,1.0712448924236257
2026-04-27,sector,Infrastructure,,0.2630228392402421,60.974460014596595,0.00923527180346667,,crypto,equal,1.3779093357287782
2026-04-28,sector,Infrastructure,,0.20467954293652751,50.32482272789173,0.007295020319985367,,crypto,equal,0.6305908281777497
2026-04-29,sector,Infrastructure,,0.1443872018886045,41.426956312068604,0.0018100679724150385,,crypto,equal,-0.036844155886032945
2026-04-30,sector,Infrastructure,,0.2221216297519455,55.088128466872796,0.0031953164861839873,,crypto,equal,0.8831787669561537
2026-05-01,sector,Infrastructure,,0.2475566123284625,56.596360800841964,0.005469145596042658,,crypto,equal,1.124517462570304
2026-05-02,sector,Infrastructure,,0.1093523688315051,51.96301265413718,-0.0022748164764471914,,crypto,equal,-0.15275961812570313
2026-05-03,sector,Infrastructure,,0.05650273389375325,47.77426540152805,-0.010439468215818797,,crypto,equal,-0.8322848991438124
2026-05-04,sector,Infrastructure,,0.1501928961333412,48.809551062309794,-0.009064174380730225,,crypto,equal,-0.37274630643157414
2026-05-05,sector,Infrastructure,,0.17317908953068734,44.22596273412838,-0.006273025681670179,,crypto,equal,-0.10728243571162946
2026-05-06,sector,Infrastructure,,0.1079045197082124,44.07633200201284,-0.00835906143152083,,crypto,equal,-0.7676142898344077
2026-05-07,sector,Infrastructure,,0.19390150420828162,51.20494490512891,-0.003719819275368338,,crypto,equal,0.14405127604562984
2026-05-08,sector,Infrastructure,,0.12215488731897627,47.796474318251285,-0.005166849860111011,,crypto,equal,-0.5791129987498953
2026-05-09,sector,Infrastructure,,0.05954330452892323,44.980985935259575,-0.009758029722706472,,crypto,equal,-1.1515730455061246
2026-05-10,sector,Infrastructure,,0.1763340656305123,45.69138852708625,-0.004607945211241832,,crypto,equal,-0.2099300576761751
2026-05-11,sector,Infrastructure,,0.17076300120867532,45.07961628454406,-0.001420544256111888,,crypto,equal,-0.15306503471370256
2026-05-12,sector,Infrastructure,,0.17430611942931304,48.27956806553754,0.00095447939596475,,crypto,equal,0.024095591260336016
2026-05-13,sector,Infrastructure,,0.20758863168833674,53.69289382733048,0.004591541227736935,,crypto,equal,0.4720557970770103
2026-05-14,sector,Infrastructure,,0.2091902285630937,49.17062171628836,0.006796696290958286,,crypto,equal,0.5044389111617166
2026-05-15,sector,Infrastructure,,0.2091665826551949,47.454824979598456,0.00786955181683285,,crypto,equal,0.5605847172845095
2026-05-16,sector,Infrastructure,,0.2962737132264692,63.293118928109415,0.013719009370592426,,crypto,equal,1.6214545704829686
2026-05-17,sector,Infrastructure,,0.12764753728326309,54.344179009344344,0.005904139726986404,,crypto,equal,0.15007737549672875
2026-05-18,sector,Infrastructure,,0.09992510908218735,46.66165294921997,-0.0010869058264086134,,crypto,equal,-0.3960979398539606
2026-05-19,sector,Infrastructure,,0.0906866780460497,44.4196776742264,-0.00601302944480469,,crypto,equal,-0.6938383906914294
2026-05-20,sector,Infrastructure,,0.013567504236280184,43.71908293828302,-0.013704949970024867,,crypto,equal,-1.3953226969986514
2026-05-21,sector,Infrastructure,,0.12436120284984942,45.518027899864705,-0.010703798357291877,,crypto,equal,-0.5914773928074143
2026-05-22,sector,Infrastructure,,0.17692277577866197,53.61937635084789,-0.004849603713155215,,crypto,equal,0.0047579639086913345
2026-05-23,sector,Infrastructure,,0.06738563417494298,50.48799935032264,-0.007847771567883214,,crypto,equal,-0.9203555947286376
2026-03-24,sector,Interoperability,,0.03281229411512612,,0.0,,crypto,equal,
2026-03-25,sector,Interoperability,,0.48442738798728213,100.0,0.028821020235715943,,crypto,equal,
2026-03-26,sector,Interoperability,,,100.0,0.023056816188572755,,crypto,equal,
2026-03-27,sector,Interoperability,,0.24923031976893545,100.0,0.02759600943141656,,crypto,equal,
2026-03-28,sector,Interoperability,,0.498154328324087,100.0,0.0428685683000748,,crypto,equal,
2026-03-29,sector,Interoperability,,,100.0,0.03429485464005984,,crypto,equal,
2026-03-30,sector,Interoperability,,0.13539338515549898,100.0,0.018885108325958327,,crypto,equal,
2026-03-31,sector,Interoperability,,0.24332334430217742,100.0,0.015660947104082064,,crypto,equal,
2026-04-01,sector,Interoperability,,,100.0,0.012528757683265647,,crypto,equal,
2026-04-02,sector,Interoperability,,-0.36828287074957045,100.0,-0.03723104662205988,,crypto,equal,
2026-04-03,sector,Interoperability,,0.11831584519818425,100.0,-0.02814349579723696,,crypto,equal,
2026-04-04,sector,Interoperability,,,100.0,-0.022514796637789568,,crypto,equal,
2026-04-05,sector,Interoperability,,0.3878397970569863,100.0,0.004530460401105711,,crypto,equal,
2026-04-06,sector,Interoperability,,,100.0,0.003624368320884565,,crypto,equal,
2026-04-07,sector,Interoperability,,0.010939243852649813,100.0,-0.009761132196736185,,crypto,equal,
2026-04-08,sector,Interoperability,,,100.0,-0.007808905757388952,,crypto,equal,
2026-04-09,sector,Interoperability,,0.16194738967120648,100.0,-0.0042915883778345265,,crypto,equal,
2026-04-10,sector,Interoperability,,0.5955943603116354,100.0,0.025108217871317916,,crypto,equal,
2026-04-11,sector,Interoperability,,0.8868715580385178,100.0,0.06051789326896101,,crypto,equal,
2026-04-12,sector,Interoperability,,0.08463964109797031,62.188920243343,0.027915074940637427,,crypto,equal,
2026-04-13,sector,Interoperability,,0.472948472905159,68.03848745150125,0.030306341938596743,,crypto,equal,
2026-04-14,sector,Interoperability,,0.24270824671983718,60.77686322198461,0.014962439382244563,,crypto,equal,
2026-04-15,sector,Interoperability,,,60.77686322198461,0.011969951505795648,,crypto,equal,
2026-04-16,sector,Interoperability,,0.43682791045169966,60.77686322198461,0.01562281678423759,,crypto,equal,
2026-04-17,sector,Interoperability,,0.18600493037104607,46.45190637712819,-0.0011881752738392287,,crypto,equal,
2026-04-18,sector,Interoperability,,,46.45190637712819,-0.0009505402190713858,,crypto,equal,
2026-04-19,sector,Interoperability,,,46.45190637712819,-0.0007604321752571197,,crypto,equal,
2026-04-20,sector,Interoperability,,0.16910154612303402,46.45190637712819,-0.017563214230624777,,crypto,equal,
2026-04-21,sector,Interoperability,,-0.14593896798640493,41.05494453589747,-0.04367290524753827,,crypto,equal,-1.2981238453662258
2026-04-22,sector,Interoperability,,-0.3217023856461048,38.5557663237526,-0.06947677377680776,,crypto,equal,-1.6866400901558707
2026-04-23,sector,Interoperability,,,38.5557663237526,-0.05558141902144621,,crypto,equal,
2026-04-24,sector,Interoperability,,-0.3380870527088642,27.69654646492087,-0.07868620725717537,,crypto,equal,-1.7999945802523376
2026-04-25,sector,Interoperability,,,17.957242672884433,-0.0629489658057403,,crypto,equal,
2026-04-26,sector,Interoperability,,0.5266999751075482,28.54842611667435,-0.00811584813054798,,crypto,equal,-0.30859411001691395
2026-04-27,sector,Interoperability,,0.24252963845252523,0.0,0.0019401883635720533,,crypto,equal,-0.6991689396023453
2026-04-28,sector,Interoperability,,0.24319802553653716,0.06511538826417507,0.008294572759500927,,crypto,equal,-0.5981771239067427
2026-04-29,sector,Interoperability,,0.11055836155861615,0.05766405211517167,0.003469412607047846,,crypto,equal,-0.9076215353276381
2026-04-30,sector,Interoperability,,0.46068044078890236,23.243049473029302,0.022690892522798,,crypto,equal,-0.03949418603167543
2026-05-01,sector,Interoperability,,,27.875813742555053,0.0181527140182384,,crypto,equal,
2026-05-02,sector,Interoperability,,0.81417213235721,27.875813742555053,0.06104294831126953,,crypto,equal,0.6476751021258514
2026-05-03,sector,Interoperability,,-0.062065364792943,16.43322315530112,0.020536362782186783,,crypto,equal,-0.671172739547404
2026-05-04,sector,Interoperability,,,16.43322315530112,0.016429090225749426,,crypto,equal,
2026-05-05,sector,Interoperability,,0.24316708513796328,19.27842382574792,0.009756633659561451,,crypto,equal,-0.35777305241421875
2026-05-06,sector,Interoperability,,0.20474415785173575,20.852322497123538,0.0026338917886337618,,crypto,equal,-0.4151890596046822
2026-05-07,sector,Interoperability,,0.10976483229609829,19.737932046036235,-0.008290952765294266,,crypto,equal,-0.5859074084586581
2026-05-08,sector,Interoperability,,0.8897526417100803,44.218906725374694,0.03483107201144413,,crypto,equal,0.8341353587739222
2026-05-09,sector,Interoperability,,0.4774138964767258,38.07889711549142,0.03339721734415149,,crypto,equal,0.42460799806093497
2026-05-10,sector,Interoperability,,-0.19002501526847482,31.09091308024557,-0.012244250017013791,,crypto,equal,-0.7478115863330096
2026-05-11,sector,Interoperability,,-0.24763182903304692,33.15635400138103,-0.04425562449620428,,crypto,equal,-1.01961066626082
2026-05-12,sector,Interoperability,,0.3366256335626046,42.92323344413874,-0.024982685543720927,,crypto,equal,-0.1156307778277064
2026-05-13,sector,Interoperability,,-0.12080360634922982,39.695264654680365,-0.04099712297155138,,crypto,equal,-0.9136063914880129
2026-05-14,sector,Interoperability,,-0.49163070974349976,31.437657558714832,-0.07266931424162193,,crypto,equal,-1.5278191544931068
2026-05-15,sector,Interoperability,,-0.04467092299968936,37.83997699957432,-0.06014029678074438,,crypto,equal,-1.0421967831427377
2026-05-16,sector,Interoperability,,0.1795734023936093,40.621813691692026,-0.03463971834350913,,crypto,equal,-0.5018337822393215
2026-05-17,sector,Interoperability,,,49.230937249282064,-0.027711774674807302,,crypto,equal,
2026-05-18,sector,Interoperability,,0.13516065859943008,49.230937249282064,-0.012593024274287566,,crypto,equal,-0.38565974745629084
2026-05-19,sector,Interoperability,,-0.09793385402858258,46.603522747909444,-0.018161671507414566,,crypto,equal,-0.8544724750653921
2026-05-20,sector,Interoperability,,0.587841502714157,54.26236545593055,0.02346109244422874,,crypto,equal,0.2776429192378317
2026-05-21,sector,Interoperability,,0.15203248097002509,50.809224511201435,0.02085021722743309,,crypto,equal,-0.14045620637464573
2026-05-22,sector,Interoperability,,-0.2524052922382951,38.97894672454473,-0.007394061749041468,,crypto,equal,-0.943786542802677
2026-05-23,sector,Interoperability,,,42.49754373226812,-0.005915249399233172,,crypto,equal,
2026-03-24,sector,IoT,,-0.14553673450269158,,0.0,,crypto,equal,
2026-03-25,sector,IoT,,0.020426655104011315,100.0,0.010591395803960513,,crypto,equal,
2026-03-26,sector,IoT,,0.29754036872037687,100.0,0.03433526891633051,,crypto,equal,
2026-03-27,sector,IoT,,0.3008764153614485,100.0,0.04752805880135812,,crypto,equal,
2026-03-28,sector,IoT,,0.06095468434889803,65.04305147567523,0.0377835771468357,,crypto,equal,
2026-03-29,sector,IoT,,0.1564366234434955,69.31228327610532,0.03549184213739834,,crypto,equal,
2026-03-30,sector,IoT,,-0.162017798174154,49.25104542186972,0.0114941362801778,,crypto,equal,
2026-03-31,sector,IoT,,0.10405507224752257,59.133563227455674,0.012426516559473869,,crypto,equal,
2026-04-01,sector,IoT,,0.06884487508474676,57.64799509317183,0.009680210872260786,,crypto,equal,
2026-04-02,sector,IoT,,0.25662862809704307,62.65197669923885,0.01898103175837111,,crypto,equal,
2026-04-03,sector,IoT,,0.13244509061798454,58.11141876399644,0.015392908511756863,,crypto,equal,
2026-04-04,sector,IoT,,0.027289107818296188,54.751415093784715,0.005093550668409809,,crypto,equal,
2026-04-05,sector,IoT,,0.11190692315501058,56.7631030357958,0.003226941573658347,,crypto,equal,
2026-04-06,sector,IoT,,-0.1492667288394556,49.91383581259533,-0.015331291707540141,,crypto,equal,
2026-04-07,sector,IoT,,0.4238068057462366,60.39880700846891,0.009895991205327706,,crypto,equal,
2026-04-08,sector,IoT,,0.20238395601702588,53.257378584292084,0.010519273421556632,,crypto,equal,
2026-04-09,sector,IoT,,0.3175421823929667,50.38011135943931,0.017144413586443613,,crypto,equal,
2026-04-10,sector,IoT,,0.02311722375193302,45.247325209061295,0.0010063836499672324,,crypto,equal,
2026-04-11,sector,IoT,,-0.06370995191907977,47.7489564050642,-0.01530706634309114,,crypto,equal,
2026-04-12,sector,IoT,,0.17497849237503485,50.31834295413564,-0.01006675392099974,,crypto,equal,
2026-04-13,sector,IoT,,-0.11953182924400706,50.73548315803362,-0.025596222041789934,,crypto,equal,-0.9849538257654453
2026-04-14,sector,IoT,,0.09030530362611945,49.75724857854955,-0.021085090583721475,,crypto,equal,-0.602461091005528
2026-04-15,sector,IoT,,0.0882672143436689,50.346964355073084,-0.017722705037990047,,crypto,equal,-0.5851269044681834
2026-04-16,sector,IoT,,0.19476797773366172,48.86185667150804,-0.008289503340869697,,crypto,equal,-0.11392396549252296
2026-04-17,sector,IoT,,0.22275308291593565,51.72250530657134,-0.0005375281369164597,,crypto,equal,0.06791706306163234
2026-04-18,sector,IoT,,0.2298008623944968,54.01282616414786,0.004419369444520718,,crypto,equal,0.18174493042996243
2026-04-19,sector,IoT,,0.22548716295756166,52.32460415989875,0.006629382080901754,,crypto,equal,0.18916700966141464
2026-04-20,sector,IoT,,0.12048718512778037,55.89799292032483,0.0005611751671795312,,crypto,equal,-0.22922204577756253
2026-04-21,sector,IoT,,0.5167059293149867,52.201428922778476,0.02160777491794892,,crypto,equal,0.9225513774771248
2026-04-22,sector,IoT,,0.2742400071655231,51.68595730088915,0.017737500836519537,,crypto,equal,0.4673202212962203
2026-04-23,sector,IoT,,0.2557523781582713,48.48133473756571,0.012706043181673898,,crypto,equal,0.15116716100048425
2026-04-24,sector,IoT,,0.139634208077242,53.13886149975771,0.0009510227920693989,,crypto,equal,-0.12626842027106727
2026-04-25,sector,IoT,,0.15304450798828623,56.079652622251075,-0.006137942090097645,,crypto,equal,-0.15829973719642595
2026-04-26,sector,IoT,,0.16970188795486893,49.83094211194653,-0.009709487848662782,,crypto,equal,-0.3054732562556728
2026-04-27,sector,IoT,,0.5174259645879269,69.73466078138057,0.010260875921997079,,crypto,equal,1.1254269337928589
2026-04-28,sector,IoT,,0.2395343765175915,54.436431739001044,0.003991256253784499,,crypto,equal,0.08481432419081511
2026-04-29,sector,IoT,,0.021851195773416585,48.24991126481625,-0.01456314984050746,,crypto,equal,-0.6997108503757591
2026-04-30,sector,IoT,,-0.24535185947762803,39.30817160153323,-0.042971819782901946,,crypto,equal,-1.719144553771462
2026-05-01,sector,IoT,,-0.1109855842751229,42.2909417074486,-0.05034256397503045,,crypto,equal,-1.5269813718299972
2026-05-02,sector,IoT,,-0.0726195384824276,43.11399498018119,-0.05015252676945538,,crypto,equal,-1.4379979279334403
2026-05-03,sector,IoT,,-0.18355247763320803,41.117586342325176,-0.054647105000934657,,crypto,equal,-1.661713547598498
2026-05-04,sector,IoT,,0.08019253988996147,49.18142585049882,-0.037806672529267275,,crypto,equal,-0.7440870654395084
2026-05-05,sector,IoT,,0.05630886709062116,38.980102142435655,-0.0267462939834894,,crypto,equal,-0.8734495671412945
2026-05-06,sector,IoT,,0.24413342207930983,49.26002370389045,-0.006316859857367839,,crypto,equal,-0.22068192748597645
2026-05-07,sector,IoT,,-0.07125347740662284,42.98629856605176,-0.013185409926661229,,crypto,equal,-1.1048311103723356
2026-05-08,sector,IoT,,0.16453571243952025,50.508014777248206,-0.0015989243057451079,,crypto,equal,-0.2779987288114907
2026-05-09,sector,IoT,,0.08095001814946799,48.57014362836588,0.000569322714644098,,crypto,equal,-0.4279673986740088
2026-05-10,sector,IoT,,-0.07327923007742926,45.430300295882155,-0.007788867027496968,,crypto,equal,-0.9954678700414359
2026-05-11,sector,IoT,,0.0846452095250405,41.23503956656184,-0.0023680017710666565,,crypto,equal,-0.5486037128723202
2026-05-12,sector,IoT,,0.1611344652026993,48.271156745148076,0.006213531463906328,,crypto,equal,-0.21343220300627377
2026-05-13,sector,IoT,,0.457239342491954,59.28004012375363,0.030327446017068774,,crypto,equal,0.6870637672687084
2026-05-14,sector,IoT,,0.1606141954371764,58.545742516725355,0.025016897208702774,,crypto,equal,0.16721779559407807
2026-05-15,sector,IoT,,0.10451275296599435,54.690888621179305,0.016834694905873127,,crypto,equal,-0.22715622891166806
2026-05-16,sector,IoT,,0.3144626736896113,57.84020407886097,0.024221927170647063,,crypto,equal,0.48139247042621647
2026-05-17,sector,IoT,,-0.12013727445993573,51.13556175125568,-0.0002083450468993546,,crypto,equal,-0.7553263838462037
2026-05-18,sector,IoT,,0.10027295743953435,50.365243997839436,-0.0014988430996939672,,crypto,equal,-0.394605571744852
2026-05-19,sector,IoT,,0.14805924030937365,51.65446727507386,0.0007688300629896064,,crypto,equal,-0.06728070014973828
2026-05-20,sector,IoT,,0.13404429438186188,47.882084790358206,0.0012020584738235036,,crypto,equal,-0.15819515866350128
2026-05-21,sector,IoT,,-0.05327938807848841,50.36371038438645,-0.010600116515003331,,crypto,equal,-0.7299079245613436
2026-05-22,sector,IoT,,-0.06897977136201225,44.8127162924067,-0.01847575798063366,,crypto,equal,-0.9362064651197163
2026-05-23,sector,IoT,,,46.54102869620019,-0.014780606384506928,,crypto,equal,
2026-03-24,sector,L1,,0.19171105313599113,,0.0,,crypto,equal,
2026-03-25,sector,L1,,,,0.0,,crypto,equal,
2026-03-26,sector,L1,,0.11328784215748311,,-0.006107099619225442,,crypto,equal,
2026-03-27,sector,L1,,-0.105254189491272,0.0,-0.02249972970031261,,crypto,equal,
2026-03-28,sector,L1,,0.26919126547425987,63.145591335065156,-0.007633404733560136,,crypto,equal,
2026-03-29,sector,L1,,0.16312932175202297,53.56494672848428,-0.004601351207499091,,crypto,equal,
2026-03-30,sector,L1,,0.32529091202967103,62.308427597744746,0.0079821517223562,,crypto,equal,
2026-03-31,sector,L1,,0.04942065980856617,47.19161752661416,-0.0020796917250664303,,crypto,equal,
2026-04-01,sector,L1,,0.4363477251666288,60.59901953660314,0.016495175322054613,,crypto,equal,
2026-04-02,sector,L1,,-0.25657153517582587,41.65828921121311,-0.016905613131726463,,crypto,equal,
2026-04-03,sector,L1,,-0.41088552230807646,38.94728045354592,-0.04672174942663273,,crypto,equal,
2026-04-04,sector,L1,,0.02925026823788881,48.50540210946769,-0.03468519967506584,,crypto,equal,
2026-04-05,sector,L1,,0.3351574198545577,53.558699498173084,-0.00553427652600871,,crypto,equal,
2026-04-06,sector,L1,,-0.061101505388940366,47.51832658574577,-0.011982520154563345,,crypto,equal,
2026-04-07,sector,L1,,-0.3954846204793797,43.38900504435124,-0.03642952402459097,,crypto,equal,
2026-04-08,sector,L1,,0.632421047730092,55.32353432609756,0.016144868068977213,,crypto,equal,
2026-04-09,sector,L1,,0.03144030387749273,49.2527813294384,0.010250219629280029,,crypto,equal,
2026-04-10,sector,L1,,,51.29980458125435,0.008200175703424024,,crypto,equal,
2026-04-11,sector,L1,,,47.56593512700522,0.006560140562739222,,crypto,equal,
2026-04-12,sector,L1,,0.09444544489383697,48.62185501124729,0.007947630145993433,,crypto,equal,
2026-04-13,sector,L1,,-0.0657228872872889,45.24664177092584,-0.0020246931667374374,,crypto,equal,
2026-04-14,sector,L1,,0.3928901424046234,52.828109330982535,0.021380362913362115,,crypto,equal,
2026-04-15,sector,L1,,,48.835604058554544,0.017104290330689692,,crypto,equal,
2026-04-16,sector,L1,,-0.290759752385815,57.56002739262457,-0.017555694463296793,,crypto,equal,-0.5170906556477038
2026-04-17,sector,L1,,0.14678599351481536,64.15599478142802,-0.004811645347062542,,crypto,equal,0.3914424811399787
2026-04-18,sector,L1,,0.021435598694626246,57.964804611260796,-0.004326226604078984,,crypto,equal,-0.07472999151488298
2026-04-19,sector,L1,,0.27466124191136493,57.38119216717004,0.01261997232786296,,crypto,equal,0.6118956029968645
2026-04-20,sector,L1,,0.7366682895615697,68.37239003601682,0.052290299643481426,,crypto,equal,1.7325861104743978
2026-04-21,sector,L1,,,74.8567608958133,0.04183223971478514,,crypto,equal,
2026-04-22,sector,L1,,0.3105106052815914,64.51008098026145,0.040519889266343555,,crypto,equal,1.1068669132683606
2026-04-23,sector,L1,,0.16482087967097758,78.8892357927851,0.026691376062186783,,crypto,equal,0.8772588432987568
2026-04-24,sector,L1,,-0.17662628013491632,67.59058915977113,-0.005307219099172858,,crypto,equal,0.04036700472099758
2026-04-25,sector,L1,,0.19622124127621451,71.97369778529134,-0.0014203363262730254,,crypto,equal,0.7224936774302527
2026-04-26,sector,L1,,0.5518241863936186,75.1757037187615,0.023657840642060626,,crypto,equal,1.3422342445660969
2026-04-27,sector,L1,,,79.25409952612635,0.0189262725136485,,crypto,equal,
2026-04-28,sector,L1,,0.1099580624098579,75.43877349470475,0.004329611111196424,,crypto,equal,0.5025362212535278
2026-04-29,sector,L1,,0.3744067892249053,77.79366716113246,0.013138549717744263,,crypto,equal,1.0776003020536835
2026-04-30,sector,L1,,-0.3458625055969116,61.68515784838584,-0.02825794913624015,,crypto,equal,-0.4965922912752532
2026-05-01,sector,L1,,-0.045707119427000474,60.10957542871114,-0.033766645850281704,,crypto,equal,-0.3079727957852293
2026-05-02,sector,L1,,-0.04364160279378296,62.47679852573079,-0.03543922652619204,,crypto,equal,-0.341786765277184
2026-05-03,sector,L1,,0.2520509953738004,62.965567140128705,-0.01580035700148592,,crypto,equal,0.301569394497084
2026-05-04,sector,L1,,,56.850902864724425,-0.012640285601188735,,crypto,equal,
2026-05-05,sector,L1,,-0.3548492273361422,56.850902864724425,-0.04533732458627917,,crypto,equal,-0.9688308771910429
2026-05-06,sector,L1,,0.1484850022849813,63.429145552378024,-0.02505100982106674,,crypto,equal,-0.005148389235290152
2026-05-07,sector,L1,,-0.391644429172203,56.65992959342116,-0.045308255602098724,,crypto,equal,-1.095853814941537
2026-05-08,sector,L1,,0.1830013628515725,67.92218590496987,-0.018669884253066905,,crypto,equal,0.07723966693910728
2026-05-09,sector,L1,,0.07035893932967446,62.57709838806891,-0.007853251892721083,,crypto,equal,-0.06878837666497456
2026-05-10,sector,L1,,0.1939173060182482,60.050497118815414,0.007571277018301278,,crypto,equal,0.14621148078534799
2026-05-11,sector,L1,,0.4247988054953826,62.565231461549615,0.0319072220604779,,crypto,equal,0.6733016598749754
2026-05-12,sector,L1,,-0.7416667246110737,47.468866935105304,-0.028695206345331042,,crypto,equal,-1.4732853889989885
2026-05-13,sector,L1,,-0.8533884671628476,43.36871904385584,-0.07198179563315932,,crypto,equal,-1.932683093761717
2026-05-14,sector,L1,,,51.254316119449946,-0.05758543650652745,,crypto,equal,
2026-05-15,sector,L1,,0.12052796687819065,47.257940390063126,-0.016790633942031244,,crypto,equal,-0.4554086445200025
2026-05-16,sector,L1,,0.4989754944317043,52.17461366441409,0.030350010186746226,,crypto,equal,0.318328849310463
2026-05-17,sector,L1,,0.6928668318165466,50.93756243910968,0.0712673617784478,,crypto,equal,0.8118870424522232
2026-05-18,sector,L1,,0.5404371410080543,49.03831669078104,0.0838752873063389,,crypto,equal,0.8200065716513919
2026-05-19,sector,L1,,0.28176574361026285,46.120134453128074,0.07110721847184578,,crypto,equal,0.544589837947543
2026-05-20,sector,L1,,0.33048124592453243,39.826831338206105,0.06255793734562284,,crypto,equal,0.4889683300525247
2026-05-21,sector,L1,,0.3238443589518113,46.15287084727342,0.053426035702695794,,crypto,equal,0.6062391193707639
2026-05-22,sector,L1,,-0.34493275205558166,28.251946556407745,0.002029657221068286,,crypto,equal,-0.7972382595767114
2026-05-23,sector,L1,,,29.204695187041153,0.0016237257768546287,,crypto,equal,
2026-03-24,sector,Layer1,,0.1478628780167355,,0.0,,crypto,equal,
2026-03-25,sector,Layer1,,0.20222914925022936,100.0,0.003469528420599044,,crypto,equal,
2026-03-26,sector,Layer1,,0.15703516110036808,54.606397743659365,0.00257020070635229,,crypto,equal,
2026-03-27,sector,Layer1,,0.12141146152907083,40.21651063772373,-0.0004154016977211744,,crypto,equal,
2026-03-28,sector,Layer1,,0.15489332624659313,52.08413538581541,-0.00014102799381510655,,crypto,equal,
2026-03-29,sector,Layer1,,0.12001406400510639,43.15905518263362,-0.002200073531741324,,crypto,equal,
2026-03-30,sector,Layer1,,0.10133232774201943,39.530842897598575,-0.004575019794920284,,crypto,equal,
2026-03-31,sector,Layer1,,0.08155164973390816,36.299757604170345,-0.007083172404440343,,crypto,equal,
2026-04-01,sector,Layer1,,0.1933544874706787,56.428812922931,-0.0011298381124531533,,crypto,equal,
2026-04-02,sector,Layer1,,0.12366035664602164,47.142589611585294,-0.0017652287718249236,,crypto,equal,
2026-04-03,sector,Layer1,,0.184159689069353,53.7496411148946,0.001815669624660505,,crypto,equal,
2026-04-04,sector,Layer1,,0.12527548378997852,47.91970038401658,0.0002286229543451107,,crypto,equal,
2026-04-05,sector,Layer1,,0.19555186414731832,53.88876027022468,0.00372780979951843,,crypto,equal,
2026-04-06,sector,Layer1,,0.13603541191743887,49.12087089352489,0.0019399443303413763,,crypto,equal,
2026-04-07,sector,Layer1,,0.12487582232638282,48.31926757120103,1.358023757781334e-05,,crypto,equal,
2026-04-08,sector,Layer1,,0.1297553031002308,44.28758331398992,-0.0008750638719902705,,crypto,equal,
2026-04-09,sector,Layer1,,0.14753056181333088,49.217000113989826,-0.00024172813866407965,,crypto,equal,
2026-04-10,sector,Layer1,,0.17055212549823937,54.134103503495325,0.0016477124431606184,,crypto,equal,
2026-04-11,sector,Layer1,,0.19129272848797932,53.12929277212946,0.004076086558996142,,crypto,equal,
2026-04-12,sector,Layer1,,0.08990905157327032,47.67742619310996,-0.0010880220754699345,,crypto,equal,
2026-04-13,sector,Layer1,,0.12423782203752631,51.72547926503165,-0.002076909533990027,,crypto,equal,-0.40009944349348303
2026-04-14,sector,Layer1,,0.19167435196406798,57.73987110932701,0.0017205834277954472,,crypto,equal,0.7783492746074759
2026-04-15,sector,Layer1,,0.15166954561035687,46.74133122336005,0.0014584394167903006,,crypto,equal,0.22743860081245992
2026-04-16,sector,Layer1,,0.19275292961859444,55.6541489353788,0.003837070415365716,,crypto,equal,0.9624793557916882
2026-04-17,sector,Layer1,,0.20957727934507464,52.240165339376034,0.006189295908215379,,crypto,equal,1.185150956985815
2026-04-18,sector,Layer1,,0.12517846271530916,49.991817120428614,0.0019277307360093168,,crypto,equal,-0.012013611866031712
2026-04-19,sector,Layer1,,0.17732209215893324,48.41396642080478,0.002453594225659221,,crypto,equal,0.6273194757358622
2026-04-20,sector,Layer1,,0.109291499699033,47.70718403386108,-0.0017222717109607296,,crypto,equal,-0.4326675956307656
2026-04-21,sector,Layer1,,0.11918365486447619,49.51093479736375,-0.003649411654330235,,crypto,equal,-0.48490263489501895
2026-04-22,sector,Layer1,,0.112051959855209,48.48481088953693,-0.005144174449884831,,crypto,equal,-0.7289372317815239
2026-04-23,sector,Layer1,,0.22300031199631795,55.57080103668451,0.0012577436767424238,,crypto,equal,0.9419677089635153
2026-04-24,sector,Layer1,,0.17426314397178286,50.26390983723276,0.0020799257996609913,,crypto,equal,0.5092417958756082
2026-04-25,sector,Layer1,,0.1782856197112553,49.05246609254991,0.0027239939846776234,,crypto,equal,0.5824612085859144
2026-04-26,sector,Layer1,,0.20892748756489884,59.666478350229816,0.004915239569201256,,crypto,equal,1.243355054737892
2026-04-27,sector,Layer1,,0.20233792022993033,56.64245952912313,0.005574131219981402,,crypto,equal,1.1695632052517575
2026-04-28,sector,Layer1,,0.17986495950772993,48.91242237758851,0.00421168729056811,,crypto,equal,0.5398428095968302
2026-04-29,sector,Layer1,,0.25011325446304056,58.58772393148584,0.007561385577685969,,crypto,equal,1.6535158358833935
2026-04-30,sector,Layer1,,0.24503751710494479,54.866782243857394,0.008864728898625558,,crypto,equal,1.5259847513994798
2026-05-01,sector,Layer1,,0.2303698778892514,51.94323005074913,0.008184795882261515,,crypto,equal,1.2836986426582697
2026-05-02,sector,Layer1,,0.28068891528654794,65.5224475435525,0.010426069967662294,,crypto,equal,1.954892868968651
2026-05-03,sector,Layer1,,0.1441627447703808,47.16733837480754,0.0024330209931803445,,crypto,equal,0.12792241691682268
2026-05-04,sector,Layer1,,0.21944935358561896,59.295084382497635,0.0019561568283428636,,crypto,equal,1.0904059425009454
2026-05-05,sector,Layer1,,0.1484919109740838,52.24197784021362,-0.003122122489393777,,crypto,equal,0.055967858201213305
2026-05-06,sector,Layer1,,0.24142779338657472,58.74835837152669,-0.0003518628204117729,,crypto,equal,1.0836259229822203
2026-05-07,sector,Layer1,,0.184330361253091,47.17975674082624,-0.0023814862181097633,,crypto,equal,0.1230416270504224
2026-05-08,sector,Layer1,,0.21073172233251336,52.74926437633543,-0.0019790613172560884,,crypto,equal,0.42870814449701045
2026-05-09,sector,Layer1,,0.2649237728495953,56.07209765964917,0.0017046761191048289,,crypto,equal,1.152157046116559
2026-05-10,sector,Layer1,,0.16174929089502924,46.998631160095655,-0.0027946806874905566,,crypto,equal,-0.10405838004212854
2026-05-11,sector,Layer1,,0.1917372248365753,49.3451049213454,-0.0036826947806560574,,crypto,equal,0.09003585011594376
2026-05-12,sector,Layer1,,0.24453648455331758,53.85101149540825,-0.0007964789323465383,,crypto,equal,0.8165205837543089
2026-05-13,sector,Layer1,,0.1576621194164597,44.60167982079527,-0.004607778178222657,,crypto,equal,-0.3426821805354282
2026-05-14,sector,Layer1,,0.1258803844899283,43.25272119815106,-0.008890770516243556,,crypto,equal,-0.7793279443877341
2026-05-15,sector,Layer1,,0.12755640735167748,44.0912463040113,-0.011089429607488946,,crypto,equal,-0.8902813299602915
2026-05-16,sector,Layer1,,0.14344442485637984,41.787459404058936,-0.010934160307686847,,crypto,equal,-0.9178688202887446
2026-05-17,sector,Layer1,,0.16566104904865428,51.490310673712195,-0.008882835711697101,,crypto,equal,-0.49548519967262106
2026-05-18,sector,Layer1,,0.18646992212329763,47.52700564198462,-0.005820227821891203,,crypto,equal,-0.21632473342991096
2026-05-19,sector,Layer1,,0.12733984861016526,48.385250279732375,-0.00737256546439735,,crypto,equal,-0.8627563438819528
2026-05-20,sector,Layer1,,0.20575755530820716,47.21520303247701,-0.0029413038914753095,,crypto,equal,-0.06900677560843993
2026-05-21,sector,Layer1,,0.19765738739063984,51.12664266107529,-0.0005065971157727387,,crypto,equal,0.06424793725906333
2026-05-22,sector,Layer1,,0.1605898400751182,45.83618627863569,-0.001298399402414243,,crypto,equal,-0.5626283437827718
2026-05-23,sector,Layer1,,0.009390215273201469,31.724691891466733,-0.01135169071416917,,crypto,equal,-2.200526000275973
2026-03-24,sector,Layer2,,0.4372856398694864,,0.0,,crypto,equal,
2026-03-25,sector,Layer2,,0.13041963205065507,0.0,-0.019583471724050793,,crypto,equal,
2026-03-26,sector,Layer2,,0.295054055215712,34.91713100272494,-0.020280195494113827,,crypto,equal,
2026-03-27,sector,Layer2,,0.20032985904255018,29.075814662401356,-0.025607986641767527,,crypto,equal,
2026-03-28,sector,Layer2,,0.16694522598668368,27.456951399749315,-0.029586236088031834,,crypto,equal,
2026-03-29,sector,Layer2,,0.3735141720713485,46.044828097560966,-0.01712936266895347,,crypto,equal,
2026-03-30,sector,Layer2,,0.2168006376822909,38.55089347687376,-0.018169080455037165,,crypto,equal,
2026-03-31,sector,Layer2,,0.4007298868041527,48.406213637952426,-0.005833258762098288,,crypto,equal,
2026-04-01,sector,Layer2,,0.2562885054412919,42.99146562042213,-0.006703123535293946,,crypto,equal,
2026-04-02,sector,Layer2,,-0.25962796325397874,30.718189374802094,-0.03949585146558515,,crypto,equal,
2026-04-03,sector,Layer2,,-0.18691190995882992,33.39807315560917,-0.052922991153385786,,crypto,equal,
2026-04-04,sector,Layer2,,0.2162184775082555,45.1584600434136,-0.032301389354070884,,crypto,equal,
2026-04-05,sector,Layer2,,0.14035557383121455,43.70614368214231,-0.021914325891186637,,crypto,equal,
2026-04-06,sector,Layer2,,0.07186764769627632,42.472983675635554,-0.017965978793190562,,crypto,equal,
2026-04-07,sector,Layer2,,0.4646919163861316,50.485892362816664,0.011220541410877832,,crypto,equal,
2026-04-08,sector,Layer2,,0.21796043629507966,51.58584629783249,0.013855326303721271,,crypto,equal,
2026-04-09,sector,Layer2,,0.18346974995078053,47.87856255046056,0.01322301065065723,,crypto,equal,
2026-04-10,sector,Layer2,,-0.10475450740504699,44.59725915121153,-0.005646734949022278,,crypto,equal,
2026-04-11,sector,Layer2,,0.18814536525665207,50.34383019201542,0.0021406893405589017,,crypto,equal,
2026-04-12,sector,Layer2,,0.23023221697251456,47.54524329929355,0.010216901516322083,,crypto,equal,
2026-04-13,sector,Layer2,,0.1005190784236783,47.989220612662464,0.0070635915490188245,,crypto,equal,-0.04211047141226578
2026-04-14,sector,Layer2,,0.16559210961162182,45.75961395748392,0.009451835316155517,,crypto,equal,0.25674089785348875
2026-04-15,sector,Layer2,,0.09325770861205779,46.981460909370554,0.006397657963657974,,crypto,equal,-0.0528688933895295
2026-04-16,sector,Layer2,,0.13961368568917193,58.94786989925038,0.007652342604075206,,crypto,equal,0.48558053771310483
2026-04-17,sector,Layer2,,0.2449030633118802,59.538637142220125,0.015285516529950027,,crypto,equal,0.7594601640339187
2026-04-18,sector,Layer2,,0.11539122435466521,47.466506810114225,0.011497156489871395,,crypto,equal,0.07070568369048322
2026-04-19,sector,Layer2,,0.0807510879418798,48.47063144237503,0.0067768783985990635,,crypto,equal,-0.003204760376434218
2026-04-20,sector,Layer2,,0.0747040122724371,50.07518637744373,0.003529233365870313,,crypto,equal,-0.006602686266681659
2026-04-21,sector,Layer2,,0.19770468939528554,41.74129470094414,0.009602335391080082,,crypto,equal,0.3235035381106997
2026-04-22,sector,Layer2,,-0.011070639114877254,42.74503019216683,4.083800877602295e-06,,crypto,equal,-0.3351723496848609
2026-04-23,sector,Layer2,,0.17700982092993178,49.813515932734326,0.006412887568110141,,crypto,equal,0.4494128995483795
2026-04-24,sector,Layer2,,0.1454090590559446,58.47777052330286,0.008484484806234732,,crypto,equal,0.6073311274928066
2026-04-25,sector,Layer2,,0.2721504703967366,53.20813729886148,0.01781469818846424,,crypto,equal,0.8565936244259044
2026-04-26,sector,Layer2,,0.266666887155265,51.43145210324409,0.02272647279085494,,crypto,equal,0.8830957953364116
2026-04-27,sector,Layer2,,0.10388717253110126,50.12897520776463,0.014521302363463523,,crypto,equal,0.2698384771867234
2026-04-28,sector,Layer2,,0.08942957809104182,46.96587393917832,0.007957287718251906,,crypto,equal,0.11413821451561945
2026-04-29,sector,Layer2,,0.33746211562751055,58.53386248051891,0.019499384946690103,,crypto,equal,1.1917962568592946
2026-04-30,sector,Layer2,,0.3759666101134876,58.30506188828723,0.028368953260345747,,crypto,equal,1.343424875449604
2026-05-01,sector,Layer2,,0.26763169307148926,50.796941819061516,0.025662868015430565,,crypto,equal,0.9432914030213135
2026-05-02,sector,Layer2,,-0.28964563931127574,39.07523810406954,-0.012865702165167369,,crypto,equal,-0.8911003566227287
2026-05-03,sector,Layer2,,0.16207667079776633,51.79065119902263,-0.007406057077898039,,crypto,equal,0.4461002219798662
2026-05-04,sector,Layer2,,,51.92893414424598,-0.005924845662318431,,crypto,equal,
2026-05-05,sector,Layer2,,0.20322300752520217,49.16826553526316,0.0012749123376008236,,crypto,equal,0.5113044468192406
2026-05-06,sector,Layer2,,0.3269188662522927,57.21645316540534,0.01286752251974772,,crypto,equal,1.0328817320276074
2026-05-07,sector,Layer2,,0.27871443855501243,51.57964255354807,0.01648716815700591,,crypto,equal,0.8521045626589797
2026-05-08,sector,Layer2,,0.3085339046104079,53.184728244418615,0.019861491304045537,,crypto,equal,0.9841153255165749
2026-05-09,sector,Layer2,,0.44128619091165255,53.331209917181624,0.029428827233735157,,crypto,equal,1.3116545788138125
2026-05-10,sector,Layer2,,0.18807508665130881,47.23952009181056,0.017677931883396746,,crypto,equal,0.41489358869536686
2026-05-11,sector,Layer2,,0.12542452989178285,49.526047005981894,0.005302020895883535,,crypto,equal,0.25708441671382076
2026-05-12,sector,Layer2,,0.6001955736397611,59.28477764505782,0.02746803457117145,,crypto,equal,1.7016128639689205
2026-05-13,sector,Layer2,,0.19207857671068052,46.53169098991852,0.013715820996795136,,crypto,equal,0.3680510979139219
2026-05-14,sector,Layer2,,0.5011101597807769,51.419069415373926,0.023907158049275123,,crypto,equal,1.297582728102223
2026-05-15,sector,Layer2,,0.07121263926555635,46.379846162088214,0.0013603836755220686,,crypto,equal,0.06021456083399551
2026-05-16,sector,Layer2,,0.294570554494001,59.213221567799614,0.001162069667647949,,crypto,equal,0.9565199685363688
2026-05-17,sector,Layer2,,0.18214085737480226,49.595808135376515,-0.006450095947300533,,crypto,equal,0.24859601195432143
2026-05-18,sector,Layer2,,0.14221053444365547,48.84789470011601,-0.013668636057038476,,crypto,equal,0.08617132872585312
2026-05-19,sector,Layer2,,0.12287702928279276,48.49381543519892,-0.018916457146646852,,crypto,equal,-0.023243232242403336
2026-05-20,sector,Layer2,,0.11303508259899515,45.81169992390687,-0.022005126760241286,,crypto,equal,-0.16517332653260425
2026-05-21,sector,Layer2,,0.11884608925159161,46.816582686731714,-0.022529479844614585,,crypto,equal,-0.16781211932198234
2026-05-22,sector,Layer2,,0.005771953496781764,44.16465908056469,-0.028954704361663357,,crypto,equal,-0.5286518472437706
2026-05-23,sector,Layer2,,,41.15332548618115,-0.023163763489330687,,crypto,equal,
2026-03-24,sector,Legacy L1,,0.14212609831988812,,0.0,,crypto,equal,
2026-03-25,sector,Legacy L1,,0.19462856367629158,100.0,0.003350584683713498,,crypto,equal,
2026-03-26,sector,Legacy L1,,0.4298167185200999,100.0,0.020276545005625105,,crypto,equal,
2026-03-27,sector,Legacy L1,,0.3157100008757785,71.60092740871455,0.022486603876658674,,crypto,equal,
2026-03-28,sector,Legacy L1,,0.007792893797159195,40.53610888973279,0.002937388078604544,,crypto,equal,
2026-03-29,sector,Legacy L1,,,40.53610888973279,0.0023499104628836344,,crypto,equal,
2026-03-30,sector,Legacy L1,,0.8956877544511109,40.53610888973279,0.056596302082859797,,crypto,equal,
2026-03-31,sector,Legacy L1,,0.6619013486345454,30.49182414352444,0.06296517876097796,,crypto,equal,
2026-04-01,sector,Legacy L1,,0.5320086262694715,26.80196969766331,0.05497722032406993,,crypto,equal,
2026-04-02,sector,Legacy L1,,0.4391497785511427,24.667954815233287,0.04064752891212256,,crypto,equal,
2026-04-03,sector,Legacy L1,,0.30857485894156617,22.18418838272035,0.020594552696692303,,crypto,equal,
2026-04-04,sector,Legacy L1,,0.7331815045978873,41.37813425392072,0.03338899393253407,,crypto,equal,
2026-04-05,sector,Legacy L1,,-0.5111175767898559,24.017578441830366,-0.040480910587728916,,crypto,equal,
2026-04-06,sector,Legacy L1,,0.4788301660442336,43.03292126739756,-0.022121288703806488,,crypto,equal,
2026-04-07,sector,Legacy L1,,0.39253958100862796,42.11422699948907,-0.015549025073620694,,crypto,equal,
2026-04-08,sector,Legacy L1,,0.26017752985740084,40.024507333811805,-0.01961411212021117,,crypto,equal,
2026-04-09,sector,Legacy L1,,0.2030347601566464,35.86793333607598,-0.025288362565795218,,crypto,equal,
2026-04-10,sector,Legacy L1,,0.409499802058842,40.1625775101139,-0.014793279876396802,,crypto,equal,
2026-04-11,sector,Legacy L1,,0.2747156652033329,41.962589579994926,-0.016457750497711268,,crypto,equal,
2026-04-12,sector,Legacy L1,,0.4586244974076748,44.600050401767454,-0.005280587961150621,,crypto,equal,
2026-04-13,sector,Legacy L1,,0.39446289149485525,43.903977863330624,-0.0024597041693070476,,crypto,equal,0.061053353311052605
2026-04-14,sector,Legacy L1,,0.1864957037013532,44.18145488422346,-0.01419597951250482,,crypto,equal,-0.44466787782408834
2026-04-15,sector,Legacy L1,,0.5584776296832366,50.30583376675124,0.002602187847386764,,crypto,equal,0.33433346419458554
2026-04-16,sector,Legacy L1,,0.5996102535929065,51.87645630071423,0.015284642952469701,,crypto,equal,0.49882167505370745
2026-04-17,sector,Legacy L1,,0.567077047753885,53.09392011868041,0.019986596146657848,,crypto,equal,0.5348726224361917
2026-04-18,sector,Legacy L1,,0.8883,51.903668268571934,0.04197037926967735,,crypto,equal,1.0358459940930271
2026-04-19,sector,Legacy L1,,0.4258485331024975,64.22943344742308,0.02352572274211724,,crypto,equal,0.4034758406584339
2026-04-20,sector,Legacy L1,,0.7495504040613926,55.15440373668287,0.030825052387688873,,crypto,equal,0.8999451512898441
2026-04-21,sector,Legacy L1,,,57.02828215211615,0.0246600419101511,,crypto,equal,
2026-04-22,sector,Legacy L1,,0.16820354776028545,60.16370305324694,-0.014311588868690259,,crypto,equal,-0.15655540015685054
2026-04-23,sector,Legacy L1,,0.31477006012694286,63.87897873116351,-0.024177594421453674,,crypto,equal,-0.06418902390618089
2026-04-24,sector,Legacy L1,,0.37921088599798386,61.700473572639346,-0.025584817164796998,,crypto,equal,-0.08040866994770261
2026-04-25,sector,Legacy L1,,-0.30046930255773235,50.10624864631655,-0.06904622154027013,,crypto,equal,-1.289543007891702
2026-04-26,sector,Legacy L1,,-0.18246158835066528,48.94596979514421,-0.08552410488851052,,crypto,equal,-1.2986474700075492
2026-04-27,sector,Legacy L1,,0.3368324593898638,57.96168327289324,-0.05842135907817773,,crypto,equal,-0.3369419541450043
2026-04-28,sector,Legacy L1,,-0.011917681162819846,55.582505531562624,-0.060687288021490086,,crypto,equal,-0.9425588217145708
2026-04-29,sector,Legacy L1,,0.3405218220349075,55.32796911219507,-0.03635554603266168,,crypto,equal,-0.28624797159420046
2026-04-30,sector,Legacy L1,,0.19108104276694357,52.455822238123,-0.02857437480716326,,crypto,equal,-0.44633942916499636
2026-05-01,sector,Legacy L1,,0.9155349858247674,61.04163220719297,0.024260363829906713,,crypto,equal,0.6671808344407854
2026-05-02,sector,Legacy L1,,0.19462877022610564,48.781766508706994,0.010269318406163127,,crypto,equal,-0.4709914832377615
2026-05-03,sector,Legacy L1,,0.038137135527376076,52.249391948316806,-0.008877185992362605,,crypto,equal,-0.6623594002414481
2026-05-04,sector,Legacy L1,,0.16481615110441214,49.958762204613535,-0.012159818534900255,,crypto,equal,-0.5893836918216322
2026-05-05,sector,Legacy L1,,0.03585887819707901,48.43789775884377,-0.021613598542172555,,crypto,equal,-0.7910176762359404
2026-05-06,sector,Legacy L1,,0.38251984876561906,52.338284037818624,-0.004037644524984795,,crypto,equal,-0.09744588719520816
2026-05-07,sector,Legacy L1,,0.4229920913359787,51.20873241225278,0.010027615873757705,,crypto,equal,0.007106787717150606
2026-05-08,sector,Legacy L1,,0.3773584009857848,49.97922229551625,0.01563718288926873,,crypto,equal,-0.011790201840813225
2026-05-09,sector,Legacy L1,,0.49360710372477773,60.195011962848795,0.025948138171133187,,crypto,equal,0.3506008303546454
2026-05-10,sector,Legacy L1,,0.3332802874570506,56.550342592700495,0.020955770675573204,,crypto,equal,0.12490004627098247
2026-05-11,sector,Legacy L1,,0.2650650762532046,48.970538565777986,0.012463870096752237,,crypto,equal,-0.2957832524563998
2026-05-12,sector,Legacy L1,,0.5760557219621028,58.52650257941854,0.026395313652122068,,crypto,equal,0.48945312840974153
2026-05-13,sector,Legacy L1,,0.40633257982967425,51.00775989369609,0.022912774442636518,,crypto,equal,0.1925273886002575
2026-05-14,sector,Legacy L1,,0.4869474042863026,54.62815570352104,0.024621810005877716,,crypto,equal,0.37722424348248296
2026-05-15,sector,Legacy L1,,0.42595578537508844,40.335645302001495,0.020402123108127106,,crypto,equal,0.07230626881561045
2026-05-16,sector,Legacy L1,,0.4394828648126995,56.70637321687751,0.01739673946401638,,crypto,equal,0.37207946813143244
2026-05-17,sector,Legacy L1,,-0.5235419099992141,39.33007295608005,-0.04705090387214032,,crypto,equal,-1.488922823253915
2026-05-18,sector,Legacy L1,,-0.052231797604355965,46.354215073083445,-0.05498777312948061,,crypto,equal,-0.9710906142517758
2026-05-19,sector,Legacy L1,,0.34292424274841327,54.73443145695054,-0.0318233668984008,,crypto,equal,-0.13782538833265806
2026-05-20,sector,Legacy L1,,0.11297034660726785,45.688847993189746,-0.030200124060894763,,crypto,equal,-0.7497340249238855
2026-05-21,sector,Legacy L1,,0.14390921401910484,45.52271843531034,-0.025445159320143247,,crypto,equal,-0.7162897259802833
2026-05-22,sector,Legacy L1,,0.07570345755819498,45.1953952916872,-0.02524573868141236,,crypto,equal,-0.8077997174139679
2026-05-23,sector,Legacy L1,,,43.087883247071005,-0.02019659094512989,,crypto,equal,
2026-03-24,sector,Lending,,0.32044386054308777,,0.0,,crypto,equal,
2026-03-25,sector,Lending,,0.1300416463429162,0.0,-0.012151024495965368,,crypto,equal,
2026-03-26,sector,Lending,,-0.03282279979757788,0.0,-0.02949600829179702,,crypto,equal,
2026-03-27,sector,Lending,,0.15187095278288085,34.33222001923373,-0.02693963278889506,,crypto,equal,
2026-03-28,sector,Lending,,0.03482402204694808,28.197203339625304,-0.03123846487456306,,crypto,equal,
2026-03-29,sector,Lending,,0.15610886219454784,39.415390121337836,-0.024327680776237662,,crypto,equal,
2026-03-30,sector,Lending,,0.12036911703356011,37.680611046638276,-0.02071869563296077,,crypto,equal,
2026-03-31,sector,Lending,,-0.01240717658686918,32.38525929532575,-0.02551382680231084,,crypto,equal,
2026-04-01,sector,Lending,,-0.015624404799853804,32.27535637046026,-0.02699881850924865,,crypto,equal,
2026-04-02,sector,Lending,,0.2946418438600169,48.97472038104655,-0.006263914301947962,,crypto,equal,
2026-04-03,sector,Lending,,-0.07924306079496107,37.75601487208442,-0.0163356193228322,,crypto,equal,
2026-04-04,sector,Lending,,-0.2968512803630787,33.3144068163174,-0.035177889632640874,,crypto,equal,
2026-04-05,sector,Lending,,-0.10678153160780203,39.528042882968286,-0.032432404351887614,,crypto,equal,
2026-04-06,sector,Lending,,0.10320767302906927,45.17219396013965,-0.014954921817610128,,crypto,equal,
2026-04-07,sector,Lending,,-0.030646868970047453,42.635588012462314,-0.011069126662385118,,crypto,equal,
2026-04-08,sector,Lending,,0.08838479172863066,49.09924416351104,0.00025779780199323976,,crypto,equal,
2026-04-09,sector,Lending,,0.19881333119256808,55.12493839203842,0.015105283189361315,,crypto,equal,
2026-04-10,sector,Lending,,-0.18271223313484342,43.19045951492251,-4.873136500151143e-05,,crypto,equal,
2026-04-11,sector,Lending,,0.2169154439128362,53.32367992288295,0.016638779643352267,,crypto,equal,
2026-04-12,sector,Lending,,-0.19065729815952312,44.269450014954685,0.0008575869743282227,,crypto,equal,
2026-04-13,sector,Lending,,0.36581125489437993,53.46051766164021,0.027073824725064116,,crypto,equal,1.1425629365594931
2026-04-14,sector,Lending,,0.2929056344166994,54.378562309494235,0.03801204358932173,,crypto,equal,1.1517986497800536
2026-04-15,sector,Lending,,-0.060161766197746505,49.41952722506033,0.020834989256819904,,crypto,equal,0.14603591853192427
2026-04-16,sector,Lending,,0.20242710592477112,48.78300464492496,0.02617853382555306,,crypto,equal,0.8550593827002768
2026-04-17,sector,Lending,,-0.1614392067525246,48.912347898131095,0.005318863498647311,,crypto,equal,-0.13567916536616725
2026-04-18,sector,Lending,,-0.13363223411777722,52.274003721742396,-0.005887424614112104,,crypto,equal,-0.1397121446245525
2026-04-19,sector,Lending,,-0.3034605589112407,47.244281757737944,-0.02305491196993041,,crypto,equal,-0.6739856929443865
2026-04-20,sector,Lending,,-0.4698230418563474,41.8717554817696,-0.04278508673072526,,crypto,equal,-1.1867994989706474
2026-04-21,sector,Lending,,-0.14119672225903457,48.51399784949331,-0.03140067108457262,,crypto,equal,-0.3340562515726103
2026-04-22,sector,Lending,,-0.15369476637724735,46.65004236487083,-0.02280921432366466,,crypto,equal,-0.34218505618268635
2026-04-23,sector,Lending,,-0.06599107650605512,46.31237710181085,-0.009972081056582704,,crypto,equal,-0.1220394362876743
2026-04-24,sector,Lending,,-0.060064174902251855,51.90752385846399,-0.0003428589379345648,,crypto,equal,0.0749168560183038
2026-04-25,sector,Lending,,-0.006373937665569009,46.108466472642306,0.00981985282654911,,crypto,equal,0.1583384960208534
2026-04-26,sector,Lending,,0.09055514175718915,55.49614721269652,0.02252121988540364,,crypto,equal,0.6402800275026138
2026-04-27,sector,Lending,,0.08192541278733359,42.939673504406564,0.02936009328891856,,crypto,equal,0.5048056955844265
2026-04-28,sector,Lending,,0.1315912296520546,45.941143275909596,0.03581933215472405,,crypto,equal,0.7566126807635043
2026-04-29,sector,Lending,,0.03780342017363822,52.83478748281005,0.0324655046694271,,crypto,equal,0.756832437276805
2026-04-30,sector,Lending,,-0.04019365719806714,42.139642065448484,0.024070582665445588,,crypto,equal,0.1821074414865553
2026-05-01,sector,Lending,,0.1961959128950003,62.62976750776275,0.03296463561257863,,crypto,equal,1.2670243460596582
2026-05-02,sector,Lending,,0.4942785523345192,68.62001621629982,0.05609081665056183,,crypto,equal,1.983438544884879
2026-05-03,sector,Lending,,0.12564342423859634,61.382524271765945,0.04424889456254443,,crypto,equal,0.9951941585081446
2026-05-04,sector,Lending,,0.03444420782908797,63.931872154317766,0.028714875565196692,,crypto,equal,0.7911242764829307
2026-05-05,sector,Lending,,0.0298005192675783,55.75446565044794,0.01713936526540317,,crypto,equal,0.5555834464846887
2026-05-06,sector,Lending,,0.16287146506151184,59.853578923473066,0.017401341063409445,,crypto,equal,1.0363560974324622
2026-05-07,sector,Lending,,-0.24879639407098297,45.26488548713941,-0.009734528484367977,,crypto,equal,-0.2642933608079795
2026-05-08,sector,Lending,,-0.0015027397385352975,51.34829645861182,-0.01054475829422831,,crypto,equal,0.2122031590269677
2026-05-09,sector,Lending,,0.10094474376847612,52.41660878149916,-0.00403182414115758,,crypto,equal,0.6195975530713745
2026-05-10,sector,Lending,,-0.2720905060949939,42.73705217050039,-0.02360529934637042,,crypto,equal,-0.5042102835967448
2026-05-11,sector,Lending,,0.42019743109017815,55.31840111837423,0.009537081614571207,,crypto,equal,1.208534393841303
2026-05-12,sector,Lending,,-0.024479384644830536,47.81732551716597,0.001403190256905838,,crypto,equal,0.12839580763398228
2026-05-13,sector,Lending,,0.036187442539232104,49.97718895105392,7.117565157431418e-05,,crypto,equal,0.25012025949047223
2026-05-14,sector,Lending,,0.1467854699937144,52.61531578153827,0.00625860235617922,,crypto,equal,0.7110475521215373
2026-05-15,sector,Lending,,0.22988210098208134,50.49228630640667,0.015065374571027319,,crypto,equal,0.8575987299724983
2026-05-16,sector,Lending,,-0.23134057363308017,39.878496362178865,-0.00971928723599231,,crypto,equal,-0.4341135259802189
2026-05-17,sector,Lending,,0.10091129646817636,49.65147942072428,-0.003599312222855734,,crypto,equal,0.5072292547969187
2026-05-18,sector,Lending,,0.30156816301367867,53.651612367242436,0.013180389087494627,,crypto,equal,1.0034007921013246
2026-05-19,sector,Lending,,0.17623185051272622,51.937789170239284,0.014927616777805122,,crypto,equal,0.7913251770064121
2026-05-20,sector,Lending,,0.10954977213993199,49.281750565861,0.010870341804691144,,crypto,equal,0.4135808894564016
2026-05-21,sector,Lending,,0.07840130462102479,54.910812431704684,0.005630502396349914,,crypto,equal,0.4491917806881872
2026-05-22,sector,Lending,,0.2321717176067328,53.608451002099045,0.011712393445985285,,crypto,equal,0.9029917367027938
2026-05-23,sector,Lending,,,52.09264704808074,0.009369914756788226,,crypto,equal,
2026-03-24,sector,Macro,,0.035824928857116335,,0.0,,crypto,equal,
2026-03-25,sector,Macro,,0.08348992750296287,100.0,0.0030418688594500364,,crypto,equal,
2026-03-26,sector,Macro,,0.06134009402118681,68.27345593084601,0.0033685098765035516,,crypto,equal,
2026-03-27,sector,Macro,,-0.05048471895004351,26.241517164331626,-0.003754349586517004,,crypto,equal,
2026-03-28,sector,Macro,,-0.0193899498664665,37.02257955399885,-0.006043668803952999,,crypto,equal,
2026-03-29,sector,Macro,,-0.01954191701992832,36.99615129685375,-0.00716372770525532,,crypto,equal,
2026-03-30,sector,Macro,,0.01602481291036392,46.015321392868515,-0.005196390167316427,,crypto,equal,
2026-03-31,sector,Macro,,0.00602206811813069,44.234438872174465,-0.004293357232556243,,crypto,equal,
2026-04-01,sector,Macro,,0.04345520213260929,51.28938107389753,-0.0010677158865211658,,crypto,equal,
2026-04-02,sector,Macro,,0.02141099345723489,47.73318177267578,-0.0003486735542469451,,crypto,equal,
2026-04-03,sector,Macro,,-0.0646296991827821,37.56669302381418,-0.005321723711732923,,crypto,equal,
2026-04-04,sector,Macro,,-0.05668051320030127,38.77151498189135,-0.00759142789980626,,crypto,equal,
2026-04-05,sector,Macro,,-0.0028557274399938076,45.84746819480047,-0.005102769558892446,,crypto,equal,
2026-04-06,sector,Macro,,0.039627087481378324,50.37405835464636,-0.00047430919017429213,,crypto,equal,
2026-04-07,sector,Macro,,0.08325494253351434,54.2972982051733,0.005326860926731299,,crypto,equal,
2026-04-08,sector,Macro,,0.03933284364584291,45.971918955537916,0.005959581349782476,,crypto,equal,
2026-04-09,sector,Macro,,0.11720751853885936,54.62600859441353,0.011078851855954655,,crypto,equal,
2026-04-10,sector,Macro,,0.052807297839734,59.28190765586756,0.009636942015187545,,crypto,equal,
2026-04-11,sector,Macro,,0.07663559057972859,58.74311611486759,0.00976677181022559,,crypto,equal,
2026-04-12,sector,Macro,,0.036335468175830304,54.74101615690815,0.0067601455795572325,,crypto,equal,
2026-04-13,sector,Macro,,0.05888405025863588,53.71861603424533,0.005940711545548168,,crypto,equal,0.715054831659494
2026-04-14,sector,Macro,,0.029597353353414124,51.97924239423631,0.0032135768019167597,,crypto,equal,0.23103756305643605
2026-04-15,sector,Macro,,0.10525607172503414,54.87550860510887,0.006123739961207365,,crypto,equal,1.0148012642916375
2026-04-16,sector,Macro,,0.05936462311115082,52.88560987318814,0.004643691736075338,,crypto,equal,0.46143243489721086
2026-04-17,sector,Macro,,0.0595160964681869,60.8567077762883,0.0034172984440748837,,crypto,equal,0.5644743842463061
2026-04-18,sector,Macro,,0.05375254198321008,59.69457085551549,0.0020289087402379814,,crypto,equal,0.46278850257067783
2026-04-19,sector,Macro,,0.07564424583551614,57.300581044125394,0.0023720341922686752,,crypto,equal,0.7582557774460787
2026-04-20,sector,Macro,,0.06911348849292608,52.938788109739576,0.0019631911766469987,,crypto,equal,0.6188682350663154
2026-04-21,sector,Macro,,0.05151260334608602,46.663261790411795,0.0003935169155763196,,crypto,equal,0.13957029399649362
2026-04-22,sector,Macro,,0.08716726478691832,55.11727477681426,0.0015762887013327665,,crypto,equal,0.753838281373304
2026-04-23,sector,Macro,,0.10817881836178106,48.90033014153374,0.0034841558782153226,,crypto,equal,0.8049644537116212
2026-04-24,sector,Macro,,0.027338912536794813,47.01746260067603,-0.000761378042526295,,crypto,equal,-0.06852135367755678
2026-04-25,sector,Macro,,0.043431484886184556,46.0398004709309,-0.002453447016816719,,crypto,equal,-0.04509309401282686
2026-04-26,sector,Macro,,0.1554006205911511,62.12743714882704,0.0036678576103873865,,crypto,equal,1.3158679114110272
2026-04-27,sector,Macro,,0.04436438799101828,48.74696401145134,0.00012550312381857769,,crypto,equal,0.06304166047484613
2026-04-28,sector,Macro,,-0.0022001150325881916,47.33536497907492,-0.0051740004865737065,,crypto,equal,-0.4214154785891222
2026-04-29,sector,Macro,,0.13552508063066973,52.29755011720674,0.0004756882396866474,,crypto,equal,0.8566248374534657
2026-04-30,sector,Macro,,0.15191455080311292,57.35431897319249,0.004947505854591982,,crypto,equal,1.1564936195406963
2026-05-01,sector,Macro,,0.11604866952546751,54.25097843988261,0.0051005457892180535,,crypto,equal,0.8913924583396159
2026-05-02,sector,Macro,,0.19019604324768205,59.30313727837524,0.009547800683692943,,crypto,equal,1.49132368333411
2026-05-03,sector,Macro,,0.09056415735642409,50.919778516277724,0.005341506134349191,,crypto,equal,0.48167706522178555
2026-05-04,sector,Macro,,0.26487719525089576,59.9997572591908,0.013402186029337876,,crypto,equal,1.8633559737496848
2026-05-05,sector,Macro,,0.07821551410128347,51.163116946939255,0.005661904135934558,,crypto,equal,0.4219776349908857
2026-05-06,sector,Macro,,0.10441401567412689,50.75746837319945,0.001994978832464682,,crypto,equal,0.4491812158258319
2026-05-07,sector,Macro,,0.046980831664761774,47.39553901023529,-0.004268344946042932,,crypto,equal,-0.062290573780648596
2026-05-08,sector,Macro,,0.02775344942878731,50.01861821890542,-0.009382773770997766,,crypto,equal,-0.2539774164470834
2026-05-09,sector,Macro,,-0.0343524448518673,46.64513130098453,-0.01622401191396758,,crypto,equal,-0.8536746697229441
2026-05-10,sector,Macro,,-0.03878737836951616,40.76820824776268,-0.02007154788460163,,crypto,equal,-1.1752055017146712
2026-05-11,sector,Macro,,0.11881514520614149,53.389358966593484,-0.011454396057596707,,crypto,equal,0.19175197474692524
2026-05-12,sector,Macro,,0.005657498350022226,50.33726714149902,-0.012729519384329794,,crypto,equal,-0.6990312375066823
2026-05-13,sector,Macro,,0.11484328230056821,49.089994101660885,-0.005919633591500796,,crypto,equal,0.10281665902506838
2026-05-14,sector,Macro,,0.06608705200858872,46.32814719051444,-0.004465204506488781,,crypto,equal,-0.18438295716521189
2026-05-15,sector,Macro,,0.01708795045767919,45.81333134654233,-0.006449037881530339,,crypto,equal,-0.6999816066312319
2026-05-16,sector,Macro,,-0.019159119825196354,40.84950066950444,-0.009655408226377681,,crypto,equal,-1.0937943068350489
2026-05-17,sector,Macro,,0.05609322562866237,48.46053538265956,-0.006322318969880683,,crypto,equal,-0.2968187192696813
2026-05-18,sector,Macro,,-0.017169806294905665,36.15414862074666,-0.008528643753561016,,crypto,equal,-1.2186953856112017
2026-05-19,sector,Macro,,0.0069611709594060945,45.8379210231308,-0.007856410110551715,,crypto,equal,-0.8697812525999004
2026-05-20,sector,Macro,,0.032229554776632044,45.779004868869244,-0.005324698433530832,,crypto,equal,-0.5096257036795044
2026-05-21,sector,Macro,,0.1887253180706964,57.4279669405384,0.006626542393499657,,crypto,equal,0.7899382766609458
2026-05-22,sector,Macro,,0.08408418766313214,52.709404832526644,0.0071750080893434615,,crypto,equal,0.22191066085528843
2026-05-23,sector,Macro,,,56.058543122814335,0.00574000647147477,,crypto,equal,
2026-03-24,sector,Meme,,0.27573830201983357,,0.0,,crypto,equal,
2026-03-25,sector,Meme,,0.21725399462615683,0.0,-0.0037323318678585517,,crypto,equal,
2026-03-26,sector,Meme,,0.23379372682735783,22.04590993835295,-0.004811996362898716,,crypto,equal,
2026-03-27,sector,Meme,,0.16205875517858942,11.269994299526914,-0.009794940403295576,,crypto,equal,
2026-03-28,sector,Meme,,0.13415768911007983,9.469669575171935,-0.014143468182480875,,crypto,equal,
2026-03-29,sector,Meme,,0.20886109272754264,36.590416318585426,-0.011286185750511473,,crypto,equal,
2026-03-30,sector,Meme,,0.1767930961739062,32.42108403602178,-0.01085040236562583,,crypto,equal,
2026-03-31,sector,Meme,,0.2648956079140681,48.53292330043149,-0.004261480795460236,,crypto,equal,
2026-04-01,sector,Meme,,0.26136341727821694,48.073413576776204,5.065732358953273e-07,,crypto,equal,
2026-04-02,sector,Meme,,0.28470692362465433,51.131231389760586,0.00429573928448866,,crypto,equal,
2026-04-03,sector,Meme,,0.17261285812885127,39.859913172133595,-0.0002664539507496559,,crypto,equal,
2026-04-04,sector,Meme,,0.14172397891848337,37.57729384671136,-0.004958219883268018,,crypto,equal,
2026-04-05,sector,Meme,,0.24924912347886424,47.95266264544733,-0.0006406889265325195,,crypto,equal,
2026-04-06,sector,Meme,,0.16811597748829454,42.60887381920346,-0.0029409084289655496,,crypto,equal,
2026-04-07,sector,Meme,,0.2021764424226645,45.17381180033767,-0.001910334343679175,,crypto,equal,
2026-04-08,sector,Meme,,0.2970991162076806,54.99938302545987,0.005042330259722411,,crypto,equal,
2026-04-09,sector,Meme,,0.23157432684443816,49.869067325798156,0.005091501548462933,,crypto,equal,
2026-04-10,sector,Meme,,0.16404030578835335,50.11748316445356,0.0006712902956174278,,crypto,equal,
2026-04-11,sector,Meme,,0.2024573624392616,53.99951310724935,0.0004414916818134811,,crypto,equal,
2026-04-12,sector,Meme,,0.2040005566438782,49.68870240929669,0.0004959989453335867,,crypto,equal,
2026-04-13,sector,Meme,,0.20257028663027496,51.718360421169535,0.000534956242238694,,crypto,equal,0.28810177217900057
2026-04-14,sector,Meme,,0.2536368140815081,49.21048090487116,0.003911128614073138,,crypto,equal,0.7252101353132785
2026-04-15,sector,Meme,,0.07968143222208862,39.717345499342095,-0.0051672686055658675,,crypto,equal,-1.0104138076296114
2026-04-16,sector,Meme,,0.23220445931889233,47.40758948408011,-0.0007291775795608482,,crypto,equal,0.33366236921188075
2026-04-17,sector,Meme,,0.19953942505890696,51.44271681922486,0.00013152685622980914,,crypto,equal,0.24677977122092867
2026-04-18,sector,Meme,,0.13805647306889982,49.809733972806804,-0.0031345168279315935,,crypto,equal,-0.4892670547388386
2026-04-19,sector,Meme,,0.26827513661792357,50.96434124866414,0.0034251785731940626,,crypto,equal,0.772002179273367
2026-04-20,sector,Meme,,0.25513698307047555,54.73721780657858,0.0066430829702254345,,crypto,equal,0.9387354148108094
2026-04-21,sector,Meme,,0.20779784720394345,50.301654904050736,0.00539996191959363,,crypto,equal,0.5758168407209355
2026-04-22,sector,Meme,,0.14281462047541682,41.44595094008977,0.00028761073791161267,,crypto,equal,-0.352803170081482
2026-04-23,sector,Meme,,0.1965390297292152,48.03177144089204,0.0005930874488952569,,crypto,equal,0.2865837479904343
2026-04-24,sector,Meme,,0.12770921404430838,47.961942948841624,-0.0035441359645705627,,crypto,equal,-0.5106022750436572
2026-04-25,sector,Meme,,0.07240693219131425,42.84022608718738,-0.009377704249730452,,crypto,equal,-1.178486353775394
2026-04-26,sector,Meme,,0.18142535987511796,48.888662933750126,-0.005460765863385179,,crypto,equal,-0.1702961081466555
2026-04-27,sector,Meme,,0.16050304228712858,47.96809844863393,-0.0039177997846612245,,crypto,equal,-0.2653064372144178
2026-04-28,sector,Meme,,0.13995218702704418,44.342098721864865,-0.0039110430721834635,,crypto,equal,-0.6675528773139958
2026-04-29,sector,Meme,,0.2032283033485189,56.90997800500745,0.0004910487223482377,,crypto,equal,0.2993317346994314
2026-04-30,sector,Meme,,0.18646485425830603,46.9837305518572,0.002308229191617269,,crypto,equal,0.11981113271297432
2026-05-01,sector,Meme,,0.1599096985470354,47.365412501393216,0.0017798329547400425,,crypto,equal,-0.22121850416366834
2026-05-02,sector,Meme,,0.18212843757583994,53.09129105498673,0.0029175535019661403,,crypto,equal,0.2933605404288284
2026-05-03,sector,Meme,,0.1809930642673005,42.52411499716142,0.0035428679958465683,,crypto,equal,0.14465716202968268
2026-05-04,sector,Meme,,0.1707291002709583,42.7345227913937,0.003223596038938176,,crypto,equal,0.11113633619092117
2026-05-05,sector,Meme,,0.12472588768570003,42.833030781280854,4.0869778926340763e-05,,crypto,equal,-0.48292427859442755
2026-05-06,sector,Meme,,0.2019900745569159,54.99937681738795,0.0030967739135109116,,crypto,equal,0.5742608419784834
2026-05-07,sector,Meme,,0.235446099043051,53.40358621979473,0.007099942418973633,,crypto,equal,0.9704316734236832
2026-05-08,sector,Meme,,0.25636291969130304,62.284394278306195,0.010670580272552946,,crypto,equal,1.4657688333171246
2026-05-09,sector,Meme,,0.14153270319420458,55.92667618699803,0.005095558364895488,,crypto,equal,0.2725508930163313
2026-05-10,sector,Meme,,0.18634751184936096,50.474222037216286,0.00425702469754402,,crypto,equal,0.6086939742526455
2026-05-11,sector,Meme,,0.2791935588533659,60.04328372214198,0.009486726219944019,,crypto,equal,1.555019606058249
2026-05-12,sector,Meme,,0.1376522324529465,49.83846034467669,0.0032660536355009957,,crypto,equal,0.11964825645208185
2026-05-13,sector,Meme,,0.06541191655895752,40.44069809372596,-0.005390209078617454,,crypto,equal,-0.79707525666007
2026-05-14,sector,Meme,,0.185231073978077,49.92512609109367,-0.002850204627813647,,crypto,equal,0.3185221464961605
2026-05-15,sector,Meme,,0.17699020690818515,51.06012276030152,-0.0015917434546836393,,crypto,equal,0.32454785602144265
2026-05-16,sector,Meme,,0.1295288089749295,46.834527330037545,-0.003701834142663103,,crypto,equal,-0.33322672433641
2026-05-17,sector,Meme,,0.24828108931311757,53.54726030093447,0.0028031524337711073,,crypto,equal,0.9169628414335608
2026-05-18,sector,Meme,,0.14054246675948348,48.5569412097121,-9.360885748474924e-05,,crypto,equal,-0.09391004424702985
2026-05-19,sector,Meme,,0.19616377561132994,53.383938985222926,0.001694111980706855,,crypto,equal,0.5912749616223918
2026-05-20,sector,Meme,,0.21489037392461588,50.646952077429276,0.003965864726041997,,crypto,equal,0.7396842550230015
2026-05-21,sector,Meme,,0.2891490369317717,52.58732422603436,0.009956797888526086,,crypto,equal,1.4338789854873575
2026-05-22,sector,Meme,,0.007153429622226523,40.40680796761723,-0.0047932221450635824,,crypto,equal,-1.038645013045266
2026-05-23,sector,Meme,,,44.3254727818459,-0.0038345777160508658,,crypto,equal,
2026-03-24,sector,Meme Stocks,,0.1708787142811775,,0.0,,crypto,equal,
2026-03-25,sector,Meme Stocks,,0.13026807061516782,0.0,-0.002591676404896326,,crypto,equal,
2026-03-26,sector,Meme Stocks,,0.16424577300494997,45.553634296123064,-0.0019059444635062038,,crypto,equal,
2026-03-27,sector,Meme Stocks,,0.21751741735771277,68.23819277926945,0.0020336946687756945,,crypto,equal,
2026-03-28,sector,Meme Stocks,,0.10249622739954883,35.92264604890751,-0.0029383933281092647,,crypto,equal,
2026-03-29,sector,Meme Stocks,,0.20251495683634205,54.61304328911791,0.0004945083041667591,,crypto,equal,
2026-03-30,sector,Meme Stocks,,0.1133652793336791,43.34411643509554,-0.003057876655311159,,crypto,equal,
2026-03-31,sector,Meme Stocks,,0.11558847203775913,43.63415751706649,-0.004964109401045972,,crypto,equal,
2026-04-01,sector,Meme Stocks,,0.04098502138665638,37.23720179210319,-0.0106302206484624,,crypto,equal,
2026-04-02,sector,Meme Stocks,,0.24048501525309163,54.91308845227788,-0.0008390540887730788,,crypto,equal,
2026-04-03,sector,Meme Stocks,,0.2170238838342104,53.15269295684841,0.003900219849106889,,crypto,equal,
2026-04-04,sector,Meme Stocks,,0.15531789472177393,49.01953562736737,0.002775037930947008,,crypto,equal,
2026-04-05,sector,Meme Stocks,,0.1752391592486491,50.268016882116775,0.0032360483493718006,,crypto,equal,
2026-04-06,sector,Meme Stocks,,0.2477393783972152,54.33768145321411,0.008015176907956056,,crypto,equal,
2026-04-07,sector,Meme Stocks,,0.1619473186517807,49.540451128503584,0.005130176795899777,,crypto,equal,
2026-04-08,sector,Meme Stocks,,0.1408683516348011,50.556605773924574,0.0017108314707425577,,crypto,equal,
2026-04-09,sector,Meme Stocks,,0.19818168193489683,51.73930254001108,0.00313473059523373,,crypto,equal,
2026-04-10,sector,Meme Stocks,,0.2760170366505318,52.92461670332598,0.008822161336431192,,crypto,equal,
2026-04-11,sector,Meme Stocks,,-0.01152885538144451,45.13814200754339,-0.00645413848128386,,crypto,equal,
2026-04-12,sector,Meme Stocks,,0.1714556962363171,48.763185420663945,-0.004026425643089073,,crypto,equal,
2026-04-13,sector,Meme Stocks,,0.0964670390138298,49.319417409596,-0.0070835158517025855,,crypto,equal,-0.598922580488379
2026-04-14,sector,Meme Stocks,,0.1815116706617501,52.489028867910434,-0.0031890212371845886,,crypto,equal,0.16202256947583799
2026-04-15,sector,Meme Stocks,,0.3003008993073236,59.47472476615799,0.007019205998185154,,crypto,equal,1.2349192244244118
2026-04-16,sector,Meme Stocks,,0.30284676135164984,52.66160333181635,0.013215248101902784,,crypto,equal,1.329478107469338
2026-04-17,sector,Meme Stocks,,0.2572225841624611,51.683827779003316,0.013467503935010354,,crypto,equal,1.1217013844532728
2026-04-18,sector,Meme Stocks,,0.32751570811089453,57.161437512295066,0.017347962205358183,,crypto,equal,1.5357691229168366
2026-04-19,sector,Meme Stocks,,0.23904080068360992,52.51027270410552,0.013127343072395745,,crypto,equal,0.7842779090849333
2026-04-20,sector,Meme Stocks,,0.23001892597019657,49.2661321263538,0.009090964456957631,,crypto,equal,0.5837351089386983
2026-04-21,sector,Meme Stocks,,0.06393599583793654,46.19410007360344,-0.0046623319150853725,,crypto,equal,-0.425167088052562
2026-04-22,sector,Meme Stocks,,0.06225545100662461,46.900672337003485,-0.013282631013436573,,crypto,equal,-0.6575745067250011
2026-04-23,sector,Meme Stocks,,0.13720900879176273,47.62911895087758,-0.013312893339590914,,crypto,equal,-0.4345529340718409
2026-04-24,sector,Meme Stocks,,0.05787132892459846,41.5274508816013,-0.017773664190119484,,crypto,equal,-1.028858646228294
2026-04-25,sector,Meme Stocks,,0.07915315386048873,54.44039240993694,-0.018315739464500193,,crypto,equal,-0.7304647338797211
2026-04-26,sector,Meme Stocks,,0.2256285989391346,52.75102621958276,-0.00834192615036105,,crypto,equal,0.13795906231351673
2026-04-27,sector,Meme Stocks,,0.10387150485473785,50.35896511149273,-0.009398762442596981,,crypto,equal,-0.6212624936354542
2026-04-28,sector,Meme Stocks,,0.12441261912025925,47.047189404607494,-0.008211434201024184,,crypto,equal,-0.625739624827907
2026-04-29,sector,Meme Stocks,,-0.000747423113546232,34.53354976756444,-0.014959340718514444,,crypto,equal,-1.520470711451947
2026-04-30,sector,Meme Stocks,,0.2236634863075202,46.68715624800514,-0.003984265405315534,,crypto,equal,-0.020192516831114865
2026-05-01,sector,Meme Stocks,,0.22296757955858723,48.510868163927604,0.0031671898141654928,,crypto,equal,0.1779086301212417
2026-05-02,sector,Meme Stocks,,0.2895033425873534,48.34211237832745,0.011830532368440666,,crypto,equal,0.629813262358029
2026-05-03,sector,Meme Stocks,,0.07471323828725145,43.54426174836324,0.0030068260811051814,,crypto,equal,-0.6100546627167646
2026-05-04,sector,Meme Stocks,,0.06481341656298363,43.514244888876306,-0.003246104367579562,,crypto,equal,-0.7749006161158395
2026-05-05,sector,Meme Stocks,,0.1715263894218619,54.4303858062865,-0.00011057872818592655,,crypto,equal,0.1442497581560627
2026-05-06,sector,Meme Stocks,,0.16334830935348105,54.14067124362511,0.001413253307288434,,crypto,equal,0.14548930694216922
2026-05-07,sector,Meme Stocks,,0.03631513619077836,46.03656955834703,-0.005741250242062257,,crypto,equal,-0.8804131033260922
2026-05-08,sector,Meme Stocks,,0.05416868059079712,49.8471654634502,-0.008700698206668963,,crypto,equal,-0.8006883514534963
2026-05-09,sector,Meme Stocks,,0.10462911716934531,51.02683888688773,-0.0067749011155581705,,crypto,equal,-0.3713351768285079
2026-05-10,sector,Meme Stocks,,0.18986212055080673,48.48352277052334,0.000346464816176853,,crypto,equal,0.015287409814412178
2026-05-11,sector,Meme Stocks,,0.12699423974833027,51.03192151148779,0.0008987567713314559,,crypto,equal,-0.1238619168892286
2026-05-12,sector,Meme Stocks,,0.08434784029676919,48.246584289358346,-0.0014068323845655498,,crypto,equal,-0.6003176695676848
2026-05-13,sector,Meme Stocks,,0.185947362565371,58.34265183281604,0.003825820933829365,,crypto,equal,0.36963938082139225
2026-05-14,sector,Meme Stocks,,0.3152986819249434,54.4749956561066,0.015271329298880785,,crypto,equal,1.0258624334275497
2026-05-15,sector,Meme Stocks,,0.1634728632977114,47.46828374580287,0.012032067869071676,,crypto,equal,0.07944396523421768
2026-05-16,sector,Meme Stocks,,0.1871043077388116,45.47740811916171,0.010928333772238513,,crypto,equal,0.3396344916418822
2026-05-17,sector,Meme Stocks,,0.0837312447140481,50.44177048047444,0.0030909275568392442,,crypto,equal,-0.24347653354261328
2026-05-18,sector,Meme Stocks,,0.21433660510366725,56.550151312449955,0.006368747411854522,,crypto,equal,0.7020117487803937
2026-05-19,sector,Meme Stocks,,0.17430486734291514,50.129268714459606,0.005537370268753332,,crypto,equal,0.3805070845985612
2026-05-20,sector,Meme Stocks,,0.13940395385586649,48.91301709343813,0.002488826650903991,,crypto,equal,-0.036437352229075126
2026-05-21,sector,Meme Stocks,,0.11666461122168718,54.02907835699095,-0.0010191337649300405,,crypto,equal,-0.05470106616798705
2026-05-22,sector,Meme Stocks,,0.12331814374737442,53.50685040146049,-0.00275304721014391,,crypto,equal,-0.09720915060117874
2026-05-23,sector,Meme Stocks,,,50.99892244460931,-0.002202437768115128,,crypto,equal,
2026-03-24,sector,Oracles,,0.21895632659079353,,0.0,,crypto,equal,
2026-03-25,sector,Oracles,,0.24523992255815918,100.0,0.001677357691364656,,crypto,equal,
2026-03-26,sector,Oracles,,0.09700685796591559,15.060794701826211,-0.006822947785673046,,crypto,equal,
2026-03-27,sector,Oracles,,0.24273777753206094,53.712979022656306,-0.002481169709703842,,crypto,equal,
2026-03-28,sector,Oracles,,0.28069269340902697,58.61752325949238,0.0028098166802078893,,crypto,equal,
2026-03-29,sector,Oracles,,0.2502964585264849,54.032454231682095,0.004049971301275851,,crypto,equal,
2026-03-30,sector,Oracles,,0.2852985432691393,57.830747041882404,0.0068504693650506925,,crypto,equal,
2026-03-31,sector,Oracles,,0.17018497141610872,45.47335691155922,0.0008865096219499019,,crypto,equal,
2026-04-01,sector,Oracles,,0.21451404959307274,49.619044097106205,-8.496495096642635e-05,,crypto,equal,
2026-04-02,sector,Oracles,,-0.10892477292470891,31.91464390466099,-0.02134621483447904,,crypto,equal,
2026-04-03,sector,Oracles,,0.1774646893364726,48.26085087356939,-0.015243684146932354,,crypto,equal,
2026-04-04,sector,Oracles,,0.3815771297662309,55.820423890214315,0.0024740454559301593,,crypto,equal,
2026-04-05,sector,Oracles,,0.11060102954339142,46.75186221080158,-0.00378151556886013,,crypto,equal,
2026-04-06,sector,Oracles,,0.12735555359791448,47.28141605423438,-0.006364228784418127,,crypto,equal,
2026-04-07,sector,Oracles,,0.1486289145694716,47.93880716742557,-0.006206595073575892,,crypto,equal,
2026-04-08,sector,Oracles,,0.19385282938551682,48.51045729365993,-0.0027970139390757105,,crypto,equal,
2026-04-09,sector,Oracles,,0.2920498767780151,55.822553429591714,0.005859085489423762,,crypto,equal,
2026-04-10,sector,Oracles,,0.24089791183702122,49.94178795320992,0.0078053748054835986,,crypto,equal,
2026-04-11,sector,Oracles,,0.13703641407782283,45.63678396063198,0.002062468158226149,,crypto,equal,
2026-04-12,sector,Oracles,,0.26024465055743545,50.28602669246555,0.006287534282485772,,crypto,equal,
2026-04-13,sector,Oracles,,0.10248087225904068,45.09028145348385,-0.0014064604633570368,,crypto,equal,-0.5171621768512795
2026-04-14,sector,Oracles,,0.30209378847572416,53.38871915132098,0.006642391621026362,,crypto,equal,0.658746777928721
2026-04-15,sector,Oracles,,0.3227584513295538,52.81501051377409,0.012701422154618777,,crypto,equal,0.9063810795437454
2026-04-16,sector,Oracles,,0.1699448592753294,57.9585923315447,0.006095720635059562,,crypto,equal,0.19588974283610464
2026-04-17,sector,Oracles,,0.11767353511563228,48.030445652521415,-0.0016992285181295563,,crypto,equal,-0.3442569939506667
2026-04-18,sector,Oracles,,0.10835368514926225,39.67481907642566,-0.00708601530731549,,crypto,equal,-0.6959633722140003
2026-04-19,sector,Oracles,,0.1850391320345031,53.297216641430076,-0.005176220732616329,,crypto,equal,0.0030445196696569227
2026-04-20,sector,Oracles,,0.236819098455464,54.70273899216451,-0.000370796830092461,,crypto,equal,0.3155981443013958
2026-04-21,sector,Oracles,,0.2878670677184922,55.83268684237833,0.005951773948332783,,crypto,equal,0.6993706524739929
2026-04-22,sector,Oracles,,0.16168581333245702,48.73811242729516,0.0015699030785460437,,crypto,equal,-0.14633634711488014
2026-04-23,sector,Oracles,,0.22898006464149145,47.464339975050265,0.003051977127574569,,crypto,equal,0.303875774506923
2026-04-24,sector,Oracles,,0.1265320645395964,45.58416908890796,-0.002707744531857451,,crypto,equal,-0.4445825200021618
2026-04-25,sector,Oracles,,0.222826143007246,53.331936722414405,-1.5122663495963692e-05,,crypto,equal,0.3016540906137656
2026-04-26,sector,Oracles,,0.3171631013155353,52.26133553365124,0.007709248322523195,,crypto,equal,0.8502515724833788
2026-04-27,sector,Oracles,,0.3133772121310272,59.5468282338836,0.011902956052830841,,crypto,equal,1.140738806180283
2026-04-28,sector,Oracles,,0.23579586952383025,46.626075852532665,0.008927288683409994,,crypto,equal,0.3666205760782142
2026-04-29,sector,Oracles,,0.18325067046322963,43.12352982034896,0.0031913863913513195,,crypto,equal,-0.021489290411843998
2026-04-30,sector,Oracles,,0.25298382374416234,54.45820610315985,0.003822352767471617,,crypto,equal,0.6786247407442115
2026-05-01,sector,Oracles,,0.33616120645143005,61.3534209196854,0.009260140176682176,,crypto,equal,1.253410840825203
2026-05-02,sector,Oracles,,0.10507694665970123,49.86162131508206,-0.0026508575000573735,,crypto,equal,-0.2768282335770166
2026-05-03,sector,Oracles,,0.13590680939387167,47.841513139817415,-0.008090554125733725,,crypto,equal,-0.40267938716633356
2026-05-04,sector,Oracles,,0.2553684155415939,50.76916978408469,-0.0035142959226052576,,crypto,equal,0.3525003290441897
2026-05-05,sector,Oracles,,0.1412637560354931,44.22302087723584,-0.007797769920354448,,crypto,equal,-0.5337677491678311
2026-05-06,sector,Oracles,,0.2015722883444372,51.657812407990406,-0.00626139049941759,,crypto,equal,-0.16110525878038526
2026-05-07,sector,Oracles,,0.15892984707333827,47.02757217861982,-0.007713598899072611,,crypto,equal,-0.4974384137325326
2026-05-08,sector,Oracles,,0.0423198264009823,46.46907488599774,-0.015665726345580788,,crypto,equal,-1.1806579706084679
2026-05-09,sector,Oracles,,0.1959173148783553,48.92347359375934,-0.009995296126167483,,crypto,equal,-0.3103649766299237
2026-05-10,sector,Oracles,,0.21233085310886468,45.52715884490032,-0.004815741912917362,,crypto,equal,-0.22609077992679452
2026-05-11,sector,Oracles,,0.20176086228820367,45.265114650903236,-0.0019264297968056808,,crypto,equal,-0.20231610437879946
2026-05-12,sector,Oracles,,0.15366467166295888,46.42651266962875,-0.003014503253606058,,crypto,equal,-0.5816879262976511
2026-05-13,sector,Oracles,,0.2494153359554041,52.77447949046879,0.0026483545668687805,,crypto,equal,0.26910545385271767
2026-05-14,sector,Oracles,,0.2627503370952196,50.429871092019376,0.006980097740139669,,crypto,equal,0.4130075060601065
2026-05-15,sector,Oracles,,0.2513234524559183,46.01412932048296,0.008654292148688698,,crypto,equal,0.3602801353198637
2026-05-16,sector,Oracles,,0.29348939054878664,60.76257766413418,0.011975466301185103,,crypto,equal,1.0240872559804015
2026-05-17,sector,Oracles,,0.21050826647490575,54.02179764509255,0.008140946361619845,,crypto,equal,0.3055675952989172
2026-05-18,sector,Oracles,,0.14194383351645132,43.53018114731135,0.0009238725489226917,,crypto,equal,-0.3826419931844286
2026-05-19,sector,Oracles,,0.16490682703630533,51.50511275694508,-0.002196028724915277,,crypto,equal,-0.19354556903228382
2026-05-20,sector,Oracles,,0.16766535217985187,47.67082773374253,-0.003868748023430508,,crypto,equal,-0.3488288107285311
2026-05-21,sector,Oracles,,0.154754118580759,49.70094075610752,-0.005537904722950545,,crypto,equal,-0.42195486900805046
2026-05-22,sector,Oracles,,0.20058886483121718,62.61371704919318,-0.0033556753043554777,,crypto,equal,0.3118420018520678
2026-05-23,sector,Oracles,,,50.493017444691915,-0.002684540243484382,,crypto,equal,
2026-03-24,sector,Payments,,0.07463482535071826,,0.0,,crypto,equal,
2026-03-25,sector,Payments,,0.11954434913925466,100.0,0.0028660208913481866,,crypto,equal,
2026-03-26,sector,Payments,,0.2680329941145733,100.0,0.013981811895421848,,crypto,equal,
2026-03-27,sector,Payments,,0.23222313868709238,84.37670079229515,0.017892323730793514,,crypto,equal,
2026-03-28,sector,Payments,,0.009838408874371467,42.82579094750436,0.005134157845084577,,crypto,equal,
2026-03-29,sector,Payments,,0.15787459117040467,56.9409397029189,0.006224887283077466,,crypto,equal,
2026-03-30,sector,Payments,,0.4897520260799321,72.28203765209673,0.027656789650617766,,crypto,equal,
2026-03-31,sector,Payments,,0.298295256743493,59.95849388627381,0.02725364767088611,,crypto,equal,
2026-04-01,sector,Payments,,0.4486080285550424,64.68547388569823,0.034934673382338126,,crypto,equal,
2026-04-02,sector,Payments,,0.31694414781928887,58.62347709345823,0.0292053323222922,,crypto,equal,
2026-04-03,sector,Payments,,0.03828272554339476,48.92040646337528,0.005923370149477969,,crypto,equal,
2026-04-04,sector,Payments,,0.4570478444203491,59.09482360044409,0.01735487602474059,,crypto,equal,
2026-04-05,sector,Payments,,-0.17469664295244233,45.440355483551336,-0.01713577142860652,,crypto,equal,
2026-04-06,sector,Payments,,0.27917054306466355,53.20792234488483,-0.009281221497554712,,crypto,equal,
2026-04-07,sector,Payments,,0.10206106098600377,50.407511479554586,-0.015543573795308296,,crypto,equal,
2026-04-08,sector,Payments,,0.26026954896068866,52.02285171136771,-0.008891207631031552,,crypto,equal,
2026-04-09,sector,Payments,,0.20362288026594916,49.04902896928901,-0.008184163458396683,,crypto,equal,
2026-04-10,sector,Payments,,0.28412535656668586,50.756319315595825,-0.002469404961751326,,crypto,equal,
2026-04-11,sector,Payments,,0.17891220903640206,52.55085180626312,-0.005761794199867824,,crypto,equal,
2026-04-12,sector,Payments,,0.29667254101498863,52.1133806358881,-0.0002843178063822692,,crypto,equal,
2026-04-13,sector,Payments,,0.18993957116142968,45.09893375608936,-0.003923187947035278,,crypto,equal,-0.4535206623684841
2026-04-14,sector,Payments,,0.1669406761848573,47.727576697965965,-0.007732597117090977,,crypto,equal,-0.5177721488961082
2026-04-15,sector,Payments,,0.362175959495651,48.527617809373695,0.002495618252998936,,crypto,equal,0.2089748584371266
2026-04-16,sector,Payments,,0.40219007073392354,51.49898224103099,0.011074624184329605,,crypto,equal,0.46440255214185033
2026-04-17,sector,Payments,,0.4727133029966652,58.24245761026485,0.020091991443116436,,crypto,equal,0.8463690536745783
2026-04-18,sector,Payments,,0.4529716326135396,49.90886252585574,0.023105120873005203,,crypto,equal,0.7447900562489435
2026-04-19,sector,Payments,,0.27857554960751835,62.73987987396057,0.012274612572640994,,crypto,equal,0.31292972632682725
2026-04-20,sector,Payments,,0.4065731921146206,54.38388136857345,0.012605018270871848,,crypto,equal,0.6375390084092516
2026-04-21,sector,Payments,,0.27088974323395815,55.97981617880223,0.0030573075962847113,,crypto,equal,0.0908692562807174
2026-04-22,sector,Payments,,0.1796347580801581,47.00175748683108,-0.009352955739849109,,crypto,equal,-0.4178526240484103
2026-04-23,sector,Payments,,0.1643510167815411,48.49341218772412,-0.01803722053811238,,crypto,equal,-0.5811606564726448
2026-04-24,sector,Payments,,0.33660420752327125,51.880842763282544,-0.011921578770125382,,crypto,equal,0.06030173806596018
2026-04-25,sector,Payments,,-0.10879425735775416,41.71005679720163,-0.036240148360798016,,crypto,equal,-1.5294774445081059
2026-04-26,sector,Payments,,0.05356030594681632,43.170499256762355,-0.0394914953542933,,crypto,equal,-1.2713070480833608
2026-04-27,sector,Payments,,0.26960983799160787,52.10858844976546,-0.025851177811823597,,crypto,equal,-0.39081573172945017
2026-04-28,sector,Payments,,0.05801975913622807,47.37890620577716,-0.02957058102942093,,crypto,equal,-1.1318825958580763
2026-04-29,sector,Payments,,0.21083454593796744,46.28218728310846,-0.020652879097354297,,crypto,equal,-0.5864578121223153
2026-04-30,sector,Payments,,0.1713378166512032,44.327503291849666,-0.016507764742861857,,crypto,equal,-0.6631467188564465
2026-05-01,sector,Payments,,0.5523221109138577,51.697199392085246,0.011300431572064444,,crypto,equal,0.46510548488658743
2026-05-02,sector,Payments,,0.1709557385183994,44.79084187226377,0.0038052431026642966,,crypto,equal,-0.624702677849781
2026-05-03,sector,Payments,,0.05671442565161546,45.808831221281515,-0.008385888517034087,,crypto,equal,-0.9337376508453173
2026-05-04,sector,Payments,,0.05767432827981657,43.07666556515279,-0.015510281485341768,,crypto,equal,-1.0539352952234542
2026-05-05,sector,Payments,,0.0577789587319103,45.530680673602795,-0.019104698777392258,,crypto,equal,-1.047033974927302
2026-05-06,sector,Payments,,0.3196904705377308,52.74102107707873,-0.003546723396235579,,crypto,equal,-0.08004192648016581
2026-05-07,sector,Payments,,0.32223762270314465,53.105470133613665,0.006656082081400247,,crypto,equal,0.03936539644452099
2026-05-08,sector,Payments,,0.23296420259480133,47.89271866931169,0.007092577917553482,,crypto,equal,-0.2064377169288201
2026-05-09,sector,Payments,,0.33456210355040145,60.479790060144396,0.013549654622615316,,crypto,equal,0.3196142063045244
2026-05-10,sector,Payments,,0.25444590336909667,54.94048890813355,0.011814372326600188,,crypto,equal,0.06705424900618998
2026-05-11,sector,Payments,,0.3071663020840225,51.00433139337419,0.013485638553160656,,crypto,equal,0.13678774574288405
2026-05-12,sector,Payments,,0.39704113747289355,59.69735543254212,0.019544825711492547,,crypto,equal,0.5808097623142372
2026-05-13,sector,Payments,,0.40235505700554713,55.98311416045157,0.022595617386998,,crypto,equal,0.5877823199332027
2026-05-14,sector,Payments,,0.3039558833812146,53.995937857633,0.0169306502201183,,crypto,equal,0.1377524262061502
2026-05-15,sector,Payments,,0.27975992710683795,39.537945772500066,0.010796668805400332,,crypto,equal,-0.23674695738750934
2026-05-16,sector,Payments,,0.32154097205265797,57.81824464161183,0.008876162079555498,,crypto,equal,0.4230557112111941
2026-05-17,sector,Payments,,-0.1952281771219051,40.77515289931579,-0.025968343286325225,,crypto,equal,-1.4857096887827106
2026-05-18,sector,Payments,,0.052081408253308,49.82651317075064,-0.030801459687908577,,crypto,equal,-0.9290628954340491
2026-05-19,sector,Payments,,0.25636950391826563,55.46750526622243,-0.019245987165916,,crypto,equal,-0.15505904648249288
2026-05-20,sector,Payments,,0.19670123585155702,46.18958248875679,-0.014825434555816733,,crypto,equal,-0.4473668035506635
2026-05-21,sector,Payments,,0.15565945023236388,44.959354878668876,-0.01388615543339083,,crypto,equal,-0.7630780888139107
2026-05-22,sector,Payments,,0.0587805811785825,44.75336372798029,-0.01870985251532062,,crypto,equal,-1.019592051328533
2026-05-23,sector,Payments,,,41.15153098634376,-0.014967882012256496,,crypto,equal,
2026-03-24,sector,RWA,,0.14038728295477187,,0.0,,crypto,equal,
2026-03-25,sector,RWA,,0.12226413515552785,0.0,-0.0011565769535699876,,crypto,equal,
2026-03-26,sector,RWA,,0.13875688140337425,47.645010195057104,-0.0007657026980859526,,crypto,equal,
2026-03-27,sector,RWA,,0.18175974018885732,76.65107060102302,0.002268152362789903,,crypto,equal,
2026-03-28,sector,RWA,,0.1288758961258521,45.5895947273254,0.0006751019489355621,,crypto,equal,
2026-03-29,sector,RWA,,0.1517839491484329,53.71443123399217,0.001100830271070582,,crypto,equal,
2026-03-30,sector,RWA,,0.09765686522838951,39.705385874624824,-0.0021491388738635636,,crypto,equal,
2026-03-31,sector,RWA,,0.14953696218956272,51.763502378883686,-0.0007625662742110327,,crypto,equal,
2026-04-01,sector,RWA,,0.16295080360748948,54.135062558782835,0.0010043259175386752,,crypto,equal,
2026-04-02,sector,RWA,,0.06288483690193614,39.60808034656541,-0.004327333653580009,,crypto,equal,
2026-04-03,sector,RWA,,0.1040699516408233,45.614725439203454,-0.0048045566447673955,,crypto,equal,
2026-04-04,sector,RWA,,0.1423543936170484,50.21742410604094,-0.002388259618704371,,crypto,equal,
2026-04-05,sector,RWA,,0.08318784831046341,44.4090262219371,-0.004498677603822089,,crypto,equal,
2026-04-06,sector,RWA,,0.04798046899278684,41.549308206627614,-0.007796449866144899,,crypto,equal,
2026-04-07,sector,RWA,,0.24491764099386462,57.0279285496532,0.003167134504223526,,crypto,equal,
2026-04-08,sector,RWA,,0.14937553216081983,51.65092483846624,0.003822168756328647,,crypto,equal,
2026-04-09,sector,RWA,,0.20562220170740195,53.883674793153,0.007659759260405026,,crypto,equal,
2026-04-10,sector,RWA,,0.06619599733181503,43.96391838606803,0.0007860977043496584,,crypto,equal,
2026-04-11,sector,RWA,,0.09997721980938143,48.459841085734226,-0.0013889387726470437,,crypto,equal,
2026-04-12,sector,RWA,,0.15544629775591287,50.18863832219873,0.0008822848702781431,,crypto,equal,
2026-04-13,sector,RWA,,0.049832148389207465,47.66074243990533,-0.004460689231411315,,crypto,equal,-0.8626713166170101
2026-04-14,sector,RWA,,0.15361254168015365,50.18971708936027,-0.000922770095002782,,crypto,equal,0.18762225600232013
2026-04-15,sector,RWA,,0.1709688013433981,50.37187065718251,0.0024827741784060925,,crypto,equal,0.5195020192513937
2026-04-16,sector,RWA,,0.14877567856265497,54.29372686909071,0.0030972162564340687,,crypto,equal,0.5301396694930005
2026-04-17,sector,RWA,,0.18543389320389253,54.08591786112796,0.005678735166449844,,crypto,equal,0.9441302790766704
2026-04-18,sector,RWA,,0.11105122410164785,48.4830225317757,0.0022585394642315798,,crypto,equal,0.0018879629764141231
2026-04-19,sector,RWA,,0.13681985089537813,52.68599637973258,0.0016421516900127211,,crypto,equal,0.22726782039299295
2026-04-20,sector,RWA,,0.10391686184658096,52.80788585817361,-0.0009325797794173647,,crypto,equal,-0.1437004697513522
2026-04-21,sector,RWA,,0.21888815068850423,48.576212136014746,0.004839325032254339,,crypto,equal,1.054563115825504
2026-04-22,sector,RWA,,0.18419968833857264,52.04070265679485,0.005978201486616249,,crypto,equal,0.996303318525304
2026-04-23,sector,RWA,,0.20254319247224659,49.811181614865895,0.007524234415835928,,crypto,equal,1.1377528296575248
2026-04-24,sector,RWA,,0.17203702238893948,57.49140750668898,0.006109798195705219,,crypto,equal,1.0525687499187988
2026-04-25,sector,RWA,,0.17309732473919995,55.42679401835262,0.004914517410186106,,crypto,equal,0.9595346416699546
2026-04-26,sector,RWA,,0.22864392368989347,55.43192239387576,0.0073852445790534675,,crypto,equal,1.3741113951345294
2026-04-27,sector,RWA,,0.22133655678621453,64.90135104900999,0.007996209181700551,,crypto,equal,1.5248126934882034
2026-04-28,sector,RWA,,0.1457114874336723,49.278192894773774,0.0030313817175183794,,crypto,equal,0.347798365139227
2026-04-29,sector,RWA,,0.17189485845332517,50.08325788883683,0.0013222879559051,,crypto,equal,0.45406418441865404
2026-04-30,sector,RWA,,0.16453380222470781,51.45556604696568,-0.0004003222186630285,,crypto,equal,0.3666485156448607
2026-05-01,sector,RWA,,0.1808387707314228,49.55896910280951,-0.0005298793214124319,,crypto,equal,0.4000851409964057
2026-05-02,sector,RWA,,0.03513996211104063,43.591483311293935,-0.009991644907635175,,crypto,equal,-0.97862648826265
2026-05-03,sector,RWA,,0.014625213940767028,39.59185894277476,-0.01679492932453909,,crypto,equal,-1.4661609495838024
2026-05-04,sector,RWA,,0.17643415165030468,55.06461780907157,-0.009901539104153624,,crypto,equal,0.1426592783775238
2026-05-05,sector,RWA,,0.11235044960517564,41.99004482167051,-0.009178074408191633,,crypto,equal,-0.7639450225867211
2026-05-06,sector,RWA,,0.211298162081266,51.8578609103456,-0.0019345220227054137,,crypto,equal,0.4348426985499205
2026-05-07,sector,RWA,,0.11995741109939835,44.85311880270577,-0.003123379996300989,,crypto,equal,-0.5033038668552545
2026-05-08,sector,RWA,,0.129129181982961,47.252861471888245,-0.0031135943758827836,,crypto,equal,-0.4123353108083514
2026-05-09,sector,RWA,,0.17290845882353006,49.9885351556642,-0.00013736845858424405,,crypto,equal,0.19891927408012428
2026-05-10,sector,RWA,,0.10418626559856345,42.56391839604341,-0.002637121818396119,,crypto,equal,-0.6768653600298414
2026-05-11,sector,RWA,,0.13837547166388728,45.197519240948914,-0.0018644960830129327,,crypto,equal,-0.19876115633724997
2026-05-12,sector,RWA,,0.25091573912767723,55.84048348201938,0.005923122414774544,,crypto,equal,0.9992000331200644
2026-05-13,sector,RWA,,0.2464582256578587,54.24175634737213,0.010219337597818495,,crypto,equal,1.1239428698276066
2026-05-14,sector,RWA,,0.21732521295664187,52.93060001580853,0.01050396947182207,,crypto,equal,0.9981171289601815
2026-05-15,sector,RWA,,0.08227394192208415,45.16573271133863,0.001475901298205018,,crypto,equal,-0.4151406268838148
2026-05-16,sector,RWA,,0.18584138898065664,57.71002878050766,0.0023088046578232154,,crypto,equal,0.7166432396520501
2026-05-17,sector,RWA,,0.07483421452292582,52.81930077035899,-0.004420201527278441,,crypto,equal,-0.4659219521399407
2026-05-18,sector,RWA,,0.08795912054636623,45.18695075503251,-0.007604226578569417,,crypto,equal,-0.7561143789049396
2026-05-19,sector,RWA,,0.10077609952805458,49.333159129453,-0.008401733892225857,,crypto,equal,-0.6591501021967898
2026-05-20,sector,RWA,,0.17439598319058422,47.81001599389946,-0.00376216289016863,,crypto,equal,0.02227005351580716
2026-05-21,sector,RWA,,0.11472823295527586,49.67754906352994,-0.0044554811928985225,,crypto,equal,-0.5060617541233097
2026-05-22,sector,RWA,,0.021394649945950975,43.981381428325726,-0.010593326160775414,,crypto,equal,-1.4080194461333937
2026-05-23,sector,RWA,,,41.100313808846046,-0.00847466092862033,,crypto,equal,
2026-03-24,sector,Smart Contracts,,0.16024118917175156,,0.0,,crypto,equal,
2026-03-25,sector,Smart Contracts,,0.06949591607297423,0.0,-0.005791151331659861,,crypto,equal,
2026-03-26,sector,Smart Contracts,,0.13384291747423857,41.48949495304942,-0.004997676562454689,,crypto,equal,
2026-03-27,sector,Smart Contracts,,0.19125293020770753,57.296801704980794,-0.000549992672086299,,crypto,equal,
2026-03-28,sector,Smart Contracts,,0.08429689728045034,38.11358366670773,-0.004533279737813253,,crypto,equal,
2026-03-29,sector,Smart Contracts,,0.107531264699066,42.309447154387335,-0.0052733461106450686,,crypto,equal,
2026-03-30,sector,Smart Contracts,,0.08175541437848345,39.34973183319985,-0.007057527659466884,,crypto,equal,
2026-03-31,sector,Smart Contracts,,0.06936014684944593,38.06908913017639,-0.008532607560315146,,crypto,equal,
2026-04-01,sector,Smart Contracts,,0.19152334436236335,53.10939124616175,-0.0011299679861838594,,crypto,equal,
2026-04-02,sector,Smart Contracts,,0.11223444193542252,45.87794642103073,-0.0014046313976149461,,crypto,equal,
2026-04-03,sector,Smart Contracts,,0.08481171510652838,43.814605957199774,-0.0031637016795276543,,crypto,equal,
2026-04-04,sector,Smart Contracts,,0.1660737580370798,50.422037855769474,0.0011822627554725698,,crypto,equal,
2026-04-05,sector,Smart Contracts,,0.15911989152459194,49.919672587520985,0.0034944941716362823,,crypto,equal,
2026-04-06,sector,Smart Contracts,,0.06964092150528288,44.24711633903788,-0.0008637138312642401,,crypto,equal,
2026-04-07,sector,Smart Contracts,,0.1958170113707352,51.94699257426687,0.004590211121797916,,crypto,equal,
2026-04-08,sector,Smart Contracts,,0.28920114260646235,61.98939131719877,0.013805118949424666,,crypto,equal,
2026-04-09,sector,Smart Contracts,,0.07997002921165541,47.46153827987266,0.0055506146787390395,,crypto,equal,
2026-04-10,sector,Smart Contracts,,0.1676306121005373,48.91778069487301,0.005713619587436741,,crypto,equal,
2026-04-11,sector,Smart Contracts,,0.2855702442944635,59.12914638630901,0.013063326883334803,,crypto,equal,
2026-04-12,sector,Smart Contracts,,0.10415230430748489,49.86597280747142,0.005398161337582237,,crypto,equal,
2026-04-13,sector,Smart Contracts,,0.09186045862701772,50.40515264407173,-0.0004952862472743639,,crypto,equal,-0.026415828591832183
2026-04-14,sector,Smart Contracts,,0.0980262751973134,51.1551127032514,-0.003790257335340673,,crypto,equal,-0.109098596098905
2026-04-15,sector,Smart Contracts,,0.20811743896541307,50.675234767257635,0.0013570857658049247,,crypto,equal,0.7300429958253027
2026-04-16,sector,Smart Contracts,,0.13752397068573835,51.03639714898066,-7.888563013194174e-06,,crypto,equal,0.16301638106077945
2026-04-17,sector,Smart Contracts,,0.19396073592963228,54.369164554044794,0.0027236876347686307,,crypto,equal,0.7782794013861634
2026-04-18,sector,Smart Contracts,,0.05088088853125675,45.60634826626749,-0.004859183345460492,,crypto,equal,-0.5322459488849649
2026-04-19,sector,Smart Contracts,,-0.0010031044999030056,44.09502535489342,-0.01267846192860754,,crypto,equal,-1.0714263200067593
2026-04-20,sector,Smart Contracts,,0.10232620141126722,51.19317064740621,-0.01030176980195677,,crypto,equal,-0.4518884060517847
2026-04-21,sector,Smart Contracts,,0.2310367227037275,51.28331502025034,-1.578120405925417e-05,,crypto,equal,0.609843875766969
2026-04-22,sector,Smart Contracts,,0.23174119307118154,47.75465760211724,0.006519381518385542,,crypto,equal,0.7578399424118525
2026-04-23,sector,Smart Contracts,,0.11962853445826133,51.67700867502406,0.0031464306195548596,,crypto,equal,0.08380142043670752
2026-04-24,sector,Smart Contracts,,0.1945653096673234,51.15135637524463,0.005669968247717462,,crypto,equal,0.7039698506807225
2026-04-25,sector,Smart Contracts,,0.08210863194751326,41.2618258709851,-0.0002149127469819708,,crypto,equal,-0.40364340581356895
2026-04-26,sector,Smart Contracts,,0.19713478127122802,54.23487105514299,0.003456379959872327,,crypto,equal,0.744628789686025
2026-04-27,sector,Smart Contracts,,0.212668466349457,55.48598011587225,0.006567587554102469,,crypto,equal,0.9644038800124614
2026-04-28,sector,Smart Contracts,,0.1735632163492248,53.3305508132064,0.0056627519565606715,,crypto,equal,0.7339748589632936
2026-04-29,sector,Smart Contracts,,0.10552373331397938,45.302266822607855,0.0004287495534786583,,crypto,equal,-0.12767456326614995
2026-04-30,sector,Smart Contracts,,0.19125943575972867,52.42687598656478,0.0025682802048962563,,crypto,equal,0.7095858601043012
2026-05-01,sector,Smart Contracts,,0.15895201820549493,48.383658902095384,0.001678151015403015,,crypto,equal,0.23791272923555926
2026-05-02,sector,Smart Contracts,,0.11362779100330898,53.184454941219826,-0.0018987754528371095,,crypto,equal,0.025925456659899926
2026-05-03,sector,Smart Contracts,,-0.022901341606365172,48.97657581450964,-0.012788382305903925,,crypto,equal,-1.0836327043690936
2026-05-04,sector,Smart Contracts,,0.045017376725088515,47.22996130491087,-0.014614052838855205,,crypto,equal,-0.9647072053419515
2026-05-05,sector,Smart Contracts,,0.20509442302588154,48.782974305255244,-0.004748281442985998,,crypto,equal,0.22539346451888861
2026-05-06,sector,Smart Contracts,,0.014236751071987602,41.34111202215417,-0.010456732363624129,,crypto,equal,-1.2044063129870786
2026-05-07,sector,Smart Contracts,,0.228873161343225,54.02082759081315,0.0002739603483359436,,crypto,equal,0.551505746268395
2026-05-08,sector,Smart Contracts,,0.20198994823697022,50.28328999345159,0.005332026625358819,,crypto,equal,0.5204252616110097
2026-05-09,sector,Smart Contracts,,-0.07683070582050883,44.618773646268274,-0.00952076331924541,,crypto,equal,-1.4206350071776925
2026-05-10,sector,Smart Contracts,,0.14033727815215988,48.201400130130054,-0.004400148509566281,,crypto,equal,-0.1527881504995118
2026-05-11,sector,Smart Contracts,,0.13976514012914698,47.66929382047181,-0.0009146587154181349,,crypto,equal,-0.07128440414635517
2026-05-12,sector,Smart Contracts,,0.1949475671956672,50.676697595671264,0.0049234620455355475,,crypto,equal,0.43710182932504316
2026-05-13,sector,Smart Contracts,,0.16576192742126936,51.95426477164314,0.006534727888605105,,crypto,equal,0.45065964496465705
2026-05-14,sector,Smart Contracts,,0.15563012003096777,48.78447565032934,0.006613294841776913,,crypto,equal,0.3667605285646589
2026-05-15,sector,Smart Contracts,,0.16700971285447147,50.27887729591872,0.007084811484977057,,crypto,equal,0.5183855355597133
2026-05-16,sector,Smart Contracts,,0.2990580359041518,56.05430860293674,0.015462552439999767,,crypto,equal,1.5253033106228975
2026-05-17,sector,Smart Contracts,,0.04478680809162042,52.0522345891214,0.003667333092352979,,crypto,equal,-0.10903412236098127
2026-05-18,sector,Smart Contracts,,0.05790638464792339,50.40421298955613,-0.003097684201739905,,crypto,equal,-0.32086350462622226
2026-05-19,sector,Smart Contracts,,0.01646652905579408,43.60885211734608,-0.009830030164694102,,crypto,equal,-0.9377553076570527
2026-05-20,sector,Smart Contracts,,-0.1405303437072915,44.63298445204333,-0.023541151916619235,,crypto,equal,-1.9064025339886814
2026-05-21,sector,Smart Contracts,,0.09396828711893984,45.38533679658321,-0.015869691991633204,,crypto,equal,-0.7125003862321349
2026-05-22,sector,Smart Contracts,,0.15325668672610676,48.36914666214488,-0.006343532121954947,,crypto,equal,-0.19260043196828994
2026-05-23,sector,Smart Contracts,,0.06738563417494298,55.541864849658836,-0.0054035382249799195,,crypto,equal,-0.47045125222386164
2026-03-24,sector,Solana Eco,,0.3402661356548823,,0.0,,crypto,equal,
2026-03-25,sector,Solana Eco,,0.2579776822091575,0.0,-0.005251456858074733,,crypto,equal,
2026-03-26,sector,Solana Eco,,0.7596779659444466,85.90923964682241,0.023761630944116367,,crypto,equal,
2026-03-27,sector,Solana Eco,,0.17256424004584553,42.839999022458045,0.003190433530192655,,crypto,equal,
2026-03-28,sector,Solana Eco,,0.2432526099943701,46.09380569254397,-0.005408735721273943,,crypto,equal,
2026-03-29,sector,Solana Eco,,0.2743111411275854,47.4091594659847,-0.00857004312350519,,crypto,equal,
2026-03-30,sector,Solana Eco,,0.11032747237673728,41.998420901693066,-0.020584887790327244,,crypto,equal,
2026-03-31,sector,Solana Eco,,0.5977129886344075,56.6896468982328,0.004096656711177272,,crypto,equal,
2026-04-01,sector,Solana Eco,,0.16557145373920212,46.29312423222037,-0.008206465661931296,,crypto,equal,
2026-04-02,sector,Solana Eco,,0.4719140695003412,52.47207346606985,0.004101126741262053,,crypto,equal,
2026-04-03,sector,Solana Eco,,0.38605183250618785,50.832901857946865,0.006150109308148003,,crypto,equal,
2026-04-04,sector,Solana Eco,,0.2854797748455312,49.03854463798203,0.0007090191867304826,,crypto,equal,
2026-04-05,sector,Solana Eco,,0.2580870342962933,48.571558285008926,-0.0044729553940781605,,crypto,equal,
2026-04-06,sector,Solana Eco,,0.3105666819218815,49.4930119734531,-0.0041134097166184444,,crypto,equal,
2026-04-07,sector,Solana Eco,,0.42975422423851684,51.467885618716096,0.003967122813281553,,crypto,equal,
2026-04-08,sector,Solana Eco,,0.34356537668429227,51.402112801909375,0.003347742174032806,,crypto,equal,
2026-04-09,sector,Solana Eco,,0.4591716614671486,44.3641048342204,0.010178357196211055,,crypto,equal,
2026-04-10,sector,Solana Eco,,0.1828439865490049,50.21823350732474,-0.003715095171791754,,crypto,equal,
2026-04-11,sector,Solana Eco,,0.2369525056039934,49.865303951326524,-0.008773540363535174,,crypto,equal,
2026-04-12,sector,Solana Eco,,0.3556601891899667,51.676410549448526,-0.0038866377259622747,,crypto,equal,
2026-04-13,sector,Solana Eco,,0.3241845192065728,54.661675922994064,-0.0025978555894002773,,crypto,equal,0.07259208167400444
2026-04-14,sector,Solana Eco,,0.3028862245613311,41.93444877822896,-0.002976448408647316,,crypto,equal,-0.40707060330489664
2026-04-15,sector,Solana Eco,,0.12109238146022078,48.59006399656941,-0.01461594011418611,,crypto,equal,-0.9565122364983748
2026-04-16,sector,Solana Eco,,0.30163340895807367,44.134491034400845,-0.009546706047913352,,crypto,equal,-0.38382367223767333
2026-04-17,sector,Solana Eco,,0.15888046035859127,42.46995375341943,-0.014880611402617379,,crypto,equal,-1.0262858985739542
2026-04-18,sector,Solana Eco,,0.32089801293540055,51.12805682496149,-0.006971733562498986,,crypto,equal,-0.18544601200106622
2026-04-19,sector,Solana Eco,,0.29835677812166594,51.28655127727304,-0.002939352873649579,,crypto,equal,-0.15063042223993686
2026-04-20,sector,Solana Eco,,0.31563642105043693,50.1656965102206,0.000999905210576045,,crypto,equal,-0.047147005219623034
2026-04-21,sector,Solana Eco,,0.16372917925200892,41.487451707769694,-0.006125097285895567,,crypto,equal,-0.8873611729556852
2026-04-22,sector,Solana Eco,,0.1827890052922639,44.62436485538057,-0.008886780364712143,,crypto,equal,-0.8434313408072018
2026-04-23,sector,Solana Eco,,0.3468605514197285,46.36270587024419,0.0005057165985783603,,crypto,equal,-0.06574449046066028
2026-04-24,sector,Solana Eco,,0.09146695650678127,46.99999630643362,-0.009746590049085697,,crypto,equal,-0.9994657087888081
2026-04-25,sector,Solana Eco,,-0.07485037828159544,40.46566171577161,-0.026067582888383237,,crypto,equal,-1.6898176129904443
2026-04-26,sector,Solana Eco,,0.21448765438093803,46.091109499312076,-0.01619846289778107,,crypto,equal,-0.6406810984008656
2026-04-27,sector,Solana Eco,,0.2596429729012306,48.226361601163276,-0.005977493937711964,,crypto,equal,-0.3489527377657482
2026-04-28,sector,Solana Eco,,0.016149129015811864,42.97785439626336,-0.014479084232116697,,crypto,equal,-1.2513510198527555
2026-04-29,sector,Solana Eco,,0.18941507091304022,51.68022995343529,-0.007640307875952185,,crypto,equal,-0.41961882844597254
2026-04-30,sector,Solana Eco,,0.15092497311274106,46.01529008480618,-0.005041348798283551,,crypto,equal,-0.5792798965108157
2026-05-01,sector,Solana Eco,,0.18616518895160505,50.764890270633934,-0.0005192801586272541,,crypto,equal,-0.3287575616087556
2026-05-02,sector,Solana Eco,,0.29078827963261555,49.12784917324568,0.009400138513104853,,crypto,equal,0.0022086157197600126
2026-05-03,sector,Solana Eco,,,49.77787215995816,0.007520110810483885,,crypto,equal,
2026-05-04,sector,Solana Eco,,0.07034709266171324,49.26325935431033,-0.001693206948277487,,crypto,equal,-0.7439789015001518
2026-05-05,sector,Solana Eco,,0.16361589545941913,56.76800130926257,0.0004593481577390979,,crypto,equal,-0.14022415299212707
2026-05-06,sector,Solana Eco,,0.23665456679915287,58.15565561041261,0.006790904025787678,,crypto,equal,0.1419250952718084
2026-05-07,sector,Solana Eco,,0.48111322610214896,60.064615003570765,0.02633401130931027,,crypto,equal,1.0009735217061553
2026-05-08,sector,Solana Eco,,0.5250169631442054,71.08841194093162,0.04027441394808925,,crypto,equal,1.5860378478865964
2026-05-09,sector,Solana Eco,,0.17789232311284633,63.664768421895936,0.024926059868919197,,crypto,equal,0.39146787972769503
2026-05-10,sector,Solana Eco,,0.29967336245484183,59.77165508887336,0.021892320055207658,,crypto,equal,0.7577209673633402
2026-05-11,sector,Solana Eco,,0.233735319091985,56.13814985361714,0.014706485205428582,,crypto,equal,0.288077526346882
2026-05-12,sector,Solana Eco,,0.3495921688745109,69.00782802076614,0.016863097283265804,,crypto,equal,1.0659688572634105
2026-05-13,sector,Solana Eco,,0.21885031608432481,58.83289118012808,0.00898653342488661,,crypto,equal,0.28964575922531777
2026-05-14,sector,Solana Eco,,0.38997205096919496,64.85001149507818,0.014478018587042712,,crypto,equal,1.0631144937659884
2026-05-15,sector,Solana Eco,,0.2853490837755753,59.886452795140784,0.010430084136966075,,crypto,equal,0.5011709026362658
2026-05-16,sector,Solana Eco,,0.032924306063184076,48.939432829935065,-0.008840912830887955,,crypto,equal,-0.510292886841887
2026-05-17,sector,Solana Eco,,0.2067629252576804,53.51928169590511,-0.00941992857003407,,crypto,equal,-0.08097987109391476
2026-05-18,sector,Solana Eco,,0.1758191137425544,52.67822706704579,-0.011300086033178669,,crypto,equal,-0.21870560126698274
2026-05-19,sector,Solana Eco,,0.3093159440623144,53.62565599346224,-0.003377240180168939,,crypto,equal,0.36483172521243634
2026-05-20,sector,Solana Eco,,0.23631672979831597,49.99159296916873,-0.002895788175231795,,crypto,equal,-0.07773499161178746
2026-05-21,sector,Solana Eco,,0.2679221858894453,44.066157569994154,-0.0004214704066814435,,crypto,equal,0.07860728036961255
2026-05-22,sector,Solana Eco,,,42.66489620396136,-0.0003371763253451547,,crypto,equal,
2026-05-23,sector,Solana Eco,,,53.20306346835012,-0.0002697410602761237,,crypto,equal,
2026-03-24,sector,Store of Value,,0.035824928857116335,,0.0,,crypto,equal,
2026-03-25,sector,Store of Value,,0.08348992750296287,100.0,0.0030418688594500364,,crypto,equal,
2026-03-26,sector,Store of Value,,0.06134009402118681,68.27345593084601,0.0033685098765035516,,crypto,equal,
2026-03-27,sector,Store of Value,,-0.05048471895004351,26.241517164331626,-0.003754349586517004,,crypto,equal,
2026-03-28,sector,Store of Value,,-0.0193899498664665,37.02257955399885,-0.006043668803952999,,crypto,equal,
2026-03-29,sector,Store of Value,,-0.01954191701992832,36.99615129685375,-0.00716372770525532,,crypto,equal,
2026-03-30,sector,Store of Value,,0.01602481291036392,46.015321392868515,-0.005196390167316427,,crypto,equal,
2026-03-31,sector,Store of Value,,0.00602206811813069,44.234438872174465,-0.004293357232556243,,crypto,equal,
2026-04-01,sector,Store of Value,,0.04345520213260929,51.28938107389753,-0.0010677158865211658,,crypto,equal,
2026-04-02,sector,Store of Value,,0.02141099345723489,47.73318177267578,-0.0003486735542469451,,crypto,equal,
2026-04-03,sector,Store of Value,,-0.0646296991827821,37.56669302381418,-0.005321723711732923,,crypto,equal,
2026-04-04,sector,Store of Value,,-0.05668051320030127,38.77151498189135,-0.00759142789980626,,crypto,equal,
2026-04-05,sector,Store of Value,,-0.0028557274399938076,45.84746819480047,-0.005102769558892446,,crypto,equal,
2026-04-06,sector,Store of Value,,0.039627087481378324,50.37405835464636,-0.00047430919017429213,,crypto,equal,
2026-04-07,sector,Store of Value,,0.08325494253351434,54.2972982051733,0.005326860926731299,,crypto,equal,
2026-04-08,sector,Store of Value,,0.03933284364584291,45.971918955537916,0.005959581349782476,,crypto,equal,
2026-04-09,sector,Store of Value,,0.11720751853885936,54.62600859441353,0.011078851855954655,,crypto,equal,
2026-04-10,sector,Store of Value,,0.052807297839734,59.28190765586756,0.009636942015187545,,crypto,equal,
2026-04-11,sector,Store of Value,,0.07663559057972859,58.74311611486759,0.00976677181022559,,crypto,equal,
2026-04-12,sector,Store of Value,,0.036335468175830304,54.74101615690815,0.0067601455795572325,,crypto,equal,
2026-04-13,sector,Store of Value,,0.05888405025863588,53.71861603424533,0.005940711545548168,,crypto,equal,0.715054831659494
2026-04-14,sector,Store of Value,,0.029597353353414124,51.97924239423631,0.0032135768019167597,,crypto,equal,0.23103756305643605
2026-04-15,sector,Store of Value,,0.10525607172503414,54.87550860510887,0.006123739961207365,,crypto,equal,1.0148012642916375
2026-04-16,sector,Store of Value,,0.05936462311115082,52.88560987318814,0.004643691736075338,,crypto,equal,0.46143243489721086
2026-04-17,sector,Store of Value,,0.0595160964681869,60.8567077762883,0.0034172984440748837,,crypto,equal,0.5644743842463061
2026-04-18,sector,Store of Value,,0.05375254198321008,59.69457085551549,0.0020289087402379814,,crypto,equal,0.46278850257067783
2026-04-19,sector,Store of Value,,0.07564424583551614,57.300581044125394,0.0023720341922686752,,crypto,equal,0.7582557774460787
2026-04-20,sector,Store of Value,,0.06911348849292608,52.938788109739576,0.0019631911766469987,,crypto,equal,0.6188682350663154
2026-04-21,sector,Store of Value,,0.05151260334608602,46.663261790411795,0.0003935169155763196,,crypto,equal,0.13957029399649362
2026-04-22,sector,Store of Value,,0.08716726478691832,55.11727477681426,0.0015762887013327665,,crypto,equal,0.753838281373304
2026-04-23,sector,Store of Value,,0.10817881836178106,48.90033014153374,0.0034841558782153226,,crypto,equal,0.8049644537116212
2026-04-24,sector,Store of Value,,0.027338912536794813,47.01746260067603,-0.000761378042526295,,crypto,equal,-0.06852135367755678
2026-04-25,sector,Store of Value,,0.043431484886184556,46.0398004709309,-0.002453447016816719,,crypto,equal,-0.04509309401282686
2026-04-26,sector,Store of Value,,0.1554006205911511,62.12743714882704,0.0036678576103873865,,crypto,equal,1.3158679114110272
2026-04-27,sector,Store of Value,,0.04436438799101828,48.74696401145134,0.00012550312381857769,,crypto,equal,0.06304166047484613
2026-04-28,sector,Store of Value,,-0.0022001150325881916,47.33536497907492,-0.0051740004865737065,,crypto,equal,-0.4214154785891222
2026-04-29,sector,Store of Value,,0.13552508063066973,52.29755011720674,0.0004756882396866474,,crypto,equal,0.8566248374534657
2026-04-30,sector,Store of Value,,0.15191455080311292,57.35431897319249,0.004947505854591982,,crypto,equal,1.1564936195406963
2026-05-01,sector,Store of Value,,0.11604866952546751,54.25097843988261,0.0051005457892180535,,crypto,equal,0.8913924583396159
2026-05-02,sector,Store of Value,,0.19019604324768205,59.30313727837524,0.009547800683692943,,crypto,equal,1.49132368333411
2026-05-03,sector,Store of Value,,0.09056415735642409,50.919778516277724,0.005341506134349191,,crypto,equal,0.48167706522178555
2026-05-04,sector,Store of Value,,0.26487719525089576,59.9997572591908,0.013402186029337876,,crypto,equal,1.8633559737496848
2026-05-05,sector,Store of Value,,0.07821551410128347,51.163116946939255,0.005661904135934558,,crypto,equal,0.4219776349908857
2026-05-06,sector,Store of Value,,0.10441401567412689,50.75746837319945,0.001994978832464682,,crypto,equal,0.4491812158258319
2026-05-07,sector,Store of Value,,0.046980831664761774,47.39553901023529,-0.004268344946042932,,crypto,equal,-0.062290573780648596
2026-05-08,sector,Store of Value,,0.02775344942878731,50.01861821890542,-0.009382773770997766,,crypto,equal,-0.2539774164470834
2026-05-09,sector,Store of Value,,-0.0343524448518673,46.64513130098453,-0.01622401191396758,,crypto,equal,-0.8536746697229441
2026-05-10,sector,Store of Value,,-0.03878737836951616,40.76820824776268,-0.02007154788460163,,crypto,equal,-1.1752055017146712
2026-05-11,sector,Store of Value,,0.11881514520614149,53.389358966593484,-0.011454396057596707,,crypto,equal,0.19175197474692524
2026-05-12,sector,Store of Value,,0.005657498350022226,50.33726714149902,-0.012729519384329794,,crypto,equal,-0.6990312375066823
2026-05-13,sector,Store of Value,,0.11484328230056821,49.089994101660885,-0.005919633591500796,,crypto,equal,0.10281665902506838
2026-05-14,sector,Store of Value,,0.06608705200858872,46.32814719051444,-0.004465204506488781,,crypto,equal,-0.18438295716521189
2026-05-15,sector,Store of Value,,0.01708795045767919,45.81333134654233,-0.006449037881530339,,crypto,equal,-0.6999816066312319
2026-05-16,sector,Store of Value,,-0.019159119825196354,40.84950066950444,-0.009655408226377681,,crypto,equal,-1.0937943068350489
2026-05-17,sector,Store of Value,,0.05609322562866237,48.46053538265956,-0.006322318969880683,,crypto,equal,-0.2968187192696813
2026-05-18,sector,Store of Value,,-0.017169806294905665,36.15414862074666,-0.008528643753561016,,crypto,equal,-1.2186953856112017
2026-05-19,sector,Store of Value,,0.0069611709594060945,45.8379210231308,-0.007856410110551715,,crypto,equal,-0.8697812525999004
2026-05-20,sector,Store of Value,,0.032229554776632044,45.779004868869244,-0.005324698433530832,,crypto,equal,-0.5096257036795044
2026-05-21,sector,Store of Value,,0.1887253180706964,57.4279669405384,0.006626542393499657,,crypto,equal,0.7899382766609458
2026-05-22,sector,Store of Value,,0.08408418766313214,52.709404832526644,0.0071750080893434615,,crypto,equal,0.22191066085528843
2026-05-23,sector,Store of Value,,,56.058543122814335,0.00574000647147477,,crypto,equal,
2026-03-24,sector,Tech,,0.20492197950293656,,0.0,,crypto,equal,
2026-03-25,sector,Tech,,0.1997814005477778,0.0,-0.000328059739588471,,crypto,equal,
2026-03-26,sector,Tech,,0.13234571026796393,0.0,-0.004819324292230047,,crypto,equal,
2026-03-27,sector,Tech,,0.3044263565693103,70.3354924278857,0.0036117918039850635,,crypto,equal,
2026-03-28,sector,Tech,,0.030636574292163748,33.191579197454956,-0.008762208416105609,,crypto,equal,
2026-03-29,sector,Tech,,0.15175294534840875,45.84333142871331,-0.008305827964221208,,crypto,equal,
2026-03-30,sector,Tech,,0.06999036836488465,40.64696979001451,-0.012759867529999459,,crypto,equal,
2026-03-31,sector,Tech,,0.08880887145529086,42.15604769602203,-0.013610243244482626,,crypto,equal,
2026-04-01,sector,Tech,,-0.034693493060248715,36.12768830598014,-0.02120889895710312,,crypto,equal,
2026-04-02,sector,Tech,,0.14341885289868764,47.04811118003825,-0.013342226181643976,,crypto,equal,
2026-04-03,sector,Tech,,0.1935721141898236,49.48027569719894,-0.004330209324430834,,crypto,equal,
2026-04-04,sector,Tech,,0.15685701453383322,47.87064479299247,-0.0006066042334368499,,crypto,equal,
2026-04-05,sector,Tech,,0.24853369055108676,51.78692009332405,0.00780217503483608,,crypto,equal,
2026-04-06,sector,Tech,,0.17035524728182821,48.668956397574924,0.007849188970970585,,crypto,equal,
2026-04-07,sector,Tech,,0.11367828747784564,46.633469878348016,0.004007030396991327,,crypto,equal,
2026-04-08,sector,Tech,,0.14543811044661548,48.03357454209999,0.003563322180072607,,crypto,equal,
2026-04-09,sector,Tech,,0.2085548079176845,52.76629167125714,0.007265957669285176,,crypto,equal,
2026-04-10,sector,Tech,,0.24072470054049713,47.426297202011014,0.011381829419497728,,crypto,equal,
2026-04-11,sector,Tech,,0.023209303185642235,49.6856246511947,-0.0004193245334785222,,crypto,equal,
2026-04-12,sector,Tech,,0.10928545202760634,48.14752108700725,-0.002202866883979691,,crypto,equal,
2026-04-13,sector,Tech,,0.08077510841674501,50.493363133215105,-0.004921689592436327,,crypto,equal,-0.29829397289110077
2026-04-14,sector,Tech,,0.17244995276200306,53.58716476674919,-0.00040304728386608354,,crypto,equal,0.3784594649670169
2026-04-15,sector,Tech,,0.24646065856120827,62.59260080141639,0.007288657758788824,,crypto,equal,0.9728214125833287
2026-04-16,sector,Tech,,0.259673120864938,56.10934176357215,0.012669350972976777,,crypto,equal,1.0610444169388205
2026-04-17,sector,Tech,,0.23701684840013015,52.351033345323344,0.014001547044721962,,crypto,equal,0.9678148143870311
2026-04-18,sector,Tech,,0.3241806065295676,58.585994584051896,0.019702933055549206,,crypto,equal,1.4530282766551124
2026-04-19,sector,Tech,,0.16903452513221962,46.17007276400973,0.012335411750576971,,crypto,equal,0.394326300182927
2026-04-20,sector,Tech,,0.1619910894848896,49.56740075437562,0.006586220126332825,,crypto,equal,0.32620639371894533
2026-04-21,sector,Tech,,0.0938249800171661,48.98523504785627,-0.0017629692586851424,,crypto,equal,-0.08325876918302968
2026-04-22,sector,Tech,,0.07412885926362928,46.30964959977565,-0.00820684895732474,,crypto,equal,-0.3416906229166983
2026-04-23,sector,Tech,,0.14129722282765866,46.53386434350905,-0.007556525107994052,,crypto,equal,-0.11871192606336192
2026-04-24,sector,Tech,,0.0708894709416565,41.57937424497496,-0.01125634639902958,,crypto,equal,-0.5699092899722648
2026-04-25,sector,Tech,,0.1551393227998348,57.53728835358173,-0.007593261189029893,,crypto,equal,0.24927550315018487
2026-04-26,sector,Tech,,0.1686604033396723,53.69878772242237,-0.004003712179075425,,crypto,equal,0.27694420942111864
2026-04-27,sector,Tech,,0.1396551515868482,53.66569690398857,-0.0033532302329541607,,crypto,equal,-0.03785885720867239
2026-04-28,sector,Tech,,0.014548940846725172,40.562407535025706,-0.010704293924955637,,crypto,equal,-0.9153224880805014
2026-04-29,sector,Tech,,0.15134137206168208,44.71168878784311,-0.00594705976373892,,crypto,equal,-0.06384776066875514
2026-04-30,sector,Tech,,0.18846720849749568,46.14373009759352,-0.00019689584782195055,,crypto,equal,0.21429506358443995
2026-05-01,sector,Tech,,0.19534115967065566,47.703733365370454,0.003944028229850053,,crypto,equal,0.3693657375586755
2026-05-02,sector,Tech,,0.4146602839661576,54.35156779030819,0.020408003270238603,,crypto,equal,1.614417584834566
2026-05-03,sector,Tech,,0.017216087037520485,44.07847323941989,0.004325850883326831,,crypto,equal,-0.42452884255801737
2026-05-04,sector,Tech,,0.06957096795085074,46.51831104432701,-0.0026172638031105285,,crypto,equal,-0.34429634581302304
2026-05-05,sector,Tech,,0.09406231106076127,50.00924505711197,-0.005240457781340766,,crypto,equal,-0.2679228093246535
2026-05-06,sector,Tech,,0.1282559464679321,52.08493217403545,-0.004387375296070421,,crypto,equal,-0.11509654915565636
2026-05-07,sector,Tech,,0.03454966826803337,45.97054909335868,-0.00955242403678395,,crypto,equal,-0.6992444056996125
2026-05-08,sector,Tech,,0.1631074837662081,53.33460690025935,-0.004012613332543231,,crypto,equal,0.1813861463455635
2026-05-09,sector,Tech,,0.18530407329344,51.142008415374285,0.0011678104481898845,,crypto,equal,0.32289294717586453
2026-05-10,sector,Tech,,0.20572355036175305,51.39588390065933,0.005735338251214988,,crypto,equal,0.5190287798476557
2026-05-11,sector,Tech,,0.11930029799468474,49.26517040530843,0.0028477519897816116,,crypto,equal,-0.0739212569207783
2026-05-12,sector,Tech,,0.14690709123277884,55.14009996668211,0.0027094572183576793,,crypto,equal,0.35682171013142006
2026-05-13,sector,Tech,,0.20724734937618458,52.30815486018911,0.006384412588530854,,crypto,equal,0.6162635074629281
2026-05-14,sector,Tech,,0.2380457570446528,52.05766906340285,0.010356948789560848,,crypto,equal,0.845391661354054
2026-05-15,sector,Tech,,0.17886710363224637,49.34472340402304,0.008542024561662916,,crypto,equal,0.5703381002375394
2026-05-16,sector,Tech,,-0.008566464606736685,32.727485446551256,-0.0050096244535155175,,crypto,equal,-0.9534973287745632
2026-05-17,sector,Tech,,0.11360649189453603,55.07385264054078,-0.005437442293702174,,crypto,equal,-0.07224596746911421
2026-05-18,sector,Tech,,0.1177316941606315,52.67071670692379,-0.005138208949488231,,crypto,equal,-0.13166331686334018
2026-05-19,sector,Tech,,0.12036191119997516,51.49466385535392,-0.00448265576164192,,crypto,equal,-0.15798314660873095
2026-05-20,sector,Tech,,0.19386994339879302,53.5694796707221,0.0008953400789800661,,crypto,equal,0.47232615973242154
2026-05-21,sector,Tech,,0.061047345312944895,51.38265992710518,-0.004218231403179963,,crypto,equal,-0.38960871501703076
2026-05-22,sector,Tech,,0.13805313622959656,48.61831900116581,-0.0022392803695615226,,crypto,equal,0.058572405995094924
2026-05-23,sector,Tech,,,47.32884139013343,-0.0017914242956492176,,crypto,equal,
2026-03-24,sector,crypto,,0.18749009222196034,,0.0,,crypto,equal,
2026-03-25,sector,crypto,,0.18796145024531705,100.0,3.008096787233683e-05,,crypto,equal,
2026-03-26,sector,crypto,,0.1921714864979573,100.0,0.00031596435934785113,,crypto,equal,
2026-03-27,sector,crypto,,0.15828396267283612,12.137738123023041,-0.0016848241535634863,,crypto,equal,
2026-03-28,sector,crypto,,0.13403722508713123,7.452591594899133,-0.004394877165739089,,crypto,equal,
2026-03-29,sector,crypto,,0.17658232219080874,44.82360853436545,-0.003134902302243343,,crypto,equal,
2026-03-30,sector,crypto,,0.15495963815578187,37.19106409488876,-0.0035405336510148594,,crypto,equal,
2026-03-31,sector,crypto,,0.16406953574834462,41.39540647829754,-0.002999519684978886,,crypto,equal,
2026-04-01,sector,crypto,,0.2297403898577455,60.47021722341683,0.0017228969990278338,,crypto,equal,
2026-04-02,sector,crypto,,0.15698922919037833,44.44459788477407,-1.9117421327230835e-05,,crypto,equal,
2026-04-03,sector,crypto,,0.1307553049868277,40.56775988283522,-0.0027529278157520888,,crypto,equal,
2026-04-04,sector,crypto,,0.15416137331238658,44.859143962841955,-0.0027908830196735138,,crypto,equal,
2026-04-05,sector,crypto,,0.16270635833818875,46.2753667653576,-0.002079177374124535,,crypto,equal,
2026-04-06,sector,crypto,,0.1430300198992379,43.691399471796586,-0.00273118768500232,,crypto,equal,
2026-04-07,sector,crypto,,0.16360846065947438,46.798323554021216,-0.0016285783847232484,,crypto,equal,
2026-04-08,sector,crypto,,0.19651252340194283,51.05467812938601,0.001306296153274265,,crypto,equal,
2026-04-09,sector,crypto,,0.19515325507263068,50.370371948174245,0.0030461650156830885,,crypto,equal,
2026-04-10,sector,crypto,,0.15079951959015953,49.09390022924736,0.001195071393929185,,crypto,equal,
2026-04-11,sector,crypto,,0.18630213020519762,56.159549876332875,0.0022837910815585154,,crypto,equal,
2026-04-12,sector,crypto,,0.14350777250274957,46.10437029977996,0.0001561214889457029,,crypto,equal,
2026-04-13,sector,crypto,,0.15296331517576603,49.757928294083285,-0.0005418718926413178,,crypto,equal,-0.3290174652909128
2026-04-14,sector,crypto,,0.20906344959370624,54.89776070901444,0.002670801954396376,,crypto,equal,0.9040250135072637
2026-04-15,sector,crypto,,0.1445570642636311,40.70390023087496,0.0004632789569693884,,crypto,equal,-0.3951630057344234
2026-04-16,sector,crypto,,0.21289111328238894,56.159988543724864,0.003450713861589959,,crypto,equal,1.0678538193538434
2026-04-17,sector,crypto,,0.21095621406057716,59.33761149023465,0.005045376471416828,,crypto,equal,1.215324017449584
2026-04-18,sector,crypto,,0.1484750201573508,49.39316568231041,0.0018080590273512958,,crypto,equal,-0.027616128214857677
2026-04-19,sector,crypto,,0.19026920331578887,52.74653319644374,0.002362345651872261,,crypto,equal,0.734367563389875
2026-04-20,sector,crypto,,0.15572150144565233,51.22825567812282,0.0003867346126789252,,crypto,equal,-0.018325209860263966
2026-04-21,sector,crypto,,0.16526142472038155,50.16346298959205,-0.0002583146810475413,,crypto,equal,0.018739711078937127
2026-04-22,sector,crypto,,0.1139398380925764,42.121311460691075,-0.003919029727094998,,crypto,equal,-0.9704061533670733
2026-04-23,sector,crypto,,0.19744987406361608,50.18943489230896,-0.000664433487294956,,crypto,equal,0.4749410103869731
2026-04-24,sector,crypto,,0.15738704281545476,50.54724062436716,-0.001130682737085061,,crypto,equal,-0.21193921315648462
2026-04-25,sector,crypto,,0.11631473586191925,44.23929515705086,-0.003966489625406272,,crypto,equal,-1.0050412461119729
2026-04-26,sector,crypto,,0.18887254634683037,53.5595928125934,-0.000878182586121201,,crypto,equal,0.3185593511628291
2026-04-27,sector,crypto,,0.2092181757668244,54.33992500924968,0.0024312922730079884,,crypto,equal,0.8324960631410535
2026-04-28,sector,crypto,,0.15974739832269746,46.15606846547196,0.0012448413070175932,,crypto,equal,-0.08043861586402898
2026-04-29,sector,crypto,,0.21645474853266145,55.67302523635656,0.004075829664827528,,crypto,equal,1.1212552701413796
2026-04-30,sector,crypto,,0.19245145810624498,48.26591398863685,0.004116411901456817,,crypto,equal,0.7998120368302791
2026-05-01,sector,crypto,,0.22900873144465067,51.44658097168238,0.0062613458161406435,,crypto,equal,1.3786428798162726
2026-05-02,sector,crypto,,0.20437190253576512,54.76832085004481,0.005693270095922943,,crypto,equal,1.1510268576803948
2026-05-03,sector,crypto,,0.1281381226071849,44.99400805369748,0.0001487389758641649,,crypto,equal,-0.3022758354979459
2026-05-04,sector,crypto,,0.1708253982009024,51.201187832046934,-0.0006353595596851544,,crypto,equal,0.15732080996153255
2026-05-05,sector,crypto,,0.12443122745689748,46.932647759070846,-0.004078129117089308,,crypto,equal,-0.6300166854859403
2026-05-06,sector,crypto,,0.23406526500485836,58.29740581762769,0.000959824129158595,,crypto,equal,1.1192660340135223
2026-05-07,sector,crypto,,0.18446673245678247,49.05914067829366,0.0008851940352867043,,crypto,equal,0.4927058363564927
2026-05-08,sector,crypto,,0.21423090009148335,54.18176640047635,0.002672732567531184,,crypto,equal,0.983473846946332
2026-05-09,sector,crypto,,0.23162216278057376,58.78891448716439,0.0047380350083699885,,crypto,equal,1.3515718023939696
2026-05-10,sector,crypto,,0.14988630067658745,47.06940948876178,0.0005323074537891504,,crypto,equal,-0.047588135247020616
2026-05-11,sector,crypto,,0.22690169030649343,51.22490853596727,0.0027464117535904234,,crypto,equal,1.0656375232742785
2026-05-12,sector,crypto,,0.22239512489187138,54.62778055845547,0.003659474932159285,,crypto,equal,1.1361299788370407
2026-05-13,sector,crypto,,0.16223008980578182,46.01478847997146,0.00014887227100334778,,crypto,equal,0.045401091291096485
2026-05-14,sector,crypto,,0.18012385312905732,49.085779441532544,-0.0009691760004694227,,crypto,equal,0.18793290224138195
2026-05-15,sector,crypto,,0.15834983515831555,44.642431915002426,-0.003058303776957042,,crypto,equal,-0.24038731419044745
2026-05-16,sector,crypto,,0.15647080464757235,46.23817044938029,-0.00436994772977051,,crypto,equal,-0.3513830478909393
2026-05-17,sector,crypto,,0.14621388041657662,51.58365896203464,-0.005650218950987787,,crypto,equal,-0.48529405814091287
2026-05-18,sector,crypto,,0.15942639782345744,48.946918675853155,-0.00533306949052198,,crypto,equal,-0.45920561164349316
2026-05-19,sector,crypto,,0.1602888877501218,53.6169470350864,-0.004807307950474171,,crypto,equal,-0.3950255579902848
2026-05-20,sector,crypto,,0.19646886821357692,45.54793553312282,-0.0019135171239430004,,crypto,equal,0.12551165927485752
2026-05-21,sector,crypto,,0.19829613498925722,51.84655833993454,0.00012486264535500446,,crypto,equal,0.37071507126611625
2026-05-22,sector,crypto,,0.10252576380062313,37.31979301740179,-0.004708505735954708,,crypto,equal,-1.3087061426406745
2026-05-23,sector,crypto,,0.009390215273201469,28.474855464644804,-0.013416699709052632,,crypto,equal,-2.595147517927535
2026-03-24,sector,stocks,,0.20492197950293656,,0.0,,crypto,equal,
2026-03-25,sector,stocks,,0.1997814005477778,0.0,-0.000328059739588471,,crypto,equal,
2026-03-26,sector,stocks,,0.13234571026796393,0.0,-0.004819324292230047,,crypto,equal,
2026-03-27,sector,stocks,,0.3044263565693103,70.3354924278857,0.0036117918039850635,,crypto,equal,
2026-03-28,sector,stocks,,0.030636574292163748,33.191579197454956,-0.008762208416105609,,crypto,equal,
2026-03-29,sector,stocks,,0.15175294534840875,45.84333142871331,-0.008305827964221208,,crypto,equal,
2026-03-30,sector,stocks,,0.06999036836488465,40.64696979001451,-0.012759867529999459,,crypto,equal,
2026-03-31,sector,stocks,,0.08880887145529086,42.15604769602203,-0.013610243244482626,,crypto,equal,
2026-04-01,sector,stocks,,-0.034693493060248715,36.12768830598014,-0.02120889895710312,,crypto,equal,
2026-04-02,sector,stocks,,0.14341885289868764,47.04811118003825,-0.013342226181643976,,crypto,equal,
2026-04-03,sector,stocks,,0.1935721141898236,49.48027569719894,-0.004330209324430834,,crypto,equal,
2026-04-04,sector,stocks,,0.15685701453383322,47.87064479299247,-0.0006066042334368499,,crypto,equal,
2026-04-05,sector,stocks,,0.24853369055108676,51.78692009332405,0.00780217503483608,,crypto,equal,
2026-04-06,sector,stocks,,0.17035524728182821,48.668956397574924,0.007849188970970585,,crypto,equal,
2026-04-07,sector,stocks,,0.11367828747784564,46.633469878348016,0.004007030396991327,,crypto,equal,
2026-04-08,sector,stocks,,0.14543811044661548,48.03357454209999,0.003563322180072607,,crypto,equal,
2026-04-09,sector,stocks,,0.2085548079176845,52.76629167125714,0.007265957669285176,,crypto,equal,
2026-04-10,sector,stocks,,0.24072470054049713,47.426297202011014,0.011381829419497728,,crypto,equal,
2026-04-11,sector,stocks,,0.023209303185642235,49.6856246511947,-0.0004193245334785222,,crypto,equal,
2026-04-12,sector,stocks,,0.10928545202760634,48.14752108700725,-0.002202866883979691,,crypto,equal,
2026-04-13,sector,stocks,,0.08077510841674501,50.493363133215105,-0.004921689592436327,,crypto,equal,-0.29829397289110077
2026-04-14,sector,stocks,,0.17244995276200306,53.58716476674919,-0.00040304728386608354,,crypto,equal,0.3784594649670169
2026-04-15,sector,stocks,,0.24646065856120827,62.59260080141639,0.007288657758788824,,crypto,equal,0.9728214125833287
2026-04-16,sector,stocks,,0.259673120864938,56.10934176357215,0.012669350972976777,,crypto,equal,1.0610444169388205
2026-04-17,sector,stocks,,0.23701684840013015,52.351033345323344,0.014001547044721962,,crypto,equal,0.9678148143870311
2026-04-18,sector,stocks,,0.3241806065295676,58.585994584051896,0.019702933055549206,,crypto,equal,1.4530282766551124
2026-04-19,sector,stocks,,0.16903452513221962,46.17007276400973,0.012335411750576971,,crypto,equal,0.394326300182927
2026-04-20,sector,stocks,,0.1619910894848896,49.56740075437562,0.006586220126332825,,crypto,equal,0.32620639371894533
2026-04-21,sector,stocks,,0.0938249800171661,48.98523504785627,-0.0017629692586851424,,crypto,equal,-0.08325876918302968
2026-04-22,sector,stocks,,0.07412885926362928,46.30964959977565,-0.00820684895732474,,crypto,equal,-0.3416906229166983
2026-04-23,sector,stocks,,0.14129722282765866,46.53386434350905,-0.007556525107994052,,crypto,equal,-0.11871192606336192
2026-04-24,sector,stocks,,0.0708894709416565,41.57937424497496,-0.01125634639902958,,crypto,equal,-0.5699092899722648
2026-04-25,sector,stocks,,0.1551393227998348,57.53728835358173,-0.007593261189029893,,crypto,equal,0.24927550315018487
2026-04-26,sector,stocks,,0.1686604033396723,53.69878772242237,-0.004003712179075425,,crypto,equal,0.27694420942111864
2026-04-27,sector,stocks,,0.1396551515868482,53.66569690398857,-0.0033532302329541607,,crypto,equal,-0.03785885720867239
2026-04-28,sector,stocks,,0.014548940846725172,40.562407535025706,-0.010704293924955637,,crypto,equal,-0.9153224880805014
2026-04-29,sector,stocks,,0.15134137206168208,44.71168878784311,-0.00594705976373892,,crypto,equal,-0.06384776066875514
2026-04-30,sector,stocks,,0.18846720849749568,46.14373009759352,-0.00019689584782195055,,crypto,equal,0.21429506358443995
2026-05-01,sector,stocks,,0.19534115967065566,47.703733365370454,0.003944028229850053,,crypto,equal,0.3693657375586755
2026-05-02,sector,stocks,,0.4146602839661576,54.35156779030819,0.020408003270238603,,crypto,equal,1.614417584834566
2026-05-03,sector,stocks,,0.017216087037520485,44.07847323941989,0.004325850883326831,,crypto,equal,-0.42452884255801737
2026-05-04,sector,stocks,,0.06957096795085074,46.51831104432701,-0.0026172638031105285,,crypto,equal,-0.34429634581302304
2026-05-05,sector,stocks,,0.09406231106076127,50.00924505711197,-0.005240457781340766,,crypto,equal,-0.2679228093246535
2026-05-06,sector,stocks,,0.1282559464679321,52.08493217403545,-0.004387375296070421,,crypto,equal,-0.11509654915565636
2026-05-07,sector,stocks,,0.03454966826803337,45.97054909335868,-0.00955242403678395,,crypto,equal,-0.6992444056996125
2026-05-08,sector,stocks,,0.1631074837662081,53.33460690025935,-0.004012613332543231,,crypto,equal,0.1813861463455635
2026-05-09,sector,stocks,,0.18530407329344,51.142008415374285,0.0011678104481898845,,crypto,equal,0.32289294717586453
2026-05-10,sector,stocks,,0.20572355036175305,51.39588390065933,0.005735338251214988,,crypto,equal,0.5190287798476557
2026-05-11,sector,stocks,,0.11930029799468474,49.26517040530843,0.0028477519897816116,,crypto,equal,-0.0739212569207783
2026-05-12,sector,stocks,,0.14690709123277884,55.14009996668211,0.0027094572183576793,,crypto,equal,0.35682171013142006
2026-05-13,sector,stocks,,0.20724734937618458,52.30815486018911,0.006384412588530854,,crypto,equal,0.6162635074629281
2026-05-14,sector,stocks,,0.2380457570446528,52.05766906340285,0.010356948789560848,,crypto,equal,0.845391661354054
2026-05-15,sector,stocks,,0.17886710363224637,49.34472340402304,0.008542024561662916,,crypto,equal,0.5703381002375394
2026-05-16,sector,stocks,,-0.008566464606736685,32.727485446551256,-0.0050096244535155175,,crypto,equal,-0.9534973287745632
2026-05-17,sector,stocks,,0.11360649189453603,55.07385264054078,-0.005437442293702174,,crypto,equal,-0.07224596746911421
2026-05-18,sector,stocks,,0.1177316941606315,52.67071670692379,-0.005138208949488231,,crypto,equal,-0.13166331686334018
2026-05-19,sector,stocks,,0.12036191119997516,51.49466385535392,-0.00448265576164192,,crypto,equal,-0.15798314660873095
2026-05-20,sector,stocks,,0.19386994339879302,53.5694796707221,0.0008953400789800661,,crypto,equal,0.47232615973242154
2026-05-21,sector,stocks,,0.061047345312944895,51.38265992710518,-0.004218231403179963,,crypto,equal,-0.38960871501703076
2026-05-22,sector,stocks,,0.13805313622959656,48.61831900116581,-0.0022392803695615226,,crypto,equal,0.058572405995094924
2026-05-23,sector,stocks,,,47.32884139013343,-0.0017914242956492176,,crypto,equal,
2026-03-24,ecosystem,ecosystem,,0.18883100662818927,,0.0,,crypto,equal,
2026-03-25,ecosystem,ecosystem,,0.1889070462695139,100.0,4.852672266886238e-06,,crypto,equal,
2026-03-26,ecosystem,ecosystem,,0.1867327795679579,3.3790795446673627,-0.00013112783349852997,,crypto,equal,
2026-03-27,ecosystem,ecosystem,,0.16952568528025724,0.39080061498616203,-0.001307312594317712,,crypto,equal,
2026-03-28,ecosystem,ecosystem,,0.1260833288721337,0.12089019879336149,-0.004745113189708895,,crypto,equal,
2026-03-29,ecosystem,ecosystem,,0.17459597204341673,43.61155735001552,-0.0035410672652144907,,crypto,equal,
2026-03-30,ecosystem,ecosystem,,0.14842354047955902,35.31543571058407,-0.004248876129582906,,crypto,equal,
2026-03-31,ecosystem,ecosystem,,0.15779781372392349,39.44155488003946,-0.003839702321124,,crypto,equal,
2026-04-01,ecosystem,ecosystem,,0.20939932194097668,55.179354298331354,-4.828003633604305e-05,,crypto,equal,
2026-04-02,ecosystem,ecosystem,,0.15598401613173454,43.48211713623057,-0.0010375002455869642,,crypto,equal,
2026-04-03,ecosystem,ecosystem,,0.13540840196482737,40.199540609092246,-0.0028731609216571695,,crypto,equal,-0.6062697376247781
2026-04-04,ecosystem,ecosystem,,0.15437702461010233,44.09063467381228,-0.0026129563924007244,,crypto,equal,-0.21607613747658483
2026-04-05,ecosystem,ecosystem,,0.16930846081610396,46.81474230878009,-0.001304432858278904,,crypto,equal,0.2613785994089215
2026-04-06,ecosystem,ecosystem,,0.14521603808984512,43.402547529684924,-0.0018948766909761133,,crypto,equal,-0.2679588962600854
2026-04-07,ecosystem,ecosystem,,0.15961404680494407,45.76494630511402,-0.0011839162175176663,,crypto,equal,0.1281263633330295
2026-04-08,ecosystem,ecosystem,,0.19242657036551664,50.46594180325677,0.0014833392421380685,,crypto,equal,1.1248018535451543
2026-04-09,ecosystem,ecosystem,,0.1961841437530194,51.246021064269236,0.0033793406882190423,,crypto,equal,1.295703394443438
2026-04-10,ecosystem,ecosystem,,0.15799353406618655,48.559364674131764,0.0020078062852685735,,crypto,equal,0.3675823423859343
2026-04-11,ecosystem,ecosystem,,0.1732547040436332,56.33914555448694,0.0020667333229991034,,crypto,equal,0.6990220866443104
2026-04-12,ecosystem,ecosystem,,0.14087528631235394,45.26302941665389,-2.586468735666682e-05,,crypto,equal,-0.2840177404462198
2026-04-13,ecosystem,ecosystem,,0.1474103761943029,49.84936312232896,-0.0008738075549838149,,crypto,equal,-0.20860141128239415
2026-04-14,ecosystem,ecosystem,,0.2062470267604983,56.279775156406664,0.002442580875211718,,crypto,equal,1.291911319662777
2026-04-15,ecosystem,ecosystem,,0.15304903045509588,42.726224819034776,0.0010398843589155844,,crypto,equal,-0.0013924344035743386
2026-04-16,ecosystem,ecosystem,,0.21648972925027735,57.613121302704705,0.0041941274165158155,,crypto,equal,1.57006763375283
2026-04-17,ecosystem,ecosystem,,0.21296087824054277,60.19539056224099,0.005755821802987927,,crypto,equal,1.5734997783204077
2026-04-18,ecosystem,ecosystem,,0.16253146706712815,50.990117005046386,0.003231268071317334,,crypto,equal,0.34869819008591996
2026-04-19,ecosystem,ecosystem,,0.18857042906110333,52.277370091438144,0.00315054267914475,,crypto,equal,0.7456683683006486
2026-04-20,ecosystem,ecosystem,,0.15620377744867056,51.274166483284404,0.0008713027655439714,,crypto,equal,-0.03802495131875634
2026-04-21,ecosystem,ecosystem,,0.15930838766178027,49.96360162594083,-0.0004047347481258856,,crypto,equal,-0.14746030176810482
2026-04-22,ecosystem,ecosystem,,0.11087745510573431,40.63727063658511,-0.0042730479085029815,,crypto,equal,-1.4014442518851722
2026-04-23,ecosystem,ecosystem,,0.19295766196473946,49.68603072218484,-0.0012247106953778492,,crypto,equal,0.3245505922719738
2026-04-24,ecosystem,ecosystem,,0.1507333834405472,49.29901694042931,-0.0019309803955813217,,crypto,equal,-0.3982370163765138
2026-04-25,ecosystem,ecosystem,,0.11942070281695251,44.958479856141224,-0.004252787364043158,,crypto,equal,-1.1454222043463311
2026-04-26,ecosystem,ecosystem,,0.1873177661155105,54.07802208898574,-0.001124441788487046,,crypto,equal,0.3581320994617493
2026-04-27,ecosystem,ecosystem,,0.20365313383242634,54.85500622910317,0.0019679766460312647,,crypto,equal,0.9349505148271577
2026-04-28,ecosystem,ecosystem,,0.1485782862091611,44.989357715885525,0.00031404842767113065,,crypto,equal,-0.23203405064795407
2026-04-29,ecosystem,ecosystem,,0.21144602726566303,54.990067759511945,0.003298008423753184,,crypto,equal,1.1732338690717978
2026-04-30,ecosystem,ecosystem,,0.1921449773671104,47.74999238011849,0.0037811456822772933,,crypto,equal,0.7924272261977278
2026-05-01,ecosystem,ecosystem,,0.22631532570273105,51.16809391351894,0.0060752905649610915,,crypto,equal,1.50469010929825
2026-05-02,ecosystem,ecosystem,,0.22054793187656452,55.504699494627395,0.006821696856755313,,crypto,equal,1.9314023972500212
2026-05-03,ecosystem,ecosystem,,0.11849272820982279,44.18913335128038,0.00039847162809653405,,crypto,equal,-0.8502343136014305
2026-05-04,ecosystem,ecosystem,,0.16162044999635222,50.44127718429059,-0.0009174967271763563,,crypto,equal,-0.3485944675345831
2026-05-05,ecosystem,ecosystem,,0.12209515696488701,47.13819283228253,-0.004235981335040166,,crypto,equal,-1.5216314943758893
2026-05-06,ecosystem,ecosystem,,0.225926086655864,58.15288426484664,0.0005226699980231471,,crypto,equal,0.955592503590776
2026-05-07,ecosystem,ecosystem,,0.17293465059610946,48.520061845272835,8.522900533374823e-05,,crypto,equal,0.03307105138593358
2026-05-08,ecosystem,ecosystem,,0.2102983296049237,54.43441820891041,0.0021799674910818645,,crypto,equal,1.02754905291358
2026-05-09,ecosystem,ecosystem,,0.22805923282002502,58.25434214341469,0.004496045422261466,,crypto,equal,1.597972522531117
2026-05-10,ecosystem,ecosystem,,0.15418147372929253,47.504983912855465,0.0009710292567821966,,crypto,equal,-0.25621541343944776
2026-05-11,ecosystem,ecosystem,,0.218624660128662,51.051138719308625,0.0027948220706553823,,crypto,equal,1.1392661101167052
2026-05-12,ecosystem,ecosystem,,0.2165883530719412,55.15916487029519,0.0036266025671762474,,crypto,equal,1.200678021199883
2026-05-13,ecosystem,ecosystem,,0.165692955926582,46.46501497817482,0.0006666669070226981,,crypto,equal,-0.08725613957940193
2026-05-14,ecosystem,ecosystem,,0.184757605442305,49.42902648347471,-5.151099426744989e-05,,crypto,equal,0.03928794969559957
2026-05-15,ecosystem,ecosystem,,0.15992808657938717,44.79372430852251,-0.0021280563672169787,,crypto,equal,-0.7468415272074251
2026-05-16,ecosystem,ecosystem,,0.14377563008954858,44.075794768366976,-0.004388544095300526,,crypto,equal,-1.4171214397387424
2026-05-17,ecosystem,ecosystem,,0.14360528933481337,52.29939206758208,-0.005615881157259273,,crypto,equal,-1.6485742255992575
2026-05-18,ecosystem,ecosystem,,0.156219112926317,49.47616355706268,-0.005302665128707891,,crypto,equal,-1.401844896187001
2026-05-19,ecosystem,ecosystem,,0.15721758186164894,53.68137319875726,-0.0047694585224026705,,crypto,equal,-1.2326669263224612
2026-05-20,ecosystem,ecosystem,,0.196268950920132,46.4030095281949,-0.0016869999071904924,,crypto,equal,-0.14388091602197206
2026-05-21,ecosystem,ecosystem,,0.1877385357833871,52.012555350902375,-0.0002010203877268091,,crypto,equal,0.11407867160603659
2026-05-22,ecosystem,ecosystem,,0.1057555249305298,37.32530594408207,-0.004480695432233343,,crypto,equal,-1.632595706401554
2026-05-23,ecosystem,ecosystem,,0.009390215273201469,27.732824049227844,-0.013057455719272328,,crypto,equal,-3.8693985848479615
