date,sector,sector_strength_v2,sector_strength_base,combined_compound,sector_rsi,sector_macd_hist,sentiment_z,rsi_z,macd_z,ma_alignment,n_terms,n_rows
2026-03-24,Academic Chain,,,0.05881497682821709,,0.0,,,,35.18989017897658,1,1
2026-03-25,Academic Chain,,30.756245254395346,0.06677734152496455,100.0,0.0005081395134106659,,,,34.78022779934532,1,1
2026-03-26,Academic Chain,,30.939206862109337,0.13639906756624992,100.0,0.005241931757335605,,,,35.657956988167896,1,1
2026-03-27,Academic Chain,,14.530848805015477,0.00032835932973311784,36.31282382160514,-0.0007626299867842337,,,,32.61014772526596,1,1
2026-03-28,Academic Chain,,11.565747042522663,-0.0709958039825834,27.224497596399758,-0.00904930350009647,,,,28.58598119598387,1,1
2026-03-29,Academic Chain,,10.557417631058897,-0.08489772116650962,25.958198087279982,-0.014646780547600616,,,,24.443452407600955,1,1
2026-03-30,Academic Chain,,15.556223548862608,0.02967189019704386,46.47562558550091,-0.01003315655791536,,,,23.378548895860504,1,1
2026-03-31,Academic Chain,,14.157025661075505,-0.007556945569586591,42.63645806671667,-0.008925820726914797,,,,20.992275262981494,1,1
2026-04-01,Academic Chain,,17.354655208975295,0.11078127309556351,54.56631756785655,-0.00012593702795875295,,,,21.905867165821206,1,1
2026-04-02,Academic Chain,,18.348390385938878,0.15247838254999888,57.66834437308847,0.008143412694335668,,,,23.53975350011266,1,1
2026-04-03,Academic Chain,,17.19808971668518,0.10081470728441334,53.170373225908115,0.0096701133635255,,,,24.077641879251324,1,1
2026-04-04,Academic Chain,,14.02044850822966,-0.051442880441676817,43.2326911401394,0.00044891142929018215,,,,20.69469252981815,1,1
2026-04-05,Academic Chain,,15.666208630071566,0.06336743870034814,50.244901840021384,0.0020171497444529942,,,,20.8053264453548,1,1
2026-04-06,Academic Chain,,18.451329545166004,0.27057788473643873,59.315165744230676,0.016157953280413823,,,,25.290850551746875,1,1
2026-04-07,Academic Chain,,18.540021187208094,0.24303920050054895,57.91208369635931,0.022419744516651543,,,,29.262929417230872,1,1
2026-04-08,Academic Chain,,18.14850111079793,0.19902127961075583,55.50901213723174,0.02231210452398154,,,,31.07186868055509,1,1
2026-04-09,Academic Chain,,17.995000425763067,0.21458600355818302,53.41072023433614,0.02196944249780719,,,,33.6209164836987,1,1
2026-04-10,Academic Chain,,18.667457111251856,0.13589943984162295,56.22565499559076,0.015432466329863878,,,,33.75027342022768,1,1
2026-04-11,Academic Chain,,17.299286617974975,0.0012650576380143497,53.135995464741875,0.0017500603702601848,,,,30.325860184526675,1,1
2026-04-12,Academic Chain,,17.80357769516017,0.06630598023540807,56.28309039346351,-0.002954885490375779,-0.15096134578313744,,0.6009837171010097,28.39364379037773,1,1
2026-04-13,Academic Chain,-0.20192691835592277,15.979443045773914,0.04169730445009079,50.54008062290041,-0.007500785395945737,-0.38091036516640686,-0.18734045618525647,0.23929365946307615,26.616764624374035,1,1
2026-04-14,Academic Chain,0.9507291951174279,19.08823862761695,0.27336561459496167,60.740785196290695,0.004663399546148087,1.7408391773079646,0.356828747243833,0.9517490065248688,29.98268445030386,1,1
2026-04-15,Academic Chain,0.19862469211037734,16.41840242293197,0.1350381801938405,50.913475118165344,0.003040582397314164,0.42616460043467086,-0.18439309156249087,0.8678394081021973,29.81366219190205,1,1
2026-04-16,Academic Chain,-0.5961435233517901,13.91439435610836,-0.03845508499182759,43.45904521037246,-0.009389721076184326,-1.1764191094833194,-0.5903422411126816,0.02338217258252224,25.812332677386898,1,1
2026-04-17,Academic Chain,-0.8496571298219235,13.486189095489813,-0.07063392358422556,44.04707993864135,-0.01890257291140256,-1.391257393779723,-0.5415814588035798,-0.7818427899232192,21.729855992126126,1,1
2026-04-18,Academic Chain,0.2591957963899956,17.101094996123596,0.15353316677961318,56.77854345966129,-0.009685662065314552,0.6729650132073997,0.20020428567449014,-0.373697314095291,23.597243765584995,1,1
2026-04-19,Academic Chain,0.3816925790761797,16.833404132798634,0.17686498675458134,53.995072818059796,-0.0020072267085117085,0.8630417550118274,0.033133146257962,0.055116412560694154,25.851113743634208,1,1
2026-04-20,Academic Chain,-0.36201168017401975,13.779339319024771,0.06475705537240113,42.23532436065185,-0.004334467896555651,-0.19162394142718112,-0.6662553893877502,-0.15047825833083853,24.837885063262735,1,1
2026-04-21,Academic Chain,0.8596430922767462,17.26190652130137,0.3004395294902091,51.8715337938876,0.009393974834234303,1.8982485279156183,-0.07061786179902677,0.8248612228315304,30.272336722752662,1,1
2026-04-22,Academic Chain,0.06384533146895463,16.18080850332962,0.12038639390121884,47.6450212795439,0.0059134553957856575,0.253004427053606,-0.3299559483033901,0.6825328239506824,30.15594305168229,1,1
2026-04-23,Academic Chain,0.9935280855592986,18.390488898563756,0.30399105886750855,52.43267741474944,0.015023459742398552,1.8112077553262642,-0.023749316989132522,1.419266005121925,34.504834423105905,1,1
2026-04-24,Academic Chain,0.780855170180862,18.75782966268786,0.21989220331852494,52.27869950354817,0.0144289442183557,1.0300341879104493,-0.03322762507449158,1.519402192093182,36.06707844786256,1,1
2026-04-25,Academic Chain,-0.04101717978767092,18.17060124499062,0.055880665146797626,51.458458075125506,0.002650261936403924,-0.4156033303433336,-0.08611524791564132,0.8252169718960982,33.60523752634583,1,1
2026-04-26,Academic Chain,-0.4542759701388289,16.76471986005883,-0.0030063817100948603,48.142975592544694,-0.008818222444832373,-0.918288108086306,-0.3038954308875493,-0.005793503967221542,30.36204492969647,1,1
2026-04-27,Academic Chain,0.5356764601735508,18.811349821607603,0.2164973829398087,54.240422763126645,-0.00170473415803378,1.0246145350108469,0.1101646218277455,0.4003288549545249,32.92792203431905,1,1
2026-04-28,Academic Chain,0.5459063657576158,17.678309723628438,0.22667908333797823,48.7310887945306,0.0033281141019220195,1.0818230779238232,-0.267103894453815,0.750195713261516,34.99038725200738,1,1
2026-04-29,Academic Chain,1.1148588793975895,20.23196993213764,0.3384794424997538,55.61030785610686,0.013270507236905215,1.9418241105568126,0.21262738510980472,1.5113151918346945,39.695620814381236,1,1
2026-04-30,Academic Chain,0.9947341447681212,21.35356386753392,0.26183524633298627,58.74842632608025,0.013712573858137588,1.2402555362049172,0.4290389556534836,1.6600428959387936,41.8208549170869,1,1
2026-05-01,Academic Chain,0.9764005576500108,21.850937855877742,0.2521677518823251,59.52924535681211,0.012419888913838377,1.1237571511333517,0.4774716900163696,1.678897044309987,43.56580855407164,1,1
2026-05-02,Academic Chain,-0.2317166868779944,17.985136673083876,0.03994941120147704,46.62313573004234,-0.002846969272993889,-0.6631283653128842,-0.45426811393744393,0.7295468450029596,39.902435623162724,1,1
2026-05-03,Academic Chain,-0.2547528122009264,17.94997947631697,0.08076762774694199,47.17240905217411,-0.00991756382857761,-0.31046409688730775,-0.407922514398793,0.16528817606494803,38.01477000600213,1,1
2026-05-04,Academic Chain,0.09321437471109872,19.60093801620396,0.17367980043468093,53.241586362826695,-0.008133128163798832,0.48478155200179845,0.042560562291984,0.1486586127007212,38.705467883757194,1,1
2026-05-05,Academic Chain,0.890596137041534,20.334711599036098,0.349974899757579,51.52821233535657,0.004447766450855754,1.9078999079575172,-0.08536201260260569,0.9527895367287734,44.48426888745165,1,1
2026-05-06,Academic Chain,0.8246775506841775,21.91917747112319,0.27740666191818786,55.18831136844545,0.007244146941484935,1.257813732792413,0.1911801004978488,1.1963106559975654,48.00992992608791,1,1
2026-05-07,Academic Chain,0.6878462318119015,20.671453407901513,0.2666365540719591,48.60656736263383,0.007688494058839122,1.1375158511789065,-0.31219577277882843,1.2976150903589214,50.59372238585608,1,1
2026-05-08,Academic Chain,0.7726816223210787,22.05040926136856,0.27116717807998264,52.033415801982734,0.007594272142598894,1.1452434418832838,-0.044771666061118355,1.360484286637729,53.633866749713206,1,1
2026-05-09,Academic Chain,1.9887774983510378,28.074044681502052,0.5665640968493418,68.34095424987882,0.025712523391053545,3.1437571078135353,1.206430034511584,2.5663528766778376,63.96985300870891,1,1
2026-05-10,Academic Chain,0.769608529675474,25.937007506917272,0.2569324590901611,57.910788572277845,0.01562609825292456,0.8340293966579405,0.38447959715908125,2.0955912057832453,66.09633294828166,1,1
2026-05-11,Academic Chain,0.6617874773300995,25.19772458671885,0.2878553002886267,52.45324466043967,0.010088051654801679,1.0410239913914991,-0.046671831595001996,1.84579936471937,69.01337741175728,1,1
2026-05-12,Academic Chain,0.2398909214906033,24.34822445992736,0.19447031181660213,48.95260199105872,-0.0002648738314580748,0.3437219831336434,-0.32288592695784213,1.274150890737533,68.65013339616743,1,1
2026-05-13,Academic Chain,0.41817064743470167,24.670885484238372,0.28991039938669577,48.40359543925255,-0.0010419757394679874,1.037110533494235,-0.36307624083647405,1.1916412287193492,70.53731044662354,1,1
2026-05-14,Academic Chain,0.9560136197711666,26.839701704763474,0.37426612340401866,53.67682511983285,0.0035185967095929527,1.6094347512098925,0.06564603795479128,1.4249106510274205,74.83188356148369,1,1
2026-05-15,Academic Chain,0.45992721178122675,26.45701541645122,0.288097300180886,51.11901205322562,0.0002951494718703221,0.9572648670602127,-0.1433251713392102,1.2355760419397641,75.88964940817894,1,1
2026-05-16,Academic Chain,-0.3410641781109725,25.39247292176558,0.05402283302643335,50.432424314600404,-0.017077857439804875,-0.7559643429948166,-0.1984059393049656,0.14996342696350615,70.80537476420383,1,1
2026-05-17,Academic Chain,-0.716137868197617,23.839110853071542,0.01748884957038265,48.05054420205137,-0.029763316432103115,-1.0072134784972229,-0.39384763810560874,-0.8539971452480627,65.12144660209705,1,1
2026-05-18,Academic Chain,-0.33800005269860167,24.3193254971915,0.18060403840459766,50.20447330676718,-0.026036738101982974,0.19706602345062516,-0.209851070402382,-0.9775153260546244,64.40905365677206,1,1
2026-05-19,Academic Chain,0.3326872912812815,24.803365068841813,0.33959782201494165,49.690400510874234,-0.012422441586322368,1.3482918227398724,-0.2513001238146467,-0.4401043727957063,67.84693891029869,1,1
2026-05-20,Academic Chain,0.5454500928345831,26.139314033321224,0.3584529519813751,52.49807587782483,-0.002239407017738046,1.4473515476327394,-0.009768057693087608,0.050897298746472995,71.51987031153152,1,1
2026-05-21,Academic Chain,0.6795140392510487,26.94380825997802,0.3705321869532615,53.19977496439902,0.004831849811010359,1.4929411555971672,0.05068481747284525,0.47253026510214885,74.85241353846496,1,1
2026-05-22,Academic Chain,-0.3243474063098728,24.646039253531228,0.1408292088890375,46.47479076140721,-0.005858971081809782,-0.16973261803154424,-0.5322122190629321,-0.1566360390733971,71.81469197886524,1,1
2026-05-23,Academic Chain,,,,36.29543031591199,-0.004687176865447826,,-1.3932267174489503,-0.17177236432713103,71.81469197886524,1,1
2026-03-24,Crypto,,,0.07764286771341121,,0.0,,,,43.99258014667898,25,25
2026-03-25,Crypto,,30.500542883297125,0.08909271928558946,100.0,0.0007307027783954201,,,,44.756858009041835,25,25
2026-03-26,Crypto,,30.583990126937728,0.08994804452627116,100.0,0.001203307915982512,,,,44.98334996041615,25,25
2026-03-27,Crypto,,8.202170863794368,0.008731345010627589,13.157538424097652,-0.0037510197566409612,,,,40.21498382915924,25,25
2026-03-28,Crypto,,10.685836806814915,0.02389689004362711,25.27497800733505,-0.005687690720931467,,,,36.64096550751699,25,25
2026-03-29,Crypto,,10.158139140663117,0.02208308406727407,24.86010563653568,-0.0067020485469215605,,,,33.628965643345694,25,25
2026-03-30,Crypto,,13.227524778981422,0.045519426905116046,38.008054511457864,-0.005458463219920741,,,,31.9998704356611,25,25
2026-03-31,Crypto,,11.37810711520076,0.021268990233280716,32.181368043133176,-0.005895651587505814,,,,29.48564526245496,25,25
2026-04-01,Crypto,,16.77060198706383,0.08920813929491976,52.557249600343,-0.001466636835847305,,,,30.720266009349267,25,25
2026-04-02,Crypto,,14.671762252242951,0.0509057929485814,44.944385074893326,-0.0009964977903624073,,,,29.496115889631294,25,25
2026-04-03,Crypto,,10.95183744433266,-0.034128546855774884,34.00815748056155,-0.006012406234969908,,,,23.68573139037369,25,25
2026-04-04,Crypto,,11.754363979997224,-0.002761147644020818,39.44361614228948,-0.006761730216587967,,,,20.154819081046817,25,25
2026-04-05,Crypto,,13.447434310216893,0.04875088761567934,46.65867591031697,-0.003496565951007398,,,,19.609322947248575,25,25
2026-04-06,Crypto,,13.907484720974933,0.0663592899455609,48.746134496441016,-4.2044799301803326e-05,,,,19.884517068091508,25,25
2026-04-07,Crypto,,15.183154914870801,0.09374009676778178,51.68616525557895,0.003973817726261236,,,,23.324854347698583,25,25
2026-04-08,Crypto,,15.403334663537997,0.09548528562237463,50.68351005039023,0.006485937616845367,,,,25.65761719532142,25,25
2026-04-09,Crypto,,16.470799466994517,0.11493472612752036,52.56947287201735,0.009038912496594173,,,,29.258740008501167,25,25
2026-04-10,Crypto,,18.219098138010743,0.08381841775991838,58.60850297946045,0.008236073858058131,,,,30.437313659223925,25,25
2026-04-11,Crypto,,19.075056803864157,0.10853421315713813,59.49547667122405,0.008916265197219993,,,,33.533354172123325,25,25
2026-04-12,Crypto,,17.594647632484254,0.06052684628205507,53.90795586256754,0.005828989947765337,0.07023045025330465,,1.4524174836703232,32.548464497589556,25,25
2026-04-13,Crypto,0.29364051331602914,17.175122439014594,0.06458953237789988,52.01803602138164,0.003851883386871651,0.1663612405072177,0.14427768031599628,1.2310565386251295,32.733725823776645,25,25
2026-04-14,Crypto,0.2557954434269267,17.773342025377634,0.062308055667734924,54.55460531081323,0.0022606033748091376,0.10629264485854381,0.25672656932563503,1.0393144822191633,32.22527903119338,25,25
2026-04-15,Crypto,1.0599395452578815,18.538727899862188,0.13084817040150828,54.615145516796694,0.005509085637986451,1.7088276337402326,0.25354458444829464,1.5337701346258823,36.454767120616104,25,25
2026-04-16,Crypto,0.7093844170218474,18.685778058112692,0.08819945048881825,54.093974456914985,0.004512378335121413,0.6406757564990029,0.22290041162252125,1.4457737937536992,37.62267099935888,25,25
2026-04-17,Crypto,0.9492900485094479,22.533956762719065,0.09971409028616732,67.52094563121246,0.004353411957271113,0.8936475373227731,0.8641036659177284,1.4603077286881485,39.49833355736739,25,25
2026-04-18,Crypto,0.3164527955482055,20.45728944327584,0.06675388201749795,59.06221665338618,0.0018796554330135617,0.06832717325521763,0.4270322782069167,1.1575878331460459,39.10385184250962,25,25
2026-04-19,Crypto,0.34540458404966234,19.50337348727013,0.08158769061945774,54.733369824096386,0.001130530080814227,0.4370833688608224,0.2007584643300889,1.0565464263683721,39.508569049440254,25,25
2026-04-20,Crypto,0.34542905479799835,19.349585731267815,0.08648810699643707,53.01188040608271,0.0008651379321164936,0.5510715140561994,0.10859834333013606,1.0118517020606852,40.40318873994617,25,25
2026-04-21,Crypto,0.5271332916414694,18.88472888889812,0.09087399424706677,49.53945179861246,0.0008820448077220683,0.6499305307794931,-0.07545536904952203,1.0039769314489935,41.91343341178574,25,25
2026-04-22,Crypto,0.8512117070720516,20.596550105295798,0.11985839612334999,53.601214387516976,0.002642814334621213,1.3497636765931948,0.14301654090326343,1.2411452862288879,45.215799165011774,25,25
2026-04-23,Crypto,0.7665576796092952,20.21631976165169,0.11427965942034969,49.89907472918618,0.003192538472192707,1.1575202482248488,-0.06099327510218774,1.3376605521673028,47.6473837746541,25,25
2026-04-24,Crypto,0.11348408316395084,19.833986874597432,0.07029602466913182,47.99607624154244,0.0004961980603590179,0.016574378713375804,-0.16551527343975622,1.0005912679982063,46.95693029134914,25,25
2026-04-25,Crypto,-0.1447761468879884,18.38280145612564,0.05904221450567073,42.36083474982101,-0.0020057560978391804,-0.27562961151335325,-0.4790847127042099,0.6319370162413434,45.946170156478935,25,25
2026-04-26,Crypto,1.392840388321618,25.111208306939343,0.17483239120327906,64.59025822437721,0.0038575058205349427,2.496269250756675,0.7905012666864304,1.3826061303426285,52.37922906911331,25,25
2026-04-27,Crypto,0.27067476855998274,22.0885467905228,0.0837025425746002,51.99598724359202,0.001442616586722633,0.27027203137488337,0.05485637405112163,1.1043379565738018,52.4016861357293,25,25
2026-04-28,Crypto,-0.23141980045855565,20.725017039918143,0.042961300508366045,48.12982909422284,-0.002821869791959989,-0.7212882072766077,-0.17170156858173632,0.513556197010112,49.542148444090216,25,25
2026-04-29,Crypto,0.8548601209002716,22.136339030400038,0.14393346057857187,51.19026935123847,0.0010281534623662655,1.6941270753695108,0.012105310145857865,0.9727398583638489,53.104099727563735,25,25
2026-04-30,Crypto,1.1591413526519294,24.45948411337876,0.16310436920596993,57.11753476020177,0.0045396614354775745,2.0073412491052522,0.36796033368784664,1.4579370086607761,57.89869659209545,25,25
2026-05-01,Crypto,0.8697219936876819,23.82785891683858,0.13118684023684538,52.878941686052414,0.004384223995816741,1.2280519406226942,0.10489924199438082,1.4999501565853965,60.31646300201417,25,25
2026-05-02,Crypto,1.3404964090778133,26.46393909384908,0.1776807047968783,59.90176836932994,0.006932603917797986,2.1271981733179817,0.5354531805129997,1.8721820354561023,65.67391027275896,25,25
2026-05-03,Crypto,0.34347009498598036,24.059735104965686,0.09448681364006623,51.02618891740196,0.0027499234916459666,0.30866867345608745,-0.02492934819771564,1.4298053998156284,64.46437670630446,25,25
2026-05-04,Crypto,1.6171687092908689,27.41415003485129,0.22833812073047638,59.36368743190249,0.008412657724173003,2.8720598044081678,0.5009488919920961,2.11814782041615,72.53539522430917,25,25
2026-05-05,Crypto,0.4131198507189845,25.286405798441947,0.10454291966340784,50.7794275405898,0.0034878848516403,0.40304859925297354,-0.05300278792161629,1.6234449923578353,72.57007889299716,25,25
2026-05-06,Crypto,0.39377806912153623,25.035161196904035,0.11650481945653077,49.80498701805107,0.0008409837999863515,0.633274569101786,-0.11538426372935562,1.3315417193340204,72.96759543319027,25,25
2026-05-07,Crypto,0.09190559263344636,24.57182398087543,0.08876318725374471,48.55348322587844,-0.00277513982660948,0.0709384676493689,-0.19591515851940317,0.8801353313072452,72.21062276993894,25,25
2026-05-08,Crypto,-0.15736119546456678,24.473871971844126,0.06647431799739623,49.77788583777513,-0.00645488251273911,-0.38067799051189505,-0.1126936457044666,0.3421798377861992,70.14420738249548,25,25
2026-05-09,Crypto,-0.7913549320425102,22.587400695514148,0.005529585931916492,47.05972391260542,-0.01243381707518496,-1.5778518223404157,-0.29326466829691006,-0.5750979175321348,63.533713385347184,25,25
2026-05-10,Crypto,-0.9225041921258239,20.378050563278947,0.022838295969379297,40.63512717500452,-0.014518123888555327,-1.194699512881762,-0.7208540633720146,-1.133237754558963,59.9263333389401,25,25
2026-05-11,Crypto,0.30913119001108874,24.15025439938959,0.13784413221724207,53.24050642891728,-0.007784198575468643,1.1039956223721148,0.14432597043824313,-0.6345111075081138,64.10067359608134,25,25
2026-05-12,Crypto,-0.5009550946006063,23.21736476282164,0.05523910209943592,50.69978795098699,-0.008469501768566728,-0.5540659419827578,-0.03189087401988031,-0.9059293025491395,62.52368912521625,25,25
2026-05-13,Crypto,0.2657202116728984,23.383232023162297,0.1347084924864946,49.46100023306734,-0.003406594340251189,1.0376881732199599,-0.11769019037614399,-0.4663392743335153,65.7270618920169,25,25
2026-05-14,Crypto,-0.25274871742131594,22.527903216659467,0.09248839737562942,45.98224092512719,-0.002764400187295492,0.1795236078347577,-0.36046402519931614,-0.46593961153010943,66.19885307507869,25,25
2026-05-15,Crypto,-0.5265212304642732,22.183369608538555,0.05884393564676295,45.89205808493477,-0.004373110835157285,-0.5034952795243194,-0.3629634144422683,-0.7378463766429811,64.44097214926384,25,25
2026-05-16,Crypto,-0.6970266107817525,21.01043779036963,0.051115934898067546,42.48212604042049,-0.0056444185361109135,-0.6541478094211718,-0.6012835554104088,-1.0007725514772028,62.37598143161872,25,25
2026-05-17,Crypto,-0.47681742457451404,22.2192284927806,0.07020553060201931,48.43881345306708,-0.004913303429698375,-0.25577436820820154,-0.1671005964290939,-1.0330409757187156,61.33806524665098,25,25
2026-05-18,Crypto,-1.1006397748733638,18.14025477343546,0.02288191115669471,35.13614808846759,-0.007192572588064933,-1.2177892723472559,-1.1185053854114113,-1.4210756223431835,57.14222667325424,25,25
2026-05-19,Crypto,-0.912713458195368,19.75452672858434,0.03349490159000015,43.85339133647448,-0.007525436807359382,-0.979527168699141,-0.47595440775952746,-1.5985811332145217,54.148072420985855,25,25
2026-05-20,Crypto,-0.9174914060340266,18.983327797607398,0.03715358406090354,43.03498647273618,-0.0070475385214716114,-0.889302045487067,-0.5302127579850638,-1.67207681702877,51.41043188137469,25,25
2026-05-21,Crypto,0.6526575418433682,23.48798312084667,0.1780871254968895,56.54068166130918,0.00269010134366057,1.9637999008281473,0.46571558883795133,-0.6158093685386735,58.39824436707801,25,25
2026-05-22,Crypto,0.1702645313443772,22.639761170376154,0.10260703732548722,52.454585810106025,0.0039039611222825166,0.42579293523789186,0.15943653775865324,-0.3902058746902918,59.783245828901705,25,25
2026-05-23,Crypto,-0.2539467060958219,22.99358363038148,0.06542570626864297,54.20464471324246,0.0021468874294212088,-0.33059122630281845,0.28853245898889734,-0.5071216710746003,59.389280688432805,25,25
2026-03-24,Crypto Major,,,0.05214283495319596,,0.0,,,,40.660023070721465,5,5
2026-03-25,Crypto Major,,29.94815677700825,0.08054541036926034,100.0,0.001812586009458239,,,,41.85846380960952,5,5
2026-03-26,Crypto Major,,25.60557612265971,0.074359010212004,82.11453200126559,0.002454728195146767,,,,42.400522396860126,5,5
2026-03-27,Crypto Major,,10.502924926399047,-0.007030941275431306,24.489427636440865,-0.002475313065883036,,,,37.42942903442954,5,5
2026-03-28,Crypto Major,,10.370838998663887,-0.003991691316276295,26.41766674846596,-0.005245733917279656,,,,33.44096834911956,5,5
2026-03-29,Crypto Major,,11.525580843098577,0.007253181151169025,32.76961349412289,-0.0059816967484354645,,,,30.328727202821977,5,5
2026-03-30,Crypto Major,,13.598809029408825,0.02789166693456326,41.96457213801014,-0.00479080836528287,,,,28.638786029508907,5,5
2026-03-31,Crypto Major,,12.32590788140155,0.013154033364920794,38.230802574889736,-0.004701337377907924,,,,26.400890262875812,5,5
2026-04-01,Crypto Major,,17.066301502431596,0.07845788241256013,55.697303105331905,-0.00018812796520347418,,,,28.04035931781764,5,5
2026-04-02,Crypto Major,,15.162287532953965,0.04416486874619713,48.4960628915603,0.0005055947750144743,,,,27.26687338371962,5,5
2026-04-03,Crypto Major,,10.974584430619972,-0.049829942766856095,35.80678974426121,-0.00504221044474738,,,,21.19686514474978,5,5
2026-04-04,Crypto Major,,11.872824261571335,-0.014126951695719833,41.61001401747954,-0.00592275637365538,,,,17.59303777167876,5,5
2026-04-05,Crypto Major,,13.161220581063496,0.027290035020264024,47.15219970432746,-0.0034536419133233028,,,,17.0573990128493,5,5
2026-04-06,Crypto Major,,13.683566153474118,0.046425110817587205,49.37234893795421,-0.0004285682264517244,,,,17.456006783922067,5,5
2026-04-07,Crypto Major,,15.364142453339321,0.08746325556072988,53.55676842034654,0.004185170055769637,,,,21.332749211103923,5,5
2026-04-08,Crypto Major,,15.066077122841047,0.08302412622312337,50.262264340110974,0.006641000506454461,,,,23.886240089669368,5,5
2026-04-09,Crypto Major,,16.79965375756415,0.11704885226874315,54.26558094429378,0.010055094652149182,,,,28.248932342086288,5,5
2026-04-10,Crypto Major,,18.187501341154956,0.07314066580255789,58.65939034739256,0.008894423454924348,,,,29.673093110519766,5,5
2026-04-11,Crypto Major,,19.561706314451076,0.10517833929099972,61.09641929525536,0.00975363743948397,,,,33.46894295640509,5,5
2026-04-12,Crypto Major,,17.741441450901014,0.05047014692920665,54.03611029587972,0.006275685890367914,0.13217586535482023,,1.5831492759120238,32.617086737855665,5,5
2026-04-13,Crypto Major,0.40869134198845547,17.712545285941538,0.06283099412104093,53.314289850032495,0.00452748883807249,0.4018021201377466,0.1629708480419408,1.3898785056836962,33.34516758502711,5,5
2026-04-14,Crypto Major,0.202375021106907,17.554068973013976,0.04525772243938761,53.02901054137827,0.0020344671738858847,-0.005889594005067244,0.14321804067716914,1.0741433185048257,32.47440189651947,5,5
2026-04-15,Crypto Major,1.0315613558530459,18.633743358407955,0.12217979223402904,54.03669988676117,0.005231127160225968,1.6635756286801335,0.1977124230304194,1.5304404692550448,37.08851942847444,5,5
2026-04-16,Crypto Major,0.46419978916108073,18.611985033823387,0.07636578946324633,52.911075003445895,0.003981742964724262,0.6066865646341528,0.1273368714193789,1.4015399870456888,38.08546573990238,5,5
2026-04-17,Crypto Major,0.9427801308605698,22.153832435703546,0.0920341689855708,64.94093820688084,0.003925746000521296,0.9303333907464088,0.8354986580817956,1.4188516206504223,40.17430294514185,5,5
2026-04-18,Crypto Major,0.2571301720350262,20.19107773318907,0.05263638430808578,56.97712483967087,0.0010975349626741928,0.021904040654399312,0.33569865976940055,1.0675587105042965,39.74227916837363,5,5
2026-04-19,Crypto Major,0.2934746053489069,19.696991216946838,0.06843677962344091,54.54330955465881,0.00020013073612098857,0.38534733033202284,0.17885924385429522,0.9329613297599142,40.09573577636419,5,5
2026-04-20,Crypto Major,0.28409784397976423,19.616740636438777,0.07340987462151241,53.07577633714651,-0.00013146692474222572,0.4932209496447413,0.0830353869744927,0.8616366351276943,41.085480291732544,5,5
2026-04-21,Crypto Major,0.5269989066349763,19.24075922647763,0.08593967266578405,49.81426857939765,0.0003915056798827563,0.7750518367288682,-0.1283394575487563,0.9060245404041811,42.77566695629503,5,5
2026-04-22,Crypto Major,0.8166396540698868,20.853581706259916,0.11185788710826473,53.34005022127429,0.0022762164191467097,1.3402104225110856,0.10516704413666583,1.1521575591919586,46.279802579349536,5,5
2026-04-23,Crypto Major,0.6924614765078745,20.212765292569408,0.10467308028563933,48.4713596422974,0.0027978931485657284,1.1237979599934356,-0.22182359258713844,1.2426234866198897,48.98494053609828,5,5
2026-04-24,Crypto Major,0.12053526720350538,20.391710537494582,0.06330255249557647,48.777142106651404,0.0002498695982791864,0.1319886767925396,-0.19740882959019043,0.9221577087134512,48.33329062498755,5,5
2026-04-25,Crypto Major,-0.1671782878583446,18.856888833545675,0.05042585070454107,42.85398564816596,-0.002270771107307515,-0.17829971523128899,-0.600410187669949,0.5468920279070829,47.28433271991183,5,5
2026-04-26,Crypto Major,1.360586326046479,25.180891046998973,0.1679082130728324,63.16947446766944,0.0036822738534064148,2.4243913537695176,0.8197398928657992,1.3105863414270695,54.21151973434096,5,5
2026-04-27,Crypto Major,0.2426235173008637,22.319549880853067,0.07519153166364764,51.17444676024974,0.0012115878158605597,0.31895462097692606,-0.03513375785835294,1.0237493975229288,54.32117556720914,5,5
2026-04-28,Crypto Major,-0.2890167317477327,21.20927526340192,0.028317525439653955,48.47530891217605,-0.0034866011921431805,-0.7409097378205972,-0.22719712055660998,0.36244981467281184,51.249989574797254,5,5
2026-04-29,Crypto Major,0.7368074672953865,22.410569172855407,0.12968642696467428,50.64715084426141,0.00013380364252589885,1.5266619095704235,-0.06675683415946346,0.7805308695583814,54.949025560059546,5,5
2026-04-30,Crypto Major,1.1273122088168057,24.92831908458168,0.15637666409195428,57.13297715152466,0.004012231471516085,1.9851149954762277,0.4100379827758469,1.3151202636411548,60.08278768029356,5,5
2026-05-01,Crypto Major,0.8560044337919629,24.354020921514596,0.12570872901309033,52.92389297335679,0.004179460280854943,1.2752525794693372,0.09150819859517677,1.4017216036576496,62.86736545415188,5,5
2026-05-02,Crypto Major,1.3922129876443705,27.245683372577602,0.17744205797720808,60.60935343587148,0.007260945363478662,2.2012015712978483,0.6662839887950077,1.859167387655659,68.80509481165468,5,5
2026-05-03,Crypto Major,0.22849468678268267,24.472658157617374,0.07465163129812367,50.460238682637254,0.0021295990270250916,0.11189668037394648,-0.11358219747873728,1.2951245067926112,67.43892287749324,5,5
2026-05-04,Crypto Major,1.576168926090751,27.98141736883591,0.2206466026628773,59.01965979787023,0.007991651828332481,2.768039264284233,0.5451237741050862,2.0347608268134825,76.21374085488708,5,5
2026-05-05,Crypto Major,0.38457116422691884,25.90360416884988,0.09632876954453201,50.559765255857236,0.0031679094640537815,0.43422108958071126,-0.11896154774077126,1.5377936031508994,76.41582099037403,5,5
2026-05-06,Crypto Major,0.2843325834114343,25.512279845312936,0.09934450857983625,49.30871763403524,1.82970477644942e-05,0.4844012467888925,-0.21596422116639657,1.173271073927202,76.50429461499535,5,5
2026-05-07,Crypto Major,0.049177672989382804,25.209938146386257,0.08017672576452314,48.66441912674871,-0.0033326375054895836,0.1174001644616972,-0.264651505001756,0.7221556371771012,75.78725695260076,5,5
2026-05-08,Crypto Major,-0.2359031617560438,24.974363924943056,0.05326544496955987,49.44399421276189,-0.00712067154333669,-0.3968643326300123,-0.19887918249924982,0.13373101540056193,73.59901262123697,5,5
2026-05-09,Crypto Major,-1.0473291006963819,22.673061902601148,-0.02925786220549012,45.9021177664518,-0.014516896219341501,-1.9019936033420406,-0.4839775016991925,-1.01853639758355,65.88977911581016,5,5
2026-05-10,Crypto Major,-1.1630015185968308,20.511266458425784,-0.004187847349197005,40.22006376416321,-0.016887501168504848,-1.384135732428272,-0.9365946921436571,-1.6518115112332237,61.49509538673518,5,5
2026-05-11,Crypto Major,0.2173897444839109,24.38606555610804,0.13194253734762568,53.07341606754884,-0.008857770629541704,1.1325547573716284,0.13068830400893564,-1.022521150071877,65.96339508201058,5,5
2026-05-12,Crypto Major,-0.5864674180926399,23.46430656648697,0.04263756082046919,50.74144280729345,-0.00909681248215291,-0.524209867978715,-0.0645995034064849,-1.2512130294003565,64.16006703536597,5,5
2026-05-13,Crypto Major,0.2606861167422322,23.921018448387844,0.13500517611557383,50.277977835800236,-0.0028913758426101005,1.1803701204474462,-0.10291819634327394,-0.672974518296289,68.00907393061874,5,5
2026-05-14,Crypto Major,-0.33781395623838295,22.884508285646987,0.07977725124513949,46.11258708338846,-0.0023845767099837816,0.1469744218037839,-0.4548265535222401,-0.6727628395778843,68.53896313829387,5,5
2026-05-15,Crypto Major,-0.6180231078087802,22.44466216954378,0.04353735763554269,45.85326270392651,-0.00425893368548055,-0.530317008525457,-0.471677392007652,-0.9628589928381736,66.5196023497663,5,5
2026-05-16,Crypto Major,-0.8149404304278843,21.213467103276795,0.033669457143687166,42.42448900042734,-0.00583479032665297,-0.7078111606797871,-0.7589625891373353,-1.2502119180693232,64.15390505169908,5,5
2026-05-17,Crypto Major,-0.5303761896847129,22.56569779188844,0.058051668160391354,49.04655101930901,-0.004941882962691498,-0.24009998754854836,-0.17792105019486884,-1.25532669813504,63.07600955080104,5,5
2026-05-18,Crypto Major,-1.2355794144394079,18.44758480985977,0.001351401536709219,35.9646962807053,-0.007711640576342393,-1.2994376811308717,-1.2998533531525938,-1.6812600201448977,58.40025816819961,5,5
2026-05-19,Crypto Major,-1.0177352030851738,19.80035354885737,0.015001333187278747,43.935849900769725,-0.008124728677683416,-1.0195848639509224,-0.5935846349342427,-1.8528766325570414,55.03494132863678,5,5
2026-05-20,Crypto Major,-0.9865867772437725,19.215485893256428,0.020610271522922708,44.15182700877697,-0.00753368673212795,-0.8980576172165216,-0.567889319195491,-1.9002716972247828,51.99405020073219,5,5
2026-05-21,Crypto Major,0.6118077236021439,23.354526836929036,0.1745382321990284,55.83983376799131,0.0031382853796128405,1.9624663741147912,0.4645494156467977,-0.776860787558629,59.592523237267855,5,5
2026-05-22,Crypto Major,0.1264048549518447,22.635600111041995,0.09178469294878436,52.229755775434505,0.0044577336254015346,0.4148796353381156,0.14071309474907712,-0.5339227900082927,61.08745436293263,5,5
2026-05-23,Crypto Major,-0.1279014202313752,23.49116875167043,0.06738563417494298,55.99800295446899,0.003559919983837318,-0.04825441231372917,0.47547498292779716,-0.5291722356185811,60.65167000215306,5,5
2026-03-24,Crypto Proxy,,,0.04711595057094509,,0.0,,,,37.59738516597052,3,3
2026-03-25,Crypto Proxy,,29.670295101564363,0.09145672607402877,100.0,0.002829724704470299,,,,39.98295179123191,3,3
2026-03-26,Crypto Proxy,,20.631782514633397,0.06587916627976627,63.41795083437388,0.0028162528562257305,,,,40.423995389485675,3,3
2026-03-27,Crypto Proxy,,10.712310806276903,-0.026718804654402795,27.283893248174934,-0.0032620781698207177,,,,34.36285791220981,3,3
2026-03-28,Crypto Proxy,,11.179006774119431,-0.016408079878856896,31.62207900012858,-0.006248281793598473,,,,30.30607413164833,3,3
2026-03-29,Crypto Proxy,,11.458128020296016,-0.008477177839050127,34.62221616697157,-0.007277491766860699,,,,27.027809981832633,3,3
2026-03-30,Crypto Proxy,,13.4608749045506,0.01939087785815649,43.355316641111415,-0.005737213700348899,,,,25.535328256066272,3,3
2026-03-31,Crypto Proxy,,12.793983148250538,0.011359826646549125,41.74822015206383,-0.004945095096716546,,,,23.654331299325825,3,3
2026-04-01,Crypto Proxy,,14.42732889119793,0.037974708681878584,48.12118845975899,-0.0024411391236584213,,,,23.618685797309972,3,3
2026-04-02,Crypto Proxy,,13.885058716921607,0.029025517588715452,46.41377504820696,-0.0012595503739903438,,,,22.850403040272454,3,3
2026-04-03,Crypto Proxy,,10.272977822351281,-0.0477190270878989,35.58588481479056,-0.005292406929478449,,,,17.26469290402232,3,3
2026-04-04,Crypto Proxy,,9.765503052409095,-0.04260347846705623,36.57221248544105,-0.007145985396951611,,,,12.561976446264712,3,3
2026-04-05,Crypto Proxy,,11.951710722137221,0.014029418277127774,45.76588968389977,-0.004232462982814529,,,,11.900820572619722,3,3
2026-04-06,Crypto Proxy,,13.227479182130153,0.04790233157938598,50.092605399837296,7.341191799277794e-05,,,,13.364373094037996,3,3
2026-04-07,Crypto Proxy,,14.848650509224331,0.08504836064476295,54.10761266104311,0.005234980586469767,,,,17.182662938659803,3,3
2026-04-08,Crypto Proxy,,12.750285139474252,0.04634427151838088,45.05450398211793,0.005809794649313642,,,,17.945147136029533,3,3
2026-04-09,Crypto Proxy,,16.401258967452122,0.12327191668113503,55.65505493486989,0.010845692530851502,,,,23.72266984916903,3,3
2026-04-10,Crypto Proxy,,17.70735230039162,0.06503501426936083,59.69738482583846,0.009763116051700646,,,,25.230147792492488,3,3
2026-04-11,Crypto Proxy,,18.077155923969016,0.0732672652124246,59.51953619848032,0.009122002792412669,,,,27.262378055402564,3,3
2026-04-12,Crypto Proxy,,16.97518942636003,0.040870198316780584,54.97982427743192,0.006177539306685222,0.1765494308624016,,1.4260920637841543,26.834914466772346,3,3
2026-04-13,Crypto Proxy,0.6932774582140274,17.02350041710837,0.06025781771857892,54.19584787170735,0.0052344320031175,0.5818200182404663,0.3089004117348859,1.3658791989537797,27.987841815237932,3,3
2026-04-14,Crypto Proxy,0.26452112461726385,16.66667395520484,0.03897046665923482,52.75969005900345,0.0029874633050446546,0.10576115368202946,0.21137624746697528,1.1203949077323692,27.548701867876115,3,3
2026-04-15,Crypto Proxy,1.1085351324729344,18.521781757533397,0.11432464865824124,56.95369551971258,0.006201677191349099,1.663623395957357,0.47430494594218736,1.5615816555270647,32.23071924711413,3,3
2026-04-16,Crypto Proxy,0.7512990744735298,18.042786682239356,0.07237431908451669,53.72419186724739,0.005170125357063082,0.7275106968503351,0.2517514172387636,1.4803276526329616,33.73121088421884,3,3
2026-04-17,Crypto Proxy,0.6442222961183642,20.45098918127761,0.07112346203999408,61.73183637133635,0.004117046968900815,0.67957654357644,0.7741965603622658,1.3872102984778378,35.32053130405818,3,3
2026-04-18,Crypto Proxy,0.607833166224194,20.712378447315093,0.07155684819428984,61.37477592425187,0.0032037811464588305,0.6700136751990111,0.7265224899663184,1.3008386929059752,36.637453791118716,3,3
2026-04-19,Crypto Proxy,0.7924879982341223,20.143309260489325,0.08149152720484033,57.41154041153678,0.003025070283146001,0.863871071340013,0.43951826553185624,1.293557419113628,38.624955469307174,3,3
2026-04-20,Crypto Proxy,0.4462944230979369,19.448577175542866,0.0749356461946565,53.15958672383234,0.0022568487936291924,0.6969903184929949,0.1350762057522456,1.2137947081643516,40.18596570109444,3,3
2026-04-21,Crypto Proxy,0.12242040466246443,17.828452949958766,0.05443141892447138,46.276728669868746,0.00026411021688533404,0.2260573901760177,-0.35598704713986945,0.9751704819875149,40.19051500851229,3,3
2026-04-22,Crypto Proxy,0.7087831033444691,20.49226046870236,0.08636010206487027,54.94778742108863,0.0009538745906990491,0.9350825254591216,0.2769630575754704,1.0356990320428647,42.590887779069625,3,3
2026-04-23,Crypto Proxy,0.780591414362368,19.533775713743086,0.11037892804336319,48.165859618339724,0.002781858578601767,1.4172456060174425,-0.2265841182807843,1.2472456690563043,46.30465288997782,3,3
2026-04-24,Crypto Proxy,-0.1408499736170949,18.656000506375126,0.030265488571001215,45.343559741133724,-0.0014243876991361405,-0.39966895395597063,-0.43297970122190627,0.7510074887817002,44.346593945233366,3,3
2026-04-25,Crypto Proxy,-0.016256305675346222,19.173500450340732,0.05112458554895331,47.13159611256109,-0.002745196370846168,0.08063894198583607,-0.2901550794320766,0.5291659694534571,43.99421193231619,3,3
2026-04-26,Crypto Proxy,1.3107317368127382,24.209892854000806,0.15602503982330523,62.558354733837184,0.0031813502663373197,2.2900602700278427,0.8925191237644144,1.1996467457716193,50.91321359397663,3,3
2026-04-27,Crypto Proxy,0.06739348750739377,20.799192203495636,0.0507998213532926,49.131204507947565,-7.72610447824125e-05,-0.0015609059658347444,-0.15947141788388922,0.8322296257013921,50.082775576261966,3,3
2026-04-28,Crypto Proxy,-0.503092601910025,19.542297335098638,-0.0015772479308078734,46.476601620459064,-0.0055493081106082615,-1.1222918086717038,-0.3651539268476375,0.10227743925097318,46.06452047337484,3,3
2026-04-29,Crypto Proxy,0.8355441026556725,21.76601267531404,0.13723276480631147,51.792884096765874,9.192084561618352e-05,1.8153690365798603,0.0632451655831577,0.6982227174766485,50.955736843912035,3,3
2026-04-30,Crypto Proxy,1.1380700415338578,23.94456140926546,0.15416904337111484,56.66245631740799,0.004625106867140259,2.021701142793258,0.4547052582602765,1.269257751427921,56.67634219934415,3,3
2026-05-01,Crypto Proxy,0.8944840482909269,23.792944808849946,0.12115247705414449,53.87453099422887,0.0050277405260558735,1.3041054499001066,0.22072789869259316,1.3916179270748148,59.914950707809986,3,3
2026-05-02,Crypto Proxy,1.5824808843972065,26.491190507116904,0.20553399450553775,59.18202671608626,0.01030092946956576,2.6694609804407103,0.6539726201752281,2.069458372360385,68.11190432568306,3,3
2026-05-03,Crypto Proxy,0.41721999408549393,24.304291324162193,0.08547954395167572,50.23747192803607,0.005280355048849959,0.4616327869139392,-0.10108651488582679,1.6174873411944766,68.17084437281815,3,3
2026-05-04,Crypto Proxy,1.776929619900364,28.25147714445339,0.2520290011550051,58.85754381290717,0.012349392818828003,3.0652482843922035,0.6264363226747345,2.3989216612662028,79.20310648382153,3,3
2026-05-05,Crypto Proxy,0.3890002621258595,26.11427400180682,0.07892070751042932,51.06264545515527,0.004921083733355619,0.22380521902206005,-0.045760426869718554,1.735674427807538,78.28075250519188,3,3
2026-05-06,Crypto Proxy,0.43520594228842213,26.228563102870464,0.10583143459685822,50.84860051928638,0.0015490532130154958,0.6592617376369191,-0.06372351685323925,1.414627107729459,79.53333549209673,3,3
2026-05-07,Crypto Proxy,-0.107541275974297,24.831023017409283,0.04615399863155533,47.28532240411927,-0.004633197959819941,-0.33302861315674737,-0.37397082745940413,0.7463762796154292,76.85632359137621,3,3
2026-05-08,Crypto Proxy,-0.23229733205477918,25.01333337317481,0.037148830012443054,50.30955516790907,-0.009008411454724499,-0.4784944394866198,-0.10267853612610629,0.1503334618343675,73.80019290910471,3,3
2026-05-09,Crypto Proxy,-0.8022829896185785,23.089469551495384,-0.019525930255774218,46.921887924510884,-0.01504328280240723,-1.3963992974056492,-0.4036337747407382,-0.7259007500274828,67.60492608623605,3,3
2026-05-10,Crypto Proxy,-1.0925421781426132,20.81409134619949,-0.022606787968846156,41.45962453991863,-0.01834751327070723,-1.4024305297098596,-0.8845721038588091,-1.3995235295454218,62.34619384972984,3,3
2026-05-11,Crypto Proxy,0.19769956196583977,24.375710097516027,0.11881344469906077,53.14295035007888,-0.010503478014701185,0.9324765242973845,0.18138099531521715,-0.9116418429096517,66.80948414079478,3,3
2026-05-12,Crypto Proxy,-0.6568907256627728,23.19271510031426,0.015238393536397842,50.741953293691914,-0.011694210179652933,-0.7802454676725409,-0.039965691519313416,-1.249656936040783,63.74083116047427,3,3
2026-05-13,Crypto Proxy,0.15747916788303018,23.383292892095334,0.12102512793870072,49.263408113609344,-0.0050977058659056815,0.9700667240507478,-0.17615593838757224,-0.7601362900801126,67.67702840364936,3,3
2026-05-14,Crypto Proxy,-0.10781891243139985,22.778154633478813,0.07707961111857224,46.58044991687254,-0.0035100560158305154,0.23241717686381144,-0.42415846098859583,-0.6863018553120243,68.67594925398029,3,3
2026-05-15,Crypto Proxy,-0.6408108717745308,22.133214661757354,0.02781517891456582,45.91855558593636,-0.005476526960728135,-0.5920142487740878,-0.4813416585227365,-0.9701504889724494,66.1426295761888,3,3
2026-05-16,Crypto Proxy,-1.141412779767503,19.718425594193782,-0.019317390370761214,39.836634689926896,-0.009419033685001525,-1.355739221620365,-1.042668135260334,-1.4935770118070317,61.16626134715186,3,3
2026-05-17,Crypto Proxy,-0.2814390859214587,21.92303585899495,0.06001358992029072,48.804933970576656,-0.006301332461346555,-0.018658202890269784,-0.18288201785960964,-1.321101429601229,61.41053567499031,3,3
2026-05-18,Crypto Proxy,-1.190524609046499,18.10412151856548,-0.008703682927608427,36.52725343382645,-0.008355596361094557,-1.1623055100906767,-1.333218129505558,-1.6324564293756159,57.23483897078827,3,3
2026-05-19,Crypto Proxy,-0.8536924948968972,20.070402964011627,0.014197262344514048,46.04100507700319,-0.007677955156614428,-0.7633327722173437,-0.41723840900339165,-1.6810355048895158,54.96727841020963,3,3
2026-05-20,Crypto Proxy,-0.4569212764725372,20.035000733359947,0.043118613970035066,46.17340301358472,-0.004921823948689372,-0.26878807062535237,-0.40037180091049035,-1.5053778903175365,54.682308388804834,3,3
2026-05-21,Crypto Proxy,0.7563851677024054,24.227512021745284,0.1800690542078842,57.46705212022003,0.0058979654660937,1.9901207450632967,0.6893631624720576,-0.45688509805091443,63.28266525737071,3,3
2026-05-22,Crypto Proxy,0.22133720819469346,23.155999009172273,0.08770475941605776,52.57921192613269,0.006556935061045291,0.443928015470953,0.2098477585805715,-0.25813182571102633,64.64084806470353,3,3
2026-05-23,Crypto Proxy,,,,55.806355428592994,0.005245548048836234,,0.5222774507254295,-0.25708576127074995,64.64084806470353,3,3
2026-03-24,Crypto Stocks,,,0.20718281848469955,,0.0,,,,78.89960963761952,2,2
2026-03-25,Crypto Stocks,,10.352200700252483,0.20439783334410508,0.0,-0.00017773124543964957,,,,76.99856022572672,2,2
2026-03-26,Crypto Stocks,,9.654096531222029,0.1302272029835814,0.0,-0.005012804049314341,,,,72.05344154574331,2,2
2026-03-27,Crypto Stocks,,28.02936390318751,0.31019804492979297,70.04760962895611,0.0037165944278534585,,,,75.35966528622842,2,2
2026-03-28,Crypto Stocks,,17.16015014814726,0.02586432039986369,33.25033836569435,-0.009148972379190639,,,,66.59316518798214,2,2
2026-03-29,Crypto Stocks,,20.022699286504555,0.14838180178691313,45.57072948193543,-0.008890264949292667,,,,65.75946823880642,2,2
2026-03-30,Crypto Stocks,,17.548612766851143,0.06710980773387702,40.599753361650116,-0.013404184079170644,,,,58.00413103551174,2,2
2026-03-31,Crypto Stocks,,16.98016995709039,0.08703041793391154,42.1465966955146,-0.014184439529928462,,,,52.13120284774054,2,2
2026-04-01,Crypto Stocks,,13.437053121886732,-0.03971936042135365,36.155846780547336,-0.021911436981581992,,,,40.22143345913457,2,2
2026-04-02,Crypto Stocks,,15.839328152690715,0.13697261566993002,46.714273081692795,-0.014172571293345718,,,,40.09246820725578,2,2
2026-04-03,Crypto Stocks,,16.974649582159085,0.19201466443704643,49.32493216939287,-0.004876798348455454,,,,43.23434974219701,2,2
2026-04-04,Crypto Stocks,,16.602034447750736,0.1569592286442025,47.832404932659635,-0.0008311816462616625,,,,43.28206120014309,2,2
2026-04-05,Crypto Stocks,,18.4356009446542,0.25340123578915885,51.84144235045612,0.008105414960234564,,,,47.41674618885544,2,2
2026-04-06,Crypto Stocks,,17.50899111762334,0.16521610862823916,48.43773490434266,0.007838165586580348,,,,47.306775305448,2,2
2026-04-07,Crypto Stocks,,16.401986580967147,0.1104727046238186,46.540829300362674,0.003932441395485809,,,,43.42609689207279,2,2
2026-04-08,Crypto Stocks,,16.394677452189306,0.1457415915842709,47.94960429850934,0.003686347488653499,,,,41.19289600114716,2,2
2026-04-09,Crypto Stocks,,17.87859160207627,0.2092436950567958,52.78286775344637,0.007540315582684188,,,,42.62964748091456,2,2
2026-04-10,Crypto Stocks,,17.077327196687555,0.2383809098166846,47.170017431077454,0.011551818912129367,,,,46.1669711987256,2,2
2026-04-11,Crypto Stocks,,16.175360924489922,0.025516290559842055,49.98546718032931,-1.854797658806459e-05,,,,36.40038285531024,2,2
2026-04-12,Crypto Stocks,,15.371092045935473,0.10515667910593782,48.12799745259239,-0.0020817629680869726,-0.4570948149212753,,-0.0076764337556376495,34.3949166190644,2,2
2026-04-13,Crypto Stocks,-0.28282949455995504,15.139400600784143,0.07973299544191986,50.57447727304917,-0.004778121076111273,-0.7286905277305812,0.4797375154071993,-0.33507050501950114,29.496051711047624,2,2
2026-04-14,Crypto Stocks,0.3846729922002947,16.122692585359083,0.17184815722517563,53.62202168952828,-0.0002180286472926278,0.35897655705774056,0.644264857366889,0.06185300885820305,30.676971353157093,2,2
2026-04-15,Crypto Stocks,0.9523646156764042,19.394052026260333,0.24288508746738377,62.671152062160125,0.007306552253929304,1.158509122356975,1.1419713539404686,0.8735356743508965,36.9496984983666,2,2
2026-04-16,Crypto Stocks,1.038785619294826,18.80977905044106,0.25680592675881586,56.29126932038133,0.012633097531919647,1.2524043091224153,0.7236846894497063,1.5251786889183105,43.39380188978106,2,2
2026-04-17,Crypto Stocks,0.9517120993224895,18.754202277451096,0.2356749702116219,52.37680380724066,0.01403701325140078,0.962265298888356,0.4677195467237319,1.7824452242872664,48.35189938753848,2,2
2026-04-18,Crypto Stocks,1.438311965934477,21.819079110760665,0.32395911991205056,58.593221641356116,0.019859328450184368,1.8307559137152722,0.8324109577266684,2.319614950628381,56.54162780450904,2,2
2026-04-19,Crypto Stocks,0.36597294886873943,18.45915375565449,0.1643853554446579,45.698997969120136,0.01228281899275587,0.03541210067471175,0.009684786998293454,1.813514809550706,55.80619200103324,2,2
2026-04-20,Crypto Stocks,0.30733557363306985,19.58240162798388,0.15747330943150395,49.5940031718589,0.006419878161625874,-0.043101503622665197,0.25820159533466924,1.424565692061098,56.73101616997432,2,2
2026-04-21,Crypto Stocks,-0.06249511745948632,18.702540273641574,0.09580993005405355,49.23669080706498,-0.001570420392612567,-0.7432630933111711,0.23020674389810344,0.8150816596983133,51.52544268072296,2,2
2026-04-22,Crypto Stocks,-0.3232057738539151,17.24360366908062,0.07491738128285867,46.25703540598835,-0.007869762433436997,-0.9572769191454014,0.02858601269469818,0.23062990792379665,46.73497415180283,2,2
2026-04-23,Crypto Stocks,-0.10321131570287043,17.402247690429924,0.14156872421267377,46.43533405758407,-0.007174240341635663,-0.16864891467136645,0.04017847240822695,0.14979417758337416,46.3639695942807,2,2
2026-04-24,Crypto Stocks,-0.5430186631176567,15.541571085847517,0.07175401559536616,41.58385861809617,-0.010823526397109883,-0.9743636175009157,-0.2940629082533435,-0.30623333615428366,41.64867501041928,2,2
2026-04-25,Crypto Stocks,0.2989489655481439,19.468980942116083,0.1601856217283847,57.77993372678331,-0.006881173300034003,0.08466494277913833,0.833705180387006,-0.14039607343822355,40.40158923844774,2,2
2026-04-26,Crypto Stocks,0.28312678081068754,18.696992027203724,0.16487710239914904,53.77717933407621,-0.0037156081093388093,0.13973060939355428,0.5373754425492125,0.02656028415592827,42.07132508766989,2,2
2026-04-27,Crypto Stocks,0.19974126000878875,18.8927668253395,0.1420315706205278,53.953133638789325,-0.0029517418681915247,-0.14073462240177867,0.5397044685683876,0.028131746039262006,41.29080343406831,2,2
2026-04-28,Crypto Stocks,-0.9283958895713249,14.649518957537564,0.007252810910225485,40.09211478866499,-0.010869846623946697,-1.7261149874272694,-0.4635903396654646,-0.7744010071424152,35.18475073573289,2,2
2026-04-29,Crypto Stocks,0.018747823739097183,16.263826838937625,0.16144170393589227,45.54360005118365,-0.005348547371803798,0.14695300920946686,-0.06031194770493374,-0.44271403335371456,33.081291128091515,2,2
2026-04-30,Crypto Stocks,0.22626686515452035,17.01518159009508,0.18612979707801164,46.177797897903304,5.4626227929217494e-05,0.4443106093504823,-0.012643154090731683,-0.017628848574451798,36.09247311272323,2,2
2026-05-01,Crypto Stocks,0.37632548244669406,18.013383663380804,0.19350646823896342,47.68506657895593,0.003995618656363786,0.5275337804531772,0.10052094883740612,0.3697644855685473,38.90467518898969,2,2
2026-05-02,Crypto Stocks,1.651056810131421,22.238142650513314,0.4229720510679388,54.70605227389236,0.020977639597817652,2.959596699609973,0.6296560175286091,2.0141646111287437,51.8400268234524,2,2
2026-05-03,Crypto Stocks,-0.4112500436981821,18.008906953649284,0.013397657752346347,44.201590147798115,0.00441344831769013,-1.5519689841211148,-0.18324559654325404,0.8067925343761455,42.70102764427091,2,2
2026-05-04,Crypto Stocks,-0.316404564528274,17.91754721252107,0.06988692053546228,46.75978532753898,-0.0025755020257896954,-0.9116303142994715,0.017590897346406568,0.2138003520398341,37.10111583851933,2,2
2026-05-05,Crypto Stocks,-0.27698149850658355,18.34305438647153,0.08891786305014031,49.73672692122204,-0.005581136927702133,-0.6903592508040959,0.2513572532400426,-0.1290917786479266,34.816459402691336,2,2
2026-05-06,Crypto Stocks,-0.11731920618086843,18.88329004125205,0.1259254361171473,51.92478164459794,-0.004772599427180542,-0.27761201922979745,0.4217335583544313,-0.1577221150596387,34.17766488560069,2,2
2026-05-07,Crypto Stocks,-0.6797228292535217,16.35623400531287,0.03443242220850313,46.03162581911623,-0.00980552696992659,-1.262436708707881,-0.05682781804509224,-0.7441457248054466,27.352151153776088,2,2
2026-05-08,Crypto Stocks,0.22971507724546883,18.504990785457103,0.1703421920481903,53.48129080666272,-0.003701274071629344,0.2433456912658966,0.5480960767073713,-0.3233221709967279,27.374709962990188,2,2
2026-05-09,Crypto Stocks,0.3644689240331025,18.259047652257017,0.1906617581238832,51.13053829537727,0.0016952919282197127,0.4652319215304186,0.3488802784952756,0.14838895620787054,28.560893965661943,2,2
2026-05-10,Crypto Stocks,0.5431642355456205,18.98712537903558,0.20677691990752053,51.54124677800809,0.006093217410289721,0.638087442396851,0.3786653676415391,0.6259181517308652,31.675218517307712,2,2
2026-05-11,Crypto Stocks,-0.057602090333633484,18.36629254841113,0.11878933750582604,49.18415399962733,0.002977186235775312,-0.35959007445265045,0.17748250243144434,0.4245659194234305,30.36153913888025,2,2
2026-05-12,Crypto Stocks,0.3989983009061985,20.03446545823796,0.15106169838531555,55.43939916037201,0.0029828231230055987,0.01112953147026993,0.7010349667412382,0.4813022620520392,29.404272308502065,2,2
2026-05-13,Crypto Stocks,0.6260367694742655,19.86629101692189,0.2086618976041303,51.92683550571953,0.00655433059474093,0.6701957677296733,0.39479187077459443,0.9030362497986911,32.39578494853855,2,2
2026-05-14,Crypto Stocks,0.820515169710767,20.976575041202402,0.23291533189633487,51.909776559751634,0.01003058106442308,0.9359880558633272,0.38891540937664626,1.3675660441361142,38.533338096065805,2,2
2026-05-15,Crypto Stocks,0.5771133694142269,20.503540893457604,0.1798894467716671,49.46412663927354,0.008310248146973202,0.3130765526743104,0.17351132214452183,1.3591074006554957,38.64111213394904,2,2
2026-05-16,Crypto Stocks,-1.0108491444450116,14.763457494840544,-0.02156110853495008,32.111769263146115,-0.006068076309169591,-1.9656416713391784,-1.3214713802815716,0.04320294552191335,31.372375990531935,2,2
2026-05-17,Crypto Stocks,-0.06250334829856297,20.211645623277573,0.11559052964695121,55.26709309635965,-0.00600381778334445,-0.39099401310838316,0.6958956373573347,-0.07614153645352237,28.685163842918474,2,2
2026-05-18,Crypto Stocks,-0.17178939510534152,19.277585261277693,0.11131608898683162,52.25675585407907,-0.0059023946212710095,-0.435684915527138,0.42648634014724135,-0.19027235173874404,28.20135567398047,2,2
2026-05-19,Crypto Stocks,-0.17911628307345911,18.874042742621036,0.11677951869898964,51.5404676222907,-0.00514809326595391,-0.36848114781960795,0.3593672170124778,-0.2334418831383162,27.1949126286012,2,2
2026-05-20,Crypto Stocks,0.48254410667930103,19.858391169275166,0.19748707094331064,53.77424993027444,0.000789515430984206,0.5707232164342493,0.5525819435435307,0.2902726284307007,28.67970100851202,2,2
2026-05-21,Crypto Stocks,-0.4043820467948952,18.342553676961646,0.057353760634551755,51.14990197544514,-0.004430685896011614,-1.0615290007392992,0.3136599002923387,-0.25482213746436116,23.86882499359428,2,2
2026-05-22,Crypto Stocks,0.0580661931855651,17.56680307687108,0.1390316982207213,48.33884785226863,-0.0022051607252454343,-0.09908558074190246,0.058403223160848595,-0.10790544752408719,22.907475280279836,2,2
2026-05-23,Crypto Stocks,,,,47.200449804074,-0.0017641285801963478,,-0.045289898725188286,-0.09572764088731259,22.907475280279836,2,2
2026-03-24,DeFi,,,0.32044386054308777,,0.0,,,,100.0,1,1
2026-03-25,DeFi,,14.505769949837015,0.1300416463429162,0.0,-0.012151024495965368,,,,96.60222260795433,1,1
2026-03-26,DeFi,,13.431541859055812,-0.03282279979757788,0.0,-0.02949600829179702,,,,90.82471367797059,1,1
2026-03-27,DeFi,,21.62405555998577,0.15187095278288085,34.33222001923373,-0.02693963278889506,,,,88.28001035477455,1,1
2026-03-28,DeFi,,19.318175175364853,0.03482402204694808,28.197203339625304,-0.03123846487456306,,,,84.25932719256033,1,1
2026-03-29,DeFi,,21.82847672716557,0.15610886219454784,39.415390121337836,-0.024327680776237662,,,,82.43431559664602,1,1
2026-03-30,DeFi,,20.974118818987876,0.12036911703356011,37.680611046638276,-0.02071869563296077,,,,79.99008117017829,1,1
2026-03-31,DeFi,,18.832800829032152,-0.01240717658686918,32.38525929532575,-0.02551382680231084,,,,75.57318707156627,1,1
2026-04-01,DeFi,,18.097466910240826,-0.015624404799853803,32.27535637046026,-0.02699881850924865,,,,71.51786665787584,1,1
2026-04-02,DeFi,,22.485529163142928,0.2946418438600169,48.97472038104655,-0.006263914301947962,,,,72.59172924034264,1,1
2026-04-03,DeFi,,18.639611433783095,-0.07924306079496107,37.75601487208442,-0.0163356193228322,,,,67.8111024572191,1,1
2026-04-04,DeFi,,16.044212872021383,-0.2968512803630787,33.3144068163174,-0.035177889632640874,,,,60.24315910629489,1,1
2026-04-05,DeFi,,16.805795561398774,-0.10678153160780204,39.528042882968286,-0.032432404351887614,,,,56.375844633782165,1,1
2026-04-06,DeFi,,17.961869200123996,0.10320767302906926,45.17219396013965,-0.014954921817610128,,,,55.71555499634934,1,1
2026-04-07,DeFi,,16.660701581264618,-0.03064686897004745,42.635588012462314,-0.011069126662385118,,,,52.93465017953491,1,1
2026-04-08,DeFi,,18.049823280077188,0.08838479172863066,49.09924416351104,0.00025779780199323976,,,,51.93617620369224,1,1
2026-04-09,DeFi,,19.643713924453536,0.19881333119256808,55.12493839203842,0.015105283189361315,,,,52.60506426068175,1,1
2026-04-10,DeFi,,15.581963237320089,-0.18271223313484342,43.190459514922495,-4.873136500151143e-05,,,,47.262348308352614,1,1
2026-04-11,DeFi,,18.47630973076161,0.2169154439128362,53.32367992288295,0.016638779643352267,,,,48.77396968790888,1,1
2026-04-12,DeFi,,15.152244858199168,-0.19065729815952312,44.269450014954685,0.0008575869743282227,-1.4217884455011998,,-0.2481308374380845,43.35374786462868,1,1
2026-04-13,DeFi,1.1425629365594931,18.36605836102681,0.36581125489437993,53.46051766164021,0.027073824725064116,1.7526777013301804,1.0688023744710615,0.985042252597894,47.781202616464654,1,1
2026-04-14,DeFi,1.1517986497800536,18.967455827383034,0.2929056344166994,54.378562309494235,0.03801204358932173,1.2548963542443905,1.0706953044047074,1.6224471777176033,50.01795542747991,1,1
2026-04-15,DeFi,0.14603591853192427,17.080383871788385,-0.060161766197746505,49.41952722506033,0.020834989256819904,-0.7036748979145523,0.7147716506777354,1.1185692237547433,46.89800003869367,1,1
2026-04-16,DeFi,0.8550593827002771,17.417690210821657,0.20242710592477114,48.78300464492496,0.026178533825553067,0.76136735838417,0.651119798210964,1.450721631319092,48.95678865876348,1,1
2026-04-17,DeFi,-0.13567916536616703,16.807900951807085,-0.1614392067525246,48.912347898131095,0.005318863498647318,-1.252727905617799,0.6406205433554993,0.7277482637020888,45.183626041210516,1,1
2026-04-18,DeFi,-0.1397121446245524,17.147604505846992,-0.13363223411777722,52.274003721742396,-0.005887424614112104,-1.0502543026038504,0.8429511147130304,0.2635767276198954,41.62532766943125,1,1
2026-04-19,DeFi,-0.6739856929443865,14.817978309717697,-0.3034605589112407,47.244281757737944,-0.023054911969930418,-1.8336304775990009,0.48154367133160186,-0.5679573838510267,35.45223840882752,1,1
2026-04-20,DeFi,-1.1867994989706472,12.04266059896798,-0.4698230418563474,41.8717554817696,-0.04278508673072526,-2.369509953958869,0.10010311259391555,-1.5917185851484708,26.930214245166685,1,1
2026-04-21,DeFi,-0.3340562515726103,13.42767578681485,-0.14119672225903457,48.51399784949331,-0.03140067108457262,-0.7629657960528033,0.5650669616536856,-1.3871467118307668,24.47963894137626,1,1
2026-04-22,DeFi,-0.34218505618268635,12.587792827958618,-0.15369476637724735,46.65004236487083,-0.02280921432366466,-0.8009992659703137,0.42049871981063186,-1.2291954866489976,21.83763840977187,1,1
2026-04-23,DeFi,-0.1220394362876743,12.470874351230805,-0.06599107650605512,46.31237710181085,-0.009972081056582704,-0.3656372912983736,0.38803072681895984,-0.8415613676127833,20.264424059347952,1,1
2026-04-24,DeFi,0.07491685601830379,13.824741047983665,-0.06006417490225186,51.90752385846399,-0.0003428589379345648,-0.3305153463380142,0.7873289592964313,-0.4948605225712649,18.627065152862496,1,1
2026-04-25,DeFi,0.15833849602085326,12.492595667435207,-0.006373937665569009,46.108466472642306,0.00981985282654911,-0.05942028520694197,0.34277617753751943,-0.043164921194224395,18.236612100241906,1,1
2026-04-26,DeFi,0.640280027502614,15.250427855909447,0.09055514175718915,55.49614721269652,0.02252121988540364,0.4286596390554636,1.0293079929303084,0.6100878814015094,19.73249261247899,1,1
2026-04-27,DeFi,0.5048056955844265,12.454050175418097,0.08192541278733359,42.939673504406564,0.02936009328891856,0.37780172236456566,0.0663585502897093,1.0938306065202201,20.810749345617673,1,1
2026-04-28,DeFi,0.7566126807635042,13.626907373437717,0.1315912296520546,45.94114327590959,0.03581933215472405,0.6259274323651443,0.2952793966691507,1.5738927787848986,22.23413215099005,1,1
2026-04-29,DeFi,0.756832437276805,15.445986736486201,0.03780342017363822,52.83478748281005,0.0324655046694271,0.12809069033566148,0.8193148837448616,1.6524010174867407,21.701922095935878,1,1
2026-04-30,DeFi,0.1821074414865553,12.667945193710334,-0.04019365719806714,42.139642065448484,0.024070582665445588,-0.28616287388961376,-0.027567520661776295,1.500343645810582,19.942266517699007,1,1
2026-05-01,DeFi,1.2670243460596582,18.385048790731766,0.1961959128950003,62.62976750776275,0.03296463561257863,0.9724875353647289,1.5440088673725756,1.9502493896882702,21.84257353524462,1,1
2026-05-02,DeFi,1.9834385448848788,21.238771240925292,0.4942785523345191,68.62001621629982,0.05609081665056182,2.3645616121189184,1.8915692838421247,2.7898514070744382,27.936953204399185,1,1
2026-05-03,DeFi,0.9951941585081446,19.507821033131123,0.12564342423859634,61.382524271765945,0.04424889456254444,0.48328654312843355,1.2967567376056284,2.5043879240517826,27.372332543206802,1,1
2026-05-04,DeFi,0.7911242764829307,19.911780068628588,0.03444420782908797,63.93187215431777,0.028714875565196696,0.014999744532380711,1.4312648816159064,2.1185746509193795,25.189794579382824,1,1
2026-05-05,DeFi,0.5555834464846888,17.70971418543619,0.0298005192675783,55.754465650447955,0.017139365265403172,-0.009027266107804839,0.8096089379755074,1.826473834885991,23.31749937122661,1,1
2026-05-06,DeFi,1.0363560974324622,18.930590178165133,0.16287146506151184,59.853578923473066,0.017401341063409455,0.6793938121487212,1.0856112887878935,1.8426956019379463,23.794482331995518,1,1
2026-05-07,DeFi,-0.26429336080797955,14.046176874662244,-0.24879639407098297,45.26488548713941,-0.009734528484367969,-1.4464763048841676,0.0040153924172858756,1.0864105308793448,17.60838149593463,1,1
2026-05-08,DeFi,0.21220315902696782,15.332938029762742,-0.0015027397385352975,51.34829645861182,-0.010544758294228301,-0.15344026810726133,0.4542345412417477,0.9800849843482039,16.24110759496969,1,1
2026-05-09,DeFi,0.6195975530713747,15.748904808398873,0.10094474376847612,52.41660878149916,-0.004031824141157574,0.3827509528111125,0.5277096763886044,1.0891774012764466,16.660789150863536,1,1
2026-05-10,DeFi,-0.5042102835967448,12.505557478082162,-0.2720905060949939,42.73705217050039,-0.023605299346370415,-1.5468937252624806,-0.20864402573460314,0.45826528167932296,11.85290575231256,1,1
2026-05-11,DeFi,1.208534393841303,17.08634884927504,0.4201974310901782,55.31840111837423,0.009537081614571206,1.9756223106373767,0.7491822463831173,1.2999978956714084,18.278644536952818,1,1
2026-05-12,DeFi,0.12839580763398245,14.91298037903246,-0.024479384644830536,47.817325517165976,0.0014031902569058372,-0.2783721226935005,0.1663048323503257,1.0844381829351801,16.578006990746736,1,1
2026-05-13,DeFi,0.25012025949047223,15.481915355452173,0.036187442539232104,49.97718895105392,7.117565157430767e-05,0.03217257648448105,0.33167795320864896,1.0307216812488378,15.93237108262441,1,1
2026-05-14,DeFi,0.7110475521215371,16.500131393176076,0.1467854699937144,52.61531578153827,0.006258602356179215,0.5967650726892878,0.5333001372574244,1.1916711530841189,17.19230222475192,1,1
2026-05-15,DeFi,0.8575987299724983,16.450465619300548,0.22988210098208134,50.49228630640667,0.015065374571027313,1.009788108693592,0.3604675762556304,1.4531523668590105,19.080992425867485,1,1
2026-05-16,DeFi,-0.4341135259802188,12.79997061232261,-0.2313405736330802,39.87849636217887,-0.009719287235992316,-1.3544923198476122,-0.4855863676655426,0.7854088410082091,13.457759597659967,1,1
2026-05-17,DeFi,0.5072292547969187,15.435273706028838,0.10091129646817637,49.65147942072428,-0.0035993122228557377,0.35730717803194856,0.3014632401476016,0.8965971066187659,13.370175045319431,1,1
2026-05-18,DeFi,1.0034007921013246,17.08583909720391,0.30156816301367867,53.651612367242436,0.013180389087494623,1.3652708997947678,0.6197785097958308,1.3474696594228566,16.20795182796241,1,1
2026-05-19,DeFi,0.7913251770064124,16.79161090170297,0.17623185051272622,51.9377891702393,0.01492761677780512,0.7088238769721976,0.47401284648516645,1.4385075564199414,16.638503924288642,1,1
2026-05-20,DeFi,0.4135808894564016,16.124284882710292,0.109549772139932,49.281750565861,0.010870341804691142,0.3595884118401976,0.25228160188315096,1.3710717375429946,15.974188750978943,1,1
2026-05-21,DeFi,0.44919178068818677,17.457598270328397,0.07840130462102479,54.91081243170467,0.005630502396349914,0.195131816011481,0.7117891532585878,1.2523526758040837,14.79196615086343,1,1
2026-05-22,DeFi,0.9029917367027938,17.513738575860806,0.23217171760673277,53.60845100209904,0.011712393445985285,0.9885978369076096,0.5959320931330395,1.426113453624551,16.148756756477162,1,1
2026-05-23,DeFi,,,,52.09264704808074,0.009369914756788226,,0.4637022935709495,1.3959037171542286,16.148756756477162,1,1
2026-03-24,DePIN,,,-0.14553673450269158,,0.0,,,,28.793376320628617,1,1
2026-03-25,DePIN,,29.96568896051928,0.020426655104011315,100.0,0.010591395803960513,,,,31.37707890810639,1,1
2026-03-26,DePIN,,31.239150325359596,0.29754036872037687,100.0,0.03433526891633051,,,,38.160423728697204,1,1
2026-03-27,DePIN,,32.30167640598539,0.3008764153614485,100.0,0.04752805880135812,,,,43.86876056249383,1,1
2026-03-28,DePIN,,23.78909226756543,0.06095468434889804,65.04305147567523,0.0377835771468357,,,,44.90842757956371,1,1
2026-03-29,DePIN,,25.42115512660013,0.1564366234434955,69.31228327610532,0.03549184213739834,,,,47.464280151333114,1,1
2026-03-30,DePIN,,19.873163392220263,-0.162017798174154,49.25104542186972,0.011494136280177814,,,,43.871048896502046,1,1
2026-03-31,DePIN,,22.773820181866675,0.10405507224752257,59.133563227455674,0.012426516559473876,,,,45.487742015075355,1,1
2026-04-01,DePIN,,22.587903008262334,0.06884487508474676,57.64799509317183,0.009680210872260786,,,,46.25279356504924,1,1
2026-04-02,DePIN,,24.584543302245113,0.25662862809704307,62.65197669923885,0.01898103175837111,,,,50.08033828875441,1,1
2026-04-03,DePIN,,23.661567456322118,0.13244509061798454,58.11141876399644,0.015392908511756863,,,,51.26550275564354,1,1
2026-04-04,DePIN,,22.70366587238963,0.027289107818296188,54.751415093784715,0.005093550668409809,,,,50.52362165736788,1,1
2026-04-05,DePIN,,23.346634789385668,0.11190692315501058,56.7631030357958,0.003226941573658347,,,,51.35078339637376,1,1
2026-04-06,DePIN,,20.876046811562183,-0.1492667288394556,49.91383581259533,-0.015331291707540141,,,,47.621084543086724,1,1
2026-04-07,DePIN,,24.69475949001875,0.4238068057462366,60.39880700846891,0.009895991205327706,,,,54.30708919061159,1,1
2026-04-08,DePIN,,23.07567237176049,0.20238395601702588,53.257378584292084,0.010519273421556632,,,,56.01862196198126,1,1
2026-04-09,DePIN,,22.91838363427509,0.3175421823929667,50.38011135943931,0.017144413586443613,,,,59.35995929575812,1,1
2026-04-10,DePIN,,21.189669824909885,0.02311722375193302,45.247325209061295,0.0010063836499672324,,,,57.48123971080058,1,1
2026-04-11,DePIN,,21.277661820699556,-0.06370995191907977,47.7489564050642,-0.01530706634309114,,,,54.692629630476326,1,1
2026-04-12,DePIN,,22.199565580022565,0.17497849237503485,50.31834295413564,-0.01006675392099974,0.4079241428161757,,-0.38309422545767324,56.25144600508063,1,1
2026-04-13,DePIN,-0.9849538257654453,21.45912792417132,-0.11953182924400706,50.73548315803362,-0.025596222041789934,-1.2917612106243739,-0.6473526553448791,-1.333577785515159,52.601262575502105,1,1
2026-04-14,DePIN,-0.602461091005528,21.217600840850682,0.09030530362611945,49.75724857854955,-0.021085090583721475,-0.03964703958706111,-0.6789444459061387,-1.2830194141363553,52.86700445374218,1,1
2026-04-15,DePIN,-0.5851269044681834,21.285922657427477,0.0882672143436689,50.346964355073084,-0.017722705037990047,-0.05100385408338677,-0.6244283227573275,-1.2544473539298353,53.1565584588231,1,1
2026-04-16,DePIN,-0.11392396549252307,21.215693583044754,0.19476797773366172,48.86185667150804,-0.008289503340869697,0.5976904569236113,-0.6890996131363504,-0.8867691274868368,55.38822452724891,1,1
2026-04-17,DePIN,0.06791706306163234,22.34241526536788,0.22275308291593565,51.72250530657134,-0.0005375281369164597,0.7508071313895253,-0.5051423861813569,-0.5272049565074337,58.14915514027899,1,1
2026-04-18,DePIN,0.18174493042996243,23.23251175665513,0.2298008623944968,54.01282616414786,0.004419369444520718,0.771344388296128,-0.35822888766786576,-0.242829352544665,60.29184186736279,1,1
2026-04-19,DePIN,0.18916700966141456,23.121627648935252,0.22548716295756166,52.32460415989875,0.006629382080901754,0.7225143848340729,-0.451916298484034,-0.059979867933837874,62.33751200719538,1,1
2026-04-20,DePIN,-0.22922204577756253,23.98319407016775,0.12048718512778037,55.89799292032483,0.0005611751671795312,0.03851127611540304,-0.22337742372689542,-0.3373531254730674,62.28279761405711,1,1
2026-04-21,DePIN,0.9225513774771248,24.28333130018984,0.5167059293149867,52.201428922778476,0.02160777491794892,2.3407248318416523,-0.4499561726850863,0.9207124669915006,68.98437762310182,1,1
2026-04-22,DePIN,0.4673202212962203,24.380023906416085,0.2742400071655231,51.68595730088915,0.017737500836519537,0.8530464032964543,-0.47332784771025727,0.9187274084883132,70.64939588084866,1,1
2026-04-23,DePIN,0.15116716100048425,23.80681688901557,0.2557523781582713,48.48133473756571,0.012706043181673898,0.7228312673510636,-0.6677426064350115,0.805755708359443,71.78163376871734,1,1
2026-04-24,DePIN,-0.12626842027106727,24.832824966442267,0.139634208077242,53.13886149975771,0.0009510227920693989,0.013753741930696315,-0.3519226727247252,0.23495140720025537,70.71685700143868,1,1
2026-04-25,DePIN,-0.15829973719642595,25.53936105119203,0.15304450798828623,56.079652622251075,-0.006137942090097645,0.09552439125573484,-0.1512285331396887,-0.1931503049910203,70.38342697518823,1,1
2026-04-26,DePIN,-0.3054732562556728,23.98843518245005,0.16970188795486893,49.83094211194653,-0.009709487848662782,0.19753090735052162,-0.5678365057412071,-0.48869404101381775,70.37503333786569,1,1
2026-04-27,DePIN,1.1254269337928589,30.056937492278394,0.5174259645879269,69.73466078138057,0.010260875921997079,2.205500889136918,0.7910446244846063,0.6550478106220631,76.34380350541002,1,1
2026-04-28,DePIN,0.08481432419081511,26.151238300686334,0.2395343765175915,54.436431739001044,0.003991256253784499,0.5295328611864231,-0.27011968534506847,0.37604627092652787,76.57751091802893,1,1
2026-04-29,DePIN,-0.6997108503757591,23.974629925304136,0.021851195773416585,48.24991126481625,-0.01456314984050746,-0.7723486214082701,-0.6923813136534172,-0.770765664737928,73.2667777473032,1,1
2026-04-30,DePIN,-1.7191445537714622,20.39526241195459,-0.24535185947762805,39.308171601533225,-0.042971819782901946,-2.203878917096966,-1.279810265784713,-2.536452598829528,66.00921207721944,1,1
2026-05-01,DePIN,-1.5269813718299974,20.396281210477362,-0.1109855842751229,42.290941707448596,-0.05034256397503045,-1.377237883189937,-1.039977191259755,-3.007280282157955,62.06833028005135,1,1
2026-05-02,DePIN,-1.4379979279334403,19.97252199738831,-0.0726195384824276,43.11399498018119,-0.05015252676945538,-1.1261802947944453,-0.9576753493194474,-3.037960770866263,59.21889504562957,1,1
2026-05-03,DePIN,-1.6617135475984985,18.60723053568609,-0.18355247763320803,41.11758634232517,-0.054647105000934657,-1.6688979700319564,-1.0683182918450895,-3.168595792717871,55.16103123239151,1,1
2026-05-04,DePIN,-0.7440870654395084,20.636296176117966,0.08019253988996147,49.18142585049882,-0.037806672529267275,-0.21230340880083537,-0.4945145083520627,-2.630025168580709,55.86569884956573,1,1
2026-05-05,DePIN,-0.8734495671412945,17.969321155079935,0.05630886709062116,38.980102142435655,-0.0267462939834894,-0.34109970760385006,-1.1822715800997787,-2.3039565613607413,56.120678830332714,1,1
2026-05-06,DePIN,-0.22068192748597645,21.025070345389736,0.24413342207930983,49.26002370389045,-0.006316859857367839,0.7055717606656522,-0.45111463834598325,-1.6858392720614168,59.48333231574215,1,1
2026-05-07,DePIN,-1.1048311103723356,18.808766853429667,-0.07125347740662284,42.986298566051765,-0.013185409926661229,-1.05702070287289,-0.8794819980685374,-1.8673516389529525,56.88367587842525,1,1
2026-05-08,DePIN,-0.2779987288114907,20.883534457489844,0.16453571243952025,50.508014777248206,-0.0015989243057451079,0.27460700810888317,-0.33852798109827115,-1.5074700456961434,58.71410154321311,1,1
2026-05-09,DePIN,-0.4279673986740087,20.297452873424646,0.08095001814946799,48.570143628365884,0.000569322714644098,-0.20129899792765926,-0.47192139010950007,-1.3993136381529638,58.90861981085209,1,1
2026-05-10,DePIN,-0.9954678700414357,18.956669565951206,-0.07327923007742926,45.43030029588216,-0.007788867027496968,-1.0681740764040135,-0.6892599154039719,-1.606680510477349,56.444232821032486,1,1
2026-05-11,DePIN,-0.5486037128723202,17.939253704554027,0.0846452095250405,41.23503956656184,-0.0023680017710666565,-0.1552719622117881,-0.9756236026166946,-1.434396440143906,57.043364230698785,1,1
2026-05-12,DePIN,-0.21343220300627377,19.89139475701961,0.1611344652026993,48.271156745148076,0.006213531463906328,0.28754865975206745,-0.4552478185069332,-1.1475933516610228,58.54869353014203,1,1
2026-05-13,DePIN,0.6870637672687084,23.7046050659359,0.457239342491954,59.28004012375363,0.030327446017068774,1.932509671819104,0.35288442770995215,-0.3363192752410145,64.7525143425917,1,1
2026-05-14,DePIN,0.16721779559407832,23.467936606107624,0.1606141954371764,58.54574251672537,0.025016897208702774,0.23518078009584836,0.29508478597311577,-0.3088080099093444,65.02401674115936,1,1
2026-05-15,DePIN,-0.22715622891166823,22.344127197611485,0.10451275296599435,54.6908886211793,0.016834694905873127,-0.08757148057084191,0.005438088979983349,-0.4073878165111013,64.17464260912898,1,1
2026-05-16,DePIN,0.48139247042621647,23.62370263603027,0.3144626736896113,57.84020407886097,0.024221927170647063,1.1113044996854513,0.24197288115081275,-0.0553454846914629,66.9137633560241,1,1
2026-05-17,DePIN,-0.7553263838462037,20.962132672912325,-0.12013727445993573,51.13556175125568,-0.0002083450468993546,-1.3754578053105009,-0.2687277320798505,-0.6922354935406551,61.82025839838402,1,1
2026-05-18,DePIN,-0.394605571744852,20.708641323133577,0.10027295743953435,50.365243997839436,-0.0014988430996939672,-0.10536517791706401,-0.3249668921711947,-0.7263510977766491,61.33606296596431,1,1
2026-05-19,DePIN,-0.06728070014973828,21.0474579446643,0.14805924030937365,51.65446727507386,0.0007688300629896064,0.17076476139143634,-0.22246357717426749,-0.6525608893657817,61.69877599701484,1,1
2026-05-20,DePIN,-0.15819515866350128,20.070666391117005,0.13404429438186188,47.882084790358206,0.0012020584738235036,0.08785480557175056,-0.513164090694723,-0.6253358078570987,61.826153893486,1,1
2026-05-21,DePIN,-0.7299079245613436,20.08113164791057,-0.05327938807848841,50.36371038438645,-0.010600116515003331,-1.0023684681466298,-0.31390030963227483,-0.9971083451901128,58.74585553723993,1,1
2026-05-22,DePIN,-0.9362064651197163,18.14054691146078,-0.06897977136201225,44.8127162924067,-0.01847575798063366,-1.0753044470161013,-0.7464856933610762,-1.3029769983141521,55.85543681636032,1,1
2026-05-23,DePIN,,,,46.54102869620019,-0.014780606384506928,,-0.6012778991909619,-1.2824926394351779,55.85543681636032,1,1
2026-03-24,Ecosystem,,,0.3777777679104121,,0.0,,,,89.80910581464192,8,8
2026-03-25,Ecosystem,,12.411924395683341,0.16386827110982208,0.0,-0.013651204354225666,,,,84.63445885862355,8,8
2026-03-26,Ecosystem,,13.29146469634793,0.1807177295958438,7.301757136616445,-0.020385489152634884,,,,78.16318007654965,8,8
2026-03-27,Ecosystem,,12.347227477057068,0.1467026539497578,6.363712644577532,-0.025630953525593237,,,,73.54129091447142,8,8
2026-03-28,Ecosystem,,21.19831948319581,0.31049131832021715,42.14975424510551,-0.016986487479028235,,,,72.84612750979167,8,8
2026-03-29,Ecosystem,,17.963576304582777,0.16286947803721927,31.35074124693699,-0.01992401458692437,,,,69.66453429284348,8,8
2026-03-30,Ecosystem,,17.77163326700827,0.17404796544762705,32.657249904546916,-0.019787243812183317,,,,66.56097192689894,8,8
2026-03-31,Ecosystem,,16.529609616316748,0.13575812060650427,30.658631987067352,-0.020842586699720243,,,,62.28334680691917,8,8
2026-04-01,Ecosystem,,16.768350881939153,0.168730746030358,34.13005387592537,-0.017994491676360372,,,,58.66447219895417,8,8
2026-04-02,Ecosystem,,15.368112100550832,0.130786428080397,32.27088399076335,-0.017333839804752393,,,,53.796176568451436,8,8
2026-04-03,Ecosystem,,14.167125923155233,0.1114229431881247,31.3980697523195,-0.016853574700913573,,,,48.957353765102674,8,8
2026-04-04,Ecosystem,,12.486432449148747,0.05782885864051162,29.211336898820164,-0.018657653013994205,,,,43.28795838484824,8,8
2026-04-05,Ecosystem,,15.844485031632715,0.26200630733303676,44.05510494102288,-0.005306039144087123,,,,42.16355197407966,8,8
2026-04-06,Ecosystem,,15.5040392036815,0.26945500907303455,44.47982627562323,0.004302279810234941,,,,40.81458867413495,8,8
2026-04-07,Ecosystem,,14.497572216597481,0.18813026727945686,41.075229231872335,0.005385570533250721,,,,41.35872115261627,8,8
2026-04-08,Ecosystem,,16.54653637815475,0.17066354769038486,50.39232090454545,0.0051317458168461255,,,,40.505077869141964,8,8
2026-04-09,Ecosystem,,14.571781056249522,0.09644783372749362,45.43698635160403,0.0004198644266020374,,,,36.731478477974484,8,8
2026-04-10,Ecosystem,,15.920405074091578,0.18832516132358448,52.120861829366866,0.003759477021303026,,,,35.13088300451253,8,8
2026-04-11,Ecosystem,,12.744472643360112,0.163293479548145,41.26429601232904,0.0045011135858219545,,,,32.208674875456445,8,8
2026-04-12,Ecosystem,,15.616051562228833,0.21261684169738054,53.342299962194296,0.008310417539562728,0.3903845820862953,,0.47010753424630364,31.090392645408656,8,8
2026-04-13,Ecosystem,0.34711269173433923,14.009300347341629,0.1566620254026963,48.89820827505712,0.007105237452575602,-0.3528904200236997,0.9209479046620711,0.49074291459326286,28.32027805892377,8,8
2026-04-14,Ecosystem,0.5709467271189393,15.217576201208681,0.186632354709946,53.25838938099679,0.008287601229296997,0.058095580585023204,1.1397591707308816,0.6730113354092297,29.675811212834322,8,8
2026-04-15,Ecosystem,0.7561498424443615,15.104487994484462,0.2174345490117803,53.128074534777454,0.010938648343395793,0.47929767724820804,1.0741790945705414,0.973108778829076,29.68773329398423,8,8
2026-04-16,Ecosystem,1.0032138806692126,16.9589102906911,0.2452120395888453,57.446402905382186,0.01415330453217846,0.8460928006802657,1.2740532475101074,1.3207897214216933,34.39179197897086,8,8
2026-04-17,Ecosystem,0.8163564729216929,16.973867657043925,0.2071497020622415,56.08154262645577,0.013318700120986626,0.2905685528786184,1.128883801381515,1.3868617986032925,35.68444055624923,8,8
2026-04-18,Ecosystem,0.73053960480065,17.58550376244053,0.18573599032069824,58.472392640397786,0.011021969347003058,-0.02404501365084144,1.214757392894353,1.3360715380641506,34.7492900708031,8,8
2026-04-19,Ecosystem,0.17099246778520802,13.475540228608196,0.1694885338335156,41.840265748687735,0.008233781560618294,-0.2628494019228338,0.1696997653984396,1.229981285008285,34.329988176064255,8,8
2026-04-20,Ecosystem,-0.0751395619179136,12.502301152210611,0.13680232747670318,38.799141645930256,0.004215870384527039,-0.7415318163198148,-0.024146343666327768,1.0146118530104349,31.980710075216432,8,8
2026-04-21,Ecosystem,-0.30427576430000736,12.915710793516539,0.09257416816044252,41.392234325539974,-0.0011083713405516983,-1.351504463820844,0.14223045655547503,0.6647123766535951,29.856123941708915,8,8
2026-04-22,Ecosystem,0.4947924342062966,15.754384729176088,0.18185007520349739,50.89225728631013,0.0015501536309088897,0.0020675548711047193,0.7517772435817754,0.8236930020464103,31.712644326441477,8,8
2026-04-23,Ecosystem,1.0993855731381537,19.28743057045476,0.25308296500066585,62.55322815168537,0.007917761521318768,1.062628717013878,1.4492100948801083,1.2698389179475573,33.35960220196892,8,8
2026-04-24,Ecosystem,0.5107247412338087,16.255399533808113,0.17558515310930678,48.95488784297859,0.006766658101031303,-0.127739669773207,0.5474425695585843,1.2485277746625107,34.05289736073057,8,8
2026-04-25,Ecosystem,0.2121697502659586,16.569436148035198,0.15767670026912356,49.53378525321947,0.004750745936713586,-0.4006873215976445,0.5736899977665715,1.156145079486492,33.81790860836948,8,8
2026-04-26,Ecosystem,0.8078610626131906,17.311186866599666,0.22533587156969254,51.02454348831225,0.007748363812681552,0.6572588131387564,0.658891621989855,1.381868169164744,34.947073899342655,8,8
2026-04-27,Ecosystem,0.1697486514861767,16.72608260737232,0.1485877404678344,49.37068153314478,0.004497828341300577,-0.5587140193916238,0.5368783178975408,1.2134235426715367,32.718547055254554,8,8
2026-04-28,Ecosystem,0.07177878371641402,15.712626683398735,0.14479042568779799,46.60008149694013,0.0021467690499549427,-0.6082667099602908,0.34221045966289976,1.075550473966648,29.930808162478808,8,8
2026-04-29,Ecosystem,0.8646376582906952,17.315511967084202,0.23617410874930164,51.386228778482426,0.006552066416669361,0.8596785798374313,0.659972359192568,1.3645466525769425,31.270144462627492,8,8
2026-04-30,Ecosystem,1.224324798086205,18.505520074473786,0.2888550339639698,53.11369966319993,0.012476331203108027,1.6345156887683217,0.7637089508617113,1.7685540759262366,35.05490228515445,8,8
2026-05-01,Ecosystem,0.34969896824072,17.130059721092255,0.17639540944727292,48.01641375254977,0.008474775423517659,-0.1568099326047051,0.40000145138333143,1.587719485474679,33.50719337737915,8,8
2026-05-02,Ecosystem,0.8982353260185393,18.80592580278882,0.22928975794046377,52.699501870692636,0.00899486430746215,0.6849109249391768,0.7180673068269077,1.6518733653359134,35.86830537794055,8,8
2026-05-03,Ecosystem,1.31817894672109,20.11152626538928,0.29202150170381946,57.18091963788888,0.012929067017955969,1.6267429200396288,1.011481805443875,1.9062758896069365,35.06668513818189,8,8
2026-05-04,Ecosystem,1.60798485382357,21.80865429316769,0.3345524996538211,61.456749151556174,0.01747830036131098,2.1418426431145394,1.2735565514600888,2.1846041687232702,38.070985338906155,8,8
2026-05-05,Ecosystem,0.9234802909593308,21.27521480664342,0.24924709055029123,58.664517832658014,0.013976487230089216,0.8325566591485072,1.0487064077793935,2.0461498416092008,37.851673064888686,8,8
2026-05-06,Ecosystem,0.7186714959583921,20.266184280827456,0.23566330704829275,53.24796618483842,0.010157256323647662,0.6162301726320097,0.655002815490833,1.8807189279145355,39.18267993914422,8,8
2026-05-07,Ecosystem,0.37390337643250093,18.487345872851414,0.19999202033082328,46.65190358023613,0.004906561203658195,0.06916200464425606,0.1837056645224754,1.6305230575620508,38.18421406590771,8,8
2026-05-08,Ecosystem,0.3103232662434259,19.280971830269348,0.18436763137796358,50.600733750849685,0.0003020652978898003,-0.17097232097271492,0.4615243889149754,1.3867470530585042,36.81968239440842,8,8
2026-05-09,Ecosystem,0.5788629230907216,20.221765379662795,0.22907537754669824,54.71105158899415,0.00019353727326153463,0.5220675481985235,0.7469922522329369,1.342002439774247,35.3911899244106,8,8
2026-05-10,Ecosystem,0.7061639598078244,19.603825981343782,0.23241873046300582,50.51068777910797,0.00026846398034553656,0.5669643508814322,0.43507695499101223,1.3091648461016987,37.37778492809885,8,8
2026-05-11,Ecosystem,0.005105349881239507,19.61794309145704,0.14593282352813425,49.81122617986545,-0.00527885661252584,-0.7947221841780848,0.37907655961111064,0.9977582748259504,38.56218822513419,8,8
2026-05-12,Ecosystem,0.6687781693181402,21.349020689032645,0.2227927263260501,55.02421798929362,-0.0036229136264139643,0.4269556621352394,0.7539696355336877,1.0084961613447825,40.70321259101267,8,8
2026-05-13,Ecosystem,1.0359656482604434,21.477617326625705,0.2948162902935437,53.87382418991373,0.0021607016603575023,1.5327918029346477,0.6585733654633962,1.2434095477760556,42.50793536232808,8,8
2026-05-14,Ecosystem,0.26694997411814614,19.319533265678206,0.21438005150111233,45.25430477332687,0.00049372219418857,0.2541132477328,0.01168235342944409,1.1517990653308294,41.87461239637629,8,8
2026-05-15,Ecosystem,0.08507462639001187,20.294816820350192,0.1706035401262985,49.59552583167993,-0.0034173470357128696,-0.441836656731063,0.3371273626146918,0.9352812934181631,40.744632637242006,8,8
2026-05-16,Ecosystem,0.012777899024035463,19.330364142232046,0.17693286657920138,46.08932650435079,-0.005324517203567374,-0.336232333381641,0.06838021661326792,0.7875054993283417,39.82486888766842,8,8
2026-05-17,Ecosystem,-0.2892450266592753,17.28337006054886,0.152436381888965,38.94243737007449,-0.007830800850352428,-0.7246857974357395,-0.4779501969216356,0.592378640751171,38.00953975562555,8,8
2026-05-18,Ecosystem,0.12871960018879824,17.302274314164176,0.1962413956642053,39.065432759986685,-0.0062045236423138765,-0.008604892376177722,-0.46324585668506263,0.5884200697726848,37.30898960475131,8,8
2026-05-19,Ecosystem,-0.3868995787278212,17.454073744172725,0.13542222462138107,40.638827839955816,-0.008736019179510404,-0.9940672908716998,-0.33662875646671725,0.3837973907343016,35.43569078174355,8,8
2026-05-20,Ecosystem,0.13923804588651045,18.839553932878815,0.18090021602298273,45.72067658997315,-0.006937273212343842,-0.24170575161801502,0.06420140748034836,0.3827719069416793,35.29786351458834,8,8
2026-05-21,Ecosystem,-0.05303989434089536,19.660418794569246,0.17450331074305603,47.912754672963544,-0.005813432264927552,-0.3448338335071018,0.23675387370535808,0.3650189559871088,36.37339948121777,8,8
2026-05-22,Ecosystem,0.8470222315119942,22.093596013470144,0.26775867469242104,56.058515692662,0.001201302696080082,1.1932565044409258,0.8779430416276248,0.6753120548372298,38.220553882598225,8,8
2026-05-23,Ecosystem,-1.461619365138594,16.83713227067272,-0.04860520362854004,35.53550514614456,-0.014603069207027999,-3.762445106864655,-0.7642751549996855,-0.1594861216351588,38.15626718797444,8,8
2026-03-24,Enterprise Chain,,,0.02439031112939118,,0.0,,,,28.24971041279535,1,1
2026-03-25,Enterprise Chain,,30.891108562046977,0.502491865616031,100.0,0.030511324274930873,,,,35.82376324189024,1,1
2026-03-26,Enterprise Chain,,,,100.0,0.024409059419944697,,,,35.04394715465473,1,1
2026-03-27,Enterprise Chain,,30.937275955742653,0.26868629226982593,100.0,0.030397011152421702,,,,37.25857675345641,1,1
2026-03-28,Enterprise Chain,,26.93678770751869,0.17639980916872616,83.8204034763082,0.024331938921635328,,,,37.77035066196744,1,1
2026-03-29,Enterprise Chain,,29.508224513379833,0.4968760241370648,89.64079175516244,0.039457079039426066,,,,43.52557280603123,1,1
2026-03-30,Enterprise Chain,,21.359685470207314,0.047029036710659666,59.56374091899252,0.017820791070737627,,,,40.07720168233651,1,1
2026-03-31,Enterprise Chain,,,,59.56374091899252,0.014256632856590096,,,,38.641373023081286,1,1
2026-04-01,Enterprise Chain,,21.90226067397052,0.38330096616119147,59.56374091899252,0.024306299511647325,,,,41.88607829953088,1,1
2026-04-02,Enterprise Chain,,24.61364664985716,0.6124428610349696,65.46597522467326,0.04084195893306866,,,,48.32939755664572,1,1
2026-04-03,Enterprise Chain,,23.70334085523961,0.4624602038796991,59.75684824693226,0.038932203468458534,,,,51.490423726516994,1,1
2026-04-04,Enterprise Chain,,23.178966904786407,0.37069301283124834,56.72985052126779,0.029187772515642987,,,,52.57041871393458,1,1
2026-04-05,Enterprise Chain,,24.177262768170017,0.4642869784414768,58.85552308498285,0.026806329065016968,,,,55.27278367608934,1,1
2026-04-06,Enterprise Chain,,21.60581141554456,0.1850358221672476,51.331667133722306,0.005309501046041498,,,,52.60134569449898,1,1
2026-04-07,Enterprise Chain,,,,51.331667133722306,0.00424760083683319,,,,52.39471252689309,1,1
2026-04-08,Enterprise Chain,,16.26543657658202,-0.1826310155853629,37.69527797737078,-0.040883720489103215,,,,43.044827152064975,1,1
2026-04-09,Enterprise Chain,,20.159277434635495,0.31292065203379843,51.717365213458926,-0.029175151369491073,,,,45.19533221147252,1,1
2026-04-10,Enterprise Chain,,21.700668130788085,0.47440794132096425,55.01645957915838,-0.010641197046577192,,,,49.87426587732168,1,1
2026-04-11,Enterprise Chain,,22.64811142635307,0.4519006694585085,56.69024516348534,-0.0005186536265963521,,,,53.371508030908124,1,1
2026-04-12,Enterprise Chain,,19.111607049886146,0.20089005065049975,44.051836172310686,-0.010780227717304955,,,-0.41089250555944595,51.505638158907935,1,1
2026-04-13,Enterprise Chain,,23.832987320984557,0.45514412598639725,60.833119145748604,-0.001010860378057185,,-0.22490497338791493,-0.08904593657668672,54.64016900539227,1,1
2026-04-14,Enterprise Chain,,21.604893454930902,0.20483444493222983,54.15120996164326,-0.011396389617974033,,-0.5607217663921733,-0.5294912789783915,52.04888932095798,1,1
2026-04-15,Enterprise Chain,-0.47352915313686605,21.673501316881975,0.26269129064850977,55.28642206476688,-0.014177748481963043,-0.2329517657955659,-0.48575718376905314,-0.7262869914299401,51.38909011799311,1,1
2026-04-16,Enterprise Chain,0.5258013661116219,23.60748221639433,0.6446769200608135,58.03156401413477,0.008670298464241714,1.5529363402336118,-0.3272689483024885,0.15694455584373573,57.94494998103919,1,1
2026-04-17,Enterprise Chain,0.49358502179739794,24.716412888612894,0.5520587937913835,59.40026819873118,0.016076763781928655,1.049220278202075,-0.24521794337967645,0.5559234342215108,62.05473965787944,1,1
2026-04-18,Enterprise Chain,0.02997626510790624,24.575447117817507,0.4078574762280498,58.14671973071312,0.010087924780161572,0.34368446654249823,-0.3101365175837266,0.4190069612870445,63.02409318923456,1,1
2026-04-19,Enterprise Chain,0.5076634942103448,25.449733172176,0.5495521041572093,58.94158213087816,0.014239332292811505,0.9985287097964637,-0.25851518280652813,0.68785021165781,66.57644620378261,1,1
2026-04-20,Enterprise Chain,-0.09157748751190113,25.8325681518726,0.33917191276406095,60.58914652649499,0.0020277794529970916,-0.03792540085033301,-0.15764281940352495,0.2415251935669461,66.37039828765742,1,1
2026-04-21,Enterprise Chain,-1.202436280492298,22.26307288358576,-0.08470655148569495,51.69552325180234,-0.03342919287638986,-1.9552276403336208,-0.6782063667395926,-1.36773987860986,59.552165681239885,1,1
2026-04-22,Enterprise Chain,-1.0226189495486038,22.5059313552674,0.09975889423899348,54.59588885363293,-0.042697951698986464,-1.0428334460132882,-0.49017596942409397,-1.9409223948554377,56.95379263764005,1,1
2026-04-23,Enterprise Chain,-0.946321600534728,20.857973165797965,0.22136638497057368,48.30345544351482,-0.038980692563340184,-0.4610585547729143,-0.854813312192074,-1.9747916586172654,56.43830419648059,1,1
2026-04-24,Enterprise Chain,0.007622734606379106,22.781047407549668,0.5722853275964657,51.694735746680955,-0.01259594778894528,1.1627051653438605,-0.6291109220491848,-1.1449386410687947,62.03007153361583,1,1
2026-04-25,Enterprise Chain,-0.20249303927520637,22.564331578504955,0.413697876479472,49.36829178845579,-0.005873593114076439,0.4038186241857175,-0.7563788094848084,-0.940277279197418,64.39520661880594,1,1
2026-04-26,Enterprise Chain,-0.1052670261362956,24.055873045452856,0.40951280098296705,53.75633786757261,-0.001960654563205079,0.3767530801057036,-0.4696283579358879,-0.8049125527001669,66.87504369794003,1,1
2026-04-27,Enterprise Chain,-1.1219094985455995,20.67137863573307,0.07685698345307257,43.37580697985167,-0.02097149297675774,-1.1966185557787896,-1.0978510998371647,-1.5441431427475891,62.750175354435115,1,1
2026-04-28,Enterprise Chain,-0.3791247099951155,22.962496591315645,0.33189384659094034,52.22126206655635,-0.015800958923144107,0.036372901774169616,-0.5230495630238544,-1.4375848768147421,63.27025375321475,1,1
2026-04-29,Enterprise Chain,-0.12412351654756568,23.578883771873627,0.4388739457140987,53.028030472748405,-0.005157680227367723,0.5513639318014134,-0.4630792996261042,-1.0987930281814284,65.56824060975775,1,1
2026-04-30,Enterprise Chain,-0.16877467326775367,22.117664171040467,0.44153496535867914,45.98513204587672,0.0017122259816145166,0.5541031644184687,-0.9003334862018432,-0.8426081892530882,67.32706365875511,1,1
2026-05-01,Enterprise Chain,-0.06720007494583241,22.929156287182355,0.4518175266004995,47.95219982269488,0.006339410052855668,0.5943601839582813,-0.7555332444383966,-0.6289840907286526,69.10444211447752,1,1
2026-05-02,Enterprise Chain,-0.06670123356788366,23.706555382902202,0.41700300359292425,50.19557198953627,0.00642589534220904,0.41151810309286363,-0.597264971397391,-0.5640388702355423,70.08959599338517,1,1
2026-05-03,Enterprise Chain,,,,46.982656957943426,0.005140716273767228,,-0.7940526614875415,-0.5550876199504707,69.33061621430471,1,1
2026-05-04,Enterprise Chain,-0.7689010527166623,23.58092657903493,0.17631566089271566,51.959420960238695,-0.013424758902031184,-0.8038244778397727,-0.45524441044148445,-1.247001761056915,65.64661340890147,1,1
2026-05-05,Enterprise Chain,-0.3458485644974627,27.7548906232238,0.2897811447668471,68.35619263670765,-0.01462624209044681,-0.2168402771030362,0.6389268891882856,-1.360169597170082,65.62309095751033,1,1
2026-05-06,Enterprise Chain,0.042006533537962104,27.75229779537335,0.39789551392511696,66.84551664702867,-0.007935039142038112,0.3420349733512933,0.5284472279466105,-1.1727460390814737,67.74383173711394,1,1
2026-05-07,Enterprise Chain,-0.44815566264975226,25.94309649180856,0.3018580565761868,60.20432482559376,-0.009658024417552528,-0.16239756113263223,0.07289013366389643,-1.268980714351786,67.82092485354772,1,1
2026-05-08,Enterprise Chain,-0.7209004810342531,22.7731486664865,0.28004350071075773,47.928932067207526,-0.01180579336095628,-0.27534395432717307,-0.7637922270560658,-1.3873572649748818,68.01870573798273,1,1
2026-05-09,Enterprise Chain,-1.0535054571383853,22.347888773073066,0.13014225404631347,48.265774832438325,-0.022254504462725328,-1.0577144944182688,-0.7280144730436036,-1.8103450273210344,65.82896133821984,1,1
2026-05-10,Enterprise Chain,-1.400409945626688,20.794674829146082,0.018212043796665967,44.395547226491004,-0.03488440123773137,-1.5922180393793346,-0.9777866771638168,-2.304651059253958,63.28768478313808,1,1
2026-05-11,Enterprise Chain,-0.7861710968829235,25.772362471136212,0.1743276308650896,64.48643439316396,-0.0310337776894811,-0.7534097657846315,0.4229751099153002,-2.2620046501557884,63.910591453483605,1,1
2026-05-12,Enterprise Chain,-0.13882706124158078,26.00712208087554,0.39128136164295485,63.28857526258872,-0.013102058873220404,0.39428821119578217,0.33460938379873706,-1.768925963839181,67.40355555633023,1,1
2026-05-13,Enterprise Chain,-0.32508095632974143,24.297800073561064,0.32363085193680596,55.75568963699209,-0.00541750816807153,0.031116818361602575,-0.20012318302318768,-1.5400728937949535,69.04834245414256,1,1
2026-05-14,Enterprise Chain,-1.01909160105242,21.84728550453996,0.13670927072369493,47.482799823343214,-0.01215777430805326,-0.9625930808611122,-0.782903323388138,-1.734439499901409,67.72920902318263,1,1
2026-05-15,Enterprise Chain,-1.3853622456452825,19.85493889636712,0.00563766641587019,42.63357240539543,-0.023993975225323316,-1.6106059519610347,-1.1086252225301292,-2.092962739808319,63.85942999074338,1,1
2026-05-16,Enterprise Chain,-0.99223147026955,21.342409687490836,0.1590436068560742,49.429355877135166,-0.020194356688432544,-0.7801737294830129,-0.6109088577828081,-2.02130895966169,62.91159772725363,1,1
2026-05-17,Enterprise Chain,-0.7389140880628331,21.158147047720043,0.16973753470506234,49.784193002681576,-0.01585521193460707,-0.712257811898422,-0.5779784715426411,-1.9231186431386542,61.44333556959195,1,1
2026-05-18,Enterprise Chain,-0.2783129268200647,22.780644865735507,0.33741555037036536,54.7613266618504,-0.0013508727622961285,0.18751237174329327,-0.21284689902057732,-1.5310863027443282,63.02895357334654,1,1
2026-05-19,Enterprise Chain,-0.4611957277764598,21.39541218021154,0.26196436426470054,49.158973544599554,0.0032516131616855577,-0.21992412054087396,-0.6175405742168539,-1.3654995479256975,63.05085058645246,1,1
2026-05-20,Enterprise Chain,-1.2873169462775742,18.23524843372001,0.022089024076675276,39.476160688939935,-0.009094037089853863,-1.487541013046769,-1.3022291378417965,-1.6561417678027754,58.96096308873416,1,1
2026-05-21,Enterprise Chain,-0.4230943018809348,21.030919019065347,0.2772340744066425,49.366865301129664,0.00019650064518387383,-0.10557318528726589,-0.568373296029078,-1.4010519543084756,59.80981592099565,1,1
2026-05-22,Enterprise Chain,,,,49.92694416548089,0.00015720051614710046,,-0.5212876924321205,-1.3669670057521555,59.09840831693649,1,1
2026-05-23,Enterprise Chain,,,,54.14835657273569,0.00012576041291768175,,-0.20525473144960407,-1.340179695140519,59.09840831693649,1,1
2026-03-24,Exchange Chain,,,0.5026837769849867,,0.0,,,,96.8345491389254,1,1
2026-03-25,Exchange Chain,,13.486528555111276,0.15716786107416847,0.0,-0.022050018565248797,,,,89.38360860640121,1,1
2026-03-26,Exchange Chain,,17.83871950418494,0.2460413355672594,20.45940265954782,-0.028992690642903305,,,,84.43530463924694,1,1
2026-03-27,Exchange Chain,,15.87046029986157,0.14962615514200622,16.743162997685374,-0.03786103315975151,,,,78.31947107801784,1,1
2026-03-28,Exchange Chain,,23.175939477577103,0.43193759504918633,45.649687067917036,-0.02321571434423018,,,,78.80169338213632,1,1
2026-03-29,Exchange Chain,,19.239964648051206,0.14829373977323992,33.84377254337933,-0.030665251408227227,,,,73.46833578008557,1,1
2026-03-30,Exchange Chain,,18.791678465982102,0.1734869474283313,35.32929597132818,-0.03179374687887577,,,,69.03991757706522,1,1
2026-03-31,Exchange Chain,,17.54569568588582,0.12950098156082843,33.99647053704332,-0.03324356719911515,,,,64.44731023521089,1,1
2026-04-01,Exchange Chain,,17.43525003840725,0.17607743466226228,36.53186931192941,-0.028963534910676852,,,,60.8445227324323,1,1
2026-04-02,Exchange Chain,,16.395696925929265,0.15854722691304776,36.011229096444275,-0.025341631953646387,,,,56.77121254404831,1,1
2026-04-03,Exchange Chain,,14.957167655182683,0.10205243560716823,34.429897699873024,-0.0247509678382839,,,,52.29166887245717,1,1
2026-04-04,Exchange Chain,,13.314903930903798,0.03076156931023838,32.62220838772231,-0.02697902757026764,,,,46.990245137043715,1,1
2026-04-05,Exchange Chain,,16.68765212891744,0.36688341342506353,45.99161407200278,-0.004795392179938379,,,,48.458569839740974,1,1
2026-04-06,Exchange Chain,,17.011241389031063,0.4088296519243655,47.29667160247348,0.012763447722308363,,,,49.90635003006933,1,1
2026-04-07,Exchange Chain,,14.973806191718165,0.18296052443574493,41.85114753723599,0.00938265053655847,,,,47.2120383962824,1,1
2026-04-08,Exchange Chain,,16.249175895815927,0.1484816845818252,49.736899170632555,0.005247217542964089,,,,43.86001418194322,1,1
2026-04-09,Exchange Chain,,14.168967075946053,0.07357630878829521,44.73152236049232,-0.0017363068743490029,,,,39.973275559973345,1,1
2026-04-10,Exchange Chain,,16.05315722568457,0.24751539238198042,52.85510011768904,0.005745757516980407,,,,39.67471116134692,1,1
2026-04-11,Exchange Chain,,13.33242035344044,0.2236678813891628,42.84701295855061,0.009266976405032573,,,,38.74091934432639,1,1
2026-04-12,Exchange Chain,,16.367270938040747,0.27768981452995145,55.276297595165985,0.015069350646952404,0.4892657195887425,,0.6276692885603151,38.27371989964574,1,1
2026-04-13,Exchange Chain,0.5344346530899556,15.19875719909204,0.2152602466601297,51.6531600940065,0.014531329984725075,-0.012001390278511716,1.0245473386961557,0.7263550172642994,37.089926920086555,1,1
2026-04-14,Exchange Chain,0.12206032486544488,14.527425845577225,0.14986035543273435,50.792284953206774,0.009824797624706241,-0.5351376193020798,0.9175041794108694,0.6138023963949429,34.635681508252596,1,1
2026-04-15,Exchange Chain,0.762535440839785,15.286543427565794,0.2771911845912583,53.70215647851829,0.015029478713277235,0.5180909367577688,1.0773754846707084,0.9474723342723528,35.2119585139403,1,1
2026-04-16,Exchange Chain,0.5158930125425738,14.588925285147585,0.19940387626054518,51.43269877249846,0.013049062832989372,-0.14228335029877548,0.8734672970165066,0.9603320335811355,34.31951705392184,1,1
2026-04-17,Exchange Chain,0.5040731117824652,14.992276989366037,0.18779250914393816,53.10432037320871,0.010862436559476212,-0.23847622513703612,0.9575763780443128,0.944675946103449,33.586874805502774,1,1
2026-04-18,Exchange Chain,0.7185282281910375,16.171606142367253,0.23164385652606376,57.42062473038916,0.012175931347065919,0.14856105419912471,1.2144324723142361,1.0796641843612214,33.47752654914675,1,1
2026-04-19,Exchange Chain,0.00804136740307039,11.808994406459286,0.16557925563739712,40.710322458982795,0.008572048194506292,-0.4409061781768456,-0.018985034390045594,0.9808222662561151,31.97148989584362,1,1
2026-04-20,Exchange Chain,-0.10647603751382387,10.946086710355049,0.1516371259479644,37.81631149026354,0.0053817662370505975,-0.556171631112879,-0.2325533335630808,0.8747930770025174,30.41049339127821,1,1
2026-04-21,Exchange Chain,-0.36531749888436993,11.73009093613007,0.05102303436368676,42.90829372434889,-0.002925506912696031,-1.4148038804185092,0.15551209199521748,0.48459802892068204,27.04769562428144,1,1
2026-04-22,Exchange Chain,0.3114694507796886,13.712310066179763,0.16218934248052316,50.68067849112677,-0.00048253185023057477,-0.3904339544527764,0.7427470088816494,0.5707226027404734,26.24597555467427,1,1
2026-04-23,Exchange Chain,0.8832110387517315,16.463042320385924,0.27250285840052413,59.54249404682277,0.008517102317102052,0.6195831846361599,1.36950840422226,1.0153843653226309,27.358215379916423,1,1
2026-04-24,Exchange Chain,0.005637926445864347,12.734599061220441,0.14115521514639365,44.68054448395174,0.005712884880553229,-0.5994710182904878,0.2144921516722619,0.927975174546345,25.636889995329277,1,1
2026-04-25,Exchange Chain,-0.06775150132452049,12.71262589409103,0.12231151076310005,44.90530306050094,0.0028239613778531375,-0.7594014991622424,0.2284522856681616,0.8126966812917421,23.770985689704965,1,1
2026-04-26,Exchange Chain,0.6622504679311796,14.07273438275293,0.2514476139501017,48.77354372487717,0.009470677129764786,0.46411246965790137,0.5274558035893913,1.1610053505321047,24.78565739958355,1,1
2026-04-27,Exchange Chain,0.1112134150827061,13.567199708347365,0.14866263331899793,47.00063123712325,0.006923467659311865,-0.5187317832998717,0.3776976385605519,1.0899606987523685,23.351157200043094,1,1
2026-04-28,Exchange Chain,0.42264271894784633,14.385784123967605,0.16225577276223474,50.585580535304786,0.006158412664283186,-0.38001262170805633,0.6577705012947919,1.0885057012778443,21.91803668423902,1,1
2026-04-29,Exchange Chain,0.6957004448377171,14.146833717704446,0.24700117242582284,48.51398092950556,0.011077217769842274,0.4500198348097549,0.4783484590802499,1.3613542746797045,21.931030719077263,1,1
2026-04-30,Exchange Chain,0.9916244494900391,15.944868607578346,0.28399531478904283,54.33798478766661,0.01622808347495377,0.8018646136128729,0.9401683679518659,1.6604087390433038,22.293898392445747,1,1
2026-05-01,Exchange Chain,0.29724184842571055,14.532499844340268,0.16872802767479655,49.11629226004482,0.011500427572806803,-0.35030392611141475,0.49507760324268846,1.5149955213974298,20.284013897877816,1,1
2026-05-02,Exchange Chain,0.2597987173719938,14.061024819238453,0.17599211136600934,47.32976842300629,0.008622391268912483,-0.2728644161504941,0.3391985081682382,1.4277226360949964,18.67965475059399,1,1
2026-05-03,Exchange Chain,1.4719980976366027,17.88362283700292,0.3905236754670811,59.44712678536346,0.020262206326194642,1.826009543485798,1.3270147281989735,1.9630840635089475,21.0809411115034,1,1
2026-05-04,Exchange Chain,1.5205816233517535,18.61976062783748,0.38961528627506925,60.10514089292277,0.026596294840966272,1.7274954199945873,1.3346190910249884,2.2695196334985153,22.90780807916347,1,1
2026-05-05,Exchange Chain,1.2114808715996621,18.92489469821205,0.29419810026224624,60.3715890364284,0.02318086440222494,0.7870775012089313,1.3119236404048957,2.188554930278309,22.778392745508246,1,1
2026-05-06,Exchange Chain,0.566182443649459,17.01817021805147,0.22058057193412411,52.57283431256732,0.015172036216804095,0.06925480138054053,0.6541855862234566,1.929124754370219,21.833833687814188,1,1
2026-05-07,Exchange Chain,0.3623862778164132,15.539500412254844,0.2101126581266534,46.985744954680605,0.008699472050276163,-0.033533155293841654,0.1855463029590287,1.7059576731208175,20.627510802439375,1,1
2026-05-08,Exchange Chain,0.4382457828795958,17.115916170390864,0.20548951634850227,53.5418787875284,0.0038822827573581613,-0.07876285003992974,0.7266012500037379,1.522435949003992,19.848029315164318,1,1
2026-05-09,Exchange Chain,1.045750686911546,18.82396299831246,0.2994479602333627,59.00715822041666,0.006637573372786208,0.8523367687148432,1.1597189451998833,1.5987138064050392,20.966190484432083,1,1
2026-05-10,Exchange Chain,0.4886336815275242,16.832393536271997,0.2513898381966909,49.99679817403813,0.00491641697160939,0.36222969168738306,0.39321424506365976,1.5268416718848867,21.61220497085546,1,1
2026-05-11,Exchange Chain,-0.2172685776785937,15.596701908932896,0.0797798776932718,46.45320485076294,-0.007416259033851897,-1.348100767844413,0.08993866220442395,1.0643826448000664,19.190502754544735,1,1
2026-05-12,Exchange Chain,0.23717285539334473,17.027589196592587,0.19828658279801412,51.67434103506837,-0.00722205970481797,-0.14839952307558782,0.5331349240178506,0.9942804514851019,19.12050173184182,1,1
2026-05-13,Exchange Chain,1.0961302177633394,18.57585658388347,0.36673378211488566,55.16234952840366,0.004017108353703848,1.5196907113801625,0.8221039076140841,1.3338907317242998,22.123251577633106,1,1
2026-05-14,Exchange Chain,0.6157121661079481,17.220345604039217,0.2556367218661014,48.85073848720216,0.0037408556921598377,0.3964212278698803,0.2691392108562642,1.3177403956270735,22.878911607316955,1,1
2026-05-15,Exchange Chain,0.18487821145749142,17.642323207742095,0.18292556473177704,50.59592499577694,-0.0012973854714693868,-0.3384108420919366,0.4179507282013759,1.1298001631515124,22.120005543026753,1,1
2026-05-16,Exchange Chain,0.14383866739311654,17.557998429779623,0.18339116126039462,50.31234908623743,-0.0043833093776082105,-0.3302502612365542,0.38856908155513237,0.9847586020014152,21.316169881302525,1,1
2026-05-17,Exchange Chain,-0.346431628062684,14.096333565779716,0.13443148104333139,37.432267949372765,-0.009228004665742306,-0.8231926576302208,-0.7522810284034925,0.7572463838908493,19.425086454837864,1,1
2026-05-18,Exchange Chain,0.17211156944942158,15.205479511897833,0.20645806541922743,41.59803269431433,-0.007179003600948808,-0.07631428923576164,-0.3743128612287746,0.7542345860435524,18.94588646890569,1,1
2026-05-19,Exchange Chain,-0.2956737877793222,15.156310807404296,0.1293445772758304,42.308515485827485,-0.01041798784527075,-0.868871247736313,-0.3070003530375676,0.5692880916861103,17.031067721829263,1,1
2026-05-20,Exchange Chain,-0.08371429894114457,16.430826839012745,0.16446980540963074,47.28453443034782,-0.009615028565445816,-0.4955172309310776,0.14589529639244783,0.5145085041048816,16.143364880289536,1,1
2026-05-21,Exchange Chain,-0.19669852316451802,16.27691220623211,0.1401378443706995,46.658427911344546,-0.01009325415756758,-0.7422404696123107,0.08748343854131797,0.41761164798798833,15.093312299348861,1,1
2026-05-22,Exchange Chain,0.8654043815461764,18.949521939950472,0.3245066320529293,54.850793059591844,0.001992366557281645,1.1851902574839766,0.8362627618610017,0.7980929704012643,17.595240435853682,1,1
2026-05-23,Exchange Chain,,,,51.10602911163271,0.0015938932458253174,,0.4825218016741486,0.8048426821927052,17.595240435853682,1,1
2026-03-24,Exchanges,,,0.17087871428117754,,0.0,,,,65.92365941266445,1,1
2026-03-25,Exchanges,,8.064281232129591,0.13026807061516782,0.0,-0.002591676404896326,,,,61.53143450190704,1,1
2026-03-26,Exchanges,,19.310182351978163,0.16424577300494997,45.55363429612305,-0.0019059444635062038,,,,59.27190989796153,1,1
2026-03-27,Exchanges,,25.410841614266786,0.21751741735771277,68.23819277926944,0.002033694668775716,,,,60.8657250080626,1,1
2026-03-28,Exchanges,,16.428353314945337,0.10249622739954885,35.92264604890751,-0.002938393328109269,,,,55.23636758622124,1,1
2026-03-29,Exchanges,,21.602259415161186,0.20251495683634207,54.613043289117904,0.0004945083041667333,,,,58.25371256395756,1,1
2026-03-30,Exchanges,,17.89470768258738,0.1133652793336791,43.34411643509554,-0.0030578766553111796,,,,51.46080013502685,1,1
2026-03-31,Exchanges,,17.249060042526686,0.11558847203775913,43.63415751706649,-0.004964109401045989,,,,46.02761544056382,1,1
2026-04-01,Exchanges,,14.040437510953272,0.04098502138665638,37.23720179210319,-0.010630220648462413,,,,34.90307929875925,1,1
2026-04-02,Exchanges,,19.26265343543338,0.24048501525309166,54.91308845227788,-0.0008390540887730901,,,,40.79085354504459,1,1
2026-04-03,Exchanges,,19.567121417033714,0.21702388383421037,53.15269295684841,0.0039002198491068585,,,,45.4176001645054,1,1
2026-04-04,Exchanges,,18.424625775568153,0.15531789472177393,49.01953562736737,0.0027750379309469846,,,,44.54469222757071,1,1
2026-04-05,Exchanges,,18.91325387089495,0.1752391592486491,50.268016882116775,0.0032360483493717824,,,,45.36118083651927,1,1
2026-04-06,Exchanges,,20.67220887362955,0.2477393783972152,54.33768145321411,0.008015176907956043,,,,50.61227009836339,1,1
2026-04-07,Exchanges,,19.08833117040914,0.1619473186517807,49.540451128503584,0.0051301767958997655,,,,48.61476847053906,1,1
2026-04-08,Exchanges,,18.697084063522894,0.1408683516348011,50.55660577392458,0.0017108314707425484,,,,45.38311350169937,1,1
2026-04-09,Exchanges,,19.0935788368645,0.19818168193489683,51.73930254001108,0.0031347305952337226,,,,46.84015104527812,1,1
2026-04-10,Exchanges,,20.399563401044894,0.2760170366505318,52.92461670332597,0.008822161336431187,,,,53.911120761370526,1,1
2026-04-11,Exchanges,,15.960643010121792,-0.011528855381444509,45.13814200754338,-0.006454138481283864,,,,38.31352075514803,1,1
2026-04-12,Exchanges,,17.04590412054209,0.1714556962363171,48.76318542066394,-0.004026425643089076,0.14402788530806696,,-0.35006685206365123,39.14806538719129,1,1
2026-04-13,Exchanges,-0.5989225804883801,16.11680626278638,0.0964670390138298,49.319417409596,-0.007083515851702588,-0.9025945922959399,0.18500986695865765,-1.0956554904884348,32.9991548122491,1,1
2026-04-14,Exchanges,0.16202256947583757,17.12119256517772,0.18151167066175014,52.48902886791045,-0.0031890212371845908,0.3279422536773193,0.4167559114517636,-0.5634352336832852,34.7565473800494,1,1
2026-04-15,Exchanges,1.2349192244244123,20.590477849942197,0.3003008993073236,59.474724766158,0.007019205998185175,1.8733353782673479,0.9233623372630348,1.3635268950198307,46.25366505096871,1,1
2026-04-16,Exchanges,1.3294781074693385,20.407179172549274,0.30284676135164984,52.66160333181635,0.0132152481019028,1.737521687913035,0.37805626227763395,2.4510302004524003,56.915877102986634,1,1
2026-04-17,Exchanges,1.1217013844532733,21.107268849956945,0.2572225841624611,51.68382777900333,0.013467503935010366,1.0840830841211684,0.29300369441607843,2.491454489724868,63.50219181489456,1,1
2026-04-18,Exchanges,1.5357691229168366,24.21252218709355,0.32751570811089453,57.161437512295066,0.01734796220535819,1.8285534058467376,0.7189369175931696,2.826588507529417,74.356941708864,1,1
2026-04-19,Exchanges,0.7842779090849336,23.467522422013424,0.23904080068360992,52.510272704105525,0.013127343072395752,0.7068936476103962,0.3273535863488474,2.3618611862043566,77.15371804005576,1,1
2026-04-20,Exchanges,0.5837351089386986,23.045616875100812,0.23001892597019657,49.26613212635382,0.009090964456957635,0.5794366724669143,0.05318679876060079,1.9871350850343759,80.72787275432364,1,1
2026-04-21,Exchanges,-0.42516708805256154,20.393178830660265,0.06393599583793654,46.19410007360345,-0.004662331915085369,-1.4485226593660194,-0.20679554131768493,0.6503219320869877,70.08337788176829,1,1
2026-04-22,Exchanges,-0.6575745067250006,18.96674208476727,0.06225545100662461,46.9006723370035,-0.013282631013436571,-1.3945545386355818,-0.14252998805873235,-0.40952620973788767,60.96133720266364,1,1
2026-04-23,Exchanges,-0.43455293407184037,18.787461946578077,0.13720900879176273,47.6291189508776,-0.013312893339590912,-0.46942469500698475,-0.07642384850176802,-0.6971348595127912,58.623618201738715,1,1
2026-04-24,Exchanges,-1.028858646228294,15.926668482890967,0.05787132892459846,41.527450881601304,-0.017773664190119484,-1.383225068700447,-0.6151444438496565,-1.4368583838637596,50.01059689216296,1,1
2026-04-25,Exchanges,-0.7304647338797212,18.050898934139347,0.07915315386048873,54.44039240993694,-0.01831573946450019,-1.086192786705668,0.5551487391152882,-1.7715279265311694,43.515166964990414,1,1
2026-04-26,Exchanges,0.13795906231351684,18.501642843092597,0.2256285989391346,52.75102621958276,-0.008341926150361048,0.6764137802210878,0.39191956198828376,-1.0549351817101413,49.3511973418761,1,1
2026-04-27,Exchanges,-0.6212624936354539,17.344803269661664,0.10387150485473784,50.358965111492736,-0.00939876244259698,-0.7941632388523453,0.16506145121495533,-1.295752928372803,45.04942531760255,1,1
2026-04-28,Exchanges,-0.625739624827907,16.443136566623867,0.12441261912025925,47.047189404607494,-0.008211434201024182,-0.5319414418463136,-0.1481266308805212,-1.316155926092057,42.4987461924661,1,1
2026-04-29,Exchanges,-1.5204707114519471,11.531419178489665,-0.000747423113546232,34.53354976756442,-0.014959340718514442,-1.9452441900028024,-1.3047930208807865,-2.0386017002447914,29.230318804836337,1,1
2026-04-30,Exchanges,-0.02019251683111442,15.808672351639345,0.2236634863075202,46.68715624800515,-0.003984265405315532,0.7114864579448346,-0.14166040683339665,-1.1968850136096105,35.72212145744332,1,1
2026-05-01,Exchanges,0.17790863012124208,17.380403351518996,0.22296757955858723,48.51086816392762,0.0031671898141654962,0.68983898252715,0.034552057724114627,-0.5539016173409352,41.18956599584574,1,1
2026-05-02,Exchanges,0.6298132623580289,19.022986136249354,0.2895033425873534,48.34211237832745,0.011830532368440668,1.433862086120812,0.017753437062390104,0.376216718766197,51.54170038564414,1,1
2026-05-03,Exchanges,-0.6100546627167646,16.571961041801686,0.07471323828725145,43.54426174836324,0.0030068260811051822,-1.0890722663186017,-0.45288284662716716,-0.2772202847507455,43.491307464157806,1,1
2026-05-04,Exchanges,-0.7749006161158386,15.719500713373801,0.06481341656298363,43.51424488887631,-0.0032461043675795376,-1.1717057109876936,-0.4492813091903632,-0.8414485194715271,36.06113336048825,1,1
2026-05-05,Exchanges,0.14424975815606328,18.99225643864053,0.1715263894218619,54.43038580628651,-0.00011057872818590747,0.08586200761289375,0.6483245894419464,-0.5756031183361047,37.72846853148741,1,1
2026-05-06,Exchanges,0.14548930694216983,19.29620560365534,0.16334830935348105,54.14067124362511,0.0014132533072884479,-0.011619042747647548,0.6088571100095187,-0.41370788908858097,38.57065835601524,1,1
2026-05-07,Exchanges,-0.8804131033260916,15.949945012290316,0.03631513619077836,46.03656955834704,-0.005741250242062245,-1.4890128225877903,-0.22369558958947364,-1.107705510165598,28.711165385031716,1,1
2026-05-08,Exchanges,-0.8006883514534956,16.149857978089987,0.05416868059079712,49.8471654634502,-0.008700698206668953,-1.2406786071173406,0.17148504988115165,-1.4833702781478162,22.083714886499784,1,1
2026-05-09,Exchanges,-0.3713351768285075,16.078063042972815,0.10462911716934531,51.02683888688773,-0.006774901115558164,-0.6346410805332074,0.2923622154365951,-1.4162264548356647,19.312905853071893,1,1
2026-05-10,Exchanges,0.015287409814413302,16.188720926735762,0.18986212055080676,48.48352277052334,0.00034646481617688074,0.37491301820025846,0.021338912772388512,-0.8129680882093572,23.503797860661095,1,1
2026-05-11,Exchanges,-0.12386191688922829,17.212300555050813,0.12699423974833027,51.03192151148778,0.0008987567713314559,-0.3755756316713069,0.29237277475321455,-0.7374404767637543,23.568783041785274,1,1
2026-05-12,Exchanges,-0.6003176695676851,16.214054002440292,0.08434784029676919,48.24658428935834,-0.0014068323845655498,-0.8764043428656003,-0.010324663993185289,-0.9381978839380191,19.522257238612497,1,1
2026-05-13,Exchanges,0.36963938082139214,19.641903484660816,0.185947362565371,58.34265183281603,0.003825820933829365,0.353451341019292,1.0748757091850596,-0.4229354385433825,23.36274643543984,1,1
2026-05-14,Exchanges,1.0258624334275501,21.1306249824675,0.3152986819249434,54.4749956561066,0.015271329298880785,1.852730651662182,0.6417594840824998,0.832308131357174,37.38363657321618,1,1
2026-05-15,Exchanges,0.07944396523421804,19.405344140692975,0.1634728632977114,47.46828374580287,0.012032067869071676,0.039440107408967945,-0.12985390950645595,0.8003941393375831,36.81508038940102,1,1
2026-05-16,Exchanges,0.3396344916418823,19.32829887878647,0.18710430773881156,45.47740811916171,0.010928333772238513,0.3210879694999506,-0.34792384267050896,0.9205049060996069,38.68470081611111,1,1
2026-05-17,Exchanges,-0.24347653354261278,19.61512478823795,0.0837312447140481,50.44177048047444,0.0030909275568392442,-0.9201463206061812,0.20775851184127853,0.3253368084461634,32.08069228347191,1,1
2026-05-18,Exchanges,0.7020117487803942,21.798758313145917,0.21433660510366725,56.550151312449955,0.006368747411854522,0.6615336496805816,0.8855453641005424,0.7267132487211452,36.04669433653251,1,1
2026-05-19,Exchanges,0.38050708459856153,20.20246403963828,0.17430486734291512,50.129268714459606,0.005537370268753332,0.17007394213194196,0.15484939032004225,0.7628690313462388,36.2610067468746,1,1
2026-05-20,Exchanges,-0.0364373522290746,19.60278421711765,0.13940395385586649,48.91301709343813,0.002488826650903991,-0.25844205572075574,0.015331046959004262,0.5500205457716536,33.361791288387124,1,1
2026-05-21,Exchanges,-0.054701066167986576,20.237726795100176,0.11666461122168718,54.02907835699095,-0.0010191337649300405,-0.5356282908041526,0.599846902162116,0.22560787967374749,29.04932455713403,1,1
2026-05-22,Exchanges,-0.09720915060117852,19.598575538666196,0.12331814374737442,53.50685040146048,-0.00275304721014391,-0.44779339713926036,0.5332726584334662,0.01621168582803215,25.517867084957796,1,1
2026-05-23,Exchanges,,,,50.998922444609306,-0.002202437768115128,,0.23772154840086485,0.019107847470063097,25.517867084957796,1,1
2026-03-24,Fintech,,,0.007143552381548406,,0.0,,,,28.9190085435116,1,1
2026-03-25,Fintech,,29.663363645488268,0.044460134602217746,100.0,0.002381457098982888,,,,28.857902020912974,1,1
2026-03-26,Fintech,,30.064245908159418,0.10624926970904675,100.0,0.007687078785218594,,,,30.14499155223631,1,1
2026-03-27,Fintech,,30.652886318887177,0.14873627649840626,100.0,0.013298043584928353,,,,32.98284476525928,1,1
2026-03-28,Fintech,,18.14402862869924,0.01188392395158374,50.85122201240444,0.007330927611564642,,,,30.750307656783484,1,1
2026-03-29,Fintech,,23.06351370884199,0.15787459117040467,67.7566381909842,0.012453373075508308,,,,33.37836300355875,1,1
2026-03-30,Fintech,,20.630438163466124,0.08381629770875332,57.69043755625418,0.010186619399759874,,,,32.79403643974096,1,1
2026-03-31,Fintech,,16.536204667428493,-0.06531083514755945,44.406113414522856,-0.0014066494926800455,,,,27.927121840010038,1,1
2026-04-01,Fintech,,23.87806784142801,0.36520743084061325,66.6056386790222,0.018756962109636132,,,,36.82043717734045,1,1
2026-04-02,Fintech,,22.04094416639753,0.19473851708743503,57.51216202881505,0.019371812627820527,,,,39.26451664095354,1,1
2026-04-03,Fintech,,16.356895443923825,-0.23200940785477664,42.86262379466481,-0.008697633118326095,,,,28.74877183217286,1,1
2026-04-04,Fintech,,19.758813964651697,0.1809141842428109,54.16061646259199,0.00033130492972225853,,,,31.910666052914337,1,1
2026-04-05,Fintech,,19.803995945820184,0.16172429088497126,53.66744855400735,0.004562251115928624,,,,33.5857652945082,1,1
2026-04-06,Fintech,,18.673351229525064,0.07951092008509347,51.65246209998181,0.0015317063761354568,,,,32.119756517228616,1,1
2026-04-07,Fintech,,15.389043720256682,-0.1884174590366204,46.021319671525376,-0.01774672307026096,,,,23.467593111814875,1,1
2026-04-08,Fintech,,18.254437258325762,0.2603615680639764,53.762563057583336,-0.0004193640716518045,,,,29.167716612465767,1,1
2026-04-09,Fintech,,18.14736831958782,0.20421100037525186,51.71056296723546,0.00672099384520046,,,,32.613686755292264,1,1
2026-04-10,Fintech,,17.91033211608084,0.15875091107452974,50.17468959291948,0.007768950329455869,,,,34.418332221685176,1,1
2026-04-11,Fintech,,17.984607997501257,0.08310875286947123,51.26951505585158,0.002999515878661943,,,,33.78326473596991,1,1
2026-04-12,Fintech,,17.661635173202306,0.1347205846223024,49.57293344213919,0.002948090973559067,0.2826871623204623,,0.547185873264784,34.37564655579051,1,1
2026-04-13,Fintech,-0.6061337725976178,16.555025483971363,-0.014583749171995867,48.2340679434796,-0.006972200776924488,-0.7477983485049376,-0.6352668405457919,-0.4872448948608684,31.10630914785935,1,1
2026-04-14,Fintech,0.10261465842580961,18.200143682038053,0.14738564866836143,53.79963369888501,-0.0026774155716731106,0.4032712127300692,-0.3235887016712368,-0.15132829242654106,32.83294205020999,1,1
2026-04-15,Fintech,0.12984802334961504,16.567153603108817,0.16587428930806544,45.82439631438774,0.0011514603847115334,0.5238654064133236,-0.7409375074503268,0.23004441673177373,35.47328062416068,1,1
2026-04-16,Fintech,0.4128602341681593,18.538325510045016,0.20476988787494055,50.22239501206975,0.005787297414921521,0.7857631115058651,-0.48022090693015934,0.7863130452421824,39.77516735043533,1,1
2026-04-17,Fintech,1.3155366884545887,24.247782765989733,0.3783495582394454,65.24269076207497,0.01926793616940696,1.8835200557582068,0.3721198172554159,2.2224838205343556,49.379135265942075,1,1
2026-04-18,Fintech,-0.2588434778077671,18.965656300724376,0.017643265227079263,45.81339281392483,0.003444850415860033,-0.6415621057824963,-0.7395940365282724,0.8800794014960321,46.604230677332914,1,1
2026-04-19,Fintech,-0.031352995772826894,20.128138115939613,0.1313025661125392,49.255970124921724,0.00034928263689072703,0.1660811799886473,-0.5235329000853839,0.6000267998555983,47.5637209333464,1,1
2026-04-20,Fintech,-0.34884183102493915,20.189728534095913,0.06359598016784862,49.607983594528704,-0.006181791949955398,-0.3199006843416362,-0.49105370447340757,-0.11720218938665157,46.72709047271105,1,1
2026-04-21,Fintech,0.7006183740903275,24.375690703691298,0.27088974323395815,61.66199928340141,0.0030401634519932157,1.1624248139891986,0.23673618883738962,0.7668347322309035,52.473266205675564,1,1
2026-04-22,Fintech,0.32923181864693774,21.457260794276216,0.19106596840003076,47.83490764783382,0.003322283065954841,0.5639656499149079,-0.6037986304125417,0.843522048950223,54.98163156513725,1,1
2026-04-23,Fintech,-0.6189146916063488,20.262647818975513,0.013931973436139321,44.47273157821711,-0.0082313854443513,-0.7329348016028405,-0.791870526038784,-0.39882187251464496,51.58057765630849,1,1
2026-04-24,Fintech,0.600437011856111,23.845709327606848,0.2939975290485587,53.45743490848072,0.0025983339499453077,1.3037235305773618,-0.22266176895916587,0.6553498585380626,57.078093114507155,1,1
2026-04-25,Fintech,-0.313338892779635,22.9249330267921,0.08288078784222404,49.99454982595841,-0.004462213361577164,-0.25219571577750566,-0.4359845169870612,-0.11146575493770536,55.85207047116312,1,1
2026-04-26,Fintech,0.6252315240835563,24.990113583109174,0.2895822002442979,53.446815107199136,0.004308441055588152,1.247864439192933,-0.20896347203418852,0.8085131354644695,61.51195396845486,1,1
2026-04-27,Fintech,0.45666442886530223,25.857623263900813,0.20238721659335193,54.966520587359334,0.003776412608375586,0.5886447771349843,-0.10738403163425563,0.8275031846515309,63.34910298085757,1,1
2026-04-28,Fintech,-0.14495654051485343,24.34529739383806,0.12795719943527598,49.53671110222456,-0.001752444292913432,0.029965187784134543,-0.4620687658079179,0.2486711655973497,62.22232064733712,1,1
2026-04-29,Fintech,-0.4836021441755949,23.652056606079917,0.08114726984102737,48.0065334120959,-0.008356741012005963,-0.321466346742196,-0.5552821541319858,-0.589889413690921,59.83759612741693,1,1
2026-04-30,Fintech,-0.3361560651170512,23.972614485904813,0.15159459053546284,48.767189381569594,-0.007786763944800323,0.2184388551194036,-0.4949569506409322,-0.711243250402959,59.86503532821413,1,1
2026-05-01,Fintech,-0.060784045173788076,23.44069342732552,0.18910923600294813,45.31723453957363,-0.004833908982947464,0.5031869627137423,-0.7183364623036232,-0.5293218247344662,61.22846713530104,1,1
2026-05-02,Fintech,-0.2634575240896396,25.651338981147827,0.14728270681069316,53.809060673998864,-0.005594656812170213,0.17117985117127038,-0.12699987124704906,-0.7313822817041278,61.30946748468568,1,1
2026-05-03,Fintech,-0.7065298167600467,24.045239161331768,0.07529171577585485,48.312983354889305,-0.01055541339866663,-0.39805376754339356,-0.5056955475322759,-1.4397193544813738,59.23718575926822,1,1
2026-05-04,Fintech,-1.33706524395604,22.628831039251693,-0.049467494544779,46.7077371522326,-0.021232089605366936,-1.356245288423603,-0.6093970996835921,-2.704975650589027,53.696840779397306,1,1
2026-05-05,Fintech,-1.0443037323455406,21.94712053485022,0.0796990392667416,44.16739335854135,-0.018678364484423397,-0.32125627737623225,-0.7761360197532632,-2.614725030377356,53.042401735252305,1,1
2026-05-06,Fintech,-0.0033110171013260997,24.756676574219195,0.2568610923098425,51.894671691027675,-0.004860416935470694,1.080311940698116,-0.21757530408303835,-1.4970842304860392,57.965027088043804,1,1
2026-05-07,Fintech,0.1401146348371603,26.171176586961995,0.22148315407031063,56.50808618126819,0.00174063952538711,0.7812728575970788,0.11681763346223521,-0.8967010097669702,60.5039724163233,1,1
2026-05-08,Fintech,-0.7261438799606686,22.274499666448442,0.08857000420381783,42.903623774763126,-0.002756186436333131,-0.28977752680207863,-0.8674239472698281,-1.2873441913820312,58.941084507692764,1,1
2026-05-09,Fintech,-0.05392239273939514,25.124803681623195,0.17551710337602516,53.50035475671774,6.403031517863023e-05,0.4151656424207814,-0.08426641740167455,-1.0307564141929664,60.4284402677453,1,1
2026-05-10,Fintech,-0.1647297569935263,23.392481325292106,0.1756115192811428,44.896689624368285,0.0017797059819276073,0.4109254841259114,-0.7148139966450425,-0.8380798531450487,62.841051609304714,1,1
2026-05-11,Fintech,0.772373578615522,27.499663738978697,0.3492675279148405,56.10426477166617,0.013785377208273901,1.7738616518206014,0.12491595808786995,0.4297635679781306,70.32704815232819,1,1
2026-05-12,Fintech,0.427055390222686,27.12606569161099,0.21802655298368437,53.5744450920924,0.012122028317603974,0.6979514540248256,-0.06627260223154957,0.5364055550170107,72.07381685222663,1,1
2026-05-13,Fintech,1.2824368924356706,30.357195659746953,0.39837753418142,61.38292559698523,0.02183584007786807,2.0541250172181615,0.5254132933986395,1.7333151469703572,78.93783137832277,1,1
2026-05-14,Fintech,-0.03525247893651162,26.952803090324878,0.1209643624761266,49.0430528053126,0.008908214543905623,-0.13066580225773908,-0.42246675743291967,0.8425360331553545,77.68540236096705,1,1
2026-05-15,Fintech,-0.17799827313876296,26.497640662316257,0.13356406883858749,48.237219588674066,0.0009547029762612194,-0.030124211344165625,-0.4795017838292397,0.20674367921661826,76.57983702609003,1,1
2026-05-16,Fintech,0.0441568895784637,27.50741050480783,0.2035990792926165,51.75581835989141,0.00019901686361609855,0.5263244348816966,-0.20150728599700157,0.14682789521151698,77.82472529161323,1,1
2026-05-17,Fintech,-0.2593003413128665,27.157826105588562,0.13308555575540393,51.80354406099173,-0.0049755300761577595,-0.04373690324401543,-0.19585159033840494,-0.38629811923671714,76.25621639304809,1,1
2026-05-18,Fintech,-0.1700172612880968,28.293918694533524,0.15639461411097197,56.858505579266584,-0.0066495968444708654,0.14528247717211246,0.20613699764262303,-0.6592104290097729,75.60920620621323,1,1
2026-05-19,Fintech,-0.24246710009358582,27.316988015781124,0.16981476508811794,53.25319721808537,-0.006657804300939964,0.2534960048958429,-0.08379784543485737,-0.7895966974018157,75.41306287174365,1,1
2026-05-20,Fintech,0.3375210458513541,27.323152576369374,0.2804321250958462,50.89386566146921,0.0005966201272932618,1.1488870710612666,-0.27319256732613983,-0.15834916632598622,78.68265356689021,1,1
2026-05-21,Fintech,-0.2737091171370364,26.506914341998467,0.1674096864456229,48.063455784742885,-0.002250696700555971,0.2107787600339766,-0.4999962227366709,-0.4464107614510514,77.77039576734843,1,1
2026-05-22,Fintech,-0.8457817548285548,25.634465426633252,0.041857704798970025,48.31821553899926,-0.01207480456106982,-0.8261396594400258,-0.4740132379977685,-1.5126090663881073,73.06545992946619,1,1
2026-05-23,Fintech,,,,44.86645974221126,-0.009659843648855857,,-0.7510771243120717,-1.5165315444640037,73.06545992946619,1,1
2026-03-24,High Throughput,,,0.14468023331542498,,0.0,,,,55.3683641555949,3,3
2026-03-25,High Throughput,,32.90313847091935,0.15935638955627138,100.0,0.0009365980051138534,,,,55.14945723185241,3,3
2026-03-26,High Throughput,,33.290203868170394,0.25588626571628603,100.0,0.007632717963550286,,,,56.12919900146479,3,3
2026-03-27,High Throughput,,22.259389263952546,0.1683059075416922,55.9424777918334,0.005820891480475805,,,,55.3064461473244,3,3
2026-03-28,High Throughput,,21.458033523178372,0.1573572314768845,53.022145596473635,0.0036486158698543084,,,,54.55940524359621,3,3
2026-03-29,High Throughput,,20.72838360324075,0.1445778572366623,49.976995632652525,0.0012391451918536533,,,,54.28736208580739,3,3
2026-03-30,High Throughput,,22.614889293661925,0.17990942459227866,56.83144011378207,0.0018748173094231251,,,,54.726038213481004,3,3
2026-03-31,High Throughput,,16.105209593183247,0.018147837948884554,34.922532753145404,-0.00819649477632145,,,,48.11535015693522,3,3
2026-04-01,High Throughput,,18.19808797304553,0.09758177815348819,45.2811087003009,-0.009039565794075123,,,,44.26854628893295,3,3
2026-04-02,High Throughput,,17.349318518271936,0.08802757711037631,44.43048258362919,-0.009712771198235869,,,,40.168125891357384,3,3
2026-04-03,High Throughput,,17.432070445575768,0.1112979267195736,46.86177522020124,-0.008127294078187786,,,,36.96043111637063,3,3
2026-04-04,High Throughput,,16.787074097352264,0.10753388809137443,46.53246302491711,-0.006915979593290858,,,,33.56928123199015,3,3
2026-04-05,High Throughput,,16.935619868907768,0.12909010411092198,48.60099502854338,-0.004371039690933005,,,,31.651175337214084,3,3
2026-04-06,High Throughput,,16.83485969169707,0.1422189054035084,49.784213346968116,-0.0016514746047949606,,,,29.747892769745068,3,3
2026-04-07,High Throughput,,18.34430169189426,0.1915005250826312,53.778287322285976,0.0033459305223372173,,,,33.98238205506782,3,3
2026-04-08,High Throughput,,18.71458331133358,0.20167362689501003,53.43990166556311,0.007005629125385509,,,,37.29926168904779,3,3
2026-04-09,High Throughput,,13.474054105121807,0.06608934492778064,35.49281752147267,0.0003171687838238752,,,,32.93947313808282,3,3
2026-04-10,High Throughput,,15.239254427320098,0.0996157366672908,44.27671713697106,-0.0017151717330241775,,,,30.31783000099228,3,3
2026-04-11,High Throughput,,13.461184235393691,0.03741058650228741,40.792467127690166,-0.006828062034281662,,,,24.43373723817843,3,3
2026-04-12,High Throughput,,12.41287293791571,0.009073717799085685,39.84086889799856,-0.011426797967035277,-1.8539955037979305,,-1.9574511078464212,19.449076666760345,3,3
2026-04-13,High Throughput,-1.8098171384727688,8.9376249651553,-0.07966197022372545,31.98202237776438,-0.019290666128142467,-2.5768078080025596,-1.0918751288606519,-2.6501494415500946,10.481638712296746,3,3
2026-04-14,High Throughput,0.30815377556001855,17.441482084143097,0.2183002886776936,61.684146783364525,-0.004066692044429564,1.2693850673456082,0.5449788455940994,-1.241308744597797,17.540246599733603,3,3
2026-04-15,High Throughput,-0.0037944105252110394,15.171425161653023,0.14026405796610691,52.49570349689298,0.0008441520023155825,0.25215700307674055,0.023592944988736004,-0.7434077436005985,18.191559696064655,3,3
2026-04-16,High Throughput,0.6712103776307455,17.961314900251253,0.23179638073373493,57.67099714361313,0.009853036327520973,1.3724328738626046,0.31664597417366425,0.3166872303513584,27.54647210083582,3,3
2026-04-17,High Throughput,-0.09894317510355864,16.361499334265133,0.11549188472978945,50.20356500272801,0.007672115012077381,-0.13132063187590337,-0.12366582520341002,0.2855830400652292,28.510143582589183,3,3
2026-04-18,High Throughput,0.4452776752032783,17.415116152477335,0.1692604514747178,52.857362049077686,0.009428147043717822,0.5652131949930356,0.036492177184387194,0.6647174621200553,29.667334807992045,3,3
2026-04-19,High Throughput,0.6946090480771998,18.158785378107567,0.20086625272277187,53.291935487833605,0.012123866489065818,0.9534364385810812,0.062216399239036484,1.16980539234542,32.76532692337118,3,3
2026-04-20,High Throughput,0.5508649393609846,17.812449799195385,0.16781368059463603,51.152808387844004,0.011113270653511658,0.4985161890671321,-0.07164992474258126,1.2761831665748316,32.80841505192471,3,3
2026-04-21,High Throughput,0.780624011975314,18.3017119851754,0.20841186710390627,50.767704989056796,0.012507495269612246,1.0137516550759562,-0.09477682147669714,1.5989624439134045,35.44480432313931,3,3
2026-04-22,High Throughput,0.9523234491669323,19.414811512148482,0.23277170628661728,51.39377187770695,0.014271126695106476,1.2836880772015946,-0.05276840726443305,1.9195039460505405,40.53749228238944,3,3
2026-04-23,High Throughput,0.02063167513526344,19.288893916221863,0.09351479801694934,51.22513677090481,0.0056996773101965666,-0.5734032887400602,-0.06299971056115355,1.2364689696132238,38.91088006458042,3,3
2026-04-24,High Throughput,0.015941212471255656,19.3282662739481,0.11630156373256705,50.75260261934688,0.0014279870301745845,-0.25970521245097167,-0.09364032036625881,0.8706173026014388,38.82152710453964,3,3
2026-04-25,High Throughput,0.13010720433938505,20.516633232780713,0.13678077516527745,54.65732680634614,-7.52858747292192e-05,0.0222914861541737,0.17375045747783502,0.7205374142441312,39.31832483033047,3,3
2026-04-26,High Throughput,0.7974012723054004,22.213485347407875,0.21035551067852173,59.05000424120628,0.0036240395453811924,1.0206946837150346,0.47369102748717484,1.0892383071538032,42.24166361599921,3,3
2026-04-27,High Throughput,0.28809867306493286,22.41354477899987,0.1435759094661143,60.23935383940834,0.0014249822574636233,0.08518837163772584,0.5477278614569596,0.9031779095269211,40.72802331408211,3,3
2026-04-28,High Throughput,0.37247585498940095,19.04430054937612,0.17047108736533817,47.08013277549948,0.00161906891434975,0.4593109281018189,-0.3923113859525802,0.9308021506338117,39.53791554088681,3,3
2026-04-29,High Throughput,1.123854263179502,22.660428264481197,0.27006930851524225,57.72105777169619,0.00793900567680249,1.7785601900787757,0.3767857359631852,1.5810372133876307,45.049360069614224,3,3
2026-04-30,High Throughput,0.7965327051898967,21.389282048600492,0.22304406541687374,49.450290375301314,0.008391943530687585,1.0922169258924899,-0.22991845190018928,1.7043685920941656,50.466196238576444,3,3
2026-05-01,High Throughput,0.20889016260853224,21.786420436662347,0.14435016259766098,51.90238887435581,0.003103669564151529,0.0023548751278192896,-0.0460491306067705,1.2805888735177158,49.03318837559431,3,3
2026-05-02,High Throughput,0.7355485099533702,22.75501450293993,0.21347761430597126,52.857020024020166,0.003920674931680464,0.9491852394129935,0.02595049698153907,1.37650238589617,53.94733367406999,3,3
2026-05-03,High Throughput,0.3837892515282225,22.048612822187618,0.19624238585798376,49.695583156106046,0.003001121835634897,0.6942637855592185,-0.21401106384418467,1.3161192363408674,53.70415370579841,3,3
2026-05-04,High Throughput,1.2245080501361585,24.633920288483903,0.29127838282666224,57.51507899491923,0.008199379186443027,1.9193088510502503,0.3884178271754281,1.803544511249938,57.85429299589582,3,3
2026-05-05,High Throughput,0.019759021647213285,21.59572558355469,0.1359837728520788,46.1315684409383,0.0009654578027062655,-0.196657450808309,-0.49861618941471314,1.2164382397467612,56.70866471682005,3,3
2026-05-06,High Throughput,1.2553280014089898,24.87632759091622,0.3224805053228854,54.08405945935645,0.008128626266249925,2.209630170589481,0.13054081223043915,1.8355368586860998,64.56572891539733,3,3
2026-05-07,High Throughput,0.34093387682606213,24.56831989209558,0.17212090631140106,53.542786635546996,0.0024241956997542377,0.23318280028531294,0.08612271804642785,1.399832781572068,64.34852938028358,3,3
2026-05-08,High Throughput,0.06111330099620557,23.69708549184049,0.14469219232510558,51.27423725807772,-0.0032067243145497658,-0.12937563927025755,-0.0969901704259686,0.8992671819722765,62.93175921469108,3,3
2026-05-09,High Throughput,1.2232574610782883,25.982553397273918,0.3242239009031928,57.361814607399026,0.004718652237069847,2.138057034902749,0.397925635931548,1.5257937506539516,66.93711961769317,3,3
2026-05-10,High Throughput,1.0258707208257922,25.84028316894058,0.2873283792960498,53.112787578844134,0.006902756532320725,1.6001250496929853,0.045190047380039386,1.736578858920215,72.89425848217503,3,3
2026-05-11,High Throughput,0.605840871593433,26.69287436334393,0.23705188901179253,53.83131377491949,0.004504173308976275,0.9462580064989664,0.1043222682327417,1.5840406263006706,77.84391661129135,3,3
2026-05-12,High Throughput,0.41716090826956165,26.593902299376364,0.21572320910382298,51.86325762114856,0.0011961037352051437,0.666842304838021,-0.061769068420324556,1.331405553148934,80.80143606236989,3,3
2026-05-13,High Throughput,-1.0179517733030916,22.251956715758965,-0.007693940619334027,39.621347908681834,-0.015408139980403163,-2.0576598404890882,-1.0852687962934682,-0.10916397684770932,73.793157583722,3,3
2026-05-14,High Throughput,-0.4234998245691499,23.812345928099973,0.13347524543781145,46.873232403244224,-0.016173579688529637,-0.32125435386033857,-0.4602743515138931,-0.4462961882781967,72.03841609198899,3,3
2026-05-15,High Throughput,0.21651555257186056,25.417595567927894,0.20963376115884283,52.28303352234972,-0.011083404523444182,0.6139365611587227,0.005493114544487489,-0.2770825072612023,73.78826548249765,3,3
2026-05-16,High Throughput,-0.14311945492061381,24.61874705533979,0.1862086871792002,49.01488877037363,-0.008919809519633039,0.31881025291065906,-0.2759190903823865,-0.27910448984242076,74.47009442798011,3,3
2026-05-17,High Throughput,-0.1952605653119927,24.559990345545206,0.17533954739440288,49.24137933099461,-0.007882337051349624,0.18053029241038668,-0.2535518388447371,-0.34375352857787606,74.29623236531454,3,3
2026-05-18,High Throughput,-0.3219287211272483,23.506906671832553,0.16996133938504623,45.290594682079764,-0.007236698514181773,0.11132745450296844,-0.5959068560034246,-0.42493555947257955,74.17376957893873,3,3
2026-05-19,High Throughput,0.4043133667411294,26.070921014913367,0.23574344836612565,54.16179703008457,-0.00231272024633647,0.9372809856651004,0.1924117040739401,-0.10163373919004744,76.35798145720102,3,3
2026-05-20,High Throughput,-0.5683254548324855,22.587752893189233,0.13163202552856604,41.4504484177588,-0.005802221738946246,-0.3923410259106799,-0.9340272924666617,-0.46648927299952614,74.8515359436078,3,3
2026-05-21,High Throughput,0.49352453532853535,26.490860468299147,0.2550390822715112,53.80645319878304,0.00015071836433667822,1.175650091250143,0.17576868630897094,-0.014846902372748143,80.15357178552222,3,3
2026-05-22,High Throughput,-0.005366052814586825,26.205617534525878,0.1907266298081726,52.044044123077576,-0.0002702290757314336,0.34544800302390316,0.015752099194516995,-0.05155851219794767,81.9850478187157,3,3
2026-05-23,High Throughput,,,,42.94807722965402,-0.0002161832605851472,,-0.8053709410592834,-0.05679144149728126,81.9850478187157,3,3
2026-03-24,Infrastructure,,,0.161799438701183,,0.0,,,,81.39151138916002,2,2
2026-03-25,Infrastructure,,9.320117468896445,0.07416001169539402,0.0,-0.005592943489828128,,,,74.1603710575358,2,2
2026-03-26,Infrastructure,,19.00247219267633,0.13286531995989917,40.11439711587732,-0.005046117699607535,,,,71.940616206232,2,2
2026-03-27,Infrastructure,,24.021555420742864,0.19261929402192224,57.4769646594547,-0.0006012444589745649,,,,74.48100216904314,2,2
2026-03-28,Infrastructure,,18.184948996496765,0.08950907373701793,38.310433813529364,-0.004338400239255877,,,,68.93852435116091,2,2
2026-03-29,Infrastructure,,18.652621688248942,0.11132013083954805,42.37518731695622,-0.005025913240545837,,,,65.56568477372251,2,2
2026-03-30,Infrastructure,,17.033407502584517,0.08715727493361175,39.4924311073447,-0.006688421313617496,,,,60.41029518167509,2,2
2026-03-31,Infrastructure,,15.591872608310258,0.07203595146035456,37.87976271149436,-0.008282632246246271,,,,54.6727014779071,2,2
2026-04-01,Infrastructure,,20.42299813258203,0.19213349801577934,53.092776649413494,-0.0011022344993956157,,,,58.969435930221856,2,2
2026-04-02,Infrastructure,,17.814131230738617,0.10636506552528652,45.189409444153085,-0.0019338639664641319,,,,55.497419152027064,2,2
2026-04-03,Infrastructure,,16.625927347975875,0.08727064579869104,43.73985977826634,-0.003484294082488952,,,,51.28592184695284,2,2
2026-04-04,Infrastructure,,19.031133552590113,0.17179303320782863,50.735053421746215,0.0012165455635114782,,,,54.31488482322216,2,2
2026-04-05,Infrastructure,,19.03365807741563,0.15783224242464733,49.71407501385046,0.0033013950961227542,,,,55.609618730315844,2,2
2026-04-06,Infrastructure,,16.33197649390334,0.07117261847905992,44.193620918173906,-0.0010096927936604598,,,,49.54856657740789,2,2
2026-04-07,Infrastructure,,19.187667267881782,0.1945646796404941,51.81263895052604,0.004303673119625954,,,,54.258288275049004,2,2
2026-04-08,Infrastructure,,24.028228952184694,0.2866706799227383,61.698702136198236,0.01336451254197588,,,,65.4391548649655,2,2
2026-04-09,Infrastructure,,19.50531984019729,0.08559844697918308,47.75055246198167,0.00555880123022681,,,,60.02408633702871,2,2
2026-04-10,Infrastructure,,20.312990239070576,0.169575063571753,48.92803130382599,0.0057691329818948525,,,,62.10530994498971,2,2
2026-04-11,Infrastructure,,25.124468451757522,0.28162828347798996,58.86323415458046,0.01277137350154498,,,,72.92618892776541,2,2
2026-04-12,Infrastructure,,22.14715968457309,0.1082948616748623,49.877551287122174,0.0054217645348802615,-0.5136874874803642,,1.5184976502311025,68.65917764168857,2,2
2026-04-13,Infrastructure,-0.04128194202848157,21.416258660596277,0.09214231532142272,50.203087967001146,-0.0005194680316634387,-0.7339041853223641,0.3657973627355429,0.7521883313671515,64.29454889151171,2,2
2026-04-14,Infrastructure,-0.08570970746519409,21.14078767182812,0.10344205246559914,51.283464749294254,-0.0035133837548368694,-0.5420309554976539,0.4385879958756645,0.2705592255254969,61.12100755186509,2,2
2026-04-15,Infrastructure,0.7614565555550374,22.29129823288236,0.21115991338380774,50.78549535370576,0.001658154751021134,1.1033299600057553,0.3882472631784538,0.9313485761573442,67.09328600706426,2,2
2026-04-16,Infrastructure,0.1746428252220246,22.463146587084523,0.13838439334008598,51.33623606071088,0.00015409600483089854,-0.0389915740120581,0.42268445358665385,0.7232629500139074,66.55098966499781,2,2
2026-04-17,Infrastructure,0.7674330321425866,24.249396360159267,0.1919361388666694,54.24581051681886,0.002606307222886411,0.7940662474332078,0.647124351896021,1.0684867645449654,70.55768387201337,2,2
2026-04-18,Infrastructure,-0.5503136865443716,20.69732519603057,0.05240616739837339,45.36390978659284,-0.004918281561171352,-1.3782586197945363,-0.10538787219216003,-0.03845486656214253,62.912794382290066,2,2
2026-04-19,Infrastructure,-1.0701720715694225,18.427767489722182,0.0039342973401902195,44.179758471950684,-0.012479358863755593,-1.9425144944253212,-0.20407861193663904,-1.3413199142232568,52.33462137437774,2,2
2026-04-20,Infrastructure,-0.441385701333999,20.111899288515573,0.10589552787022258,51.29815553566926,-0.01003821027301003,-0.41522631713272634,0.41665697028005655,-1.2839008334657784,50.66697526900723,2,2
2026-04-21,Infrastructure,0.6300989541729456,22.034745074396646,0.2325449514547678,51.41648574323176,0.0001425926057763427,1.4193783279356147,0.4184710483667978,-0.005415805609845101,59.073630472302646,2,2
2026-04-22,Infrastructure,0.7557883924227051,22.755190464735392,0.22988198320962713,47.730645898144886,0.006388026593764207,1.3149935563183037,0.08048586381693607,0.9615384620373489,66.18297320327233,2,2
2026-04-23,Infrastructure,0.09122086537295052,23.55564074516849,0.12253063054354377,51.59535995196764,0.003143923904661548,-0.2490615599212377,0.43128391586868425,0.633456666213778,64.0041955983276,2,2
2026-04-24,Infrastructure,0.691775867020742,24.418060438761152,0.1927597655288609,51.0135477421254,0.005447630915807412,0.7734359779044503,0.3696200173196548,1.0678940313819336,67.23758172466577,2,2
2026-04-25,Infrastructure,-0.3939825157538611,21.21984715331032,0.08584315433867562,41.40240007705403,-0.0002096104890419552,-0.8029512194002225,-0.5392099940794545,0.3291052519551211,62.05064384481507,2,2
2026-04-26,Infrastructure,0.7684940232101887,25.632853727819942,0.2003202302278173,54.261431817387916,0.003569247448839255,0.8917965476793225,0.6899569699453328,0.9119947977601986,66.99328556590174,2,2
2026-04-27,Infrastructure,0.9952604773179187,27.251131502664308,0.21534119032868873,55.71097296986614,0.00670918367084411,1.0826645534823554,0.8110422878377883,1.468875264399174,72.1640120465456,2,2
2026-04-28,Infrastructure,0.7465139963470085,26.990729599475923,0.17521481773836076,53.240474848100874,0.005749389969210105,0.47217470262317607,0.5581011744460502,1.4611541462779054,73.2798420190334,2,2
2026-04-29,Infrastructure,-0.1244473142902708,24.223630653184397,0.10758653974790734,45.14811778709194,0.0005020675723377806,-0.5449030019656163,-0.24035349066796427,0.7984965580671357,68.72829114372936,2,2
2026-04-30,Infrastructure,0.7255407750999291,26.808115993390388,0.19289754822542468,52.52401891300848,0.0026015622181283925,0.7473917658204486,0.49232390333467196,1.111869124000377,71.60131315226286,2,2
2026-05-01,Infrastructure,0.27498159009430123,26.021335210632813,0.16365499849870968,48.660396544201916,0.0018793705230471976,0.2923364810589879,0.09872589832167658,1.0504976244104705,72.09504224484479,2,2
2026-05-02,Infrastructure,0.018341130198715277,26.45486198286409,0.11340085890776481,53.1560852573134,-0.0019187350671323019,-0.4846704472143385,0.5520936395733183,0.5045865336215342,68.41445856810483,2,2
2026-05-03,Infrastructure,-1.0843174189771985,22.758605139223675,-0.01868670910367881,48.92272577804699,-0.012663705963943638,-2.3501889205794875,0.11096394016357806,-1.222442552421868,54.85861163857371,2,2
2026-05-04,Infrastructure,-0.9467533493491076,20.99892322924825,0.05059991338700433,47.28208714327082,-0.01431947478365781,-1.2824611051276549,-0.0609147682926532,-1.7850510479443402,48.38573365855291,2,2
2026-05-05,Infrastructure,0.21271283622629286,22.576906220099417,0.20340041171681822,48.60337955331099,-0.004829212259019881,0.9375465339096962,0.07892956779248002,-0.7564472473628971,54.4410721203972,2,2
2026-05-06,Infrastructure,-1.1973697215472494,18.86797262536595,0.019208476007538933,41.40054857809625,-0.010345391578724876,-1.6873668993829398,-0.6860662502763679,-1.6753313457673475,45.35882214443936,2,2
2026-05-07,Infrastructure,0.5399836339284343,23.618547998481134,0.2270169256033666,53.94174501234029,6.197735748045188e-05,1.2561826475584108,0.6641620478671384,-0.4158158345337244,53.20907235243836,2,2
2026-05-08,Infrastructure,0.485245459572373,23.53985332561644,0.19775243976552634,50.19435572576379,0.004774764220392158,0.8239449351321212,0.25178825161419977,0.298097073349543,57.5252736690118,2,2
2026-05-09,Infrastructure,-1.4245426813826292,18.731982087600375,-0.06959220662609977,44.621035301589934,-0.009533357014084413,-2.712748999235262,-0.3592750535518898,-1.676920288701112,40.60665811809191,2,2
2026-05-10,Infrastructure,-0.15718756909863543,20.12230764902334,0.14224792605710695,48.117234593413905,-0.004411178003043987,0.08636581866339788,0.030289306181601857,-1.1642863187763328,42.53807037175516,2,2
2026-05-11,Infrastructure,-0.07601062808056458,20.307544594555228,0.14141045357177176,47.58083874926355,-0.0009415102545742311,0.07441838099468398,-0.029878557903351446,-0.7647597276864582,43.80719977057355,2,2
2026-05-12,Infrastructure,0.42335829503382605,22.119262003501895,0.19385195445651443,50.604968556631015,0.004712795235650545,0.7698799948178654,0.31128649998159824,0.05555768465261241,48.49348842946357,2,2
2026-05-13,Infrastructure,0.45510157406457596,22.953767637521153,0.16798201733698118,52.015088931181786,0.006431586864569548,0.41442650894144883,0.46779403573378253,0.45396977445675823,50.513099120385085,2,2
2026-05-14,Infrastructure,0.3754875898387545,22.49784302763574,0.15847299897446193,48.790235507902175,0.006623029476981616,0.2815297154715016,0.09286159978113075,0.6705142210154224,51.8238513009969,2,2
2026-05-15,Infrastructure,0.5253386151949528,23.296563349788848,0.1692473273919442,50.19911294381758,0.007126464159452212,0.42539716629483637,0.25529851341280707,0.9346653275242671,53.55225385717805,2,2
2026-05-16,Infrastructure,1.5423954495989025,27.255070536203483,0.29891024881915124,56.25149793112975,0.015370008156297996,2.111185662384003,0.9532774507965984,2.27804713432384,65.04393931802724,2,2
2026-05-17,Infrastructure,-0.09890465269234378,24.26362787166414,0.0491849138594644,52.1191905020771,0.0037860589623435444,-1.212394992540012,0.45916615442310776,1.0043441996368787,55.20689432919659,2,2
2026-05-18,Infrastructure,-0.32530245402316527,22.315934597054493,0.06013666666564937,50.30902834546903,-0.002990955525119834,-1.045947220912374,0.24106077788996624,0.11587597245971878,47.408678248355955,2,2
2026-05-19,Infrastructure,-0.935419364985123,18.622301578150346,0.020406007606716684,43.60138205927989,-0.00962743029566347,-1.5289591892895835,-0.5590282585096976,-0.9442808413455108,37.40127958454235,2,2
2026-05-20,Infrastructure,-1.8996776028760924,14.624859338937291,-0.13235109353094474,44.581421276360466,-0.02301906314263632,-3.1791171950665285,-0.4358570478986537,-2.940254170072829,16.543147390274797,2,2
2026-05-21,Infrastructure,-0.7129412655579074,14.671434402629217,0.09558149109725086,45.36756116144806,-0.015595495194055946,-0.4316237809736829,-0.3367884226787506,-2.398437980044486,15.56865412921529,2,2
2026-05-22,Infrastructure,-0.18622375156699036,16.096087346364815,0.15451284225092263,48.50723826090618,-0.006264236957459229,0.2801176969567701,0.04855714502811217,-1.5326994672430905,18.853737515052863,2,2
2026-05-23,Infrastructure,-0.49063354607272813,17.22154220891995,0.06738563417494298,55.40094551769836,-0.005533273949831195,-0.7620545251873605,0.8893786203687534,-1.5371864322429016,15.68219319279091,2,2
2026-03-24,Interoperability,,,0.03281229411512612,,0.0,,,,25.90732624891835,1,1
2026-03-25,Interoperability,,28.6242720872486,0.4844273879872821,100.0,0.028821020235715943,,,,34.04834887727314,1,1
2026-03-26,Interoperability,,,,100.0,0.023056816188572755,,,,33.149192954155005,1,1
2026-03-27,Interoperability,,29.020459111448083,0.24923031976893545,100.0,0.02759600943141656,,,,35.66152762292238,1,1
2026-03-28,Interoperability,,30.513176769758523,0.498154328324087,100.0,0.0428685683000748,,,,42.708906739770114,1,1
2026-03-29,Interoperability,,,,100.0,0.03429485464005984,,,,41.86765562858185,1,1
2026-03-30,Interoperability,,30.271496302349654,0.13539338515549898,100.0,0.018885108325958327,,,,40.58901293679863,1,1
2026-03-31,Interoperability,,30.663062169576786,0.24332334430217742,100.0,0.015660947104082064,,,,42.052306430271095,1,1
2026-04-01,Interoperability,,,,100.0,0.012528757683265647,,,,41.22938090310725,1,1
2026-04-02,Interoperability,,28.123466238344317,-0.36828287074957045,100.0,-0.03723104662205988,,,,29.090972667453435,1,1
2026-04-03,Interoperability,,28.258839671583118,0.11831584519818425,100.0,-0.02814349579723696,,,,29.695576207205374,1,1
2026-04-04,Interoperability,,,,100.0,-0.022514796637789568,,,,29.226711176075344,1,1
2026-04-05,Interoperability,,29.284465268519117,0.3878397970569863,100.0,0.004530460401105711,,,,35.76278404937379,1,1
2026-04-06,Interoperability,,,,100.0,0.003624368320884565,,,,34.954342561817114,1,1
2026-04-07,Interoperability,,28.355673969206432,0.010939243852649813,100.0,-0.009761132196736185,,,,32.08161076387661,1,1
2026-04-08,Interoperability,,,,100.0,-0.007808905757388952,,,,31.630591412670277,1,1
2026-04-09,Interoperability,,28.504045244417657,0.16194738967120648,100.0,-0.0042915883778345265,,,,32.836881225234684,1,1
2026-04-10,Interoperability,,30.411061034976697,0.5955943603116354,100.0,0.025108217871317916,,,,42.40440435034554,1,1
2026-04-11,Interoperability,,33.191108540311085,0.8868715580385178,100.0,0.06051789326896101,,,,56.45037013013719,1,1
2026-04-12,Interoperability,,22.89922015872305,0.08463964109797031,62.188920243343,0.027915074940637427,,,1.3247725523451297,52.71365465845984,1,1
2026-04-13,Interoperability,,25.4544746285911,0.472948472905159,68.03848745150125,0.030306341938596743,,-2.641361581306644,1.520030575517662,57.577758710757415,1,1
2026-04-14,Interoperability,,23.546710275491044,0.24270824671983715,60.77686322198461,0.014962439382244522,,-2.601055404003511,1.086706635011294,57.09427053376951,1,1
2026-04-15,Interoperability,,,,60.77686322198461,0.01196995150579562,,-2.211961834211596,1.0364106204127728,56.607615467247435,1,1
2026-04-16,Interoperability,,24.51125049637791,0.43682791045169966,60.77686322198461,0.015622816784237561,,-1.9583301825782744,1.2103042993406916,60.96913692295281,1,1
2026-04-17,Interoperability,,20.7104706298949,0.18600493037104607,46.45190637712819,-0.0011881752738392426,,-2.4070325258840835,0.6502586825332783,59.74662228092772,1,1
2026-04-18,Interoperability,,,,46.45190637712819,-0.0009505402190713996,,-2.118186031357348,0.6328042970353798,59.52537276729015,1,1
2026-04-19,Interoperability,,,,46.45190637712819,-0.0007604321752571197,,-1.9138109254151967,0.6166970550090412,59.32426239762451,1,1
2026-04-20,Interoperability,,20.64582615263432,0.16910154612303402,46.45190637712819,-0.017563214230624763,,-1.7594101832951334,-0.07674844494771002,57.47985231700786,1,1
2026-04-21,Interoperability,-1.2981238453662263,17.866412352427005,-0.14593896798640493,41.05494453589747,-0.043672905247538266,-1.4051933804045151,-1.8379213926031932,-1.2535307654447736,50.59746182811213,1,1
2026-04-22,Interoperability,-1.6866400901558707,15.380721605848773,-0.3217023856461048,38.5557663237526,-0.06947677377680773,-1.8119495478996912,-1.795658181624899,-2.3592934967295656,41.26536285238383,1,1
2026-04-23,Interoperability,,,,38.5557663237526,-0.055581419021446185,,-1.6757189772961298,-2.132587469741748,41.513286496314336,1,1
2026-04-24,Interoperability,-1.7999945802523378,11.112207129536799,-0.3380870527088642,27.69654646492087,-0.07868620725717536,-1.690934448809043,-1.937096327898699,-2.816650118519791,32.49297768972126,1,1
2026-04-25,Interoperability,,,,17.957242672884433,-0.06294896580574029,,-2.0978279393113284,-2.483860042418555,33.28722711484274,1,1
2026-04-26,Interoperability,-0.30859411001691395,13.826116091456033,0.5266999751075482,28.54842611667435,-0.008115848130547963,1.0193547200513184,-1.622208257228443,-1.256515509157817,45.14431954078872,1,1
2026-04-27,Interoperability,-0.6991689396023452,7.162862928137546,0.24252963845252523,0.0,0.001940188363572088,0.11232690330273878,-2.341227215229569,-0.9944572605771037,48.305072112724304,1,1
2026-04-28,Interoperability,-0.5981771239067426,7.612614736820165,0.24319802553653716,0.06511538826417507,0.008294572759500955,0.11225538046772238,-2.140532030823145,-0.7902541323994142,50.79423048382044,1,1
2026-04-29,Interoperability,-0.9076215353276379,7.479058822138443,0.11055836155861615,0.05766405211517167,0.0034694126070478684,-0.3217304617764187,-1.9855799087111565,-0.8572465556674166,50.331582022890224,1,1
2026-04-30,Interoperability,-0.039494186031675316,14.575941857224382,0.46068044078890236,23.243049473029302,0.022690892522798017,0.8358464779106582,-1.2717921965402212,-0.2991580022978497,56.6025115217662,1,1
2026-05-01,Interoperability,,,,27.87581374255504,0.018152714018238415,,-1.1060389514863032,-0.29505255841612577,56.32052014594757,1,1
2026-05-02,Interoperability,0.6476751021258514,18.540557047904276,0.81417213235721,27.87581374255504,0.06104294831126954,1.8648411744443372,-1.0749673290805013,1.0045979397023632,69.96937808318263,1,1
2026-05-03,Interoperability,-0.6711727395474038,14.336776219060832,-0.062065364792943,16.43322315530112,0.02053636278218679,-0.9321318375825763,-1.347964623719371,0.19598086856226188,63.17592595092558,1,1
2026-05-04,Interoperability,,,,16.43322315530112,0.01642909022574943,,-1.302566591614102,0.19360061358209762,62.87383505754444,1,1
2026-05-05,Interoperability,-0.35777305241421864,15.439850055824296,0.24316708513796328,19.27842382574792,0.009756633659561455,0.05408299783776497,-1.1879814827736714,0.093682994971998,63.19006059691683,1,1
2026-05-06,Interoperability,-0.415189059604682,15.857368603945439,0.20474415785173575,20.852322497123538,0.0026338917886337618,-0.07122461374177237,-1.1143251142776052,-0.058375880081488446,63.036816553033624,1,1
2026-05-07,Interoperability,-0.585907408458658,15.189540833860141,0.10976483229609829,19.737932046036235,-0.008290952765294266,-0.3822581646977481,-1.1152453625848024,-0.3644754405144308,61.1305166058592,1,1
2026-05-08,Interoperability,0.8341353587739223,24.183004123314518,0.8897526417100803,44.218906725374694,0.03483107201144413,2.071517356602008,-0.4398100014292457,0.8697986914906854,75.38095536072888,1,1
2026-05-09,Interoperability,0.4246079980609351,23.379043820860733,0.4774138964767258,38.07889711549142,0.03339721734415149,0.7345421469186602,-0.600321299198787,1.014536535272637,79.7863662627831,1,1
2026-05-10,Interoperability,-0.7478115863330095,19.8197236726309,-0.19002501526847482,31.09091308024557,-0.012244250017013791,-1.3574250451036391,-0.7809465573283925,-0.16190872193311137,71.04743123908592,1,1
2026-05-11,Interoperability,-1.01961066626082,18.680387567754778,-0.24763182903304692,33.15635400138103,-0.04425562449620428,-1.4705543103743577,-0.7119179572844544,-1.184629423068299,62.62606174982234,1,1
2026-05-12,Interoperability,-0.11563077782770628,22.03261990437144,0.3366256335626046,42.92323344413874,-0.024982685543720927,0.34782649812571176,-0.4325559500242084,-0.8525698660640921,67.31117792567548,1,1
2026-05-13,Interoperability,-0.9136063914880128,19.966920647612863,-0.12080360634922982,39.695264654680365,-0.04099712297155138,-1.06632505477219,-0.5173183036922409,-1.447011709264895,62.093270454492924,1,1
2026-05-14,Interoperability,-1.5278191544931068,15.380868537423186,-0.49163070974349976,31.437657558714832,-0.07266931424162193,-2.07505163068086,-0.7413536508740814,-2.459925202349122,50.26149410252095,1,1
2026-05-15,Interoperability,-1.0421967831427377,16.465841298049472,-0.04467092299968936,37.83997699957432,-0.06014029678074438,-0.7186783763066955,-0.5509878223083927,-2.3543828360008,48.08620280678366,1,1
2026-05-16,Interoperability,-0.5018337822393215,17.51589878778597,0.1795734023936093,40.621813691692026,-0.03463971834350913,-0.04050412461570298,-0.46538385318184977,-1.9000825857771357,51.023279319621956,1,1
2026-05-17,Interoperability,,,,49.230937249282064,-0.027711774674807302,,-0.21312249982405007,-1.823075204184547,51.38897033036976,1,1
2026-05-18,Interoperability,-0.38565974745629084,19.83869954779565,0.13516065859943008,49.230937249282064,-0.012593024274287566,-0.17430241517900608,-0.21112355075931627,-1.5271407385838187,53.18563898014075,1,1
2026-05-19,Interoperability,-0.8544724750653923,18.37892189817848,-0.09793385402858258,46.60352274790944,-0.018161671507414566,-0.8776879801263714,-0.2861107356047576,-1.6745099624611732,49.57585859661866,1,1
2026-05-20,Interoperability,0.27764291923783174,22.4001731298653,0.587841502714157,54.26236545593055,0.02346109244422874,1.2159236448611852,-0.05706302108649869,-0.7104688906206769,59.9571680641818,1,1
2026-05-21,Interoperability,-0.14045620637464562,21.555464898869886,0.15203248097002509,50.809224511201435,0.02085021722743309,-0.12768322694861783,-0.15963183209308085,-0.6500137927031854,60.63518743187423,1,1
2026-05-22,Interoperability,-0.943786542802677,17.138580648013043,-0.2524052922382951,38.97894672454473,-0.007394061749041468,-1.3466181395699348,-0.513398002711606,-1.2337692832496863,53.64283482960771,1,1
2026-05-23,Interoperability,,,,42.49754373226812,-0.005915249399233172,,-0.4019516064971024,-1.2059684024777684,53.64283482960771,1,1
2026-03-24,IoT,,,-0.14553673450269158,,0.0,,,,28.793376320628617,1,1
2026-03-25,IoT,,29.96568896051928,0.020426655104011315,100.0,0.010591395803960513,,,,31.37707890810639,1,1
2026-03-26,IoT,,31.239150325359596,0.29754036872037687,100.0,0.03433526891633051,,,,38.160423728697204,1,1
2026-03-27,IoT,,32.30167640598539,0.3008764153614485,100.0,0.04752805880135812,,,,43.86876056249383,1,1
2026-03-28,IoT,,23.78909226756543,0.06095468434889804,65.04305147567523,0.0377835771468357,,,,44.90842757956371,1,1
2026-03-29,IoT,,25.42115512660013,0.1564366234434955,69.31228327610532,0.03549184213739834,,,,47.464280151333114,1,1
2026-03-30,IoT,,19.873163392220263,-0.162017798174154,49.25104542186972,0.011494136280177814,,,,43.871048896502046,1,1
2026-03-31,IoT,,22.773820181866675,0.10405507224752257,59.133563227455674,0.012426516559473876,,,,45.487742015075355,1,1
2026-04-01,IoT,,22.587903008262334,0.06884487508474676,57.64799509317183,0.009680210872260786,,,,46.25279356504924,1,1
2026-04-02,IoT,,24.584543302245113,0.25662862809704307,62.65197669923885,0.01898103175837111,,,,50.08033828875441,1,1
2026-04-03,IoT,,23.661567456322118,0.13244509061798454,58.11141876399644,0.015392908511756863,,,,51.26550275564354,1,1
2026-04-04,IoT,,22.70366587238963,0.027289107818296188,54.751415093784715,0.005093550668409809,,,,50.52362165736788,1,1
2026-04-05,IoT,,23.346634789385668,0.11190692315501058,56.7631030357958,0.003226941573658347,,,,51.35078339637376,1,1
2026-04-06,IoT,,20.876046811562183,-0.1492667288394556,49.91383581259533,-0.015331291707540141,,,,47.621084543086724,1,1
2026-04-07,IoT,,24.69475949001875,0.4238068057462366,60.39880700846891,0.009895991205327706,,,,54.30708919061159,1,1
2026-04-08,IoT,,23.07567237176049,0.20238395601702588,53.257378584292084,0.010519273421556632,,,,56.01862196198126,1,1
2026-04-09,IoT,,22.91838363427509,0.3175421823929667,50.38011135943931,0.017144413586443613,,,,59.35995929575812,1,1
2026-04-10,IoT,,21.189669824909885,0.02311722375193302,45.247325209061295,0.0010063836499672324,,,,57.48123971080058,1,1
2026-04-11,IoT,,21.277661820699556,-0.06370995191907977,47.7489564050642,-0.01530706634309114,,,,54.692629630476326,1,1
2026-04-12,IoT,,22.199565580022565,0.17497849237503485,50.31834295413564,-0.01006675392099974,0.4079241428161757,,-0.38309422545767324,56.25144600508063,1,1
2026-04-13,IoT,-0.9849538257654453,21.45912792417132,-0.11953182924400706,50.73548315803362,-0.025596222041789934,-1.2917612106243739,-0.6473526553448791,-1.333577785515159,52.601262575502105,1,1
2026-04-14,IoT,-0.602461091005528,21.217600840850682,0.09030530362611945,49.75724857854955,-0.021085090583721475,-0.03964703958706111,-0.6789444459061387,-1.2830194141363553,52.86700445374218,1,1
2026-04-15,IoT,-0.5851269044681834,21.285922657427477,0.0882672143436689,50.346964355073084,-0.017722705037990047,-0.05100385408338677,-0.6244283227573275,-1.2544473539298353,53.1565584588231,1,1
2026-04-16,IoT,-0.11392396549252307,21.215693583044754,0.19476797773366172,48.86185667150804,-0.008289503340869697,0.5976904569236113,-0.6890996131363504,-0.8867691274868368,55.38822452724891,1,1
2026-04-17,IoT,0.06791706306163234,22.34241526536788,0.22275308291593565,51.72250530657134,-0.0005375281369164597,0.7508071313895253,-0.5051423861813569,-0.5272049565074337,58.14915514027899,1,1
2026-04-18,IoT,0.18174493042996243,23.23251175665513,0.2298008623944968,54.01282616414786,0.004419369444520718,0.771344388296128,-0.35822888766786576,-0.242829352544665,60.29184186736279,1,1
2026-04-19,IoT,0.18916700966141456,23.121627648935252,0.22548716295756166,52.32460415989875,0.006629382080901754,0.7225143848340729,-0.451916298484034,-0.059979867933837874,62.33751200719538,1,1
2026-04-20,IoT,-0.22922204577756253,23.98319407016775,0.12048718512778037,55.89799292032483,0.0005611751671795312,0.03851127611540304,-0.22337742372689542,-0.3373531254730674,62.28279761405711,1,1
2026-04-21,IoT,0.9225513774771248,24.28333130018984,0.5167059293149867,52.201428922778476,0.02160777491794892,2.3407248318416523,-0.4499561726850863,0.9207124669915006,68.98437762310182,1,1
2026-04-22,IoT,0.4673202212962203,24.380023906416085,0.2742400071655231,51.68595730088915,0.017737500836519537,0.8530464032964543,-0.47332784771025727,0.9187274084883132,70.64939588084866,1,1
2026-04-23,IoT,0.15116716100048425,23.80681688901557,0.2557523781582713,48.48133473756571,0.012706043181673898,0.7228312673510636,-0.6677426064350115,0.805755708359443,71.78163376871734,1,1
2026-04-24,IoT,-0.12626842027106727,24.832824966442267,0.139634208077242,53.13886149975771,0.0009510227920693989,0.013753741930696315,-0.3519226727247252,0.23495140720025537,70.71685700143868,1,1
2026-04-25,IoT,-0.15829973719642595,25.53936105119203,0.15304450798828623,56.079652622251075,-0.006137942090097645,0.09552439125573484,-0.1512285331396887,-0.1931503049910203,70.38342697518823,1,1
2026-04-26,IoT,-0.3054732562556728,23.98843518245005,0.16970188795486893,49.83094211194653,-0.009709487848662782,0.19753090735052162,-0.5678365057412071,-0.48869404101381775,70.37503333786569,1,1
2026-04-27,IoT,1.1254269337928589,30.056937492278394,0.5174259645879269,69.73466078138057,0.010260875921997079,2.205500889136918,0.7910446244846063,0.6550478106220631,76.34380350541002,1,1
2026-04-28,IoT,0.08481432419081511,26.151238300686334,0.2395343765175915,54.436431739001044,0.003991256253784499,0.5295328611864231,-0.27011968534506847,0.37604627092652787,76.57751091802893,1,1
2026-04-29,IoT,-0.6997108503757591,23.974629925304136,0.021851195773416585,48.24991126481625,-0.01456314984050746,-0.7723486214082701,-0.6923813136534172,-0.770765664737928,73.2667777473032,1,1
2026-04-30,IoT,-1.7191445537714622,20.39526241195459,-0.24535185947762805,39.308171601533225,-0.042971819782901946,-2.203878917096966,-1.279810265784713,-2.536452598829528,66.00921207721944,1,1
2026-05-01,IoT,-1.5269813718299974,20.396281210477362,-0.1109855842751229,42.290941707448596,-0.05034256397503045,-1.377237883189937,-1.039977191259755,-3.007280282157955,62.06833028005135,1,1
2026-05-02,IoT,-1.4379979279334403,19.97252199738831,-0.0726195384824276,43.11399498018119,-0.05015252676945538,-1.1261802947944453,-0.9576753493194474,-3.037960770866263,59.21889504562957,1,1
2026-05-03,IoT,-1.6617135475984985,18.60723053568609,-0.18355247763320803,41.11758634232517,-0.054647105000934657,-1.6688979700319564,-1.0683182918450895,-3.168595792717871,55.16103123239151,1,1
2026-05-04,IoT,-0.7440870654395084,20.636296176117966,0.08019253988996147,49.18142585049882,-0.037806672529267275,-0.21230340880083537,-0.4945145083520627,-2.630025168580709,55.86569884956573,1,1
2026-05-05,IoT,-0.8734495671412945,17.969321155079935,0.05630886709062116,38.980102142435655,-0.0267462939834894,-0.34109970760385006,-1.1822715800997787,-2.3039565613607413,56.120678830332714,1,1
2026-05-06,IoT,-0.22068192748597645,21.025070345389736,0.24413342207930983,49.26002370389045,-0.006316859857367839,0.7055717606656522,-0.45111463834598325,-1.6858392720614168,59.48333231574215,1,1
2026-05-07,IoT,-1.1048311103723356,18.808766853429667,-0.07125347740662284,42.986298566051765,-0.013185409926661229,-1.05702070287289,-0.8794819980685374,-1.8673516389529525,56.88367587842525,1,1
2026-05-08,IoT,-0.2779987288114907,20.883534457489844,0.16453571243952025,50.508014777248206,-0.0015989243057451079,0.27460700810888317,-0.33852798109827115,-1.5074700456961434,58.71410154321311,1,1
2026-05-09,IoT,-0.4279673986740087,20.297452873424646,0.08095001814946799,48.570143628365884,0.000569322714644098,-0.20129899792765926,-0.47192139010950007,-1.3993136381529638,58.90861981085209,1,1
2026-05-10,IoT,-0.9954678700414357,18.956669565951206,-0.07327923007742926,45.43030029588216,-0.007788867027496968,-1.0681740764040135,-0.6892599154039719,-1.606680510477349,56.444232821032486,1,1
2026-05-11,IoT,-0.5486037128723202,17.939253704554027,0.0846452095250405,41.23503956656184,-0.0023680017710666565,-0.1552719622117881,-0.9756236026166946,-1.434396440143906,57.043364230698785,1,1
2026-05-12,IoT,-0.21343220300627377,19.89139475701961,0.1611344652026993,48.271156745148076,0.006213531463906328,0.28754865975206745,-0.4552478185069332,-1.1475933516610228,58.54869353014203,1,1
2026-05-13,IoT,0.6870637672687084,23.7046050659359,0.457239342491954,59.28004012375363,0.030327446017068774,1.932509671819104,0.35288442770995215,-0.3363192752410145,64.7525143425917,1,1
2026-05-14,IoT,0.16721779559407832,23.467936606107624,0.1606141954371764,58.54574251672537,0.025016897208702774,0.23518078009584836,0.29508478597311577,-0.3088080099093444,65.02401674115936,1,1
2026-05-15,IoT,-0.22715622891166823,22.344127197611485,0.10451275296599435,54.6908886211793,0.016834694905873127,-0.08757148057084191,0.005438088979983349,-0.4073878165111013,64.17464260912898,1,1
2026-05-16,IoT,0.48139247042621647,23.62370263603027,0.3144626736896113,57.84020407886097,0.024221927170647063,1.1113044996854513,0.24197288115081275,-0.0553454846914629,66.9137633560241,1,1
2026-05-17,IoT,-0.7553263838462037,20.962132672912325,-0.12013727445993573,51.13556175125568,-0.0002083450468993546,-1.3754578053105009,-0.2687277320798505,-0.6922354935406551,61.82025839838402,1,1
2026-05-18,IoT,-0.394605571744852,20.708641323133577,0.10027295743953435,50.365243997839436,-0.0014988430996939672,-0.10536517791706401,-0.3249668921711947,-0.7263510977766491,61.33606296596431,1,1
2026-05-19,IoT,-0.06728070014973828,21.0474579446643,0.14805924030937365,51.65446727507386,0.0007688300629896064,0.17076476139143634,-0.22246357717426749,-0.6525608893657817,61.69877599701484,1,1
2026-05-20,IoT,-0.15819515866350128,20.070666391117005,0.13404429438186188,47.882084790358206,0.0012020584738235036,0.08785480557175056,-0.513164090694723,-0.6253358078570987,61.826153893486,1,1
2026-05-21,IoT,-0.7299079245613436,20.08113164791057,-0.05327938807848841,50.36371038438645,-0.010600116515003331,-1.0023684681466298,-0.31390030963227483,-0.9971083451901128,58.74585553723993,1,1
2026-05-22,IoT,-0.9362064651197163,18.14054691146078,-0.06897977136201225,44.8127162924067,-0.01847575798063366,-1.0753044470161013,-0.7464856933610762,-1.3029769983141521,55.85543681636032,1,1
2026-05-23,IoT,,,,46.54102869620019,-0.014780606384506928,,-0.6012778991909619,-1.2824926394351779,55.85543681636032,1,1
2026-03-24,L1,,,0.19171105313599113,,0.0,,,,74.69485226384623,1,1
2026-03-25,L1,,,,,0.0,,,,74.9355836042383,1,1
2026-03-26,L1,,,0.11328784215748311,,-0.006107099619225442,,,,73.39183322206948,1,1
2026-03-27,L1,,9.55417829488479,-0.105254189491272,0.0,-0.02249972970031261,,,,67.54570987897829,1,1
2026-03-28,L1,,26.130445025004732,0.26919126547425987,63.145591335065156,-0.007633404733560136,,,,70.27305834186976,1,1
2026-03-29,L1,,23.861423054866435,0.16312932175202294,53.56494672848427,-0.004601351207499068,,,,70.22882780392877,1,1
2026-03-30,L1,,26.76163103399229,0.32529091202967103,62.308427597744746,0.00798215172235622,,,,73.30672711218085,1,1
2026-03-31,L1,,22.44058368766934,0.04942065980856617,47.19161752661416,-0.0020796917250664147,,,,70.08168384944548,1,1
2026-04-01,L1,,26.94178623862956,0.4363477251666288,60.59901953660314,0.016495175322054627,,,,75.1591052992928,1,1
2026-04-02,L1,,20.189831842304383,-0.25657153517582587,41.65828921121311,-0.016905613131726456,,,,65.08808545040239,1,1
2026-04-03,L1,,17.283204084513066,-0.41088552230807646,38.9472804535459,-0.04672174942663272,,,,52.92226530113324,1,1
2026-04-04,L1,,19.51682219556042,0.02925026823788881,48.50540210946769,-0.034685199675065836,,,,51.15017937419335,1,1
2026-04-05,L1,,21.79493635105947,0.3351574198545577,53.55869949817306,-0.0055342765260087065,,,,55.85044305947188,1,1
2026-04-06,L1,,19.354472224690227,-0.061101505388940366,47.51832658574577,-0.011982520154563338,,,,51.461138657849645,1,1
2026-04-07,L1,,16.246793793546544,-0.3954846204793797,43.38900504435123,-0.036429524024590966,,,,40.781404971866074,1,1
2026-04-08,L1,,21.71122134985809,0.632421047730092,55.32353432609756,0.01614486806897722,,,,52.6768832650356,1,1
2026-04-09,L1,,19.694235448944724,0.03144030387749273,49.2527813294384,0.010250219629280036,,,,50.865652035630475,1,1
2026-04-10,L1,,,,51.29980458125435,0.008200175703424031,,,,51.465460849657724,1,1
2026-04-11,L1,,,,47.56593512700522,0.006560140562739222,,,,52.15284299567649,1,1
2026-04-12,L1,,19.725173216413122,0.09444544489383697,48.621855011247284,0.007947630145993437,,,0.1242035362106272,52.032192587564985,1,1
2026-04-13,L1,,18.369865205315833,-0.0657228872872889,45.24664177092584,-0.002024693166737434,,,-0.30927546802332995,49.20752846908403,1,1
2026-04-14,L1,,21.683535774692693,0.3928901424046234,52.828109330982535,0.021380362913362122,,,0.8918745116985678,55.93051354475803,1,1
2026-04-15,L1,,,,48.83560405855453,0.0171042903306897,,0.06683403808121513,0.857772171571357,56.757248176519894,1,1
2026-04-16,L1,-0.5170906556477035,21.1746950869616,-0.290759752385815,57.56002739262457,-0.017555694463296776,-1.293473346138483,0.7123474824571282,-0.8129225263178382,47.53321647865729,1,1
2026-04-17,L1,0.3914424811399789,23.411017787053698,0.14678599351481536,64.15599478142802,-0.004811645347062528,0.25215284002019045,1.1589508213408906,-0.30038075991699104,49.47669802810507,1,1
2026-04-18,L1,-0.07472999151488245,21.707684986137316,0.021435598694626246,57.964804611260796,-0.004326226604078973,-0.19860644459460416,0.6598948517666974,-0.3202486291494877,48.40726954472003,1,1
2026-04-19,L1,0.6118956029968647,22.48809466711495,0.27466124191136493,57.38119216717004,0.012619972327862963,0.7185967567274211,0.5970201495241131,0.5802056775848781,52.35475865113165,1,1
2026-04-20,L1,1.7325861104743983,27.957019122496572,0.7366682895615696,68.37239003601682,0.05229029964348144,2.141298055978386,1.3792854915223112,2.560404122310623,65.2325371031174,1,1
2026-04-21,L1,,,,74.8567608958133,0.04183223971478515,,1.7286037725303884,2.265856697728108,65.12496419742801,1,1
2026-04-22,L1,1.106866913268361,27.715320557765573,0.3105106052815914,64.51008098026145,0.04051988926634356,0.6637506447790772,0.9283490729643998,2.2990907576268937,67.96035341668423,1,1
2026-04-23,L1,0.8772588432987567,31.403248216724,0.1648208796709776,78.88923579278509,0.026691376062186786,0.15646626594942248,1.8307088005319831,1.8934293211991808,67.43281660673992,1,1
2026-04-24,L1,0.04036700472099736,27.28628562092927,-0.17662628013491632,67.5905891597711,-0.005307219099172856,-1.0090252890414102,0.9966453671499321,0.7889831585582108,59.89248121180556,1,1
2026-04-25,L1,0.7224936774302531,28.87211552643612,0.19622124127621451,71.97369778529134,-0.001420336326273022,0.3000050087269675,1.248594267258431,0.8799617125136876,61.137719077790734,1,1
2026-04-26,L1,1.3422342445660975,31.507697591051233,0.5518241863936186,75.1757037187615,0.02365784064206063,1.4847921687845713,1.3992689049702438,1.775520415901121,69.97128447876194,1,1
2026-04-27,L1,,,,79.25409952612635,0.018926272513648507,,1.5828515936678789,1.674744946132178,70.41082606741419,1,1
2026-04-28,L1,0.5025362212535281,31.30503511530513,0.10995806240985792,75.43877349470475,0.004329611111196452,-0.06124913428370469,1.2739454529314307,1.215104096672989,68.66511715688522,1,1
2026-04-29,L1,1.0776003020536842,32.78995005481368,0.3744067892249053,77.79366716113246,0.013138549717744284,0.8561019351291765,1.3671108379644756,1.5111306176808552,72.87846468868574,1,1
2026-04-30,L1,-0.49659229127525284,26.46793928534682,-0.3458625055969117,61.685157848385835,-0.02825794913624011,-1.6190095018070998,0.31454273402571215,0.061283897497014045,61.57160033210827,1,1
2026-05-01,L1,-0.30797279578522896,25.452806145825768,-0.045707119427000474,60.109575428711125,-0.03376664585028171,-0.5646495057546237,0.20769409866541422,-0.3564257316301369,57.880871133555935,1,1
2026-05-02,L1,-0.3417867652771838,25.378750576340686,-0.04364160279378296,62.47679852573078,-0.03543922652619205,-0.5468191007348407,0.36039847730673824,-0.6671496626106813,54.62918011712829,1,1
2026-05-03,L1,0.30156939449708386,26.16810297082049,0.2520509953738004,62.96556714012869,-0.015800357001485934,0.4939674149458053,0.3875868397406209,-0.1803456717969856,57.87917321318184,1,1
2026-05-04,L1,,,,56.85090286472442,-0.012640285601188746,,-0.03055757043579259,-0.178168092257513,58.074618997841604,1,1
2026-05-05,L1,-0.9688308771910433,22.38015904110111,-0.3548492273361422,56.85090286472442,-0.04533732458627921,-1.598223210823438,-0.03018274537277947,-1.5096603623506042,47.599903281149054,1,1
2026-05-06,L1,-0.005148389235290318,24.444537253898464,0.1484850022849813,63.42914555237802,-0.025051009821066776,0.1626453474365339,0.4259176069892886,-1.0472950057782688,49.65390409243454,1,1
2026-05-07,L1,-1.095853814941537,20.723502080806604,-0.391644429172203,56.65992959342117,-0.04530825560209876,-1.6648544837268975,-0.05406231052469137,-1.9188938448965571,39.9921364275977,1,1
2026-05-08,L1,0.07723966693910722,24.25941232570858,0.1830013628515725,67.92218590496987,-0.018669884253066926,0.318313184154321,0.7418223629291921,-1.2236278762722546,43.26811630615449,1,1
2026-05-09,L1,-0.06878837666497473,22.934687343243716,0.07035893932967446,62.57709838806891,-0.007853251892721104,-0.07506153202685219,0.35109034471117934,-0.9397113406937219,43.72525537916155,1,1
2026-05-10,L1,0.14621148078534787,22.94373270760233,0.1939173060182482,60.050497118815414,0.007571277018301258,0.35815052434199623,0.16475204194495344,-0.4166136872801965,46.70433789369453,1,1
2026-05-11,L1,0.673301659874975,25.056516186343654,0.4247988054953826,62.565231461549615,0.031907222060477886,1.1524695220979049,0.3462003181711874,0.5511177945883089,53.912061585637346,1,1
2026-05-12,L1,-1.4732853889989885,17.675966209201956,-0.7416667246110737,47.468866935105304,-0.028695206345331056,-2.699209262397874,-0.7662348652787471,-1.4607450838429017,35.646382057913165,1,1
2026-05-13,L1,-1.9326830937617174,13.20982801097534,-0.8533884671628476,43.36871904385584,-0.07198179563315933,-2.7456865291896673,-1.0495228292662704,-2.961872895474551,16.658237590493822,1,1
2026-05-14,L1,,,,51.254316119449946,-0.05758543650652746,,-0.4541251016750252,-2.7099093414952606,16.923007511300973,1,1
2026-05-15,L1,-0.4554086445200026,15.416907879322014,0.12052796687819066,47.257940390063126,-0.016790633942031258,0.17668038522815602,-0.7437641099185941,-1.7045257880667986,21.39993051282423,1,1
2026-05-16,L1,0.3183288493104631,18.846951494434794,0.49897549443170436,52.17461366441409,0.030350010186746226,1.2867005968147063,-0.36719030706274824,-0.3254262705432324,31.989311044823182,1,1
2026-05-17,L1,0.811887042452223,21.29943704769147,0.6928668318165466,50.93756243910968,0.0712673617784478,1.7845226891670332,-0.4564028781957438,1.139030144189671,45.744578273867894,1,1
2026-05-18,L1,0.8200065716513916,22.715814607152183,0.5404371410080543,49.03831669078103,0.08387528730633889,1.298819480361959,-0.5950100552575427,1.9030222664869678,55.23811097464852,1,1
2026-05-19,L1,0.5445898379475429,22.735051264480322,0.28176574361026285,46.120134453128074,0.07110721847184577,0.5382270181190528,-0.8085565791334585,1.9390400148673794,58.69853077935427,1,1
2026-05-20,L1,0.4889683300525245,22.32193424896697,0.3304812459245324,39.826831338206105,0.06255793734562284,0.6713051624154255,-1.2666315569660402,2.0141026009935548,64.04918306482656,1,1
2026-05-21,L1,0.6062391193707637,25.04959171930903,0.3238443589518113,46.15287084727342,0.05342603570269579,0.6427027934332419,-0.7666660139886329,2.0186892964386987,69.24307520972,1,1
2026-05-22,L1,-0.7972382595767118,18.74936113966004,-0.34493275205558166,28.251946556407745,0.002029657221068286,-1.306848612779561,-2.053151164160837,0.8527720468600074,59.83311350899525,1,1
2026-05-23,L1,,,,29.204695187041153,0.0016237257768546287,,-1.9002585393492406,0.8394135994368858,59.83311350899525,1,1
2026-03-24,Layer1,,,0.07807786747181973,,0.0,,,,44.41196266760584,12,12
2026-03-25,Layer1,,30.50480225871169,0.08943345132128096,100.0,0.0007246868325582079,,,,45.20495085144599,12,12
2026-03-26,Layer1,,26.652984326694707,0.08732213901715953,84.32220550271529,0.0010045264917188067,,,,45.38611048317559,12,12
2026-03-27,Layer1,,7.648513308125501,5.983446815207998e-05,11.273378295723177,-0.004445552012524748,,,,40.1934918918587,12,12
2026-03-28,Layer1,,11.050697056830627,0.022006827802402144,27.146731641927516,-0.0062217155232521665,,,,36.52518651953215,12,12
2026-03-29,Layer1,,10.060328557731967,0.012429854144540219,25.180929700366903,-0.007599636244902026,,,,33.125208784875824,12,12
2026-03-30,Layer1,,12.980228952947233,0.039275849380983746,37.80571268384719,-0.006313963328079561,,,,31.419467781022195,12,12
2026-03-31,Layer1,,11.61250476287179,0.020870224433409346,33.88560564419889,-0.00629966050432023,,,,28.944670446612907,12,12
2026-04-01,Layer1,,15.591214084237073,0.0728666395130388,48.86466216917245,-0.002575725678903462,,,,29.85341951119407,12,12
2026-04-02,Layer1,,14.01552874703263,0.04388681801121909,43.3861587070061,-0.0018837238429578358,,,,28.557508720069336,12,12
2026-04-03,Layer1,,10.744202327820382,-0.026620305567901036,34.08785032778488,-0.005774236761776349,,,,22.9124134837002,12,12
2026-04-04,Layer1,,10.666266039745626,-0.015125037970370948,36.31315048519035,-0.007086672348901027,,,,18.937536377741935,12,12
2026-04-05,Layer1,,12.839066423348948,0.04196279836700595,45.458038159766424,-0.0037886557838108167,,,,18.347206484609863,12,12
2026-04-06,Layer1,,13.557918299344463,0.06483715331574137,48.425395111988244,5.142605253608164e-05,,,,18.782334377059833,12,12
2026-04-07,Layer1,,15.393050866044288,0.10683779977755285,53.10954322748136,0.005250438495545542,,,,22.85573952099681,12,12
2026-04-08,Layer1,,14.91938691913881,0.08384518119859266,49.410623590538634,0.006868976342556923,,,,25.049738576227554,12,12
2026-04-09,Layer1,,16.23499353836122,0.10978046573025399,52.25527206589419,0.009265304335150307,,,,28.67137874380999,12,12
2026-04-10,Layer1,,18.174335729956987,0.07948806437413486,59.006747627323605,0.008414079591589631,,,,29.86759978816649,12,12
2026-04-11,Layer1,,19.035156795790456,0.10880104149193519,59.680299672650925,0.00935667293198948,,,,33.23839077990891,12,12
2026-04-12,Layer1,,17.59894208809731,0.055029918885553836,54.32490171181482,0.006050625499855698,0.03093009980256035,,1.4156189180299645,32.15054453794752,12,12
2026-04-13,Layer1,0.35290874582615206,17.266314482017698,0.06499005006777052,52.70327713731648,0.004308309940253482,0.2655297717288231,0.2475859136758958,1.2456794387839403,32.40540484424058,12,12
2026-04-14,Layer1,0.22354920306938716,17.418202550862297,0.054169378627705614,53.55739920005926,0.0023014444990623988,-0.002888816317795532,0.28373854459582326,1.01449744898965,31.731139185919652,12,12
2026-04-15,Layer1,1.0792320366177635,18.707573327782313,0.12792056441762525,55.62025426729659,0.005625900415480364,1.7021136994607315,0.3811350488203345,1.4913642858897262,36.068015346622005,12,12
2026-04-16,Layer1,0.7126050126538896,18.58588913274652,0.08421803165080927,53.99711412644246,0.004609207311410093,0.6273434809104905,0.28814786635658973,1.409405763676867,37.26762601058918,12,12
2026-04-17,Layer1,0.8227950151114226,21.272547382353903,0.08640915024579285,62.95650237086862,0.003843183134014102,0.6614472245178462,0.7490692631075152,1.3482962192743169,38.90163979644308,12,12
2026-04-18,Layer1,0.36335310406019483,20.39472160579571,0.0667063280489273,59.20703837811221,0.0018684500919109752,0.16997860997473788,0.5298965006134031,1.1201446318653412,38.60970854457429,12,12
2026-04-19,Layer1,0.3422199222961032,19.30018654948442,0.07650021550726618,54.348686036100794,0.0011177930439450826,0.4086066453320612,0.25451485660847606,1.024225341692255,38.98778933971079,12,12
2026-04-20,Layer1,0.33529319996800355,19.039114388650336,0.08144798799521116,52.19039060058823,0.000861898385212217,0.5236196271508615,0.1297522380480641,0.9830931772678886,39.89855728560412,12,12
2026-04-21,Layer1,0.24171620303156074,17.9394055549249,0.08192329717846,46.3106005104968,0.0006421390273870066,0.5243222672891765,-0.2062219171843221,0.9439236984039445,41.20984228523404,12,12
2026-04-22,Layer1,0.8663569338016703,20.70665385260007,0.11529384101764321,54.51812518765911,0.0025543821865267134,1.337025482035115,0.27171005051234787,1.188266770769887,44.620776520239566,12,12
2026-04-23,Layer1,0.8657973487418734,20.513380121455,0.1182915045164558,51.309027520613604,0.0037585320528760804,1.3483476488167407,0.07837842510008754,1.3659362781354902,47.44056044413684,12,12
2026-04-24,Layer1,0.06569475921325071,19.5528952573531,0.06030565081435042,47.28127753073869,0.000555347181625537,-0.1327834378982334,-0.16418023459119283,0.9875251361524134,46.50427020486944,12,12
2026-04-25,Layer1,-0.11663086911731255,18.219776905410868,0.057171841664063756,42.096065446417995,-0.001743089884569545,-0.21092515653314706,-0.4759683571244385,0.6636487523098998,45.521735874746184,12,12
2026-04-26,Layer1,1.3860399875299982,25.00876660689753,0.1670050016843303,64.63089846117407,0.0038593002300280734,2.399270833761909,0.910468834261931,1.351939229274929,51.933988634455,12,12
2026-04-27,Layer1,0.2431722107413136,21.75645640704324,0.07641033348884642,51.23249069852873,0.0013204573231127975,0.19736147255413178,0.06757478795041433,1.0691637793803368,51.798571234690186,12,12
2026-04-28,Layer1,-0.22939886641978413,20.607881535904475,0.03723414308015155,48.27773710386277,-0.002909664839301108,-0.7505754720832093,-0.11924129373575891,0.5043194099053692,48.83655822116291,12,12
2026-04-29,Layer1,0.9066468594092143,22.111363079588756,0.14397262739272673,51.529805793111954,0.001340467292320912,1.7821093779213424,0.09008348995943351,0.996138594589932,52.68359543633976,12,12
2026-04-30,Layer1,1.259059744157336,24.69703574298097,0.16714662486104245,58.22516162624228,0.005347114051637477,2.1536180425444003,0.5208575645919407,1.528902390875231,57.89782288189887,12,12
2026-05-01,Layer1,0.9013240663213633,23.994938189343337,0.12681679371088234,53.72589634943483,0.004926260712453227,1.1996176460067816,0.21926563421973874,1.5461651711220052,60.32323503523777,12,12
2026-05-02,Layer1,1.4112016586637712,26.495020583504164,0.18116981010950536,59.92049326261918,0.0077836081034501365,2.231972305981161,0.6244449500727335,1.9400736176382138,66.11752347181888,12,12
2026-05-03,Layer1,0.4012833041805174,24.167939870251665,0.09401467777302001,51.33848293101323,0.003497421450277028,0.37265089547951313,0.042269407245066545,1.517047467417829,64.95584632009098,12,12
2026-05-04,Layer1,1.736686795721245,27.731714818793897,0.24107098888403983,60.021862011225544,0.009897350867659107,3.0585658919859493,0.6276400932281485,2.245278312419973,73.77355777478053,12,12
2026-05-05,Layer1,0.5024680168078971,25.61054019716676,0.1078406525418301,51.39471243610916,0.004749838833747307,0.5116169668098485,0.030430330521081093,1.7670853974688787,73.90985606253749,12,12
2026-05-06,Layer1,0.3882594036967345,25.127690123295128,0.10915493096509905,49.65783654825229,0.001209952446043619,0.5291258669955197,-0.0901724740568868,1.4095540077596784,74.11138668832078,12,12
2026-05-07,Layer1,0.10453367985590298,24.59877169335202,0.08464330924359552,48.168480143898165,-0.002787644977273185,0.05320409879569863,-0.1934720326683444,0.949639637004172,73.26422624277703,12,12
2026-05-08,Layer1,-0.10173955672069454,24.73974816040737,0.06479148221622989,50.25474574528301,-0.00655883532969357,-0.3321936025545165,-0.043426724598582954,0.4372651804551621,71.27431494046162,12,12
2026-05-09,Layer1,-0.7941834422648445,22.549370121892355,-0.0053386114822870845,46.70111760439633,-0.013184118693761477,-1.6512384234108408,-0.29760961507425004,-0.493669520677116,64.12751252299081,12,12
2026-05-10,Layer1,-0.9187572050820768,20.462005514646368,0.013306980290501027,41.025052342781635,-0.015555477838887413,-1.254025691089195,-0.7021161903357225,-1.065577709243612,60.14388374457023,12,12
2026-05-11,Layer1,0.2479365101636948,24.001760709115132,0.12600336534437998,52.82303707955112,-0.009098693142973166,0.9024007595487665,0.165234354138593,-0.658042069506402,64.19871555237832,12,12
2026-05-12,Layer1,-0.48913156452967677,23.156800741313432,0.05032701610793117,50.7155644814212,-0.009447844307357922,-0.5525124987026578,0.008269437367344699,-0.9006962521463726,62.500516529546545,12,12
2026-05-13,Layer1,0.23699435920952408,23.2256232839476,0.12875372117346992,49.14167949535857,-0.004188490674109343,0.9552299731973906,-0.10903321811721892,-0.4909502052674419,65.69231808077274,12,12
2026-05-14,Layer1,-0.04278805560282303,22.411084644795217,0.09050457907507405,45.74979021449671,-0.003125972469080941,0.20830456049902507,-0.36278150796811975,-0.4584485970771058,66.29026923544362,12,12
2026-05-15,Layer1,-0.5239803450517875,22.098655582326323,0.05286871281929492,45.88689540014798,-0.004703385809155332,-0.5251999219504863,-0.348509629683752,-0.7160705402658695,64.39533206492163,12,12
2026-05-16,Layer1,-0.7440581221193519,20.71332588104817,0.0402199283946817,41.778744283597106,-0.006247429328146549,-0.7642001008612453,-0.6572226718079309,-1.000727335295571,62.09182095445548,12,12
2026-05-17,Layer1,-0.485651861133789,22.001255550206025,0.06376946775455726,48.09448463334771,-0.005365284363881927,-0.29329132028494154,-0.16455983968023866,-1.0259143500623054,61.022531222476935,12,12
2026-05-18,Layer1,-1.1547734738357942,17.585092910342112,0.012788167378292373,33.63676190505031,-0.007752850464074914,-1.2835481152133337,-1.2679206896969315,-1.4091851559037598,56.56385960802472,12,12
2026-05-19,Layer1,-0.9358221939740943,19.297743519893807,0.025166191670231212,42.83205265090897,-0.0080035335585645,-1.0182973575623355,-0.5442582107433938,-1.5761731094845284,53.45058198174472,12,12
2026-05-20,Layer1,-0.9706359175189885,18.598876533449044,0.023400172597389662,42.57080767095605,-0.007786116693882784,-1.0344698582082599,-0.5582940778365096,-1.682194117466017,50.37612681962693,12,12
2026-05-21,Layer1,0.6666934722922927,23.309480596167994,0.17797720280013965,56.59871486384362,0.002708493099106377,1.9543711649442235,0.5437604903780872,-0.6267006923690907,57.852849552551426,12,12
2026-05-22,Layer1,0.2577663822128363,22.605988139902,0.10785166930623276,52.84230773737488,0.004748337657771391,0.5885364286753137,0.24299000131819146,-0.3194589584664658,59.58591901578335,12,12
2026-05-23,Layer1,-0.16826173298866565,23.017336612449018,0.06542570626864297,54.848317380105485,0.003138866594398066,-0.23412278299428885,0.3998821793252164,-0.3916518699208229,59.165502722699976,12,12
2026-03-24,Layer2,,,0.4372856398694864,,0.0,,,,98.05098646820498,2,2
2026-03-25,Layer2,,13.85891633790017,0.13041963205065507,0.0,-0.019583471724050793,,,,91.26336125532336,2,2
2026-03-26,Layer2,,22.095124865815382,0.295054055215712,34.91713100272494,-0.020280195494113827,,,,88.71006810631911,2,2
2026-03-27,Layer2,,19.73520356330787,0.20032985904255018,29.075814662401356,-0.025607986641767527,,,,83.97467036750444,2,2
2026-03-28,Layer2,,18.511708567622634,0.16694522598668368,27.456951399749315,-0.029586236088031834,,,,79.72172899144051,2,2
2026-03-29,Layer2,,23.725816661398916,0.37379393109103226,46.063545063165435,-0.017111509101885313,,,,82.25177061688105,2,2
2026-03-30,Layer2,,21.502871392919936,0.2168006376822909,38.55754247086937,-0.01815886679045798,,,,80.69592450308161,2,2
2026-03-31,Layer2,,24.0585145816219,0.4007298868041527,48.40699084500307,-0.005828433028462587,,,,81.12239473926857,2,2
2026-04-01,Layer2,,22.092192098976298,0.25717308952247425,43.02396213854329,-0.006645550705533451,,,,77.75655907992737,2,2
2026-04-02,Layer2,,15.215634781144027,-0.2616938741129253,30.689085387686376,-0.03959673572475651,,,,54.64400539704519,2,2
2026-04-03,Layer2,,13.155274412231382,-0.1883465863573224,33.38869157767702,-0.053077597072132006,,,,37.05520091178341,2,2
2026-04-04,Layer2,,16.093762353876137,0.2162184775082555,45.16838841858135,-0.032389628450506566,,,,36.71101204826459,2,2
2026-04-05,Layer2,,15.409506491834696,0.14035557383121455,43.71863601340083,-0.021955764671194422,,,,35.42168988491982,2,2
2026-04-06,Layer2,,14.62128529213929,0.07186764769627632,42.487502923830405,-0.017975240066150713,,,,33.333124988616,2,2
2026-04-07,Layer2,,17.062796659466585,0.4646919163861316,50.485085434131854,0.011232626661560913,,,,35.558340737990875,2,2
2026-04-08,Layer2,,17.07748469307397,0.21796043629507966,51.58315537661536,0.013880822862706935,,,,34.60385012199963,2,2
2026-04-09,Layer2,,15.909136004182452,0.18346974995078055,47.882340100382784,0.013256183723942994,,,,33.287290719369246,2,2
2026-04-10,Layer2,,14.232855353577294,-0.10475450740504699,44.60622134201574,-0.005609957842924521,,,,29.04141314232413,2,2
2026-04-11,Layer2,,15.610424343710795,0.18814536525665207,50.34330777679732,0.0021782451751496124,,,,28.302937042166764,2,2
2026-04-12,Layer2,,14.825754656137855,0.23023221697251456,47.54416265015211,0.010253338813815599,0.2544272722515282,,0.13582583482662147,27.79143098891093,2,2
2026-04-13,Layer2,-0.04134963299651866,14.56371101153183,0.1005190784236783,47.992089869455214,0.007097696727690853,-0.4157884398973721,0.649869646667633,0.08423043638481958,26.021088225899433,2,2
2026-04-14,Layer2,0.25729308046657834,13.796817712227224,0.16559210961162182,45.765923723217426,0.00948289224741354,-0.06495247446897436,0.45185009629238077,0.25336282750407146,24.805703803166796,2,2
2026-04-15,Layer2,-0.052368174537390025,13.730662077971038,0.09325770861205779,46.970709883820476,0.006425306801111835,-0.45096258830802344,0.5379398525088187,0.1943230588096589,23.017712346260392,2,2
2026-04-16,Layer2,0.48673971897832047,16.61379688341351,0.13961368568917196,58.985850261879115,0.007676473443594414,-0.18722413228341042,1.460888663317958,0.3094710573340639,22.189266258468052,2,2
2026-04-17,Layer2,0.7597037083275942,16.89179173042245,0.2449030633118802,59.564266510735166,0.015306189905955302,0.4060079559683715,1.4105778113356275,0.7364449692371634,22.539174205340068,2,2
2026-04-18,Layer2,0.07105621499229861,13.666836939360822,0.11539122435466521,47.466506810114225,0.011514544471309791,-0.341293679489279,0.41363715394298706,0.6805053251400695,21.386003188574158,2,2
2026-04-19,Layer2,-0.0026819845549314325,13.688187652232756,0.0807510879418798,48.47063144237503,0.006791221430038193,-0.5339044211720191,0.4853692600773547,0.5457983141828473,19.972159178251143,2,2
2026-04-20,Layer2,-0.006039353083818824,13.938282612383995,0.0747040122724371,50.07518637744373,0.0035408090839475076,-0.5570388636808792,0.6050775583338529,0.44015774977796834,18.7824352230238,2,2
2026-04-21,Layer2,0.3234866797847654,11.982193912507125,0.19770468939528554,41.74129470094414,0.009611436496797111,0.1890934386103229,-0.10462082338832476,0.7682660215801795,19.03533889178119,2,2
2026-04-22,Layer2,-0.334247865883584,11.86380580485225,-0.011070639114877254,42.74503019216683,1.100273355992415e-05,-1.0653518651230998,-0.017015087451092464,0.36228493529641503,17.011549077871173,2,2
2026-04-23,Layer2,0.4493921810492898,13.777481875624066,0.17700982092993178,49.813515932734326,0.006417906246530679,0.09576648592452949,0.5954721043952733,0.6839722846626093,17.072305232879295,2,2
2026-04-24,Layer2,0.6072720023646498,15.910280087640833,0.1454090590559446,58.47777052330286,0.008487868107503793,-0.10130404061168381,1.3095983864365512,0.8393777002009295,16.57570933673333,2,2
2026-04-25,Layer2,0.8558334583611521,14.827432689251168,0.2721504703967366,53.20813729886148,0.017816690150367666,0.6925848822210401,0.8216092642788229,1.3651095126683552,17.37825965834611,2,2
2026-04-26,Layer2,0.8822315821219681,14.573862450365201,0.266666887155265,51.43145210324409,0.022727294767773694,0.6436213607902831,0.6495152427894059,1.702828481426387,18.057202569918594,2,2
2026-04-27,Layer2,0.26972374915518227,14.100949332570067,0.10388717253110126,50.12897520776463,0.014521152555129743,-0.4073974499315719,0.5228723693633781,1.446729908804782,16.820061383201132,2,2
2026-04-28,Layer2,0.11418980182685451,13.16168295811408,0.08942957809104182,46.96587393917832,0.007956341636450152,-0.4939172623945189,0.23270119885900042,1.2185890135256672,15.491300891564531,2,2
2026-04-29,Layer2,1.1906335089981923,16.492521115246657,0.3374621156275105,58.533862480518906,0.019497796497089475,1.1200345759824502,1.2487962265978272,1.7631299566220369,16.940661815940473,2,2
2026-04-30,Layer2,1.3420718767181428,16.892973551373284,0.3759666101134876,58.30506188828723,0.028366856202417443,1.3239452683179191,1.1870878045067308,2.1860810708819636,18.60785382942917,2,2
2026-05-01,Layer2,0.9424428874297632,15.22501401150775,0.26763169307148926,50.796941819061516,0.025660377628727974,0.6036238971451626,0.49921332867620427,2.1447260981352567,19.006662979125057,2,2
2026-05-02,Layer2,-0.8899247179636959,11.418428666789826,-0.28964563931127574,39.07523810406954,-0.012868487330614206,-2.7264276728519055,-0.5630682335886631,0.6917809638729643,13.853914166009782,2,2
2026-05-03,Layer2,0.4460010294050073,14.935039127394639,0.16207667079776633,51.79065119902263,-0.007409053452095207,-0.014965862226948836,0.599918989047603,0.8006012950385668,14.020212778720838,2,2
2026-05-04,Layer2,,,,51.92893414424598,-0.005927242761676164,,0.6026309728753798,0.7851314003558533,14.253546061833612,2,2
2026-05-05,Layer2,0.5110352753067248,14.718293848426773,0.20322300752520217,49.16826553526316,0.0012722232269465582,0.23224014288972905,0.33921904120845825,1.0232268798326223,14.991185119350636,2,2
2026-05-06,Layer2,1.032114188396577,17.226971025910206,0.3269188662522927,57.21645316540534,0.012864660090249821,0.9702930698930999,1.0742702037611735,1.4839114251990682,16.764041584791915,2,2
2026-05-07,Layer2,0.8514519720525495,16.071119753818888,0.2787144385550125,51.57964255354807,0.016484199643679764,0.6626999555399149,0.5331613246882749,1.6743103810882853,17.613815252789223,2,2
2026-05-08,Layer2,0.983354882839728,16.829726613004457,0.30853390461040797,53.184728244418615,0.01985847117542806,0.8313553214754329,0.675184613288625,1.857272976569526,18.797589629227755,2,2
2026-05-09,Layer2,1.3105487936577835,17.468219502934865,0.44128619091165255,53.33120991718162,0.029425799218892996,1.590772837072758,0.6783078095692254,2.2481904494353238,21.07749989018515,2,2
2026-05-10,Layer2,0.41452793660084986,16.013742329142428,0.18807508665130881,47.239520091810554,0.017674930705728946,0.04549797285705076,0.08911757119647111,1.9173294621131602,20.78621854064219,2,2
2026-05-11,Layer2,0.2569542663888227,16.53608076168743,0.12542452989178285,49.526047005981894,0.005299073752785882,-0.33702541388918295,0.3088136092172574,1.5278543884109514,19.818333031826477,2,2
2026-05-12,Layer2,1.7003389639900723,19.866527520138398,0.6001955736397611,59.28477764505782,0.02746516239399848,2.4254675530728154,1.2373765168113375,2.2418053237656883,23.554355212368854,2,2
2026-05-13,Layer2,0.36776220935629067,16.481510873897435,0.19207857671068052,46.53169098991852,0.013713039521349606,0.023002219024942178,-0.012098079763338003,1.8596737995554946,22.45120741606033,2,2
2026-05-14,Layer2,1.296662529073914,18.252664795183453,0.5011101597807769,51.419069415373926,0.023904478723263994,1.7821789686206753,0.46615627218985883,2.175412058207894,24.513196806448626,2,2
2026-05-15,Layer2,0.06024387459087299,16.50603289723817,0.07121263926555635,46.379846162088214,0.0013578144260300955,-0.7050514693072624,-0.03632053153043071,1.532240677338928,21.716430422121217,2,2
2026-05-16,Layer2,0.9560871190405564,19.86328846099339,0.294570554494001,59.213221567799614,0.0011596155486645332,0.5913491408949547,1.2267585871383004,1.4879342379460596,21.62090267180215,2,2
2026-05-17,Layer2,0.24846628697924558,17.28436708692305,0.18214085737480226,49.595808135376515,-0.006452432209930595,-0.06853076630939126,0.26009586261830786,1.2196962671943752,20.274141345998085,2,2
2026-05-18,Layer2,0.08616598305084455,16.892508364112533,0.14221053444365547,48.84789470011601,-0.013670853608218216,-0.30235420457665546,0.18274236660660798,0.9290010650088938,18.70322840519804,2,2
2026-05-19,Layer2,-0.02317094792723294,16.576900665890147,0.12287702928279276,48.49381543519892,-0.018918556619220688,-0.41365824002100976,0.1452872449745874,0.6624097882080155,17.164336415620472,2,2
2026-05-20,Layer2,-0.1650370993359555,15.690414681827136,0.11303508259899515,45.81169992390687,-0.022007109955616864,-0.46794861595131615,-0.12975470029311084,0.4345807744209883,15.829925861705053,2,2
2026-05-21,Layer2,-0.16767003664242147,15.735741815045301,0.11884608925159161,46.816582686731714,-0.02253134946721871,-0.42829624373279274,-0.02513922257346809,0.2708773992344961,14.718532410028306,2,2
2026-05-22,Layer2,-0.5282407155110561,14.62968992398767,0.005771953496781764,44.16465908056469,-0.02895646379900265,-1.0983802990838802,-0.30032862784645326,-0.08911218318450122,12.61798320421705,2,2
2026-05-23,Layer2,,,,41.15332548618115,-0.02316517103920212,,-0.6114005506741398,-0.07636025559852717,12.61798320421705,2,2
2026-03-24,Legacy L1,,,0.14212609831988812,,0.0,,,,19.803916725563646,1,1
2026-03-25,Legacy L1,,27.31947974469634,0.19462856367629158,100.0,0.003350584683713498,,,,20.216333162644304,1,1
2026-03-26,Legacy L1,,28.207121377783476,0.4298167185200999,100.0,0.020276545005625105,,,,24.272028594886756,1,1
2026-03-27,Legacy L1,,21.501892680363824,0.3157100008757785,71.60092740871455,0.022486603876658674,,,,25.347167784885546,1,1
2026-03-28,Legacy L1,,13.092461772111552,0.007792893797159195,40.53610888973279,0.002937388078604544,,,,21.79927178295921,1,1
2026-03-29,Legacy L1,,,,40.53610888973279,0.0023499104628836344,,,,21.39162565761718,1,1
2026-03-30,Legacy L1,,15.881694135919695,0.8956877544511109,40.53610888973279,0.056596302082859797,,,,35.33249698548607,1,1
2026-03-31,Legacy L1,,14.59450638408474,0.6619013486345454,30.49182414352444,0.06296517876097796,,,,41.4794699758008,1,1
2026-04-01,Legacy L1,,14.328285474409041,0.5320086262694715,26.80196969766331,0.05497722032406993,,,,44.359057208902286,1,1
2026-04-02,Legacy L1,,13.999409823873574,0.4391497785511427,24.667954815233287,0.04064752891212256,,,,45.16236169474046,1,1
2026-04-03,Legacy L1,,13.141789920212094,0.30857485894156617,22.18418838272035,0.020594552696692303,,,,44.15037112388475,1,1
2026-04-04,Legacy L1,,19.27381748465416,0.7331815045978873,41.37813425392072,0.03338899393253407,,,,51.26382950335884,1,1
2026-04-05,Legacy L1,,11.63640276351024,-0.5111175767898559,24.017578441830366,-0.040480910587728916,,,,34.77534414927892,1,1
2026-04-06,Legacy L1,,16.956972941824255,0.4788301660442336,43.03292126739756,-0.022121288703806488,,,,38.137948350111074,1,1
2026-04-07,Legacy L1,,16.785712557685713,0.39253958100862796,42.11422699948907,-0.015549025073620694,,,,40.141021436830435,1,1
2026-04-08,Legacy L1,,15.916978495576835,0.26017752985740084,40.024507333811805,-0.01961411212021117,,,,39.330381778126494,1,1
2026-04-09,Legacy L1,,14.483365799883869,0.2030347601566464,35.86793333607598,-0.025288362565795218,,,,38.241963459814656,1,1
2026-04-10,Legacy L1,,15.906327807200384,0.409499802058842,40.1625775101139,-0.014793279876396802,,,,41.18121202939077,1,1
2026-04-11,Legacy L1,,16.252172065819842,0.2747156652033329,41.962589579994926,-0.016457750497711268,,,,41.20853093986382,1,1
2026-04-12,Legacy L1,,17.473074805086043,0.4586244974076748,44.600050401767454,-0.005280587961150621,,,-0.36465917517382723,44.10722533980534,1,1
2026-04-13,Legacy L1,0.061053353311052605,17.44533616031708,0.39446289149485525,43.903977863330624,-0.0024597041693070476,0.15004725524453152,-0.03775095547934664,-0.2989747206696875,45.92121707057298,1,1
2026-04-14,Legacy L1,-0.44466787782408834,16.860985821751495,0.1864957037013532,44.18145488422346,-0.01419597951250482,-0.551556208644831,-0.02435901710931707,-0.6863309357247092,43.511899553105735,1,1
2026-04-15,Legacy L1,0.33433346419458554,19.18263050009067,0.5584776296832366,50.30583376675124,0.002602187847386764,0.730948080718534,0.2597155455384628,-0.2064988713510569,48.84596614165103,1,1
2026-04-16,Legacy L1,0.49882167505370745,20.571432649514513,0.5996102535929065,51.87645630071423,0.015284642952469701,0.8442148965556221,0.32799810344589225,0.24762927456491063,54.28549392679925,1,1
2026-04-17,Legacy L1,0.5348726224361917,21.74187044401971,0.567077047753885,53.09392011868041,0.019986596146657848,0.7050396583149311,0.3792152246990807,0.5103482341754279,58.70124115490846,1,1
2026-04-18,Legacy L1,1.0358459940930271,23.300275648421756,0.8883,51.903668268571934,0.04197037926967735,1.7108387664739242,0.3123196099768715,1.3650672954503522,68.40048262121911,1,1
2026-04-19,Legacy L1,0.4034758406584339,26.29639694802968,0.4258485331024975,64.22943344742308,0.02352572274211724,0.11178780989787475,0.9124092174728845,0.9723740636202136,68.26231365454878,1,1
2026-04-20,Legacy L1,0.8999451512898441,25.297548310402284,0.7495504040613926,55.15440373668287,0.030825052387688873,1.1942773818589256,0.43472171003041404,1.3259237998012543,74.5909066499633,1,1
2026-04-21,Legacy L1,,,,57.02828215211615,0.0246600419101511,,0.5209305124740687,1.264549854913776,74.8255994528328,1,1
2026-04-22,Legacy L1,-0.15655540015685054,25.655828572360676,0.16820354776028545,60.16370305324694,-0.014311588868690259,-0.8093873739223273,0.6703103303861646,0.09175272889163161,68.93568364697883,1,1
2026-04-23,Legacy L1,-0.06418902390618089,26.613165366585818,0.31477006012694286,63.87897873116351,-0.024177594421453674,-0.28943167886883125,0.8445408507092589,-0.34761477002813423,67.73611250440801,1,1
2026-04-24,Legacy L1,-0.08040866994770261,26.252285799557455,0.37921088599798386,61.700473572639346,-0.025584817164796998,-0.05843238440190049,0.709479755825495,-0.5578742035202079,68.19804606874068,1,1
2026-04-25,Legacy L1,-1.289543007891702,21.10585184814885,-0.30046930255773235,50.10624864631655,-0.06904622154027013,-2.258623969778772,0.07828139955598948,-2.1018154834840557,56.41682290033704,1,1
2026-04-26,Legacy L1,-1.2986474700075492,19.393022360275797,-0.18246158835066528,48.94596979514421,-0.08552410488851052,-1.7395213838860162,0.013991336499248946,-2.7060119920380794,48.870402900023585,1,1
2026-04-27,Legacy L1,-0.3369419541450043,22.116476686043935,0.3368324593898638,57.96168327289324,-0.05842135907817773,-0.05946234291155898,0.5103234770685643,-2.191735444571026,51.5760125071631,1,1
2026-04-28,Legacy L1,-0.9425588217145708,20.455403221311027,-0.011917681162819846,55.582505531562624,-0.060687288021490086,-1.1625037748329723,0.3693011631490039,-2.337556819828247,47.10569891512502,1,1
2026-04-29,Legacy L1,-0.28624797159420046,20.83555912198689,0.3405218220349075,55.32796911219507,-0.03635554603266168,-0.011658764990465255,0.34922408165167684,-1.8863225922321858,49.66855981947964,1,1
2026-04-30,Legacy L1,-0.44633942916499636,19.842811903446748,0.19108104276694354,52.455822238123,-0.02857437480716326,-0.49819173759245966,0.17952216057185488,-1.7673048231303718,48.74211890456229,1,1
2026-05-01,Legacy L1,0.6671808344407854,24.280177139733592,0.9155349858247674,61.04163220719297,0.024260363829906713,1.811896711722746,0.6731172037755034,-0.6022298519174756,61.10675448605756,1,1
2026-05-02,Legacy L1,-0.4709914832377615,20.567128678567634,0.19462877022610564,48.781766508706994,0.010269318406163127,-0.5112899872917217,-0.055075697704265715,-0.8107727641678333,58.53654585575517,1,1
2026-05-03,Legacy L1,-0.6623594002414481,20.655846839924003,0.03813713552737608,52.249391948316806,-0.008877185992362605,-0.9961075725068615,0.1519153245553357,-1.1974775181542479,53.642169815540925,1,1
2026-05-04,Legacy L1,-0.5893836918216322,19.75832441745558,0.16481615110441214,49.958762204613535,-0.012159818534900255,-0.5727064108538343,0.011999227769630243,-1.2797572671610526,51.48028012671831,1,1
2026-05-05,Legacy L1,-0.7910176762359404,18.737601383962733,0.03585887819707901,48.43789775884377,-0.021613598542172555,-0.9736116470003664,-0.08101928433963478,-1.5087745723465613,47.49557940796145,1,1
2026-05-06,Legacy L1,-0.09744588719520816,20.34835189661521,0.38251984876561906,52.338284037818624,-0.004037644524984795,0.16693468601824366,0.16107059405659688,-1.1578023832136985,50.55572007763497,1,1
2026-05-07,Legacy L1,0.007106787717150606,20.562215652040486,0.4229920913359787,51.20873241225278,0.010027615873757705,0.29816885322901276,0.08856581148385562,-0.8245701502369412,53.8936050658167,1,1
2026-05-08,Legacy L1,-0.011790201840813225,20.68372950831452,0.3773584009857848,49.97922229551625,0.01563718288926873,0.1426239433728422,0.009721055391661846,-0.6318381398974566,56.71938742200341,1,1
2026-05-09,Legacy L1,0.3506008303546454,24.09127115443424,0.49360710372477773,60.195011962848795,0.025948138171133187,0.5315761774044562,0.6610195741771592,-0.3032268615737841,61.3117865568689,1,1
2026-05-10,Legacy L1,0.12490004627098247,23.704218666250387,0.3332802874570506,56.550342592700495,0.020955770675573204,-0.019685262221145746,0.4181935274990423,-0.29506965781907085,63.84130225755682,1,1
2026-05-11,Legacy L1,-0.2957832524563998,21.915683860675628,0.2650650762532046,48.970538565777986,0.012463870096752237,-0.254103806448219,-0.07956320913726359,-0.39649485972861964,64.47848592531611,1,1
2026-05-12,Legacy L1,0.48945312840974153,25.447125252248657,0.5760557219621028,58.52650257941854,0.026395313652122068,0.8241135171146938,0.5484196960691347,0.012244488244838753,70.29666115734194,1,1
2026-05-13,Legacy L1,0.1925273886002575,23.854737411309674,0.40633257982967425,51.00775989369609,0.022912774442636518,0.22326166336334444,0.04442346349345835,0.05687383311108894,71.81122899641525,1,1
2026-05-14,Legacy L1,0.37722424348248296,25.405606495461157,0.4869474042863026,54.62815570352104,0.024621810005877716,0.504013869523827,0.286366516545002,0.2145680187304533,75.14294004720782,1,1
2026-05-15,Legacy L1,0.07230626881561045,22.11033672851405,0.42595578537508844,40.335645302001495,0.020402123108127106,0.2821364428028824,-0.680049534830751,0.23035854117802146,76.67510640009884,1,1
2026-05-16,Legacy L1,0.37207946813143244,26.460988168515225,0.4394828648126995,56.70637321687751,0.01739673946401638,0.32764882227965886,0.4389338919952667,0.25566787330611485,78.06807787298176,1,1
2026-05-17,Legacy L1,-1.488922823253915,18.87359550687641,-0.5235419099992141,39.33007295608005,-0.04705090387214032,-2.891435866684253,-0.7523141031966499,-1.3031700020762287,60.74580123592824,1,1
2026-05-18,Legacy L1,-0.9710906142517758,19.647183775343876,-0.052231797604355965,46.354215073083445,-0.05498777312948061,-1.2690898204058343,-0.26177065738457084,-1.6910104901196472,54.65353508709925,1,1
2026-05-19,Legacy L1,-0.13782538833265806,22.057071637760252,0.34292424274841327,54.73443145695054,-0.0318233668984008,0.05555071727136915,0.32235860318563725,-1.3464044430445044,56.52772841284487,1,1
2026-05-20,Legacy L1,-0.7497340249238855,19.138342739911778,0.11297034660726785,45.688847993189746,-0.030200124060894763,-0.7130672232315101,-0.3137828657984216,-1.4271018507482212,53.686535039161285,1,1
2026-05-21,Legacy L1,-0.7162897259802833,18.697901976958846,0.14390921401910484,45.52271843531034,-0.025445159320143247,-0.6006380371808387,-0.322547762192081,-1.4212029670763324,51.510872327635504,1,1
2026-05-22,Legacy L1,-0.8077997174139679,17.86038150720514,0.07570345755819498,45.1953952916872,-0.02524573868141236,-0.8217728378727418,-0.3428023906631646,-1.4998242679327687,47.86748521478402,1,1
2026-05-23,Legacy L1,,,,43.087883247071005,-0.02019659094512989,,-0.4901985731055164,-1.45539171821345,47.86748521478402,1,1
2026-03-24,Lending,,,0.32044386054308777,,0.0,,,,100.0,1,1
2026-03-25,Lending,,14.505769949837015,0.1300416463429162,0.0,-0.012151024495965368,,,,96.60222260795433,1,1
2026-03-26,Lending,,13.431541859055812,-0.03282279979757788,0.0,-0.02949600829179702,,,,90.82471367797059,1,1
2026-03-27,Lending,,21.62405555998577,0.15187095278288085,34.33222001923373,-0.02693963278889506,,,,88.28001035477455,1,1
2026-03-28,Lending,,19.318175175364853,0.03482402204694808,28.197203339625304,-0.03123846487456306,,,,84.25932719256033,1,1
2026-03-29,Lending,,21.82847672716557,0.15610886219454784,39.415390121337836,-0.024327680776237662,,,,82.43431559664602,1,1
2026-03-30,Lending,,20.974118818987876,0.12036911703356011,37.680611046638276,-0.02071869563296077,,,,79.99008117017829,1,1
2026-03-31,Lending,,18.832800829032152,-0.01240717658686918,32.38525929532575,-0.02551382680231084,,,,75.57318707156627,1,1
2026-04-01,Lending,,18.097466910240826,-0.015624404799853803,32.27535637046026,-0.02699881850924865,,,,71.51786665787584,1,1
2026-04-02,Lending,,22.485529163142928,0.2946418438600169,48.97472038104655,-0.006263914301947962,,,,72.59172924034264,1,1
2026-04-03,Lending,,18.639611433783095,-0.07924306079496107,37.75601487208442,-0.0163356193228322,,,,67.8111024572191,1,1
2026-04-04,Lending,,16.044212872021383,-0.2968512803630787,33.3144068163174,-0.035177889632640874,,,,60.24315910629489,1,1
2026-04-05,Lending,,16.805795561398774,-0.10678153160780204,39.528042882968286,-0.032432404351887614,,,,56.375844633782165,1,1
2026-04-06,Lending,,17.961869200123996,0.10320767302906926,45.17219396013965,-0.014954921817610128,,,,55.71555499634934,1,1
2026-04-07,Lending,,16.660701581264618,-0.03064686897004745,42.635588012462314,-0.011069126662385118,,,,52.93465017953491,1,1
2026-04-08,Lending,,18.049823280077188,0.08838479172863066,49.09924416351104,0.00025779780199323976,,,,51.93617620369224,1,1
2026-04-09,Lending,,19.643713924453536,0.19881333119256808,55.12493839203842,0.015105283189361315,,,,52.60506426068175,1,1
2026-04-10,Lending,,15.581963237320089,-0.18271223313484342,43.190459514922495,-4.873136500151143e-05,,,,47.262348308352614,1,1
2026-04-11,Lending,,18.47630973076161,0.2169154439128362,53.32367992288295,0.016638779643352267,,,,48.77396968790888,1,1
2026-04-12,Lending,,15.152244858199168,-0.19065729815952312,44.269450014954685,0.0008575869743282227,-1.4217884455011998,,-0.2481308374380845,43.35374786462868,1,1
2026-04-13,Lending,1.1425629365594931,18.36605836102681,0.36581125489437993,53.46051766164021,0.027073824725064116,1.7526777013301804,1.0688023744710615,0.985042252597894,47.781202616464654,1,1
2026-04-14,Lending,1.1517986497800536,18.967455827383034,0.2929056344166994,54.378562309494235,0.03801204358932173,1.2548963542443905,1.0706953044047074,1.6224471777176033,50.01795542747991,1,1
2026-04-15,Lending,0.14603591853192427,17.080383871788385,-0.060161766197746505,49.41952722506033,0.020834989256819904,-0.7036748979145523,0.7147716506777354,1.1185692237547433,46.89800003869367,1,1
2026-04-16,Lending,0.8550593827002771,17.417690210821657,0.20242710592477114,48.78300464492496,0.026178533825553067,0.76136735838417,0.651119798210964,1.450721631319092,48.95678865876348,1,1
2026-04-17,Lending,-0.13567916536616703,16.807900951807085,-0.1614392067525246,48.912347898131095,0.005318863498647318,-1.252727905617799,0.6406205433554993,0.7277482637020888,45.183626041210516,1,1
2026-04-18,Lending,-0.1397121446245524,17.147604505846992,-0.13363223411777722,52.274003721742396,-0.005887424614112104,-1.0502543026038504,0.8429511147130304,0.2635767276198954,41.62532766943125,1,1
2026-04-19,Lending,-0.6739856929443865,14.817978309717697,-0.3034605589112407,47.244281757737944,-0.023054911969930418,-1.8336304775990009,0.48154367133160186,-0.5679573838510267,35.45223840882752,1,1
2026-04-20,Lending,-1.1867994989706472,12.04266059896798,-0.4698230418563474,41.8717554817696,-0.04278508673072526,-2.369509953958869,0.10010311259391555,-1.5917185851484708,26.930214245166685,1,1
2026-04-21,Lending,-0.3340562515726103,13.42767578681485,-0.14119672225903457,48.51399784949331,-0.03140067108457262,-0.7629657960528033,0.5650669616536856,-1.3871467118307668,24.47963894137626,1,1
2026-04-22,Lending,-0.34218505618268635,12.587792827958618,-0.15369476637724735,46.65004236487083,-0.02280921432366466,-0.8009992659703137,0.42049871981063186,-1.2291954866489976,21.83763840977187,1,1
2026-04-23,Lending,-0.1220394362876743,12.470874351230805,-0.06599107650605512,46.31237710181085,-0.009972081056582704,-0.3656372912983736,0.38803072681895984,-0.8415613676127833,20.264424059347952,1,1
2026-04-24,Lending,0.07491685601830379,13.824741047983665,-0.06006417490225186,51.90752385846399,-0.0003428589379345648,-0.3305153463380142,0.7873289592964313,-0.4948605225712649,18.627065152862496,1,1
2026-04-25,Lending,0.15833849602085326,12.492595667435207,-0.006373937665569009,46.108466472642306,0.00981985282654911,-0.05942028520694197,0.34277617753751943,-0.043164921194224395,18.236612100241906,1,1
2026-04-26,Lending,0.640280027502614,15.250427855909447,0.09055514175718915,55.49614721269652,0.02252121988540364,0.4286596390554636,1.0293079929303084,0.6100878814015094,19.73249261247899,1,1
2026-04-27,Lending,0.5048056955844265,12.454050175418097,0.08192541278733359,42.939673504406564,0.02936009328891856,0.37780172236456566,0.0663585502897093,1.0938306065202201,20.810749345617673,1,1
2026-04-28,Lending,0.7566126807635042,13.626907373437717,0.1315912296520546,45.94114327590959,0.03581933215472405,0.6259274323651443,0.2952793966691507,1.5738927787848986,22.23413215099005,1,1
2026-04-29,Lending,0.756832437276805,15.445986736486201,0.03780342017363822,52.83478748281005,0.0324655046694271,0.12809069033566148,0.8193148837448616,1.6524010174867407,21.701922095935878,1,1
2026-04-30,Lending,0.1821074414865553,12.667945193710334,-0.04019365719806714,42.139642065448484,0.024070582665445588,-0.28616287388961376,-0.027567520661776295,1.500343645810582,19.942266517699007,1,1
2026-05-01,Lending,1.2670243460596582,18.385048790731766,0.1961959128950003,62.62976750776275,0.03296463561257863,0.9724875353647289,1.5440088673725756,1.9502493896882702,21.84257353524462,1,1
2026-05-02,Lending,1.9834385448848788,21.238771240925292,0.4942785523345191,68.62001621629982,0.05609081665056182,2.3645616121189184,1.8915692838421247,2.7898514070744382,27.936953204399185,1,1
2026-05-03,Lending,0.9951941585081446,19.507821033131123,0.12564342423859634,61.382524271765945,0.04424889456254444,0.48328654312843355,1.2967567376056284,2.5043879240517826,27.372332543206802,1,1
2026-05-04,Lending,0.7911242764829307,19.911780068628588,0.03444420782908797,63.93187215431777,0.028714875565196696,0.014999744532380711,1.4312648816159064,2.1185746509193795,25.189794579382824,1,1
2026-05-05,Lending,0.5555834464846888,17.70971418543619,0.0298005192675783,55.754465650447955,0.017139365265403172,-0.009027266107804839,0.8096089379755074,1.826473834885991,23.31749937122661,1,1
2026-05-06,Lending,1.0363560974324622,18.930590178165133,0.16287146506151184,59.853578923473066,0.017401341063409455,0.6793938121487212,1.0856112887878935,1.8426956019379463,23.794482331995518,1,1
2026-05-07,Lending,-0.26429336080797955,14.046176874662244,-0.24879639407098297,45.26488548713941,-0.009734528484367969,-1.4464763048841676,0.0040153924172858756,1.0864105308793448,17.60838149593463,1,1
2026-05-08,Lending,0.21220315902696782,15.332938029762742,-0.0015027397385352975,51.34829645861182,-0.010544758294228301,-0.15344026810726133,0.4542345412417477,0.9800849843482039,16.24110759496969,1,1
2026-05-09,Lending,0.6195975530713747,15.748904808398873,0.10094474376847612,52.41660878149916,-0.004031824141157574,0.3827509528111125,0.5277096763886044,1.0891774012764466,16.660789150863536,1,1
2026-05-10,Lending,-0.5042102835967448,12.505557478082162,-0.2720905060949939,42.73705217050039,-0.023605299346370415,-1.5468937252624806,-0.20864402573460314,0.45826528167932296,11.85290575231256,1,1
2026-05-11,Lending,1.208534393841303,17.08634884927504,0.4201974310901782,55.31840111837423,0.009537081614571206,1.9756223106373767,0.7491822463831173,1.2999978956714084,18.278644536952818,1,1
2026-05-12,Lending,0.12839580763398245,14.91298037903246,-0.024479384644830536,47.817325517165976,0.0014031902569058372,-0.2783721226935005,0.1663048323503257,1.0844381829351801,16.578006990746736,1,1
2026-05-13,Lending,0.25012025949047223,15.481915355452173,0.036187442539232104,49.97718895105392,7.117565157430767e-05,0.03217257648448105,0.33167795320864896,1.0307216812488378,15.93237108262441,1,1
2026-05-14,Lending,0.7110475521215371,16.500131393176076,0.1467854699937144,52.61531578153827,0.006258602356179215,0.5967650726892878,0.5333001372574244,1.1916711530841189,17.19230222475192,1,1
2026-05-15,Lending,0.8575987299724983,16.450465619300548,0.22988210098208134,50.49228630640667,0.015065374571027313,1.009788108693592,0.3604675762556304,1.4531523668590105,19.080992425867485,1,1
2026-05-16,Lending,-0.4341135259802188,12.79997061232261,-0.2313405736330802,39.87849636217887,-0.009719287235992316,-1.3544923198476122,-0.4855863676655426,0.7854088410082091,13.457759597659967,1,1
2026-05-17,Lending,0.5072292547969187,15.435273706028838,0.10091129646817637,49.65147942072428,-0.0035993122228557377,0.35730717803194856,0.3014632401476016,0.8965971066187659,13.370175045319431,1,1
2026-05-18,Lending,1.0034007921013246,17.08583909720391,0.30156816301367867,53.651612367242436,0.013180389087494623,1.3652708997947678,0.6197785097958308,1.3474696594228566,16.20795182796241,1,1
2026-05-19,Lending,0.7913251770064124,16.79161090170297,0.17623185051272622,51.9377891702393,0.01492761677780512,0.7088238769721976,0.47401284648516645,1.4385075564199414,16.638503924288642,1,1
2026-05-20,Lending,0.4135808894564016,16.124284882710292,0.109549772139932,49.281750565861,0.010870341804691142,0.3595884118401976,0.25228160188315096,1.3710717375429946,15.974188750978943,1,1
2026-05-21,Lending,0.44919178068818677,17.457598270328397,0.07840130462102479,54.91081243170467,0.005630502396349914,0.195131816011481,0.7117891532585878,1.2523526758040837,14.79196615086343,1,1
2026-05-22,Lending,0.9029917367027938,17.513738575860806,0.23217171760673277,53.60845100209904,0.011712393445985285,0.9885978369076096,0.5959320931330395,1.426113453624551,16.148756756477162,1,1
2026-05-23,Lending,,,,52.09264704808074,0.009369914756788226,,0.4637022935709495,1.3959037171542286,16.148756756477162,1,1
2026-03-24,Macro,,,0.035824928857116335,,0.0,,,,34.683950803088564,1,1
2026-03-25,Macro,,29.269496858137252,0.08348992750296287,100.0,0.0030418688594500364,,,,37.371892775510716,1,1
2026-03-26,Macro,,21.501652093982234,0.06134009402118681,68.27345593084601,0.0033685098765035516,,,,38.19287305916616,1,1
2026-03-27,Macro,,9.984313937012699,-0.0504847189500435,26.241517164331626,-0.0037543495865170013,,,,31.470967489845133,1,1
2026-03-28,Macro,,12.135939726303357,-0.0193899498664665,37.02257955399885,-0.0060436688039529965,,,,27.74640429872884,1,1
2026-03-29,Macro,,11.640547441973942,-0.01954191701992832,36.99615129685375,-0.0071637277052553185,,,,24.295701831708037,1,1
2026-03-30,Macro,,13.788935544629016,0.01602481291036392,46.015321392868515,-0.005196390167316426,,,,23.2449982084872,1,1
2026-03-31,Macro,,13.127272010326289,0.006022068118130691,44.234438872174465,-0.004293357232556242,,,,21.64558970785352,1,1
2026-04-01,Macro,,15.078223486480008,0.04345520213260929,51.28938107389753,-0.001067715886521165,,,,22.447537846443044,1,1
2026-04-02,Macro,,14.082356631883343,0.02141099345723489,47.73318177267578,-0.0003486735542469442,,,,21.63415801262217,1,1
2026-04-03,Macro,,10.53773399072331,-0.0646296991827821,37.56669302381418,-0.005321723711732923,,,,15.432808747842643,1,1
2026-04-04,Macro,,10.031655636197788,-0.05668051320030127,38.77151498189134,-0.00759142789980626,,,,10.394999928715853,1,1
2026-04-05,Macro,,11.62187705619498,-0.0028557274399938076,45.84746819480047,-0.005102769558892446,,,,9.395548291439628,1,1
2026-04-06,Macro,,12.966643718707589,0.039627087481378324,50.37405835464636,-0.00047430919017429386,,,,10.970096218482242,1,1
2026-04-07,Macro,,14.653061392026437,0.08325494253351434,54.2972982051733,0.005326860926731295,,,,15.331466707512988,1,1
2026-04-08,Macro,,12.773620279277123,0.03933284364584291,45.971918955537916,0.005959581349782472,,,,16.305264750281136,1,1
2026-04-09,Macro,,15.98913662235019,0.11720751853885934,54.62600859441353,0.01107885185595465,,,,22.388982885931032,1,1
2026-04-10,Macro,,17.427006341866548,0.052807297839734,59.28190765586756,0.00963694201518754,,,,23.75327671492665,1,1
2026-04-11,Macro,,17.84907050154494,0.07663559057972859,58.74311611486759,0.009766771810225587,,,,26.617788628736065,1,1
2026-04-12,Macro,,16.907808524097618,0.036335468175830304,54.74101615690815,0.00676014557955723,0.22953798642270076,,1.5028577663814988,26.301636408853994,1,1
2026-04-13,Macro,0.7150548316594941,16.97323340647483,0.05888405025863588,53.71861603424533,0.005940711545548165,0.6611248714264014,0.20723506200459593,1.4593681213807477,27.881453585715168,1,1
2026-04-14,Macro,0.23103756305643605,16.525141251637258,0.029597353353414124,51.97924239423631,0.003213576801916758,0.06049024055754178,0.08999476227346749,1.1623366975004874,27.328035597926686,1,1
2026-04-15,Macro,1.0148012642916375,18.041532099098323,0.10525607172503414,54.87550860510887,0.006123739961207363,1.5210052318513243,0.27979092060068905,1.5524314190844346,31.897845255841258,1,1
2026-04-16,Macro,0.46143243489721064,17.824308027394125,0.059364623111150816,52.88560987318814,0.00464369173607533,0.5756303790317918,0.13860608533585964,1.416494849531278,33.049617458436096,1,1
2026-04-17,Macro,0.5644743842463061,20.186922763051694,0.05951609646818691,60.8567077762883,0.0034172984440748837,0.5636161021334133,0.68323719653411,1.2984698453634114,34.401306345706715,1,1
2026-04-18,Macro,0.46278850257067783,20.1652088767715,0.05375254198321008,59.69457085551549,0.0020289087402379814,0.43353024322843775,0.5837645287884382,1.1475056546276587,35.233425187884556,1,1
2026-04-19,Macro,0.7582557774460787,20.02781980143662,0.07564424583551614,57.300581044125394,0.0023720341922686752,0.8678752671868157,0.4003891170196796,1.1908092185404175,37.413001257429464,1,1
2026-04-20,Macro,0.6188682350663154,19.32105908862882,0.06911348849292608,52.938788109739576,0.0019631911766469987,0.709307872147074,0.07576193677903133,1.1485087749983252,39.018887675920794,1,1
2026-04-21,Macro,0.13957029399649368,17.915627122282775,0.05151260334608602,46.663261790411795,0.0003935169155763196,0.3251515445428724,-0.39038493552847586,0.9590727760758744,39.390955948353955,1,1
2026-04-22,Macro,0.753838281373304,20.61053050690292,0.08716726478691832,55.11727477681426,0.0015762887013327665,1.0633147550058806,0.2540564748947192,1.0846882070070045,42.298566389712995,1,1
2026-04-23,Macro,0.8049644537116212,19.8372325031643,0.10817881836178106,48.90033014153374,0.0034841558782153226,1.4420218952710446,-0.22748163292308257,1.3158016109857393,46.300468724916016,1,1
2026-04-24,Macro,-0.06852135367755675,19.227864450685935,0.027338912536794813,47.01746260067603,-0.000761378042526295,-0.2771474341307046,-0.3701850517211797,0.8304509093403475,44.53690354316682,1,1
2026-04-25,Macro,-0.045093094012826886,19.067490373085963,0.043431484886184556,46.0398004709309,-0.002453447016816719,0.07017525957237099,-0.44068200616447756,0.5770214909177227,44.24763340157314,1,1
2026-04-26,Macro,1.315867911411027,24.336185481805266,0.1554006205911511,62.127437148827035,0.0036678576103873865,2.284034495752734,0.8496775804228708,1.2701373627060366,51.53691515331341,1,1
2026-04-27,Macro,0.06304166047484597,20.922644195952795,0.04436438799101828,48.74696401145133,0.00012550312381857769,0.01484213340986478,-0.243362041642609,0.8791225149324009,50.70295606494607,1,1
2026-04-28,Macro,-0.4214154785891222,19.989532376590113,-0.0022001150325881916,47.33536497907492,-0.0051740004865737065,-0.9261740271319612,-0.35504140812209634,0.18342552781677507,46.83197296338896,1,1
2026-04-29,Macro,0.856624837453466,22.170094903198176,0.13552508063066973,52.29755011720674,0.0004756882396866474,1.8175526307222014,0.062185908939968323,0.7809428396927813,52.2165896195703,1,1
2026-04-30,Macro,1.156493619540696,24.421426013488553,0.15191455080311292,57.354318973192484,0.004947505854591982,1.9977798046142792,0.4862492829933715,1.3401059520008565,58.12831608901176,1,1
2026-05-01,Macro,0.8913924583396159,24.185593192750883,0.11604866952546751,54.25097843988261,0.0051005457892180535,1.2654316487055188,0.21517384385337565,1.4313067405056934,61.397003053735475,1,1
2026-05-02,Macro,1.49132368333411,26.742542471224933,0.19019604324768205,59.30313727837523,0.009547800683692943,2.42830546054987,0.6454923184630535,2.0031021801873825,69.2597128921719,1,1
2026-05-03,Macro,0.48167706522178555,24.81249876432831,0.09056415735642409,50.919778516277724,0.005341506134349191,0.6535647335674776,-0.09283512490685933,1.6364140727193308,69.96747010478549,1,1
2026-05-04,Macro,1.8633559737496848,29.05263760754118,0.26487719525089576,59.9997572591908,0.013402186029337876,3.2045287555226913,0.7053475079988752,2.498077389811705,82.17295587718667,1,1
2026-05-05,Macro,0.4219776349908857,26.66418671065597,0.07821551410128347,51.163116946939255,0.005661904135934558,0.29647908045411947,-0.08812094273208834,1.822786508494456,81.34669790409214,1,1
2026-05-06,Macro,0.4491812158258317,26.742889556068583,0.10441401567412689,50.757468373199444,0.001994978832464682,0.6966384663612143,-0.12359255497499838,1.4856185308830092,82.73269753583422,1,1
2026-05-07,Macro,-0.06229057378064879,25.434274995201704,0.04698083166476178,47.39553901023528,-0.004268344946042932,-0.20981155563123893,-0.42747872305071516,0.8330224586916141,80.34831848827915,1,1
2026-05-08,Macro,-0.25397741644708344,25.45562683994131,0.02775344942878731,50.01861821890542,-0.009382773770997766,-0.5103974550965471,-0.18147631112747786,0.1810276403620823,77.07501887934862,1,1
2026-05-09,Macro,-0.8536746697229441,23.435234408882078,-0.0343524448518673,46.64513130098453,-0.01622401191396758,-1.4606131055100868,-0.49200661742134105,-0.765597438409747,70.35906890301412,1,1
2026-05-10,Macro,-1.1752055017146712,20.94789827643786,-0.03878737836951616,40.76820824776268,-0.02007154788460163,-1.479065243204312,-1.0261415814235741,-1.4962559644132227,64.50970621788136,1,1
2026-05-11,Macro,0.19175197474692493,24.791400208038947,0.11881514520614148,53.38935896659347,-0.011454396057596707,0.9759821419137386,0.1679617796062405,-0.9744338720400694,69.38050051541886,1,1
2026-05-12,Macro,-0.6990312375066823,23.39716337443597,0.005657498350022225,50.33726714149902,-0.012729519384329794,-0.788589783144682,-0.12300290167169653,-1.325031307312288,66.16291161115612,1,1
2026-05-13,Macro,0.10281665902506872,23.634995757019333,0.11484328230056823,49.089994101660885,-0.005919633591500785,0.9161962618453203,-0.24112656647603917,-0.8491743025960518,70.1657463446862,1,1
2026-05-14,Macro,-0.18438295716521144,22.9361431887797,0.06608705200858872,46.32814719051444,-0.004465204506488772,0.14482047749584923,-0.5046804160961105,-0.8067712367431105,70.80219112733842,1,1
2026-05-15,Macro,-0.6999816066312314,22.284390439420807,0.01708795045767919,45.81333134654233,-0.006449037881530332,-0.6281510637526841,-0.5484343390274333,-1.096272373856102,68.08257026879285,1,1
2026-05-16,Macro,-1.0937943068350489,20.184935739601617,-0.019159119825196354,40.84950066950443,-0.009655408226377681,-1.1822689365129597,-1.0201347149119868,-1.5340716996520805,63.26790430978032,1,1
2026-05-17,Macro,-0.2968187192696813,22.071615877793967,0.05609322562866237,48.46053538265956,-0.006322318969880683,0.019595509881297813,-0.2636898217538885,-1.3478006709880046,63.718963951028876,1,1
2026-05-18,Macro,-1.2186953856112022,18.20545731808132,-0.017169806294905665,36.15414862074665,-0.008528643753561022,-1.137550972490512,-1.4503789075631295,-1.6576060736042355,59.282843624124595,1,1
2026-05-19,Macro,-0.8697812525999004,20.201004694128613,0.006961170959406094,45.8379210231308,-0.00785641011055172,-0.7394349137474192,-0.4877810226897858,-1.7035053436590613,56.92632458367193,1,1
2026-05-20,Macro,-0.5096257036795044,20.0828989366792,0.032229554776632044,45.779004868869244,-0.005324698433530837,-0.32845063296987875,-0.4883122269737587,-1.55653004300786,56.51651685663868,1,1
2026-05-21,Macro,0.7899382766609458,24.521460186235938,0.1887253180706964,57.4279669405384,0.006626542393499652,2.111238897560735,0.6706320926842702,-0.4498088136835307,66.06289412074462,1,1
2026-05-22,Macro,0.2219106608552882,23.508027604149525,0.08408418766313214,52.70940483252663,0.007175008089343457,0.45788072948027586,0.19376690072590796,-0.256518019768358,67.58469537328043,1,1
2026-05-23,Macro,,,,56.058543122814335,0.005740006471474766,,0.5281978274449857,-0.2563227139173556,67.58469537328043,1,1
2026-03-24,Meme,,,0.178354904093238,,0.0,,,,70.06825967169243,7,7
2026-03-25,Meme,,9.301624683488813,0.16831578795548854,0.0,-0.0006406729387054,,,,69.3462984240681,7,7
2026-03-26,Meme,,8.906367722716684,0.1173922692995886,0.0,-0.00425700896145238,,,,65.3769648150371,7,7
2026-03-27,Meme,,9.259427041100569,0.11878675427187009,2.236288297977765,-0.0062003432953964795,,,,63.020898778308585,7,7
2026-03-28,Meme,,12.139048395063195,0.12861776621726437,15.55033583992126,-0.006440668506505151,,,,59.971906439870324,7,7
2026-03-29,Meme,,21.53761813859176,0.18245505711242105,51.6267166316061,-0.002777924845283073,,,,61.251913782968884,7,7
2026-03-30,Meme,,19.795559587357626,0.1660964292158526,45.695278075712984,-0.0013342283991952964,,,,59.18194082886579,7,7
2026-03-31,Meme,,17.639403924580435,0.13702906907642326,37.94823709470966,-0.002165069336179583,,,,56.993225282654976,7,7
2026-04-01,Meme,,20.69335268564237,0.18320636789070582,51.11461943821149,0.00042888079520292995,,,,54.517854793013974,7,7
2026-04-02,Meme,,16.941450122248106,0.10420037866693546,37.500699386121894,-0.002956438030865511,,,,51.9516094192184,7,7
2026-04-03,Meme,,13.90795101232078,0.024436352595485433,29.553789455693163,-0.009953620615346749,,,,45.84631764749631,7,7
2026-04-04,Meme,,15.44914277703139,0.08078858372288954,38.727197589652285,-0.010138537699969714,,,,41.090996346275475,7,7
2026-04-05,Meme,,16.974326132772326,0.14568574583065858,46.71764474919379,-0.005475539774774897,,,,38.40235553562855,7,7
2026-04-06,Meme,,14.715970668432067,0.08048573941334666,41.30589936819602,-0.006308422199453788,,,,33.805153799847645,7,7
2026-04-07,Meme,,16.28161374864902,0.12845085703995945,45.91495046118047,-0.0033060428691886693,,,,37.42045909843686,7,7
2026-04-08,Meme,,19.369870683420135,0.25506354510362483,55.962972897200814,0.0069694538926893534,,,,40.997885974331346,7,7
2026-04-09,Meme,,17.669741119490226,0.12142245225200192,50.24874466867186,0.004640268144367066,,,,39.23164316773211,7,7
2026-04-10,Meme,,16.91061164872822,0.10629580949248764,49.241903940718544,0.00208555058143735,,,,36.213376410553636,7,7
2026-04-11,Meme,,15.751315696611043,0.08316807853425488,47.285397105467275,-0.0009919675859715177,,,,31.603941672212187,7,7
2026-04-12,Meme,,15.37418122177404,0.12334958587918697,46.41122723036918,-0.00019332987487726862,-0.1685436593276697,,-0.2884729167845877,30.215922223505423,7,7
2026-04-13,Meme,-0.16391530015765454,15.411817871709125,0.11140213903933341,46.66118053242915,-0.00033336609669682403,-0.3991996244344274,0.539131958902781,-0.31566425911368867,29.45208063233909,7,7
2026-04-14,Meme,1.2920317231036345,18.476664385764842,0.2444457248061977,55.818619007640564,0.008199344759854751,2.045462268043623,0.9981836036028645,1.3111555483407193,34.73125157540129,7,7
2026-04-15,Meme,0.31753592854196455,16.240205196533843,0.13468938948349082,47.54125693922717,0.006207054959046892,-0.02203717625091865,0.5221928475462491,1.1745716885471298,34.15613440743814,7,7
2026-04-16,Meme,0.9432552528509235,18.726634099676843,0.17907663496990242,53.93256484270316,0.00754527385873132,0.8050649988092761,0.8506169674659908,1.555036230420825,40.252543742371216,7,7
2026-04-17,Meme,1.0770485122914946,20.513351043950372,0.18282415244705436,59.04054081760922,0.008290109738073065,0.8473552312760536,1.0881451281124004,1.80209569819677,42.48261648802693,7,7
2026-04-18,Meme,0.35001264357385964,18.98525454547067,0.12689003696909587,52.632659199806874,0.004796341883397105,-0.2403013750515641,0.7033830943067095,1.3859470030041365,41.842102894409905,7,7
2026-04-19,Meme,1.0743493338392984,19.511982202480418,0.2001593899994762,53.08129626540009,0.007063580091747404,1.1638480235995174,0.7079839209410891,1.7911825328041684,43.44096858994851,7,7
2026-04-20,Meme,1.3296438071366765,20.96837942490422,0.2210151269904036,58.3688683701335,0.009461839062134693,1.4816663161108012,0.9763595143056318,2.162310647413744,42.836790222979644,7,7
2026-04-21,Meme,0.673330081090892,19.69456742933729,0.16892010716458697,52.39824595021702,0.007139386290779065,0.46851498192091084,0.6155967965489538,1.9157205919889855,43.48314625271888,7,7
2026-04-22,Meme,1.1801920419662577,19.535830223819662,0.22667164169167364,48.16794484387746,0.008973708038745108,1.5057148857585816,0.3610696945903348,2.1512095108613374,47.871874742466225,7,7
2026-04-23,Meme,0.5625227393794705,20.742346017634716,0.1596063733244815,52.69550415908199,0.005331287686498504,0.22394459170888437,0.6157219885545369,1.7665592982849327,47.17038304206356,7,7
2026-04-24,Meme,0.49974850711601737,21.592934647456005,0.15914247431318362,53.809447903931364,0.002685285897948155,0.21152814493401317,0.6667490890529992,1.4792010376158795,49.44474994878157,7,7
2026-04-25,Meme,0.5960257235090725,22.562733924542137,0.17424682699812244,56.64223751476751,0.0017899368905939777,0.4991015517068389,0.8165106304476378,1.3688495474543276,50.284465173835315,7,7
2026-04-26,Meme,1.4379893737361513,24.323123897165694,0.2630737402821937,59.51477516653986,0.006739520765024862,2.0784692578566966,0.9622303031049841,1.8929102967853104,55.19631357960306,7,7
2026-04-27,Meme,0.33382463605181756,22.368985538550504,0.1451667511752791,52.00930111986657,0.0018844945555044224,-0.13632595821726842,0.4953214732943385,1.4053217818019117,53.68095417420369,7,7
2026-04-28,Meme,-0.09853953453332545,19.137530772232438,0.12089104423093579,41.5540110822162,-0.00289032826773946,-0.5883077481699913,-0.14760376769744474,0.861613889324204,49.50448878239159,7,7
2026-04-29,Meme,1.1397516575727271,23.82014614860642,0.24349482384887194,57.30936931834946,0.0020155162780701556,1.6776179695016475,0.8191625319636201,1.3245386454791803,53.430067132066085,7,7
2026-04-30,Meme,0.2641221086619594,22.07443738442506,0.15969837682834487,48.76366330308745,-0.0004447309373030086,0.1066801518005212,0.2776977510108108,1.0518030734562809,56.756572347693705,7,7
2026-05-01,Meme,0.10358573377321675,21.83196027032996,0.14766268527107798,47.78016782358893,-0.002812314140056397,-0.12027094188926672,0.2121348414285402,0.7477614886265538,56.32533116790248,7,7
2026-05-02,Meme,0.8517986541161068,24.502517165590618,0.2132897064363174,55.38867852079022,-3.5041986675391976e-05,1.1097595467168786,0.6899477492551996,0.9844280064862885,61.42678991543001,7,7
2026-05-03,Meme,0.14222970733293483,22.20201352607573,0.1579653144726152,47.30813370912692,-0.0018974201175438786,0.04860215206534298,0.1626843361527692,0.7488466039646603,58.82660904678742,7,7
2026-05-04,Meme,1.068981505450944,23.992319303872275,0.25348674595435106,51.8914071369857,0.003060740430632999,1.802805099871072,0.4575722124004827,1.2526983512956729,63.04308256798125,7,7
2026-05-05,Meme,-0.13751894143859184,22.748164176227572,0.11654590896309955,47.22372029092774,-0.0028082074281299794,-0.762800973668793,0.14550423511794103,0.6224095674165615,62.39860592839342,7,7
2026-05-06,Meme,0.7122549236509753,23.854097384584726,0.21542239002083408,49.42860607820438,-0.00010000633727968739,1.0814297660516121,0.290214155117935,0.8600165404214195,65.69111712843569,7,7
2026-05-07,Meme,-0.36995974286069566,22.820519453557978,0.0970672832186126,46.98071048647604,-0.006020767338024567,-1.124574483332098,0.12227178933626816,0.15034900035356746,63.84594983037793,7,7
2026-05-08,Meme,-0.2737186369716562,22.467320474319813,0.12473782528028199,48.38151474357061,-0.007706880217161686,-0.5948597839657755,0.2161797578215775,-0.19577743177590068,60.08843192514138,7,7
2026-05-09,Meme,-0.5450289174938745,21.47009939831665,0.10102123795905786,46.58296324933438,-0.009912249877704057,-1.0215408926877705,0.09004690574038138,-0.6424401316385674,56.285571257704326,7,7
2026-05-10,Meme,0.14712049162241533,21.815196275968773,0.17825106091229873,45.998480372264545,-0.005862714410340428,0.43619912072122397,0.048406924778605816,-0.38439744590032465,59.09038802996584,7,7
2026-05-11,Meme,0.964155101420933,25.21406374319671,0.25966543140605225,55.59409803046702,0.0021754014330219885,1.895269437945206,0.7194703965734532,0.45939389709538425,65.22286038232214,7,7
2026-05-12,Meme,-0.536782829733388,23.595563035055207,0.08120494186803011,48.31491965415114,-0.004297453762522495,-1.375230921545718,0.1969014776689652,-0.29073680329318535,66.79461611561217,7,7
2026-05-13,Meme,-1.1946749031246129,21.21979900329746,0.025663049513966606,40.19227399745714,-0.011672014237356997,-2.2473904962532782,-0.38536882603912676,-1.292345165341721,64.61628273468722,7,7
2026-05-14,Meme,-0.5953878970473561,22.65955622927318,0.11403887769658143,47.95265499165461,-0.01001406387827521,-0.6835910767855216,0.1783052390145377,-1.3392093088171413,61.11120047844223,7,7
2026-05-15,Meme,0.0012447404479214302,23.508387101001045,0.16283622404405773,50.65865826572972,-0.005284605385717658,0.17723270593392865,0.3733231153918005,-0.9823867235792805,61.85618346187097,7,7
2026-05-16,Meme,0.3002395731729132,23.176456929657455,0.19791742138434293,49.314536772389275,0.00025880096908809623,0.7910535803716808,0.27083676341103224,-0.4213860098042274,61.81480040019164,7,7
2026-05-17,Meme,0.7850730511626757,24.438728985152686,0.239684597417023,53.68852848914853,0.0064478732347216065,1.4927118124780627,0.5909114585319333,0.3550061549153691,62.57185245426244,7,7
2026-05-18,Meme,0.6115427803541905,23.18507848090235,0.21087883914520003,47.953576448842206,0.008198699186069644,0.9660467516442461,0.15736044627641416,0.7280343728681063,63.26142976201875,7,7
2026-05-19,Meme,0.10678361867364775,23.756410749149964,0.1498237641879064,51.72397738352031,0.004999174596816543,-0.113468730136946,0.43933898515660347,0.5247378580783424,61.076878433435276,7,7
2026-05-20,Meme,0.4446420669971859,23.000763958467374,0.183422138243281,48.22195054920645,0.004893758417011634,0.4813119700395437,0.1695706339523315,0.6309760606191803,61.36290579864715,7,7
2026-05-21,Meme,1.0466894132618707,26.236804619692478,0.2378184701375408,58.41903157005584,0.008049318751863224,1.4211304375305007,0.9418054402028371,1.137528531798918,65.41805552417706,7,7
2026-05-22,Meme,-0.18925674581807178,23.91244013448857,0.10804697767018176,49.11030710709521,0.0013118699766333836,-0.8768958443367125,0.2199487146608537,0.47786310778334273,66.11451652487304,7,7
2026-05-23,Meme,,,,50.38421617316689,0.0010494959813067068,,0.31638741130006715,0.47208833490454244,66.11451652487304,7,7
2026-03-24,Meme Stocks,,,0.17087871428117754,,0.0,,,,65.92365941266445,1,1
2026-03-25,Meme Stocks,,8.064281232129591,0.13026807061516782,0.0,-0.002591676404896326,,,,61.53143450190704,1,1
2026-03-26,Meme Stocks,,19.310182351978163,0.16424577300494997,45.55363429612305,-0.0019059444635062038,,,,59.27190989796153,1,1
2026-03-27,Meme Stocks,,25.410841614266786,0.21751741735771277,68.23819277926944,0.002033694668775716,,,,60.8657250080626,1,1
2026-03-28,Meme Stocks,,16.428353314945337,0.10249622739954885,35.92264604890751,-0.002938393328109269,,,,55.23636758622124,1,1
2026-03-29,Meme Stocks,,21.602259415161186,0.20251495683634207,54.613043289117904,0.0004945083041667333,,,,58.25371256395756,1,1
2026-03-30,Meme Stocks,,17.89470768258738,0.1133652793336791,43.34411643509554,-0.0030578766553111796,,,,51.46080013502685,1,1
2026-03-31,Meme Stocks,,17.249060042526686,0.11558847203775913,43.63415751706649,-0.004964109401045989,,,,46.02761544056382,1,1
2026-04-01,Meme Stocks,,14.040437510953272,0.04098502138665638,37.23720179210319,-0.010630220648462413,,,,34.90307929875925,1,1
2026-04-02,Meme Stocks,,19.26265343543338,0.24048501525309166,54.91308845227788,-0.0008390540887730901,,,,40.79085354504459,1,1
2026-04-03,Meme Stocks,,19.567121417033714,0.21702388383421037,53.15269295684841,0.0039002198491068585,,,,45.4176001645054,1,1
2026-04-04,Meme Stocks,,18.424625775568153,0.15531789472177393,49.01953562736737,0.0027750379309469846,,,,44.54469222757071,1,1
2026-04-05,Meme Stocks,,18.91325387089495,0.1752391592486491,50.268016882116775,0.0032360483493717824,,,,45.36118083651927,1,1
2026-04-06,Meme Stocks,,20.67220887362955,0.2477393783972152,54.33768145321411,0.008015176907956043,,,,50.61227009836339,1,1
2026-04-07,Meme Stocks,,19.08833117040914,0.1619473186517807,49.540451128503584,0.0051301767958997655,,,,48.61476847053906,1,1
2026-04-08,Meme Stocks,,18.697084063522894,0.1408683516348011,50.55660577392458,0.0017108314707425484,,,,45.38311350169937,1,1
2026-04-09,Meme Stocks,,19.0935788368645,0.19818168193489683,51.73930254001108,0.0031347305952337226,,,,46.84015104527812,1,1
2026-04-10,Meme Stocks,,20.399563401044894,0.2760170366505318,52.92461670332597,0.008822161336431187,,,,53.911120761370526,1,1
2026-04-11,Meme Stocks,,15.960643010121792,-0.011528855381444509,45.13814200754338,-0.006454138481283864,,,,38.31352075514803,1,1
2026-04-12,Meme Stocks,,17.04590412054209,0.1714556962363171,48.76318542066394,-0.004026425643089076,0.14402788530806696,,-0.35006685206365123,39.14806538719129,1,1
2026-04-13,Meme Stocks,-0.5989225804883801,16.11680626278638,0.0964670390138298,49.319417409596,-0.007083515851702588,-0.9025945922959399,0.18500986695865765,-1.0956554904884348,32.9991548122491,1,1
2026-04-14,Meme Stocks,0.16202256947583757,17.12119256517772,0.18151167066175014,52.48902886791045,-0.0031890212371845908,0.3279422536773193,0.4167559114517636,-0.5634352336832852,34.7565473800494,1,1
2026-04-15,Meme Stocks,1.2349192244244123,20.590477849942197,0.3003008993073236,59.474724766158,0.007019205998185175,1.8733353782673479,0.9233623372630348,1.3635268950198307,46.25366505096871,1,1
2026-04-16,Meme Stocks,1.3294781074693385,20.407179172549274,0.30284676135164984,52.66160333181635,0.0132152481019028,1.737521687913035,0.37805626227763395,2.4510302004524003,56.915877102986634,1,1
2026-04-17,Meme Stocks,1.1217013844532733,21.107268849956945,0.2572225841624611,51.68382777900333,0.013467503935010366,1.0840830841211684,0.29300369441607843,2.491454489724868,63.50219181489456,1,1
2026-04-18,Meme Stocks,1.5357691229168366,24.21252218709355,0.32751570811089453,57.161437512295066,0.01734796220535819,1.8285534058467376,0.7189369175931696,2.826588507529417,74.356941708864,1,1
2026-04-19,Meme Stocks,0.7842779090849336,23.467522422013424,0.23904080068360992,52.510272704105525,0.013127343072395752,0.7068936476103962,0.3273535863488474,2.3618611862043566,77.15371804005576,1,1
2026-04-20,Meme Stocks,0.5837351089386986,23.045616875100812,0.23001892597019657,49.26613212635382,0.009090964456957635,0.5794366724669143,0.05318679876060079,1.9871350850343759,80.72787275432364,1,1
2026-04-21,Meme Stocks,-0.42516708805256154,20.393178830660265,0.06393599583793654,46.19410007360345,-0.004662331915085369,-1.4485226593660194,-0.20679554131768493,0.6503219320869877,70.08337788176829,1,1
2026-04-22,Meme Stocks,-0.6575745067250006,18.96674208476727,0.06225545100662461,46.9006723370035,-0.013282631013436571,-1.3945545386355818,-0.14252998805873235,-0.40952620973788767,60.96133720266364,1,1
2026-04-23,Meme Stocks,-0.43455293407184037,18.787461946578077,0.13720900879176273,47.6291189508776,-0.013312893339590912,-0.46942469500698475,-0.07642384850176802,-0.6971348595127912,58.623618201738715,1,1
2026-04-24,Meme Stocks,-1.028858646228294,15.926668482890967,0.05787132892459846,41.527450881601304,-0.017773664190119484,-1.383225068700447,-0.6151444438496565,-1.4368583838637596,50.01059689216296,1,1
2026-04-25,Meme Stocks,-0.7304647338797212,18.050898934139347,0.07915315386048873,54.44039240993694,-0.01831573946450019,-1.086192786705668,0.5551487391152882,-1.7715279265311694,43.515166964990414,1,1
2026-04-26,Meme Stocks,0.13795906231351684,18.501642843092597,0.2256285989391346,52.75102621958276,-0.008341926150361048,0.6764137802210878,0.39191956198828376,-1.0549351817101413,49.3511973418761,1,1
2026-04-27,Meme Stocks,-0.6212624936354539,17.344803269661664,0.10387150485473784,50.358965111492736,-0.00939876244259698,-0.7941632388523453,0.16506145121495533,-1.295752928372803,45.04942531760255,1,1
2026-04-28,Meme Stocks,-0.625739624827907,16.443136566623867,0.12441261912025925,47.047189404607494,-0.008211434201024182,-0.5319414418463136,-0.1481266308805212,-1.316155926092057,42.4987461924661,1,1
2026-04-29,Meme Stocks,-1.5204707114519471,11.531419178489665,-0.000747423113546232,34.53354976756442,-0.014959340718514442,-1.9452441900028024,-1.3047930208807865,-2.0386017002447914,29.230318804836337,1,1
2026-04-30,Meme Stocks,-0.02019251683111442,15.808672351639345,0.2236634863075202,46.68715624800515,-0.003984265405315532,0.7114864579448346,-0.14166040683339665,-1.1968850136096105,35.72212145744332,1,1
2026-05-01,Meme Stocks,0.17790863012124208,17.380403351518996,0.22296757955858723,48.51086816392762,0.0031671898141654962,0.68983898252715,0.034552057724114627,-0.5539016173409352,41.18956599584574,1,1
2026-05-02,Meme Stocks,0.6298132623580289,19.022986136249354,0.2895033425873534,48.34211237832745,0.011830532368440668,1.433862086120812,0.017753437062390104,0.376216718766197,51.54170038564414,1,1
2026-05-03,Meme Stocks,-0.6100546627167646,16.571961041801686,0.07471323828725145,43.54426174836324,0.0030068260811051822,-1.0890722663186017,-0.45288284662716716,-0.2772202847507455,43.491307464157806,1,1
2026-05-04,Meme Stocks,-0.7749006161158386,15.719500713373801,0.06481341656298363,43.51424488887631,-0.0032461043675795376,-1.1717057109876936,-0.4492813091903632,-0.8414485194715271,36.06113336048825,1,1
2026-05-05,Meme Stocks,0.14424975815606328,18.99225643864053,0.1715263894218619,54.43038580628651,-0.00011057872818590747,0.08586200761289375,0.6483245894419464,-0.5756031183361047,37.72846853148741,1,1
2026-05-06,Meme Stocks,0.14548930694216983,19.29620560365534,0.16334830935348105,54.14067124362511,0.0014132533072884479,-0.011619042747647548,0.6088571100095187,-0.41370788908858097,38.57065835601524,1,1
2026-05-07,Meme Stocks,-0.8804131033260916,15.949945012290316,0.03631513619077836,46.03656955834704,-0.005741250242062245,-1.4890128225877903,-0.22369558958947364,-1.107705510165598,28.711165385031716,1,1
2026-05-08,Meme Stocks,-0.8006883514534956,16.149857978089987,0.05416868059079712,49.8471654634502,-0.008700698206668953,-1.2406786071173406,0.17148504988115165,-1.4833702781478162,22.083714886499784,1,1
2026-05-09,Meme Stocks,-0.3713351768285075,16.078063042972815,0.10462911716934531,51.02683888688773,-0.006774901115558164,-0.6346410805332074,0.2923622154365951,-1.4162264548356647,19.312905853071893,1,1
2026-05-10,Meme Stocks,0.015287409814413302,16.188720926735762,0.18986212055080676,48.48352277052334,0.00034646481617688074,0.37491301820025846,0.021338912772388512,-0.8129680882093572,23.503797860661095,1,1
2026-05-11,Meme Stocks,-0.12386191688922829,17.212300555050813,0.12699423974833027,51.03192151148778,0.0008987567713314559,-0.3755756316713069,0.29237277475321455,-0.7374404767637543,23.568783041785274,1,1
2026-05-12,Meme Stocks,-0.6003176695676851,16.214054002440292,0.08434784029676919,48.24658428935834,-0.0014068323845655498,-0.8764043428656003,-0.010324663993185289,-0.9381978839380191,19.522257238612497,1,1
2026-05-13,Meme Stocks,0.36963938082139214,19.641903484660816,0.185947362565371,58.34265183281603,0.003825820933829365,0.353451341019292,1.0748757091850596,-0.4229354385433825,23.36274643543984,1,1
2026-05-14,Meme Stocks,1.0258624334275501,21.1306249824675,0.3152986819249434,54.4749956561066,0.015271329298880785,1.852730651662182,0.6417594840824998,0.832308131357174,37.38363657321618,1,1
2026-05-15,Meme Stocks,0.07944396523421804,19.405344140692975,0.1634728632977114,47.46828374580287,0.012032067869071676,0.039440107408967945,-0.12985390950645595,0.8003941393375831,36.81508038940102,1,1
2026-05-16,Meme Stocks,0.3396344916418823,19.32829887878647,0.18710430773881156,45.47740811916171,0.010928333772238513,0.3210879694999506,-0.34792384267050896,0.9205049060996069,38.68470081611111,1,1
2026-05-17,Meme Stocks,-0.24347653354261278,19.61512478823795,0.0837312447140481,50.44177048047444,0.0030909275568392442,-0.9201463206061812,0.20775851184127853,0.3253368084461634,32.08069228347191,1,1
2026-05-18,Meme Stocks,0.7020117487803942,21.798758313145917,0.21433660510366725,56.550151312449955,0.006368747411854522,0.6615336496805816,0.8855453641005424,0.7267132487211452,36.04669433653251,1,1
2026-05-19,Meme Stocks,0.38050708459856153,20.20246403963828,0.17430486734291512,50.129268714459606,0.005537370268753332,0.17007394213194196,0.15484939032004225,0.7628690313462388,36.2610067468746,1,1
2026-05-20,Meme Stocks,-0.0364373522290746,19.60278421711765,0.13940395385586649,48.91301709343813,0.002488826650903991,-0.25844205572075574,0.015331046959004262,0.5500205457716536,33.361791288387124,1,1
2026-05-21,Meme Stocks,-0.054701066167986576,20.237726795100176,0.11666461122168718,54.02907835699095,-0.0010191337649300405,-0.5356282908041526,0.599846902162116,0.22560787967374749,29.04932455713403,1,1
2026-05-22,Meme Stocks,-0.09720915060117852,19.598575538666196,0.12331814374737442,53.50685040146048,-0.00275304721014391,-0.44779339713926036,0.5332726584334662,0.01621168582803215,25.517867084957796,1,1
2026-05-23,Meme Stocks,,,,50.998922444609306,-0.002202437768115128,,0.23772154840086485,0.019107847470063097,25.517867084957796,1,1
2026-03-24,Oracles,,,0.21895632659079353,,0.0,,,,71.2812715700556,1,1
2026-03-25,Oracles,,34.37555285741512,0.24523992255815916,100.0,0.001677357691364656,,,,74.08206266421851,1,1
2026-03-26,Oracles,,10.226484615869339,0.09700685796591557,15.060794701826183,-0.006822947785673068,,,,58.99939979844585,1,1
2026-03-27,Oracles,,20.629003209531994,0.24273777753206094,53.712979022656306,-0.0024811697097038817,,,,62.17719875308021,1,1
2026-03-28,Oracles,,23.3379971436693,0.28069269340902697,58.61752325949238,0.002809816680207902,,,,69.63672597070513,1,1
2026-03-29,Oracles,,22.85952536913514,0.2502964585264849,54.032454231682095,0.0040499713012758605,,,,72.61893976753865,1,1
2026-03-30,Oracles,,25.195365098348496,0.2852985432691393,57.830747041882404,0.006850469365050701,,,,79.25992078266195,1,1
2026-03-31,Oracles,,20.72463757640411,0.17018497141610872,45.47335691155922,0.0008865096219499084,,,,71.85257178936777,1,1
2026-04-01,Oracles,,21.58418866678442,0.21451404959307274,49.619044097106205,-8.496495096642115e-05,,,,70.49573105892213,1,1
2026-04-02,Oracles,,9.507261795689097,-0.10892477292470891,31.91464390466099,-0.021346214834479037,,,,31.39706990215891,1,1
2026-04-03,Oracles,,13.284054286406269,0.1774646893364726,48.26085087356939,-0.015243684146932352,,,,29.804055545003926,1,1
2026-04-04,Oracles,,19.454197872690308,0.3815771297662309,55.820423890214315,0.002474045455930161,,,,51.95120024013163,1,1
2026-04-05,Oracles,,14.76252050542295,0.11060102954339142,46.75186221080158,-0.0037815155688601283,,,,39.952317050917365,1,1
2026-04-06,Oracles,,13.055991326568403,0.12735555359791448,47.281416054234384,-0.006364228784418127,,,,30.715735715836434,1,1
2026-04-07,Oracles,,12.136108844685392,0.1486289145694716,47.93880716742557,-0.006206595073575892,,,,25.15274279706473,1,1
2026-04-08,Oracles,,12.339649454098712,0.19385282938551682,48.51045729365993,-0.0027970139390757105,,,,24.91003965192959,1,1
2026-04-09,Oracles,,16.503875103216327,0.2920498767780151,55.822553429591714,0.005859085489423762,,,,36.271591963212714,1,1
2026-04-10,Oracles,,15.968725629152402,0.24089791183702122,49.94178795320992,0.0078053748054835986,,,,40.49231057376129,1,1
2026-04-11,Oracles,,13.438594500693252,0.13703641407782283,45.63678396063199,0.002062468158226149,,,,32.116858496326145,1,1
2026-04-12,Oracles,,16.09439064281921,0.26024465055743545,50.28602669246555,0.006287534282485772,0.6119153555665134,,0.6309719833600513,38.604685945204906,1,1
2026-04-13,Oracles,-0.5171621768512794,12.548536687411055,0.10248087225904068,45.09028145348385,-0.0014064604633570368,-0.9044616944895056,-0.34881715138863667,-0.2312592786844012,26.45213380341794,1,1
2026-04-14,Oracles,0.6587467779287213,17.104298171890523,0.30209378847572416,53.388719151320984,0.006642391621026362,1.0229445301192355,0.19365834128128676,0.8099115542946601,38.33086820818768,1,1
2026-04-15,Oracles,0.9063810795437455,19.64383953429496,0.3227584513295538,52.81501051377409,0.012701422154618777,1.1623475005517392,0.151407223868936,1.6756063392150602,51.730901050166345,1,1
2026-04-16,Oracles,0.1958897428361047,20.030194905063826,0.1699448592753294,57.9585923315447,0.006095720635059562,-0.32637473644175813,0.49390046085885514,1.0833409027599912,46.16599525475232,1,1
2026-04-17,Oracles,-0.34425699395066667,15.670678596664562,0.11767353511563228,48.030445652521415,-0.0016992285181295563,-0.8197699938865768,-0.20105634921586504,0.21104026859017927,35.25031336515749,1,1
2026-04-18,Oracles,-0.6959633722140002,11.657411749242568,0.10835368514926225,39.67481907642566,-0.00708601530731549,-0.8818137677486715,-0.7763638138802696,-0.5464498374309195,24.206973619678344,1,1
2026-04-19,Oracles,0.0030445196696568533,15.047603230555124,0.1850391320345031,53.29721664143007,-0.005176220732616329,-0.10594385218999798,0.20754198342100166,-0.46847757787099475,23.097212503798183,1,1
2026-04-20,Oracles,0.3155981443013959,16.55954455213979,0.236819098455464,54.702738992164505,-0.000370796830092461,0.41803364737516774,0.3053272684261721,0.05353984205120994,27.909189852537725,1,1
2026-04-21,Oracles,0.6993706524739927,19.051442590781935,0.2878670677184922,55.832686842378315,0.005951773948332783,0.9207610623211336,0.3825427838400073,0.9069023455643997,38.25315922027793,1,1
2026-04-22,Oracles,-0.14633634711487997,16.338404205586706,0.16168581333245705,48.73811242729516,0.0015699030785460437,-0.393250943517686,-0.15744739559165946,0.44559889739342284,32.54815644668942,1,1
2026-04-23,Oracles,0.30387577450692327,16.82763857925269,0.22898006464149145,47.46433997505027,0.003051977127574569,0.3164653858169471,-0.2521861123413739,0.6870327200563614,35.164476441630065,1,1
2026-04-24,Oracles,-0.4445825200021616,14.741202355911456,0.1265320645395964,45.58416908890797,-0.002707744531857451,-0.7695155341230546,-0.39366081604194625,-0.05867595990207594,25.51588953962847,1,1
2026-04-25,Oracles,0.3016540906137657,17.443928709987645,0.222826143007246,53.331936722414405,-1.5122663495963692e-05,0.27207146210870403,0.22478709999106394,0.25426797145255897,28.234369468900194,1,1
2026-04-26,Oracles,0.8502515724833788,20.01511356020449,0.3171631013155353,52.26133553365124,0.007709248322523195,1.2606346467420133,0.13540133723121547,1.3489827033852237,41.887312714761805,1,1
2026-04-27,Oracles,1.140738806180283,24.28197502754584,0.3133772121310272,59.5468282338836,0.011902956052830841,1.176818490211957,0.7223299158126022,2.0255753419567744,53.50642663842477,1,1
2026-04-28,Oracles,0.3666205760782142,21.39345463347453,0.23579586952383025,46.626075852532665,0.008927288683409994,0.3305690570755673,-0.35005575057084537,1.8201527244724487,54.65924950185722,1,1
2026-04-29,Oracles,-0.021489290411843942,19.712109392097496,0.18325067046322963,43.12352982034896,0.0031913863913513195,-0.2430629238244708,-0.6335762571150169,1.2412698263346944,49.7558243437847,1,1
2026-04-30,Oracles,0.6786247407442114,23.410954795408557,0.25298382374416234,54.458206103159846,0.003822352767471617,0.5241387273520001,0.3278681694564979,1.3570296988707526,53.55558258238856,1,1
2026-05-01,Oracles,1.2534108408252027,27.7735226670547,0.33616120645143005,61.35342091968539,0.009260140176682176,1.4019389754421367,0.900931573567482,2.027283890221412,66.68966579856064,1,1
2026-05-02,Oracles,-0.2768282335770166,22.006525863725223,0.10507694665970123,49.86162131508206,-0.0026508575000573735,-1.1259652370721822,-0.09229095394140553,0.7411657889406594,51.669198043524034,1,1
2026-05-03,Oracles,-0.40267938716633345,19.712093432293642,0.13590680939387167,47.841513139817415,-0.008090554125733725,-0.7702760732444243,-0.2658718089885246,-0.0175295177206564,41.86437491498366,1,1
2026-05-04,Oracles,0.3525003290441898,21.465869429728684,0.2553684155415939,50.76916978408469,-0.0035142959226052576,0.5466783022996479,-0.005978656955194951,0.3584869366833857,47.06432929296847,1,1
2026-05-05,Oracles,-0.533767749167831,18.263170126912726,0.1412637560354931,44.22302087723584,-0.007797769920354448,-0.7174293547018259,-0.584871700197692,-0.2867909042403058,38.80553189785373,1,1
2026-05-06,Oracles,-0.1611052587803852,20.126713243440282,0.2015722883444372,51.657812407990406,-0.00626139049941759,-0.03817975112590816,0.08773164164900611,-0.2863253881378901,38.71851600042691,1,1
2026-05-07,Oracles,-0.4974384137325325,17.892366548655332,0.15892984707333827,47.02757217861982,-0.007713598899072611,-0.5164965330900614,-0.3326355538598436,-0.6359700181124435,33.501895190677814,1,1
2026-05-08,Oracles,-1.180657970608468,14.223512896627748,0.0423198264009823,46.469074885997735,-0.015665726345580788,-1.7694066040377536,-0.3795504605377662,-1.8150460734376397,15.672629477859521,1,1
2026-05-09,Oracles,-0.31036497662992335,15.26793938059382,0.1959173148783553,48.92347359375934,-0.009995296126167483,-0.04954034075049353,-0.14825089742973524,-1.4350292426645146,17.594126584162446,1,1
2026-05-10,Oracles,-0.2260907799267944,15.272958755589952,0.21233085310886468,45.52715884490032,-0.004815741912917362,0.13479238734020155,-0.46353641136656576,-1.0041678206428621,21.624937193465446,1,1
2026-05-11,Oracles,-0.2023161043787994,15.696554838700862,0.20176086228820367,45.265114650903236,-0.0019264297968056808,0.01376075300278318,-0.48231120875793937,-0.7444291942273621,23.736897067726417,1,1
2026-05-12,Oracles,-0.5816879262976511,15.27282493915909,0.15366467166295888,46.42651266962875,-0.003014503253606058,-0.535208734760212,-0.3663288182424801,-0.9174357255277891,19.415419811396998,1,1
2026-05-13,Oracles,0.2691054538527179,18.44033430346696,0.2494153359554041,52.7744794904688,0.0026483545668687805,0.572118905585799,0.2473674568911577,-0.26001830676812177,26.502170374074957,1,1
2026-05-14,Oracles,0.4130075060601067,19.625735297696753,0.2627503370952196,50.42987109201938,0.006980097740139669,0.717807364869276,0.017351210664586954,0.3708792686893863,34.652550263874204,1,1
2026-05-15,Oracles,0.36028013531986414,19.796221258685982,0.2513234524559183,46.01412932048297,0.008654292148688698,0.5759235985659068,-0.4152321589171156,0.7637092749391955,40.13928645114298,1,1
2026-05-16,Oracles,1.0240872559804015,25.556758105035115,0.29348939054878664,60.76257766413418,0.011975466301185103,1.0544770941477952,1.036341485202511,1.3921090094506237,49.78125344030379,1,1
2026-05-17,Oracles,0.3055675952989172,23.790699431998885,0.21050826647490575,54.02179764509255,0.008140946361619845,0.0714470252182113,0.3601952996184547,1.1770583646550248,48.555983376592835,1,1
2026-05-18,Oracles,-0.38264199318442815,19.597066211729867,0.14194383351645132,43.53018114731137,0.0009238725489226917,-0.737516170793411,-0.685721000186612,0.44296687467117907,39.64523087547222,1,1
2026-05-19,Oracles,-0.1935455690322838,20.699137750484184,0.16490682703630533,51.50511275694508,-0.002196028724915277,-0.4571276647606469,0.11922546024362958,0.056613024722038344,34.335437752341825,1,1
2026-05-20,Oracles,-0.348828810728531,19.0547842193363,0.16766535217985187,47.67082773374253,-0.003868748023430508,-0.4195283426874842,-0.269293998506124,-0.22153127066126996,30.070802786215637,1,1
2026-05-21,Oracles,-0.42195486900805035,18.677591921066917,0.154754118580759,49.70094075610752,-0.005537904722950545,-0.5702313522532149,-0.05999522252069757,-0.5423251776555429,24.627832933058517,1,1
2026-05-22,Oracles,0.3118420018520678,22.10164184408705,0.20058886483121718,62.61371704919318,-0.0033556753043554777,-0.008978213702082275,1.2514955015828044,-0.39389096196903695,24.943368757614984,1,1
2026-05-23,Oracles,,,,50.493017444691915,-0.002684540243484382,,0.0004881718267664489,-0.3833897701498264,24.943368757614984,1,1
2026-03-24,Payments,,,0.013442537637231551,,0.0,,,,28.49365111254657,2,2
2026-03-25,Payments,,29.553985873499393,0.05146777187880893,100.0,0.0024266816154169036,,,,28.45464162568328,2,2
2026-03-26,Payments,,29.977582851439855,0.12134860403491479,100.0,0.008274568534711736,,,,29.87092865900553,2,2
2026-03-27,Payments,,30.557165505264976,0.15652813596162915,100.0,0.013726829435693125,,,,32.62652449894497,2,2
2026-03-28,Payments,,17.7398749541955,0.01169301527932439,49.69617984354463,0.007125902283689894,,,,30.332605926531148,2,2
2026-03-29,Payments,,22.640511388681826,0.15787459117040467,66.63571642338152,0.01187206621247618,,,,32.81899970750474,2,2
2026-03-30,Payments,,21.56375315532312,0.12170242809679753,61.51028815455593,0.011817116795692785,,,,32.91249416654281,2,2
2026-03-31,Payments,,17.10752459101658,-0.03137534525474699,46.4050916448264,0.001268226551505219,,,,28.559544650631988,2,2
2026-04-01,Payments,,24.118400456996632,0.37299123920882,67.49256197554533,0.02026683383518496,,,,37.17222826334276,2,2
2026-04-02,Payments,,22.18715668381915,0.20614401341720553,58.06575229300007,0.020289578626918513,,,,39.539740661776776,2,2
2026-04-03,Payments,,16.519877412121037,-0.20678294392691507,43.15003294845454,-0.007333049521728925,,,,29.467490287051834,2,2
2026-04-04,Payments,,20.040332479593502,0.2066858400071151,54.78097369304949,0.0019201210626699494,,,,32.81378497379217,2,2
2026-04-05,Payments,,19.548469036523116,0.13032600176227185,52.786493567535814,0.0025371667150470116,,,,33.64127720987907,2,2
2026-04-06,Payments,,18.777856628092238,0.09814522591420512,51.988790630109705,0.0005225318525158909,,,,32.40059654256431,2,2
2026-04-07,Payments,,15.58007780961644,-0.16130699224262485,46.34255232864476,-0.017541102340521048,,,,24.24566170172678,2,2
2026-04-08,Payments,,18.306709107558554,0.26035297988732264,53.766969814388844,-0.0012100443377265624,,,,29.641959245777663,2,2
2026-04-09,Payments,,18.108735514014285,0.20415611090978333,51.500731180934,0.0053298900482416575,,,,32.87633131967088,2,2
2026-04-10,Payments,,17.953053650865016,0.1704521540479034,50.252481822235104,0.0068134008756588,,,,34.73392324790685,2,2
2026-04-11,Payments,,18.068220800780985,0.09205012456525548,51.49307333938117,0.0021818195962057495,,,,34.12976614482032,2,2
2026-04-12,Payments,,17.779000932550616,0.1498356201012238,49.845558881840034,0.0026464090767826937,0.3226433674386922,,0.46846898016224753,34.82977246406186,2,2
2026-04-13,Payments,-0.6100903658503988,16.548337009362168,0.004504487314699256,47.839079462940106,-0.0066876352914189245,-0.7265430348142978,-0.6754581801843662,-0.48864926016364874,31.797649542432328,2,2
2026-04-14,Payments,0.055048426093321376,18.134948626236344,0.14921072655742648,53.33999534192502,-0.0031492175190735404,0.3491481895957136,-0.3644760391158703,-0.23540852938273132,33.33127756010276,2,2
2026-04-15,Payments,0.14196315051180997,16.669708239751092,0.18419519617171895,45.95553640493907,0.0012769111314698718,0.5989099514496192,-0.7500125601604585,0.1972750778947909,36.09731944575795,2,2
2026-04-16,Payments,0.4368233371332584,18.654917464986507,0.22319518593638113,50.38644482609871,0.006280765561206082,0.8685284114035916,-0.48625391976635696,0.7886835562870653,40.452294400634955,2,2
2026-04-17,Payments,1.3134416393012693,24.2552160869131,0.38715656114141017,65.17324711532517,0.01934484555028851,1.9293593292549616,0.3562968227822522,2.175078422766209,49.81415304648786,2,2
2026-04-18,Payments,-0.16793065215382924,19.15285048903631,0.05827262139288366,46.03725940744082,0.005279750667169111,-0.4615316908167053,-0.7425260624676588,1.0297395457189191,47.6213567707051,2,2
2026-04-19,Payments,0.012847327173423614,20.525032760469337,0.14504760766804672,50.390903414098986,0.0014622780528871226,0.17896735642454661,-0.47349014316899934,0.711499385393662,48.529624557832804,2,2
2026-04-20,Payments,-0.2554544599263049,20.444685625449683,0.09560616913072251,49.93319270610582,-0.0044284120628051565,-0.19140943334723917,-0.48965759371737105,0.10033019128139592,48.027360563540064,2,2
2026-04-21,Payments,0.6953957155042417,24.552085478564084,0.27088974323395815,61.8989332734819,0.0030417635212668243,1.1126371964175545,0.23636447580376008,0.806761503926386,53.51634193502414,2,2
2026-04-22,Payments,0.07438193721904357,21.454371465251747,0.18999908934898097,47.61568190158749,0.0021392983801200686,0.48294567202620325,-0.6354987789531507,0.7536387776163278,55.63279996405534,2,2
2026-04-23,Payments,-0.6454619881790824,20.321437893981447,0.027970637911166538,44.428663224272945,-0.009146567629512888,-0.7552872718003607,-0.8123752967536265,-0.4576989266354659,52.334478652162716,2,2
2026-04-24,Payments,0.5582938456390845,23.874429372918588,0.2979740259747382,53.50821112020074,0.0012431851712385936,1.2971321657420962,-0.2349139724597068,0.5072505364881047,57.597007757994504,2,2
2026-04-25,Payments,-0.48626134286900535,22.668506601726314,0.06499168558527615,49.3139540979754,-0.007428059688221352,-0.4925668566330044,-0.4943997065590848,-0.45535413304472505,55.87842474681963,2,2
2026-04-26,Payments,0.41631785326500326,24.614795944410893,0.26755419029881405,52.780533175841725,0.0002205769287441789,1.0558651869531157,-0.2648763801930549,0.26002805656966843,60.922033669978724,2,2
2026-04-27,Payments,0.33524746860237076,25.663296911214715,0.2086611284994055,55.027506941494345,0.0010112587298363035,0.5853132299882121,-0.11500930540751599,0.35320590523772405,62.79970955526977,2,2
2026-04-28,Payments,-0.31857933526518034,24.03301636017926,0.1214299124856705,49.29594726330982,-0.004348721195615815,-0.10003231957122899,-0.48997884618655096,-0.2617208472989533,61.51690072252374,2,2
2026-04-29,Payments,-0.5858021603270939,23.355355716434723,0.09325103087628736,47.68721239044191,-0.009504344088581973,-0.32031009686142525,-0.5877620842742753,-0.9680617572343448,59.363056183582536,2,2
2026-04-30,Payments,-0.4505008816190439,23.606278310817224,0.153437233068809,48.24490811217746,-0.008600698147328736,0.16425710534741536,-0.5401124312244381,-1.0585010102304044,59.34598239388301,2,2
2026-05-01,Payments,-0.013567109938035685,23.383137393611868,0.22300802681080872,45.66412533858271,-0.003328085062384946,0.7201554786514314,-0.704108117540445,-0.6161231333211544,61.22278739220771,2,2
2026-05-02,Payments,-0.3303745846481684,25.216779559025206,0.14949211954102168,52.78525436780363,-0.004717360706116822,0.11238834814158798,-0.20646554601165198,-0.8488713640228227,61.18006858844783,2,2
2026-05-03,Payments,-0.7879863224938104,23.713560504574907,0.0735578904761515,47.80261876663914,-0.01035293084588559,-0.5140009099825622,-0.5481818260609211,-1.5836728507947497,58.976093314390575,2,2
2026-05-04,Payments,-1.3768723266554117,22.281123577014064,-0.039467908930985174,46.00440405189422,-0.020698071155302287,-1.4132665750294868,-0.6640350160657053,-2.7413265372812603,53.59340457012674,2,2
2026-05-05,Payments,-1.0954383822959712,21.72574096884439,0.07765323011219562,44.080215541274505,-0.01871815442032563,-0.4326890461086266,-0.7861547175008327,-2.6752921076046587,52.78355825432211,2,2
2026-05-06,Payments,-0.01617433828316668,24.595696484156097,0.262724981219776,52.0942709944745,-0.004737809435714275,1.0939746882800998,-0.20782212352380938,-1.5747632125952502,57.61927041788355,2,2
2026-05-07,Payments,0.1287935493463909,25.92349255676129,0.23088660557510476,56.316978955924675,0.002199399581663245,0.8118394304298251,0.09798458242561488,-0.9600125251209588,60.19549841188045,2,2
2026-05-08,Payments,-0.7111235554604108,22.22003528839382,0.102046367689901,43.31283211144537,-0.001836997647581622,-0.26883077334410743,-0.8418951338189091,-1.278203901353349,58.83740860583399,2,2
2026-05-09,Payments,-0.00211247868969143,25.310348880120287,0.19036083156509273,54.74780776274413,0.0013226485770541623,0.4756031081857673,0.0016545807849529426,-0.9822243487141992,60.46966178429157,2,2
2026-05-10,Payments,-0.13474821735968004,23.60717670755752,0.1829691612571316,46.24104537771169,0.0027162450716505786,0.4072789504721882,-0.6236538907693264,-0.8049027823410232,62.88772848920447,2,2
2026-05-11,Payments,0.7248028269250054,27.18684759385561,0.34533820506926827,55.562356389154395,0.013757402489676138,1.7351103866357132,0.07561019202959603,0.3356764484913922,70.05412392365255,2,2
2026-05-12,Payments,0.4628862866107525,27.22761349590428,0.23473404979982634,54.52506060357488,0.012814800720361676,0.7867984763067126,-0.0030989765765911865,0.5095815120872356,71.9908855558778,2,2
2026-05-13,Payments,1.246968969885827,30.08071938837641,0.3987487578451782,61.00655938542966,0.021906750372744255,2.0623083954721397,0.4880358152742428,1.6192425348042698,78.60526717148629,2,2
2026-05-14,Payments,-0.014823979732252496,26.93354403170423,0.1380430282263299,49.51539286204634,0.009656951407443715,-0.0733567762319803,-0.39590704766893153,0.8285734846636738,77.56675789092708,2,2
2026-05-15,Payments,-0.17453435481741783,26.205674226965208,0.14720858190169586,47.51951005666882,0.0018732572562049979,0.0024710616522480265,-0.5446900034354639,0.24651346211796996,76.5842827888961,2,2
2026-05-16,Payments,0.07146008243972424,27.496732161783342,0.21460663939393845,52.13939865494434,0.0010088580085829725,0.5588288161402883,-0.18020022022458979,0.1956908445133312,77.83608138444224,2,2
2026-05-17,Payments,-0.4280695890167455,26.697638515299218,0.1024439146712722,50.927008670455265,-0.006934797031258141,-0.38060484731516425,-0.27357343057522604,-0.5781081669944965,75.53242002585814,2,2
2026-05-18,Payments,-0.2904007506121289,27.86064167725941,0.14665902435597336,56.24917215533499,-0.008903699060287554,-0.005681909362801895,0.15058689093906316,-0.9036936714345758,74.63130597115216,2,2
2026-05-19,Payments,-0.27838549116773326,27.13384092013741,0.1778929506032979,53.57150639546305,-0.007832664023893278,0.2591501941877464,-0.06490159469492146,-0.9592657506134755,74.5317752765342,2,2
2026-05-20,Payments,0.23628265336291968,26.872654362945717,0.27261749049803763,50.376720213390975,-0.0008427258916449687,1.0566517064624361,-0.32194645462711297,-0.4036166823398666,77.5162051126775,2,2
2026-05-21,Payments,-0.3600459178552645,26.074525135148512,0.16631303259095456,47.672931110332655,-0.0033366383308866664,0.13930060760419774,-0.5378867885774906,-0.668126383159819,76.54499029126876,2,2
2026-05-22,Payments,-0.9159972605789111,25.198261563799356,0.04343712305720352,47.87875168269658,-0.012694056019753474,-0.9144331401723075,-0.5153236932336567,-1.6463332081976967,71.88959181927837,2,2
2026-05-23,Payments,,,,44.31922291799039,-0.010155244815802779,,-0.8001217453496977,-1.6371770954941556,71.88959181927837,2,2
2026-03-24,RWA,,,0.03718139520693153,,0.0,,,,34.93796312860081,5,5
2026-03-25,RWA,,29.30845654549876,0.08435852078366105,100.0,0.003010733939939436,,,,37.60821150092115,5,5
2026-03-26,RWA,,21.257676404944576,0.06136092990269381,67.2280957560679,0.00326546140263508,,,,38.30992320206882,5,5
2026-03-27,RWA,,10.012708768695994,-0.04830331011192033,26.232984500214883,-0.003758881562085322,,,,31.666787307906624,5,5
2026-03-28,RWA,,12.177989804068652,-0.01747895378375684,37.026609364474666,-0.006003155923252401,,,,28.001622951795547,5,5
2026-03-29,RWA,,11.670728992686897,-0.01796622019395474,36.94116407185804,-0.007118279525369604,,,,24.56557053573971,5,5
2026-03-30,RWA,,13.84474938783815,0.017632299640305053,46.03866931180433,-0.005148082111059226,,,,23.546424080255417,5,5
2026-03-31,RWA,,13.152626748992855,0.007164407867426004,44.165045776317555,-0.0042754635090574145,,,,21.909995826140253,5,5
2026-04-01,RWA,,15.135420578818271,0.04504781223893662,51.33283742757416,-0.0010411187433608526,,,,22.73678204007685,5,5
2026-04-02,RWA,,14.033008375075802,0.021175413290847777,47.49101142632426,-0.0004347776444458074,,,,21.748883092362433,5,5
2026-04-03,RWA,,10.56982865613308,-0.06259113051705625,37.61326293167626,-0.005328717188426131,,,,15.610182283315652,5,5
2026-04-04,RWA,,10.110658232837693,-0.0540338248329445,38.9112613179917,-0.007509540069887501,,,,10.703517375710144,5,5
2026-04-05,RWA,,11.629930026011905,-0.0020986751125024396,45.76021433725657,-0.005090123221312496,,,,9.63346421829714,5,5
2026-04-06,RWA,,12.967898186746421,0.04030563714630576,50.308941737419374,-0.0005108294210831501,,,,11.147816913706471,5,5
2026-04-07,RWA,,14.646758624256107,0.08386926656344522,54.25053658796094,0.005257328456990137,,,,15.44409860039759,5,5
2026-04-08,RWA,,12.772373023730534,0.0402871915238084,45.96123983968804,0.005894849154356118,,,,16.39572436467569,5,5
2026-04-09,RWA,,16.015516256782274,0.1180486772571226,54.72107879268482,0.011013592989623747,,,,22.47814698722171,5,5
2026-04-10,RWA,,17.406893866371465,0.05371567729407016,59.190281462557344,0.00957950733708261,,,,23.841913672070635,5,5
2026-04-11,RWA,,17.81660494643811,0.07718021501829822,58.64187092100862,0.009694612359795737,,,,26.650872143447845,5,5
2026-04-12,RWA,,16.902433281178464,0.03756785472823885,54.73192122391276,0.006727169834731492,0.23331857507210957,,1.5036803118408242,26.351301993614292,5,5
2026-04-13,RWA,0.711368908198359,16.934073388775825,0.05921085564826425,53.62911467332251,0.005877045934135267,0.6516508875481923,0.20743933618502114,1.4558075765174088,27.85864471638532,5,5
2026-04-14,RWA,0.23791952738991365,16.536592499824987,0.03129121011811979,52.04360912060654,0.0032222139421510705,0.07268855289697808,0.09967395327509641,1.1655176042107633,27.370346130208123,5,5
2026-04-15,RWA,1.0240519073223637,18.051922450538516,0.10657769747112981,54.901202470248826,0.006154426776309592,1.5382106181403292,0.2874928242103587,1.5610737354994064,31.984862806741717,5,5
2026-04-16,RWA,0.46607410307440933,17.853269067885986,0.060231707986037455,53.003519305015175,0.004658451926731189,0.5751336493130687,0.15183154715207522,1.422437030717038,33.109238724518306,5,5
2026-04-17,RWA,0.5678997625946988,20.181526344779154,0.06048028488303591,60.85941712887029,0.0034283351176871667,0.5650995318398867,0.6902825965555824,1.3033462288271975,34.430402307660394,5,5
2026-04-18,RWA,0.4577960833436838,20.114459967227674,0.05403593687444334,59.57141048068254,0.0019943970329297147,0.4200232444427249,0.5814886562135415,1.1460419193605342,35.18296367688041,5,5
2026-04-19,RWA,0.7589944294303047,20.009670908935057,0.07625638141138504,57.32523158544542,0.0023326515849136017,0.8658464388718379,0.4079857223761148,1.1886077017196137,37.33170074940885,5,5
2026-04-20,RWA,0.6185869082721219,19.29790385986732,0.06973883636160906,52.949554536840154,0.0019246423429264848,0.7063988657057756,0.08094330086805293,1.1456964328360062,38.91889094984463,5,5
2026-04-21,RWA,0.14237821365933376,17.90502904577703,0.0526730352851625,46.69842927464038,0.00039272622489146085,0.3301517064180765,-0.38536389961806805,0.9592682003784362,39.31674391959389,5,5
2026-04-22,RWA,0.7601108597693778,20.603963362736856,0.0882860009132097,55.166982787196694,0.0015976133462924681,1.0738448599027106,0.26263955088173846,1.0885483401293305,42.22978868069153,5,5
2026-04-23,RWA,0.8100417863989433,19.820524357773813,0.10912110383908631,48.904726085008114,0.00350798358574618,1.4514871286696684,-0.22442953204393437,1.3216971767817496,46.22885681805144,5,5
2026-04-24,RWA,-0.06260085380076702,19.225382539109912,0.028880659312730834,47.06758852467655,-0.0006980085002501087,-0.26952196924234745,-0.36421994303005434,0.8389950886022267,44.48570668284167,5,5
2026-04-25,RWA,-0.039735335894228965,19.069724706859688,0.044720183288055305,46.09697987502576,-0.002383942910972433,0.07517137796638713,-0.4346188702618024,0.5863846411806082,44.20950903774783,5,5
2026-04-26,RWA,1.3258014669147533,24.342038512532024,0.15639549006223663,62.17757825355237,0.0037194747316976508,2.29869484326171,0.8600663670371926,1.2818923741775294,51.51596069981139,5,5
2026-04-27,RWA,0.07126548935435317,20.949710248539624,0.04586008506776752,48.8426614158374,0.00019571016273829678,0.023232331772757627,-0.23361535961770696,0.8921884537191204,50.7283810761778,5,5
2026-04-28,RWA,-0.41723151544897863,19.993742787979297,-0.0006257358729580873,47.319497413214826,-0.005090415385753694,-0.9232948712949353,-0.35506939091121376,0.19672066642719357,46.88718701339825,5,5
2026-04-29,RWA,0.8583811425272991,22.153048207422792,0.13597053116014587,52.238043671963425,0.0004914260102484962,1.8177455275643823,0.06013518670952299,0.7898128711629889,52.20955307317092,5,5
2026-04-30,RWA,1.1634314113656123,24.425695257409167,0.15281505894512748,57.3811343103427,0.004949092893818032,2.00753049836191,0.4931386887590728,1.349272382626275,58.11411264465302,5,5
2026-05-01,RWA,0.901390138620551,24.20871968486826,0.1175646292423093,54.31043896518939,0.005132612240536769,1.2811449423904469,0.22373877041068013,1.4438611842402465,61.43569805865477,5,5
2026-05-02,RWA,1.489382182572618,26.73098381213604,0.18962941164670358,59.315497890215774,0.009464466195011415,2.4164288116451815,0.6514099551974912,2.0037250129174717,69.17167456379923,5,5
2026-05-03,RWA,0.47300904652541687,24.764712564338183,0.09021112988900253,50.86677372483028,0.005204113000645681,0.6336542013072667,-0.09538660956644535,1.6282214840770741,69.76270274922098,5,5
2026-05-04,RWA,1.8627191406982082,29.00683774424729,0.26440554786310466,60.00693439278523,0.013231127639964608,3.205074026006541,0.7109862610197257,2.489267551945534,81.8834576542333,5,5
2026-05-05,RWA,0.4173920959995754,26.60173727880567,0.07858369273757075,51.135023390537874,0.005533283118324395,0.28906055325771624,-0.08848927059218371,1.8137108001780493,81.01166829457992,5,5
2026-05-06,RWA,0.44856727586740797,26.684907283872647,0.10519185797517729,50.74645455789387,0.0019271113984701063,0.6986875245813917,-0.12254487308251001,1.4796387046025663,82.39503769747901,5,5
2026-05-07,RWA,-0.06375854584309348,25.375790788689514,0.047971890789294994,47.38409204240588,-0.004279545447785065,-0.21101105678246188,-0.4275726888669456,0.8286623909168065,80.01301467146564,5,5
2026-05-08,RWA,-0.26016139184825904,25.375501537444382,0.028198229859172603,49.969213572156065,-0.009391283050022702,-0.5224135483417988,-0.18421037644944546,0.17344489041246522,76.6785945670495,5,5
2026-05-09,RWA,-0.8526410016929139,23.38281689478952,-0.03246542965325707,46.6532783057129,-0.016136880299663866,-1.4567276641122022,-0.49046552084377604,-0.7677133620634141,70.03480615490355,5,5
2026-05-10,RWA,-1.1737991323999344,20.907551078289814,-0.036830806209800504,40.76217142497193,-0.019923329659230375,-1.4749386085807359,-1.027857831414854,-1.4939054551782511,64.26926115980493,5,5
2026-05-11,RWA,0.19201458067035493,24.743887052744935,0.11929512374517906,53.36415653166143,-0.011368960974301302,0.9752294834145483,0.16863401740127634,-0.973135926193856,69.11517709298933,5,5
2026-05-12,RWA,-0.6942549848765088,23.368681734141774,0.007547154067666879,50.35328621138873,-0.012597215072853827,-0.7805511902464656,-0.11943783713335017,-1.31916965093022,65.94401173026557,5,5
2026-05-13,RWA,0.10711698429229179,23.610781265521357,0.11579138402671081,49.10580636405959,-0.005824540661535836,0.9221516158942593,-0.23804428537223915,-0.8421963322300784,69.95541941241056,5,5
2026-05-14,RWA,-0.18118702755076857,22.910934659959842,0.06731980705332222,46.314765486917004,-0.0043800354233061445,0.14948962465100582,-0.5054050966026339,-0.7988703617346086,70.61063084027356,5,5
2026-05-15,RWA,-0.7016102946830017,22.252236703717024,0.018045456893084393,45.761513542195964,-0.006392094873138066,-0.6336288467009524,-0.5530481405816055,-1.091594388842012,67.89241163907482,5,5
2026-05-16,RWA,-1.0903072964461318,20.19084732268415,-0.017371555500570204,40.89982799310219,-0.009566274823330896,-1.1788180872169292,-1.0164580139963648,-1.5279631676654373,63.13675053986185,5,5
2026-05-17,RWA,-0.2961815728996726,22.07038641430986,0.05681589467727076,48.49857179610905,-0.006285949410377535,0.014953000346180707,-0.25860356770297277,-1.3447498595352783,63.55576734909363,5,5
2026-05-18,RWA,-1.2224544617727005,18.184076108335127,-0.016119217373444714,36.12439963893188,-0.008506716425052489,-1.145351987425584,-1.456093168468513,-1.6575633152632125,59.09932780109252,5,5
2026-05-19,RWA,-0.8721886103550015,20.18348034435907,0.007890071722916248,45.836868181069285,-0.007852891594068344,-0.7462036324590873,-0.4873742774700804,-1.705412045772008,56.72050289537386,5,5
2026-05-20,RWA,-0.5059746009719487,20.078078763113083,0.03390577934335384,45.799047082428736,-0.005285659591091424,-0.32021633528620913,-0.4858562617407485,-1.554280866645677,56.35266166409782,5,5
2026-05-21,RWA,0.7893473083969355,24.495711772285766,0.18844536341197024,57.42640058318218,0.006560421041787806,2.1065875545223176,0.6748584184383231,-0.45076872463469275,65.80050763124875,5,5
2026-05-22,RWA,0.21709782935435748,23.472971218159906,0.08402846439963241,52.709116266086134,0.007060362805968256,0.4446636773142043,0.19648007515217383,-0.26259118349805816,67.25458788459653,5,5
2026-05-23,RWA,,,,56.006384917061645,0.005648290244774605,,0.5268015885893949,-0.26224604912909744,67.25458788459653,5,5
2026-03-24,Smart Contracts,,,0.16024118917175156,,0.0,,,,81.66714354868182,1,1
2026-03-25,Smart Contracts,,9.318606152040989,0.06949591607297423,0.0,-0.005791151331659861,,,,74.1625059536357,1,1
2026-03-26,Smart Contracts,,19.414746488355703,0.13384291747423857,41.48949495304942,-0.004997676562454689,,,,72.29342835402858,1,1
2026-03-27,Smart Contracts,,24.043350645661043,0.19125293020770753,57.296801704980794,-0.000549992672086299,,,,74.81643673504274,1,1
2026-03-28,Smart Contracts,,18.133656978008247,0.08429689728045034,38.11358366670773,-0.004533279737813253,,,,68.9194895089,1,1
2026-03-29,Smart Contracts,,18.60094727253941,0.107531264699066,42.309447154387335,-0.0052733461106450686,,,,65.37339419106691,1,1
2026-03-30,Smart Contracts,,16.900203781674982,0.08175541437848345,39.34973183319985,-0.007057527659466884,,,,59.89640400762405,1,1
2026-03-31,Smart Contracts,,15.551026739800069,0.06936014684944593,38.06908913017639,-0.008532607560315146,,,,54.20433229587204,1,1
2026-04-01,Smart Contracts,,20.37181881580425,0.19152334436236335,53.10939124616175,-0.0011299679861838594,,,,58.65519831821132,1,1
2026-04-02,Smart Contracts,,18.122256540714083,0.11223444193542252,45.87794642103073,-0.0014046313976149461,,,,56.15445908657127,1,1
2026-04-03,Smart Contracts,,16.766535859503055,0.08481171510652838,43.814605957199774,-0.0031637016795276543,,,,51.871574937809875,1,1
2026-04-04,Smart Contracts,,18.97600599470083,0.1660737580370798,50.422037855769474,0.0011822627554725698,,,,54.379325182474034,1,1
2026-04-05,Smart Contracts,,19.18131063713079,0.15911989152459194,49.919672587520985,0.0034944941716362823,,,,56.0364786220092,1,1
2026-04-06,Smart Contracts,,16.455707847712382,0.06964092150528288,44.24711633903788,-0.0008637138312642401,,,,50.06199988197449,1,1
2026-04-07,Smart Contracts,,19.387097251383857,0.1958170113707352,51.94699257426687,0.004590211121797916,,,,55.051783236365075,1,1
2026-04-08,Smart Contracts,,24.32967646430616,0.28920114260646235,61.98939131719877,0.013805118949424666,,,,66.54408686950285,1,1
2026-04-09,Smart Contracts,,19.56990978047105,0.0799700292116554,47.46153827987266,0.0055506146787390395,,,,60.671642817925715,1,1
2026-04-10,Smart Contracts,,20.435773280135862,0.1676306121005373,48.91778069487301,0.005713619587436741,,,,62.69453807380005,1,1
2026-04-11,Smart Contracts,,25.41938757111984,0.2855702442944635,59.12914638630901,0.013063326883334803,,,,74.03876034809916,1,1
2026-04-12,Smart Contracts,,22.31206375904756,0.10415230430748489,49.86597280747142,0.005398161337582237,-0.5377329129296233,,1.500018727098948,69.47854341320844,1,1
2026-04-13,Smart Contracts,-0.026415828591832183,21.67368543928591,0.09186045862701772,50.40515264407173,-0.0004952862472743639,-0.6957043262246237,0.37261443960306456,0.7589743451578254,65.32623426978942,1,1
2026-04-14,Smart Contracts,-0.109098596098905,21.23309386802667,0.0980262751973134,51.1551127032514,-0.003790257335340673,-0.58425994494011,0.4200011161946498,0.24641344750662275,61.74232766251472,1,1
2026-04-15,Smart Contracts,0.7300429958253027,22.349742388273356,0.20811743896541307,50.675234767257635,0.0013570857658049247,1.054515891581447,0.371670040324677,0.880888227261759,67.51210568066622,1,1
2026-04-16,Smart Contracts,0.16301638106077945,22.49965140760029,0.13752397068573835,51.03639714898066,-7.888563013194174e-06,-0.02507938497280236,0.39156113784919505,0.6911464269491142,67.1067390964325,1,1
2026-04-17,Smart Contracts,0.7782794013861634,24.47175177982436,0.19396073592963228,54.369164554044794,0.0027236876347686307,0.828592697077272,0.6515728527070893,1.0658685171022482,71.5202571594888,1,1
2026-04-18,Smart Contracts,-0.5322459488849649,20.965612063300078,0.05088088853125675,45.60634826626749,-0.004859183345460492,-1.3435710188152246,-0.09177991596633185,-0.02139959026862058,63.96801850691493,1,1
2026-04-19,Smart Contracts,-1.0714263200067593,18.56087809204272,-0.0010031044999030056,44.09502535489342,-0.01267846192860754,-1.9415870102272839,-0.21866757422868763,-1.3327377358994892,53.131711284212656,1,1
2026-04-20,Smart Contracts,-0.4518884060517847,20.205704262236257,0.10232620141126722,51.19317064740621,-0.01030176980195677,-0.43186664734894936,0.40124674747347544,-1.2904808947323396,51.2874133251275,1,1
2026-04-21,Smart Contracts,0.609843875766969,22.11288455428082,0.2310367227037275,51.28331502025034,-1.578120405925417e-05,1.3890304423805067,0.4010166095670134,-0.03259045467449874,59.64125216636105,1,1
2026-04-22,Smart Contracts,0.7578399424118525,22.942998692131376,0.23174119307118154,47.75465760211724,0.006519381518385542,1.3322368070281143,0.07700349612800697,0.9524061018448493,67.09994820521227,1,1
2026-04-23,Smart Contracts,0.08380142043670752,23.73132058575368,0.11962853445826133,51.67700867502406,0.0031464306195548596,-0.26115261835253745,0.4336040788664249,0.6160192822010269,64.79044342364045,1,1
2026-04-24,Smart Contracts,0.7039698506807225,24.67932476876281,0.1945653096673234,51.15135637524463,0.005669968247717462,0.8025554057420093,0.3769981915620798,1.0742383123943624,68.37502656490932,1,1
2026-04-25,Smart Contracts,-0.40364340581356895,21.368952993988998,0.08210863194751326,41.2618258709851,-0.0002149127469819708,-0.8136086382867596,-0.5590465810693485,0.32317876743176216,62.97256586644723,1,1
2026-04-26,Smart Contracts,0.744628789686025,25.765736156384143,0.19713478127122802,54.23487105514299,0.003456379959872327,0.8475223577709489,0.6825573086592897,0.8771168656809432,67.6777414875881,1,1
2026-04-27,Smart Contracts,0.9644038800124614,27.3019743471502,0.212668466349457,55.48598011587225,0.006567587554102469,1.0431235180411915,0.7855651618631121,1.4184008947442013,72.6726676916654,1,1
2026-04-28,Smart Contracts,0.7339748589632936,27.12076371759335,0.1735632163492248,53.3305508132064,0.0056627519565606715,0.4617534220656289,0.5630298409269383,1.4185611474908422,73.78748913907361,1,1
2026-04-29,Smart Contracts,-0.1276745632661499,24.371365119975486,0.10552373331397939,45.302266822607855,0.0004287495534786583,-0.5380614560746189,-0.23052127396281302,0.7675474941936411,69.2455312971867,1,1
2026-04-30,Smart Contracts,0.7095858601043016,26.889628733864896,0.19125943575972867,52.426875986564795,0.0025682802048962563,0.7313284296179516,0.4784456564487795,1.0811910281458283,72.09328799916253,1,1
2026-05-01,Smart Contracts,0.23791272923555926,25.99089292931152,0.15895201820549493,48.383658902095384,0.001678151015403015,0.24101838317760774,0.06627397700079492,0.9963431167025698,72.242407253942,1,1
2026-05-02,Smart Contracts,0.025925456659899926,26.560773962620416,0.11362779100330898,53.184454941219826,-0.0018987754528371095,-0.44421549736708243,0.5520114559009681,0.4863696157117103,68.87097912575011,1,1
2026-05-03,Smart Contracts,-1.0836327043690936,22.847754513427265,-0.022901341606365172,48.97657581450964,-0.012788382305903925,-2.336786772269756,0.11265227914405264,-1.2374042889249024,55.212869261888706,1,1
2026-05-04,Smart Contracts,-0.9647072053419518,20.996928366421262,0.045017376725088515,47.229961304910866,-0.014614052838855205,-1.3081046031451355,-0.07061587599366216,-1.8162957481029165,48.421758673330444,1,1
2026-05-05,Smart Contracts,0.22539346451888861,22.709553812216726,0.20509442302588154,48.782974305255244,-0.004748281442985998,0.9666222066627301,0.09405510135397765,-0.7558993716877483,54.867338736613945,1,1
2026-05-06,Smart Contracts,-1.2044063129870786,18.888706959597258,0.014236751071987602,41.34111202215417,-0.010456732363624129,-1.693091248324034,-0.6979002354484292,-1.6846864649064268,45.539854637743964,1,1
2026-05-07,Smart Contracts,0.551505746268395,23.747304946211624,0.228873161343225,54.02082759081315,0.0002739603483359436,1.2776311730954373,0.6695525049569047,-0.40100660071746697,53.74634267404936,1,1
2026-05-08,Smart Contracts,0.5204252616110097,23.79068495469737,0.20198994823697022,50.28328999345159,0.005332026625358819,0.8859094839503809,0.2575204793993838,0.35853275713085264,58.66628861094284,1,1
2026-05-09,Smart Contracts,-1.4206350071776925,18.8551797282391,-0.07683070582050883,44.618773646268274,-0.00952076331924541,-2.7166027551234917,-0.3645203896566159,-1.651203140596198,41.23404123424454,1,1
2026-05-10,Smart Contracts,-0.1527881504995117,20.25790214821466,0.1403372781521599,48.201400130130054,-0.004400148509566281,0.0823513339030504,0.03524254001612722,-1.1468249737707494,43.10821827758489,1,1
2026-05-11,Smart Contracts,-0.07128440414635498,20.43958306002045,0.13976514012914698,47.669293820471815,-0.0009146587154181349,0.07413949006886181,-0.024588428066006907,-0.7508193066481647,44.3543698649751,1,1
2026-05-12,Smart Contracts,0.43710182932504316,22.29536746753677,0.1949475671956672,50.676697595671264,0.0049234620455355475,0.787754843393859,0.3151448120452934,0.08512909867331332,49.28623429813974,1,1
2026-05-13,Smart Contracts,0.45065964496465705,23.066785607636483,0.16576192742126936,51.95426477164314,0.006534727888605105,0.3974520857875833,0.45680711181165523,0.4675909859757846,51.16770121300443,1,1
2026-05-14,Smart Contracts,0.3667605285646589,22.585879608446994,0.15563012003096777,48.78447565032934,0.006613294841776913,0.2597263383061186,0.08771890645773742,0.6669588455681097,52.29198686171005,1,1
2026-05-15,Smart Contracts,0.5183855355597133,23.38340965898819,0.16700971285447147,50.27887729591872,0.007084811484977057,0.408325271850197,0.26039999856659063,0.9222547296462487,53.91792719805517,1,1
2026-05-16,Smart Contracts,1.5253033106228975,27.282819762795658,0.2990580359041518,56.05430860293675,0.015462552439999767,2.0861295815950904,0.9276520512580706,2.2653083416934017,65.46004092826107,1,1
2026-05-17,Smart Contracts,-0.10903412236098127,24.272749725679446,0.04478680809162042,52.0522345891214,0.003667333092352979,-1.21824381068222,0.4481335771953838,0.9819738606091785,55.38821593792729,1,1
2026-05-18,Smart Contracts,-0.32086350462622226,22.367652003910123,0.05790638464792339,50.40421298955613,-0.003097684201739905,-1.0276894707351434,0.248845918087836,0.10394320362725817,47.62033057342525,1,1
2026-05-19,Smart Contracts,-0.9377553076570527,18.621418193624738,0.01646652905579408,43.60885211734608,-0.009830030164694102,-1.5212666888443445,-0.5634621691202034,-0.9583630934931435,37.48486262708947,1,1
2026-05-20,Smart Contracts,-1.9064025339886814,14.538034909879176,-0.14053034370729153,44.63298445204333,-0.023541151916619235,-3.17957874948584,-0.4347112572690712,-2.9675658154102154,16.174347348261545,1,1
2026-05-21,Smart Contracts,-0.7125003862321349,14.596194627476724,0.09396828711893984,45.38533679658321,-0.015869691991633204,-0.41819323502193156,-0.33953659904995714,-2.4101146786230956,15.321676702183444,1,1
2026-05-22,Smart Contracts,-0.1926004319682905,15.99398205845795,0.15325668672610676,48.36914666214487,-0.006343532121954959,0.2813949112405805,0.02760066616065497,-1.5388523982581894,18.687717891373214,1,1
2026-05-23,Smart Contracts,-0.47045125222386297,17.174223169141086,0.06738563417494298,55.541864849658815,-0.00540353822497994,-0.7226384460550089,0.9044224751941662,-1.5188969925598994,15.429708794169693,1,1
2026-03-24,Solana Eco,,,0.3691631820493578,,0.0,,,,84.755399830038,2,2
2026-03-25,Solana Eco,,10.199875277650722,0.28951674622907625,0.0,-0.005082849465453921,,,,81.29095508613548,2,2
2026-03-26,Solana Eco,,32.09122081167239,0.7596779659444467,85.51376376476865,0.02201394583073178,,,,83.67139515438728,2,2
2026-03-27,Solana Eco,,19.196024363345547,0.161749339238023,40.96422035181476,-0.0003533127260794055,,,,74.3152742880269,2,2
2026-03-28,Solana Eco,,19.406009329655905,0.2379738933351248,44.64078895258547,-0.00952746698099362,,,,70.20762553203345,2,2
2026-03-29,Solana Eco,,19.96509571466954,0.3087069349649539,47.66523005502884,-0.010280255198797685,,,,68.95122012381549,2,2
2026-03-30,Solana Eco,,16.501611560414574,0.08214395405810433,40.566378507461636,-0.024664538770706484,,,,59.26591495552734,2,2
2026-03-31,Solana Eco,,20.848867055469114,0.5977129886344075,55.61044042398948,0.0005786153145337144,,,,60.63670981831284,2,2
2026-04-01,Solana Eco,,17.618141267833266,0.18944045276407415,46.32483651516878,-0.009622537782140457,,,,55.83639717003084,2,2
2026-04-02,Solana Eco,,20.620953493479213,0.5120589701885053,52.58147402513652,0.005160956588382155,,,,63.10081798928436,2,2
2026-04-03,Solana Eco,,19.480860900214164,0.3074067378169272,48.96115790955104,0.0011684184394300844,,,,61.67844583307844,2,2
2026-04-04,Solana Eco,,20.034596352623375,0.3553849054996584,49.77190907257254,0.0017363411854103986,,,,62.820695543678724,2,2
2026-04-05,Solana Eco,,20.446818758312773,0.36314525712487433,49.90063225083423,0.0025623364833063838,,,,64.17508692388014,2,2
2026-04-06,Solana Eco,,20.624391337941727,0.3659949624811169,49.947735663254676,0.003187560562765139,,,,64.50298740822845,2,2
2026-04-07,Solana Eco,,22.040716221273343,0.47553170516410026,51.693499783058826,0.010455422239233986,,,,69.13915537563405,2,2
2026-04-08,Solana Eco,,21.796787788833154,0.34377720326838646,50.84978417959753,0.006083293602714224,,,,68.1816655512691,2,2
2026-04-09,Solana Eco,,20.10986243204715,0.3804706673029443,43.12814753013135,0.0053807293536883806,,,,68.52818392657682,2,2
2026-04-10,Solana Eco,,22.04348650762614,0.26644764288072914,52.300830165548625,-0.002615631412385703,,,,65.7701782655449,2,2
2026-04-11,Solana Eco,,21.964488582121515,0.31545057708804347,51.72323030276479,-0.004354522711859954,,,,65.1010367384887,2,2
2026-04-12,Solana Eco,,23.056261572087266,0.439573700174236,52.84320235127036,0.0027237219761833396,0.5480254297766259,,0.4134142445433984,68.56438969994863,2,2
2026-04-13,Solana Eco,0.42141627059106235,24.39567172094707,0.3809380971672945,57.00253933166018,0.0032878805472086317,0.15938260751244648,0.572327382774318,0.5215241190918648,69.70173138600244,2,2
2026-04-14,Solana Eco,-0.34732515063559055,20.00564849030556,0.2953034489767394,41.124061387271475,-0.0019909477193773128,-0.4060178710303941,-0.4942983578942715,-0.005470173333045792,66.78030897647594,2,2
2026-04-15,Solana Eco,-1.2441794872911782,18.954756029194932,0.03902319059426642,45.15265656283525,-0.02154098844833566,-1.9246666396793255,-0.20967000922308293,-2.047473857190023,55.05084471142512,2,2
2026-04-16,Solana Eco,-0.34464604982043767,19.236553592056563,0.3401087870308458,44.38075099368926,-0.013392220213201902,-0.003829551672982161,-0.2585675290212961,-1.5173414935256093,56.67252030669245,2,2
2026-04-17,Solana Eco,-1.1108064188003308,18.210713127586928,0.13121675200114277,44.25810761295247,-0.020824604491174528,-1.2906068522763656,-0.2616829251381406,-2.2277591131712366,50.36132446024795,2,2
2026-04-18,Solana Eco,-0.8967019909232924,18.07559357100472,0.21540573321747666,45.54337309254367,-0.018882126189843938,-0.7281571903581199,-0.16308002972328656,-2.148828084241687,47.040954276249025,2,2
2026-04-19,Solana Eco,-0.222470125751395,19.533221002689285,0.3386160057072144,49.27252230361671,-0.008632209734159048,0.06866663021712686,0.11692540520830763,-1.4924426100832977,49.25544493458343,2,2
2026-04-20,Solana Eco,-0.19233818630928065,19.588984941002717,0.3148206456167963,48.50091921875098,-0.003074551030140364,-0.08695617329200908,0.05630169170185047,-1.1232226373671554,49.843249818657846,2,2
2026-04-21,Solana Eco,-0.9853745324143675,16.77940908794671,0.14963840427300262,40.75481069563901,-0.009765223165927935,-1.1493717122620646,-0.5410576662617969,-1.6175416175102877,44.34946999552998,2,2
2026-04-22,Solana Eco,-0.7102353253218423,17.954987146308227,0.2223439078652634,46.43567236203429,-0.008578478641768243,-0.6477511623183065,-0.08623645123825431,-1.5770203052126341,42.01355713770095,2,2
2026-04-23,Solana Eco,0.32599536098917326,20.54976589654112,0.4477562440584571,51.777998503374306,0.00724841231862557,0.8495347569996496,0.3414944941465484,-0.4640103562054548,47.46489018574806,2,2
2026-04-24,Solana Eco,-0.8098853741281204,18.09552569802648,0.12116922944354692,46.54877334269727,-0.0038220379336763102,-1.3054386137834035,-0.0885960684895386,-1.1796087075885706,39.95718474348031,2,2
2026-04-25,Solana Eco,-1.4293097735682931,15.020332970127882,-0.0356883031769123,42.064982669270094,-0.02033043905528889,-2.1421969019294633,-0.4562021140149376,-2.2817642935887044,28.03608135674484,2,2
2026-04-26,Solana Eco,-0.6753165810824687,15.328903167884885,0.18979193280934056,44.602691839412905,-0.014935604400765003,-0.7104488071262917,-0.23669981006481197,-2.012692319135246,25.325175128364997,2,2
2026-04-27,Solana Eco,-0.576703133138573,15.274294412040398,0.19362523009390284,45.85434221613703,-0.01020600060176946,-0.6719797352764613,-0.12681092454860282,-1.774497167133357,22.573133881892044,2,2
2026-04-28,Solana Eco,-0.8611633439637213,14.831232534386183,0.13817522361166926,46.475302876456865,-0.009901344671755671,-0.9967405982816421,-0.07139268376013715,-1.7763037020616075,18.95289054993445,2,2
2026-04-29,Solana Eco,-0.1464482195809014,17.108863484637666,0.24926635203182346,55.04477475625484,-0.0017352975814493993,-0.2844654463436306,0.6766218813130103,-1.3241491131022367,19.236093865043983,2,2
2026-04-30,Solana Eco,0.21966455850462038,17.18020181585308,0.3762863735336744,50.94720305456766,0.01195053934332374,0.5267916478276636,0.3049453701442848,-0.46510650222324124,24.816417073376247,2,2
2026-05-01,Solana Eco,0.027272792883087912,17.56555846830499,0.23919759910085184,52.937610536493374,0.011496595367115559,-0.36191877879052625,0.4778149930042116,-0.33538936886945675,23.73219252038283,2,2
2026-05-02,Solana Eco,0.536197866588939,18.937492428878134,0.3882089688246037,54.540940677177375,0.020435946900194856,0.6104693645374929,0.6138734545610494,0.392735439046464,28.287489387559752,2,2
2026-05-03,Solana Eco,,,,51.39344057425896,0.016348757520155886,,0.3184239594228267,0.387291246921394,28.39186579271196,2,2
2026-05-04,Solana Eco,-0.5898176644613654,16.848068367687272,0.0655884822586799,52.08997863234953,-0.0012775500967012257,-1.4738758036817414,0.3783080317910819,-0.561749447162041,19.28435111192755,2,2
2026-05-05,Solana Eco,-0.17981324745245153,18.672653601525095,0.18273378220234976,60.415163830611675,-0.0020162162165888765,-0.69468497688678,1.1334286745585131,-0.6185626040345693,16.948528952290836,2,2
2026-05-06,Solana Eco,0.25930260064634914,19.09608619043582,0.26408917884219263,60.614661664719726,0.0030590621369048776,-0.15700723811294254,1.121471456841081,-0.29818838607524134,18.449703719865244,2,2
2026-05-07,Solana Eco,0.9245763432639108,20.433329044200086,0.46775958726425415,60.10934006143853,0.019311239854078968,1.1674420900446243,1.0480750367970229,0.8408678331327941,26.439068194497576,2,2
2026-05-08,Solana Eco,1.6168796249243906,26.049071504373444,0.530543379695833,75.58013533152594,0.032681846630921385,1.523711622669465,2.3123027009192922,1.918145424201083,35.86855929130539,2,2
2026-05-09,Solana Eco,0.8672532777918479,25.68724753104693,0.31445024289618845,72.57545998307891,0.02567366861103726,0.11232021456780837,1.9357856409724112,1.7986791170604601,37.28378747094064,2,2
2026-05-10,Solana Eco,1.010145321618006,25.22227195979891,0.34057272640359443,68.33943113678744,0.021658962899629364,0.2814633344272309,1.5155585828926468,1.7867066882613007,39.41240081446589,2,2
2026-05-11,Solana Eco,0.5981540433670347,24.806552087513204,0.29247902672784265,65.7864344310907,0.01494529655953837,-0.03870620782412648,1.26389912783851,1.5763554318986632,39.77334798793923,2,2
2026-05-12,Solana Eco,1.1891030171467152,27.106253236469815,0.40824943468017977,71.23979326410435,0.017315276646709343,0.72968636306329,1.654100145945301,1.8240087672660719,43.85993319996318,2,2
2026-05-13,Solana Eco,0.22824366791965708,23.762167849833553,0.21643192256653004,59.816785060372716,0.005585464567493446,-0.5614918455267378,0.7029126444264754,1.2879856202591753,39.90210153357782,2,2
2026-05-14,Solana Eco,0.7480733501064764,24.452086711636618,0.35764495413251246,60.19950821799293,0.006873572922528942,0.3967587294286287,0.7235989496478625,1.391381374829422,41.58745450944443,2,2
2026-05-15,Solana Eco,0.32609387167752435,24.758315900276017,0.2657660935715988,62.083036652791876,0.001362490564806999,-0.23264468570682698,0.8653305625864394,1.1202867308584585,39.42547699565845,2,2
2026-05-16,Solana Eco,-0.7683139497557032,19.44513992400306,0.007975313006441463,48.145978037087346,-0.018712509291409087,-1.9286736289963626,-0.29330166972942384,-0.05564452362612716,28.335619128674438,2,2
2026-05-17,Solana Eco,-0.3617717402423847,20.28273775521401,0.18291463472965558,53.39353005594928,-0.019205052035436303,-0.7374675852915825,0.14658839957763448,-0.3065967358961195,24.56053460961738,2,2
2026-05-18,Solana Eco,-0.23709011593065007,20.52457608483624,0.23085284289784033,54.651109218139986,-0.01545901230320322,-0.4082549286569325,0.2509095445727238,-0.309316608569578,23.292442343936777,2,2
2026-05-19,Solana Eco,0.1019348443783077,20.309090505435123,0.28756221276693017,53.05412747646662,-0.008657695517844732,-0.02075944260130527,0.11315080063522251,-0.08235484916278431,23.578224143172196,2,2
2026-05-20,Solana Eco,-0.2877972280970802,19.232969645697324,0.23696957859767873,49.19546159234111,-0.0071259571119950404,-0.3658352238140425,-0.21824925060711123,-0.09383749285549892,22.23242194987881,2,2
2026-05-21,Solana Eco,0.012482195811410579,18.485719243160116,0.3015468267547777,44.625539728698925,-0.0016112702741217788,0.08204747923605356,-0.6092329765246489,0.15866003697928982,23.47385867900926,2,2
2026-05-22,Solana Eco,,,,42.28207317892956,-0.0012890162192974227,,-0.8031955849349272,0.1573213506603997,23.219266468836842,2,2
2026-05-23,Solana Eco,,,,49.49096683399904,-0.001031212975437938,,-0.16814164615955143,0.1650057763634271,23.219266468836842,2,2
2026-03-24,Store of Value,,,0.035824928857116335,,0.0,,,,34.683950803088564,1,1
2026-03-25,Store of Value,,29.269496858137252,0.08348992750296287,100.0,0.0030418688594500364,,,,37.371892775510716,1,1
2026-03-26,Store of Value,,21.501652093982234,0.06134009402118681,68.27345593084601,0.0033685098765035516,,,,38.19287305916616,1,1
2026-03-27,Store of Value,,9.984313937012699,-0.0504847189500435,26.241517164331626,-0.0037543495865170013,,,,31.470967489845133,1,1
2026-03-28,Store of Value,,12.135939726303357,-0.0193899498664665,37.02257955399885,-0.0060436688039529965,,,,27.74640429872884,1,1
2026-03-29,Store of Value,,11.640547441973942,-0.01954191701992832,36.99615129685375,-0.0071637277052553185,,,,24.295701831708037,1,1
2026-03-30,Store of Value,,13.788935544629016,0.01602481291036392,46.015321392868515,-0.005196390167316426,,,,23.2449982084872,1,1
2026-03-31,Store of Value,,13.127272010326289,0.006022068118130691,44.234438872174465,-0.004293357232556242,,,,21.64558970785352,1,1
2026-04-01,Store of Value,,15.078223486480008,0.04345520213260929,51.28938107389753,-0.001067715886521165,,,,22.447537846443044,1,1
2026-04-02,Store of Value,,14.082356631883343,0.02141099345723489,47.73318177267578,-0.0003486735542469442,,,,21.63415801262217,1,1
2026-04-03,Store of Value,,10.53773399072331,-0.0646296991827821,37.56669302381418,-0.005321723711732923,,,,15.432808747842643,1,1
2026-04-04,Store of Value,,10.031655636197788,-0.05668051320030127,38.77151498189134,-0.00759142789980626,,,,10.394999928715853,1,1
2026-04-05,Store of Value,,11.62187705619498,-0.0028557274399938076,45.84746819480047,-0.005102769558892446,,,,9.395548291439628,1,1
2026-04-06,Store of Value,,12.966643718707589,0.039627087481378324,50.37405835464636,-0.00047430919017429386,,,,10.970096218482242,1,1
2026-04-07,Store of Value,,14.653061392026437,0.08325494253351434,54.2972982051733,0.005326860926731295,,,,15.331466707512988,1,1
2026-04-08,Store of Value,,12.773620279277123,0.03933284364584291,45.971918955537916,0.005959581349782472,,,,16.305264750281136,1,1
2026-04-09,Store of Value,,15.98913662235019,0.11720751853885934,54.62600859441353,0.01107885185595465,,,,22.388982885931032,1,1
2026-04-10,Store of Value,,17.427006341866548,0.052807297839734,59.28190765586756,0.00963694201518754,,,,23.75327671492665,1,1
2026-04-11,Store of Value,,17.84907050154494,0.07663559057972859,58.74311611486759,0.009766771810225587,,,,26.617788628736065,1,1
2026-04-12,Store of Value,,16.907808524097618,0.036335468175830304,54.74101615690815,0.00676014557955723,0.22953798642270076,,1.5028577663814988,26.301636408853994,1,1
2026-04-13,Store of Value,0.7150548316594941,16.97323340647483,0.05888405025863588,53.71861603424533,0.005940711545548165,0.6611248714264014,0.20723506200459593,1.4593681213807477,27.881453585715168,1,1
2026-04-14,Store of Value,0.23103756305643605,16.525141251637258,0.029597353353414124,51.97924239423631,0.003213576801916758,0.06049024055754178,0.08999476227346749,1.1623366975004874,27.328035597926686,1,1
2026-04-15,Store of Value,1.0148012642916375,18.041532099098323,0.10525607172503414,54.87550860510887,0.006123739961207363,1.5210052318513243,0.27979092060068905,1.5524314190844346,31.897845255841258,1,1
2026-04-16,Store of Value,0.46143243489721064,17.824308027394125,0.059364623111150816,52.88560987318814,0.00464369173607533,0.5756303790317918,0.13860608533585964,1.416494849531278,33.049617458436096,1,1
2026-04-17,Store of Value,0.5644743842463061,20.186922763051694,0.05951609646818691,60.8567077762883,0.0034172984440748837,0.5636161021334133,0.68323719653411,1.2984698453634114,34.401306345706715,1,1
2026-04-18,Store of Value,0.46278850257067783,20.1652088767715,0.05375254198321008,59.69457085551549,0.0020289087402379814,0.43353024322843775,0.5837645287884382,1.1475056546276587,35.233425187884556,1,1
2026-04-19,Store of Value,0.7582557774460787,20.02781980143662,0.07564424583551614,57.300581044125394,0.0023720341922686752,0.8678752671868157,0.4003891170196796,1.1908092185404175,37.413001257429464,1,1
2026-04-20,Store of Value,0.6188682350663154,19.32105908862882,0.06911348849292608,52.938788109739576,0.0019631911766469987,0.709307872147074,0.07576193677903133,1.1485087749983252,39.018887675920794,1,1
2026-04-21,Store of Value,0.13957029399649368,17.915627122282775,0.05151260334608602,46.663261790411795,0.0003935169155763196,0.3251515445428724,-0.39038493552847586,0.9590727760758744,39.390955948353955,1,1
2026-04-22,Store of Value,0.753838281373304,20.61053050690292,0.08716726478691832,55.11727477681426,0.0015762887013327665,1.0633147550058806,0.2540564748947192,1.0846882070070045,42.298566389712995,1,1
2026-04-23,Store of Value,0.8049644537116212,19.8372325031643,0.10817881836178106,48.90033014153374,0.0034841558782153226,1.4420218952710446,-0.22748163292308257,1.3158016109857393,46.300468724916016,1,1
2026-04-24,Store of Value,-0.06852135367755675,19.227864450685935,0.027338912536794813,47.01746260067603,-0.000761378042526295,-0.2771474341307046,-0.3701850517211797,0.8304509093403475,44.53690354316682,1,1
2026-04-25,Store of Value,-0.045093094012826886,19.067490373085963,0.043431484886184556,46.0398004709309,-0.002453447016816719,0.07017525957237099,-0.44068200616447756,0.5770214909177227,44.24763340157314,1,1
2026-04-26,Store of Value,1.315867911411027,24.336185481805266,0.1554006205911511,62.127437148827035,0.0036678576103873865,2.284034495752734,0.8496775804228708,1.2701373627060366,51.53691515331341,1,1
2026-04-27,Store of Value,0.06304166047484597,20.922644195952795,0.04436438799101828,48.74696401145133,0.00012550312381857769,0.01484213340986478,-0.243362041642609,0.8791225149324009,50.70295606494607,1,1
2026-04-28,Store of Value,-0.4214154785891222,19.989532376590113,-0.0022001150325881916,47.33536497907492,-0.0051740004865737065,-0.9261740271319612,-0.35504140812209634,0.18342552781677507,46.83197296338896,1,1
2026-04-29,Store of Value,0.856624837453466,22.170094903198176,0.13552508063066973,52.29755011720674,0.0004756882396866474,1.8175526307222014,0.062185908939968323,0.7809428396927813,52.2165896195703,1,1
2026-04-30,Store of Value,1.156493619540696,24.421426013488553,0.15191455080311292,57.354318973192484,0.004947505854591982,1.9977798046142792,0.4862492829933715,1.3401059520008565,58.12831608901176,1,1
2026-05-01,Store of Value,0.8913924583396159,24.185593192750883,0.11604866952546751,54.25097843988261,0.0051005457892180535,1.2654316487055188,0.21517384385337565,1.4313067405056934,61.397003053735475,1,1
2026-05-02,Store of Value,1.49132368333411,26.742542471224933,0.19019604324768205,59.30313727837523,0.009547800683692943,2.42830546054987,0.6454923184630535,2.0031021801873825,69.2597128921719,1,1
2026-05-03,Store of Value,0.48167706522178555,24.81249876432831,0.09056415735642409,50.919778516277724,0.005341506134349191,0.6535647335674776,-0.09283512490685933,1.6364140727193308,69.96747010478549,1,1
2026-05-04,Store of Value,1.8633559737496848,29.05263760754118,0.26487719525089576,59.9997572591908,0.013402186029337876,3.2045287555226913,0.7053475079988752,2.498077389811705,82.17295587718667,1,1
2026-05-05,Store of Value,0.4219776349908857,26.66418671065597,0.07821551410128347,51.163116946939255,0.005661904135934558,0.29647908045411947,-0.08812094273208834,1.822786508494456,81.34669790409214,1,1
2026-05-06,Store of Value,0.4491812158258317,26.742889556068583,0.10441401567412689,50.757468373199444,0.001994978832464682,0.6966384663612143,-0.12359255497499838,1.4856185308830092,82.73269753583422,1,1
2026-05-07,Store of Value,-0.06229057378064879,25.434274995201704,0.04698083166476178,47.39553901023528,-0.004268344946042932,-0.20981155563123893,-0.42747872305071516,0.8330224586916141,80.34831848827915,1,1
2026-05-08,Store of Value,-0.25397741644708344,25.45562683994131,0.02775344942878731,50.01861821890542,-0.009382773770997766,-0.5103974550965471,-0.18147631112747786,0.1810276403620823,77.07501887934862,1,1
2026-05-09,Store of Value,-0.8536746697229441,23.435234408882078,-0.0343524448518673,46.64513130098453,-0.01622401191396758,-1.4606131055100868,-0.49200661742134105,-0.765597438409747,70.35906890301412,1,1
2026-05-10,Store of Value,-1.1752055017146712,20.94789827643786,-0.03878737836951616,40.76820824776268,-0.02007154788460163,-1.479065243204312,-1.0261415814235741,-1.4962559644132227,64.50970621788136,1,1
2026-05-11,Store of Value,0.19175197474692493,24.791400208038947,0.11881514520614148,53.38935896659347,-0.011454396057596707,0.9759821419137386,0.1679617796062405,-0.9744338720400694,69.38050051541886,1,1
2026-05-12,Store of Value,-0.6990312375066823,23.39716337443597,0.005657498350022225,50.33726714149902,-0.012729519384329794,-0.788589783144682,-0.12300290167169653,-1.325031307312288,66.16291161115612,1,1
2026-05-13,Store of Value,0.10281665902506872,23.634995757019333,0.11484328230056823,49.089994101660885,-0.005919633591500785,0.9161962618453203,-0.24112656647603917,-0.8491743025960518,70.1657463446862,1,1
2026-05-14,Store of Value,-0.18438295716521144,22.9361431887797,0.06608705200858872,46.32814719051444,-0.004465204506488772,0.14482047749584923,-0.5046804160961105,-0.8067712367431105,70.80219112733842,1,1
2026-05-15,Store of Value,-0.6999816066312314,22.284390439420807,0.01708795045767919,45.81333134654233,-0.006449037881530332,-0.6281510637526841,-0.5484343390274333,-1.096272373856102,68.08257026879285,1,1
2026-05-16,Store of Value,-1.0937943068350489,20.184935739601617,-0.019159119825196354,40.84950066950443,-0.009655408226377681,-1.1822689365129597,-1.0201347149119868,-1.5340716996520805,63.26790430978032,1,1
2026-05-17,Store of Value,-0.2968187192696813,22.071615877793967,0.05609322562866237,48.46053538265956,-0.006322318969880683,0.019595509881297813,-0.2636898217538885,-1.3478006709880046,63.718963951028876,1,1
2026-05-18,Store of Value,-1.2186953856112022,18.20545731808132,-0.017169806294905665,36.15414862074665,-0.008528643753561022,-1.137550972490512,-1.4503789075631295,-1.6576060736042355,59.282843624124595,1,1
2026-05-19,Store of Value,-0.8697812525999004,20.201004694128613,0.006961170959406094,45.8379210231308,-0.00785641011055172,-0.7394349137474192,-0.4877810226897858,-1.7035053436590613,56.92632458367193,1,1
2026-05-20,Store of Value,-0.5096257036795044,20.0828989366792,0.032229554776632044,45.779004868869244,-0.005324698433530837,-0.32845063296987875,-0.4883122269737587,-1.55653004300786,56.51651685663868,1,1
2026-05-21,Store of Value,0.7899382766609458,24.521460186235938,0.1887253180706964,57.4279669405384,0.006626542393499652,2.111238897560735,0.6706320926842702,-0.4498088136835307,66.06289412074462,1,1
2026-05-22,Store of Value,0.2219106608552882,23.508027604149525,0.08408418766313214,52.70940483252663,0.007175008089343457,0.45788072948027586,0.19376690072590796,-0.256518019768358,67.58469537328043,1,1
2026-05-23,Store of Value,,,,56.058543122814335,0.005740006471474766,,0.5281978274449857,-0.2563227139173556,67.58469537328043,1,1
2026-03-24,Tech,,,0.20718281848469955,,0.0,,,,78.89960963761952,2,2
2026-03-25,Tech,,10.352200700252483,0.20439783334410508,0.0,-0.00017773124543964957,,,,76.99856022572672,2,2
2026-03-26,Tech,,9.654096531222029,0.1302272029835814,0.0,-0.005012804049314341,,,,72.05344154574331,2,2
2026-03-27,Tech,,28.02936390318751,0.31019804492979297,70.04760962895611,0.0037165944278534585,,,,75.35966528622842,2,2
2026-03-28,Tech,,17.16015014814726,0.02586432039986369,33.25033836569435,-0.009148972379190639,,,,66.59316518798214,2,2
2026-03-29,Tech,,20.022699286504555,0.14838180178691313,45.57072948193543,-0.008890264949292667,,,,65.75946823880642,2,2
2026-03-30,Tech,,17.548612766851143,0.06710980773387702,40.599753361650116,-0.013404184079170644,,,,58.00413103551174,2,2
2026-03-31,Tech,,16.98016995709039,0.08703041793391154,42.1465966955146,-0.014184439529928462,,,,52.13120284774054,2,2
2026-04-01,Tech,,13.437053121886732,-0.03971936042135365,36.155846780547336,-0.021911436981581992,,,,40.22143345913457,2,2
2026-04-02,Tech,,15.839328152690715,0.13697261566993002,46.714273081692795,-0.014172571293345718,,,,40.09246820725578,2,2
2026-04-03,Tech,,16.974649582159085,0.19201466443704643,49.32493216939287,-0.004876798348455454,,,,43.23434974219701,2,2
2026-04-04,Tech,,16.602034447750736,0.1569592286442025,47.832404932659635,-0.0008311816462616625,,,,43.28206120014309,2,2
2026-04-05,Tech,,18.4356009446542,0.25340123578915885,51.84144235045612,0.008105414960234564,,,,47.41674618885544,2,2
2026-04-06,Tech,,17.50899111762334,0.16521610862823916,48.43773490434266,0.007838165586580348,,,,47.306775305448,2,2
2026-04-07,Tech,,16.401986580967147,0.1104727046238186,46.540829300362674,0.003932441395485809,,,,43.42609689207279,2,2
2026-04-08,Tech,,16.394677452189306,0.1457415915842709,47.94960429850934,0.003686347488653499,,,,41.19289600114716,2,2
2026-04-09,Tech,,17.87859160207627,0.2092436950567958,52.78286775344637,0.007540315582684188,,,,42.62964748091456,2,2
2026-04-10,Tech,,17.077327196687555,0.2383809098166846,47.170017431077454,0.011551818912129367,,,,46.1669711987256,2,2
2026-04-11,Tech,,16.175360924489922,0.025516290559842055,49.98546718032931,-1.854797658806459e-05,,,,36.40038285531024,2,2
2026-04-12,Tech,,15.371092045935473,0.10515667910593782,48.12799745259239,-0.0020817629680869726,-0.4570948149212753,,-0.0076764337556376495,34.3949166190644,2,2
2026-04-13,Tech,-0.28282949455995504,15.139400600784143,0.07973299544191986,50.57447727304917,-0.004778121076111273,-0.7286905277305812,0.4797375154071993,-0.33507050501950114,29.496051711047624,2,2
2026-04-14,Tech,0.3846729922002947,16.122692585359083,0.17184815722517563,53.62202168952828,-0.0002180286472926278,0.35897655705774056,0.644264857366889,0.06185300885820305,30.676971353157093,2,2
2026-04-15,Tech,0.9523646156764042,19.394052026260333,0.24288508746738377,62.671152062160125,0.007306552253929304,1.158509122356975,1.1419713539404686,0.8735356743508965,36.9496984983666,2,2
2026-04-16,Tech,1.038785619294826,18.80977905044106,0.25680592675881586,56.29126932038133,0.012633097531919647,1.2524043091224153,0.7236846894497063,1.5251786889183105,43.39380188978106,2,2
2026-04-17,Tech,0.9517120993224895,18.754202277451096,0.2356749702116219,52.37680380724066,0.01403701325140078,0.962265298888356,0.4677195467237319,1.7824452242872664,48.35189938753848,2,2
2026-04-18,Tech,1.438311965934477,21.819079110760665,0.32395911991205056,58.593221641356116,0.019859328450184368,1.8307559137152722,0.8324109577266684,2.319614950628381,56.54162780450904,2,2
2026-04-19,Tech,0.36597294886873943,18.45915375565449,0.1643853554446579,45.698997969120136,0.01228281899275587,0.03541210067471175,0.009684786998293454,1.813514809550706,55.80619200103324,2,2
2026-04-20,Tech,0.30733557363306985,19.58240162798388,0.15747330943150395,49.5940031718589,0.006419878161625874,-0.043101503622665197,0.25820159533466924,1.424565692061098,56.73101616997432,2,2
2026-04-21,Tech,-0.06249511745948632,18.702540273641574,0.09580993005405355,49.23669080706498,-0.001570420392612567,-0.7432630933111711,0.23020674389810344,0.8150816596983133,51.52544268072296,2,2
2026-04-22,Tech,-0.3232057738539151,17.24360366908062,0.07491738128285867,46.25703540598835,-0.007869762433436997,-0.9572769191454014,0.02858601269469818,0.23062990792379665,46.73497415180283,2,2
2026-04-23,Tech,-0.10321131570287043,17.402247690429924,0.14156872421267377,46.43533405758407,-0.007174240341635663,-0.16864891467136645,0.04017847240822695,0.14979417758337416,46.3639695942807,2,2
2026-04-24,Tech,-0.5430186631176567,15.541571085847517,0.07175401559536616,41.58385861809617,-0.010823526397109883,-0.9743636175009157,-0.2940629082533435,-0.30623333615428366,41.64867501041928,2,2
2026-04-25,Tech,0.2989489655481439,19.468980942116083,0.1601856217283847,57.77993372678331,-0.006881173300034003,0.08466494277913833,0.833705180387006,-0.14039607343822355,40.40158923844774,2,2
2026-04-26,Tech,0.28312678081068754,18.696992027203724,0.16487710239914904,53.77717933407621,-0.0037156081093388093,0.13973060939355428,0.5373754425492125,0.02656028415592827,42.07132508766989,2,2
2026-04-27,Tech,0.19974126000878875,18.8927668253395,0.1420315706205278,53.953133638789325,-0.0029517418681915247,-0.14073462240177867,0.5397044685683876,0.028131746039262006,41.29080343406831,2,2
2026-04-28,Tech,-0.9283958895713249,14.649518957537564,0.007252810910225485,40.09211478866499,-0.010869846623946697,-1.7261149874272694,-0.4635903396654646,-0.7744010071424152,35.18475073573289,2,2
2026-04-29,Tech,0.018747823739097183,16.263826838937625,0.16144170393589227,45.54360005118365,-0.005348547371803798,0.14695300920946686,-0.06031194770493374,-0.44271403335371456,33.081291128091515,2,2
2026-04-30,Tech,0.22626686515452035,17.01518159009508,0.18612979707801164,46.177797897903304,5.4626227929217494e-05,0.4443106093504823,-0.012643154090731683,-0.017628848574451798,36.09247311272323,2,2
2026-05-01,Tech,0.37632548244669406,18.013383663380804,0.19350646823896342,47.68506657895593,0.003995618656363786,0.5275337804531772,0.10052094883740612,0.3697644855685473,38.90467518898969,2,2
2026-05-02,Tech,1.651056810131421,22.238142650513314,0.4229720510679388,54.70605227389236,0.020977639597817652,2.959596699609973,0.6296560175286091,2.0141646111287437,51.8400268234524,2,2
2026-05-03,Tech,-0.4112500436981821,18.008906953649284,0.013397657752346347,44.201590147798115,0.00441344831769013,-1.5519689841211148,-0.18324559654325404,0.8067925343761455,42.70102764427091,2,2
2026-05-04,Tech,-0.316404564528274,17.91754721252107,0.06988692053546228,46.75978532753898,-0.0025755020257896954,-0.9116303142994715,0.017590897346406568,0.2138003520398341,37.10111583851933,2,2
2026-05-05,Tech,-0.27698149850658355,18.34305438647153,0.08891786305014031,49.73672692122204,-0.005581136927702133,-0.6903592508040959,0.2513572532400426,-0.1290917786479266,34.816459402691336,2,2
2026-05-06,Tech,-0.11731920618086843,18.88329004125205,0.1259254361171473,51.92478164459794,-0.004772599427180542,-0.27761201922979745,0.4217335583544313,-0.1577221150596387,34.17766488560069,2,2
2026-05-07,Tech,-0.6797228292535217,16.35623400531287,0.03443242220850313,46.03162581911623,-0.00980552696992659,-1.262436708707881,-0.05682781804509224,-0.7441457248054466,27.352151153776088,2,2
2026-05-08,Tech,0.22971507724546883,18.504990785457103,0.1703421920481903,53.48129080666272,-0.003701274071629344,0.2433456912658966,0.5480960767073713,-0.3233221709967279,27.374709962990188,2,2
2026-05-09,Tech,0.3644689240331025,18.259047652257017,0.1906617581238832,51.13053829537727,0.0016952919282197127,0.4652319215304186,0.3488802784952756,0.14838895620787054,28.560893965661943,2,2
2026-05-10,Tech,0.5431642355456205,18.98712537903558,0.20677691990752053,51.54124677800809,0.006093217410289721,0.638087442396851,0.3786653676415391,0.6259181517308652,31.675218517307712,2,2
2026-05-11,Tech,-0.057602090333633484,18.36629254841113,0.11878933750582604,49.18415399962733,0.002977186235775312,-0.35959007445265045,0.17748250243144434,0.4245659194234305,30.36153913888025,2,2
2026-05-12,Tech,0.3989983009061985,20.03446545823796,0.15106169838531555,55.43939916037201,0.0029828231230055987,0.01112953147026993,0.7010349667412382,0.4813022620520392,29.404272308502065,2,2
2026-05-13,Tech,0.6260367694742655,19.86629101692189,0.2086618976041303,51.92683550571953,0.00655433059474093,0.6701957677296733,0.39479187077459443,0.9030362497986911,32.39578494853855,2,2
2026-05-14,Tech,0.820515169710767,20.976575041202402,0.23291533189633487,51.909776559751634,0.01003058106442308,0.9359880558633272,0.38891540937664626,1.3675660441361142,38.533338096065805,2,2
2026-05-15,Tech,0.5771133694142269,20.503540893457604,0.1798894467716671,49.46412663927354,0.008310248146973202,0.3130765526743104,0.17351132214452183,1.3591074006554957,38.64111213394904,2,2
2026-05-16,Tech,-1.0108491444450116,14.763457494840544,-0.02156110853495008,32.111769263146115,-0.006068076309169591,-1.9656416713391784,-1.3214713802815716,0.04320294552191335,31.372375990531935,2,2
2026-05-17,Tech,-0.06250334829856297,20.211645623277573,0.11559052964695121,55.26709309635965,-0.00600381778334445,-0.39099401310838316,0.6958956373573347,-0.07614153645352237,28.685163842918474,2,2
2026-05-18,Tech,-0.17178939510534152,19.277585261277693,0.11131608898683162,52.25675585407907,-0.0059023946212710095,-0.435684915527138,0.42648634014724135,-0.19027235173874404,28.20135567398047,2,2
2026-05-19,Tech,-0.17911628307345911,18.874042742621036,0.11677951869898964,51.5404676222907,-0.00514809326595391,-0.36848114781960795,0.3593672170124778,-0.2334418831383162,27.1949126286012,2,2
2026-05-20,Tech,0.48254410667930103,19.858391169275166,0.19748707094331064,53.77424993027444,0.000789515430984206,0.5707232164342493,0.5525819435435307,0.2902726284307007,28.67970100851202,2,2
2026-05-21,Tech,-0.4043820467948952,18.342553676961646,0.057353760634551755,51.14990197544514,-0.004430685896011614,-1.0615290007392992,0.3136599002923387,-0.25482213746436116,23.86882499359428,2,2
2026-05-22,Tech,0.0580661931855651,17.56680307687108,0.1390316982207213,48.33884785226863,-0.0022051607252454343,-0.09908558074190246,0.058403223160848595,-0.10790544752408719,22.907475280279836,2,2
2026-05-23,Tech,,,,47.200449804074,-0.0017641285801963478,,-0.045289898725188286,-0.09572764088731259,22.907475280279836,2,2
2026-03-24,crypto,,,0.07764286771341121,,0.0,,,,43.99258014667898,25,25
2026-03-25,crypto,,30.500542883297125,0.08909271928558946,100.0,0.0007307027783954201,,,,44.756858009041835,25,25
2026-03-26,crypto,,30.583990126937728,0.08994804452627116,100.0,0.001203307915982512,,,,44.98334996041615,25,25
2026-03-27,crypto,,8.202170863794368,0.008731345010627589,13.157538424097652,-0.0037510197566409612,,,,40.21498382915924,25,25
2026-03-28,crypto,,10.685836806814915,0.02389689004362711,25.27497800733505,-0.005687690720931467,,,,36.64096550751699,25,25
2026-03-29,crypto,,10.158139140663117,0.02208308406727407,24.86010563653568,-0.0067020485469215605,,,,33.628965643345694,25,25
2026-03-30,crypto,,13.227524778981422,0.045519426905116046,38.008054511457864,-0.005458463219920741,,,,31.9998704356611,25,25
2026-03-31,crypto,,11.37810711520076,0.021268990233280716,32.181368043133176,-0.005895651587505814,,,,29.48564526245496,25,25
2026-04-01,crypto,,16.77060198706383,0.08920813929491976,52.557249600343,-0.001466636835847305,,,,30.720266009349267,25,25
2026-04-02,crypto,,14.671762252242951,0.0509057929485814,44.944385074893326,-0.0009964977903624073,,,,29.496115889631294,25,25
2026-04-03,crypto,,10.95183744433266,-0.034128546855774884,34.00815748056155,-0.006012406234969908,,,,23.68573139037369,25,25
2026-04-04,crypto,,11.754363979997224,-0.002761147644020818,39.44361614228948,-0.006761730216587967,,,,20.154819081046817,25,25
2026-04-05,crypto,,13.447434310216893,0.04875088761567934,46.65867591031697,-0.003496565951007398,,,,19.609322947248575,25,25
2026-04-06,crypto,,13.907484720974933,0.0663592899455609,48.746134496441016,-4.2044799301803326e-05,,,,19.884517068091508,25,25
2026-04-07,crypto,,15.183154914870801,0.09374009676778178,51.68616525557895,0.003973817726261236,,,,23.324854347698583,25,25
2026-04-08,crypto,,15.403334663537997,0.09548528562237463,50.68351005039023,0.006485937616845367,,,,25.65761719532142,25,25
2026-04-09,crypto,,16.470799466994517,0.11493472612752036,52.56947287201735,0.009038912496594173,,,,29.258740008501167,25,25
2026-04-10,crypto,,18.219098138010743,0.08381841775991838,58.60850297946045,0.008236073858058131,,,,30.437313659223925,25,25
2026-04-11,crypto,,19.075056803864157,0.10853421315713813,59.49547667122405,0.008916265197219993,,,,33.533354172123325,25,25
2026-04-12,crypto,,17.594647632484254,0.06052684628205507,53.90795586256754,0.005828989947765337,0.07023045025330465,,1.4524174836703232,32.548464497589556,25,25
2026-04-13,crypto,0.29364051331602914,17.175122439014594,0.06458953237789988,52.01803602138164,0.003851883386871651,0.1663612405072177,0.14427768031599628,1.2310565386251295,32.733725823776645,25,25
2026-04-14,crypto,0.2557954434269267,17.773342025377634,0.062308055667734924,54.55460531081323,0.0022606033748091376,0.10629264485854381,0.25672656932563503,1.0393144822191633,32.22527903119338,25,25
2026-04-15,crypto,1.0599395452578815,18.538727899862188,0.13084817040150828,54.615145516796694,0.005509085637986451,1.7088276337402326,0.25354458444829464,1.5337701346258823,36.454767120616104,25,25
2026-04-16,crypto,0.7093844170218474,18.685778058112692,0.08819945048881825,54.093974456914985,0.004512378335121413,0.6406757564990029,0.22290041162252125,1.4457737937536992,37.62267099935888,25,25
2026-04-17,crypto,0.9492900485094479,22.533956762719065,0.09971409028616732,67.52094563121246,0.004353411957271113,0.8936475373227731,0.8641036659177284,1.4603077286881485,39.49833355736739,25,25
2026-04-18,crypto,0.3164527955482055,20.45728944327584,0.06675388201749795,59.06221665338618,0.0018796554330135617,0.06832717325521763,0.4270322782069167,1.1575878331460459,39.10385184250962,25,25
2026-04-19,crypto,0.34540458404966234,19.50337348727013,0.08158769061945774,54.733369824096386,0.001130530080814227,0.4370833688608224,0.2007584643300889,1.0565464263683721,39.508569049440254,25,25
2026-04-20,crypto,0.34542905479799835,19.349585731267815,0.08648810699643707,53.01188040608271,0.0008651379321164936,0.5510715140561994,0.10859834333013606,1.0118517020606852,40.40318873994617,25,25
2026-04-21,crypto,0.5271332916414694,18.88472888889812,0.09087399424706677,49.53945179861246,0.0008820448077220683,0.6499305307794931,-0.07545536904952203,1.0039769314489935,41.91343341178574,25,25
2026-04-22,crypto,0.8512117070720516,20.596550105295798,0.11985839612334999,53.601214387516976,0.002642814334621213,1.3497636765931948,0.14301654090326343,1.2411452862288879,45.215799165011774,25,25
2026-04-23,crypto,0.7665576796092952,20.21631976165169,0.11427965942034969,49.89907472918618,0.003192538472192707,1.1575202482248488,-0.06099327510218774,1.3376605521673028,47.6473837746541,25,25
2026-04-24,crypto,0.11348408316395084,19.833986874597432,0.07029602466913182,47.99607624154244,0.0004961980603590179,0.016574378713375804,-0.16551527343975622,1.0005912679982063,46.95693029134914,25,25
2026-04-25,crypto,-0.1447761468879884,18.38280145612564,0.05904221450567073,42.36083474982101,-0.0020057560978391804,-0.27562961151335325,-0.4790847127042099,0.6319370162413434,45.946170156478935,25,25
2026-04-26,crypto,1.392840388321618,25.111208306939343,0.17483239120327906,64.59025822437721,0.0038575058205349427,2.496269250756675,0.7905012666864304,1.3826061303426285,52.37922906911331,25,25
2026-04-27,crypto,0.27067476855998274,22.0885467905228,0.0837025425746002,51.99598724359202,0.001442616586722633,0.27027203137488337,0.05485637405112163,1.1043379565738018,52.4016861357293,25,25
2026-04-28,crypto,-0.23141980045855565,20.725017039918143,0.042961300508366045,48.12982909422284,-0.002821869791959989,-0.7212882072766077,-0.17170156858173632,0.513556197010112,49.542148444090216,25,25
2026-04-29,crypto,0.8548601209002716,22.136339030400038,0.14393346057857187,51.19026935123847,0.0010281534623662655,1.6941270753695108,0.012105310145857865,0.9727398583638489,53.104099727563735,25,25
2026-04-30,crypto,1.1591413526519294,24.45948411337876,0.16310436920596993,57.11753476020177,0.0045396614354775745,2.0073412491052522,0.36796033368784664,1.4579370086607761,57.89869659209545,25,25
2026-05-01,crypto,0.8697219936876819,23.82785891683858,0.13118684023684538,52.878941686052414,0.004384223995816741,1.2280519406226942,0.10489924199438082,1.4999501565853965,60.31646300201417,25,25
2026-05-02,crypto,1.3404964090778133,26.46393909384908,0.1776807047968783,59.90176836932994,0.006932603917797986,2.1271981733179817,0.5354531805129997,1.8721820354561023,65.67391027275896,25,25
2026-05-03,crypto,0.34347009498598036,24.059735104965686,0.09448681364006623,51.02618891740196,0.0027499234916459666,0.30866867345608745,-0.02492934819771564,1.4298053998156284,64.46437670630446,25,25
2026-05-04,crypto,1.6171687092908689,27.41415003485129,0.22833812073047638,59.36368743190249,0.008412657724173003,2.8720598044081678,0.5009488919920961,2.11814782041615,72.53539522430917,25,25
2026-05-05,crypto,0.4131198507189845,25.286405798441947,0.10454291966340784,50.7794275405898,0.0034878848516403,0.40304859925297354,-0.05300278792161629,1.6234449923578353,72.57007889299716,25,25
2026-05-06,crypto,0.39377806912153623,25.035161196904035,0.11650481945653077,49.80498701805107,0.0008409837999863515,0.633274569101786,-0.11538426372935562,1.3315417193340204,72.96759543319027,25,25
2026-05-07,crypto,0.09190559263344636,24.57182398087543,0.08876318725374471,48.55348322587844,-0.00277513982660948,0.0709384676493689,-0.19591515851940317,0.8801353313072452,72.21062276993894,25,25
2026-05-08,crypto,-0.15736119546456678,24.473871971844126,0.06647431799739623,49.77788583777513,-0.00645488251273911,-0.38067799051189505,-0.1126936457044666,0.3421798377861992,70.14420738249548,25,25
2026-05-09,crypto,-0.7913549320425102,22.587400695514148,0.005529585931916492,47.05972391260542,-0.01243381707518496,-1.5778518223404157,-0.29326466829691006,-0.5750979175321348,63.533713385347184,25,25
2026-05-10,crypto,-0.9225041921258239,20.378050563278947,0.022838295969379297,40.63512717500452,-0.014518123888555327,-1.194699512881762,-0.7208540633720146,-1.133237754558963,59.9263333389401,25,25
2026-05-11,crypto,0.30913119001108874,24.15025439938959,0.13784413221724207,53.24050642891728,-0.007784198575468643,1.1039956223721148,0.14432597043824313,-0.6345111075081138,64.10067359608134,25,25
2026-05-12,crypto,-0.5009550946006063,23.21736476282164,0.05523910209943592,50.69978795098699,-0.008469501768566728,-0.5540659419827578,-0.03189087401988031,-0.9059293025491395,62.52368912521625,25,25
2026-05-13,crypto,0.2657202116728984,23.383232023162297,0.1347084924864946,49.46100023306734,-0.003406594340251189,1.0376881732199599,-0.11769019037614399,-0.4663392743335153,65.7270618920169,25,25
2026-05-14,crypto,-0.25274871742131594,22.527903216659467,0.09248839737562942,45.98224092512719,-0.002764400187295492,0.1795236078347577,-0.36046402519931614,-0.46593961153010943,66.19885307507869,25,25
2026-05-15,crypto,-0.5265212304642732,22.183369608538555,0.05884393564676295,45.89205808493477,-0.004373110835157285,-0.5034952795243194,-0.3629634144422683,-0.7378463766429811,64.44097214926384,25,25
2026-05-16,crypto,-0.6970266107817525,21.01043779036963,0.051115934898067546,42.48212604042049,-0.0056444185361109135,-0.6541478094211718,-0.6012835554104088,-1.0007725514772028,62.37598143161872,25,25
2026-05-17,crypto,-0.47681742457451404,22.2192284927806,0.07020553060201931,48.43881345306708,-0.004913303429698375,-0.25577436820820154,-0.1671005964290939,-1.0330409757187156,61.33806524665098,25,25
2026-05-18,crypto,-1.1006397748733638,18.14025477343546,0.02288191115669471,35.13614808846759,-0.007192572588064933,-1.2177892723472559,-1.1185053854114113,-1.4210756223431835,57.14222667325424,25,25
2026-05-19,crypto,-0.912713458195368,19.75452672858434,0.03349490159000015,43.85339133647448,-0.007525436807359382,-0.979527168699141,-0.47595440775952746,-1.5985811332145217,54.148072420985855,25,25
2026-05-20,crypto,-0.9174914060340266,18.983327797607398,0.03715358406090354,43.03498647273618,-0.0070475385214716114,-0.889302045487067,-0.5302127579850638,-1.67207681702877,51.41043188137469,25,25
2026-05-21,crypto,0.6526575418433682,23.48798312084667,0.1780871254968895,56.54068166130918,0.00269010134366057,1.9637999008281473,0.46571558883795133,-0.6158093685386735,58.39824436707801,25,25
2026-05-22,crypto,0.1702645313443772,22.639761170376154,0.10260703732548722,52.454585810106025,0.0039039611222825166,0.42579293523789186,0.15943653775865324,-0.3902058746902918,59.783245828901705,25,25
2026-05-23,crypto,-0.2539467060958219,22.99358363038148,0.06542570626864297,54.20464471324246,0.0021468874294212088,-0.33059122630281845,0.28853245898889734,-0.5071216710746003,59.389280688432805,25,25
2026-03-24,stocks,,,0.20718281848469955,,0.0,,,,78.89960963761952,2,2
2026-03-25,stocks,,10.352200700252483,0.20439783334410508,0.0,-0.00017773124543964957,,,,76.99856022572672,2,2
2026-03-26,stocks,,9.654096531222029,0.1302272029835814,0.0,-0.005012804049314341,,,,72.05344154574331,2,2
2026-03-27,stocks,,28.02936390318751,0.31019804492979297,70.04760962895611,0.0037165944278534585,,,,75.35966528622842,2,2
2026-03-28,stocks,,17.16015014814726,0.02586432039986369,33.25033836569435,-0.009148972379190639,,,,66.59316518798214,2,2
2026-03-29,stocks,,20.022699286504555,0.14838180178691313,45.57072948193543,-0.008890264949292667,,,,65.75946823880642,2,2
2026-03-30,stocks,,17.548612766851143,0.06710980773387702,40.599753361650116,-0.013404184079170644,,,,58.00413103551174,2,2
2026-03-31,stocks,,16.98016995709039,0.08703041793391154,42.1465966955146,-0.014184439529928462,,,,52.13120284774054,2,2
2026-04-01,stocks,,13.437053121886732,-0.03971936042135365,36.155846780547336,-0.021911436981581992,,,,40.22143345913457,2,2
2026-04-02,stocks,,15.839328152690715,0.13697261566993002,46.714273081692795,-0.014172571293345718,,,,40.09246820725578,2,2
2026-04-03,stocks,,16.974649582159085,0.19201466443704643,49.32493216939287,-0.004876798348455454,,,,43.23434974219701,2,2
2026-04-04,stocks,,16.602034447750736,0.1569592286442025,47.832404932659635,-0.0008311816462616625,,,,43.28206120014309,2,2
2026-04-05,stocks,,18.4356009446542,0.25340123578915885,51.84144235045612,0.008105414960234564,,,,47.41674618885544,2,2
2026-04-06,stocks,,17.50899111762334,0.16521610862823916,48.43773490434266,0.007838165586580348,,,,47.306775305448,2,2
2026-04-07,stocks,,16.401986580967147,0.1104727046238186,46.540829300362674,0.003932441395485809,,,,43.42609689207279,2,2
2026-04-08,stocks,,16.394677452189306,0.1457415915842709,47.94960429850934,0.003686347488653499,,,,41.19289600114716,2,2
2026-04-09,stocks,,17.87859160207627,0.2092436950567958,52.78286775344637,0.007540315582684188,,,,42.62964748091456,2,2
2026-04-10,stocks,,17.077327196687555,0.2383809098166846,47.170017431077454,0.011551818912129367,,,,46.1669711987256,2,2
2026-04-11,stocks,,16.175360924489922,0.025516290559842055,49.98546718032931,-1.854797658806459e-05,,,,36.40038285531024,2,2
2026-04-12,stocks,,15.371092045935473,0.10515667910593782,48.12799745259239,-0.0020817629680869726,-0.4570948149212753,,-0.0076764337556376495,34.3949166190644,2,2
2026-04-13,stocks,-0.28282949455995504,15.139400600784143,0.07973299544191986,50.57447727304917,-0.004778121076111273,-0.7286905277305812,0.4797375154071993,-0.33507050501950114,29.496051711047624,2,2
2026-04-14,stocks,0.3846729922002947,16.122692585359083,0.17184815722517563,53.62202168952828,-0.0002180286472926278,0.35897655705774056,0.644264857366889,0.06185300885820305,30.676971353157093,2,2
2026-04-15,stocks,0.9523646156764042,19.394052026260333,0.24288508746738377,62.671152062160125,0.007306552253929304,1.158509122356975,1.1419713539404686,0.8735356743508965,36.9496984983666,2,2
2026-04-16,stocks,1.038785619294826,18.80977905044106,0.25680592675881586,56.29126932038133,0.012633097531919647,1.2524043091224153,0.7236846894497063,1.5251786889183105,43.39380188978106,2,2
2026-04-17,stocks,0.9517120993224895,18.754202277451096,0.2356749702116219,52.37680380724066,0.01403701325140078,0.962265298888356,0.4677195467237319,1.7824452242872664,48.35189938753848,2,2
2026-04-18,stocks,1.438311965934477,21.819079110760665,0.32395911991205056,58.593221641356116,0.019859328450184368,1.8307559137152722,0.8324109577266684,2.319614950628381,56.54162780450904,2,2
2026-04-19,stocks,0.36597294886873943,18.45915375565449,0.1643853554446579,45.698997969120136,0.01228281899275587,0.03541210067471175,0.009684786998293454,1.813514809550706,55.80619200103324,2,2
2026-04-20,stocks,0.30733557363306985,19.58240162798388,0.15747330943150395,49.5940031718589,0.006419878161625874,-0.043101503622665197,0.25820159533466924,1.424565692061098,56.73101616997432,2,2
2026-04-21,stocks,-0.06249511745948632,18.702540273641574,0.09580993005405355,49.23669080706498,-0.001570420392612567,-0.7432630933111711,0.23020674389810344,0.8150816596983133,51.52544268072296,2,2
2026-04-22,stocks,-0.3232057738539151,17.24360366908062,0.07491738128285867,46.25703540598835,-0.007869762433436997,-0.9572769191454014,0.02858601269469818,0.23062990792379665,46.73497415180283,2,2
2026-04-23,stocks,-0.10321131570287043,17.402247690429924,0.14156872421267377,46.43533405758407,-0.007174240341635663,-0.16864891467136645,0.04017847240822695,0.14979417758337416,46.3639695942807,2,2
2026-04-24,stocks,-0.5430186631176567,15.541571085847517,0.07175401559536616,41.58385861809617,-0.010823526397109883,-0.9743636175009157,-0.2940629082533435,-0.30623333615428366,41.64867501041928,2,2
2026-04-25,stocks,0.2989489655481439,19.468980942116083,0.1601856217283847,57.77993372678331,-0.006881173300034003,0.08466494277913833,0.833705180387006,-0.14039607343822355,40.40158923844774,2,2
2026-04-26,stocks,0.28312678081068754,18.696992027203724,0.16487710239914904,53.77717933407621,-0.0037156081093388093,0.13973060939355428,0.5373754425492125,0.02656028415592827,42.07132508766989,2,2
2026-04-27,stocks,0.19974126000878875,18.8927668253395,0.1420315706205278,53.953133638789325,-0.0029517418681915247,-0.14073462240177867,0.5397044685683876,0.028131746039262006,41.29080343406831,2,2
2026-04-28,stocks,-0.9283958895713249,14.649518957537564,0.007252810910225485,40.09211478866499,-0.010869846623946697,-1.7261149874272694,-0.4635903396654646,-0.7744010071424152,35.18475073573289,2,2
2026-04-29,stocks,0.018747823739097183,16.263826838937625,0.16144170393589227,45.54360005118365,-0.005348547371803798,0.14695300920946686,-0.06031194770493374,-0.44271403335371456,33.081291128091515,2,2
2026-04-30,stocks,0.22626686515452035,17.01518159009508,0.18612979707801164,46.177797897903304,5.4626227929217494e-05,0.4443106093504823,-0.012643154090731683,-0.017628848574451798,36.09247311272323,2,2
2026-05-01,stocks,0.37632548244669406,18.013383663380804,0.19350646823896342,47.68506657895593,0.003995618656363786,0.5275337804531772,0.10052094883740612,0.3697644855685473,38.90467518898969,2,2
2026-05-02,stocks,1.651056810131421,22.238142650513314,0.4229720510679388,54.70605227389236,0.020977639597817652,2.959596699609973,0.6296560175286091,2.0141646111287437,51.8400268234524,2,2
2026-05-03,stocks,-0.4112500436981821,18.008906953649284,0.013397657752346347,44.201590147798115,0.00441344831769013,-1.5519689841211148,-0.18324559654325404,0.8067925343761455,42.70102764427091,2,2
2026-05-04,stocks,-0.316404564528274,17.91754721252107,0.06988692053546228,46.75978532753898,-0.0025755020257896954,-0.9116303142994715,0.017590897346406568,0.2138003520398341,37.10111583851933,2,2
2026-05-05,stocks,-0.27698149850658355,18.34305438647153,0.08891786305014031,49.73672692122204,-0.005581136927702133,-0.6903592508040959,0.2513572532400426,-0.1290917786479266,34.816459402691336,2,2
2026-05-06,stocks,-0.11731920618086843,18.88329004125205,0.1259254361171473,51.92478164459794,-0.004772599427180542,-0.27761201922979745,0.4217335583544313,-0.1577221150596387,34.17766488560069,2,2
2026-05-07,stocks,-0.6797228292535217,16.35623400531287,0.03443242220850313,46.03162581911623,-0.00980552696992659,-1.262436708707881,-0.05682781804509224,-0.7441457248054466,27.352151153776088,2,2
2026-05-08,stocks,0.22971507724546883,18.504990785457103,0.1703421920481903,53.48129080666272,-0.003701274071629344,0.2433456912658966,0.5480960767073713,-0.3233221709967279,27.374709962990188,2,2
2026-05-09,stocks,0.3644689240331025,18.259047652257017,0.1906617581238832,51.13053829537727,0.0016952919282197127,0.4652319215304186,0.3488802784952756,0.14838895620787054,28.560893965661943,2,2
2026-05-10,stocks,0.5431642355456205,18.98712537903558,0.20677691990752053,51.54124677800809,0.006093217410289721,0.638087442396851,0.3786653676415391,0.6259181517308652,31.675218517307712,2,2
2026-05-11,stocks,-0.057602090333633484,18.36629254841113,0.11878933750582604,49.18415399962733,0.002977186235775312,-0.35959007445265045,0.17748250243144434,0.4245659194234305,30.36153913888025,2,2
2026-05-12,stocks,0.3989983009061985,20.03446545823796,0.15106169838531555,55.43939916037201,0.0029828231230055987,0.01112953147026993,0.7010349667412382,0.4813022620520392,29.404272308502065,2,2
2026-05-13,stocks,0.6260367694742655,19.86629101692189,0.2086618976041303,51.92683550571953,0.00655433059474093,0.6701957677296733,0.39479187077459443,0.9030362497986911,32.39578494853855,2,2
2026-05-14,stocks,0.820515169710767,20.976575041202402,0.23291533189633487,51.909776559751634,0.01003058106442308,0.9359880558633272,0.38891540937664626,1.3675660441361142,38.533338096065805,2,2
2026-05-15,stocks,0.5771133694142269,20.503540893457604,0.1798894467716671,49.46412663927354,0.008310248146973202,0.3130765526743104,0.17351132214452183,1.3591074006554957,38.64111213394904,2,2
2026-05-16,stocks,-1.0108491444450116,14.763457494840544,-0.02156110853495008,32.111769263146115,-0.006068076309169591,-1.9656416713391784,-1.3214713802815716,0.04320294552191335,31.372375990531935,2,2
2026-05-17,stocks,-0.06250334829856297,20.211645623277573,0.11559052964695121,55.26709309635965,-0.00600381778334445,-0.39099401310838316,0.6958956373573347,-0.07614153645352237,28.685163842918474,2,2
2026-05-18,stocks,-0.17178939510534152,19.277585261277693,0.11131608898683162,52.25675585407907,-0.0059023946212710095,-0.435684915527138,0.42648634014724135,-0.19027235173874404,28.20135567398047,2,2
2026-05-19,stocks,-0.17911628307345911,18.874042742621036,0.11677951869898964,51.5404676222907,-0.00514809326595391,-0.36848114781960795,0.3593672170124778,-0.2334418831383162,27.1949126286012,2,2
2026-05-20,stocks,0.48254410667930103,19.858391169275166,0.19748707094331064,53.77424993027444,0.000789515430984206,0.5707232164342493,0.5525819435435307,0.2902726284307007,28.67970100851202,2,2
2026-05-21,stocks,-0.4043820467948952,18.342553676961646,0.057353760634551755,51.14990197544514,-0.004430685896011614,-1.0615290007392992,0.3136599002923387,-0.25482213746436116,23.86882499359428,2,2
2026-05-22,stocks,0.0580661931855651,17.56680307687108,0.1390316982207213,48.33884785226863,-0.0022051607252454343,-0.09908558074190246,0.058403223160848595,-0.10790544752408719,22.907475280279836,2,2
2026-05-23,stocks,,,,47.200449804074,-0.0017641285801963478,,-0.045289898725188286,-0.09572764088731259,22.907475280279836,2,2
