date,sector,sector_strength_v2,sector_strength_base,combined_compound,sector_rsi,sector_macd_hist,sentiment_z,rsi_z,macd_z,ma_alignment,n_terms,n_rows
2026-03-24,AI,,,0.17808851903499795,,0.0,,,,43.85699138803581,9,9
2026-03-25,AI,,31.358850561984998,0.21089562521250127,100.0,0.0020936728728663256,,,,44.4357372113491,9,9
2026-03-26,AI,,13.395277144465915,0.1363307132418573,30.554614454799108,-0.001467137711950972,,,,40.53481703148655,9,9
2026-03-27,AI,,14.964021239468412,0.15049338509671215,38.64721918589492,-0.0027196743881330266,,,,37.58829171881557,9,9
2026-03-28,AI,,19.543802845992005,0.20139771386441416,56.75867764604105,-0.00010880425776295865,,,,37.81836422668156,9,9
2026-03-29,AI,,22.981605244378958,0.2663346015778918,68.5878347659463,0.00568248140204944,,,,40.604948841151455,9,9
2026-03-30,AI,,17.486546740770503,0.164870695087935,48.049546800441696,0.002531339668865186,,,,38.19363329983894,9,9
2026-03-31,AI,,14.950475816403841,0.10773143755911578,41.116060580358806,-0.0032366281428782787,,,,33.253299763127686,9,9
2026-04-01,AI,,17.05201102164211,0.17869321678417763,50.064751001067044,-0.00215991961201691,,,,32.223379600786004,9,9
2026-04-02,AI,,15.21317642581363,0.12808078871691447,45.16883261457539,-0.004603202389569386,,,,28.751000025907416,9,9
2026-04-03,AI,,15.884793662723544,0.15651283281411188,48.02415144182805,-0.004069741424524993,,,,28.343746337715622,9,9
2026-04-04,AI,,16.635138928417632,0.18243194643251093,50.37973366945764,-0.0018495736445830746,,,,29.072878618344372,9,9
2026-04-05,AI,,18.01264838912556,0.2301114650662164,54.19821605153113,0.0027043181905868742,,,,31.331838527189547,9,9
2026-04-06,AI,,16.085954421716668,0.1415767070532875,47.4219144788262,-0.0002168200855081758,,,,29.93425461387219,9,9
2026-04-07,AI,,16.533203560456922,0.17005498289405951,49.454685786676265,-0.00020203889096753703,,,,29.481903287805483,9,9
2026-04-08,AI,,15.586992544942033,0.16208424990136897,46.57108202566645,-0.0006734852098071228,,,,27.886826194070597,9,9
2026-04-09,AI,,17.059374578746088,0.1761486688234168,53.05699322366424,-1.720859308836217e-05,,,,26.86941839505365,9,9
2026-04-10,AI,,16.18117060026849,0.16106339103375722,50.810356169223205,-0.0005487265159495611,,,,25.068867077996792,9,9
2026-04-11,AI,,16.775167135808786,0.2202802182386483,51.429420200708705,0.0029461694192056014,,,,27.383881793255608,9,9
2026-04-12,AI,,15.337026266062253,0.20824091896149388,45.21939528630712,0.004227420895168645,0.8351898629298726,,1.4332968832361739,27.818479178263726,9,9
2026-04-13,AI,0.15816378715600318,16.608335683473236,0.17505062538882343,50.943767552815714,0.002694595399292156,-0.03917882104827472,-0.027751741819302213,1.107765146359666,26.6251765924816,9,9
2026-04-14,AI,1.5482949325531803,20.52294529924154,0.26354669924358975,63.65169902862189,0.007237912380266304,2.0483838386896287,0.8644165039244454,2.468161501830305,30.659036331817397,9,9
2026-04-15,AI,0.9628037354972142,18.169802629919673,0.21623902229954128,53.43180715405172,0.006668294787620943,0.8487365728347109,0.10955326730979978,2.3227388048357005,31.681883675043384,9,9
2026-04-16,AI,0.5369504743568633,19.06209190394687,0.19403402645967838,56.35854054248806,0.004510645224639518,0.2915610263298033,0.32254573509687506,1.8757949260375422,32.47116225659762,9,9
2026-04-17,AI,0.3802446705215602,18.56136626409264,0.19201617204015922,53.6065593393245,0.0027487710751079655,0.2355606486647563,0.10839217575072618,1.530343600490109,33.41313741356017,9,9
2026-04-18,AI,1.719726492954475,21.203847996630273,0.3066129843886403,60.68899222096016,0.008763132236270127,2.6410528416930976,0.6469898952768669,2.659370608821224,38.296417128719355,9,9
2026-04-19,AI,1.5148403653165972,20.70596363134913,0.2938899953997931,55.84131337583206,0.011190979059090504,2.1019399343907614,0.25558329085312087,2.8793600125093173,42.170145754255074,9,9
2026-04-20,AI,0.47216878153336517,20.35793889838195,0.19467186896294797,54.769514999144036,0.005698172326191544,0.06230548858497279,0.16543544745493607,2.0501003978370975,41.546556249882,9,9
2026-04-21,AI,0.2907641133585186,19.907640096370713,0.19553097884062226,52.40798242141248,0.0019025035340656873,0.0789363970651407,-0.029488284861932567,1.499149078981282,42.10896111221096,9,9
2026-04-22,AI,1.0755098129902319,22.045009122634735,0.2623216448361554,58.52633700196833,0.0035728048472332165,1.423902286608148,0.47634690128289475,1.7159842057382646,45.3378957760075,9,9
2026-04-23,AI,-0.1372180851390028,19.480434943829405,0.1642428155225877,49.11391684735704,-0.0019482187962926306,-0.6116998672244063,-0.3227026861765956,0.9102734176269115,43.572812691350116,9,9
2026-04-24,AI,1.1467315122831834,22.711105548122735,0.28870675932932877,58.16966185135286,0.0025193958436581128,1.8669018334792578,0.4550948726285966,1.4895099908886817,48.77798702116435,9,9
2026-04-25,AI,0.907837147618571,21.908562039302346,0.26510678527713033,53.00612727946869,0.0035586601596048102,1.3304299280345904,0.00046531129755547157,1.6335957937928813,51.64368830952348,9,9
2026-04-26,AI,0.565112771861352,22.12985113090234,0.24787685316295605,52.639659948821134,0.0027930312464624543,0.9591226208491453,-0.03185494772121746,1.5413858385882617,53.67874090339446,9,9
2026-04-27,AI,0.4360618696474001,22.8081811075982,0.23212715159405445,53.89156354298265,0.001024364728816344,0.632416094519361,0.0807958989523654,1.3051572963481786,55.3089015906167,9,9
2026-04-28,AI,-0.3853359344282984,19.86921386635239,0.16769262657147185,43.2428145504877,-0.004389556336441312,-0.6498404108207901,-0.879338708465945,0.5204079877974468,52.92743320808836,9,9
2026-04-29,AI,-0.5552986075254418,20.298758157900963,0.15833598507192684,45.68740068196375,-0.008279499102236335,-0.8203957878492143,-0.6401708018476574,-0.19416475581851086,51.29975073700033,9,9
2026-04-30,AI,0.18810414468298806,22.138910942991487,0.22178724750417167,51.9474021300651,-0.006345023577073214,0.4639215703202495,-0.05474568724230825,-0.14968290626239683,52.67941425472615,9,9
2026-05-01,AI,0.49259174768709557,23.05163071308879,0.25164521230265247,54.026755564221695,-0.0029907080911889435,1.0488480630614163,0.14034323870982268,0.17036342097962529,54.91280074755059,9,9
2026-05-02,AI,0.2603325371988043,20.818181504129893,0.24314729201555618,44.997277855679094,-0.0013632697364317197,0.8552256533310548,-0.712443777043976,0.3269884934736676,55.34563268660223,9,9
2026-05-03,AI,0.21376201689990887,21.055242920532038,0.23395849745095365,45.24939394382461,-0.0009445003349578974,0.6542686235044108,-0.675560965177581,0.3454136268448297,56.86129218054358,9,9
2026-05-04,AI,-0.2859988888542859,22.116690546868256,0.18788960507655725,49.412921288904485,-0.0036567027778740564,-0.29812440758231934,-0.2669897462816892,-0.11780596878171762,56.955129048137266,9,9
2026-05-05,AI,-0.5909085815408052,21.343958341491447,0.16798121150424122,47.69140196823677,-0.006511323298930518,-0.7035739822098984,-0.43036610578927936,-0.6871864611837475,54.71083900294684,9,9
2026-05-06,AI,0.13239004272162797,21.871384755660706,0.2385496521046838,48.020502437338884,-0.0035167039780909064,0.7723276824060227,-0.39236359327300585,-0.4057156320582362,57.24131254137008,9,9
2026-05-07,AI,-0.061021823203598974,23.6353204870153,0.2145086367149615,54.774331261982674,-0.0030426165127599514,0.25922792642583686,0.2826179797464067,-0.43766415760666316,57.74381046750013,9,9
2026-05-08,AI,-0.6238607336617119,19.677145200477725,0.19616327907662776,38.99075172847876,-0.003802783721881105,-0.13270315009863537,-1.2805910091272787,-0.65492380014537,57.84107744039666,9,9
2026-05-09,AI,-0.09118740185752103,21.23568704516721,0.22106144559950885,44.776369518575386,-0.0025283406277056978,0.4021456212499776,-0.6865718105096322,-0.5610094855953246,58.73991903737662,9,9
2026-05-10,AI,0.5187149698660889,23.472896550852905,0.26653755574963,52.074134181637035,0.0012735472628935367,1.355056392409408,0.052384820980535166,-0.005240722289998102,61.45133534861306,9,9
2026-05-11,AI,-0.13477031585278487,22.640650756021902,0.2160228121169087,48.33841662909073,0.00033147263349340983,0.25747481580415926,-0.3265777343225395,-0.12112962546518027,62.2344741004668,9,9
2026-05-12,AI,-0.32580701628712094,23.32832128209741,0.1872414315776775,52.177144852881604,-0.0021484237224922544,-0.3682615466970849,0.06978197323033578,-0.5298893814276739,60.704368406729984,9,9
2026-05-13,AI,-0.17752362654912973,23.956568451398013,0.20382719626900736,54.98605721983517,-0.0025620747643927727,-0.001994064658662397,0.35932895191543873,-0.6666089126283633,60.53655259053926,9,9
2026-05-14,AI,-0.5439066933940634,21.57625221870775,0.19172189815874174,46.286745400811824,-0.003484116115907313,-0.2692462127586666,-0.5510711294520682,-0.9007429606615888,59.65080894311852,9,9
2026-05-15,AI,-0.9354588933387553,19.601434781475284,0.17164351567531438,39.874706642987505,-0.005177354345807366,-0.7109951994267988,-1.2026421380629668,-1.2848041652533546,57.97220801143326,9,9
2026-05-16,AI,0.8594364973853927,24.24382117522991,0.306272137766208,56.05584556299585,0.0026196383534286974,2.202352564997131,0.5017967671296018,-0.11025461649962497,61.73914566251117,9,9
2026-05-17,AI,-0.45715793735052657,21.681809207452396,0.18892076287508805,46.421895959869154,-0.00013055272037180076,-0.34586333326850466,-0.5178180223901082,-0.4946645953882354,61.42079770151544,9,9
2026-05-18,AI,0.1717939337922269,23.446781300212784,0.22426640710661117,52.94011596542967,0.00039771989874332796,0.42456060352330005,0.1793396679756289,-0.40188773807220174,62.634552491670455,9,9
2026-05-19,AI,-1.1330200993126593,21.154005374678235,0.12036881509868959,46.611785945016386,-0.005933907400753607,-1.7988864503588966,-0.49969127294618637,-1.4705993422139012,58.523909189275045,9,9
2026-05-20,AI,0.18155853447173603,22.543739582370065,0.25099707271143756,50.81603411530675,-0.001252856302416667,1.0077590020123974,-0.04135731604083835,-0.8434664832961876,60.82037916360434,9,9
2026-05-21,AI,-0.04841975513098409,22.49384682159797,0.21527972045200772,50.04978883626754,-0.0005275928644238942,0.23357483785970257,-0.12449378860792434,-0.7497123834364098,62.2321718792634,9,9
2026-05-22,AI,-1.5565466801440382,20.210533144574555,0.08458369014587788,43.70818794164505,-0.008379874858024633,-2.455067987246362,-0.8159024203392317,-2.0602238152580434,58.22698920320922,9,9
2026-05-23,AI,,,,42.081879919718816,-0.006703899886419706,,-0.9803115242971138,-1.9701546823180276,58.22698920320922,9,9
2026-03-24,Academic Chain,,,0.05881497682821709,,0.0,,,,35.18989017897658,1,1
2026-03-25,Academic Chain,,30.756245254395346,0.06677734152496455,100.0,0.0005081395134106659,,,,34.78022779934532,1,1
2026-03-26,Academic Chain,,30.939206862109337,0.13639906756624992,100.0,0.005241931757335605,,,,35.657956988167896,1,1
2026-03-27,Academic Chain,,14.530848805015477,0.00032835932973311784,36.31282382160514,-0.0007626299867842337,,,,32.61014772526596,1,1
2026-03-28,Academic Chain,,11.565747042522663,-0.0709958039825834,27.224497596399758,-0.00904930350009647,,,,28.58598119598387,1,1
2026-03-29,Academic Chain,,10.557417631058897,-0.08489772116650962,25.958198087279982,-0.014646780547600616,,,,24.443452407600955,1,1
2026-03-30,Academic Chain,,15.556223548862608,0.029671890197043863,46.47562558550091,-0.01003315655791536,,,,23.378548895860504,1,1
2026-03-31,Academic Chain,,14.157025661075505,-0.007556945569586591,42.63645806671667,-0.008925820726914797,,,,20.992275262981494,1,1
2026-04-01,Academic Chain,,17.354655208975295,0.11078127309556351,54.56631756785655,-0.00012593702795875295,,,,21.905867165821206,1,1
2026-04-02,Academic Chain,,18.348390385938878,0.15247838254999888,57.66834437308847,0.008143412694335668,,,,23.53975350011266,1,1
2026-04-03,Academic Chain,,17.19808971668518,0.10081470728441334,53.170373225908115,0.0096701133635255,,,,24.077641879251324,1,1
2026-04-04,Academic Chain,,14.02044850822966,-0.051442880441676817,43.2326911401394,0.00044891142929018215,,,,20.69469252981815,1,1
2026-04-05,Academic Chain,,15.666208630071566,0.06336743870034814,50.244901840021384,0.0020171497444529942,,,,20.8053264453548,1,1
2026-04-06,Academic Chain,,18.451329545166004,0.27057788473643873,59.315165744230676,0.016157953280413823,,,,25.290850551746875,1,1
2026-04-07,Academic Chain,,18.540021187208094,0.24303920050054895,57.91208369635931,0.022419744516651543,,,,29.262929417230872,1,1
2026-04-08,Academic Chain,,18.14850111079793,0.19902127961075583,55.50901213723174,0.02231210452398154,,,,31.07186868055509,1,1
2026-04-09,Academic Chain,,17.995000425763067,0.21458600355818302,53.41072023433614,0.02196944249780719,,,,33.6209164836987,1,1
2026-04-10,Academic Chain,,18.667457111251856,0.13589943984162295,56.22565499559076,0.015432466329863878,,,,33.75027342022768,1,1
2026-04-11,Academic Chain,,17.299286617974975,0.0012650576380143497,53.135995464741875,0.0017500603702601848,,,,30.325860184526675,1,1
2026-04-12,Academic Chain,,17.80357769516017,0.06630598023540807,56.28309039346351,-0.002954885490375779,-0.15096134578313744,,0.6009837171010097,28.39364379037773,1,1
2026-04-13,Academic Chain,-0.20192691835592277,15.979443045773914,0.04169730445009079,50.54008062290041,-0.007500785395945737,-0.38091036516640686,-0.18734045618525647,0.23929365946307615,26.616764624374035,1,1
2026-04-14,Academic Chain,0.9507291951174279,19.08823862761695,0.27336561459496167,60.740785196290695,0.004663399546148087,1.7408391773079646,0.356828747243833,0.9517490065248688,29.98268445030386,1,1
2026-04-15,Academic Chain,0.19862469211037734,16.41840242293197,0.1350381801938405,50.913475118165344,0.003040582397314164,0.42616460043467086,-0.18439309156249087,0.8678394081021973,29.81366219190205,1,1
2026-04-16,Academic Chain,-0.5961435233517901,13.91439435610836,-0.03845508499182759,43.45904521037246,-0.009389721076184326,-1.1764191094833194,-0.5903422411126816,0.02338217258252224,25.812332677386898,1,1
2026-04-17,Academic Chain,-0.8496571298219235,13.486189095489813,-0.07063392358422556,44.04707993864135,-0.01890257291140256,-1.391257393779723,-0.5415814588035798,-0.7818427899232192,21.729855992126126,1,1
2026-04-18,Academic Chain,0.2591957963899956,17.101094996123596,0.15353316677961318,56.77854345966129,-0.009685662065314552,0.6729650132073997,0.20020428567449014,-0.373697314095291,23.597243765584995,1,1
2026-04-19,Academic Chain,0.3816925790761797,16.833404132798634,0.17686498675458134,53.995072818059796,-0.0020072267085117085,0.8630417550118274,0.033133146257962,0.055116412560694154,25.851113743634208,1,1
2026-04-20,Academic Chain,-0.36201168017401975,13.779339319024771,0.06475705537240113,42.23532436065185,-0.004334467896555651,-0.19162394142718112,-0.6662553893877502,-0.15047825833083853,24.837885063262735,1,1
2026-04-21,Academic Chain,0.8596430922767462,17.26190652130137,0.3004395294902091,51.8715337938876,0.009393974834234303,1.8982485279156183,-0.07061786179902677,0.8248612228315304,30.272336722752662,1,1
2026-04-22,Academic Chain,0.0638453314689546,16.18080850332962,0.12038639390121883,47.6450212795439,0.0059134553957856575,0.2530044270536059,-0.3299559483033901,0.6825328239506824,30.15594305168229,1,1
2026-04-23,Academic Chain,0.9935280855592986,18.390488898563756,0.30399105886750855,52.43267741474944,0.015023459742398552,1.8112077553262642,-0.023749316989132522,1.419266005121925,34.504834423105905,1,1
2026-04-24,Academic Chain,0.780855170180862,18.75782966268786,0.21989220331852494,52.27869950354817,0.0144289442183557,1.0300341879104493,-0.03322762507449158,1.519402192093182,36.06707844786256,1,1
2026-04-25,Academic Chain,-0.04101717978767092,18.17060124499062,0.055880665146797626,51.458458075125506,0.002650261936403924,-0.4156033303433336,-0.08611524791564132,0.8252169718960982,33.60523752634583,1,1
2026-04-26,Academic Chain,-0.4542759701388289,16.76471986005883,-0.0030063817100948603,48.142975592544694,-0.008818222444832373,-0.918288108086306,-0.3038954308875493,-0.005793503967221542,30.36204492969647,1,1
2026-04-27,Academic Chain,0.5356764601735508,18.811349821607603,0.2164973829398087,54.240422763126645,-0.00170473415803378,1.0246145350108469,0.1101646218277455,0.4003288549545249,32.92792203431905,1,1
2026-04-28,Academic Chain,0.5459063657576158,17.678309723628438,0.22667908333797823,48.7310887945306,0.0033281141019220195,1.0818230779238232,-0.267103894453815,0.750195713261516,34.99038725200738,1,1
2026-04-29,Academic Chain,1.1148588793975895,20.23196993213764,0.3384794424997538,55.61030785610686,0.013270507236905215,1.9418241105568126,0.21262738510980472,1.5113151918346945,39.695620814381236,1,1
2026-04-30,Academic Chain,0.9947341447681212,21.35356386753392,0.26183524633298627,58.74842632608025,0.013712573858137588,1.2402555362049172,0.4290389556534836,1.6600428959387936,41.8208549170869,1,1
2026-05-01,Academic Chain,0.9764005576500108,21.850937855877742,0.2521677518823251,59.52924535681211,0.012419888913838377,1.1237571511333517,0.4774716900163696,1.678897044309987,43.56580855407164,1,1
2026-05-02,Academic Chain,-0.23171668687799468,17.985136673083872,0.03994941120147704,46.62313573004233,-0.002846969272993889,-0.6631283653128842,-0.454268113937445,0.7295468450029596,39.902435623162724,1,1
2026-05-03,Academic Chain,-0.2547528122009264,17.94997947631697,0.08076762774694199,47.17240905217411,-0.00991756382857761,-0.31046409688730775,-0.407922514398793,0.16528817606494803,38.01477000600213,1,1
2026-05-04,Academic Chain,0.09321437471109831,19.60093801620395,0.17367980043468093,53.24158636282667,-0.008133128163798832,0.48478155200179845,0.0425605622919824,0.1486586127007212,38.705467883757194,1,1
2026-05-05,Academic Chain,0.890596137041534,20.334711599036098,0.349974899757579,51.52821233535657,0.004447766450855754,1.9078999079575172,-0.08536201260260569,0.9527895367287734,44.48426888745165,1,1
2026-05-06,Academic Chain,0.8246775506841775,21.91917747112319,0.27740666191818786,55.18831136844545,0.007244146941484935,1.257813732792413,0.1911801004978488,1.1963106559975654,48.00992992608791,1,1
2026-05-07,Academic Chain,0.6878462318119015,20.671453407901513,0.2666365540719591,48.60656736263383,0.007688494058839122,1.1375158511789065,-0.31219577277882843,1.2976150903589214,50.59372238585608,1,1
2026-05-08,Academic Chain,0.7726816223210787,22.05040926136856,0.27116717807998264,52.033415801982734,0.007594272142598894,1.1452434418832838,-0.044771666061118355,1.360484286637729,53.633866749713206,1,1
2026-05-09,Academic Chain,1.9887774983510378,28.074044681502052,0.5665640968493418,68.34095424987882,0.025712523391053545,3.1437571078135353,1.206430034511584,2.5663528766778376,63.96985300870891,1,1
2026-05-10,Academic Chain,0.769608529675474,25.937007506917272,0.2569324590901611,57.910788572277845,0.01562609825292456,0.8340293966579405,0.38447959715908125,2.0955912057832453,66.09633294828166,1,1
2026-05-11,Academic Chain,0.6617874773300995,25.19772458671885,0.2878553002886267,52.45324466043967,0.010088051654801679,1.0410239913914991,-0.046671831595001996,1.84579936471937,69.01337741175728,1,1
2026-05-12,Academic Chain,0.2398909214906033,24.34822445992736,0.19447031181660213,48.95260199105872,-0.0002648738314580748,0.3437219831336434,-0.32288592695784213,1.274150890737533,68.65013339616742,1,1
2026-05-13,Academic Chain,0.4181706474347018,24.670885484238376,0.28991039938669577,48.403595439252555,-0.0010419757394679874,1.037110533494235,-0.3630762408364735,1.1916412287193492,70.53731044662354,1,1
2026-05-14,Academic Chain,0.9560136197711666,26.839701704763474,0.37426612340401866,53.67682511983285,0.0035185967095929527,1.6094347512098925,0.06564603795479128,1.4249106510274205,74.83188356148369,1,1
2026-05-15,Academic Chain,0.45992721178122675,26.45701541645122,0.288097300180886,51.11901205322562,0.0002951494718703221,0.9572648670602127,-0.1433251713392102,1.2355760419397641,75.88964940817894,1,1
2026-05-16,Academic Chain,-0.3410641781109725,25.39247292176558,0.05402283302643335,50.432424314600404,-0.017077857439804875,-0.7559643429948166,-0.1984059393049656,0.14996342696350615,70.80537476420383,1,1
2026-05-17,Academic Chain,-0.716137868197617,23.839110853071542,0.01748884957038265,48.05054420205137,-0.029763316432103115,-1.0072134784972229,-0.39384763810560874,-0.8539971452480627,65.12144660209705,1,1
2026-05-18,Academic Chain,-0.33800005269860145,24.3193254971915,0.18060403840459766,50.204473306767184,-0.026036738101982974,0.19706602345062516,-0.20985107040238138,-0.9775153260546244,64.40905365677206,1,1
2026-05-19,Academic Chain,0.3326872912812815,24.803365068841813,0.33959782201494165,49.690400510874234,-0.012422441586322368,1.3482918227398724,-0.2513001238146467,-0.4401043727957063,67.84693891029869,1,1
2026-05-20,Academic Chain,0.5454500928345831,26.139314033321224,0.3584529519813751,52.49807587782483,-0.002239407017738046,1.4473515476327394,-0.009768057693087608,0.050897298746472995,71.51987031153152,1,1
2026-05-21,Academic Chain,0.6795140392510487,26.94380825997802,0.3705321869532615,53.19977496439902,0.004831849811010359,1.4929411555971672,0.05068481747284525,0.47253026510214885,74.85241353846496,1,1
2026-05-22,Academic Chain,-0.3243474063098728,24.646039253531228,0.1408292088890375,46.47479076140721,-0.005858971081809782,-0.16973261803154424,-0.5322122190629321,-0.1566360390733971,71.81469197886524,1,1
2026-05-23,Academic Chain,,,,36.29543031591199,-0.004687176865447826,,-1.3932267174489503,-0.17177236432713103,71.81469197886524,1,1
2026-03-24,Ads,,,0.08940759072771183,,0.0,,,,20.41731023987491,1,1
2026-03-25,Ads,,28.30074491117299,0.10472791972368607,100.0,0.0009777076054410915,,,,21.10266205256173,1,1
2026-03-26,Ads,,4.934349188396283,-0.017954175148160893,11.101492688742965,-0.0062922503374557865,,,,14.521331449228303,1,1
2026-03-27,Ads,,3.311876385675065,-0.04070588626136601,9.530286109145806,-0.011958917106624764,,,,7.310241078172401,1,1
2026-03-28,Ads,,9.939052732441173,0.03085581467516139,37.39823830319304,-0.010277497578437154,,,,5.37638428320126,1,1
2026-03-29,Ads,,9.568686185827042,0.030078090996484747,37.27345795525219,-0.00867169129018695,,,,3.5128575740793564,1,1
2026-03-30,Ads,,12.991705069360826,0.09071387137242293,50.222361280768695,-0.0032584260407814997,,,,4.614765439353325,1,1
2026-03-31,Ads,,11.188824962851875,0.04840826053002143,43.89954376794655,-0.0023045440722680565,,,,3.385255872187898,1,1
2026-04-01,Ads,,10.94415082531797,0.04642284124715904,43.641692441765755,-0.0016173282684993334,,,,2.2778738255679043,1,1
2026-04-02,Ads,,16.25696848618485,0.1861984737094542,60.1288920860784,0.00791726672237238,,,,9.112369592054836,1,1
2026-04-03,Ads,,13.779674311255258,0.0875303401935567,49.837175427171,0.00726243921193698,,,,9.491217811264567,1,1
2026-04-04,Ads,,11.827584686524869,0.016006728396059062,44.33624612713936,0.00197115361325956,,,,5.807666087076759,1,1
2026-04-05,Ads,,17.190026438921645,0.24521585349917932,58.88103158888524,0.013238771887190838,,,,15.442684981167796,1,1
2026-04-06,Ads,,14.427501247321182,0.06519505885600656,48.85489371709869,0.008148251858862471,,,,13.922753739263964,1,1
2026-04-07,Ads,,15.194416383653893,0.10844771338698138,50.865090238056766,0.007301839528647876,,,,15.257158126665413,1,1
2026-04-08,Ads,,14.457841534023036,0.07007800828511676,48.45797490278335,0.003934331338212368,,,,14.577804158573144,1,1
2026-04-09,Ads,,18.79878661839838,0.22109794280611098,60.376809201117496,0.011240616663266551,,,,22.60507968800731,1,1
2026-04-10,Ads,,16.715534204703683,0.05585776053881309,53.73020993321341,0.004645419977034051,,,,20.372972055977208,1,1
2026-04-11,Ads,,17.932232301130533,0.174917894931812,55.368061888997005,0.00781556897100847,,,,24.80391454976573,1,1
2026-04-12,Ads,,17.22002643578542,0.10236530504801515,52.55681333742278,0.004694173318770249,0.22337707293072503,,1.2541037056940207,24.68887665800704,1,1
2026-04-13,Ads,0.09318243712319929,16.23708598628367,0.07530124996840999,49.44159094261937,0.0006852611388775513,-0.13704828978561323,0.06263255336038354,0.8760901816332188,23.600759419826268,1,1
2026-04-14,Ads,0.5915058818479481,17.543561565057278,0.132395988509598,53.01066523808091,0.0016994803442290287,0.6292436233162781,0.2512980028887018,0.9590575408069932,26.177204814122707,1,1
2026-04-15,Ads,0.7936074840220421,18.526683757221242,0.16564777209768583,54.180095145460605,0.0042834587978723224,1.0431342492667972,0.3090644230678345,1.2121424766389324,30.45395854450852,1,1
2026-04-16,Ads,0.2375038534498681,16.92454107386327,0.11459825749468104,47.32311014446903,0.0023262007402859407,0.3242945713142033,-0.08140335699293587,1.0428155683643705,31.405566144280556,1,1
2026-04-17,Ads,0.7322975093643468,18.874088027724877,0.15934188264883373,52.79759263771729,0.0037331788244578685,0.9240961849392456,0.23395661305414509,1.1853818933600326,34.97129367675861,1,1
2026-04-18,Ads,0.738726661087912,19.930819220893166,0.1518419797449774,55.56962645123192,0.0038324702501656652,0.7914865721053099,0.39063098211372593,1.2140688121162506,37.21554902132103,1,1
2026-04-19,Ads,0.0751410332824281,16.72397674641256,0.10489732570028008,43.23547233749206,0.00058091714923501,0.11561212493162841,-0.3524269396219517,0.9154990523591588,36.65173571959982,1,1
2026-04-20,Ads,0.7970702013821473,20.49003377993101,0.17198745002373608,55.777348458802756,0.002675680523871033,1.0549359703097523,0.4155519997696601,1.1057001679849854,40.545247491085526,1,1
2026-04-21,Ads,0.6441004956468358,20.007854905885793,0.151630040774727,52.39545600232617,0.0024248048161397036,0.7377070886008552,0.19894531560022544,1.0920660304675698,42.88665012776217,1,1
2026-04-22,Ads,0.4208251802183257,20.779501230687334,0.14497216138896227,54.30611019200605,0.00158562466392175,0.6250172402124472,0.31547669625741304,1.017980445955448,44.80936504948257,1,1
2026-04-23,Ads,-0.35091457809347926,16.64541828498949,0.05857770788823526,39.9055885989113,-0.004670517946679506,-0.643929739503141,-0.6088593885069432,0.38088627237570394,41.791406749337625,1,1
2026-04-24,Ads,1.7687085609973816,25.725546505268024,0.36116340345013903,66.19922307789614,0.010840499091012715,3.143501729512346,1.0832746371807764,1.8120690746697559,56.38731078275198,1,1
2026-04-25,Ads,1.3296526405485274,24.358587987321755,0.2783616223102781,55.7082592281843,0.014562400834513177,1.9466463301261658,0.3876247829718897,2.1920651822899697,64.16797816403518,1,1
2026-04-26,Ads,1.2068060729590804,25.744650333697507,0.24171257324169595,58.006764174044754,0.01361217414760462,1.4399885394006,0.5302045463877553,2.1680523714278492,69.16438748015818,1,1
2026-04-27,Ads,0.09610576815198474,23.17358047157983,0.0809641843348131,50.28205544580845,0.0018326054796507993,-0.4305894967278627,0.010034622343798639,1.295624413256792,65.5224580975312,1,1
2026-04-28,Ads,-0.5776832210246529,20.170047833858902,-0.0017894247114126998,43.48315781101959,-0.011143812726321842,-1.3521226676662192,-0.44705132249095203,0.16517058814682503,57.97021898057318,1,1
2026-04-29,Ads,0.2973080778692955,22.148838882475545,0.15887901812530916,49.707472839083024,-0.008630122074787819,0.51409373287899,-0.01622348966911365,0.18840085763837291,60.62626503168157,1,1
2026-04-30,Ads,0.5799533398639302,24.003341664841926,0.2024570978711632,53.82170060216132,-0.003992066736394441,1.000496018923681,0.2686752124422887,0.44908690884329694,66.20826742196827,1,1
2026-05-01,Ads,0.18825354627629223,23.53550482613516,0.16756146318049653,50.36062651217042,-0.0032645456917513027,0.579148150827949,0.022257174384655652,0.43581467587829253,69.33115076234098,1,1
2026-05-02,Ads,-0.1738357128948438,22.520936502406663,0.10509023587533528,48.043199245271914,-0.006778578977187234,-0.16161838148939153,-0.14295548424495097,0.04363816166473867,67.52148451284427,1,1
2026-05-03,Ads,1.3458838954262364,27.346898767139123,0.35772763198441976,59.02778910041395,0.007358021035084709,2.590033419813535,0.6476871641754464,1.22141787164484,80.23333655938379,1,1
2026-05-04,Ads,-0.5906624487468765,22.402768219477128,0.002008463601483844,44.96781475503953,-0.007024033015832496,-1.3126220471935124,-0.3815950565043265,0.0005469430709858715,72.79728328353015,1,1
2026-05-05,Ads,-0.5970017949885844,22.08663467393095,0.04214273104871421,46.79617178489293,-0.013248645215913053,-0.8538586966476637,-0.2425455135712576,-0.7170165210042602,68.87234764062012,1,1
2026-05-06,Ads,0.307474854264764,24.102188909752954,0.1997229672069083,51.47209864076423,-0.006508702752278916,0.8657982085076509,0.10807078645962186,-0.31917432631997256,74.59796893946353,1,1
2026-05-07,Ads,-0.32698211221693063,23.68623188895592,0.09602270286789848,50.997510025101874,-0.008655624004454392,-0.27736584147829085,0.07112144812999487,-0.6444865563224527,73.9843941783209,1,1
2026-05-08,Ads,-0.7285505827315378,20.61974040842669,0.0653236032414931,40.78401726320115,-0.011581622400995103,-0.6111439822346546,-0.7039384014556653,-1.0745625891901849,72.01716007339135,1,1
2026-05-09,Ads,-0.23133659055087727,21.643486205702587,0.1247222789422005,45.14301702814512,-0.009066319190743403,0.05659243193607986,-0.36169931482990103,-1.0316574550619302,72.36645763017675,1,1
2026-05-10,Ads,-0.08758342441464406,22.201432556184095,0.14488162843944116,46.90664390261078,-0.00575586805222778,0.28274208778124615,-0.22123279797411943,-0.8691399986721355,73.80456561155384,1,1
2026-05-11,Ads,0.34564744156745864,24.776956436941795,0.19822677056461746,54.02206629876535,1.0385629241977876e-05,0.8792917632304443,0.3374872908168116,-0.4123551804590224,79.03059939422144,1,1
2026-05-12,Ads,-0.16924924766581317,24.72270451917786,0.11758622741205271,54.100487586955126,-0.001537064868815076,-0.048746485505865904,0.33987744961884336,-0.5576059709889526,79.22199976649347,1,1
2026-05-13,Ads,0.23513123436645766,24.43619733863671,0.17759425998380132,50.69061609044704,0.0013918832593045527,0.6403858664514261,0.06448514734946867,-0.29373401720252773,83.23822796429076,1,1
2026-05-14,Ads,-0.33360588949619063,23.28470136422778,0.11107070839014489,46.68388291715762,-0.0011051114607554544,-0.13675538116246116,-0.25898266765530426,-0.5102251239004053,83.13537440283221,1,1
2026-05-15,Ads,-0.42554290553519347,23.236609573105568,0.09797306868466722,47.43427307624436,-0.0034600497941676086,-0.2885776129073848,-0.19537503507561724,-0.7592154712635133,82.35469591472173,1,1
2026-05-16,Ads,-0.5210830751044699,23.141987959534454,0.08134375558163551,49.09383441076801,-0.005819997169951737,-0.48131435296275,-0.05715622582202587,-1.0480728723732449,79.91392312151045,1,1
2026-05-17,Ads,-1.1430109766792564,18.621361012349556,0.02453153280216249,35.05106353894122,-0.010610486245518577,-1.138964223255922,-1.2050640986200505,-1.5972454959350901,74.59096616698507,1,1
2026-05-18,Ads,0.889556431801826,27.675720817304093,0.28913168576266923,64.02888831658677,0.0038627039684023287,1.939863913374374,1.1843155053148724,-0.3601020206392258,85.73065749184467,1,1
2026-05-19,Ads,-0.8127665604511256,22.64077045136804,0.007044130506232461,48.61301248714101,-0.005245849645263953,-1.314956497967618,-0.09502553074064309,-1.173924907092725,79.55179568593273,1,1
2026-05-20,Ads,0.22324881075826358,23.877661378479445,0.19835966478135353,49.94752561571276,0.0015659375662703014,0.8853997395208887,0.01666412735080968,-0.5890298803840626,85.12470312507836,1,1
2026-05-21,Ads,-0.30432633927749936,23.898580002020648,0.10888771548582625,50.50066645202731,7.643051802206638e-05,-0.15070705812197502,0.06289614180113358,-0.6987648693972639,85.05990550052168,1,1
2026-05-22,Ads,-1.5052179100817042,20.09089563445263,-0.10939379036426544,44.066801991956375,-0.014758583706012612,-2.5289124772895653,-0.4809279455169325,-2.0978388580021905,72.68232375547053,1,1
2026-05-23,Ads,,,,41.715476748327504,-0.011806866964810089,,-0.6745800213200845,-1.9987550755023535,72.68232375547053,1,1
2026-03-24,Apparel,,,0.2502113440663765,,0.0,,,,96.2027243431005,1,1
2026-03-25,Apparel,,12.22871438193916,0.0064295715965926635,0.0,-0.015557583200350899,,,,84.9002179355489,1,1
2026-03-26,Apparel,,27.871315137241076,0.3535497819331104,58.74412684959701,-0.002305360964147093,,,,90.02291321341711,1,1
2026-03-27,Apparel,,25.197348134566045,0.23721250841538014,49.08101568636337,-0.0012619337212992285,,,,89.23663262356351,1,1
2026-03-28,Apparel,,29.68119747923313,0.43761259828512294,60.32355279685823,0.012290873940493646,,,,97.91816862539518,1,1
2026-03-29,Apparel,,25.745584294279553,0.18611476768067692,47.235160010882076,0.004106775372704505,,,,94.4699608408728,1,1
2026-03-30,Apparel,,22.913511237450393,0.06515737038564588,42.77186321128606,-0.008951145619665863,,,,85.5579757864596,1,1
2026-03-31,Apparel,,23.73886059853963,0.18971181590731045,47.846453907195546,-0.008690972570892436,,,,83.46046790879882,1,1
2026-04-01,Apparel,,22.09951555761006,0.12448034145284069,45.723087587023905,-0.012188800446490778,,,,77.7100482955302,1,1
2026-04-02,Apparel,,23.30897862733019,0.25534157029542165,50.16024528365864,-0.005316749621917208,,,,78.05851954592528,1,1
2026-04-03,Apparel,,23.934470497605304,0.27818038155483255,50.86133816277646,0.0008130756320016697,,,,80.49770495517645,1,1
2026-04-04,Apparel,,22.806038850450363,0.18146225739090807,48.00182699840051,-0.0014753447670836188,,,,78.32260543376573,1,1
2026-04-05,Apparel,,22.02889959275668,0.15321091221530028,47.22626085452777,-0.004547443180886231,,,,75.14527367733788,1,1
2026-04-06,Apparel,,22.4666260108978,0.22858650601655808,49.407189687954215,-0.0013260976197525271,,,,74.24325739085717,1,1
2026-04-07,Apparel,,21.86313458578914,0.1983519084575415,48.60153842822525,-0.0010657847999670199,,,,71.82038470865393,1,1
2026-04-08,Apparel,,23.15090592023181,0.187234357578271,55.575246222038636,-0.0014526015685415207,,,,69.06877860607264,1,1
2026-04-09,Apparel,,19.52803562965093,0.17605900083445983,43.09670465917637,-0.0022251273143476767,,,,66.06634655838319,1,1
2026-04-10,Apparel,,20.102611264632316,0.17550236287373952,47.36229686170077,-0.0025161775578045956,,,,62.91043531795481,1,1
2026-04-11,Apparel,,20.916399411150884,0.34500588700322316,45.934286061587954,0.008368386181254878,,,,68.80420593709735,1,1
2026-04-12,Apparel,,24.929885957865395,0.3348990514498462,58.28897575095511,0.01420563464257596,1.1605913310471525,,1.8486027767737263,73.43388568805385,1,1
2026-04-13,Apparel,0.6211191229426001,25.240973999235216,0.24037927230716796,60.0581393917191,0.01115391108992223,0.2151446372894285,0.9812199303378933,1.6451882949972623,72.53753850032983,1,1
2026-04-14,Apparel,0.2602361667042099,22.732718739483822,0.21074154168880269,51.354783604466746,0.006805927219225887,-0.08501997547084778,0.2766482508472732,1.26737898736094,70.58627326787999,1,1
2026-04-15,Apparel,0.34084720713752814,23.83095059340279,0.2200374861265686,56.63413395279495,0.004342545094208736,0.011798443428584495,0.6861408456369833,1.063640949139414,69.32657354794023,1,1
2026-04-16,Apparel,1.3841561719610667,25.784730755455875,0.3983176841481266,59.313045416696205,0.013963812141132676,1.744206459161293,0.8734123988721876,2.1649196499456442,76.11598634732852,1,1
2026-04-17,Apparel,0.06340661491826818,21.62586252088721,0.1877444067063335,45.266849501081225,0.005807593729571288,-0.383461198383152,-0.2927602354513718,1.4092218611758944,72.7938914304916,1,1
2026-04-18,Apparel,-0.0454179081422931,22.172674565020124,0.17401428928826707,49.57311310673554,-0.0005148117832613633,-0.512694271101058,0.07270760227452588,0.7634343338610305,69.6719000814604,1,1
2026-04-19,Apparel,-0.830247435432997,19.532471520076676,0.05540433578827253,44.92028464484714,-0.012048400713906372,-1.630746973430252,-0.3253036031890691,-0.6329714947829678,61.774853318584505,1,1
2026-04-20,Apparel,0.158402165306881,21.138340347946084,0.24308357737425593,50.67426937690431,-0.0066695270379924666,0.26175109635463156,0.1812095946034269,-0.2631868457680271,62.690719281793314,1,1
2026-04-21,Apparel,-0.28414527464926603,20.43729943716928,0.18554433578696725,49.41906569520463,-0.006606288415197538,-0.3241128085806037,0.06665559242885352,-0.4136659873367915,60.94991752556196,1,1
2026-04-22,Apparel,-0.29466119186126116,20.212636547319406,0.18596608579892024,49.94190924315743,-0.0061641097918054884,-0.31396237081645684,0.11282417003695347,-0.514274552972426,59.23605230342373,1,1
2026-04-23,Apparel,-0.633391791896645,18.89828582155762,0.13050059314231047,47.99464668466674,-0.009060142662662533,-0.877174604654978,-0.06850044601321283,-1.0103927685727845,54.977182855224484,1,1
2026-04-24,Apparel,-1.2529954221004975,16.37050182382618,0.03173789244329373,44.17545310341669,-0.01663916376694066,-1.795773752372751,-0.42454274275384896,-2.0278149179824343,46.69327597600401,1,1
2026-04-25,Apparel,-0.02755026316455425,17.73983629594994,0.2647719502384159,46.90850591565825,-0.005543668351992754,0.5784597505035383,-0.1578033891005511,-1.0504331954926918,50.16414647691836,1,1
2026-04-26,Apparel,-0.8232871912227947,16.048745447797643,0.12520979207339555,42.65336876785197,-0.007090576880722687,-0.8436124708641275,-0.5643827408861132,-1.315103237868549,46.93021204298013,1,1
2026-04-27,Apparel,0.35393566726930425,19.01650094831365,0.2877718813876938,51.58487388463974,0.0028166167397235455,0.824960768440005,0.3173444372669069,-0.29579922943984654,50.478531532889846,1,1
2026-04-28,Apparel,-0.26141012160066174,18.052557044349467,0.17813109532502694,48.96485092648799,0.0020058969936932614,-0.31456015432806894,0.052819516874432246,-0.32086411988435376,48.557265022689506,1,1
2026-04-29,Apparel,0.024752622521896958,17.978888292330343,0.19416300438315318,49.182167119398976,0.0025354620220588014,-0.14307978795993584,0.07400111899511608,-0.2037602555691574,47.312119160511735,1,1
2026-04-30,Apparel,-0.7084401021360142,15.143339172466192,0.12628492146309825,40.756559540749194,-0.0014833875822928833,-0.8508854459169888,-0.7819889677138805,-0.6289530271298195,43.05229768785986,1,1
2026-05-01,Apparel,-1.8390360974458109,12.421858537519949,-0.1120990279110476,40.00056264240211,-0.019020325747851195,-2.9498903106884424,-0.8412986446425333,-2.5660605644735712,28.952328469955035,1,1
2026-05-02,Apparel,-1.515236308719039,12.028671420257988,-0.01479915634007096,44.03572964204453,-0.02264491625372335,-1.900049050648129,-0.41294804211841424,-2.9642240041522663,21.317426279051013,1,1
2026-05-03,Apparel,-1.076513023850339,12.859508340675523,0.0586028603984634,50.10400601065598,-0.018833002670720064,-1.1886350491763749,0.22595371982016973,-2.705285221376005,17.6447489737549,1,1
2026-05-04,Apparel,-0.3555273867051396,12.799747515017515,0.18830529422628461,48.14899028695445,-0.00692397388953464,-0.0033715375451827427,0.01640497889421624,-1.838539894784076,19.197176770620246,1,1
2026-05-05,Apparel,1.245456383467949,18.26211646951081,0.4830297067150891,58.66358764830923,0.019982977157018068,2.4818615390124807,1.1249542918200717,0.4658763171024244,33.1554710507942,1,1
2026-05-06,Apparel,-0.38072411880905477,14.729395090185031,0.0900811942030691,47.727198231751004,0.010948603694682306,-0.8914131614072107,-0.05601723374446194,0.0053354412123621155,27.93705208686874,1,1
2026-05-07,Apparel,0.07871643859161224,15.407556702727176,0.15610370096745663,50.60385956164257,0.009126005242566744,-0.3163667088994531,0.25546232546878095,0.03885991843360132,26.21516880819869,1,1
2026-05-08,Apparel,-0.1391542329169169,15.656120370051365,0.13634076591790578,52.562595365628034,0.006423724776038392,-0.4826094421192546,0.4656856233060779,-0.042732684721632413,23.69732845258208,1,1
2026-05-09,Apparel,0.3201202998817061,15.308498523524129,0.2264886543060163,48.991520203057625,0.010311345684427665,0.3085870605447316,0.06659354179933047,0.4409970021420174,25.845752082088218,1,1
2026-05-10,Apparel,0.5074448437933392,16.703191296604913,0.22372367502089724,52.796668034935074,0.01217260979891278,0.28081548661602623,0.4893557160863318,0.8014833085221084,27.520167010139335,1,1
2026-05-11,Apparel,-0.42589455362020456,13.835239332771536,0.08901510574464255,44.266914333406284,0.004218146682611477,-0.9130760002591283,-0.4748265618585612,0.26969951826695593,22.33452978253056,1,1
2026-05-12,Apparel,-0.12468654031786652,14.954836131828067,0.1507521729029865,49.18781736624431,0.0030554495758710297,-0.3530193409306204,0.08869358746613042,0.23634299426425706,20.38094616823494,1,1
2026-05-13,Apparel,-0.6339834219476382,13.18131312960507,0.05217207123868078,45.9845631382469,-0.004027380842609098,-1.218073564480182,-0.2795669688590752,-0.3914425713036066,14.271979911511494,1,1
2026-05-14,Apparel,0.3061703677283306,15.207139241350973,0.21055254474025034,52.26700682357283,0.0019582603614378205,0.21173530396849322,0.45020896598539956,0.1178000576479687,15.659656950183807,1,1
2026-05-15,Apparel,-0.5446146447694614,14.351802533078809,0.02340701225232746,53.74879636106485,-0.006233936564578773,-1.451490859863041,0.6167128887984996,-0.6494821636138319,8.454584947822728,1,1
2026-05-16,Apparel,0.05050663505992744,14.533807495738698,0.14519699844865389,54.367142528752225,-0.0031533277851720585,-0.34886939988423443,0.6805685747263337,-0.46081566535878815,8.005450291968103,1,1
2026-05-17,Apparel,0.07494072092944878,14.165005648707039,0.1531966532570213,52.67756416239793,-0.00042327942516736175,-0.27341012468890713,0.4736298277526717,-0.2468244858096732,7.823180760013381,1,1
2026-05-18,Apparel,0.4023321081233817,14.416784341127698,0.22860189100211428,51.176805574552006,0.006246562379937801,0.4143389764004298,0.2904278300760561,0.4184012377769194,10.21547075653738,1,1
2026-05-19,Apparel,-0.041486865853281096,11.609373533990883,0.17664881924397766,39.57424664601923,0.00689419930165799,-0.0655592838420253,-1.0936544699188382,0.6054296724172903,9.840364153358031,1,1
2026-05-20,Apparel,1.0208363948092003,17.30216414866858,0.28450524943896205,58.2087113042709,0.013916240470113903,0.9257411241729391,1.13664127179002,1.4316145179248596,14.416203989193033,1,1
2026-05-21,Apparel,1.0053132636208855,17.319659688082414,0.2708909088030436,55.07079499511918,0.016781828982712133,0.7875557381477575,0.7479728625506809,1.9253888878522414,17.767844601541853,1,1
2026-05-22,Apparel,0.1815530668662357,15.751404085223223,0.14087191632212984,50.182398434931805,0.009425092488374287,-0.4268163703682374,0.15479419181401846,1.4855979054417068,15.027768556618431,1,1
2026-05-23,Apparel,,,,46.28384876955324,0.007540073990699429,,-0.31830654572066724,1.4539694480601724,15.027768556618431,1,1
2026-03-24,Auto,,,0.22121894239801576,,0.0,,,,63.78700142441166,3,3
2026-03-25,Auto,,9.171087743263271,0.1390649311940023,0.0,-0.0052428770682903195,,,,62.57001197969704,3,3
2026-03-26,Auto,,14.209385573950529,0.1622349265309154,21.998778908880354,-0.006763566013492168,,,,59.30820085854067,3,3
2026-03-27,Auto,,10.802069838608755,0.07787109201616128,12.214802597764717,-0.012718684794008452,,,,53.32523976430135,3,3
2026-03-28,Auto,,14.687313250246465,0.12359512894188181,29.265316964200338,-0.01281014861756129,,,,50.907358788884586,3,3
2026-03-29,Auto,,20.686652312349736,0.22636521899011805,50.76087389018495,-0.005551849666972478,,,,55.09846408981143,3,3
2026-03-30,Auto,,17.647129802225074,0.1382941291548049,40.27281896127958,-0.006233738294838356,,,,52.490977972102215,3,3
2026-03-31,Auto,,16.851694995753288,0.11847824720434741,38.4837649494062,-0.007486541080113544,,,,50.61499574370671,3,3
2026-04-01,Auto,,18.014705692467228,0.1637001061267168,44.146151686630795,-0.004863887782669531,,,,48.5640865180225,3,3
2026-04-02,Auto,,16.69676293826481,0.1329161010133749,41.543085326732005,-0.004789088407301148,,,,43.72751055470526,3,3
2026-04-03,Auto,,18.586694791340527,0.19051006997053407,47.35117071437981,-0.0006641644776830581,,,,46.03019154644315,3,3
2026-04-04,Auto,,15.685418911490736,0.053642775547805964,38.30650859643439,-0.006625486036661469,,,,42.18951939880743,3,3
2026-04-05,Auto,,16.549574753957227,0.10167284232753432,42.18209552106562,-0.006781350077240057,,,,41.07782161924745,3,3
2026-04-06,Auto,,15.373788704932004,0.06400349545586237,40.20141525221331,-0.00874397546635134,,,,36.10903672611574,3,3
2026-04-07,Auto,,14.78013776011991,0.05256520380002618,39.63628027041619,-0.010042225847798087,,,,33.41108198327456,3,3
2026-04-08,Auto,,18.043921930676582,0.17968104141997243,52.36515410468893,-0.001990913308559397,,,,33.4502014213066,3,3
2026-04-09,Auto,,16.72061830543892,0.1361114763211887,48.51408389906153,0.0006102550756254543,,,,31.430449743543818,3,3
2026-04-10,Auto,,18.050378672232938,0.14276598740856103,54.04922016268067,0.0028628134601765415,,,,31.4078557634402,3,3
2026-04-11,Auto,,17.918405713344615,0.16260952119881383,52.51561200616666,0.005613954703933367,,,,33.30208071485126,3,3
2026-04-12,Auto,,17.17812543768889,0.17824476821652013,46.50445178194048,0.008252020285786893,0.7937888884029441,,0.855372426625997,38.35891893168555,3,3
2026-04-13,Auto,0.4536880408274965,17.623022794313503,0.1322072233672578,49.529079154951546,0.006726298954895297,-0.11775607785490763,0.717487278670788,0.8385098367019543,36.62356857500851,3,3
2026-04-14,Auto,1.437378528137168,20.699029793407014,0.24448422459117558,58.528461028492416,0.012758711369188248,1.9173773482764087,1.2719446184486327,1.773027840065712,40.762703816165256,3,3
2026-04-15,Auto,1.23367650701515,20.013734895237455,0.21699088552449056,53.69556680178951,0.014263290290355142,1.3122501628567276,0.8940897730117161,2.063887899023308,43.742071416426555,3,3
2026-04-16,Auto,0.402854413315751,19.014337004134312,0.13456817137595115,50.10690960185681,0.009313065067069016,-0.20798085713775022,0.622052241149328,1.6399912242615837,43.10434518307331,3,3
2026-04-17,Auto,0.10732086266882623,17.497384709983635,0.11664188256657822,44.96110884971357,0.004671377473049191,-0.5328200824124767,0.24899725113779447,1.2210598357227855,41.643530188312404,3,3
2026-04-18,Auto,1.0573068690896008,21.642204558719165,0.19264505535105805,60.34063945086738,0.00645011200977699,0.892731667990307,1.2943954851445167,1.4621974846098496,42.50113574678809,3,3
2026-04-19,Auto,1.6253964719190066,23.09027266356905,0.27555053186994155,62.29700770172455,0.01258558633947202,2.196079772183429,1.3533188189204994,2.1092585937695865,47.48019550907061,3,3
2026-04-20,Auto,0.1702946394718204,19.94239229034273,0.10325666381700267,52.33201068486401,0.004815237989127155,-0.8179457604591217,0.6350963430490659,1.430243742930387,44.56485325181453,3,3
2026-04-21,Auto,0.873705042999174,21.166784720570135,0.1829460741182097,57.16482723211302,0.004806333128181561,0.5823955730754141,0.945510255777056,1.449958157160703,44.22653022249965,3,3
2026-04-22,Auto,0.011317247103324185,17.97389210185608,0.11535467289789092,46.217622598971616,0.0002525455678756086,-0.6168107278293427,0.1622115296740219,1.025026592601821,41.76834488371769,3,3
2026-04-23,Auto,-0.25111897497997493,17.840146288162707,0.08601841861860275,47.00439703551305,-0.004470390846347343,-1.107055307079569,0.21556741276063615,0.5107592694652708,40.01003385810323,3,3
2026-04-24,Auto,0.6558955154647748,19.168679931399687,0.18642329107575736,52.347519939610926,-0.000761797819734488,0.6905324036381802,0.596555136608909,0.796980783455702,39.608879397428574,3,3
2026-04-25,Auto,0.43181067950737984,18.31907341323341,0.15503056407647775,49.59746748945406,-0.0003721746628485602,0.11683482364693977,0.3845186350383342,0.802403662818388,39.338117049212386,3,3
2026-04-26,Auto,-0.44237690063072976,16.954200812560543,0.07228762261297217,44.74688357635857,-0.0053594446731848565,-1.3535982701694045,0.01738564180824166,0.23995553234357758,38.35605461902559,3,3
2026-04-27,Auto,-0.02417535394189027,18.648511402374833,0.1311622083937306,49.94884168862165,-0.004405491215112686,-0.2750919160706884,0.4100554896335985,0.22341236162194883,41.34321295261613,3,3
2026-04-28,Auto,0.2644568824303951,17.47263744433227,0.1559147917380694,45.257730665636885,-0.0019452472789276828,0.1802680730507694,0.044313683675932594,0.39640258553814334,40.84972279568798,3,3
2026-04-29,Auto,0.29208395754550226,17.519758185639418,0.15189893207523777,46.42490254826639,-0.000501360917610048,0.10352138203389516,0.13462865295606952,0.5089541003324992,38.497740575254724,3,3
2026-04-30,Auto,0.8673844498011396,19.936859590320918,0.2069705867109645,54.099791927641476,0.004001771123202526,1.116569191726601,0.7339995681970652,0.993453771006927,41.44882059194095,3,3
2026-05-01,Auto,0.7306793226876156,19.827012954872803,0.17918192940383393,53.50221782513608,0.004889245088571742,0.5799007530456898,0.6727091322245269,1.1532833407761032,41.64324011938412,3,3
2026-05-02,Auto,1.4278682548716621,20.798441986992046,0.27534749151480337,54.5290303549048,0.011363296892500058,2.2274173435358877,0.7410685696365713,1.89377768719619,45.68490391172391,3,3
2026-05-03,Auto,1.381323636571256,20.42831629168366,0.27333577091756944,49.86692251403779,0.014708182887633418,2.0455288164566947,0.3551011711204374,2.3127500227297366,50.70182762049511,3,3
2026-05-04,Auto,1.537426398487019,24.15015633872345,0.2586352465095563,61.51739478572436,0.015073131184997772,1.7050393992949153,1.2747973496483203,2.4272076727084104,54.689327075478914,3,3
2026-05-05,Auto,0.006954064866768944,19.711701092430424,0.10292299612865075,44.66911985903392,0.0045177874341528436,-0.8990315657172316,-0.1044581480466061,1.6148826451312823,53.48489589825455,3,3
2026-05-06,Auto,-0.2612789471613675,19.803744810457868,0.07501019304126198,47.16236848718855,-0.004183290037954327,-1.3263530003965283,0.10116099310361136,0.8492455787193909,49.97814721210842,3,3
2026-05-07,Auto,0.04533023842576392,21.095274642353708,0.12662779801452942,52.769459504580745,-0.006181045061633762,-0.45700776761143347,0.5632934564872722,0.5678540248651387,48.5033540932353,3,3
2026-05-08,Auto,-1.096341692793736,16.52268899983164,0.0005606822868248947,37.753288358569804,-0.01519789773933785,-2.385736057014967,-0.6955754393895329,-0.421781532522435,43.36133277133314,3,3
2026-05-09,Auto,0.6821482235725752,21.079485887847333,0.22788265360820983,53.8152209641591,-0.005554401489761579,1.2014886295648248,0.6609248424514387,0.2225797380102184,47.065860791709426,3,3
2026-05-10,Auto,0.3249160044314562,21.141513381549174,0.15061548104846745,54.125645383770305,-0.004145996034304855,-0.02217341113432153,0.676847005274672,0.24927634323358647,46.82558208174352,3,3
2026-05-11,Auto,0.6206228109272436,21.130162015128057,0.1986599445857061,53.596235294616335,3.352853885300747e-05,0.7352955342331312,0.6221395236143121,0.5763219163317562,47.321545191226576,3,3
2026-05-12,Auto,0.06043482430240035,20.20134850038819,0.14649263703245705,49.512242500470535,-0.0006645182313220431,-0.10288747675545161,0.265129433733885,0.5004205061134607,47.74353220557036,3,3
2026-05-13,Auto,0.6856119806021718,21.216205610823376,0.20494955395397252,52.59974145849367,0.0026781546790093404,0.8330136341312887,0.5286586066982293,0.8125680701208782,49.03726929827532,3,3
2026-05-14,Auto,0.9385418640111765,21.38294203550967,0.24042954948112014,51.671754395512046,0.006905806464509603,1.3714460177236745,0.441605348713924,1.2644452447017216,51.34671292853674,3,3
2026-05-15,Auto,-0.6261087332859588,18.926260810250326,0.037854553032152384,43.98862919349317,-0.0037413278062654663,-1.8203291980845153,-0.2392223553949718,0.32381544644149146,48.50825429297045,3,3
2026-05-16,Auto,1.653476104642883,22.481228028162725,0.3810710974682436,53.715985478061945,0.01168611888099937,3.1916654859430387,0.6256239364793986,1.7509423083974804,55.396229730700085,3,3
2026-05-17,Auto,1.855394584066023,23.52886292094494,0.3929068356730027,54.17387314564156,0.021473291599707157,3.0287219223155315,0.6581226730777934,2.7229271581602066,60.35179088197585,3,3
2026-05-18,Auto,-1.2153755680453928,18.088471914979458,-0.14321917081530994,39.716085708523394,-0.007806390284181481,-3.4874228196573074,-0.6458454855457603,0.3817431087349314,50.72991039939853,3,3
2026-05-19,Auto,0.787988435800043,21.57360900671599,0.24927550416500432,53.34049171401509,-0.0007573356688765926,1.0615062096706622,0.5904096281055224,0.8849927752106207,50.83556251362866,3,3
2026-05-20,Auto,0.7560580097386157,21.54122820725938,0.2245945168319743,53.4193023860908,0.0020708940393546517,0.763960740046539,0.5905928211940714,1.1155479484173167,50.35317840692301,3,3
2026-05-21,Auto,1.2160565039044045,22.140806571950897,0.3108219027161448,54.1448540668683,0.009178525282190323,1.7096970665247428,0.6495408650604141,1.7592877657021588,52.49319357790423,3,3
2026-05-22,Auto,-1.01801332449253,18.78409909350103,-0.1151388360467374,47.70606313758471,-0.014111760539290061,-2.9090266363892034,0.05149177741574135,-0.2219858213362962,42.719019078879604,3,3
2026-05-23,Auto,,,,42.52524369178161,-0.01128940843143205,,-0.4293023012020457,-0.21127023555432053,42.719019078879604,3,3
2026-03-24,Banking,,,0.3586117686681429,,0.0,,,,61.679416485796004,6,6
2026-03-25,Banking,,8.197386714762413,0.22753181550192636,0.0,-0.008365216384396712,,,,58.55925885164621,6,6
2026-03-26,Banking,,13.799333097319987,0.2692850872264309,24.158128016707593,-0.010486191208778379,,,,56.351971078758915,6,6
2026-03-27,Banking,,11.559306045949143,0.21546759561807907,18.42185737130697,-0.014657414083635936,,,,52.18453950275524,6,6
2026-03-28,Banking,,13.895801442719787,0.24929556683621742,29.016286746920997,-0.01426829442751629,,,,50.22930563543754,6,6
2026-03-29,Banking,,12.693436208833766,0.2185432743191178,25.952336142890346,-0.01513007994799194,,,,47.57988788185004,6,6
2026-03-30,Banking,,11.986252359853179,0.2117670375420779,25.362218975980056,-0.015166152000486044,,,,43.89033389468244,6,6
2026-03-31,Banking,,11.221615550008398,0.19597829212793783,24.086110719346564,-0.015223382409529494,,,,41.24046849071035,6,6
2026-04-01,Banking,,10.731906770403201,0.1922977153195746,23.806875029266195,-0.014483462152525755,,,,38.78567591970916,6,6
2026-04-02,Banking,,9.554757297520064,0.15225940073500915,21.140728038402088,-0.015569946290574364,,,,35.8450680350605,6,6
2026-04-03,Banking,,8.88226309604788,0.14203183951009332,20.55276733137684,-0.015806290333132474,,,,32.641875502662536,6,6
2026-04-04,Banking,,16.512998107735697,0.3465915637085584,48.94983749532117,-0.001754144982125852,,,,35.50566746316802,6,6
2026-04-05,Banking,,14.308494726614246,0.2290749434096924,40.61080729779617,-3.304979815284964e-05,,,,34.81848278643274,6,6
2026-04-06,Banking,,11.954043571351848,0.08669932788298375,33.66292485675929,-0.00771740829337543,,,,30.918876610407192,6,6
2026-04-07,Banking,,13.384908172562273,0.1738177542225818,39.949339650076624,-0.006230733024127827,,,,29.543056887033536,6,6
2026-04-08,Banking,,15.26019683514695,0.1857481760336254,47.38905539455741,-0.0038578871332022313,,,,29.526692574246198,6,6
2026-04-09,Banking,,14.73161914131807,0.18823918593754932,44.67434656991191,-0.001647603477709085,,,,30.247120189568438,6,6
2026-04-10,Banking,,17.329241532320673,0.27035835671607084,53.4776086025968,0.005430361019142835,,,,31.981295844077295,6,6
2026-04-11,Banking,,19.761337675076142,0.4330369056316652,60.007117548656865,0.020316989390102992,,,,36.20278000449972,6,6
2026-04-12,Banking,,18.279007871758107,0.29528362388766466,53.74323355299006,0.020098391242519338,0.783703409613179,,1.5373365558542207,36.481667729140575,6,6
2026-04-13,Banking,0.9390396721356684,18.460817820597327,0.2746930896882962,53.02858586104731,0.017854833561720934,0.5126625125605979,1.1961596448486311,1.5439159683374728,37.52752332232057,6,6
2026-04-14,Banking,1.0421471685815906,19.40810784202236,0.29679878935035997,54.82309105149456,0.017143760597920225,0.7633370194984416,1.229485342244397,1.6216689618095634,39.3942254193332,6,6
2026-04-15,Banking,0.6062226966252017,19.182260766499198,0.25628009879606,52.9566075226595,0.013394878605482854,0.24084548577793904,1.0564829519819061,1.4795533165218004,39.99651985411357,6,6
2026-04-16,Banking,1.072954752037855,20.731020008472758,0.3084624468696159,57.13798500958061,0.013823913435667575,0.8865974538918445,1.243609331750482,1.5827387264550836,41.93303352757353,6,6
2026-04-17,Banking,1.3457925784314286,22.068860624524653,0.36532194030431836,59.78656127000448,0.01711607187110191,1.5175469751309192,1.3235552055528268,1.835530267454501,44.74099867373779,6,6
2026-04-18,Banking,1.6405612426061666,21.86092075422727,0.4651431477272053,55.72126429629237,0.024732905559474615,2.3867942879528603,1.0308034413423464,2.261768359507591,49.02526002166385,6,6
2026-04-19,Banking,1.1158475865880098,21.68189009587649,0.33568608366094765,55.086402022636356,0.0199726999600296,0.8911147982578195,0.9551270698517549,2.0388323308346754,48.647146783396614,6,6
2026-04-20,Banking,0.8391211747144581,23.663215126710963,0.30828099206545534,61.87429286450547,0.014171540409265545,0.5663951006756113,1.2970522343382254,1.7806616534882527,49.27285535317506,6,6
2026-04-21,Banking,1.0533629743702686,23.438741251760163,0.3370912662681267,59.33287123977235,0.011577270966750182,0.870159965454122,1.0987191827843317,1.670420736832128,50.53481529907177,6,6
2026-04-22,Banking,1.079652675189124,23.90288310188851,0.3537304647241002,59.55061691014603,0.010325897444626775,1.0252305566857691,1.0696673330771032,1.6181346593208568,51.82102101765304,6,6
2026-04-23,Banking,0.5616306181620209,23.011264790745876,0.2967261054606635,55.80799318452084,0.005258529519149598,0.3616013480681976,0.8236587440367649,1.3904432051477578,51.27541125846553,6,6
2026-04-24,Banking,0.5873347069154669,22.479021386227544,0.3247410532444705,53.09048524890344,0.003478758332515385,0.6736283205474164,0.6464319959938576,1.2949168796525126,51.39096450045711,6,6
2026-04-25,Banking,0.8508172148297617,21.075435778516525,0.37276233450799157,46.06143014380418,0.0051217163073031015,1.193546339532261,0.2194121751947735,1.350431721864915,53.24606299228428,6,6
2026-04-26,Banking,1.1663503061231761,24.572410364705913,0.4086401061130293,58.54478528757773,0.008037204194856852,1.5311824582931628,0.9543927520633153,1.4716196069030867,55.29683652843553,6,6
2026-04-27,Banking,0.32255113389897005,22.422637284011167,0.28051174970653747,50.37742049970302,0.0011126481304544467,0.0634503287377378,0.4462347288856093,1.1704879698377013,54.363271792495766,6,6
2026-04-28,Banking,0.26889959167326727,22.2807420690623,0.286155131848771,49.294545945299504,-0.003081996289669608,0.12724111999105908,0.3730099952105739,0.9518850848902408,54.3367466389049,6,6
2026-04-29,Banking,-0.3743230700855361,20.61041717610824,0.16121219619727561,44.33315280067055,-0.013672384021691783,-1.2954034605340454,0.06057431981995122,0.40222094597373675,50.96596100131647,6,6
2026-04-30,Banking,-0.0023183880680380242,21.3518751152342,0.26196324505790763,47.37996180793202,-0.013281909172686557,-0.11869499944586988,0.2511160504302719,0.28321639761028644,50.726081240056885,6,6
2026-05-01,Banking,-0.21650827989780813,19.902065666234908,0.2357640513288449,42.43869193698713,-0.014100707474868461,-0.4220299091800333,-0.06703138058406165,0.10917174207722861,49.57931434915442,6,6
2026-05-02,Banking,0.5765649378206393,20.853354484565525,0.3723137102365874,44.80496937146901,-0.0052161420717987406,1.173369899795043,0.08672966120194826,0.4084539983725095,51.81780003572777,6,6
2026-05-03,Banking,-0.3578696747156377,20.044011351199153,0.19789786411461013,42.658369125856225,-0.010548643299126215,-0.8803065754514324,-0.054953215044615915,0.08303027154462779,50.763858526669374,6,6
2026-05-04,Banking,0.8428834044522114,23.517686999586537,0.4008129362631449,54.15346248190116,-0.0004081677521111616,1.4780938095534952,0.704260720329956,0.48954495257110037,54.01100188701188,6,6
2026-05-05,Banking,-0.10474193607837928,21.231351530180763,0.2415293576407286,46.16028064551393,-0.004214852042068658,-0.38555558798115064,0.1618866441827642,0.28375647600128934,52.599892254567315,6,6
2026-05-06,Banking,-0.2675891902313212,20.582554088316236,0.2189092288330322,44.608735860462644,-0.007832644638907503,-0.6431927721544026,0.0550825699362557,0.0486223772263687,51.15188030067074,6,6
2026-05-07,Banking,0.7521007721316998,23.204160984044357,0.38389056778374187,53.20848134225289,0.0008477466667248295,1.285838987262478,0.6402316275702097,0.42160774505269044,53.87013214075556,6,6
2026-05-08,Banking,0.5757352046792386,22.62051010293747,0.33929980235341045,50.529439724176356,0.0034050266420190085,0.7451260675230773,0.44742739267848947,0.5599987303564524,54.51546454424715,6,6
2026-05-09,Banking,0.8024622275692366,23.072996553884558,0.38765491997512697,50.541448465353334,0.007914230591194811,1.2824646173509726,0.4424953121955411,0.8258009526214483,57.02739937641418,6,6
2026-05-10,Banking,0.9754035433553367,23.45579927713733,0.42125811783256273,50.45951198124732,0.012451011561442573,1.6142347670887716,0.43121550053104474,1.1302571388395333,59.2695351036881,6,6
2026-05-11,Banking,-0.20912703604363447,21.961306544010966,0.1936512684598327,47.05049398663408,6.90583652471332e-05,-1.0027153396967592,0.18499273064751365,0.586703408256013,55.591629533991885,6,6
2026-05-12,Banking,0.2242643113468963,22.784044869793703,0.3038523694027612,50.56109891807615,-0.0007101903791789776,0.27132839154070515,0.4338527266824946,0.5379931673919328,55.166961196150204,6,6
2026-05-13,Banking,0.7666515015656075,24.345605462701158,0.3612194186529952,56.62521297727128,0.002453633670337031,0.9251578567753489,0.8612452382571943,0.6936604468879766,55.52589473378921,6,6
2026-05-14,Banking,0.3127859225448846,23.043969720370853,0.3172114665699231,51.90157435523626,0.0014479383903768118,0.4051147896229286,0.5091631716075269,0.6561002552974435,55.03596400218355,6,6
2026-05-15,Banking,-0.03522394417190905,22.268919697989162,0.24677343699797247,50.367730750705455,-0.00380841656421783,-0.42211156948376216,0.39169833459773,0.376423155733408,52.57518332315722,6,6
2026-05-16,Banking,0.7130546370880744,22.660277434797514,0.383996716065451,50.39005519607929,0.0018076838929241756,1.1842143387110515,0.3891231999407986,0.6396109333860881,54.694795479265984,6,6
2026-05-17,Banking,1.1695556623322028,25.322737957108693,0.446128945375029,58.9593040548107,0.009147768055135412,1.841738787077749,1.0120928789797639,1.05219241538535,57.77572301414176,6,6
2026-05-18,Banking,0.2471148095335243,22.0316896613646,0.3156448220138849,46.75647591393808,0.004870457209546965,0.3277243986933733,0.09665948001347188,0.899754358305858,56.46679114612338,6,6
2026-05-19,Banking,0.3095627182202162,23.484922761816197,0.3107461531038891,52.98732016072218,0.001539281497237548,0.26802465314337637,0.5613329708594451,0.7564668603845681,55.9258043327841,6,6
2026-05-20,Banking,0.1411256805969596,23.19613254455055,0.28100942409658436,52.66381207675209,-0.0026128646109396456,-0.08131182149003667,0.5307009134130944,0.5332981396671528,54.89238238269919,6,6
2026-05-21,Banking,-0.36412490891542315,20.164812374353506,0.22129120389667278,42.33284657960493,-0.00896931017702604,-0.7796765452714116,-0.25837296800868065,0.14092469591681886,52.46227284363768,6,6
2026-05-22,Banking,-0.9501559381035994,18.871091854299998,0.11197654750308791,39.897527309240324,-0.01951883837821409,-1.9930722882439578,-0.44199345683140034,-0.560771854571952,48.84956702895402,6,6
2026-05-23,Banking,,,,37.19837663292875,-0.01561507070257127,,-0.6442669806584364,-0.5459405681606206,48.84956702895402,6,6
2026-03-24,Bonds,,,-0.24241802407275473,,0.0,,,,59.03942758055594,2,2
2026-03-25,Bonds,,34.7008698381314,0.45783816311194503,100.0,0.04468871393999223,,,,61.09056945332507,2,2
2026-03-26,Bonds,,31.12321986078825,0.34836458051243796,86.48023245722067,0.06326787493407054,,,,62.25543407717843,2,2
2026-03-27,Bonds,,19.89251844226065,-0.29214088548308437,48.28569668617948,0.030474709152051666,,,,55.02612792673949,2,2
2026-03-28,Bonds,,25.370728807177528,0.5124114026151697,66.73837154708266,0.05935218805386961,,,,59.80109605372604,2,2
2026-03-29,Bonds,,27.233208354682517,0.6901115450588055,69.16822810743624,0.08523031198572774,,,,67.75018720552796,2,2
2026-03-30,Bonds,,19.567161516697418,-0.4897130645287653,46.577053400044605,0.02104360894087655,,,,59.34219538771616,2,2
2026-03-31,Bonds,,22.056202835634025,0.1725761155370471,54.854185166546074,0.02128222613030545,,,,62.0273648422304,2,2
2026-04-01,Bonds,,24.732631082812944,0.7310900080234641,60.07122696136486,0.05521767429572698,,,,70.69888634490182,2,2
2026-04-02,Bonds,,22.568859209649315,0.14033208834489602,53.52838362453948,0.03502499663933195,,,,69.81733141649026,2,2
2026-04-03,Bonds,,23.279774159880617,0.3231809305926164,55.04393604257176,0.03125433909095804,,,,71.1757520909262,2,2
2026-04-04,Bonds,,22.385376853480185,0.09222012292593718,52.86618981962642,0.011494749614662222,,,,69.49580155865372,2,2
2026-04-05,Bonds,,22.651470292261457,0.2044762570982527,53.755452595802325,0.004626542245838694,,,,69.4088462170337,2,2
2026-04-06,Bonds,,22.598875442389087,0.22735063219264462,53.93255759602806,0.00048376633595560714,,,,69.1650669656544,2,2
2026-04-07,Bonds,,21.54616892276107,0.023007493466621426,52.148444148220996,-0.016235184288848598,,,,66.76000063093156,2,2
2026-04-08,Bonds,,19.467239007683883,0.016783336074869818,45.9780703126398,-0.027279708749742476,,,,64.7571937551455,2,2
2026-04-09,Bonds,,19.661947179448827,0.10046245461519468,47.728723362727315,-0.028389047586650576,,,,63.62508282868644,2,2
2026-04-10,Bonds,,19.501908359252862,-0.19449218696169557,50.95513414985464,-0.047311868807263256,,,,58.770098701346,2,2
2026-04-11,Bonds,,17.88013317026549,0.047326197828565335,44.888101023743936,-0.042044436262308256,,,,57.82786165172767,2,2
2026-04-12,Bonds,,17.47826851374704,0.1042642037825659,43.38516402676459,-0.033593954906312416,-0.14171269469893355,,-1.3161285677952914,57.61504029579273,2,2
2026-04-13,Bonds,-0.00752568446914316,22.11883438059407,0.2408243492993371,60.790743997250566,-0.018433522064248836,0.28691975283165577,0.24191661589208352,-1.0205438780970437,58.98374326612684,2,2
2026-04-14,Bonds,-1.3594261171965343,15.719351969463311,-0.4355669240063677,41.054406879313774,-0.051700803186091625,-1.734765075780532,-1.0875697147529315,-1.8499396703292208,51.921017921536944,2,2
2026-04-15,Bonds,-0.5394930767441741,15.998227890471387,0.12727840057710807,41.12942448315393,-0.03437469018870641,0.0030003043997400853,-1.0302250435456177,-1.5348406048908505,52.553271940400485,2,2
2026-04-16,Bonds,-0.08401738654028876,19.224545677094476,0.28319197398955004,52.40617638555154,-0.012136968208420681,0.48316691630832254,-0.23721645204027164,-1.0863347856621428,54.40518410756185,2,2
2026-04-17,Bonds,-0.05514263122642071,18.872227806559728,0.28564131399600634,49.32681473312026,0.002247450746433427,0.4791315428691542,-0.4458316213116913,-0.7556752676935616,56.4678922336949,2,2
2026-04-18,Bonds,-0.15760039578848947,19.287068902151983,0.14470242945411138,50.97254779413153,0.0017996925934685368,0.01835852766702128,-0.31922142852606555,-0.733211253826479,56.3870034727881,2,2
2026-04-19,Bonds,0.022852983450851197,19.70855352242821,0.2690021462142468,51.1904134927028,0.009001691424506672,0.4234949856886633,-0.29689188175305836,-0.5236711359447987,57.810593747305646,2,2
2026-04-20,Bonds,-0.6328946294165698,17.959698335572337,-0.012862963630631568,45.95493884096256,-0.005320137981213981,-0.5195334478155406,-0.6733114566500382,-0.8285661780771831,55.619267204232344,2,2
2026-04-21,Bonds,0.10857440536838539,21.627082983593123,0.29319183462224896,54.3990602756833,0.005149888740567057,0.52010834625266,-0.028959275232498947,-0.5655761183599206,61.23798669114266,2,2
2026-04-22,Bonds,-0.017027126436071308,21.346743082197975,0.19584241644642314,52.83136955999825,0.004854062178513682,0.17828126374166914,-0.14817846698285714,-0.5342346308444611,61.50607793507574,2,2
2026-04-23,Bonds,0.0917750200877474,21.64965990741935,0.26951292972031515,52.681596449376435,0.008728944166400694,0.4307684237854122,-0.15735873160214603,-0.3948861438011539,62.37510664760312,2,2
2026-04-24,Bonds,-0.18766167456682276,22.428726852815224,0.15835429827452382,55.943672439437,0.0031995585057285753,0.03137147245459617,0.10342574185749463,-0.4898264086566051,61.803249681953524,2,2
2026-04-25,Bonds,,,,52.03614080721685,0.0025596468045828574,,-0.21282000824359007,-0.48078260006738355,61.803249681953524,2,2
2026-04-26,Bonds,0.1634822227540474,21.656661400779853,0.3261148982167244,51.01311408067891,0.011376164531371968,0.6297727958331409,-0.29302975984348034,-0.21343292768395206,63.7132170664805,2,2
2026-04-27,Bonds,0.47827315428753414,22.680950334043672,0.5042075957320444,51.763585645431476,0.025273741015396034,1.2365253594730943,-0.22626950762905176,0.2474452887163258,67.1410090700406,2,2
2026-04-28,Bonds,-0.13475536876591712,23.850359362353515,0.10490909172222018,57.656638001359674,0.006674008041358183,-0.21739030615739133,0.27373812714799167,-0.14511874243731118,65.11855449994746,2,2
2026-04-29,Bonds,-0.33724422925145725,21.06123652109429,0.1737003400877687,46.872525411734436,-0.0014621971471413739,0.03673444625679342,-0.6487063521879596,-0.3409511985359075,63.679269746162596,2,2
2026-04-30,Bonds,-0.5289735652173743,19.56095207106623,0.14653119488436728,41.59585360684091,-0.008734188004985509,-0.06443113647575872,-1.077255774632515,-0.5575389073224356,62.391692720184814,2,2
2026-05-01,Bonds,-0.6670005232334411,19.00592132303906,0.09780533132638564,40.427646153105925,-0.016439088709582016,-0.246574879737026,-1.1426727566757455,-0.8247136114207908,60.46339132552132,2,2
2026-05-02,Bonds,-1.1531223994191626,17.59379579949573,-0.15521789266467093,38.1269055522022,-0.03701173755108496,-1.1842413108849308,-1.295165876627222,-1.4843039146958015,56.223956255395684,2,2
2026-05-03,Bonds,0.3988289050543553,22.440487653664604,0.5766415112546955,52.71392290811811,-0.0016339237037030219,1.5509183229694823,-0.04074544962900833,-0.6390286508855315,61.51832644922747,2,2
2026-05-04,Bonds,,,,59.187545288693485,-0.0013071389629624175,,0.5149808765762632,-0.6284395084174424,60.540444287515776,2,2
2026-05-05,Bonds,-0.50580483353874,21.767566192099935,0.04482109762196029,52.90801942644291,-0.015809715210482092,-0.4422829458724908,-0.036506915349340245,-1.0485908817385745,57.442626222602904,2,2
2026-05-06,Bonds,0.21039204430603087,24.07898919518106,0.29734792907599894,60.85580000100436,-0.00603361500830743,0.5092221763234642,0.6595240269953777,-0.8323295399394504,58.44848006255518,2,2
2026-05-07,Bonds,0.32122993890248375,24.27548025893604,0.3499989801061206,60.46829406624675,0.003453280731984032,0.6987276304331946,0.6150493993611184,-0.5727428866403318,59.48589159532024,2,2
2026-05-08,Bonds,-0.5053665811199975,22.26254701790047,0.01604721701499076,54.726007053211426,-0.012418369180537313,-0.580221187751136,0.09583438864090532,-1.0134447909364703,56.768923638858624,2,2
2026-05-09,Bonds,-0.49527085377588587,22.208238202184596,0.05985151543825864,55.555832757821626,-0.019216432802350653,-0.4047307721387127,0.16968133285344197,-1.2604469526615698,55.17628493359948,2,2
2026-05-10,Bonds,1.0328859503437646,26.382600333484845,0.7807180447757245,65.85502228792424,0.023281345380158094,2.255176479454358,1.0934365425135788,-0.08743176229476929,62.631887962140205,2,2
2026-05-11,Bonds,-0.5743553877470848,21.59102261039215,-0.011928370192646975,50.21051173861221,-0.00219292472896334,-0.6918667521000259,-0.3425059781744434,-0.71426646977732,58.746174437224525,2,2
2026-05-12,Bonds,-0.1047730410612337,23.830924558362504,0.22677062421619895,59.16878332090508,-0.0031123018019536264,0.20180533155343006,0.4837426536859865,-0.7443222347856459,57.91001532131607,2,2
2026-05-13,Bonds,0.11292246752409205,24.311883277363986,0.25091314343506405,58.65087771508937,-0.0022783518000781613,0.29014682607228687,0.4301168360278367,-0.7267089020389551,60.55847897092307,2,2
2026-05-14,Bonds,0.4665741923231944,24.769937641790648,0.43412653478063334,61.14514650076121,0.009767556872777874,0.9721359524662413,0.6563812105239085,-0.3624427033470409,60.379161311869815,2,2
2026-05-15,Bonds,-0.6090079261697833,22.27645618825502,-0.04837182232389848,54.69165765529034,-0.014296993208626221,-0.8608312327906615,0.04293178958784972,-1.0349104955647652,55.697623845769556,2,2
2026-05-16,Bonds,-0.9983896465947697,21.552912392020296,-0.23564211133588106,55.5808815796042,-0.04086002444273515,-1.527953594716306,0.127028859371986,-1.8723319171535804,50.98285686377289,2,2
2026-05-17,Bonds,-1.2839603101506847,18.539127853317062,-0.19953535269557615,46.35112121685433,-0.05324804767662193,-1.3533461167885992,-0.7557590038705568,-2.3457868825246457,47.28100822978012,2,2
2026-05-18,Bonds,-0.31249240926417154,20.341530709613043,0.24557233117352137,52.64600017927083,-0.02987920324435871,0.3143547413883795,-0.1422930647144402,-1.891261879456771,47.508461294341494,2,2
2026-05-19,Bonds,-1.7625860670572984,16.140142584499312,-0.517917486946208,43.825524370748774,-0.06238544864957382,-2.409463560357041,-0.9899586772536184,-2.749788275520083,35.610772805824425,2,2
2026-05-20,Bonds,-0.10779074039338715,18.346931228974668,0.4401907056387459,51.35716156657357,-0.018198534653320837,1.0265660048915293,-0.24847677588646533,-1.8304203036900875,36.95788237496614,2,2
2026-05-21,Bonds,-0.8453203907754532,16.879672308717563,0.030025635134056206,47.15329755339755,-0.015536710157618976,-0.4469654388268751,-0.656362901334013,-1.7880711939580685,35.036850668137674,2,2
2026-05-22,Bonds,0.08284353910255775,19.207898433948323,0.4100985710312333,53.47721543794845,0.011425010208982463,0.9178065008932805,-0.0270940740626246,-1.1548267597666197,38.04255733543733,2,2
2026-05-23,Bonds,,,,53.11475409283932,0.009140008167185971,,-0.0629385740320505,-1.1470987449152779,38.04255733543733,2,2
2026-03-24,Brokerage,,,0.19989691922499783,,0.0,,,,52.63458987768979,2,2
2026-03-25,Brokerage,,7.123075436876229,0.129473486581029,0.0,-0.0044942589493587315,,,,50.13622964143239,2,2
2026-03-26,Brokerage,,20.271848109358597,0.2083662960065056,52.83605342062144,-0.002030578795229254,,,,49.57414986176068,2,2
2026-03-27,Brokerage,,24.544470668845104,0.2894737296658942,69.43741461409367,0.004811012851228531,,,,50.63834195329862,2,2
2026-03-28,Brokerage,,20.164946182569132,0.2137153718688717,52.25657470569823,0.004016173452423685,,,,49.82949352147667,2,2
2026-03-29,Brokerage,,22.151233896259335,0.26645994306194826,59.27251183972199,0.006668236861586055,,,,50.604733134416335,2,2
2026-03-30,Brokerage,,21.30389906087018,0.24716004296056204,56.24799202768948,0.006728818517298214,,,,49.6381680171195,2,2
2026-03-31,Brokerage,,17.144878879739274,0.12163471690245019,42.23206770424281,-0.001632461036302004,,,,45.665315467028876,2,2
2026-04-01,Brokerage,,19.607182173494625,0.22589438455849442,52.13790901949715,-0.0001660257586667429,,,,45.08458148164572,2,2
2026-04-02,Brokerage,,18.951136704518497,0.20807321791642006,50.65323361549974,-0.00040717741524113563,,,,43.62676836506658,2,2
2026-04-03,Brokerage,,16.59054327813291,0.10303913090131252,43.37377243983005,-0.007270766705630123,,,,40.1908013581745,2,2
2026-04-04,Brokerage,,21.89102398039576,0.409486604006294,60.102516656481804,0.008350992504147413,,,,46.21043650383395,2,2
2026-04-05,Brokerage,,17.57676375506538,0.0857105094490816,45.80533311749006,-0.002991215263453189,,,,41.936297852010256,2,2
2026-04-06,Brokerage,,18.524159686508973,0.20523335836440032,50.1802104442931,-0.0023422173504381093,,,,40.94404836792337,2,2
2026-04-07,Brokerage,,16.837899721165137,0.08672017108899316,46.46129439027113,-0.009396950915075225,,,,36.49499611904562,2,2
2026-04-08,Brokerage,,17.319916394708546,0.12449477501014922,49.84108576458828,-0.010915074063641384,,,,34.485317222402216,2,2
2026-04-09,Brokerage,,17.74159181292634,0.2288088298322487,50.64208020560362,-0.00461210457146314,,,,35.78814419187051,2,2
2026-04-10,Brokerage,,15.903020401630593,0.1312788355845808,45.08198732413538,-0.006608141555632302,,,,33.08493565063712,2,2
2026-04-11,Brokerage,,20.466987438844924,0.47164492779499406,56.88572675739673,0.014259367060249262,,,,42.43950337665313,2,2
2026-04-12,Brokerage,,16.74181975006312,0.07217694515060673,45.62357171371551,0.0011164115823507983,-1.2374746706282533,,-0.0885203434181974,37.20647156088378,2,2
2026-04-13,Brokerage,0.7776003622759814,19.069777323342493,0.32596910867219275,51.605631981355934,0.009032323412183546,1.1255293016084191,0.19418906337264447,1.1615076267280273,41.435936837605865,2,2
2026-04-14,Brokerage,0.7309637981199779,19.96841457401094,0.27262184842500264,53.169379592803956,0.010111053130567883,0.6002460921463014,0.3043769710084311,1.4977403136955085,43.99903682050764,2,2
2026-04-15,Brokerage,0.763474790851405,20.19139152321383,0.2799193069994367,51.18216229343622,0.01069497990810607,0.6498857833186067,0.14742400065034406,1.7253091540711223,47.84976522622994,2,2
2026-04-16,Brokerage,0.9841599402050378,21.114911261406682,0.3204861792862027,52.435553091236606,0.013036963618797814,1.0013371053037199,0.24111964923937473,2.091675095370156,51.068479664535076,2,2
2026-04-17,Brokerage,1.0280402119563101,22.312381923268944,0.3159159268726841,54.82213821186161,0.013447832972895897,0.9208189087397589,0.42371040984097885,2.181958616457622,53.71955112066786,2,2
2026-04-18,Brokerage,1.217534156343701,21.882960573239295,0.39616095202825835,49.66367774630928,0.018008841348656036,1.5839498500835372,-0.0012047927213901836,2.56697631051078,58.9247039333509,2,2
2026-04-19,Brokerage,1.175440329033417,24.329119457892617,0.34396912414236525,57.55363180691,0.01643912450915649,1.047660370922237,0.6447288346612821,2.398824010650585,62.062031036049895,2,2
2026-04-20,Brokerage,0.96563822020877,23.9184476467966,0.3248305196379585,53.71623945621212,0.013180986434977823,0.8407121038378473,0.31169964888631807,2.141983863929519,64.7716496200949,2,2
2026-04-21,Brokerage,0.4640217611539519,24.35338951108375,0.2544861330560778,55.37385341120186,0.005737500102258139,0.17176797696212792,0.4457328410866118,1.6066362756975041,64.32215666082439,2,2
2026-04-22,Brokerage,-0.13771873158688758,22.74917348153545,0.15595532103813123,50.9699849527907,-0.005750950327916497,-0.7571025641063083,0.057348154118789955,0.7054704716660911,60.51181279296823,2,2
2026-04-23,Brokerage,-0.5568501519418113,21.024310687815294,0.11982012441047726,46.49221027777836,-0.015177412349316105,-1.068715812455166,-0.33749586532499676,-0.20215744145255785,55.99795677755935,2,2
2026-04-24,Brokerage,0.30873484765717146,23.215450879990463,0.27541199712875086,54.471780555625635,-0.010547143218714371,0.4286035639158887,0.3814044638641746,-0.061586743264924484,55.96006461085841,2,2
2026-04-25,Brokerage,-1.9633748514029083,15.203620799284563,-0.14808318299746417,31.715859330997986,-0.03428105747188569,-3.0637614711547494,-1.6173909717608168,-2.1466729970166605,42.19329836685448,2,2
2026-04-26,Brokerage,-0.2185940469045287,21.142566905530177,0.2232529525151508,54.53250762180965,-0.023746510203360216,0.025131415738122134,0.4205230720552516,-1.726896126446187,43.142957069381,2,2
2026-04-27,Brokerage,-0.2922709024083693,19.43497882395575,0.23044740661601645,46.63652505947541,-0.015469941824943169,0.08470293955902956,-0.29195390610396865,-1.3805368641692164,44.12510650107587,2,2
2026-04-28,Brokerage,-0.21030886694303583,20.056147544988804,0.22450488852427572,48.24720821422092,-0.00984561400960636,0.03329083125322798,-0.14155067300052263,-1.1408989620006682,44.08820976496293,2,2
2026-04-29,Brokerage,-0.948698013862629,18.32223516060895,0.09374351922098764,43.777732317899535,-0.014121703093445704,-1.0716347767741248,-0.5492368157005278,-1.556470901678158,39.32514357009734,2,2
2026-04-30,Brokerage,0.20708378144960865,20.479548078214663,0.32732770003235606,50.202524285433135,-0.0010951539825073868,0.9314300481047911,0.05654841335069148,-0.7510304495241307,42.23308347305881,2,2
2026-05-01,Brokerage,-0.7138718726191137,18.640813750776708,0.1281901440729121,45.01691227676892,-0.005519313935017447,-0.7824969384402707,-0.4331310638596428,-1.0810385051139813,38.98441117617281,2,2
2026-05-02,Brokerage,-1.337644670569283,16.309120958711844,0.00030354461525445436,39.751374348907056,-0.016089669255175427,-1.7948935724030732,-0.9203296421536977,-1.870539644186165,32.818697412549334,2,2
2026-05-03,Brokerage,-0.2421297024470637,18.416732864803173,0.2313712941971856,47.33199036683792,-0.007013925683882451,0.1590361668521473,-0.18280985831116714,-1.3794812565597931,33.41716595592301,2,2
2026-05-04,Brokerage,0.8641850317468757,21.31325795604837,0.47623892520861155,53.240934638270126,0.01479650893862197,2.1040947980127442,0.3919490976229969,0.12967344700634906,41.69072013844648,2,2
2026-05-05,Brokerage,-0.34883576782956394,19.56651221783474,0.1522257519451956,48.02551406374584,0.007107094020685033,-0.5388992631302179,-0.12424069474625456,-0.22205820425063363,39.267288515319485,2,2
2026-05-06,Brokerage,0.39817107583713296,21.11059889470469,0.28968039694810443,52.54378334837033,0.010764436337910634,0.5863272914942157,0.3255410901130285,0.16101108288176302,41.183640928646334,2,2
2026-05-07,Brokerage,1.0104217896319834,22.678623849480353,0.4214830310785329,55.53685535509237,0.02095674988158902,1.6128743272713746,0.6196413138506495,1.0804240515460044,45.87216922389762,2,2
2026-05-08,Brokerage,0.6058643914658062,21.486847381779363,0.30043894271021515,50.46525613541907,0.01852690706269975,0.6165889904042602,0.09974670065386544,1.1829233231455332,46.52139505856287,2,2
2026-05-09,Brokerage,0.5534336001366952,23.81327145294543,0.27648017515204915,59.26973384114401,0.01446664933953668,0.41470474897781234,0.9887143005571027,1.1275518393716149,46.84709229631723,2,2
2026-05-10,Brokerage,0.20714079950638278,21.650577975697807,0.24733698131409543,50.618218111098976,0.009233494166308413,0.17143279345363402,0.09261394828893393,0.931399810244897,46.532931112292786,2,2
2026-05-11,Brokerage,0.8217557261154025,22.66708462628913,0.356070232852997,53.06487235751749,0.0123174278742242,1.0580142693038044,0.3445085088149586,1.2704319562114976,48.64581388509764,2,2
2026-05-12,Brokerage,0.8523798435416995,22.942394233304288,0.350994843742341,53.08733435883375,0.013161611384922188,0.9951684942478278,0.3429671870505145,1.4706961594761188,50.31336032179267,2,2
2026-05-13,Brokerage,0.4584658747538991,23.211053067211186,0.27881734233292865,54.65022140132037,0.008245411349794434,0.3875359954918724,0.5031834328380682,1.2667788104663527,49.940736097687584,2,2
2026-05-14,Brokerage,1.0461390095559877,23.19305491906598,0.41835145955847364,52.40054689827311,0.013468577778791808,1.5131081511293754,0.2588776271174328,1.7065125054017896,53.538851778541584,2,2
2026-05-15,Brokerage,0.5420662544909084,23.870660063907366,0.2975760731687196,54.659772999497356,0.00813005365681542,0.5026915562875987,0.4977929166129048,1.4685646380887192,54.29570976354387,2,2
2026-05-16,Brokerage,-0.49489691334493646,21.670885929507286,0.0477648242876311,51.22357021009251,-0.011801776562315285,-1.539150412339351,0.12134113211751815,0.155204619053841,46.40553912850994,2,2
2026-05-17,Brokerage,0.7278680798787064,23.052235932154325,0.3843669355222927,53.74073727706287,-0.002385119537854273,1.213592507708149,0.39467083224843225,0.6569623271606159,50.62898079769421,2,2
2026-05-18,Brokerage,0.07282898191307768,21.08842834468715,0.29774453483078533,45.26978698213502,-0.002070799456914081,0.4957359899747109,-0.5405301758653152,0.6370442674612882,51.81683741792513,2,2
2026-05-19,Brokerage,1.0767333503979386,25.025824019694873,0.4272371810390132,58.125723294815764,0.0063185521711933874,1.5213313031696063,0.883563926272763,1.193784315647101,56.18933267088463,2,2
2026-05-20,Brokerage,0.698057106835181,23.577327993561823,0.345374241794621,51.70147350656723,0.005826772501705348,0.8393331633569935,0.16193614333873457,1.222706522591222,57.172122989119906,2,2
2026-05-21,Brokerage,0.19085184341386854,22.260256081786558,0.3033453861871639,46.181377112684935,0.0023230894587517002,0.48960903603941086,-0.4575429725271993,1.0345886672066869,57.54915766339227,2,2
2026-05-22,Brokerage,-0.31742714589505894,21.64911533139844,0.1749661862570916,45.96342176258182,-0.008400699449061438,-0.5635685336974322,-0.47737313024668954,0.28907637261140395,54.0298017358685,2,2
2026-05-23,Brokerage,,,,46.68306587319114,-0.006720559559249151,,-0.3911034229445453,0.276876672669724,54.0298017358685,2,2
2026-03-24,Chips,,,0.20714145842746967,,0.0,,,,67.32845213587674,1,1
2026-03-25,Chips,,8.993616643055496,0.1967336562356001,0.0,-0.0006642016213614932,,,,66.07357887982398,1,1
2026-03-26,Chips,,8.161050672913072,0.16457881718004685,0.0,-0.0030962246424833585,,,,61.67921822593191,1,1
2026-03-27,Chips,,6.818964323655884,0.12724401819060158,0.0,-0.006832309222476578,,,,54.224631188646995,1,1
2026-03-28,Chips,,17.98441050083967,0.1920834545744674,44.798145363997314,-0.004653809377796473,,,,53.99313086789798,1,1
2026-03-29,Chips,,16.26794368485614,0.17245754343988598,39.448975810991605,-0.004262137341164698,,,,51.89734518253827,1,1
2026-03-30,Chips,,12.754984207843133,0.12303663617425038,30.32945818319378,-0.006902679226776091,,,,44.71477077933909,1,1
2026-03-31,Chips,,10.093711631221026,0.08985013070824434,26.253951390094997,-0.010253558287615715,,,,35.59217682513395,1,1
2026-04-01,Chips,,10.598959808960892,0.11304334688086976,32.58496418388734,-0.010252612255849444,,,,29.510998258021942,1,1
2026-04-02,Chips,,6.24385659615622,0.028336533098226358,24.806998447513692,-0.01501341684460897,,,,16.177750234559813,1,1
2026-04-03,Chips,,12.102733615386233,0.17611896373075997,46.914122106667236,-0.007638086173273995,,,,17.523026976152778,1,1
2026-04-04,Chips,,13.887477248881885,0.21318274274126015,50.55967206713549,-9.108500201511147e-05,,,,21.819363471165637,1,1
2026-04-05,Chips,,13.770188896453758,0.19021467170020936,48.49589011314898,0.0033370048167621937,,,,23.33955763605058,1,1
2026-04-06,Chips,,14.69859944647643,0.2054031384037466,49.84959324190489,0.006431190052673123,,,,25.85939938518767,1,1
2026-04-07,Chips,,12.032322250295746,0.1139401866300418,43.03778060647132,0.0023329857088013866,,,,19.71443877483179,1,1
2026-04-08,Chips,,15.11469879020933,0.22131873485187384,51.60412791627771,0.0066258482131007265,,,,24.187243195913048,1,1
2026-04-09,Chips,,14.530278245586715,0.16287291540991097,49.89238538890576,0.0053554045130668245,,,,22.84024852051069,1,1
2026-04-10,Chips,,14.006038181747776,0.13176978315160573,50.287764541107464,0.0023973273897588236,,,,18.812955579612954,1,1
2026-04-11,Chips,,14.680006639298448,0.2016107914581852,50.60195396871793,0.004973096855311696,,,,21.158059709354347,1,1
2026-04-12,Chips,,12.867968987452269,0.11835346096433451,46.83601479621453,0.0011006350524011919,-0.7800550869936762,,0.39688581413946583,15.551243449325835,1,1
2026-04-13,Chips,0.678827872319775,14.986511645510703,0.18687398946544317,53.651610536802096,0.003073147470450073,0.5682613184992215,0.9194924283899879,0.7128091589757823,17.078630118415226,1,1
2026-04-14,Chips,0.9527813784791986,16.630993466505284,0.21055741968611766,56.9805640481399,0.0057373709445129265,0.9999048106010205,1.046592659722509,1.1630076549889843,20.878747496909135,1,1
2026-04-15,Chips,0.8781399508149165,16.656310129432857,0.19802060893612725,54.97560422937325,0.00637091472029034,0.7211342952135841,0.8972648033493906,1.3490433366716343,23.277027177035883,1,1
2026-04-16,Chips,0.9759121574535534,18.702857788164554,0.1993071566212015,61.09451263940472,0.006566110228466943,0.7236875721017869,1.169241655903022,1.4652471981629298,25.573346007113702,1,1
2026-04-17,Chips,0.470641480609299,16.16430876672663,0.17932310778937607,50.24926419742503,0.005103919792529702,0.30353679526702193,0.560992975328125,1.3574032769837665,26.06647519858028,1,1
2026-04-18,Chips,0.8405078040180572,16.42607311803837,0.2051792462595441,49.36632352762321,0.0055933431914837305,0.8214083225295714,0.49938390788674386,1.4762022174712697,27.931276252616243,1,1
2026-04-19,Chips,1.817140487851639,21.56882031902227,0.33289857378867244,59.689723034426024,0.013768266344007105,2.850897304061559,1.0370000242178703,2.4058383664194043,41.25319363719272,1,1
2026-04-20,Chips,0.6680820384702112,19.29493480793856,0.20067521421063997,49.7229620395374,0.009711453187422905,0.4877428223138796,0.46611842382217833,2.0215699232259023,42.17284158705238,1,1
2026-04-21,Chips,0.7248559175938015,21.26430498113765,0.2072044216567428,56.06900406515469,0.007033419839579868,0.5915498635602653,0.8038124110299902,1.7861192944280766,43.55060376788602,1,1
2026-04-22,Chips,1.1908360057962422,21.763566815269698,0.26299901512999807,52.90746154144031,0.008487937154585649,1.5176412413453568,0.6075904408920668,1.933153492037012,50.1360725901749,1,1
2026-04-23,Chips,0.7379135494529278,22.583112157479288,0.2225318637744872,54.26865520338294,0.006293863567433576,0.7765533804145855,0.6700949075112106,1.7499434768811153,52.26544113024089,1,1
2026-04-24,Chips,1.2207968907949436,25.01449336470744,0.2634962310625669,59.29400081040453,0.0071103651435047086,1.4355363006184707,0.9352360042747827,1.8242703610180475,58.40297309871248,1,1
2026-04-25,Chips,1.304547845168776,25.639474583195494,0.28838912281916357,56.537311607722096,0.008729184562565565,1.7517539703977765,0.7542689103542203,1.96029725961967,65.46391329269127,1,1
2026-04-26,Chips,0.7529029087977095,26.339794477698455,0.2284355447410582,58.59463025746949,0.005331421007836179,0.718985426853909,0.8528247300727281,1.6968303562145268,66.45465323545557,1,1
2026-04-27,Chips,0.5849621141353377,25.36940069532378,0.22387931955451454,53.2097735426734,0.00249065506888424,0.6284423143156876,0.5231448617712745,1.4634600584599433,68.4467965956426,1,1
2026-04-28,Chips,-0.14262612480634854,22.1143148891826,0.13894112425309033,44.38481879366365,-0.004987544163175019,-0.815461466623689,-0.0066685009571648135,0.8182077957893387,62.61271527166167,1,1
2026-04-29,Chips,-0.44061511404732023,20.5433626970678,0.11304964808785413,43.474384982112966,-0.011200785887064952,-1.2200979182202585,-0.061311215628139,0.16657363658143093,55.11460355959038,1,1
2026-04-30,Chips,0.6986513380497072,24.078229919038293,0.2535479768853152,53.43179524092602,-0.005651330860553503,1.1557601929646355,0.5447593062476334,0.46127916546908404,60.85159864718737,1,1
2026-05-01,Chips,-0.20605730878506123,21.970154421044917,0.1497681450293362,48.30933775856134,-0.00859653800312499,-0.6067884325855312,0.22182898639857637,0.08412563422115725,56.435329111378294,1,1
2026-05-02,Chips,-0.155462910402317,21.363265354106105,0.16930999918594783,47.93320478037537,-0.008821947050797377,-0.266511021610606,0.19544441411149074,-0.0965104714638828,53.91115414565475,1,1
2026-05-03,Chips,-0.39967465416724735,18.37419309231573,0.16020832991651668,38.473988852457275,-0.009138678775813725,-0.41920662156365346,-0.4048042806822049,-0.2898058295428124,50.78831395778991,1,1
2026-05-04,Chips,0.8730417958104183,24.3626900859468,0.28642738966615533,55.76967398955287,-0.0008393644957804106,1.716974647223886,0.702543555455255,0.3260182618553195,59.873301200342006,1,1
2026-05-05,Chips,-0.002717435156929196,22.363875160305867,0.18488970440548194,48.66879044184788,-0.0021077335726589087,-0.026249450643504195,0.23668705326393488,0.18466066786857063,58.48565895836869,1,1
2026-05-06,Chips,0.6399778494457818,23.62180492213277,0.25405054494898194,49.474548618467075,0.0015919338671736318,1.1443326901245985,0.28623299506504957,0.4988401142059094,63.95044556711637,1,1
2026-05-07,Chips,-0.10989852766583957,22.559682379416884,0.16968755625622653,47.04911955539488,-0.001589632793285431,-0.31208294352686206,0.12308354511331975,0.21325346639906861,61.40169828873407,1,1
2026-05-08,Chips,-0.3178120913447997,21.13696069539452,0.15520769669433376,43.76874615883415,-0.004454039558433209,-0.5573047846475829,-0.09713137490202998,-0.10376008223816699,58.24165891215332,1,1
2026-05-09,Chips,0.34273430362896423,22.27296381307236,0.22464649953369817,46.51092572801351,-0.0016038550675066437,0.6563595805941932,0.08900806668205485,0.09331796283115036,60.8350565445088,1,1
2026-05-10,Chips,0.36846208799755287,23.21693635361933,0.21628952837253843,49.29536334337288,-0.00028237590949868044,0.5015777416757066,0.2779500609216209,0.19350464698548947,62.3702258382301,1,1
2026-05-11,Chips,0.4344047939679875,23.867614800032918,0.2219813074142872,49.89003397528927,0.0009088682500002208,0.5950132492262769,0.31578349368148756,0.3072523986301307,65.64999203281509,1,1
2026-05-12,Chips,-0.511129737672025,22.242645249603648,0.1148851057309504,48.64114450637908,-0.005243900282947301,-1.2960154590766206,0.22547851514188802,-0.3117934174965694,58.98403013247713,1,1
2026-05-13,Chips,-0.6151184558235924,21.37053007555906,0.1122082180076074,49.95118990964564,-0.009001466817039417,-1.3074474308943498,0.31513960702016275,-0.8042733399459716,53.15388634213027,1,1
2026-05-14,Chips,-0.19755647281742303,19.977766456308785,0.17002526289219178,44.64090574729782,-0.007179691676354701,-0.2796454793269718,-0.06521774016337933,-0.7894443168025852,53.72409995764169,1,1
2026-05-15,Chips,-0.8423793026205375,19.151651018411403,0.09854368747322606,46.57115262268193,-0.010191565639932457,-1.5090519158093643,0.0739599702696788,-1.2303909756311675,47.11347891367932,1,1
2026-05-16,Chips,-0.8316948829571793,17.92439645292706,0.11105782984268842,46.063699559102275,-0.010691550689080478,-1.2568197470283955,0.03647713765169549,-1.453803823957771,41.043662738451,1,1
2026-05-17,Chips,-0.9149992405827749,16.77210057681402,0.10207360603236444,46.0710121304159,-0.010938529686368367,-1.3765552040692286,0.03667925195158201,-1.6436173248320556,34.62527403183839,1,1
2026-05-18,Chips,-1.0456771279570265,13.525944210019205,0.11268421906438016,36.082946646296286,-0.009738554512782082,-1.1664870210263738,-0.6989234733334612,-1.6835067478811523,30.792721640809106,1,1
2026-05-19,Chips,-0.010815021549626186,17.932708833445062,0.19582083372746847,50.90219339133852,-0.0030439250527440048,0.2721484664693719,0.4076919065979522,-1.179903611838444,34.657412185306455,1,1
2026-05-20,Chips,-0.7437394088049167,14.773604729179628,0.13265078781801162,39.88027972073389,-0.002586307831532483,-0.8200434331501627,-0.4205037053683431,-1.1703262261764602,32.26462381262398,1,1
2026-05-21,Chips,0.2805780942565771,19.233991468174214,0.2144775488834728,53.74948754399461,0.0031973340993407175,0.6072346863621055,0.6272839295350869,-0.6362863663255887,37.307143220970474,1,1
2026-05-22,Chips,0.033025225690342594,18.734559740043665,0.1702023377922609,51.19559831521897,0.003961216431947684,-0.17166648684727043,0.4276039368565226,-0.4902049244546653,37.4951597809936,1,1
2026-05-23,Chips,,,,45.11832454692259,0.003168973145558149,,-0.04029974054042673,-0.4767526572255149,37.4951597809936,1,1
2026-03-24,Cloud,,,0.19698390535955682,,0.0,,,,56.76346144052504,4,4
2026-03-25,Cloud,,8.633432527232605,0.19697957784914086,0.0,-2.761716048960139e-07,,,,56.50404572102444,4,4
2026-03-26,Cloud,,8.005045664431975,0.13521260646805008,0.0,-0.003942257978427382,,,,52.21492203702635,4,4
2026-03-27,Cloud,,8.58603511711591,0.1381783190600759,4.581170066493158,-0.006008105446565523,,,,48.394370750285795,4,4
2026-03-28,Cloud,,12.963540654802678,0.1538480931319961,23.176509961455935,-0.00596529590777717,,,,46.988595068471604,4,4
2026-03-29,Cloud,,17.089767917438905,0.17651415406656246,40.070250318071636,-0.004142982356283366,,,,46.5009883045327,4,4
2026-03-30,Cloud,,16.676526333425816,0.17350035209170556,38.931899721751336,-0.0029302250151552398,,,,45.35961934825501,4,4
2026-03-31,Cloud,,12.616984086655055,0.11716933209051682,25.429220840675868,-0.005559002161590925,,,,41.2399167846451,4,4
2026-04-01,Cloud,,13.307338425804584,0.12821503785179558,30.177698083506726,-0.0061452785358359595,,,,38.06430296516122,4,4
2026-04-02,Cloud,,15.295494522185464,0.15371897877734747,39.12762969411266,-0.0044839242956182315,,,,36.62519146951274,4,4
2026-04-03,Cloud,,17.006689056320994,0.17763832497005655,45.66022024990017,-0.0015917950280995678,,,,37.171697697756414,4,4
2026-04-04,Cloud,,15.569918518038623,0.14979004224120152,40.588893922910806,-0.0013799111290615142,,,,36.123220549683474,4,4
2026-04-05,Cloud,,16.780868927656094,0.17132265253197573,45.28749342032181,0.00029545792021841953,,,,36.17101285497959,4,4
2026-04-06,Cloud,,17.423920026694145,0.18291681612299765,47.52219331690105,0.0021653636365520125,,,,36.45195486488122,4,4
2026-04-07,Cloud,,19.42104888000471,0.22161250961544599,53.81770862825235,0.005783798641928331,,,,38.88526724572567,4,4
2026-04-08,Cloud,,15.729366861484934,0.12636840723702758,41.54958758403566,0.0017475862771322813,,,,35.118696350185765,4,4
2026-04-09,Cloud,,17.241682410584332,0.1316026098730156,49.50036643252875,-0.0004665182546856241,,,,32.04592427188046,4,4
2026-04-10,Cloud,,15.865725048886471,0.11227551477398791,46.57030792378379,-0.0029888752310048092,,,,28.107926245211775,4,4
2026-04-11,Cloud,,19.10876343658388,0.222655758999604,57.28375843694656,0.002712218879943256,,,,31.16764963160393,4,4
2026-04-12,Cloud,,16.965885633373905,0.16697657082620534,49.056337725137794,0.0026650453177159954,0.16262071990631222,,0.7797456614107564,30.445274108585313,4,4
2026-04-13,Cloud,-0.25512223166185155,15.60865271578692,0.12491953625580365,45.538071866443936,-0.00011929830177799354,-1.0679216351371996,0.5436509953743862,0.11849170742082234,27.50479822834027,4,4
2026-04-14,Cloud,1.504112677290643,20.068894572993862,0.24313647182578177,60.388553301291,0.005755295058175149,2.171513932873163,1.311817838039916,1.695890784825061,31.86719025722889,4,4
2026-04-15,Cloud,0.3857658385056205,17.906433113119824,0.15709347691011383,52.1194380883351,0.003700677417359641,-0.17685924191504326,0.8091138661553473,1.346632357479777,31.48650263494064,4,4
2026-04-16,Cloud,0.9045461987380564,18.273639593174096,0.18889462747837638,52.55795722257104,0.004295993854401877,0.6904107062135225,0.8041330043780108,1.5848912171577305,33.0345822343918,4,4
2026-04-17,Cloud,0.8357926377527057,17.965631046947692,0.1838557334781621,50.46489288054453,0.0041601931440644144,0.5339784226923316,0.6626698205327313,1.6393649242170225,34.385887273903776,4,4
2026-04-18,Cloud,1.6511368310596166,20.484929180999465,0.25471021371874464,57.3711079032559,0.008407117189069575,2.2414177785689207,1.0221984839444982,2.4901080246743548,38.981729153756405,4,4
2026-04-19,Cloud,0.6557065813128687,18.727826268187165,0.1802711547998283,50.58517139424866,0.005886961669468619,0.29570176654698677,0.6094043683959461,2.058999203040038,38.39777462079311,4,4
2026-04-20,Cloud,0.0798398137858512,17.51180564062623,0.13815109222921232,47.185010007126444,0.0013065477630120476,-0.7974942752956844,0.3996594758846527,1.2783944203998547,36.20597494514518,4,4
2026-04-21,Cloud,0.8359368003588529,18.2268429422157,0.2003460477239373,48.701095029693036,0.0023290795466517243,0.8376372222279892,0.4801699457445628,1.4577706683491405,38.231469395347595,4,4
2026-04-22,Cloud,1.184024230202168,20.6624984162457,0.22209176542441358,56.42324825004315,0.004223142033350448,1.3518141386604268,0.9205358418253967,1.7922041733927478,41.437875171314765,4,4
2026-04-23,Cloud,-0.5051454007297638,17.64190070375385,0.08665921935640344,47.43277551727152,-0.003476201796540755,-2.0283954339166534,0.36395266874745485,0.4529676067450848,36.325959524978906,4,4
2026-04-24,Cloud,1.461723769686452,21.343291381846566,0.2743809609570362,57.7657163269005,0.0038459801343516953,2.35062672426096,0.9733225387934044,1.6495070000534588,42.504652203117416,4,4
2026-04-25,Cloud,1.3302089801589412,20.50406039834723,0.25575383501031496,51.738395665128834,0.007022054095659435,1.7953644945190734,0.5865071251993611,2.1779187670194267,46.355019460228945,4,4
2026-04-26,Cloud,1.384852769984245,21.901568900110302,0.253620293095594,54.82197193292577,0.00846951017902867,1.6486250571152399,0.76130100356602,2.3983340743814208,50.056622474895875,4,4
2026-04-27,Cloud,1.3892779715020018,23.206410494265555,0.25145911381064606,57.36954566757328,0.008736556546395692,1.5235762576389322,0.8974840859485489,2.4303558166911525,53.65328567261645,4,4
2026-04-28,Cloud,-0.10504806609866932,19.07873463566805,0.12279833199275315,43.07585107048135,0.000156924473149838,-1.1271207439957092,-0.007742908358340073,1.343511697140497,49.661182229473,4,4
2026-04-29,Cloud,0.4152350780137145,21.497179757744505,0.19145115032318402,52.01728022226601,-0.0009261404292788683,0.29643735328966947,0.5568489988958106,1.1488923292153435,49.909292048744724,4,4
2026-04-30,Cloud,0.3726985503834349,21.243467456460642,0.19467777906867986,50.351341713612484,-0.0014269619202393335,0.3590747158774379,0.44150978545832986,1.0187377818108927,50.48632222173974,4,4
2026-05-01,Cloud,0.943337863719227,22.519756787305948,0.2373916652452932,53.11007867713787,0.000986646223985076,1.2279831252303346,0.6114522028962113,1.2872553938242068,53.59913741768312,4,4
2026-05-02,Cloud,0.17734921467002238,20.405072720866755,0.1806382154559008,45.62523963930596,-0.0012495846993995623,0.026662585214768848,0.11426933250475259,0.9641518747569079,52.260296616635436,4,4
2026-05-03,Cloud,1.3822581216880616,23.926756620233583,0.2907368843049821,56.26050399079534,0.004367942723021014,2.2064004651867513,0.8107100118715481,1.6679581114153266,57.6016592520729,4,4
2026-05-04,Cloud,0.32477933930577463,22.82637057623377,0.1805215233294285,52.2292286084659,0.0005436915393286692,-0.031890923349640346,0.530658778177536,1.2082030183846753,57.11862439841589,4,4
2026-05-05,Cloud,-0.3056050987635378,20.73868378765286,0.1274372136076587,46.12692923789641,-0.005353278951234327,-1.0943496458191815,0.11430466805168475,0.3793886279685303,53.264585130483624,4,4
2026-05-06,Cloud,0.7762562741240294,22.557016311369487,0.2430997038093154,51.01473455096233,-0.0014590330572943544,1.239962148441338,0.4445512516091852,0.7711074717054803,56.523382625427416,4,4
2026-05-07,Cloud,0.6985985368564788,24.31911981885491,0.2138924088826502,56.84845241674916,-0.0008739110388142173,0.6350671330824571,0.8335557395374279,0.798611190486028,58.151270696596995,4,4
2026-05-08,Cloud,0.0827747044360149,21.27849554918916,0.18984900278602676,44.47677499689267,-0.002062017678787717,0.14050089112607572,-0.0289653921033206,0.5921445849199576,58.166103397751364,4,4
2026-05-09,Cloud,0.04561622162744147,21.403429266959826,0.1883482984065224,45.4949720468773,-0.0028559448602933895,0.10822931684552069,0.042408369524999996,0.41078450212877266,57.36156229113137,4,4
2026-05-10,Cloud,0.6884883151829432,22.65826480908266,0.2378408761421114,49.008174639244274,-0.00010040760798433069,1.118280389235827,0.2897201407095073,0.7212044787991475,59.675853082194976,4,4
2026-05-11,Cloud,0.04878070112105318,21.981511044788544,0.18606253954782154,46.1307955966683,-0.001727228945151497,0.03598207022871235,0.0815099405820866,0.4712578310570533,59.72130231738787,4,4
2026-05-12,Cloud,0.008669912079303926,23.654485741945834,0.17219290344297486,53.381802042075094,-0.0035923656753706797,-0.2541932653589115,0.6012234550792367,0.13959340292829753,58.52954022000627,4,4
2026-05-13,Cloud,0.5207831836751439,23.55164218076402,0.21873939237146334,51.92660989521164,-0.0016452966430496345,0.7271334616808932,0.48843274900614425,0.32152553372873593,59.766064776547786,4,4
2026-05-14,Cloud,-0.4768772154308607,21.588823899672292,0.13573705487074572,46.25995895212796,-0.005674632958693417,-1.0297940162085917,0.06897727376974554,-0.33855411822075154,56.46990119773689,4,4
2026-05-15,Cloud,-0.26617789219660004,21.364593554650387,0.1744736707347894,45.98733020370593,-0.0054566106606813505,-0.19875790470896956,0.0481640803260211,-0.47390771131479437,55.67097495351091,4,4
2026-05-16,Cloud,0.7712383836638013,24.06767222301489,0.2546943791027932,54.585754167952764,7.199923088655976e-05,1.487621367661855,0.6867315361541698,0.21085771342709347,59.14218865402108,4,4
2026-05-17,Cloud,-0.590808976563818,20.006149103545578,0.1378791311363887,40.61272721397028,-0.0039351748453461035,-0.9871871294884349,-0.36817201738658856,-0.40844294636753403,55.84694016354376,4,4
2026-05-18,Cloud,0.7820460744524068,24.15120060589442,0.2549770554490314,54.5341209136738,0.0012276303633599174,1.4685055383194274,0.6861023623680002,0.2776874043384962,59.83481173657052,4,4
2026-05-19,Cloud,-1.5898837653277917,19.683743433685812,0.0004313615910623708,43.789563102096814,-0.011852867346640806,-3.431080256413189,-0.13754071640448334,-1.698280551392192,48.82768923310292,4,4
2026-05-20,Cloud,0.07877921814064319,21.333292824600733,0.21566783461960576,48.77764773978033,-0.005674797113952859,0.6252278374553288,0.24658034644467705,-1.0836406272101788,51.37484232782598,4,4
2026-05-21,Cloud,0.04141550707192346,21.45331807495252,0.19541162923203947,49.16988247060596,-0.002765352817788138,0.2385866632867006,0.2746804275427777,-0.7962096376358117,51.956825965674895,4,4
2026-05-22,Cloud,-1.8231719301488172,18.517144002859922,-0.017469919946767526,42.038324580936504,-0.014343734446848774,-3.403260716619907,-0.284441143251065,-2.518267991304006,45.170269922419884,4,4
2026-05-23,Cloud,,,,42.08683521374798,-0.011474987557479017,,-0.2780958834399999,-2.3535324666539865,45.170269922419884,4,4
2026-03-24,Commodities,,,-0.027692083779911336,,0.0,,,,29.495253928082548,3,3
2026-03-25,Commodities,,31.070487157243356,0.20244740251913107,100.0,0.014686964367802141,,,,32.97190804443186,3,3
2026-03-26,Commodities,,26.994900394148125,0.14282980635418283,79.42497361652681,0.019284423886206208,,,,38.21987886664326,3,3
2026-03-27,Commodities,,20.925258697688644,0.014557805708232804,55.053462928204034,0.012891653998656959,,,,38.869358642349624,3,3
2026-03-28,Commodities,,26.784843762863083,0.26344063589957134,71.82692450629254,0.02398529831104365,,,,46.69519038585757,3,3
2026-03-29,Commodities,,24.68101651848636,0.14719984987524184,61.16588973042912,0.02210153757145937,,,,50.07940618147008,3,3
2026-03-30,Commodities,,17.3931052108485,-0.2510837806008187,40.54575810875866,-0.0058671486940542646,,,,40.6588900476136,3,3
2026-03-31,Commodities,,18.015535571594683,-0.0991621716156123,47.31992116457767,-0.013593010758802601,,,,35.611655266173486,3,3
2026-04-01,Commodities,,19.45180578022155,0.04609400224331319,52.49510962299668,-0.008620451604354122,,,,37.814097979534445,3,3
2026-04-02,Commodities,,20.498496233647156,0.1367819259958006,55.24035545614906,0.0005877917058798726,,,,41.33778579052409,3,3
2026-04-03,Commodities,,21.02467437552566,0.12459380450836964,54.81463281731296,0.005401519889691175,,,,44.30905487417083,3,3
2026-04-04,Commodities,,18.502851551962646,-0.08199183894178673,48.481614842018786,-0.005209799317585629,,,,40.06755023845645,3,3
2026-04-05,Commodities,,19.172261758965234,0.010752460439918794,51.02201545499121,-0.005818564660867312,,,,39.83588257061154,3,3
2026-04-06,Commodities,,20.540485783823016,0.12623324573792558,53.85526376800484,0.0013382405618029992,,,,43.836085383157645,3,3
2026-04-07,Commodities,,19.131036695888216,-0.00985000188370822,50.41835993840777,-0.0030700955871423175,,,,42.527236583656496,3,3
2026-04-08,Commodities,,17.02247808454094,-0.021078983743921764,44.15914641173565,-0.006521241101014465,,,,40.71004435768709,3,3
2026-04-09,Commodities,,20.11563966793661,0.21166143535408402,51.64937568377417,0.006392897121626981,,,,47.48568290010808,3,3
2026-04-10,Commodities,,19.555160283430546,0.041829708110583265,50.640740155138374,0.0031817130735827762,,,,46.97859538861153,3,3
2026-04-11,Commodities,,16.40882620838126,-0.08295980552782062,41.357545515032875,-0.007100937922528451,,,,42.39164195481712,3,3
2026-04-12,Commodities,,19.992084169967978,0.19372793651999307,51.074795001009825,0.004360711159602484,1.0773093637271007,,0.1457895193058659,48.00321919132155,3,3
2026-04-13,Commodities,-0.5336467461669528,20.598116913458004,-0.05358694747537375,54.90421665342171,-0.004600134681892963,-0.8021908653148144,-0.06277537262961824,-0.7051382218556284,46.94540238275968,3,3
2026-04-14,Commodities,-0.3948244757200384,19.951458668853295,0.027930563579170054,53.27029789739968,-0.00489586246883221,-0.1627003492448224,-0.17662067297190823,-0.8068289334527996,46.71717545590797,3,3
2026-04-15,Commodities,-0.5692410080628693,18.509462479889798,0.007825751415145188,48.9475095244537,-0.0062191001897852136,-0.3157312830819045,-0.4832892767964588,-1.0136460106493732,45.28479596204899,3,3
2026-04-16,Commodities,0.12977669452795218,19.381007609330304,0.1343608342169722,49.934700372748935,0.001255395183191758,0.6939996670170553,-0.3986694060741757,-0.31813875390199176,48.92952085910632,3,3
2026-04-17,Commodities,0.894528559161826,21.659987220265734,0.27873880333731577,53.88074630600084,0.014988143841610421,1.7246989418982956,-0.09295056660996055,1.1944341591317813,56.35085470016753,3,3
2026-04-18,Commodities,0.8847669252950726,22.993905186655738,0.19925381683138946,57.56475154815287,0.017602979184873926,1.054118089836821,0.1930158020381358,1.6783039592821765,59.54542571821567,3,3
2026-04-19,Commodities,0.6884862816590694,22.489457814074306,0.15176202025753682,53.887410661189115,0.015113857751728198,0.6638165872705182,-0.10045109375557502,1.6573005784653165,61.61188916532732,3,3
2026-04-20,Commodities,0.243349586406063,21.628371059201914,0.11430039241004276,49.656242581899456,0.010161813346585065,0.35984767395163425,-0.43755230737230155,1.3800980806819911,62.5682339355068,3,3
2026-04-21,Commodities,-0.06160207747273549,21.80644241017743,0.04107475149507539,51.52214776926839,0.001620114297073063,-0.22562568194108043,-0.27687372304835317,0.7044708996768052,61.12469197775425,3,3
2026-04-22,Commodities,-0.7443792744185902,19.96068331512564,-0.08128989728521914,48.31240662935018,-0.01186337001418003,-1.1777275953227517,-0.5367572699571392,-0.6209069826040002,56.05296990972315,3,3
2026-04-23,Commodities,-0.40516586089273643,19.693676636976633,0.07703465114179683,46.06242174561563,-0.009797475216603697,0.10726096188757153,-0.711511095807541,-0.6377121124258608,57.565178125069714,3,3
2026-04-24,Commodities,-0.41535390844762987,20.872071849363,0.052564852718368964,50.343162124752,-0.009737006201390879,-0.09350706744156714,-0.33499278456352033,-0.8132648552830642,57.910594659672675,3,3
2026-04-25,Commodities,0.04263208713129945,22.60117144329625,0.09382761953464629,55.97003179386147,-0.006719577743640688,0.24910025565684135,0.15690348999500567,-0.6858304618667536,59.48742210879185,3,3
2026-04-26,Commodities,-0.4988030697282927,19.81201589931106,0.06518369121214873,44.78556178399933,-0.0064529296710130815,0.004821216680863131,-0.8201421804916124,-0.7803169247005437,59.56258579772903,3,3
2026-04-27,Commodities,-1.463180238789576,18.084589233805957,-0.1801633594478658,44.85717697169467,-0.021739175062450673,-1.963956955333087,-0.7940952717809263,-2.2935889213148535,51.363208366558936,3,3
2026-04-28,Commodities,-0.29996208925731915,20.3528371433097,0.08810425426812497,52.122735023959706,-0.013145106564484884,0.24802022682982186,-0.1367104904727702,-1.7628852554950305,53.23828476102199,3,3
2026-04-29,Commodities,-0.24891693708968013,20.649013635912993,0.07520955641076746,52.3892388020771,-0.007946996752232026,0.1381758472074594,-0.11076948850681946,-1.45199382075053,54.616174632562505,3,3
2026-04-30,Commodities,-0.11610831368325655,20.178712076578428,0.11292408265829561,49.18882014343632,-0.001902026296250033,0.4511280750113381,-0.401630889760558,-1.0063838405388417,57.194553927537285,3,3
2026-05-01,Commodities,-0.342077974416495,18.470052356896822,0.07762240347640217,41.704866204489264,-0.0002985358840050861,0.14629407388077129,-1.0730060997590978,-0.8714702291403055,57.99791006109607,3,3
2026-05-02,Commodities,-0.8786472045011942,17.815896134272215,-0.012761717140824429,41.33324761458601,-0.005077489040568444,-0.6283677417675575,-1.076657475698944,-1.2814707220180819,55.47795018995273,3,3
2026-05-03,Commodities,-0.3240320152492555,19.211509108021477,0.0628532512317039,46.447280448565046,-0.0030010668764882025,0.03373582689092177,-0.5885668055653505,-1.148574709878761,56.03467921163889,3,3
2026-05-04,Commodities,-1.7747330094891196,16.12464888104823,-0.2327681981444359,38.503379408679,-0.020421278619377932,-2.3723635047084,-1.2928237887398546,-2.5502618310074494,51.41958799881015,3,3
2026-05-05,Commodities,-0.19146575849239753,20.221834281164192,0.11403579136709963,52.04600095053085,-0.008103771585871063,0.5082692036194015,-0.027576639204704184,-1.7523260647629835,54.517013083810085,3,3
2026-05-06,Commodities,-0.8504826200784884,19.278038262751902,-0.042902329608304944,51.056002270515506,-0.009922117134267428,-0.7952599207952732,-0.11978877470279312,-1.9261102507240473,51.65290933500525,3,3
2026-05-07,Commodities,0.023172813084016836,20.23758521547572,0.14107816556862374,51.73724890872497,0.0012740236010725641,0.7439644074560287,-0.053987708594411474,-1.150684186670999,55.635280898480346,3,3
2026-05-08,Commodities,-0.8042669174351385,18.525420779112018,-0.03986199101600358,47.68900024020198,-0.0032508152232682795,-0.7765693480598218,-0.44008058643220954,-1.442968848584495,52.81648385131516,3,3
2026-05-09,Commodities,-0.0006590904997986063,19.96100979629998,0.11574851527298646,50.518454099940804,0.004093226384828861,0.5412201566753047,-0.1617911754314657,-0.8936563138598161,55.92564381875011,3,3
2026-05-10,Commodities,-0.8543055246359164,18.842277168593014,-0.06421591942187461,47.1439804128327,-0.002933472547241394,-0.9826279147234185,-0.4886890655072314,-1.3462755085407798,54.761986249843496,3,3
2026-05-11,Commodities,0.2716429235500626,22.142031380143806,0.13704791710546896,57.14021499946983,0.00573666155467251,0.7333340162961581,0.500579746994727,-0.6980505921460993,59.33173862429737,3,3
2026-05-12,Commodities,0.221659983798831,21.328650348421558,0.1313887590250987,51.10493384550426,0.010572346629648448,0.674564956060124,-0.10443226443744255,-0.22139725633233748,63.107754126554084,3,3
2026-05-13,Commodities,0.3104459996705007,21.936333561634562,0.12932117582665667,51.38899817815933,0.012956288139796934,0.6475060636481866,-0.0748583521891895,0.13738586907532918,67.07175206889067,3,3
2026-05-14,Commodities,0.2838954909860327,21.64655607570915,0.11435374377966173,50.03713178030855,0.012825785909865078,0.5107015525204909,-0.21129460773025885,0.33280433095078676,67.06031944130885,3,3
2026-05-15,Commodities,-0.5485596175197555,19.998394583899547,-0.037952310718025184,47.17023035648411,0.002332257601841147,-0.8146460723996055,-0.5019766277590512,-0.31072236987741875,64.07652460457201,3,3
2026-05-16,Commodities,0.6917709958147736,23.119133127546885,0.20833100360070456,55.02935755579907,0.011325200060465786,1.32130222713905,0.31431612346343346,0.4624754902393049,69.16075720105849,3,3
2026-05-17,Commodities,0.3154231039320943,22.23841061378281,0.10324774832599524,50.90672687565507,0.009611253939268717,0.3977223083346474,-0.11826026111832896,0.502410359899681,70.78358273502435,3,3
2026-05-18,Commodities,-0.6676948366001476,21.58490325773829,-0.11110621340988595,52.834328596720766,-0.005719021830966577,-1.4502380642329553,0.08564690719392859,-0.6094365640237823,65.64702343403704,3,3
2026-05-19,Commodities,-0.4693769535087282,20.167354588764645,0.02758590320284032,47.76973780740478,-0.006236500097334335,-0.23803589954390938,-0.45227887223493685,-0.7387552210310042,65.14388208341725,3,3
2026-05-20,Commodities,0.9266605536700592,23.721056443256465,0.2726450237269608,57.78655758060017,0.009359831148107366,1.8432906743333863,0.6215027182957625,0.46601617157142344,70.04388158866891,3,3
2026-05-21,Commodities,0.760416840504436,23.20453753134064,0.21481844508351333,51.940454512105035,0.014887609890443503,1.314154069602197,-0.013004879424533104,1.0739874854336624,75.33534538665654,3,3
2026-05-22,Commodities,0.0030333023363121464,22.92960980313687,0.04165592534438763,52.15393758565158,0.0064204374988828875,-0.1643375053411413,0.010288789568077345,0.6017942513932768,73.0553945826173,3,3
2026-05-23,Commodities,,,,47.866843910498666,0.005136349999106308,,-0.4586844231060629,0.5808879456117485,73.0553945826173,3,3
2026-03-24,Consumer,,,0.15443523980689558,,0.0,,,,48.98093846007037,9,9
2026-03-25,Consumer,,31.773798132719868,0.1551111875544125,100.0,4.313740610935035e-05,,,,48.592518498369316,9,9
2026-03-26,Consumer,,31.713546032871047,0.1992828447569838,100.0,0.0028867474131872716,,,,47.55023759874418,9,9
2026-03-27,Consumer,,17.445841900303044,0.14355413062543618,44.59062069440649,0.0009545848626242862,,,,44.749952427451284,9,9
2026-03-28,Consumer,,18.740373904336952,0.15521165459776975,50.345891564321114,0.00042860434592511014,,,,43.60583332465496,9,9
2026-03-29,Consumer,,21.689764168410548,0.18496171768641234,60.74997818726555,0.001965210956536181,,,,45.93391149825815,9,9
2026-03-30,Consumer,,18.3870554105551,0.15260462567161748,49.47499034804616,0.000746043103588214,,,,43.104608658065615,9,9
2026-03-31,Consumer,,18.10558041349788,0.1529306288635475,49.5692915857819,-5.242160218309113e-05,,,,41.31295923838414,9,9
2026-04-01,Consumer,,17.97249374445725,0.1546451185978471,50.059495695852796,-0.00045661143959000393,,,,39.84207019998524,9,9
2026-04-02,Consumer,,15.201574829354591,0.11539127506441559,40.94676092584373,-0.003205951738527028,,,,36.71900768635574,9,9
2026-04-03,Consumer,,19.575522835639518,0.19852826455148326,57.3790343327147,0.0005369420964784555,,,,38.03978899932663,9,9
2026-04-04,Consumer,,18.92687662763457,0.18261523196602414,54.47748704540537,0.0018304690220864615,,,,38.321858815323935,9,9
2026-04-05,Consumer,,18.5422245275653,0.17370221758289528,52.976989301913044,0.001963524201300983,,,,38.17836914542772,9,9
2026-04-06,Consumer,,18.057898537699845,0.1654163639112482,51.65436066037948,0.0013977918622021792,,,,36.9949552734322,9,9
2026-04-07,Consumer,,19.810572623836713,0.21623043702737793,58.07361798653827,0.004192163077425159,,,,37.7499939449426,9,9
2026-04-08,Consumer,,18.038621394731187,0.1714319145719752,51.911894200411645,0.0028347692793330905,,,,36.228909522971364,9,9
2026-04-09,Consumer,,17.169009816975084,0.1894248322718025,48.76972344249598,0.002947028435683367,,,,35.536513506841125,9,9
2026-04-10,Consumer,,16.682598006549604,0.1282804435046937,48.11927183382943,-0.0010825221119761712,,,,33.712818085402986,9,9
2026-04-11,Consumer,,20.33837653276724,0.25966502547517867,59.933090289549675,0.004792373372861321,,,,37.59982598773934,9,9
2026-04-12,Consumer,,18.676187070676665,0.203310420485735,51.66084853790356,0.0045752129136180705,0.9270935192613224,,2.202840339175325,40.14614323256367,9,9
2026-04-13,Consumer,0.08701318737287458,18.352430708649063,0.16480062913859853,51.09177117674809,0.0016794402036884462,-0.23852816881126018,-0.3524880110664357,1.3877649281950493,38.899510125649954,9,9
2026-04-14,Consumer,1.1392308384950098,20.139085723521575,0.2348629201681925,56.52038109114174,0.004181555288025253,1.7509726223147986,-0.004315084973116422,2.058652290612861,41.169532573659254,9,9
2026-04-15,Consumer,-0.19192465187295124,18.26891455615872,0.1493887676886003,49.63089396319713,2.9378646642513884e-07,-0.7357117554418368,-0.44530040274720184,0.9621283770075779,40.255429089291255,9,9
2026-04-16,Consumer,0.24009915008713642,19.8039890288219,0.18973255577870474,55.21233779197259,-0.00012138367958334714,0.450887184736211,-0.06943535276105611,0.888828140780527,40.8657418169474,9,9
2026-04-17,Consumer,0.3574972955824549,18.45354014172945,0.19239157327967216,49.515001108039414,-9.689134809950234e-05,0.517924845190663,-0.4491867352211878,0.8576659955244283,41.141432618344346,9,9
2026-04-18,Consumer,1.3342304263733724,20.431408085603707,0.26596758731366843,56.037286995529186,0.0045439113308954945,2.381408141361739,0.0063693202178161535,2.070551903436899,42.98446525655097,9,9
2026-04-19,Consumer,0.8884481162503586,19.934192810650742,0.2209054488796966,53.24884319392389,0.0042532831347102985,1.0993958716848415,-0.1889062156628265,2.0231145576074536,44.28804929019243,9,9
2026-04-20,Consumer,0.5197027889669814,20.089134051004088,0.20934030967426748,53.009555473475395,0.0030149709569916167,0.7620983773203199,-0.20245005973363278,1.7669369905925625,45.25573331063465,9,9
2026-04-21,Consumer,0.30237315764587047,19.244452197192075,0.2019674193219807,48.960876238395514,0.001508250989180204,0.5472811649977233,-0.4917060742519003,1.444913169726321,45.70158236366181,9,9
2026-04-22,Consumer,0.24064767617750873,20.11382181772854,0.19763509388842532,52.02863101349896,0.00010288710961832426,0.41861570132042475,-0.25624107387174033,1.1170447938381285,45.97351187202829,9,9
2026-04-23,Consumer,0.3127419144506516,20.164017321475598,0.21005351544650075,51.610962564292606,-9.651820093029527e-05,0.7493860534159482,-0.2831177631136082,1.0349115707613892,46.485705454111624,9,9
2026-04-24,Consumer,-0.05913953676130256,20.79837938666828,0.17804649640616438,54.07169424539421,-0.0023645067363981913,-0.15723940891558774,-0.0903224534138394,0.4435952431551614,46.23793162574375,9,9
2026-04-25,Consumer,0.6079223245229105,19.550466815860748,0.23570265745633978,47.77050181396857,-8.266758244458196e-05,1.4344595409910803,-0.5764102706189781,0.885843650617987,48.114059092947564,9,9
2026-04-26,Consumer,0.26839221305883254,20.440844863955782,0.2135682352066665,51.01931175400731,-0.00016056256128490175,0.7879485802519287,-0.3115388571798803,0.8396166273605606,48.58465234233991,9,9
2026-04-27,Consumer,1.0902614966482826,22.99597082581799,0.2552607615885909,58.93245835275366,0.002360242909426963,1.8451757911519693,0.3248512826917314,1.4207394080398084,51.4941038978625,9,9
2026-04-28,Consumer,0.7519621740585914,21.00728238274801,0.2356019521400129,50.08104259156648,0.0024570402927017506,1.2585959249295038,-0.3962572258322933,1.4935063891686746,52.07125954310071,9,9
2026-04-29,Consumer,-0.6670908951168736,20.361049167291874,0.1347419218658771,48.446250464067056,-0.004158230215234489,-1.416407962100733,-0.523004281696415,-0.0426078130255016,49.909814730258134,9,9
2026-04-30,Consumer,0.25211195283265664,21.595428858921053,0.21336332496348015,52.3184863148319,-0.0031701482075617675,0.6713961732416903,-0.19454497588826009,-0.002760838653454597,51.14194951160716,9,9
2026-05-01,Consumer,0.3025147159105285,21.794558015522203,0.21733571285117506,52.44105403693615,-0.00222492938405746,0.7624969180162589,-0.18163828545450805,0.07654525288611529,51.93977798719559,9,9
2026-05-02,Consumer,-0.526638463614547,18.93217649813615,0.1839823568261336,41.291267690312324,-0.003733097019264159,-0.13849664069052284,-1.1116464490638398,-0.427734859809712,51.84706535902893,9,9
2026-05-03,Consumer,-0.8258757748953375,19.401412945820056,0.16301486811193014,43.51892342587931,-0.005900993517862415,-0.7003053813635783,-0.8988828601664751,-1.1627965238273554,51.706297972378536,9,9
2026-05-04,Consumer,-0.16841417418967838,20.98629482817578,0.20140933348087375,49.16241259714719,-0.0045669597831135686,0.35414483987502343,-0.40613422278593864,-1.0925731993383911,52.42797521525623,9,9
2026-05-05,Consumer,0.21722260209418842,22.317444333678367,0.2261915008645213,52.46755963993393,-0.00196621230599191,1.020103462037618,-0.11652315201013815,-0.6395542718184991,54.956198760065334,9,9
2026-05-06,Consumer,0.3132782098000783,22.788632035279445,0.22665918996218373,52.97997020020441,-0.0002550604813440407,1.0091490516330333,-0.07047463094375504,-0.2880503464972962,56.50837505552054,9,9
2026-05-07,Consumer,-0.8787358208792388,20.611266905304895,0.1555232261610259,45.00367412596381,-0.0037601878979105652,-0.9512123869335408,-0.7688271728911524,-1.2028831765491361,54.9757184871681,9,9
2026-05-08,Consumer,-0.43976921458800244,22.31329258060846,0.19297174220836888,51.354020750142666,-0.003412855456008703,0.09163502818513547,-0.19660099674845197,-1.2722355428568803,55.19723351853463,9,9
2026-05-09,Consumer,1.3528405324306025,24.526569561685072,0.32253095173893914,56.968021213282675,0.005216984308745459,3.2429129678448607,0.30919292840848883,0.8067000055633119,60.06345756691745,9,9
2026-05-10,Consumer,0.4933774519497347,23.153935859168918,0.22694192990740522,50.960060045025514,0.004205424043294208,0.8427415290699652,-0.23891525750647064,0.8011193121233021,60.907746235585385,9,9
2026-05-11,Consumer,-0.9773094484475048,20.46301072191782,0.13500908304536216,41.94825921928557,-0.002572407782495928,-1.4121112882930273,-1.0498770284802974,-0.7618588458495237,58.11614983225436,9,9
2026-05-12,Consumer,-1.0796882640803722,20.648640424019234,0.1463423405168367,43.95602251103472,-0.006013057199121374,-1.1061544575456317,-0.8488928900861097,-1.740497251694059,55.91179685978348,9,9
2026-05-13,Consumer,-1.1582407522734002,21.99413878608967,0.13898066328195072,50.32862564571035,-0.008361022890336755,-1.2547685750455522,-0.2550367939310373,-2.4704286365423807,54.759678111405684,9,9
2026-05-14,Consumer,-0.3926503165037345,21.71191624494704,0.20377345236509276,49.24021455817568,-0.005277245413048735,0.3309631815078371,-0.3530827063332772,-2.0153801639406757,55.05374723287569,9,9
2026-05-15,Consumer,-1.4782533281045345,19.544716053903233,0.12382812183221843,43.38761270212065,-0.00817543400863735,-1.5909966538075586,-0.8903831611216783,-2.711457347888289,51.53262469672865,9,9
2026-05-16,Consumer,0.3812071194858212,23.162174973421298,0.267822019185907,55.126526806637386,-0.0003611633848757737,1.8364671327664734,0.21881710736148693,-1.3008387806489872,55.98763724091268,9,9
2026-05-17,Consumer,0.13298014621726342,23.042071029872453,0.2229175841421388,53.558684584773125,0.001703605055936159,0.7575483675120911,0.06837427972288518,-0.8465080037502591,58.086567509996975,9,9
2026-05-18,Consumer,0.07403334417874022,22.268657163633026,0.21541136155993518,50.863519941773816,0.002439242031034264,0.5715124611017305,-0.1898241899632937,-0.6003955656369647,57.788812652838274,9,9
2026-05-19,Consumer,-0.6736941172195565,20.915058149354532,0.16918422342533693,46.57489697111626,-0.00017339605027024904,-0.5328966975494154,-0.599899620966177,-1.0543384160152016,56.68932183669358,9,9
2026-05-20,Consumer,-0.4482324959029511,21.136765809257227,0.19452132275564601,48.125126038800154,-0.00018025161208310152,0.07898188772550971,-0.4434542032009401,-1.0442332782955426,56.04882829832745,9,9
2026-05-21,Consumer,0.2607761775346559,22.911608236911682,0.22749116429530003,54.39417666484186,0.0019340208130115034,0.8698989779908495,0.17322337736452414,-0.5750365518662591,57.77978212710616,9,9
2026-05-22,Consumer,0.24885715933458388,22.349698236757945,0.2238848494244082,51.968839540130354,0.002928328634833324,0.771347025324897,-0.06743648351635659,-0.2634418655273962,58.11225833881281,9,9
2026-05-23,Consumer,,,,42.47550559903587,0.002342662907866659,,-1.002688897275608,-0.2760446134026366,58.11225833881281,9,9
2026-03-24,Consumer Defensive,,,0.14751285245893014,,0.0,,,,47.49178977344644,4,4
2026-03-25,Consumer Defensive,,7.119496155369072,0.08283253283854682,0.0,-0.004127746893152651,,,,43.8397270198076,4,4
2026-03-26,Consumer Defensive,,26.85245331259715,0.2852086302055558,75.78027880774088,0.006426022351508154,,,,48.291406786536726,4,4
2026-03-27,Consumer Defensive,,21.272951050435672,0.17367891888117373,53.45576137970582,0.005581253885766796,,,,48.680324156793446,4,4
2026-03-28,Consumer Defensive,,21.69793591086895,0.1773812633836179,53.90652779886499,0.004977506761602243,,,,50.06987704957975,4,4
2026-03-29,Consumer Defensive,,22.044370638926985,0.18258724060032458,54.52579232277975,0.004641090149180501,,,,51.073824412231815,4,4
2026-03-30,Consumer Defensive,,20.098087777964324,0.13388367200095574,48.43773012761825,0.0010389073824925146,,,,49.04744251394236,4,4
2026-03-31,Consumer Defensive,,21.824364465819833,0.19219027552871845,54.5173918572098,0.0024054093414746618,,,,50.545470492726494,4,4
2026-04-01,Consumer Defensive,,19.325895514031476,0.10839720884206779,46.61803562668515,-0.0022593990604373865,,,,47.9411251952898,4,4
2026-04-02,Consumer Defensive,,21.53191341662109,0.2080470561462899,54.4645197791575,0.0012520688562897564,,,,49.528716776129,4,4
2026-04-03,Consumer Defensive,,22.199259940061644,0.22043749462691684,55.28180723413912,0.00413264608270143,,,,52.0672094383822,4,4
2026-04-04,Consumer Defensive,,21.37625731339432,0.17639464661176726,51.96640443638125,0.0028559289865862734,,,,51.877746192104304,4,4
2026-04-05,Consumer Defensive,,18.98931074248165,0.058333454058029977,44.76918096416566,-0.005689759098819563,,,,48.50516119848412,4,4
2026-04-06,Consumer Defensive,,19.508275021122124,0.11631526969588565,48.2866450928472,-0.007095896660298737,,,,46.300694613350885,4,4
2026-04-07,Consumer Defensive,,19.325833430866854,0.12794026383253332,48.93863599755842,-0.00689560128133272,,,,44.587685575993945,4,4
2026-04-08,Consumer Defensive,,20.708480262740498,0.16804520876217427,54.74736472130919,-0.00386568427640349,,,,44.578690590793784,4,4
2026-04-09,Consumer Defensive,,17.03640415073662,0.15186106652492695,40.62624540428613,-0.0028044758763061213,,,,44.01304570653404,4,4
2026-04-10,Consumer Defensive,,19.034018504826985,0.15982594655642707,48.86024416076008,-0.0014853200349090288,,,,43.835794583385834,4,4
2026-04-11,Consumer Defensive,,21.10135205307043,0.24095245418572134,54.63927913051985,0.004598749435612695,,,,47.39355272166706,4,4
2026-04-12,Consumer Defensive,,22.01929926186034,0.2611340958937259,55.609556141694036,0.009450597037087213,1.617899865257125,,1.620963858795254,51.38080207607551,4,4
2026-04-13,Consumer Defensive,0.2587389892214782,21.09973727686939,0.16977187334678626,52.41581867452515,0.0061357613223283255,0.019210815994532542,0.18592511584724017,1.2266902199989045,50.94748005666326,4,4
2026-04-14,Consumer Defensive,0.8740050630660126,21.59191795812705,0.23041614190397985,52.56510597045927,0.007562690391771513,1.053008653750629,0.192232480276,1.6388503468203413,53.82926564472727,4,4
2026-04-15,Consumer Defensive,0.8265773005895594,22.95415048417648,0.20834011065778907,57.31222707761379,0.006590610600067935,0.6383218562999212,0.5348239835636934,1.6052287620913137,55.13014081859477,4,4
2026-04-16,Consumer Defensive,0.8515286452206561,21.977687221094246,0.22866581824941543,51.70664875638708,0.006856795139424497,0.9652453168116938,0.10193694280920267,1.745091104569704,57.594114875820694,4,4
2026-04-17,Consumer Defensive,-0.6882734568986928,18.732854616006946,0.0846473060572969,40.77135773563331,-0.002618546252724287,-1.5296931781498286,-0.7334140635405431,0.22000404090769804,54.77898583100084,4,4
2026-04-18,Consumer Defensive,-0.8687813703492092,18.985728945171488,0.08839061376050728,43.67241792480261,-0.008267191977232271,-1.3787301964056726,-0.4907521902478543,-0.9268108779746489,52.341577157651066,4,4
2026-04-19,Consumer Defensive,-0.23972444835959322,22.34886720241504,0.1578840872848538,57.69524111517077,-0.007006363068728392,-0.1805403893631784,0.6235879018821419,-0.9656409233412293,51.933564540929886,4,4
2026-04-20,Consumer Defensive,0.22710876714571365,22.16833370015612,0.19534870060282888,56.309397004232046,-0.003508942168263267,0.46569206868133395,0.49873090481090826,-0.550174392789014,53.03169046453176,4,4
2026-04-21,Consumer Defensive,0.593753458974511,22.895207317112842,0.22776496217194142,57.713158194108665,0.0008928142542047194,1.0052760853650646,0.6002088945639003,0.16662365490165887,55.49597071950224,4,4
2026-04-22,Consumer Defensive,0.5196742862690529,22.132848489047106,0.2136299642647351,53.66946319605755,0.0026578157849185824,0.7347482619035242,0.25636835261456065,0.5396590959866446,57.112871486596944,4,4
2026-04-23,Consumer Defensive,-0.5326789843243523,19.98866392943335,0.11937385930614997,47.67685849053348,-0.0024415734391534556,-0.9240351198623353,-0.25042722259582434,-0.36916265783323843,52.78516097778963,4,4
2026-04-24,Consumer Defensive,0.09124575612475057,20.932819542751837,0.1803746766757545,51.365827932164066,-0.0016624124792573936,0.1677220325463702,0.0683817541588101,-0.30481059185148474,52.76795472525798,4,4
2026-04-25,Consumer Defensive,0.5561137451495827,20.99990468584573,0.2379174065887699,49.7917379352169,0.002543566856042372,1.1718695105315187,-0.06936634865033106,0.48564116819111536,55.5692763792455,4,4
2026-04-26,Consumer Defensive,0.5878007840206328,20.82402490892141,0.23061060729576732,47.867833745493904,0.004532582416754249,1.0082462942663406,-0.23804257448595115,0.9781012929829137,57.62271646908225,4,4
2026-04-27,Consumer Defensive,0.5934802568593532,22.364957292159726,0.20834876480612366,52.98266262272343,0.004063053959618323,0.5938112203239025,0.22394992386103377,1.0371791451745886,58.747210024823346,4,4
2026-04-28,Consumer Defensive,-0.04176996644446751,20.397718338138787,0.17689940409454277,45.66659465791036,0.001481584728538484,0.019066169714033472,-0.44394711187741,0.6548722716622779,57.33305619488785,4,4
2026-04-29,Consumer Defensive,-0.5320638658788149,19.77830562328954,0.13362414783603904,44.15084094031648,-0.0030463610394350785,-0.7661195001289378,-0.574819362991867,-0.2319768859575343,55.64049221903258,4,4
2026-04-30,Consumer Defensive,-0.7023312941794967,19.085374410193204,0.13706675159028978,42.63444174342182,-0.005568590234384864,-0.6883391253324534,-0.703371980885788,-0.878380494731836,53.719007989201735,4,4
2026-05-01,Consumer Defensive,-1.162685453568544,19.963991471977778,0.0757532393874201,49.175103047923564,-0.010821347811100118,-1.7402701655862836,-0.0808999166260827,-2.0783344611327563,49.52794464416888,4,4
2026-05-02,Consumer Defensive,-0.603406103263338,21.32055928193141,0.14859456367200208,54.94935710701516,-0.008924077151373914,-0.40657309030577365,0.46785271991085264,-1.9934559251460295,49.66431403896987,4,4
2026-05-03,Consumer Defensive,0.6063075088933886,22.758796329736672,0.26047150893712717,57.8842664930475,-0.00013326346155253404,1.5818069734828677,0.7388616823151247,-0.6153030140507847,54.42889628535132,4,4
2026-05-04,Consumer Defensive,-0.6887530741283653,19.38083668765465,0.13399624982611893,45.85228746339621,-0.002693316645030003,-0.6890997167786418,-0.4324738310732606,-1.0943254523679367,52.32187569075751,4,4
2026-05-05,Consumer Defensive,0.6971746801864849,21.681203294662275,0.2676256105743833,52.37038062639983,0.004371736737344279,1.660122874402946,0.20946603080332887,0.1838220456323916,55.07882048697197,4,4
2026-05-06,Consumer Defensive,0.753234610170647,21.99348112792095,0.24776786371388443,52.016343958891845,0.007294105967084748,1.2678852737528787,0.1719932396635226,0.9175845142270064,56.97326830705464,4,4
2026-05-07,Consumer Defensive,-0.05238862348629918,21.884442971496696,0.1584851466497415,52.32374759064308,0.003019561451121571,-0.3019045671391374,0.20074938046375843,0.3533894678192828,55.50431726340254,4,4
2026-05-08,Consumer Defensive,0.6449068558838897,22.315786937019098,0.22945022089376538,52.88164186077752,0.004677966995503055,0.9419290359645379,0.2548598805788252,0.7933215408819856,56.825593086971324,4,4
2026-05-09,Consumer Defensive,1.1931230603843803,22.88686736469328,0.2894187543737489,53.01549088202905,0.009255658763668857,1.907808395551542,0.26562731065088063,1.8147382136411563,59.90103376183207,4,4
2026-05-10,Consumer Defensive,1.0734456901325675,22.968038296701437,0.260315632075046,51.6959905105509,0.00971769191144945,1.362190614367023,0.12628511273785462,2.1317123281017305,62.34056079156501,4,4
2026-05-11,Consumer Defensive,-0.280877950051591,21.07976388614486,0.12758681686810194,45.905437071428494,0.0009405912100058957,-0.892155407840819,-0.47965276805718404,0.8301442384193795,59.49030072439077,4,4
2026-05-12,Consumer Defensive,-0.1685917778858682,21.69584374024677,0.16187344156671882,49.240381694916024,-0.002510918075500853,-0.3010282121083133,-0.12292909465795376,0.21142753316620969,57.80133341076313,4,4
2026-05-13,Consumer Defensive,-0.3774633486790847,21.678102805113937,0.14656422521022427,50.67320440830322,-0.005602883836263103,-0.5587239717173645,0.031071117633115975,-0.46865867160068636,55.69089897494657,4,4
2026-05-14,Consumer Defensive,-0.739871110614335,20.878965923478063,0.1222775476944395,49.24692797514392,-0.008867559219410771,-0.9635817572136575,-0.12290627710771743,-1.2780874306180336,52.917556521888585,4,4
2026-05-15,Consumer Defensive,-0.9888043168224614,20.816506366222928,0.10031761092053028,51.30305103328578,-0.011900647850083606,-1.311279731371033,0.10207250345362108,-2.0813507928609503,49.8986040635485,4,4
2026-05-16,Consumer Defensive,-0.1490385246475844,21.310666208894006,0.19451021665565493,52.38170841203299,-0.007189874979812609,0.31565457831421073,0.21961729402201913,-1.5957222082395368,51.49589980911016,4,4
2026-05-17,Consumer Defensive,-1.0216200781557,18.646623839416204,0.13048108853578966,42.90503254663959,-0.007953300482684859,-0.7901183896041083,-0.8286637323772431,-1.9085738124712104,49.806567848296545,4,4
2026-05-18,Consumer Defensive,0.23056662442551476,22.044988411273742,0.22680152552877542,55.23779100323348,-0.0018565656263680656,0.8826279876880347,0.5501531879569381,-1.0892933128604108,51.49525624942724,4,4
2026-05-19,Consumer Defensive,-1.73213432252565,16.42093511429569,0.03907413775118683,37.8432398528126,-0.009902653176588089,-2.2755927316740836,-1.3791364664483512,-2.4144808453076005,43.367740305126375,4,4
2026-05-20,Consumer Defensive,0.2068708233352162,20.273859926161602,0.25402108932722656,50.275446471486234,-0.0006710928477525304,1.3148243269125952,0.01413587865442097,-1.1680672924554294,47.498393678351526,4,4
2026-05-21,Consumer Defensive,0.3624639026542158,21.48076963087977,0.2319906723018811,53.441737437288374,0.0037840163156950177,0.9309859331717953,0.368609388068661,-0.4380973425549009,49.908230129170214,4,4
2026-05-22,Consumer Defensive,-1.2701109395229713,18.498491595624078,0.06241213285072461,42.84000796574444,-0.004413006772662283,-1.8387843416878509,-0.8275321858200061,-1.6426502523338482,47.65816596978055,4,4
2026-05-23,Consumer Defensive,,,,39.742130576512494,-0.0035304054181298263,,-1.1581620666681407,-1.589909724672937,47.65816596978055,4,4
2026-03-24,Crypto,,,0.18749009222196034,,0.0,,,,58.02344202672506,25,25
2026-03-25,Crypto,,32.85339087720075,0.18796145024531705,100.0,3.008096787233683e-05,,,,57.489196064571544,25,25
2026-03-26,Crypto,,32.785662744600614,0.1921714864979573,100.0,0.00031596435934785113,,,,56.723477330451956,25,25
2026-03-27,Crypto,,10.715006549895705,0.15828396267283612,12.137738123023041,-0.0016848241535634863,,,,55.54706129585885,25,25
2026-03-28,Crypto,,9.291841049928749,0.13403722508713123,7.452591594899133,-0.004394877165739089,,,,53.80095653584817,25,25
2026-03-29,Crypto,,18.773530822876218,0.17658232219080874,44.82360853436545,-0.003134902302243343,,,,54.07739121178446,25,25
2026-03-30,Crypto,,16.66490004945934,0.15495963815578187,37.19106409488876,-0.0035405336510148594,,,,52.56096398177924,25,25
2026-03-31,Crypto,,17.514893284093322,0.16406953574834462,41.39540647829754,-0.002999519684978886,,,,51.04969109871063,25,25
2026-04-01,Crypto,,22.459806101843547,0.2297403898577455,60.47021722341683,0.0017228969990278338,,,,51.61332899747504,25,25
2026-04-02,Crypto,,17.905294688645395,0.15698922919037833,44.44459788477407,-1.9117421327230835e-05,,,,48.519384862456704,25,25
2026-04-03,Crypto,,16.461791623776698,0.1307553049868277,40.56775988283522,-0.0027529278157520888,,,,45.87533939721332,25,25
2026-04-04,Crypto,,17.464112353096823,0.15416137331238658,44.859143962841955,-0.0027908830196735138,,,,45.345401344523324,25,25
2026-04-05,Crypto,,17.551274701855547,0.16270635833818875,46.2753667653576,-0.002079177374124535,,,,44.06964170719361,25,25
2026-04-06,Crypto,,16.459603581538698,0.1430300198992379,43.691399471796586,-0.00273118768500232,,,,42.32647549801444,25,25
2026-04-07,Crypto,,17.17963810159744,0.16360846065947438,46.798323554021216,-0.0016285783847232484,,,,42.55480182280239,25,25
2026-04-08,Crypto,,18.30086157180619,0.19651252340194283,51.05467812938601,0.001306296153274265,,,,42.941692449104366,25,25
2026-04-09,Crypto,,18.193184895892912,0.19515325507263068,50.370371948174245,0.0030461650156830885,,,,43.419708366714175,25,25
2026-04-10,Crypto,,17.722203245187846,0.15079951959015953,49.09390022924736,0.001195071393929185,,,,42.72557882322998,25,25
2026-04-11,Crypto,,19.508501506573428,0.18630213020519762,56.159549876332875,0.0022837910815585154,,,,42.5740361000873,25,25
2026-04-12,Crypto,,16.81845175074879,0.14350777250274957,46.10437029977996,0.0001561214889457029,-0.9992589904800032,,0.0358406883314865,41.361558246935545,25,25
2026-04-13,Crypto,-0.3290174652909128,17.566160735546976,0.15296331517576603,49.757928294083285,-0.0005418718926413178,-0.6003537884854939,0.0521615045793985,-0.2474734350185581,40.4274731837544,25,25
2026-04-14,Crypto,0.9040250135072637,18.99469636554393,0.20906344959370624,54.89776070901444,0.002670801954396376,1.5462307502366068,0.28312171635321914,1.0759492876576533,41.24274610973919,25,25
2026-04-15,Crypto,-0.3951630057344234,15.418248675501943,0.1445570642636311,40.70390023087496,0.0004632789569693884,-0.9393072929091895,-0.38042401917915997,0.32777742903576756,41.369956693626285,25,25
2026-04-16,Crypto,1.0678538193538434,19.528199915461375,0.21289111328238894,56.159988543724864,0.003450713861589959,1.6041740439329906,0.35949435956426945,1.585372019783508,42.410985845412974,25,25
2026-04-17,Crypto,1.215324017449584,20.577617960336358,0.21095621406057716,59.33761149023465,0.005045376471416828,1.433098737502125,0.5032541524234896,2.2371810296812247,43.23898902711511,25,25
2026-04-18,Crypto,-0.027616128214857677,17.96762401107668,0.1484750201573508,49.39316568231041,0.0018080590273512958,-0.8351812756434918,0.0034673570775692764,1.2893997819100813,42.08170004823524,25,25
2026-04-19,Crypto,0.734367563389875,18.92479535513818,0.19026920331578887,52.74653319644374,0.002362345651872261,0.6904799647371468,0.17222318001182216,1.5362131666481063,42.27226398411357,25,25
2026-04-20,Crypto,-0.018325209860263966,18.55979190527489,0.15572150144565233,51.22825567812282,0.0003867346126789252,-0.5852560544236016,0.09104818000502009,0.9387098168166553,41.64437052112668,25,25
2026-04-21,Crypto,0.018739711078937127,18.52697678057676,0.16526142472038155,50.16346298959205,-0.0002583146810475413,-0.22067664108882099,0.03360916769124077,0.7064454971166882,42.43207367773898,25,25
2026-04-22,Crypto,-0.9704061533670733,16.556486228792256,0.1139398380925764,42.121311460691075,-0.003919029727094998,-1.9990832336255053,-0.3959734199235284,-0.6848951242030299,42.26202482721927,25,25
2026-04-23,Crypto,0.4749410103869731,18.80859806219658,0.19744987406361608,50.18943489230896,-0.000664433487294956,0.9940757681276557,0.0488946681262794,0.25674305652123547,42.49344366292329,25,25
2026-04-24,Crypto,-0.21193921315648462,19.01964692573894,0.15738704281545476,50.54724062436716,-0.001130682737085061,-0.44891659461573785,0.06791873748395752,0.023323891402613938,42.416344296898856,25,25
2026-04-25,Crypto,-1.0050412461119729,17.27061772251385,0.11631473586191925,44.23929515705086,-0.003966489625406272,-1.8215769952669,-0.28785494768747427,-1.1448866707222685,40.804586351125295,25,25
2026-04-26,Crypto,0.3185593511628291,20.113111738028202,0.18887254634683037,53.5595928125934,-0.000878182586121201,0.7190771334439847,0.24906482001973962,-0.23886748005830674,43.09223871881498,25,25
2026-04-27,Crypto,0.8324960631410535,20.631507841924034,0.2092181757668244,54.33992500924968,0.0024312922730079884,1.3796340936929867,0.2904100328712379,0.9824463880904396,44.223398272544955,25,25
2026-04-28,Crypto,-0.08043861586402898,18.478605990783205,0.15974739832269746,46.15606846547196,0.0012448413070175932,-0.3454178656614651,-0.19560851509699848,0.6887055866903351,43.40976792232395,25,25
2026-04-29,Crypto,1.1212552701413796,21.099299764123998,0.21645474853266145,55.67302523635656,0.004075829664827528,1.5818384241987544,0.37519390842162464,1.8100810847957811,44.34831668830942,25,25
2026-04-30,Crypto,0.7998120368302791,19.490077442895995,0.19245145810624498,48.26591398863685,0.004116411901456817,0.7355245492593312,-0.07825580560669942,1.9944466197318211,45.44666032110676,25,25
2026-05-01,Crypto,1.3786428798162726,20.64520020164119,0.22900873144465067,51.44658097168238,0.0062613458161406435,1.8860774238279396,0.11809856477676602,2.7316959377473085,47.019832242135536,25,25
2026-05-02,Crypto,1.1510268576803948,21.538789534877843,0.20437190253576512,54.76832085004481,0.005693270095922943,1.0314377112922752,0.32303508217455057,2.643004998274793,47.144957985059364,25,25
2026-05-03,Crypto,-0.3022758354979459,18.739453697722578,0.1281381226071849,44.99400805369748,0.0001487389758641649,-1.4640607100408176,-0.29681139167270765,1.2467838402803422,44.594349811528424,25,25
2026-05-04,Crypto,0.15732080996153255,20.27469977186756,0.1708253982009024,51.201187832046934,-0.0006353595596851544,-0.0544922996039602,0.10283709558939863,0.992214079151672,44.2902782133512,25,25
2026-05-05,Crypto,-0.6300166854859403,19.082298819763068,0.12443122745689748,46.932647759070846,-0.004078129117089308,-1.5398775129425886,-0.1742064354221252,-0.096222370255859,43.112782888069454,25,25
2026-05-06,Crypto,1.1192660340135223,22.26045483715991,0.23406526500485836,58.29740581762769,0.000959824129158595,1.9425812891582248,0.5691566247646517,1.174698800588153,44.763224321209634,25,25
2026-05-07,Crypto,0.4927058363564927,20.034634606414578,0.18446673245678247,49.05914067829366,0.0008851940352867043,0.36620437140625006,-0.046749948565861676,1.1780693809383522,45.4913138025209,25,25
2026-05-08,Crypto,0.983473846946332,21.320935511053868,0.21423090009148335,54.18176640047635,0.002672732567531184,1.2802238418940073,0.2955342910110732,1.7011101978317953,45.65080244619495,25,25
2026-05-09,Crypto,1.3515718023939696,22.66250809013964,0.23162216278057376,58.78891448716439,0.0047380350083699885,1.7505822813834806,0.600863450482854,2.3034250969556753,46.56445653043623,25,25
2026-05-10,Crypto,-0.047588135247020616,19.904716446345027,0.14988630067658745,47.06940948876178,0.0005323074537891504,-0.7700461391751414,-0.20218682726566314,1.3375187135642037,47.305360779554974,25,25
2026-05-11,Crypto,1.0656375232742785,21.369761154261028,0.22690169030649343,51.22490853596727,0.0027464117535904234,1.5684473043695895,0.08548158708864466,1.8937714578696823,49.50663428268153,25,25
2026-05-12,Crypto,1.1361299788370407,22.55819344826479,0.22239512489187138,54.62778055845547,0.003659474932159285,1.3876586157159148,0.32070666315241925,2.157891740572002,51.2330996179521,25,25
2026-05-13,Crypto,0.045401091291096485,20.41440507856857,0.16223008980578182,46.01478847997146,0.00014887227100334778,-0.4313194229471549,-0.2864359816012363,1.3870130081395702,50.99063447181884,25,25
2026-05-14,Crypto,0.18793290224138195,21.189589548520658,0.18012385312905732,49.085779441532544,-0.0009691760004694227,0.11451880490198067,-0.06613898417352067,1.0809921641653077,50.66818945059059,25,25
2026-05-15,Crypto,-0.24038731419044745,20.009714153275524,0.15834983515831555,44.642431915002426,-0.003058303776957042,-0.5507421690843809,-0.38292723094250125,0.4834100585702592,49.93715001752757,25,25
2026-05-16,Crypto,-0.3513830478909393,20.33593437574619,0.15647080464757235,46.23817044938029,-0.00436994772977051,-0.6014713368560697,-0.2640044705514369,-0.01880046443093428,49.199469397863865,25,25
2026-05-17,Crypto,-0.48529405814091287,21.406455757062503,0.14621388041657662,51.58365896203464,-0.005650218950987787,-0.9067547960858814,0.12779460222252298,-0.5797879490995312,47.493409094888634,25,25
2026-05-18,Crypto,-0.45920561164349316,20.514800196589547,0.15942639782345744,48.946918675853155,-0.00533306949052198,-0.4876408325668442,-0.06726966913620523,-0.7839773311926883,45.913400727130195,25,25
2026-05-19,Crypto,-0.3950255579902848,21.49354160736806,0.1602888877501218,53.6169470350864,-0.004807307950474171,-0.45560066859220427,0.2798470131933259,-0.9129580166647919,44.792025771921345,25,25
2026-05-20,Crypto,0.12551165927485752,19.533337745198857,0.19646886821357692,45.54793553312282,-0.0019135171239430004,0.6845210460664313,-0.32651943978183356,-0.39382534301667205,45.020470349680835,25,25
2026-05-21,Crypto,0.37071507126611625,21.308015538343238,0.19829613498925722,51.84655833993454,0.00012486264535500446,0.7331240668474913,0.15178770223252802,0.0504958644426928,45.89639980902979,25,25
2026-05-22,Crypto,-1.3087061426406745,17.40664459539287,0.10252576380062313,37.31979301740179,-0.004708505735954708,-2.215107293794495,-0.9483977225239573,-1.2258938975592273,44.50250529328669,25,25
2026-05-23,Crypto,-2.595147517927535,15.122581369153995,0.009390215273201469,28.474855464644804,-0.013416699709052632,-4.185326155077811,-1.5797843155581595,-3.373589422498462,44.28385666541493,25,25
2026-03-24,Crypto Major,,,0.1287078874811983,,0.0,,,,49.92030154459938,5,5
2026-03-25,Crypto Major,,5.963640320848484,0.10764891862732491,0.0,-0.0013439341946631434,,,,49.042773242998535,5,5
2026-03-26,Crypto Major,,6.197703541774827,0.10174002434488685,0.0,-0.0024898635912869935,,,,49.597240700087006,5,5
2026-03-27,Crypto Major,,20.708059677830402,0.1378274719105541,57.23141661489716,-0.0007658325755544094,,,,49.61118723703491,5,5
2026-03-28,Crypto Major,,10.380320035360427,0.013940916541004244,19.30410149637605,-0.0075407641799343055,,,,44.587119134896916,5,5
2026-03-29,Crypto Major,,16.883152627050798,0.10077537133492746,44.898661056958545,-0.0058226182797512654,,,,44.284415231133096,5,5
2026-03-30,Crypto Major,,15.668076008442597,0.0820076528372232,42.01825565380897,-0.0055972570538365355,,,,41.03647160471567,5,5
2026-03-31,Crypto Major,,16.16555958304996,0.09592467804724794,44.65132553141641,-0.004220736882621685,,,,39.64413430913236,5,5
2026-04-01,Crypto Major,,20.30912251754695,0.19931640129579947,58.61388721909984,0.003524834064618134,,,,42.52724724067681,5,5
2026-04-02,Crypto Major,,20.687349527804834,0.19430481414767845,57.90582785895352,0.007930287191798467,,,,45.195481415150844,5,5
2026-04-03,Crypto Major,,15.914207911461908,0.035496773048999376,41.87592850716185,0.0001782729224000532,,,,41.00580797165404,5,5
2026-04-04,Crypto Major,,18.161163235398476,0.1342877727101313,50.414883925163316,0.0016515296786183253,,,,41.23272215544197,5,5
2026-04-05,Crypto Major,,17.869891165662835,0.12182047330810682,49.49721818419493,0.0017257681401461325,,,,40.97220903350971,5,5
2026-04-06,Crypto Major,,17.469955255816096,0.1219176976730271,49.50438592233473,0.0017171425143333021,,,,39.42918443451971,5,5
2026-04-07,Crypto Major,,16.927029970617873,0.08303166846610785,46.84519010616049,-0.0008347024326209934,,,,40.293394088247176,5,5
2026-04-08,Crypto Major,,18.75025659182208,0.14131482844932167,52.21155051727988,0.0013561970539800084,,,,42.52097317136497,5,5
2026-04-09,Crypto Major,,19.27648317826246,0.14953535273039847,53.130220809678924,0.00320693479544614,,,,44.25484333450267,5,5
2026-04-10,Crypto Major,,17.859021945412515,0.10237585245182372,47.71138672201505,0.0012059139718262162,,,,43.95493315530078,5,5
2026-04-11,Crypto Major,,21.143265694794056,0.1374527968202389,59.00610158296695,0.0021409715748467034,,,,46.028845514175984,5,5
2026-04-12,Crypto Major,,18.42420846146738,0.08925005134093575,49.1094369558292,-0.00045230596709988635,-0.5578268497626305,,0.3517685778631541,44.3800507541831,5,5
2026-04-13,Crypto Major,0.39082962774886953,19.76926256922652,0.1212467787649846,52.97126757046236,-1.957831873200446e-06,0.16137231528211216,0.5278668627274957,0.44162492645854434,46.38168655272185,5,5
2026-04-14,Crypto Major,0.6765431254728976,19.848365106664176,0.1450779909421274,53.666933261672725,0.0018113682749339934,0.6896020657445198,0.5506713084403486,0.927072247287602,45.78709662177453,5,5
2026-04-15,Crypto Major,0.4343301152236083,17.83825980671378,0.12895203532683366,43.96488495354094,0.0018298234421740226,0.30410541472193525,-0.02003080650230352,0.9922344053193012,48.045775855218984,5,5
2026-04-16,Crypto Major,0.8197078709963926,18.69066060771964,0.15942844842267678,47.13387079875069,0.0036922045883135816,0.9906304019803879,0.16742947711756143,1.5215313515742566,48.00189647975863,5,5
2026-04-17,Crypto Major,1.3476752841827002,23.851445698526906,0.18006719873912344,65.37154216825796,0.005976461781005292,1.3933918071910525,1.2229554431323113,2.0941641759140484,50.5182864485612,5,5
2026-04-18,Crypto Major,-0.5049960376931718,17.564709256783114,0.0483002667254406,41.45643091323502,-0.001334397994176982,-1.5717729438536945,-0.22891551974732333,0.49811668530855996,48.44087047963976,5,5
2026-04-19,Crypto Major,-0.010367675937451457,19.223605556037842,0.11139433288404006,49.05876825872052,-0.0018374288109958925,-0.14139363790801873,0.2387371404661814,0.2898494764814625,46.8951164505297,5,5
2026-04-20,Crypto Major,-0.4421232720814452,18.397394531579412,0.07933337030253533,46.36540806312413,-0.004115458382402045,-0.8534861862880759,0.06687005344355028,-0.40985696055683757,45.652333446538705,5,5
2026-04-21,Crypto Major,0.2782295452693633,20.824218973848208,0.12746196653579545,53.73324640822254,-0.0022597144430921436,0.2572275570572377,0.5305529370137307,-0.12682415053637777,48.23895597855385,5,5
2026-04-22,Crypto Major,0.4329391061162199,20.564497888898067,0.1417738464653095,50.04164628356413,-6.323600171732714e-05,0.5814069523156326,0.28357062766458707,0.3496251862451551,51.27928895258202,5,5
2026-04-23,Crypto Major,-0.34816504036181595,19.055562453902393,0.09034186628193136,45.01992083753258,-0.0019638102400986943,-0.6304612357822276,-0.04994943693454016,-0.18520063085468813,49.24363199006727,5,5
2026-04-24,Crypto Major,0.8965233373720148,22.47542664959419,0.17498082669376935,55.746045294362574,0.002355498980109022,1.344281882354446,0.6611340190094156,0.9098577980672148,52.0278768777237,5,5
2026-04-25,Crypto Major,-0.7270638303498813,19.086257161159992,0.0494028785180314,43.904750459343724,-0.0030740353333242963,-1.5486229441118056,-0.14640867572422975,-0.5010198954824231,49.256337631068355,5,5
2026-04-26,Crypto Major,0.4508288021820961,22.617227214267828,0.14401579710351003,53.56226244952552,-0.00027025768754378047,0.6298782306628987,0.5148031715165915,0.13156367512675635,54.7397443422395,5,5
2026-04-27,Crypto Major,0.33935815363516275,22.332490901283006,0.12860109105281764,50.488911180330106,0.0005259317435486366,0.26547152980241945,0.2940321848007474,0.34446352503020844,56.564054296355735,5,5
2026-04-28,Crypto Major,0.34052732541204433,21.811841550236252,0.12786781557377766,48.81962549174215,0.0009578021052584461,0.24450492077188196,0.17248706739958555,0.4959478009671238,55.656173108300734,5,5
2026-04-29,Crypto Major,0.42413397442732736,22.338042192292292,0.1307154014644393,50.12318569016033,0.0013650241566476632,0.30837103418480527,0.26289762897264596,0.6632936364786769,56.42022508981721,5,5
2026-04-30,Crypto Major,0.6147361536541907,22.289418144264886,0.1461692862227903,49.05387992884668,0.0025368432487628684,0.6714058780363843,0.18196638825674266,1.0705687607546368,57.310499722934495,5,5
2026-05-01,Crypto Major,0.5447239328138844,22.15215202678864,0.13780517722756513,46.93058536463436,0.002600677563059539,0.4591685001354175,0.023833981354942784,1.2037739482560692,59.137308957091626,5,5
2026-05-02,Crypto Major,0.729267575815134,25.03871241784539,0.1350303011032489,57.75142490995716,0.0023174664977401835,0.3848828104030571,0.8210961893612386,1.233996279191983,60.06408405594724,5,5
2026-05-03,Crypto Major,-0.6943776920333877,21.169531193600307,0.05235613153267389,44.901937361813395,-0.003272687719453962,-1.609726997611179,-0.14927842020813578,-0.29399662033317764,56.269115395051344,5,5
2026-05-04,Crypto Major,0.5212419944562466,23.87301576163253,0.14495739209258746,55.130354513976584,-0.0007029583774388868,0.6490530237613377,0.6238295913723788,0.2813171620399405,57.38604641150327,5,5
2026-05-05,Crypto Major,0.5338155100016105,23.37734348780444,0.1431934224750515,51.32597905551275,0.0008259520866845468,0.595996957683464,0.3257629297215642,0.6936086016704035,59.451543348079895,5,5
2026-05-06,Crypto Major,0.4796207168339939,22.76749983553003,0.1356003137290767,49.47368164680988,0.0012484648761002584,0.4017822509753269,0.17900377980547252,0.8570465347567345,58.876421675114216,5,5
2026-05-07,Crypto Major,1.1019164968368582,25.09194155352705,0.17328860743806782,57.24123304856567,0.0038422680339758085,1.3071599114758607,0.7780679815039474,1.6595843640059043,60.953567298883954,5,5
2026-05-08,Crypto Major,-0.010867146534145458,21.25713303825189,0.10754483546075452,43.912003555285665,0.001051472380329569,-0.32620776020832765,-0.27629885119051967,1.0252907483273566,58.59308625940721,5,5
2026-05-09,Crypto Major,-0.7364888220568195,21.808049922723264,0.04707098827741531,49.761438463864216,-0.004634069601028747,-1.7638112250168907,0.1906601647086345,-0.6173043591629978,53.86590928702846,5,5
2026-05-10,Crypto Major,-1.037854232168808,19.269011198627908,0.06256955692414559,40.058449164827685,-0.006976992919610093,-1.3422503184811345,-0.5874438860997002,-1.551637791778777,52.92845464346827,5,5
2026-05-11,Crypto Major,0.6250711530377777,23.50897524664582,0.17572565874357465,54.644033226781204,-0.0008538301063482265,1.3668312550610722,0.5949717361726324,-0.137248512209478,56.23429714360935,5,5
2026-05-12,Crypto Major,0.8112106555360885,23.929922124616297,0.1700193164799152,54.11362669003675,0.002671147720775132,1.198973032896061,0.5441071986390722,0.8602906781270815,58.83961183667883,5,5
2026-05-13,Crypto Major,1.4292127160891916,25.320982844460517,0.20593736862713435,56.89590565331525,0.007033131894501109,1.958288391843994,0.7622620932024068,2.202194594082626,62.40333730972769,5,5
2026-05-14,Crypto Major,-0.287220354725469,21.809087796660403,0.07363983287928388,44.524045716217884,0.0009399172451241213,-1.0921547724026988,-0.26397208330688005,0.8280196854234809,60.26173229821368,5,5
2026-05-15,Crypto Major,-0.01661713513553531,22.756065819050427,0.11348501932961501,48.24715814155027,-0.0004033929828595683,-0.1666439543426436,0.04814798062601818,0.48593388743249233,60.11029006092531,5,5
2026-05-16,Crypto Major,-0.25851124036814777,22.551352035469776,0.0997784828373887,47.49868866954212,-0.002115763035987324,-0.4819462392646315,-0.015172731927222797,-0.03964021810296069,59.782580676647875,5,5
2026-05-17,Crypto Major,-0.6164041207102838,22.858305563956797,0.07023456594766354,51.372020955667594,-0.004975569735922297,-1.1532365580552952,0.3132686352113174,-0.9933597687325322,56.478867326241115,5,5
2026-05-18,Crypto Major,-1.5136945576198118,19.314355322696507,0.02405376548132655,40.009880734744826,-0.00945503841690042,-2.1240671227475394,-0.6592080374667093,-2.443952354401409,52.62285344656726,5,5
2026-05-19,Crypto Major,-1.664903231407421,18.368933980902874,0.02507405876242284,40.227931293091395,-0.011681045221592138,-2.005176666074547,-0.6322889586686159,-3.2190534604275753,47.47955565074195,5,5
2026-05-20,Crypto Major,-1.3407102479230077,18.423721857544468,0.05747512530652214,43.79151041986158,-0.010348663720705855,-1.2612510584076062,-0.3181744514420149,-3.130663356389172,43.4476173480842,5,5
2026-05-21,Crypto Major,0.20325462954206658,20.450453850797413,0.17728766071931762,50.281106964051325,-0.0012538165752434636,1.3339928378355315,0.25056922950569827,-1.4418546739407303,45.78160607198615,5,5
2026-05-22,Crypto Major,-0.6547212731076546,19.92889105006483,0.08420888790001371,48.42034268500812,-0.0013537415004608554,-0.684570948308994,0.08475315996127426,-1.4819777703009671,45.7388341508579,5,5
2026-05-23,Crypto Major,-0.7419144329079012,20.566344763419785,0.06738563417494298,51.46150852658398,-0.002341998665035379,-1.0216605595581967,0.353601740400754,-1.6946372978301893,45.08723233141719,5,5
2026-03-24,Crypto Proxy,,,0.14855629595432981,,0.0,,,,63.622338279938695,3,3
2026-03-25,Crypto Proxy,,33.22964592546551,0.16101757619950616,100.0,0.0007952497934243796,,,,63.14752731919484,3,3
2026-03-26,Crypto Proxy,,12.649374446907885,0.10867717151903823,19.229870734803967,-0.002090046235985521,,,,60.23593858516242,3,3
2026-03-27,Crypto Proxy,,23.864172805698793,0.18612266472952568,63.2046094929365,0.0011564113404843423,,,,60.12835902934249,3,3
2026-03-28,Crypto Proxy,,13.949233135258426,0.013961066239287,28.595503732551663,-0.007856028545388085,,,,53.17274832500332,3,3
2026-03-29,Crypto Proxy,,17.31693476892221,0.09465465789229638,43.17877563012743,-0.00792512787789922,,,,51.62659869032673,3,3
2026-03-30,Crypto Proxy,,15.42294549122887,0.05200184988004441,38.9716385660782,-0.010238708409105105,,,,46.14609603137897,3,3
2026-03-31,Crypto Proxy,,15.038297517164942,0.061213270342904136,40.22935648372387,-0.010504614573840495,,,,41.71593109722447,3,3
2026-04-01,Crypto Proxy,,12.395772367949533,-0.00864392799596271,34.791700242643046,-0.014495171266909121,,,,34.07600116418266,3,3
2026-04-02,Crypto Proxy,,15.135779066848734,0.10274956641820339,46.35422883919388,-0.009011041972511622,,,,33.968692785097694,3,3
2026-04-03,Crypto Proxy,,15.234845282202599,0.10750484306562169,46.757248648383026,-0.004660714120198171,,,,34.05781072655996,3,3
2026-04-04,Crypto Proxy,,14.571889758871624,0.08567783862245505,45.19864855176676,-0.0029348787888933067,,,,32.372127695182805,3,3
2026-04-05,Crypto Proxy,,16.515271947261937,0.16473721788739323,51.10245449320221,0.0035005268369266047,,,,34.6576733011501,3,3
2026-04-06,Crypto Proxy,,15.941478928319352,0.12677919401501156,48.58923147064765,0.0050746895839223136,,,,35.331782122786116,3,3
2026-04-07,Crypto Proxy,,15.410030984748357,0.10353717249640187,47.16881868347749,0.004446973906904668,,,,34.276636597289965,3,3
2026-04-08,Crypto Proxy,,15.12656822075467,0.11006968817969127,46.77189606745086,0.004362075236642603,,,,33.0709828494304,3,3
2026-04-09,Crypto Proxy,,17.5390510457847,0.1781057114580761,54.31326478891553,0.008536922398175007,,,,36.05756542457367,3,3
2026-04-10,Crypto Proxy,,16.832145263473368,0.17808556630690942,49.447546543546665,0.010800200284727645,,,,39.01725110705491,3,3
2026-04-11,Crypto Proxy,,16.537020149559062,0.041018065650337686,51.95412026223393,0.0029760409144228214,,,,33.21894525294844,3,3
2026-04-12,Crypto Proxy,,15.678500638244458,0.08496879074368101,49.261256414950864,0.0007848039371992476,-0.36547661772046164,,0.43452394447721493,31.894491519917597,3,3
2026-04-13,Crypto Proxy,-0.16387008306999756,15.82858898073858,0.07347808903070864,51.71974615209923,-0.001300889213108193,-0.5569738512126017,0.2498746294613223,0.16397802589524327,29.103289557101142,3,3
2026-04-14,Crypto Proxy,0.4276633864474033,16.73452689190462,0.12483241962580675,54.77231186292258,0.0008024940780615034,0.38453772022027805,0.43419450485654726,0.4140921739444586,29.730029899657445,3,3
2026-04-15,Crypto Proxy,1.17427329893874,20.381973377490475,0.19939246294915022,65.49625796510105,0.006900351826261654,1.6410522213663286,1.0816983047394921,1.2430030470939677,35.652017248050875,3,3
2026-04-16,Crypto Proxy,1.0991555149225098,19.28609859072529,0.1929036216136756,57.95932231907276,0.00999413122734296,1.4228404454258474,0.5718548121724087,1.715121788123447,40.50713212354928,3,3
2026-04-17,Crypto Proxy,1.004863216509612,19.560689476969785,0.1778499310894824,56.099557138334646,0.010473464177839615,1.10474925006215,0.43737871860296285,1.8551359677629222,44.33069159583697,3,3
2026-04-18,Crypto Proxy,1.4294891352768553,22.17711333414775,0.23403791834744844,62.14072105327052,0.013811591617112113,1.8912321470483147,0.8174319979414308,2.2283295565705923,50.17852633987407,3,3
2026-04-19,Crypto Proxy,0.40731013279105044,18.693702409954653,0.13790443203331845,47.86389033313357,0.00901428589780752,0.29983169843847085,-0.1514663830474414,1.8219263697834192,50.5614068924193,3,3
2026-04-20,Crypto Proxy,0.33135760278023607,19.554283255672427,0.1310318891542351,50.356177757026515,0.005045210476437523,0.18114403847460003,0.021215262241589997,1.4879254118307386,51.82324322777083,3,3
2026-04-21,Crypto Proxy,-0.11043187184925114,18.471003913487028,0.0797208544601394,48.09487613368995,-0.001044140533931359,-0.6785795624576554,-0.13646442482759624,0.9115725668373188,48.251077683844976,3,3
2026-04-22,Crypto Proxy,-0.23555235815894573,17.9909358677996,0.07847499443805896,47.451107245316514,-0.004945803071105584,-0.6829735985933639,-0.17973195823320615,0.45914608923144007,45.84680297025874,3,3
2026-04-23,Crypto Proxy,0.2097175536931809,17.953759410780684,0.13025775467236614,46.0359238674287,-0.00387629811259093,0.2154802042999512,-0.27864651414647906,0.4589003115871144,46.85178258343699,3,3
2026-04-24,Crypto Proxy,-0.5909214529713953,16.19213520565502,0.05637261814003594,41.015964876635636,-0.007758023613528492,-1.0557711397007943,-0.6384214006120971,-0.05601055107080288,42.95857711517009,3,3
2026-04-25,Crypto Proxy,0.231852989731979,19.94115862501317,0.11790337682861805,56.38743703181362,-0.005879989798292183,0.030368658072783966,0.5097829031964936,-0.018976548502183697,41.81286937913198,3,3
2026-04-26,Crypto Proxy,0.5676106618335889,20.579034216000544,0.1642404757568319,56.55968128173837,-0.001446522249254499,0.8399512313980877,0.5129983744595034,0.3478740604024575,45.52875792528225,3,3
2026-04-27,Crypto Proxy,-0.0438315400736702,19.650717721622268,0.10789156372157156,52.650891481018434,-0.00219365244736326,-0.17282237939044076,0.20821311264921125,0.22436579964861672,44.58423315782615,3,3
2026-04-28,Crypto Proxy,-0.9661206368426642,16.226214794459626,0.008965922220287387,41.6841883876804,-0.008860862778828336,-1.8531110900953673,-0.6374907732275717,-0.5997054956181758,39.37081097620026,3,3
2026-04-29,Crypto Proxy,0.1495393616756162,17.823712936041918,0.1460692749180113,46.488231750259565,-0.003806143762597073,0.548360683998783,-0.2542636282064585,-0.20725301911984917,39.29984436118324,3,3
2026-04-30,Crypto Proxy,0.48669964186640535,19.187367702954912,0.17628298926603478,48.938564725724795,0.001517904719649361,1.0543142265745746,-0.0572974042644436,0.3366374899757117,43.42237833252796,3,3
2026-05-01,Crypto Proxy,0.5421018919376172,19.923370047081292,0.1689103296222596,49.42343820952939,0.004329534082972724,0.9019584454418077,-0.017694185573873443,0.7021940136405461,46.496978898016955,3,3
2026-05-02,Crypto Proxy,1.756486422228613,23.59855817759906,0.33983887039333244,55.94393048306036,0.01678793574139007,3.2901180778846713,0.5107475270361651,2.1603943141791757,57.63420332219325,3,3
2026-05-03,Crypto Proxy,-0.2729610797587846,20.01208456474729,0.04166544381048836,45.59357978458372,0.0046644026336676355,-1.2100156523649028,-0.34486424906790886,1.1094216858503763,51.8226515945834,3,3
2026-05-04,Crypto Proxy,0.20998411576122775,21.317028682219487,0.13467304371753241,50.154526315841025,0.002722552807705618,0.1941253052433006,0.03818527274940163,0.969305308653163,52.08188589515112,3,3
2026-05-05,Crypto Proxy,-0.10574891000006308,21.138513423477697,0.088780045407602,50.386237597186806,-0.0016063371422489784,-0.5008527572498258,0.057237874417512984,0.5226819839762324,50.44743586321407,3,3
2026-05-06,Crypto Proxy,0.03949728630112359,21.54805015974795,0.12030863620333036,51.73867652306372,-0.0022599239198920506,-0.013849132034722857,0.1717855186366398,0.40331001211256834,50.545058286589224,3,3
2026-05-07,Crypto Proxy,-0.626173270794505,19.31539195694903,0.038693389400276175,46.286517035913015,-0.00779106433987027,-1.2515219000016815,-0.30005976935279705,-0.2998154712212268,45.07396202838446,3,3
2026-05-08,Crypto Proxy,0.09327744479639381,20.80204784098057,0.11798947232040118,52.48801247273706,-0.005802666812028056,-0.021061103715345548,0.24381110529021705,-0.24564309397616121,43.721815036135936,3,3
2026-05-09,Crypto Proxy,0.00594273397136709,19.924626781416357,0.11208523391167091,49.75402053666781,-0.004629463672529268,-0.11249131294554204,0.00015867029888927972,-0.2414044937673171,42.10967315340522,3,3
2026-05-10,Crypto Proxy,0.05603768538147972,19.63311910969272,0.12421990745132999,48.257620318359834,-0.002866957127390545,0.07914938589886558,-0.1332704454552236,-0.13797638300281265,42.28079746931473,3,3
2026-05-11,Crypto Proxy,0.09446898643367843,20.422570363291264,0.11913858039850365,50.512542892799225,-0.0019196306926778086,-0.0022870875793077473,0.07141855020629136,-0.09098506688102569,43.08584689576808,3,3
2026-05-12,Crypto Proxy,-0.1363875228399204,21.2528549329586,0.0998238936051933,54.464470595632946,-0.002436868315871453,-0.31178200048604077,0.4301070701876096,-0.20106817908317762,41.24688358844427,3,3
2026-05-13,Crypto Proxy,0.4998658752209578,21.19804831878371,0.17644599368431246,51.58693797558111,0.0022830638618536593,0.9239159330822347,0.1612092803378056,0.3274388215900685,44.610750283608695,3,3
2026-05-14,Crypto Proxy,0.5942852039039854,21.656873374360245,0.1807261886992981,50.23858605704785,0.005416231024210982,0.9751793220034909,0.034381962499515105,0.7707487767448735,49.24189064609044,3,3
2026-05-15,Crypto Proxy,0.03377376542533422,20.94939457821888,0.12494071924072397,47.755656722022955,0.0035450037472652025,0.060913496525865606,-0.19892716940492797,0.6613200258112779,48.3791207310421,3,3
2026-05-16,Crypto Proxy,-1.2868186078478758,15.713403474271587,-0.012097349679556576,31.392321357116032,-0.006558219044469546,-2.0913873827646388,-1.6978788580963664,-0.5350336029564299,42.30780223579929,3,3
2026-05-17,Crypto Proxy,-0.27004271357128395,20.982186918353264,0.09443540313924481,53.499176242166286,-0.005732401185761661,-0.3850961943829674,0.3725386570642349,-0.5903511651147169,40.504068290361985,3,3
2026-05-18,Crypto Proxy,-0.6124827155960996,18.62448519564998,0.07276452734211912,45.46588833977142,-0.006268353884179151,-0.7241283202974862,-0.383440638106327,-0.7966950234533031,38.887564096080354,3,3
2026-05-19,Crypto Proxy,-0.48215604354466346,19.356044637411085,0.08256166445311881,49.51914885145775,-0.005607240544611869,-0.559163553926488,0.0030522015515078308,-0.860383832299742,37.48177743635377,3,3
2026-05-20,Crypto Proxy,0.1529040903754783,20.061599243660815,0.13998981385807271,51.463282399140915,-0.001178006091856908,0.37185772516658766,0.18844779391279592,-0.42471459578270415,38.15302448274241,3,3
2026-05-21,Crypto Proxy,0.07470876714736953,20.93390907587402,0.10360666956552872,55.17427852699457,-0.0006033068042867523,-0.22284665086652883,0.5426080808077994,-0.3765265802130861,38.14859186109453,3,3
2026-05-22,Crypto Proxy,0.0804817408896013,19.674930722017404,0.12006348670744175,50.18372656708366,0.0008988157834067994,0.0488765239654884,0.05464871994433171,-0.19206431575793068,37.90825678715294,3,3
2026-05-23,Crypto Proxy,,,,50.714224709615,0.0007190526267254402,,0.10603132438738469,-0.18253375867299837,37.90825678715294,3,3
2026-03-24,Crypto Stocks,,,0.20492197950293656,,0.0,,,,78.09153201836378,2,2
2026-03-25,Crypto Stocks,,10.209720459129636,0.1997814005477778,0.0,-0.000328059739588471,,,,76.0353445910369,2,2
2026-03-26,Crypto Stocks,,9.546216089174974,0.13234571026796393,0.0,-0.004819324292230047,,,,71.25747134816055,2,2
2026-03-27,Crypto Stocks,,27.96643643270353,0.3044263565693103,70.3354924278857,0.0036117918039850635,,,,74.45705479909118,2,2
2026-03-28,Crypto Stocks,,17.05828318364268,0.030636574292163748,33.191579197454956,-0.008762208416105609,,,,65.88592033814055,2,2
2026-03-29,Crypto Stocks,,20.048439340383606,0.15175294534840875,45.84333142871331,-0.008305827964221208,,,,65.29204711963608,2,2
2026-03-30,Crypto Stocks,,17.53924362386166,0.06999036836488465,40.64696979001451,-0.012759867529999459,,,,57.59664494282485,2,2
2026-03-31,Crypto Stocks,,16.976118372215133,0.08880887145529086,42.15604769602203,-0.013610243244482626,,,,51.751101791909946,2,2
2026-04-01,Crypto Stocks,,13.450753928425382,-0.034693493060248715,36.12768830598014,-0.02120889895710312,,,,39.89023282305245,2,2
2026-04-02,Crypto Stocks,,16.008329986227757,0.14341885289868764,47.04811118003825,-0.013342226181643976,,,,40.13596017133547,2,2
2026-04-03,Crypto Stocks,,17.115338237075118,0.1935721141898236,49.48027569719894,-0.004330209324430834,,,,43.37031171591861,2,2
2026-04-04,Crypto Stocks,,16.706614184280546,0.15685701453383322,47.87064479299247,-0.0006066042334368499,,,,43.36069157841627,2,2
2026-04-05,Crypto Stocks,,18.476212505525652,0.24853369055108676,51.78692009332405,0.00780217503483608,,,,47.288735806005334,2,2
2026-04-06,Crypto Stocks,,17.671931125356892,0.17035524728182821,48.668956397574924,0.007849188970970585,,,,47.51262507493806,2,2
2026-04-07,Crypto Stocks,,16.545738520038924,0.11367828747784564,46.633469878348016,0.004007030396991327,,,,43.74922154217844,2,2
2026-04-08,Crypto Stocks,,16.518464671166612,0.14543811044661548,48.03357454209999,0.003563322180072607,,,,41.453841899005035,2,2
2026-04-09,Crypto Stocks,,17.966357953774608,0.2085548079176845,52.76629167125714,0.007265957669285176,,,,42.89185669389499,2,2
2026-04-10,Crypto Stocks,,17.258697527932974,0.24072470054049713,47.426297202011014,0.011381829419497728,,,,46.64923830311905,2,2
2026-04-11,Crypto Stocks,,16.162495552385526,0.023209303185642235,49.6856246511947,-0.0004193245334785222,,,,36.51952356505462,2,2
2026-04-12,Crypto Stocks,,15.470382831076638,0.10928545202760634,48.14752108700725,-0.002202866883979691,-0.4318656536716393,,-0.019226226065154377,34.6909190754494,2,2
2026-04-13,Crypto Stocks,-0.29829397289110077,15.199529748417683,0.08077510841674501,50.493363133215105,-0.004921689592436327,-0.7469133115556458,0.4697034813843141,-0.365003701039316,29.714207542794128,2,2
2026-04-14,Crypto Stocks,0.3784594649670169,16.19379925440917,0.17244995276200306,53.58716476674919,-0.00040304728386608354,0.3618406081856249,0.6370373137441484,0.04082466410612764,30.93102705052282,2,2
2026-04-15,Crypto Stocks,0.9728214125833287,19.498686055766367,0.24646065856120827,62.59260080141639,0.007288657758788824,1.2121481291333138,1.132126330878655,0.9007760167017427,37.52910324415568,2,2
2026-04-16,Crypto Stocks,1.0610444169388205,18.920284677780145,0.259673120864938,56.10934176357215,0.012669350972976777,1.2947124946959578,0.7089496885539415,1.5781537731832185,44.23588945610588,2,2
2026-04-17,Crypto Stocks,0.9678148143870311,18.905085715420213,0.23701684840013015,52.351033345323344,0.014001547044721962,0.9800619333060668,0.46311390910042605,1.830137995347248,49.2953842209021,2,2
2026-04-18,Crypto Stocks,1.4530282766551124,21.98861517081184,0.3241806065295676,58.585994584051896,0.019702933055549206,1.848308626415352,0.8288668597837161,2.3610250474284245,57.65107691586883,2,2
2026-04-19,Crypto Stocks,0.394326300182927,18.78277566080669,0.16903452513221962,46.17007276400973,0.012335411750576971,0.07452947047108774,0.036740206624748424,1.8528430968885858,57.13560970991423,2,2
2026-04-20,Crypto Stocks,0.32620639371894533,19.796527382620635,0.1619910894848896,49.56740075437562,0.006586220126332825,-0.007389546539448589,0.2528011317389829,1.4625329536212013,58.22542100369585,2,2
2026-04-21,Crypto Stocks,-0.08325876918302968,18.792330244720965,0.0938249800171661,48.98523504785627,-0.0017629692586851424,-0.7934917471956349,0.21033252711980818,0.8123384654627107,52.68113855159049,2,2
2026-04-22,Crypto Stocks,-0.3416906229166983,17.354045078299944,0.07412885926362928,46.30964959977565,-0.00820684895732474,-0.9941147620227964,0.029326250059810224,0.20024720947594085,47.62092126053162,2,2
2026-04-23,Crypto Stocks,-0.11871192606336192,17.494558767872093,0.14129722282765866,46.53386434350905,-0.007556525107994052,-0.18882891498725135,0.04400283724328716,0.10823967945903394,47.12743951269748,2,2
2026-04-24,Crypto Stocks,-0.5699092899722648,15.565310140729437,0.0708894709416565,41.57937424497496,-0.01125634639902958,-1.010013489527386,-0.29718313863893997,-0.36783227066093854,42.16941390117172,2,2
2026-04-25,Crypto Stocks,0.24927550315018487,19.372001011308463,0.1551393227998348,57.53728835358173,-0.007593261189029893,0.011626993117596013,0.8139863252795612,-0.23154261238503365,40.595487367911396,2,2
2026-04-26,Crypto Stocks,0.27694420942111864,18.681204676655266,0.1686604033396723,53.69878772242237,-0.004003712179075425,0.17559491746519043,0.5296199572969752,-0.03359246895680349,42.52467931126667,2,2
2026-04-27,Crypto Stocks,-0.03785885720867239,18.78046490650365,0.1396551515868482,53.66569690398857,-0.0033532302329541607,-0.18447840262669563,0.5174816733148777,-0.047467888752685615,41.52487170426618,2,2
2026-04-28,Crypto Stocks,-0.9153224880805014,14.770507864155025,0.014548940846725172,40.562407535025706,-0.010704293924955637,-1.6743348731742156,-0.4317080896462142,-0.8163691599974369,35.64022998260591,2,2
2026-04-29,Crypto Stocks,-0.06384776066875514,15.932551007728069,0.15134137206168208,44.71168878784311,-0.00594705976373892,0.012495562979267861,-0.12339577202892116,-0.5482981339093337,32.84147173198971,2,2
2026-04-30,Crypto Stocks,0.21429506358443995,16.923599171588734,0.18846720849749568,46.14373009759352,-0.00019689584782195055,0.46926016251794256,-0.0158508358895629,-0.09236148077579306,36.069409454286074,2,2
2026-05-01,Crypto Stocks,0.3693657375586755,17.965774792000914,0.19534115967065566,47.703733365370454,0.003944028229850053,0.5469455806638331,0.10139242131406871,0.3176850596699801,39.04696682015769,2,2
2026-05-02,Crypto Stocks,1.614417584834566,22.04837620701244,0.4146602839661576,54.35156779030819,0.020408003270238603,2.9124681296320776,0.602925412842882,1.9511567805937096,51.82144853720392,2,2
2026-05-03,Crypto Stocks,-0.42452884255801737,17.89887567012758,0.017216087037520485,44.07847323941989,0.004325850883326831,-1.546668488895405,-0.19281770880446197,0.7567048011133102,42.75024233948236,2,2
2026-05-04,Crypto Stocks,-0.34429634581302304,17.770824269598865,0.06957096795085074,46.51831104432701,-0.0026172638031105285,-0.9396179349622766,-0.000845048880835959,0.1542401598383618,37.03635090413334,2,2
2026-05-05,Crypto Stocks,-0.2679228093246535,18.378538563588908,0.09406231106076127,50.00924505711197,-0.005240457781340766,-0.6544586475405653,0.27381835187955406,-0.1585858887600637,34.99780484277503,2,2
2026-05-06,Crypto Stocks,-0.11509654915565636,18.91454335559754,0.1282559464679321,52.08493217403545,-0.004387375296070421,-0.2659081369722318,0.4350653140185589,-0.17626424173900723,34.45123866196673,2,2
2026-05-07,Crypto Stocks,-0.6992444056996125,16.315586198974387,0.03454966826803337,45.97054909335868,-0.00955242403678395,-1.2930264743087319,-0.06184350954369498,-0.7804810821843133,27.43678379843711,2,2
2026-05-08,Crypto Stocks,0.1813861463455635,18.37823266665182,0.1631074837662081,53.33460690025935,-0.004012613332543231,0.15769339641763447,0.5367823479018045,-0.4022845011691538,27.045213114529588,2,2
2026-05-09,Crypto Stocks,0.32289294717586453,18.12770878289971,0.18530407329344,51.142008415374285,0.0011678104481898845,0.4061878347797562,0.3504821405551707,0.05147529585546787,27.984975278600768,2,2
2026-05-10,Crypto Stocks,0.5190287798476557,18.824118913070382,0.20572355036175305,51.39588390065933,0.005735338251214988,0.6322381408236682,0.3673251632413563,0.547703642214533,31.166343095031415,2,2
2026-05-11,Crypto Stocks,-0.0739212569207783,18.285914328269005,0.11930029799468474,49.26517040530843,0.0028477519897816116,-0.366163796554206,0.18500597195007107,0.35957581553745804,29.938520085942685,2,2
2026-05-12,Crypto Stocks,0.35682171013142006,19.833707623215464,0.14690709123277884,55.14009996668211,0.0027094572183576793,-0.04253070938370014,0.6771930465374627,0.40091501743539165,28.78886957708834,2,2
2026-05-13,Crypto Stocks,0.6162635074629281,19.84776083657787,0.20724734937618458,52.30815486018911,0.006384412588530854,0.6617604583004651,0.42855138371840934,0.8402816727658231,31.83325225306995,2,2
2026-05-14,Crypto Stocks,0.845391661354054,20.983204360422597,0.2380457570446528,52.05766906340285,0.010356948789560848,1.0079828799536974,0.4022345930570947,1.3671278870553165,38.46174040546644,2,2
2026-05-15,Crypto Stocks,0.5703381002375394,20.436372646182853,0.17886710363224637,49.34472340402304,0.008542024561662916,0.30119112467283554,0.163349020868155,1.356445797709593,38.52739596216672,2,2
2026-05-16,Crypto Stocks,-0.9534973287745632,14.99357577801393,-0.008566464606736685,32.727485446551256,-0.0050096244535155175,-1.8640034586719545,-1.271345137324492,0.10008159468400774,31.827751198808773,2,2
2026-05-17,Crypto Stocks,-0.07224596746911421,20.201311430788195,0.11360649189453603,55.07385264054078,-0.005437442293702174,-0.4299698115487692,0.6801318299279925,-0.052437054580481375,28.896620460028537,2,2
2026-05-18,Crypto Stocks,-0.13166331686334018,19.47123876134431,0.1177316941606315,52.67071670692379,-0.005138208949488231,-0.37748149169561807,0.4630604998716106,-0.13634184973296637,28.689924332058233,2,2
2026-05-19,Crypto Stocks,-0.15798314660873095,18.96728988148549,0.12036191119997516,51.49466385535392,-0.00448265576164192,-0.34286680352103377,0.3550086826252472,-0.17531506053390483,27.75950386269468,2,2
2026-05-20,Crypto Stocks,0.47232615973242154,19.86696402376296,0.19386994339879302,53.5694796707221,0.0008953400789800661,0.5315929691574366,0.5347409619426563,0.3144113816539589,28.971278295794274,2,2
2026-05-21,Crypto Stocks,-0.38960871501703076,18.47393992241369,0.061047345312944895,51.38265992710518,-0.004218231403179963,-1.0500152992040122,0.33443939657135224,-0.23038864586147875,24.191440731269488,2,2
2026-05-22,Crypto Stocks,0.058572405995094924,17.682740172652252,0.13805313622959656,48.61831900116581,-0.0022392803695615226,-0.12186181737344452,0.08262736442759935,-0.10267121197557748,23.07003749408921,2,2
2026-05-23,Crypto Stocks,,,,47.32884139013343,-0.0017914242956492176,,-0.03523095591716249,-0.09076366399539493,23.07003749408921,2,2
2026-03-24,Data,,,0.21830868548220184,,0.0,,,,90.24364526271349,1,1
2026-03-25,Data,,38.87880359412154,0.262346982217026,100.0,0.002810421216125558,,,,93.61580021380682,1,1
2026-03-26,Data,,19.964597504232586,0.14258198537631314,26.884866459975143,-0.0032249159606093734,,,,88.07929000645082,1,1
2026-03-27,Data,,22.786893779973205,0.17594589853181974,39.2571417801315,-0.004708541244733418,,,,84.83850304283837,1,1
2026-03-28,Data,,28.406152094811436,0.27212244737575275,59.17247442136134,0.0007578197788884633,,,,88.77183060112097,1,1
2026-03-29,Data,,21.94525033035477,0.10782928470398728,37.9293609875845,-0.006330553809755477,,,,81.76879997160518,1,1
2026-03-30,Data,,27.89370117515339,0.31328550812176964,57.16165020204801,0.002694563059681096,,,,87.04824140065782,1,1
2026-03-31,Data,,23.326953813970114,0.10601783146106851,43.54917801577932,-0.004999024520528256,,,,79.38299148995115,1,1
2026-04-01,Data,,22.81921666187671,0.1254881649572415,44.784374522348095,-0.008286977685682989,,,,73.29090267448805,1,1
2026-04-02,Data,,20.730456852127194,0.06783906973072737,42.059485344401836,-0.013543898690406913,,,,64.35625245881856,1,1
2026-04-03,Data,,22.600450830141043,0.19653675866125575,48.988460639589704,-0.007836268396407843,,,,64.99465307648254,1,1
2026-04-04,Data,,24.033734721277796,0.2591221545113246,51.79200839579145,0.0002432551683157723,,,,69.39104390975604,1,1
2026-04-05,Data,,22.181118190685467,0.13804744417950132,46.814620664848675,-0.0023354198328881214,,,,65.47204117701811,1,1
2026-04-06,Data,,24.188649040110015,0.26827115397951584,51.797131257904695,0.004583332181114732,,,,69.60414537577195,1,1
2026-04-07,Data,,25.196900436947836,0.2894296571582256,52.51983952955011,0.010121462007726525,,,,74.77556008102393,1,1
2026-04-08,Data,,19.9920981321904,-0.012125006528200317,41.77605425829999,-0.0061139425742683055,,,,59.491254748961566,1,1
2026-04-09,Data,,18.66515682092563,-0.0039525726213725035,45.29476553129461,-0.01536549526291972,,,,45.61845279037029,1,1
2026-04-10,Data,,17.420760559244734,0.05526319099005644,46.188154789001,-0.016462236078066447,,,,36.20220581032677,1,1
2026-04-11,Data,,16.750756262166444,0.11780236550897444,45.0198718259191,-0.012140592744039568,,,,33.40930060434842,1,1
2026-04-12,Data,,15.336997306216439,-0.00989909824503795,46.108839111269496,-0.016762401112708707,-1.5888109681080655,,-2.1804316582923122,22.516006349828853,1,1
2026-04-13,Data,-0.6570184217833127,13.523666617542867,0.08890985754919659,42.02145907219633,-0.012253938204565076,-0.6133117135262474,-0.45820287850635305,-1.8344747437382016,17.206094397713805,1,1
2026-04-14,Data,0.1412785502641812,17.15925271232005,0.21485505389974124,54.107694053250945,-0.0004994385374073006,0.6037977323675423,0.39166413322846405,-0.9557590670259123,20.366391712355586,1,1
2026-04-15,Data,0.31434356556296406,17.643931459144568,0.21940641249114565,53.58499949589581,0.007434613489102598,0.6295348418747805,0.34486442713598253,-0.24684905729337725,23.888005858387476,1,1
2026-04-16,Data,0.8439761517286828,20.14264708240098,0.292652438552199,58.48048289468193,0.01692515503783052,1.2904108319453202,0.6861287828254276,0.7357940936316454,31.143270303843536,1,1
2026-04-17,Data,0.6161814821160891,18.942080423212886,0.2313314770905087,51.382829861622696,0.018267437571890803,0.6616885362564153,0.14900596921276965,1.1193300589730752,34.692694251515974,1,1
2026-04-18,Data,1.0484590271726686,20.755011586540647,0.320919723115133,52.40438535841591,0.024021222430117346,1.4631536458689445,0.22290508008901677,1.8104430173726216,43.15145056154357,1,1
2026-04-19,Data,-0.15154714695520244,18.43461443516725,0.07497639512760744,47.76339004796166,0.01077083815475111,-0.9122472368634355,-0.13851816283117074,1.0312493291411549,35.0291426110917,1,1
2026-04-20,Data,-0.7548250999601626,14.550421516366999,-0.003703326042356972,39.989350879406466,-0.003046560412735006,-1.574636386743609,-0.7389006024025291,0.014995482122477682,23.697757135959932,1,1
2026-04-21,Data,0.15284705784212038,16.355258650916806,0.17862291673982764,46.35406647188409,0.00016871290078649195,0.15759205242720556,-0.2209583644041204,0.241933152244468,25.322430197021042,1,1
2026-04-22,Data,0.5975452645781697,19.945591160250384,0.21299921710294056,58.98760365557436,0.0044489808135816525,0.4806107561067454,0.794278234260512,0.6170129114775958,28.99885390175762,1,1
2026-04-23,Data,0.42900058179780887,19.22457020754559,0.16944652918384262,56.73240090203309,0.004189001888976208,0.05222782742088362,0.5940981688548219,0.658915856812298,28.45022413400661,1,1
2026-04-24,Data,0.8557150708760239,20.340811065809923,0.2626375635588651,57.84456687591188,0.009814030046597897,0.952942880290552,0.6710674085938345,1.2050300042938904,33.69115347141468,1,1
2026-04-25,Data,0.6945846503758764,19.888675114564357,0.22348310306897973,54.069696489856646,0.010364444902164042,0.5505984330642649,0.346337957723663,1.3700259136702817,35.980013808650895,1,1
2026-04-26,Data,1.4861587428199492,24.370418578611428,0.36517481128291773,64.28987746213454,0.01922289412596179,1.8469112694325511,1.1764031447058894,2.1464726341527305,47.05501596858653,1,1
2026-04-27,Data,1.2947226537919165,24.361717675156477,0.3244699216726653,59.39030903231097,0.021140346166655388,1.3893452229982095,0.7423163124981366,2.366479019638734,54.43055487372409,1,1
2026-04-28,Data,0.39224417599133166,21.633418809459144,0.19529631350490367,49.22231683979303,0.012912749573579109,0.1531295670378863,-0.1264667813961646,1.9136877685959004,52.627845765647734,1,1
2026-04-29,Data,0.05816280933784729,20.46547229348908,0.1433405014612229,47.08538516308547,0.0036561658335050803,-0.34507961453790154,-0.3074738165754281,1.357557608284978,47.50569647650572,1,1
2026-04-30,Data,0.14280175543115434,20.09808383533354,0.19475737861174458,46.185141438734846,0.0008285486853432493,0.15722892051036827,-0.3808210629036291,1.1644015720065348,46.160609478266664,1,1
2026-05-01,Data,0.7563841341625235,22.260720005222087,0.27712303493153745,51.75564893317821,0.00415190196507392,0.9519948568754625,0.11399349493617422,1.3674046819549652,50.346126323368864,1,1
2026-05-02,Data,-0.7416252931029136,17.18601141357004,0.012733285365973401,39.580707370677885,-0.010982234269767348,-1.6016111225690086,-0.9609470832842141,0.3235311358762829,37.73281520102741,1,1
2026-05-03,Data,-0.12198987500467831,19.997400859992915,0.14275600752115497,52.48641009819814,-0.01169629766279729,-0.3312659919543439,0.2027777237794641,0.1082372216705271,34.81932279506164,1,1
2026-05-04,Data,0.6464197727804174,22.39682595443245,0.25492757569658203,59.26001215076202,-0.004447267093964064,0.7586130608230912,0.8059756939162869,0.46691283869953654,39.34395671181865,1,1
2026-05-05,Data,-0.2688695524029061,18.73873943777921,0.12734810702530225,48.089251283202366,-0.007877344509597206,-0.4966911227038328,-0.21788846104635404,0.14059936409654192,34.22220343012118,1,1
2026-05-06,Data,0.4073634366700529,19.804305687595217,0.24059492168059213,50.97125768100969,-0.0024341447457776793,0.6242034235792309,0.04951993447350377,0.42895583848068086,36.52601516175442,1,1
2026-05-07,Data,0.9564860811099003,22.420277398399513,0.33654262324721734,55.671918694181535,0.0071868706489131755,1.5285474426706804,0.485039523335734,1.102080776676283,45.07654465735543,1,1
2026-05-08,Data,0.1698059939191753,20.667692077821133,0.2083929881440276,48.20140482749215,0.004604361592340203,0.2577272100066818,-0.22175137285373464,0.9922752639858129,44.78451247084452,1,1
2026-05-09,Data,-0.341410100747698,19.106269681381484,0.1026275297485624,46.162295813584855,-0.00407368918405593,-0.7858693431407268,-0.41224364118244566,0.3935250391894898,38.09585112632444,1,1
2026-05-10,Data,0.34710704208269666,19.679516109895026,0.24579387809704012,46.21266916563112,-0.00022185854069096868,0.6417523579780837,-0.40237552815007344,0.6191823205038827,41.301577546536755,1,1
2026-05-11,Data,0.8049929736700387,22.05507093766279,0.3252912902399343,50.02543174787503,0.007218842599360642,1.4001607198086494,-0.0292225143901542,1.1653033805839728,48.84086226364337,1,1
2026-05-12,Data,0.3066899367944391,22.455306373898427,0.22559769088264647,50.95565703468189,0.0050669194562514355,0.3992403785071076,0.062094410193037096,1.0859309600878086,48.622895902404736,1,1
2026-05-13,Data,0.1370126084113514,22.215579189243915,0.1872426407503766,51.39658453298043,0.00091826699864999,0.012491557299881117,0.10508095689223523,0.8295472422764888,45.26596482135403,1,1
2026-05-14,Data,0.4711870052546052,22.277583029506992,0.23234296700683338,51.200471178273546,0.0010594167448665752,0.4662427437594142,0.08446123027017505,0.8406330966639752,45.60239446061225,1,1
2026-05-15,Data,0.06650436481139005,21.182907352760264,0.20587802087152648,47.64019157126651,-0.0006876110173550526,0.1927931952130314,-0.2755874405935127,0.7110206377900594,44.19209869279119,1,1
2026-05-16,Data,0.2719104732426635,23.55859753739915,0.20142435344221715,57.54996981385787,-0.0021202541904122973,0.14529493071270605,0.7329774019830095,0.5810956568206614,43.654684139132286,1,1
2026-05-17,Data,0.20179937822239993,22.561310423768898,0.21711589738172285,53.274947941213995,-0.001990292856306551,0.30630329018664737,0.28839221528632014,0.5513883941312913,44.21779057934446,1,1
2026-05-18,Data,1.0290005514747547,24.220218140957233,0.35917828866002727,54.47360996933524,0.007181494454159436,1.7375800981498901,0.40897226183769525,1.2175469619118529,52.582647739732906,1,1
2026-05-19,Data,0.3222276629905466,23.787037490211546,0.2180992502160562,53.84971367550212,0.0034539302174584063,0.27633249150092987,0.3400508659025427,1.0184064289314627,51.03778083207707,1,1
2026-05-20,Data,0.7624376477572175,23.99312296730581,0.29360065517602085,52.32292086682758,0.005650493130765176,1.0441169328305193,0.17678103036916298,1.2185855667846843,54.65718409093877,1,1
2026-05-21,Data,-0.39058438542282714,20.012450060285452,0.13160413964574327,41.510259669249656,-0.003724404349344429,-0.6354890109070968,-0.9618710607620611,0.5662427315862468,47.28837037461767,1,1
2026-05-22,Data,-0.46449514077456533,19.965347432380913,0.11686267631865252,45.815065260698624,-0.010454659322578632,-0.7792110923541995,-0.49651492942536907,-0.02267475492630122,40.053159074875325,1,1
2026-05-23,Data,,,,50.72054531002276,-0.008363727458062905,,0.03094312479820091,-0.021464205173909914,40.053159074875325,1,1
2026-03-24,DeFi,,,0.32044386054308777,,0.0,,,,100.0,1,1
2026-03-25,DeFi,,14.505769949837015,0.1300416463429162,0.0,-0.012151024495965368,,,,96.60222260795433,1,1
2026-03-26,DeFi,,13.431541859055812,-0.03282279979757788,0.0,-0.02949600829179702,,,,90.82471367797059,1,1
2026-03-27,DeFi,,21.62405555998577,0.15187095278288085,34.33222001923373,-0.02693963278889506,,,,88.28001035477455,1,1
2026-03-28,DeFi,,19.318175175364853,0.03482402204694808,28.197203339625304,-0.03123846487456306,,,,84.25932719256033,1,1
2026-03-29,DeFi,,21.82847672716557,0.15610886219454784,39.415390121337836,-0.024327680776237662,,,,82.43431559664602,1,1
2026-03-30,DeFi,,20.974118818987876,0.12036911703356011,37.680611046638276,-0.02071869563296077,,,,79.99008117017829,1,1
2026-03-31,DeFi,,18.832800829032152,-0.01240717658686918,32.38525929532575,-0.02551382680231084,,,,75.57318707156627,1,1
2026-04-01,DeFi,,18.097466910240826,-0.015624404799853804,32.27535637046026,-0.02699881850924865,,,,71.51786665787584,1,1
2026-04-02,DeFi,,22.485529163142928,0.2946418438600169,48.97472038104655,-0.006263914301947962,,,,72.59172924034264,1,1
2026-04-03,DeFi,,18.639611433783095,-0.07924306079496107,37.75601487208442,-0.0163356193228322,,,,67.8111024572191,1,1
2026-04-04,DeFi,,16.044212872021383,-0.2968512803630787,33.3144068163174,-0.035177889632640874,,,,60.24315910629489,1,1
2026-04-05,DeFi,,16.805795561398774,-0.10678153160780203,39.528042882968286,-0.032432404351887614,,,,56.375844633782165,1,1
2026-04-06,DeFi,,17.961869200123996,0.10320767302906927,45.17219396013965,-0.014954921817610128,,,,55.71555499634934,1,1
2026-04-07,DeFi,,16.660701581264618,-0.030646868970047453,42.635588012462314,-0.011069126662385118,,,,52.93465017953493,1,1
2026-04-08,DeFi,,18.049823280077188,0.08838479172863066,49.09924416351104,0.00025779780199323976,,,,51.93617620369224,1,1
2026-04-09,DeFi,,19.643713924453536,0.19881333119256808,55.12493839203842,0.015105283189361315,,,,52.60506426068175,1,1
2026-04-10,DeFi,,15.581963237320092,-0.18271223313484342,43.19045951492251,-4.873136500151143e-05,,,,47.262348308352614,1,1
2026-04-11,DeFi,,18.47630973076161,0.2169154439128362,53.32367992288295,0.016638779643352267,,,,48.77396968790888,1,1
2026-04-12,DeFi,,15.15224485819917,-0.19065729815952312,44.269450014954685,0.0008575869743282227,-1.4217884455011998,,-0.2481308374380845,43.35374786462868,1,1
2026-04-13,DeFi,1.1425629365594931,18.36605836102681,0.36581125489437993,53.46051766164021,0.027073824725064116,1.7526777013301804,1.0688023744710615,0.985042252597894,47.781202616464654,1,1
2026-04-14,DeFi,1.1517986497800536,18.967455827383034,0.2929056344166994,54.378562309494235,0.03801204358932173,1.2548963542443905,1.0706953044047074,1.6224471777176033,50.01795542747991,1,1
2026-04-15,DeFi,0.14603591853192427,17.080383871788385,-0.060161766197746505,49.41952722506033,0.020834989256819904,-0.7036748979145523,0.7147716506777354,1.1185692237547433,46.89800003869367,1,1
2026-04-16,DeFi,0.8550593827002768,17.417690210821657,0.20242710592477112,48.78300464492496,0.02617853382555306,0.76136735838417,0.6511197982109634,1.4507216313190916,48.95678865876348,1,1
2026-04-17,DeFi,-0.13567916536616725,16.807900951807085,-0.1614392067525246,48.912347898131095,0.005318863498647311,-1.252727905617799,0.6406205433554988,0.7277482637020883,45.183626041210516,1,1
2026-04-18,DeFi,-0.1397121446245525,17.147604505846992,-0.13363223411777722,52.274003721742396,-0.005887424614112104,-1.0502543026038504,0.8429511147130304,0.2635767276198949,41.62532766943125,1,1
2026-04-19,DeFi,-0.6739856929443865,14.817978309717697,-0.3034605589112407,47.244281757737944,-0.02305491196993041,-1.8336304775990009,0.48154367133160186,-0.5679573838510267,35.45223840882752,1,1
2026-04-20,DeFi,-1.1867994989706474,12.04266059896798,-0.4698230418563474,41.8717554817696,-0.04278508673072526,-2.369509953958869,0.10010311259391555,-1.5917185851484712,26.930214245166685,1,1
2026-04-21,DeFi,-0.3340562515726103,13.42767578681485,-0.14119672225903457,48.51399784949331,-0.03140067108457262,-0.7629657960528033,0.5650669616536856,-1.3871467118307668,24.47963894137626,1,1
2026-04-22,DeFi,-0.34218505618268635,12.587792827958618,-0.15369476637724735,46.65004236487083,-0.02280921432366466,-0.8009992659703137,0.42049871981063186,-1.2291954866489976,21.83763840977187,1,1
2026-04-23,DeFi,-0.1220394362876743,12.470874351230805,-0.06599107650605512,46.31237710181085,-0.009972081056582704,-0.3656372912983736,0.38803072681895984,-0.8415613676127833,20.26442405934795,1,1
2026-04-24,DeFi,0.0749168560183038,13.824741047983665,-0.060064174902251855,51.90752385846399,-0.0003428589379345648,-0.33051534633801416,0.7873289592964313,-0.4948605225712649,18.627065152862496,1,1
2026-04-25,DeFi,0.1583384960208534,12.492595667435207,-0.006373937665569009,46.108466472642306,0.00981985282654911,-0.059420285206941946,0.34277617753751943,-0.043164921194223896,18.236612100241906,1,1
2026-04-26,DeFi,0.6402800275026138,15.250427855909447,0.09055514175718915,55.49614721269652,0.02252121988540364,0.4286596390554636,1.0293079929303077,0.6100878814015094,19.73249261247899,1,1
2026-04-27,DeFi,0.5048056955844265,12.454050175418097,0.08192541278733359,42.939673504406564,0.02936009328891856,0.37780172236456566,0.0663585502897093,1.0938306065202201,20.810749345617673,1,1
2026-04-28,DeFi,0.7566126807635043,13.62690737343772,0.1315912296520546,45.941143275909596,0.03581933215472405,0.6259274323651443,0.29527939666915126,1.5738927787848986,22.23413215099005,1,1
2026-04-29,DeFi,0.756832437276805,15.445986736486201,0.03780342017363822,52.83478748281005,0.0324655046694271,0.1280906903356615,0.8193148837448616,1.6524010174867407,21.701922095935878,1,1
2026-04-30,DeFi,0.1821074414865553,12.667945193710334,-0.04019365719806714,42.139642065448484,0.024070582665445588,-0.28616287388961376,-0.027567520661776295,1.500343645810582,19.942266517699007,1,1
2026-05-01,DeFi,1.2670243460596582,18.385048790731766,0.1961959128950003,62.62976750776275,0.03296463561257863,0.9724875353647289,1.5440088673725756,1.9502493896882702,21.84257353524462,1,1
2026-05-02,DeFi,1.983438544884879,21.238771240925292,0.4942785523345192,68.62001621629982,0.05609081665056183,2.364561612118919,1.8915692838421247,2.7898514070744387,27.936953204399185,1,1
2026-05-03,DeFi,0.9951941585081446,19.507821033131123,0.12564342423859634,61.382524271765945,0.04424889456254443,0.4832865431284335,1.2967567376056284,2.5043879240517826,27.372332543206802,1,1
2026-05-04,DeFi,0.7911242764829307,19.911780068628588,0.03444420782908797,63.931872154317766,0.028714875565196692,0.014999744532380744,1.4312648816159057,2.1185746509193795,25.189794579382824,1,1
2026-05-05,DeFi,0.5555834464846887,17.709714185436187,0.0298005192675783,55.75446565044794,0.01713936526540317,-0.009027266107804802,0.8096089379755063,1.826473834885991,23.31749937122661,1,1
2026-05-06,DeFi,1.0363560974324622,18.930590178165133,0.16287146506151184,59.853578923473066,0.017401341063409445,0.6793938121487211,1.0856112887878935,1.8426956019379463,23.794482331995518,1,1
2026-05-07,DeFi,-0.2642933608079795,14.046176874662244,-0.24879639407098297,45.26488548713941,-0.009734528484367977,-1.4464763048841673,0.0040153924172858756,1.0864105308793446,17.60838149593463,1,1
2026-05-08,DeFi,0.2122031590269677,15.332938029762742,-0.0015027397385352975,51.34829645861182,-0.01054475829422831,-0.1534402681072613,0.4542345412417477,0.9800849843482036,16.24110759496969,1,1
2026-05-09,DeFi,0.6195975530713745,15.748904808398873,0.10094474376847612,52.41660878149916,-0.00403182414115758,0.3827509528111125,0.5277096763886044,1.0891774012764461,16.66078915086354,1,1
2026-05-10,DeFi,-0.5042102835967448,12.505557478082162,-0.2720905060949939,42.73705217050039,-0.02360529934637042,-1.5468937252624806,-0.20864402573460314,0.4582652816793226,11.85290575231256,1,1
2026-05-11,DeFi,1.208534393841303,17.08634884927504,0.42019743109017815,55.31840111837423,0.009537081614571207,1.9756223106373765,0.7491822463831173,1.2999978956714084,18.278644536952818,1,1
2026-05-12,DeFi,0.12839580763398228,14.912980379032458,-0.024479384644830536,47.81732551716597,0.001403190256905838,-0.2783721226935005,0.16630483235032514,1.0844381829351801,16.578006990746736,1,1
2026-05-13,DeFi,0.25012025949047223,15.481915355452173,0.036187442539232104,49.97718895105392,7.117565157431418e-05,0.03217257648448105,0.33167795320864896,1.0307216812488378,15.93237108262441,1,1
2026-05-14,DeFi,0.7110475521215373,16.500131393176076,0.1467854699937144,52.61531578153827,0.00625860235617922,0.5967650726892878,0.5333001372574244,1.191671153084119,17.19230222475192,1,1
2026-05-15,DeFi,0.8575987299724983,16.450465619300548,0.22988210098208134,50.49228630640667,0.015065374571027319,1.009788108693592,0.3604675762556304,1.4531523668590107,19.080992425867485,1,1
2026-05-16,DeFi,-0.4341135259802189,12.799970612322607,-0.23134057363308017,39.878496362178865,-0.00971928723599231,-1.3544923198476122,-0.48558636766554314,0.7854088410082091,13.457759597659967,1,1
2026-05-17,DeFi,0.5072292547969187,15.435273706028838,0.10091129646817636,49.65147942072428,-0.003599312222855734,0.35730717803194845,0.3014632401476016,0.8965971066187659,13.370175045319431,1,1
2026-05-18,DeFi,1.0034007921013246,17.08583909720391,0.30156816301367867,53.651612367242436,0.013180389087494627,1.3652708997947678,0.6197785097958308,1.3474696594228566,16.20795182796241,1,1
2026-05-19,DeFi,0.7913251770064121,16.791610901702967,0.17623185051272622,51.937789170239284,0.014927616777805122,0.7088238769721976,0.4740128464851653,1.4385075564199417,16.638503924288642,1,1
2026-05-20,DeFi,0.4135808894564016,16.124284882710292,0.10954977213993199,49.281750565861,0.010870341804691144,0.3595884118401976,0.25228160188315096,1.3710717375429946,15.974188750978943,1,1
2026-05-21,DeFi,0.4491917806881872,17.4575982703284,0.07840130462102479,54.910812431704684,0.005630502396349914,0.195131816011481,0.7117891532585896,1.2523526758040837,14.79196615086343,1,1
2026-05-22,DeFi,0.9029917367027938,17.513738575860806,0.2321717176067328,53.608451002099045,0.011712393445985285,0.9885978369076097,0.5959320931330402,1.426113453624551,16.148756756477162,1,1
2026-05-23,DeFi,,,,52.09264704808074,0.009369914756788226,,0.46370229357094955,1.3959037171542286,16.148756756477162,1,1
2026-03-24,DePIN,,,-0.14553673450269158,,0.0,,,,28.793376320628617,1,1
2026-03-25,DePIN,,29.96568896051928,0.020426655104011315,100.0,0.010591395803960513,,,,31.37707890810639,1,1
2026-03-26,DePIN,,31.239150325359596,0.29754036872037687,100.0,0.03433526891633051,,,,38.160423728697204,1,1
2026-03-27,DePIN,,32.30167640598539,0.3008764153614485,100.0,0.04752805880135812,,,,43.86876056249383,1,1
2026-03-28,DePIN,,23.78909226756543,0.06095468434889803,65.04305147567523,0.0377835771468357,,,,44.90842757956371,1,1
2026-03-29,DePIN,,25.42115512660013,0.1564366234434955,69.31228327610532,0.03549184213739834,,,,47.464280151333114,1,1
2026-03-30,DePIN,,19.873163392220263,-0.162017798174154,49.25104542186972,0.0114941362801778,,,,43.871048896502046,1,1
2026-03-31,DePIN,,22.773820181866675,0.10405507224752257,59.133563227455674,0.012426516559473869,,,,45.487742015075355,1,1
2026-04-01,DePIN,,22.587903008262334,0.06884487508474676,57.64799509317183,0.009680210872260786,,,,46.25279356504924,1,1
2026-04-02,DePIN,,24.584543302245113,0.25662862809704307,62.65197669923885,0.01898103175837111,,,,50.08033828875441,1,1
2026-04-03,DePIN,,23.661567456322118,0.13244509061798454,58.11141876399644,0.015392908511756863,,,,51.26550275564354,1,1
2026-04-04,DePIN,,22.70366587238963,0.027289107818296188,54.751415093784715,0.005093550668409809,,,,50.52362165736788,1,1
2026-04-05,DePIN,,23.346634789385668,0.11190692315501058,56.7631030357958,0.003226941573658347,,,,51.35078339637376,1,1
2026-04-06,DePIN,,20.876046811562183,-0.1492667288394556,49.91383581259533,-0.015331291707540141,,,,47.621084543086724,1,1
2026-04-07,DePIN,,24.694759490018754,0.4238068057462366,60.39880700846891,0.009895991205327706,,,,54.30708919061159,1,1
2026-04-08,DePIN,,23.07567237176049,0.20238395601702588,53.257378584292084,0.010519273421556632,,,,56.01862196198126,1,1
2026-04-09,DePIN,,22.91838363427509,0.3175421823929667,50.38011135943931,0.017144413586443613,,,,59.35995929575812,1,1
2026-04-10,DePIN,,21.189669824909885,0.02311722375193302,45.247325209061295,0.0010063836499672324,,,,57.48123971080058,1,1
2026-04-11,DePIN,,21.277661820699556,-0.06370995191907977,47.7489564050642,-0.01530706634309114,,,,54.692629630476326,1,1
2026-04-12,DePIN,,22.199565580022565,0.17497849237503485,50.31834295413564,-0.01006675392099974,0.4079241428161757,,-0.38309422545767324,56.25144600508063,1,1
2026-04-13,DePIN,-0.9849538257654453,21.45912792417132,-0.11953182924400706,50.73548315803362,-0.025596222041789934,-1.2917612106243739,-0.6473526553448791,-1.333577785515159,52.601262575502105,1,1
2026-04-14,DePIN,-0.602461091005528,21.217600840850682,0.09030530362611945,49.75724857854955,-0.021085090583721475,-0.03964703958706111,-0.6789444459061387,-1.2830194141363553,52.86700445374218,1,1
2026-04-15,DePIN,-0.5851269044681834,21.285922657427477,0.0882672143436689,50.346964355073084,-0.017722705037990047,-0.05100385408338677,-0.6244283227573275,-1.2544473539298353,53.1565584588231,1,1
2026-04-16,DePIN,-0.11392396549252296,21.215693583044754,0.19476797773366172,48.86185667150804,-0.008289503340869697,0.5976904569236113,-0.6890996131363504,-0.8867691274868361,55.38822452724891,1,1
2026-04-17,DePIN,0.06791706306163234,22.34241526536788,0.22275308291593565,51.72250530657134,-0.0005375281369164597,0.7508071313895253,-0.5051423861813569,-0.5272049565074337,58.14915514027899,1,1
2026-04-18,DePIN,0.18174493042996243,23.23251175665513,0.2298008623944968,54.01282616414786,0.004419369444520718,0.771344388296128,-0.35822888766786576,-0.242829352544665,60.29184186736279,1,1
2026-04-19,DePIN,0.18916700966141464,23.121627648935252,0.22548716295756166,52.32460415989875,0.006629382080901754,0.7225143848340729,-0.451916298484034,-0.05997986793383754,62.33751200719538,1,1
2026-04-20,DePIN,-0.22922204577756253,23.98319407016775,0.12048718512778037,55.89799292032483,0.0005611751671795312,0.03851127611540304,-0.22337742372689542,-0.3373531254730674,62.28279761405711,1,1
2026-04-21,DePIN,0.9225513774771248,24.28333130018984,0.5167059293149867,52.201428922778476,0.02160777491794892,2.3407248318416523,-0.4499561726850863,0.9207124669915006,68.98437762310182,1,1
2026-04-22,DePIN,0.4673202212962203,24.380023906416085,0.2742400071655231,51.68595730088915,0.017737500836519537,0.8530464032964543,-0.47332784771025727,0.9187274084883132,70.64939588084864,1,1
2026-04-23,DePIN,0.15116716100048425,23.80681688901557,0.2557523781582713,48.48133473756571,0.012706043181673898,0.7228312673510636,-0.6677426064350115,0.805755708359443,71.78163376871734,1,1
2026-04-24,DePIN,-0.12626842027106727,24.832824966442267,0.139634208077242,53.13886149975771,0.0009510227920693989,0.013753741930696315,-0.3519226727247252,0.23495140720025537,70.71685700143868,1,1
2026-04-25,DePIN,-0.15829973719642595,25.53936105119203,0.15304450798828623,56.079652622251075,-0.006137942090097645,0.09552439125573484,-0.1512285331396887,-0.1931503049910203,70.38342697518823,1,1
2026-04-26,DePIN,-0.3054732562556728,23.98843518245005,0.16970188795486893,49.83094211194653,-0.009709487848662782,0.19753090735052162,-0.5678365057412071,-0.48869404101381775,70.37503333786569,1,1
2026-04-27,DePIN,1.1254269337928589,30.056937492278394,0.5174259645879269,69.73466078138057,0.010260875921997079,2.205500889136918,0.7910446244846063,0.6550478106220631,76.34380350541002,1,1
2026-04-28,DePIN,0.08481432419081511,26.151238300686334,0.2395343765175915,54.436431739001044,0.003991256253784499,0.5295328611864231,-0.27011968534506847,0.37604627092652787,76.57751091802893,1,1
2026-04-29,DePIN,-0.6997108503757591,23.974629925304136,0.021851195773416585,48.24991126481625,-0.01456314984050746,-0.7723486214082701,-0.6923813136534172,-0.7707656647379276,73.2667777473032,1,1
2026-04-30,DePIN,-1.719144553771462,20.395262411954594,-0.24535185947762803,39.30817160153323,-0.042971819782901946,-2.203878917096966,-1.2798102657847124,-2.536452598829528,66.00921207721944,1,1
2026-05-01,DePIN,-1.5269813718299972,20.396281210477365,-0.1109855842751229,42.2909417074486,-0.05034256397503045,-1.377237883189937,-1.0399771912597544,-3.007280282157955,62.06833028005135,1,1
2026-05-02,DePIN,-1.4379979279334403,19.97252199738831,-0.0726195384824276,43.11399498018119,-0.05015252676945538,-1.1261802947944453,-0.9576753493194474,-3.037960770866263,59.21889504562957,1,1
2026-05-03,DePIN,-1.661713547598498,18.607230535686092,-0.18355247763320803,41.117586342325176,-0.054647105000934657,-1.6688979700319564,-1.068318291845089,-3.168595792717871,55.16103123239151,1,1
2026-05-04,DePIN,-0.7440870654395084,20.636296176117966,0.08019253988996147,49.18142585049882,-0.037806672529267275,-0.21230340880083537,-0.4945145083520627,-2.630025168580709,55.86569884956573,1,1
2026-05-05,DePIN,-0.8734495671412945,17.969321155079935,0.05630886709062116,38.980102142435655,-0.0267462939834894,-0.34109970760385006,-1.1822715800997787,-2.3039565613607413,56.120678830332714,1,1
2026-05-06,DePIN,-0.22068192748597645,21.025070345389736,0.24413342207930983,49.26002370389045,-0.006316859857367839,0.7055717606656522,-0.45111463834598325,-1.6858392720614168,59.48333231574215,1,1
2026-05-07,DePIN,-1.1048311103723356,18.808766853429663,-0.07125347740662284,42.98629856605176,-0.013185409926661229,-1.05702070287289,-0.8794819980685379,-1.8673516389529525,56.883675878425244,1,1
2026-05-08,DePIN,-0.2779987288114907,20.883534457489844,0.16453571243952025,50.508014777248206,-0.0015989243057451079,0.27460700810888317,-0.33852798109827115,-1.5074700456961434,58.71410154321311,1,1
2026-05-09,DePIN,-0.4279673986740088,20.297452873424646,0.08095001814946799,48.57014362836588,0.000569322714644098,-0.20129899792765926,-0.4719213901095006,-1.3993136381529638,58.90861981085209,1,1
2026-05-10,DePIN,-0.9954678700414359,18.956669565951202,-0.07327923007742926,45.430300295882155,-0.007788867027496968,-1.0681740764040135,-0.6892599154039725,-1.606680510477349,56.444232821032486,1,1
2026-05-11,DePIN,-0.5486037128723202,17.939253704554027,0.0846452095250405,41.23503956656184,-0.0023680017710666565,-0.1552719622117881,-0.9756236026166946,-1.434396440143906,57.043364230698785,1,1
2026-05-12,DePIN,-0.21343220300627377,19.89139475701961,0.1611344652026993,48.271156745148076,0.006213531463906328,0.28754865975206745,-0.4552478185069332,-1.1475933516610228,58.54869353014203,1,1
2026-05-13,DePIN,0.6870637672687084,23.7046050659359,0.457239342491954,59.28004012375363,0.030327446017068774,1.932509671819104,0.35288442770995215,-0.3363192752410145,64.7525143425917,1,1
2026-05-14,DePIN,0.16721779559407807,23.46793660610762,0.1606141954371764,58.545742516725355,0.025016897208702774,0.23518078009584836,0.2950847859731147,-0.3088080099093444,65.02401674115936,1,1
2026-05-15,DePIN,-0.22715622891166806,22.344127197611485,0.10451275296599435,54.690888621179305,0.016834694905873127,-0.08757148057084191,0.005438088979983887,-0.4073878165111013,64.17464260912898,1,1
2026-05-16,DePIN,0.48139247042621647,23.62370263603027,0.3144626736896113,57.84020407886097,0.024221927170647063,1.1113044996854513,0.24197288115081275,-0.0553454846914629,66.9137633560241,1,1
2026-05-17,DePIN,-0.7553263838462037,20.962132672912325,-0.12013727445993573,51.13556175125568,-0.0002083450468993546,-1.3754578053105009,-0.2687277320798505,-0.6922354935406551,61.82025839838402,1,1
2026-05-18,DePIN,-0.394605571744852,20.708641323133577,0.10027295743953435,50.365243997839436,-0.0014988430996939672,-0.10536517791706401,-0.3249668921711947,-0.7263510977766491,61.33606296596431,1,1
2026-05-19,DePIN,-0.06728070014973828,21.0474579446643,0.14805924030937365,51.65446727507386,0.0007688300629896064,0.17076476139143634,-0.22246357717426749,-0.6525608893657817,61.69877599701484,1,1
2026-05-20,DePIN,-0.15819515866350128,20.070666391117005,0.13404429438186188,47.882084790358206,0.0012020584738235036,0.08785480557175056,-0.513164090694723,-0.6253358078570987,61.826153893486,1,1
2026-05-21,DePIN,-0.7299079245613436,20.08113164791057,-0.05327938807848841,50.36371038438645,-0.010600116515003331,-1.0023684681466298,-0.31390030963227483,-0.9971083451901128,58.74585553723993,1,1
2026-05-22,DePIN,-0.9362064651197163,18.14054691146078,-0.06897977136201225,44.8127162924067,-0.01847575798063366,-1.0753044470161013,-0.7464856933610762,-1.3029769983141521,55.85543681636032,1,1
2026-05-23,DePIN,,,,46.54102869620019,-0.014780606384506928,,-0.6012778991909619,-1.2824926394351779,55.85543681636032,1,1
2026-03-24,E-commerce,,,0.20163648555625382,,0.0,,,,72.04341596415486,1,1
2026-03-25,E-commerce,,36.87020879288812,0.30470102455851994,100.0,0.006577338101569153,,,,78.0623572713349,1,1
2026-03-26,E-commerce,,21.59568235893296,0.1618757793848522,41.91493328918601,0.0012253267024378632,,,,71.8683042605285,1,1
2026-03-27,E-commerce,,23.09818399682618,0.20128202897397815,49.93787916053408,0.0003035869298437851,,,,68.76340861106407,1,1
2026-03-28,E-commerce,,26.057648775487458,0.26498979645392584,59.07630671523786,0.0037571488691142277,,,,73.33921135031285,1,1
2026-03-29,E-commerce,,19.64054214232297,0.08738544036025767,39.1521766607844,-0.005636515545509002,,,,63.95747582016853,1,1
2026-03-30,E-commerce,,21.164310032166714,0.1717420014976659,47.55350160536659,-0.005859560627411459,,,,59.485743287089164,1,1
2026-03-31,E-commerce,,23.755726512790012,0.26864031596024746,54.73282452156244,0.0004907937371003118,,,,64.00615357567422,1,1
2026-04-01,E-commerce,,23.246077013157212,0.2311625773441328,51.980710898605984,0.002051647058739212,,,,64.85793849191074,1,1
2026-04-02,E-commerce,,19.753628885474146,0.10202404492686079,44.3044712335138,-0.005325542438263186,,,,55.73677062667472,1,1
2026-04-03,E-commerce,,20.878486720017506,0.1858808001675628,49.17796657877853,-0.0043131999006986894,,,,54.96884910174807,1,1
2026-04-04,E-commerce,,18.37284656229622,0.08178248130029564,44.35946319467973,-0.010080552961950198,,,,46.28387510117944,1,1
2026-04-05,E-commerce,,17.52665991238732,0.09422304480813691,45.00344474542127,-0.012334738866052113,,,,39.3151730420494,1,1
2026-04-06,E-commerce,,19.0173571485654,0.22245925242237963,50.86537170235416,-0.00485085065538305,,,,41.22886735297021,1,1
2026-04-07,E-commerce,,18.68215851398879,0.20586411374574068,50.17330517320032,-0.0008873861319451722,,,,41.505325760512484,1,1
2026-04-08,E-commerce,,19.444556280564846,0.2985479063527356,49.74559711199697,0.007637722298150381,,,,49.11287870345912,1,1
2026-04-09,E-commerce,,22.550444605039154,0.337838961996983,57.95643691285815,0.015150272832368052,,,,57.995334624869315,1,1
2026-04-10,E-commerce,,20.82651656012049,0.24575780887865786,51.91959755815791,0.013215953390886988,,,,58.28990162638392,1,1
2026-04-11,E-commerce,,16.289373695991276,0.043492577729665374,41.46132736612459,-0.0015998931945545608,,,,45.29391969258212,1,1
2026-04-12,E-commerce,,16.08100645657723,0.03579576484813638,47.711430435771675,-0.01129241189040169,-1.7036172997386818,,-1.3292818044803045,33.043782412801534,1,1
2026-04-13,E-commerce,-0.22778861278655002,16.35369679677346,0.17715445310780262,50.228543533029544,-0.007727518521321622,-0.11199113172630913,-0.09031623245804882,-1.0871020661120803,31.091597756298675,1,1
2026-04-14,E-commerce,-0.6252105836539804,14.46267438834207,0.15084090042000906,44.710558273618695,-0.006722851836324491,-0.40460591144311026,-0.5139844452232224,-1.1010603771513334,27.76642762490937,1,1
2026-04-15,E-commerce,-1.3808966477919165,11.589250843511815,0.007842981505156192,40.84045305450653,-0.014806752842265451,-1.8664745725176628,-0.796911247549329,-2.082191620910539,14.771258690687157,1,1
2026-04-16,E-commerce,0.13442443767129067,16.13349480087744,0.2418430889797252,55.28051320229201,-0.004070539660457733,0.6859082002427312,0.37503212292133803,-1.0643116438341302,20.883791562864303,1,1
2026-04-17,E-commerce,0.1565671499150166,16.04456713321346,0.22470724103927583,51.544170145875,0.0018813140603568292,0.4831897007278191,0.061958560627967285,-0.4180864747356453,25.577077263890157,1,1
2026-04-18,E-commerce,-1.516332261462126,11.299953143555312,-0.08234495895103268,44.37976801496683,-0.013983654233206395,-2.517244483713725,-0.5352993584308379,-2.10159195422045,5.356740470368026,1,1
2026-04-19,E-commerce,0.4638840873353808,16.06737914696891,0.3100324581222061,55.86411493945468,0.001976519692741721,1.2983273809486524,0.4488927128868709,-0.5579309422233839,16.886978316077716,1,1
2026-04-20,E-commerce,0.1973945537704654,15.546238469952524,0.2187053911217954,49.89590973551376,0.006174022476385266,0.3991845464484777,-0.07506707143228565,-0.016672572585121996,22.24164083648996,1,1
2026-04-21,E-commerce,0.40646950641691826,16.98200295648115,0.23613986324191355,50.83912118741998,0.009705706330663278,0.5591072851922475,0.009425902190643742,0.5431401370715546,28.26036107933233,1,1
2026-04-22,E-commerce,0.5277986775415023,17.609966203713675,0.25090898042888565,48.6200420537453,0.01244271308253064,0.6898820608747871,-0.19017256226938825,1.0711697253766532,34.52635507364796,1,1
2026-04-23,E-commerce,1.4919457737559927,21.83379888296929,0.4414533719441109,52.75958639657978,0.025727361109959653,2.32533614687622,0.19185365706455842,2.5776394663859796,53.73152445839658,1,1
2026-04-24,E-commerce,-0.09267784081104107,19.18536481810112,0.09760217073014663,46.520737252022826,0.010764147003192235,-0.845073155248978,-0.3914599864272448,1.4397452804242419,44.610587598466886,1,1
2026-04-25,E-commerce,1.6674285916733371,25.45418489930529,0.4652639620432453,59.19083897014593,0.024262679862364883,2.3161054179170852,0.8039034364223993,2.678658747640541,64.64547694973741,1,1
2026-04-26,E-commerce,-0.8657039737395738,18.421658196179244,-0.12461586615614763,47.21188462108762,-0.006270499794336116,-2.458178827233381,-0.3469271901724164,0.2467662097362927,37.89014738477001,1,1
2026-04-27,E-commerce,-0.1779405134215037,19.089932848505768,0.15910308449484126,49.70104361102614,-0.007035979171051059,-0.21779641981975423,-0.10169623976568569,0.05229967953116702,35.58344801636729,1,1
2026-04-28,E-commerce,0.7736057859346578,22.04533120058901,0.3430157447485804,53.02479120530233,0.00454311911766685,1.209242662239156,0.22538222423158832,1.0128637735928019,47.00674109788757,1,1
2026-04-29,E-commerce,0.8313876577417696,23.928620050964057,0.3040625572897468,54.820312071103125,0.009019431633812304,0.8782808621561421,0.39997287167260565,1.468948256537263,53.910470597963865,1,1
2026-04-30,E-commerce,-0.6026841306980059,19.549706833931367,0.015003515981924731,46.373673489391265,-0.00717252847621721,-1.367857689830563,-0.4547029822876133,0.09258972418389864,38.909873500927205,1,1
2026-05-01,E-commerce,1.2742644643029362,24.786619306120016,0.4863949380372423,53.65288400783546,0.013076367511705825,2.1576358613091466,0.2924182545258132,1.806069373968616,61.38903665423322,1,1
2026-05-02,E-commerce,-0.2035228678775423,22.50074144131628,0.06418861064071851,51.98174366137708,-0.0019529189116498785,-0.9625945747489448,0.11626704515495448,0.6309619794941174,49.51937796213157,1,1
2026-05-03,E-commerce,0.4794474765998087,22.71533074213891,0.2743009526141204,49.49170245968534,0.0020515247753194795,0.5932737709243409,-0.14556482349380165,0.9496192748315078,54.96200274176975,1,1
2026-05-04,E-commerce,-0.37272224043357327,21.012525950682758,0.09187855648083673,48.24140669195142,-0.0072793035974796985,-0.7625696707607759,-0.2760412319302965,0.10469613681780195,46.015406797563166,1,1
2026-05-05,E-commerce,-0.4818751346918173,19.956127098325908,0.10597447051615762,48.193441306393424,-0.011921354250720013,-0.6453429854048863,-0.2776923124524648,-0.47234768814257244,39.06210542608859,1,1
2026-05-06,E-commerce,0.09185304974600557,20.69655167782824,0.22297332868845157,49.62298114517331,-0.0067870292276316704,0.24135577036816858,-0.11940043272495827,-0.20418931981929395,41.66805813735082,1,1
2026-05-07,E-commerce,-0.5991671382336182,18.67497997756084,0.11042965889810703,45.43643128514887,-0.010427610001163106,-0.6143642963344194,-0.5755587863651902,-0.6813736176584506,35.369522928989404,1,1
2026-05-08,E-commerce,-0.3808587823825089,19.6276740528128,0.15084918920383392,50.80109833751475,-0.009591765757231379,-0.29788393232325544,0.02464511349153963,-0.7899946853555181,32.70618321110483,1,1
2026-05-09,E-commerce,0.10438630897256683,19.455924309270095,0.25902174868500677,46.63430416309286,-0.0016482997586292026,0.5407806550314398,-0.4413822100937229,-0.19302189647731544,38.453737726492,1,1
2026-05-10,E-commerce,1.507200951292292,26.61082870324186,0.4952107291382577,61.435088680087226,0.018507141969986266,2.2441651073446813,1.2160665065228098,1.7098262789442953,61.57747815144087,1,1
2026-05-11,E-commerce,0.2801313925915898,23.78658837322243,0.2096172783567487,50.931284729683384,0.011919114637524222,0.09561802830946876,0.022598315215931742,1.3846289206482973,60.720934186952455,1,1
2026-05-12,E-commerce,1.0418487690464304,25.65232389991707,0.38437401059831755,50.7650679886949,0.018265461428957252,1.3812122655097592,0.003476762243274765,2.1020985104712673,73.46002005581195,1,1
2026-05-13,E-commerce,-0.5761104625218283,21.58309624808232,0.0054572071855905,45.0933729942252,-0.00298964488931012,-1.4248151205590063,-0.6454200350496605,0.45955733664939274,56.250223036646254,1,1
2026-05-14,E-commerce,-0.8103369279580165,20.22544452441885,-0.010365277491032956,49.54202026256072,-0.017251934319480074,-1.4934771940559524,-0.12486667907812113,-0.9168782906827863,39.68557750950545,1,1
2026-05-15,E-commerce,-0.28376040779118983,18.94201461263507,0.19207466846204388,44.11521879588408,-0.0124152897483468,-0.006468530584082173,-0.7531480638635889,-0.7748244594538902,40.15355513282294,1,1
2026-05-16,E-commerce,0.884813453988739,24.592764676975076,0.39788100579765096,57.30407247905571,0.004381783936590519,1.474282173520474,0.7958869003137867,0.5670712995489665,56.15514808989775,1,1
2026-05-17,E-commerce,-0.009931330762900037,22.340359374097233,0.2101185078077448,48.58125237086859,0.002668261925782149,0.09715869077043167,-0.2381369992470282,0.48223982988265524,56.242048902847,1,1
2026-05-18,E-commerce,-0.08295313442661685,22.680067983557628,0.16932177929921097,51.826220192075674,-0.0011845866412172569,-0.20276945050332063,0.14948735944919825,0.16368304153924063,53.27966923426726,1,1
2026-05-19,E-commerce,0.3160514567383348,23.228735014432893,0.23071592893285545,52.877392644059604,0.0003479320594999037,0.2530681471803289,0.27403216362229,0.2858440860284177,55.336719542942845,1,1
2026-05-20,E-commerce,0.6899035965855443,24.478872389593505,0.3283830175693116,52.453349698730904,0.007489618688478731,0.9714503062431963,0.22027374030037944,0.9699946420295231,64.67141517192381,1,1
2026-05-21,E-commerce,1.262573171425333,27.857017226630163,0.4153996803680807,57.18335775921355,0.017075888441472835,1.5774067422379723,0.7910709247574117,1.9607915735130075,79.8036311825094,1,1
2026-05-22,E-commerce,-1.7390868537097537,17.896503893889022,-0.2963517566193826,41.99736571443754,-0.023322586028144146,-3.312367250396069,-1.063990745877826,-1.4990243200952444,39.348765502766085,1,1
2026-05-23,E-commerce,,,,39.66136573681354,-0.01865806882251532,,-1.3205792322971965,-1.4480159557003027,39.348765502766085,1,1
2026-03-24,ETF,,,-0.05449922819300834,,0.0,,,,35.308720825330255,14,14
2026-03-25,ETF,,30.744867710371494,0.12592253460639008,100.0,0.011514095403722294,,,,37.36586219256325,14,14
2026-03-26,ETF,,31.15889880895059,0.15606093982267308,100.0,0.020024439090081773,,,,39.77835548285003,14,14
2026-03-27,ETF,,20.563239163302097,0.009336644277705494,58.933480039200994,0.014873358987344626,,,,38.81852854879406,14,14
2026-03-28,ETF,,22.80818054988963,0.09900221331380725,67.1721031784003,0.016481540764137922,,,,39.257684616804795,14,14
2026-03-29,ETF,,25.421337457400277,0.24743049501922756,75.35612365778897,0.025954527669093973,,,,42.50382371103713,14,14
2026-03-30,ETF,,17.55030673566457,-0.10323780577066406,47.42409217473323,0.007950098902011132,,,,39.146164051615855,14,14
2026-03-31,ETF,,20.348808811613946,0.12782148399894613,57.74444811800429,0.010773556148822892,,,,40.86509126727791,14,14
2026-04-01,ETF,,21.54684069006144,0.20874757499825694,60.4626434008581,0.01689781343079621,,,,44.896439813946586,14,14
2026-04-02,ETF,,19.899967356880033,0.06613087993102211,54.30622285607135,0.010465412636165468,,,,44.89753447031965,14,14
2026-04-03,ETF,,20.725847697793256,0.13082671341665647,56.323630331365116,0.009706287360747405,,,,46.25892926862869,14,14
2026-04-04,ETF,,18.884570432501597,-0.021500846514744182,51.01993420043532,-0.001329192681439037,,,,43.35573839145875,14,14
2026-04-05,ETF,,19.040386128574035,0.01654950578488612,52.14555086062208,-0.006074691606225376,,,,42.36466607650963,14,14
2026-04-06,ETF,,19.356800107929374,0.06332154060927211,53.46023939509771,-0.006058542474363292,,,,42.19309656601566,14,14
2026-04-07,ETF,,18.998923075669072,0.042037618285949686,52.800152468165045,-0.007388094703449328,,,,41.49742831173107,14,14
2026-04-08,ETF,,16.86063722221297,-0.01909700770566323,45.48082478851967,-0.012017748997493614,,,,40.41136929933848,14,14
2026-04-09,ETF,,17.447396500532776,0.06383244857533005,47.21747795172301,-0.009251925152438265,,,,41.344706429992826,14,14
2026-04-10,ETF,,18.781993721609872,0.08259893345317805,52.395249971502736,-0.006069391869934496,,,,41.91478767366523,14,14
2026-04-11,ETF,,16.51373277170461,-0.04523411846948873,45.399136531513655,-0.012134313422174317,,,,39.160104772291355,14,14
2026-04-12,ETF,,15.90633908365356,0.019757780601554753,42.32937381926401,-0.011344132849301677,-0.4577738472321694,,-1.4246399131487948,39.8478873697199,14,14
2026-04-13,ETF,-0.21570820469378418,19.819188061214707,0.06484114778008931,57.131231972162205,-0.007543390063120988,0.04415519850740807,-0.10762871216178015,-1.2089563029304067,40.99505806135098,14,14
2026-04-14,ETF,-0.2708210552799186,17.410787248847107,0.07641437302077096,47.31971133815477,-0.004176272484049594,0.17262420510770318,-0.6947563154347505,-0.9966061715973913,41.54289459916943,14,14
2026-04-15,ETF,-0.6376023455952543,16.012064667951414,0.050926791843255416,41.26658922223854,-0.0036130681665147713,-0.12338919467239143,-1.0259310487128415,-0.9762752749716685,42.394305058559496,14,14
2026-04-16,ETF,-0.505643497956843,18.05317477713447,0.05129468087008851,49.02559753069452,-0.003178555842911747,-0.11654709355925705,-0.5218546939731298,-0.9607187349282841,43.019427871063044,14,14
2026-04-17,ETF,0.5323224449922503,20.134780822471434,0.20817046832575192,54.5310965249873,0.007147729996534114,1.6617407226035334,-0.16522013554078255,-0.10442423894988791,46.75706791862077,14,14
2026-04-18,ETF,0.46990753658341355,21.848515888870136,0.14384730225261155,60.80039286296886,0.00899997529751042,0.8750332790150471,0.24063315566028323,0.18731616020517294,47.83920861989228,14,14
2026-04-19,ETF,0.7082329790420345,21.994466697474074,0.18544479887561505,60.981203070885606,0.01218285487812875,1.2954442601887557,0.2476977930140716,0.6282095736074996,48.22904956541629,14,14
2026-04-20,ETF,-0.06962486273765038,19.947518906790734,0.08557557873875227,51.35345902324323,0.006977055877306498,0.13265130641126724,-0.39991198908401315,0.3636155844524892,50.38881418340081,14,14
2026-04-21,ETF,0.5009305560662821,21.568463888343267,0.15492046349337957,56.48619176705815,0.007569238980660135,0.9225969791289251,-0.04350502961693545,0.5391170817879464,51.60159110383698,14,14
2026-04-22,ETF,0.10750536331356084,21.938192277199988,0.10842940648510603,57.453025227468935,0.004354810708354168,0.36421093982801944,0.02434332662675882,0.3694752890719482,52.25749932314683,14,14
2026-04-23,ETF,0.9068374006206381,23.035509972291827,0.23400543780685035,59.47319985351277,0.009893971916364548,1.7473219936253153,0.16676037176350447,0.9605977766938292,55.00925242119705,14,14
2026-04-24,ETF,0.1659253907532706,21.50235272864713,0.13083311870360928,52.45444863528424,0.006008605752265077,0.5407244986583318,-0.3404399503172803,0.7562254008307779,55.95722343058478,14,14
2026-04-25,ETF,0.17103552597401958,23.304280731104317,0.11651308178036783,59.30572123264238,0.0020764559750187025,0.3665574309013875,0.1655487860818421,0.480089615045968,56.49195058654276,14,14
2026-04-26,ETF,0.14354591130433197,22.804364032375474,0.13259992621229094,56.87920163289488,0.00025687639317031885,0.5471414062628498,-0.0172274438609151,0.33554354575624556,57.043884196380986,14,14
2026-04-27,ETF,-0.31268490255205905,21.01375642283429,0.07423258066533014,50.563405146004584,-0.004895277688244961,-0.15172547930579394,-0.4921837831133112,-0.17393486252658177,55.787112018465315,14,14
2026-04-28,ETF,0.20724504056553505,22.05420006547219,0.14374189986429736,53.77655145206773,-0.0036941931438690193,0.6812921121704699,-0.23946327591156738,-0.14921811093421972,56.2030496371648,14,14
2026-04-29,ETF,0.294028493144752,22.869760082024715,0.15345303824047618,55.85454422956578,-0.0023817449352703315,0.7830226766115509,-0.07503396815413214,-0.08876607599063355,57.068774209157596,14,14
2026-04-30,ETF,0.28233222410672265,22.919749560694477,0.1514995450483535,55.711643675030636,-0.0018072779007199356,0.7433594911544963,-0.0852811786567174,-0.07747037332553564,57.5678835889291,14,14
2026-05-01,ETF,0.5140826219786294,21.785290475677716,0.21756093169433982,50.597066222180146,0.002619192207812971,1.4967318240190142,-0.4909348848611182,0.3491546766886245,58.03661151148698,14,14
2026-05-02,ETF,-1.014507908446876,19.202200904471887,-0.015259066303389256,41.66878176472318,-0.009851901055467016,-1.297423207301562,-1.1823720197254208,-0.9127781378893507,56.6427623369356,14,14
2026-05-03,ETF,-0.46301253868070713,20.51479462073586,0.11498395049089842,46.62390576703188,-0.009068016465667031,0.2726729359264793,-0.7642621396645781,-1.0144022903593786,56.749390782960006,14,14
2026-05-04,ETF,-0.6499693630156127,21.06263710845721,0.0724236658671709,49.33321415102916,-0.011024496227336391,-0.24454047710168517,-0.5345037864292299,-1.3700400515837974,56.23576605843927,14,14
2026-05-05,ETF,-0.16643791260664206,21.191316057304576,0.13870311790377066,49.175236883234675,-0.007624996591670517,0.5663687071629254,-0.5391587187476358,-1.2068326804695424,56.92918399019567,14,14
2026-05-06,ETF,0.38202893665336557,23.116693496730072,0.2149098188588041,55.256384785776504,-0.0003957674769056521,1.4610227929643966,-0.03320354351856888,-0.59476017632346,59.37668519037153,14,14
2026-05-07,ETF,-0.39118037911957904,20.523550065347933,0.12793838927534362,44.55654817687048,-0.0015578512977266479,0.38708197850454107,-0.913892699610091,-0.7147065724155731,59.84174567044879,14,14
2026-05-08,ETF,-0.6991469593732922,20.83120712167797,0.06664800570208003,46.55799910591117,-0.006276074126693478,-0.3690680716300791,-0.7324452800088862,-1.2187459749839316,59.10205093985063,14,14
2026-05-09,ETF,-0.8564034980752308,20.777675781032684,0.05307091959782834,46.59512759149952,-0.009916623334953398,-0.5319020482257557,-0.7172782356403238,-1.6676054167728935,58.60421974349809,14,14
2026-05-10,ETF,0.26833317961123404,22.943863802465366,0.21452588219199692,53.8034122461234,-0.0014981255588826133,1.4571734555813185,-0.10214108172620917,-0.9763519330809769,60.47059407038741,14,14
2026-05-11,ETF,-0.5672769316756032,21.410175174358287,0.08467203601542174,50.45448513462704,-0.004549795413992723,-0.16038168744671982,-0.38591392120586504,-1.2890601330770408,56.76952287708557,14,14
2026-05-12,ETF,-0.8791304816843971,20.2931481295185,0.05388471711566836,45.95154210051766,-0.008298206312389932,-0.5411888288375575,-0.7646492425218739,-1.7001169046200477,56.048705409368964,14,14
2026-05-13,ETF,-0.09346186521213803,21.706667215120873,0.16012209333280433,50.27642680679847,-0.0035233138869250804,0.79399551825259,-0.3827792659486935,-1.34542044238446,57.9640858465669,14,14
2026-05-14,ETF,1.049786974643713,24.834426201171688,0.34907760860662224,57.09029784524522,0.011630420922016433,2.8928718353371954,0.2149785202557144,0.10549863989872486,65.64851661555775,14,14
2026-05-15,ETF,-0.34203613791864207,21.91793381040374,0.10797852304903588,46.50641263234666,0.005023441225314857,0.062403443552002606,-0.7153776181771697,-0.3255106180036525,65.84373757093667,14,14
2026-05-16,ETF,-0.44459686105719354,23.52466069434361,0.07535817451323751,53.31170246856622,-0.0015832074415131226,-0.3209191032543126,-0.10648200036163868,-0.8840015397510776,65.23094343546055,14,14
2026-05-17,ETF,-1.1627915236745376,21.036664842521276,-0.011468860797690739,45.227190179999326,-0.011299052848420523,-1.324134845198929,-0.8225697549708334,-1.834618282040997,61.90381294452029,14,14
2026-05-18,ETF,-0.8084653342250654,22.093493845227798,0.06955525803593256,49.89479019548347,-0.01171674051234696,-0.3592317420577864,-0.39618259448861864,-2.005261902825494,61.41429741014623,14,14
2026-05-19,ETF,-1.6389687637439463,19.816944695020798,-0.0687922371688999,42.771469628137666,-0.020257706254847407,-1.9277254818507856,-1.0262546948933335,-2.810907624939023,59.254041523992406,14,14
2026-05-20,ETF,-0.31297289762161384,21.44152793381918,0.1656728760633809,48.455080032736035,-0.009604252662957703,0.7930941032074718,-0.5028691797762989,-2.104036290729583,59.31923197333172,14,14
2026-05-21,ETF,0.04481701832039225,22.91700999751702,0.19665547089771396,52.2346694581493,-0.0004424694485853749,1.1326595343077588,-0.15483691785658132,-1.4287069163720505,61.97858256856559,14,14
2026-05-22,ETF,0.13561011033966056,23.533129331317102,0.18227543969611038,53.87852236467004,0.004410159515518044,0.9496011045956555,-0.0027291227030950176,-0.9967338289902424,63.133038878236846,14,14
2026-05-23,ETF,,,,54.373780375231014,0.0035281276124144354,,0.04313253005881346,-1.009552972777337,63.133038878236846,14,14
2026-03-24,EV,,,0.19781325434950325,,0.0,,,,50.583634198594,4,4
2026-03-25,EV,,6.906077430644229,0.11404181534646333,0.0,-0.00534609753181794,,,,48.93028904726209,4,4
2026-03-26,EV,,14.64055366495377,0.15377305108210226,32.170344342506624,-0.005868937144099191,,,,46.3282803107616,4,4
2026-03-27,EV,,15.768511882831573,0.16516544714441295,37.8988138664994,-0.005136386066361217,,,,43.52079715921115,4,4
2026-03-28,EV,,14.471336442088827,0.1477244995567864,33.5597794525067,-0.005483751732018207,,,,42.11903303985585,4,4
2026-03-29,EV,,20.641883386809518,0.22555840802475607,56.027102248796446,-0.0003970614953043858,,,,45.65931825616586,4,4
2026-03-30,EV,,16.803088102387047,0.14687193649188254,41.753235788014145,-0.0021589230097489587,,,,43.45925611133411,4,4
2026-03-31,EV,,20.10860915337679,0.2265255644088964,53.695182635614096,0.0019888514663939823,,,,44.77062941191916,4,4
2026-04-01,EV,,19.66015724221203,0.21097426423364188,51.62859063978419,0.0035429490112784652,,,,44.34775090341522,4,4
2026-04-02,EV,,19.644404608825717,0.21419413875928672,52.01100423604955,0.0045797691612580824,,,,42.5263819816619,4,4
2026-04-03,EV,,21.496559898046137,0.2607025990230078,56.92934965699168,0.007990156227377917,,,,45.74790444135792,4,4
2026-04-04,EV,,18.424581002193413,0.14904613621374183,45.68773079706965,0.0025975438567952453,,,,43.98698698387367,4,4
2026-04-05,EV,,16.89291523980678,0.08673720729574871,41.152914936867425,-0.00488660436671265,,,,41.57849232035939,4,4
2026-04-06,EV,,17.12096774857446,0.11446720520964931,43.642414192065914,-0.00753214380333509,,,,38.265287648918004,4,4
2026-04-07,EV,,15.890471858139568,0.06521867396316985,40.592574006465604,-0.011901676058764358,,,,35.59645991909467,4,4
2026-04-08,EV,,21.19437033287151,0.27249622164275733,59.56573369096164,-0.0007246941200246748,,,,38.28890436844377,4,4
2026-04-09,EV,,20.589343110394623,0.2566152650629142,56.39256388060154,0.005370823188883473,,,,39.37231209155769,4,4
2026-04-10,EV,,19.23487595371036,0.18280317979792607,51.01739429336649,0.004252569334984778,,,,39.776714978269545,4,4
2026-04-11,EV,,15.709880908267348,-0.04104285910088963,41.20551330616082,-0.010913024694901071,,,,34.96002424988761,4,4
2026-04-12,EV,,17.855308360380782,0.16778580588492814,47.60122185598858,-0.006451052120215859,0.02546068814094783,,-1.3623480560776338,38.58496392267509,4,4
2026-04-13,EV,0.15327575007077293,18.960796941760567,0.1904574946443802,51.89800468620651,-0.0017862050957956187,0.318984829935734,0.5448803394817184,-0.716246453421696,38.94744422072223,4,4
2026-04-14,EV,0.1433159006268012,18.311569938258703,0.1818118304375707,47.92451231370864,0.0007667315335384457,0.19660288464898595,0.23727658395751247,-0.3010342908341783,41.09374484822946,4,4
2026-04-15,EV,1.269636010488768,21.02379272923321,0.3239382511169941,54.692125621173744,0.011482309175197583,1.9342629795978343,0.7367840275270483,1.6152099769364385,46.79113366631988,4,4
2026-04-16,EV,0.09063226213052566,19.080483656177904,0.14547464489696435,47.508366860521775,0.00626686671491102,-0.3671199250319258,0.16829997906458383,1.0362324698084533,46.565547730130994,4,4
2026-04-17,EV,0.6843490753329781,19.60631227785673,0.21924667765921785,48.526031208758134,0.007422377356255343,0.5900327375150959,0.24476493316325945,1.3833876411583745,48.08497837651386,4,4
2026-04-18,EV,0.8166025362963805,20.91135074479042,0.21974420807880307,52.729424085210255,0.00781737954232127,0.5814369662142641,0.5743255384970245,1.5934205084027218,49.04071870752618,4,4
2026-04-19,EV,1.0724587890043171,22.4014059200108,0.24727055946596357,56.36871769258642,0.009422101915438387,0.9213946389309645,0.8480479782955138,1.9345295118638073,52.161973974953085,4,4
2026-04-20,EV,0.16582936495634912,20.671707412950465,0.14511953604119676,51.14824399657117,0.0034037492804825315,-0.4566735639808718,0.40236226844081574,1.2110304342875609,50.68001683892015,4,4
2026-04-21,EV,0.007146158360432711,20.78831115975621,0.13628247595508747,52.74518228389306,-0.0011297857873261035,-0.5654719198916934,0.5260891910472382,0.5829881388703808,49.079517120275355,4,4
2026-04-22,EV,-0.3966929210522071,18.01400884538815,0.12386175023246526,43.24069142823682,-0.00472113672866167,-0.7201334367800477,-0.28828349848322615,-0.032419407540144704,47.17279683922696,4,4
2026-04-23,EV,-0.939795415027902,17.056848420608077,0.062100887256349026,41.50859034366324,-0.010671692228261316,-1.5024410351556254,-0.4315983285624338,-1.1212066979397581,44.655422930154245,4,4
2026-04-24,EV,0.24708434064715626,19.585927546780482,0.20937129198902593,51.0899129546219,-0.004424803372208236,0.5121197290538634,0.4128369321230075,-0.44109951960421895,45.21877925236494,4,4
2026-04-25,EV,0.7405093609132715,22.77930976414556,0.22541066872414162,63.1775726946823,0.0007749624606101335,0.7183816290275812,1.4290820087804446,0.2687400774603556,46.670740743734584,4,4
2026-04-26,EV,-1.3592142565619845,16.46366687389228,-0.016619351267621582,41.170134919562486,-0.01142532074670274,-2.389748303191013,-0.5092742189599933,-1.6538621981011337,42.59553580916897,4,4
2026-04-27,EV,0.176014203166714,19.645774264476227,0.21402748330990795,50.941152218587725,-0.0037008853752828336,0.5757022021202727,0.35986521450785347,-0.7493707299963642,47.0214262933009,4,4
2026-04-28,EV,-1.022600838738485,17.589149958222585,0.046384276159903814,45.2016386783595,-0.009302454989359898,-1.5317031906342062,-0.15878798343248018,-1.690400669415846,43.727100070673956,4,4
2026-04-29,EV,-0.24859547669754165,17.350107698122017,0.16759399765875713,44.37719316520428,-0.004507741555529361,0.014699686107106168,-0.23134693224570227,-1.1821417090909712,42.80918770220707,4,4
2026-04-30,EV,0.2550951835813048,19.726253813179024,0.20268893112794378,52.29426106078177,0.0010664433447885764,0.4614404160119577,0.49935590625690507,-0.43503998944064104,45.287856174164844,4,4
2026-05-01,EV,0.8679949355003921,20.2976128082021,0.27764763239882906,52.33961920429547,0.009378559768022814,1.3863644554533145,0.4954497525799236,0.9086299403315713,48.192527221960134,4,4
2026-05-02,EV,1.58693567440156,22.037042704957145,0.35741188073707475,55.18579548057801,0.01925632690165164,2.2254718710183488,0.7513510045815324,2.5199487082590726,53.82668472799104,4,4
2026-05-03,EV,1.5528688067368592,22.438046410747504,0.3309485331628661,53.154587013340986,0.022774518625217094,1.8002420978266078,0.5476239076372297,3.0998760733663304,59.21952421686145,4,4
2026-05-04,EV,1.726058474721301,24.670195311867012,0.3429341750114493,58.00140055465023,0.024524039209873182,1.8366388577018027,0.9916136035894886,3.3055014538987026,64.28748292341156,4,4
2026-05-05,EV,0.5410900840212092,22.895249012454947,0.17160460054057056,51.26275132589763,0.013318634135721371,-0.1248889924992519,0.3353382208879029,2.382039204812125,63.80195471425759,4,4
2026-05-06,EV,0.3018607183290588,22.5853045890182,0.15598424244389952,51.1457446613372,0.004487381049889589,-0.30224847046977366,0.3197986095314976,1.65342619147781,61.74191129780562,4,4
2026-05-07,EV,0.0171709204122234,22.474830810784617,0.12155715490512392,52.1628586118401,-0.0036032798710799695,-0.6940606090875464,0.41480351517694514,0.8903494897324999,59.24895692748851,4,4
2026-05-08,EV,-0.4356778417956719,20.29311944551643,0.09402672624052959,45.40365949397645,-0.010357284894915405,-0.9962665546198756,-0.2568753672572052,0.11342119611739412,56.01543964281277,4,4
2026-05-09,EV,-0.24429988678754916,20.62429268951096,0.15136786244873582,47.143509965921126,-0.01047953245187127,-0.31676525930031774,-0.08045278680377349,-0.11553159691807237,56.36545875971221,4,4
2026-05-10,EV,-0.18989244421804805,22.69973279371294,0.12469210622135005,56.538014127307775,-0.011776591310349267,-0.6251019939590726,0.8616946658502561,-0.46944556729713505,54.927459283059875,4,4
2026-05-11,EV,0.1289879246131556,20.856599264152514,0.19630802328292862,49.038720412916255,-0.007442418968308143,0.2303852055960877,0.09350975435756369,-0.25500972966023217,55.15092523046523,4,4
2026-05-12,EV,0.029482274872223435,23.0597057795152,0.16623567482373935,57.64271453762362,-0.006278449245839408,-0.13214901059751447,0.9636331996009593,-0.28696303035945175,55.571425135994716,4,4
2026-05-13,EV,0.5121746049587833,22.597430720793767,0.23504358678255932,54.60918077420747,-0.0008379012511178774,0.6985476203371495,0.6406393806815068,0.16770946567627026,57.28966553334857,4,4
2026-05-14,EV,0.5318945008356812,22.26202979701341,0.2343239927354669,52.268357583053735,0.002562747379675457,0.6800091591495966,0.3925507261644393,0.5173997520084848,58.946015883624284,4,4
2026-05-15,EV,-1.010884003632737,17.564848651095495,0.05042685134945067,35.908797368949195,-0.007189245166643613,-1.5393439282268138,-1.290197940628501,-0.5015056384950786,55.906534256452304,4,4
2026-05-16,EV,0.7804446994902846,21.42396503345548,0.3241327768386421,48.33636450429983,0.004545701597651341,1.7257779451721922,0.005187364604436268,0.6405093502845887,60.71303052578865,4,4
2026-05-17,EV,1.049401084854412,22.432702198968435,0.3304467388423302,49.97439936658868,0.012058389343480944,1.7336711964206266,0.17592671432449403,1.5370612753557227,64.04204650959369,4,4
2026-05-18,EV,-1.2703510352809915,17.525107129443313,-0.043799952143745255,35.59438937134554,-0.007783155893684121,-2.470169076866419,-1.3174567482969626,-0.39102956690306656,57.21912433778184,4,4
2026-05-19,EV,0.701813448631377,22.348321832325738,0.2844060488303861,53.76210424346926,0.0011169512928789795,1.1561268988447095,0.5913000435846005,0.42492973432334263,58.53185647824146,4,4
2026-05-20,EV,0.0744055403923724,21.357640480979807,0.1847990577907374,50.91003720111998,0.0002606396157510708,0.05133876898869585,0.28602439137197544,0.3503077081203552,57.0902256973082,4,4
2026-05-21,EV,1.022272532742374,22.999436924922648,0.31158322995323096,55.67064624840482,0.007781243975325493,1.4307737126989681,0.7841464447794791,1.1842288648098929,59.410709865378884,4,4
2026-05-22,EV,-1.1788691027524194,19.02316108451641,-0.07134759733485135,45.92859474268616,-0.012388460995626594,-2.6184921495492395,-0.2590646142588215,-0.9049144892038254,51.01716384324055,4,4
2026-05-23,EV,,,,44.357586359341376,-0.009910768796501275,,-0.4248512907170888,-0.8819498872355264,51.01716384324055,4,4
2026-03-24,Ecommerce,,,0.37362817983544544,,0.0,,,,72.9023686875104,1,1
2026-03-25,Ecommerce,,35.756976647201185,0.38983687762362096,100.0,0.001034401226367887,,,,73.4994444417576,1,1
2026-03-26,Ecommerce,,13.056256446355382,0.27932603306168297,12.791000888712574,-0.00542638268227238,,,,68.04473836839054,1,1
2026-03-27,Ecommerce,,11.857467377722111,0.267033925414216,11.659956405421866,-0.009965860302459245,,,,62.363634929772466,1,1
2026-03-28,Ecommerce,,9.575278480959385,0.20436450966064348,8.036796973383147,-0.01625538134618909,,,,54.74837162529347,1,1
2026-03-29,Ecommerce,,21.835322825260157,0.4097558204914165,54.437495975448506,-0.006168029983675494,,,,58.85259578284035,1,1
2026-03-30,Ecommerce,,14.809585923095376,0.157629914152682,33.616593726112555,-0.015528389664770836,,,,48.35487599864533,1,1
2026-03-31,Ecommerce,,12.577274568129685,0.12540839225993092,32.04999438492365,-0.02251833592176347,,,,37.76601290539285,1,1
2026-04-01,Ecommerce,,13.84762610252276,0.2203722405593562,40.255650745699135,-0.019488131393931574,,,,33.438788545047885,1,1
2026-04-02,Ecommerce,,12.67604590343112,0.20199782714376804,39.336524861934066,-0.017524904495592117,,,,28.44301137208722,1,1
2026-04-03,Ecommerce,,14.199266874384953,0.29181091852524677,45.42701211710434,-0.009389137490036233,,,,28.85846276248902,1,1
2026-04-04,Ecommerce,,14.386319617532678,0.30066220312265846,45.961691160212894,-0.00295642590124863,,,,29.405962210907898,1,1
2026-04-05,Ecommerce,,12.210739701819136,0.19266087815514416,41.05383383801069,-0.005378892085840109,,,,23.994119159240448,1,1
2026-04-06,Ecommerce,,15.277331623595057,0.3743814992885751,50.03156866261628,0.005277014874818933,,,,28.345379975035478,1,1
2026-04-07,Ecommerce,,15.700101664635069,0.3595823746177033,49.418606703735136,0.011018134046198003,,,,31.133220577648842,1,1
2026-04-08,Ecommerce,,15.224576004234859,0.3145186876133689,46.95511476371071,0.011421274271988847,,,,31.36481095787814,1,1
2026-04-09,Ecommerce,,14.598505395701189,0.2148505983025969,47.3704012194558,0.004946782648019659,,,,26.666963327038918,1,1
2026-04-10,Ecommerce,,13.273737456930398,0.16976185241784658,46.1361712550333,-0.0020272203561252713,,,,20.348287610245745,1,1
2026-04-11,Ecommerce,,17.295539552280044,0.41307000676665445,57.24978407935833,0.009460718215667647,,,,26.966725529537758,1,1
2026-04-12,Ecommerce,,15.399979078354773,0.3511313931732612,47.738147657943216,0.012416328868678599,0.7788741106866838,,1.090478542931746,29.237824432084874,1,1
2026-04-13,Ecommerce,-0.19328612948180923,15.215907846825367,0.181238084583225,50.97256558651583,0.002951387928620614,-1.0409315554572003,0.40916183529424427,0.4703023509103202,22.90518099450966,1,1
2026-04-14,Ecommerce,0.6939006206159621,17.59656227708474,0.33751221092160455,57.92758293816187,0.00700617062068655,0.6562586587166229,0.7388491365421271,0.8469204253228789,25.988062843711827,1,1
2026-04-15,Ecommerce,-0.7280711095685946,12.650132888179783,0.08268646434678716,45.40318152445158,-0.006929106209238645,-1.9389817737771728,0.08494616205023252,-0.2641854504391096,15.259534658923034,1,1
2026-04-16,Ecommerce,0.04016729896217603,13.940540731108475,0.23804204196254627,51.102538291648514,-0.005217086897657052,-0.32455394052958947,0.3794517815615579,-0.2294809561122134,14.244043382542833,1,1
2026-04-17,Ecommerce,-0.02255179811908785,12.965643380698397,0.23053809319706173,48.02637611419827,-0.004168816092124904,-0.3945748058142485,0.20763190463672274,-0.22435175684897635,12.925559992013529,1,1
2026-04-18,Ecommerce,0.5369417005451615,14.450068476167186,0.3405168640786529,51.205219025426395,0.003915452202910147,0.7626941129479374,0.375685931130704,0.45322268297411245,16.483240681643288,1,1
2026-04-19,Ecommerce,0.8098077897961372,16.278881519483097,0.36136649342130106,55.38559172982275,0.01028901901312287,0.9529572700592794,0.5963852264201379,1.0957188800678783,20.443861658299785,1,1
2026-04-20,Ecommerce,0.41639098978811717,14.218932946748076,0.27925672934750567,46.757089376484814,0.008662159658926315,0.06164798277782867,0.09987750534850989,1.0914934022463503,20.225963416850895,1,1
2026-04-21,Ecommerce,0.1179775343040704,14.138897013076035,0.25918503811137633,46.58960186643885,0.006045452896706181,-0.1573380797914168,0.08851156113491905,0.9726464092462803,19.034237148982534,1,1
2026-04-22,Ecommerce,0.6351916384193355,15.582367165471371,0.31974753274301343,50.175767929786566,0.008077607603945552,0.5127744289023706,0.29654404109873744,1.2272725752524696,21.335736481524684,1,1
2026-04-23,Ecommerce,0.6629831896180869,16.75825838732513,0.3076291992940822,53.31380809577484,0.008260318555002626,0.3679925869963279,0.47671796269794897,1.3327245751428822,22.638418367867747,1,1
2026-04-24,Ecommerce,0.6499767398400629,17.410517253578302,0.29811039394880373,54.70379308659841,0.007421324853120245,0.2537710926670457,0.5503002719213105,1.3446748412339273,23.5651357014672,1,1
2026-04-25,Ecommerce,0.853314033453462,16.433897197491554,0.36434057860614344,47.947769711125055,0.010803136782702526,0.9993509107905446,0.1287551529870203,1.6828468494280713,26.82134246264984,1,1
2026-04-26,Ecommerce,0.035913301717966334,15.18712549748212,0.23289089252601916,45.29575305477185,0.004013097673745063,-0.5324900527331722,-0.03802673559031984,1.2229827116182004,22.691693501907427,1,1
2026-04-27,Ecommerce,1.1198163214369956,19.683149794055947,0.3936823960182612,58.51384480860058,0.009844487793870534,1.319094803197298,0.7899819132694798,1.7030526038143072,28.566985504966784,1,1
2026-04-28,Ecommerce,-0.023393459546330153,15.917271623034665,0.22260648380426595,45.449069235826315,0.002079613384460719,-0.6715600739331631,-0.05156073454439534,1.1667569735041883,24.72512255632931,1,1
2026-04-29,Ecommerce,0.7205371898099752,20.03220492880992,0.30728858190267005,60.281170309315975,0.0025170501799669934,0.323605577989714,0.8957577798741568,1.1976376060418876,26.11684662159786,1,1
2026-04-30,Ecommerce,0.29370633621471565,18.245785587651802,0.2864377983366809,52.526418848454036,0.001332006743615278,0.0733013202586177,0.3811047333214102,1.1060998439272904,26.335840347766283,1,1
2026-05-01,Ecommerce,0.8231327849586989,19.800010572946924,0.3480153816075417,55.804975382498114,0.004449495956752659,0.8024051785841461,0.5882284368885657,1.3397245433643248,29.894838515320338,1,1
2026-05-02,Ecommerce,0.8570819072602366,19.278892613058403,0.36448230024545997,51.304801848906905,0.007211306813259109,0.9781055316611332,0.28286121106977385,1.5699139249538843,32.75326844214617,1,1
2026-05-03,Ecommerce,0.28267123798340754,18.028372394600996,0.296392886304739,46.6355669045378,0.004192783044607003,0.14689630619469174,-0.03336420961559187,1.388561725318592,31.627295112932398,1,1
2026-05-04,Ecommerce,0.42094156325594767,19.691642192018527,0.313983192103861,51.92694477282401,0.0031678168701005363,0.3590016393266332,0.3257581927060793,1.3272992979085438,32.88752639077096,1,1
2026-05-05,Ecommerce,1.2393135553060468,22.658913356287652,0.42593031803961623,58.396449315573065,0.009460516125472915,1.674175118026343,0.7606447755830058,1.784136172694874,39.92546731495189,1,1
2026-05-06,Ecommerce,1.1387132249940715,22.762496844698994,0.4077184961107312,54.62712598774567,0.011681910204794458,1.4021775159158272,0.49030032153578923,1.9798828106892958,45.219274277204775,1,1
2026-05-07,Ecommerce,0.6338363670616037,22.49683295707915,0.34801499896856736,52.02296036186632,0.008560512709381015,0.6728716138805307,0.30302372117389037,1.8252683181431146,46.73913309018146,1,1
2026-05-08,Ecommerce,0.5022327972756361,22.554015463392776,0.3294177899880987,51.55408089039521,0.0048577819151880836,0.4419750184237186,0.2664623742752945,1.6130941068449458,47.287498122440226,1,1
2026-05-09,Ecommerce,1.1195575259297081,23.832877356307637,0.4261649059373697,52.97867897072821,0.008334719422350322,1.562585954691367,0.36452777650389767,1.836374934640194,51.95495857832309,1,1
2026-05-10,Ecommerce,1.2365049870538827,26.41360004718304,0.42043515475443277,60.28134379031728,0.009570636350786105,1.4445534248882805,0.8784068224141743,1.932697585528966,55.72732532070118,1,1
2026-05-11,Ecommerce,-0.8723288836572786,18.017877835861277,0.08562907268635284,35.81805364084565,-0.011685559882347527,-2.350026612362791,-0.8871934849967994,0.6275809196845221,42.45845201513951,1,1
2026-05-12,Ecommerce,0.020708247067516145,21.937654766988814,0.27551931085268183,52.394484052634205,-0.012413564843968262,-0.2093993855428906,0.3196494321524886,0.4159953772380898,41.07351126181892,1,1
2026-05-13,Ecommerce,0.9918739261653603,24.118069874809507,0.447452471957491,55.878662387781525,-0.0013544196724727987,1.6787027868153774,0.5688806447256353,0.9798834996560021,48.98715681114934,1,1
2026-05-14,Ecommerce,0.0851683688951024,22.32669022259969,0.2878927623819742,50.05466296418812,-0.004639069399471079,-0.09995786551168016,0.13524123191754497,0.7271594491076272,47.32855393481934,1,1
2026-05-15,Ecommerce,-0.23389050675688663,20.652804484737935,0.24386604259834838,46.03482019546084,-0.009358326237107186,-0.5882959088599385,-0.16449315047142699,0.3377097494345717,43.56957633612377,1,1
2026-05-16,Ecommerce,1.2407423684964565,24.761000847479046,0.5188916065943748,54.91168204415124,0.005653125127895115,2.367087348645411,0.5014540417481221,1.21444072080442,54.279794661868664,1,1
2026-05-17,Ecommerce,0.3060993841006465,23.6498803656267,0.3287055821335381,50.953765261891455,0.0025428756892744223,0.3082816798479449,0.19779951267306373,1.0576498201185094,53.494583508162506,1,1
2026-05-18,Ecommerce,0.04368587924729514,22.78145373350398,0.2837548008429866,49.12193890294249,-0.00249988212730487,-0.18006398808023294,0.05634353698136283,0.7367438570434595,51.10800383638506,1,1
2026-05-19,Ecommerce,-0.2557933367354034,20.974064324316615,0.2492595561864203,44.62635358237621,-0.007816603399789356,-0.5530573228702101,-0.28999009062424763,0.3333938799758589,47.25658700493961,1,1
2026-05-20,Ecommerce,-0.9129724841587777,18.56257153994784,0.1249906103577833,41.92169131691694,-0.018737660605094283,-1.8524092795504012,-0.4963543048826475,-0.5264023073493508,37.74888782366715,1,1
2026-05-21,Ecommerce,0.4802883675328484,21.84530293122254,0.3961474480612359,51.227008826238226,-0.007321050497122828,1.061184883739312,0.23522303204332545,0.008674038607417346,43.93911491672127,1,1
2026-05-22,Ecommerce,,,,51.71737894734079,-0.005856840397698262,,0.2717430301023094,0.00860268149928219,44.60816818160731,1,1
2026-05-23,Ecommerce,,,,49.18697222786127,-0.00468547231815861,,0.0683541446273987,0.0146725967163557,44.60816818160731,1,1
2026-03-24,Ecosystem,,,0.2389042685537829,,0.0,,,,64.20801383255602,9,9
2026-03-25,Ecosystem,,8.984189326793523,0.22062584755059467,0.0,-0.0011664861266992067,,,,63.2357694966244,9,9
2026-03-26,Ecosystem,,8.090560020054147,0.1439029750647802,0.0,-0.006730083727620699,,,,57.57988054178344,9,9
2026-03-27,Ecosystem,,9.267393027625857,0.1494978955236531,5.561760467219926,-0.00948938417620272,,,,56.060946474287995,9,9
2026-03-28,Ecosystem,,17.834220446132186,0.20797684156495905,40.278989192615875,-0.006949795216932784,,,,55.06211814807517,9,9
2026-03-29,Ecosystem,,19.963879361986173,0.22829658541069997,47.04348258609285,-0.003641485631253237,,,,57.520993268668164,9,9
2026-03-30,Ecosystem,,16.875561879652388,0.17271659377644596,35.91601144343964,-0.004860228025098728,,,,55.62278302195932,9,9
2026-03-31,Ecosystem,,16.896360025747384,0.1795656705165077,37.73103479047716,-0.0048573956652234115,,,,52.87882332726049,9,9
2026-04-01,Ecosystem,,20.416521806524266,0.24884281496592586,51.597317701538124,-9.396796740325855e-05,,,,53.28551933288553,9,9
2026-04-02,Ecosystem,,12.964089099862633,-0.013662595177199335,27.98431050469371,-0.013769771448475056,,,,44.58101320442862,9,9
2026-04-03,Ecosystem,,15.789416064906561,0.12548264397838002,42.04339925955455,-0.012622229384973531,,,,40.43302682882322,9,9
2026-04-04,Ecosystem,,16.10497906562544,0.16099101461337156,44.79370541538965,-0.008828951781630005,,,,38.626530060400626,9,9
2026-04-05,Ecosystem,,17.165536065151674,0.23151206326659926,49.54858480993512,-0.0013216779962423146,,,,38.367689216371005,9,9
2026-04-06,Ecosystem,,15.149747554646998,0.11943576607854,43.58287897289584,-0.0035300107124194603,,,,36.46048080366854,9,9
2026-04-07,Ecosystem,,15.574479486973946,0.15750884076889524,45.79972851581398,-0.0021219051656911556,,,,36.44728353150147,9,9
2026-04-08,Ecosystem,,15.571916179626676,0.1665342954226757,47.181785182445495,-0.00036981639647654455,,,,34.67355755771663,9,9
2026-04-09,Ecosystem,,16.425761693966813,0.17189990519217893,51.57583527265415,0.0012733071399825234,,,,33.44460986309632,9,9
2026-04-10,Ecosystem,,16.14003820246538,0.16741051418578856,51.00948601681826,0.002130172877669277,,,,32.794706928778204,9,9
2026-04-11,Ecosystem,,16.652162594659636,0.2484815737347537,52.22600705877818,0.00790472211630899,,,,33.63507487197221,9,9
2026-04-12,Ecosystem,,14.997651142538922,0.15853246381136035,46.438557405276775,0.005526744546814254,-0.26262929521375117,,0.6307890801261159,32.43011960105576,9,9
2026-04-13,Ecosystem,0.09305394078331025,15.399448783126841,0.15581152911052648,49.08776817095862,0.003717680421299602,-0.30040857652044906,0.6278008708246807,0.5052570417411751,30.7898849395617,9,9
2026-04-14,Ecosystem,0.7656381135092313,16.286742824897146,0.217733275461403,51.94405384750398,0.006476905893523852,0.7337612380737083,0.7663642155424675,1.0139233720277658,31.992001910045595,9,9
2026-04-15,Ecosystem,0.07717520179150325,14.506509472014034,0.15421955566492546,45.151933007742954,0.0039350430363978735,-0.357408004226895,0.3517476586561907,0.7864659944213068,31.839319581362112,9,9
2026-04-16,Ecosystem,0.9410255572732862,19.742099479585818,0.21156371851804726,64.6113237354052,0.005907708330371611,0.636820497576324,1.4314063098414302,1.167131485209499,33.5431528414167,9,9
2026-04-17,Ecosystem,1.145589185018801,18.786377581949008,0.24561895760151045,59.024185486313804,0.00910687246402669,1.1845471303278656,1.050484436384613,1.7082253943972865,35.39014535276694,9,9
2026-04-18,Ecosystem,-0.2896135222744016,15.25876283598194,0.0921862029941641,45.609471738265164,0.0009212746832239355,-1.4395281849249937,0.2520767113322755,0.720085133124109,33.87791697021688,9,9
2026-04-19,Ecosystem,-0.06449346412891291,15.087529443326517,0.14839612065595137,44.597588058092,-0.0005941629349917807,-0.4573532873056124,0.18735482962882455,0.5041608499630442,33.69356409559129,9,9
2026-04-20,Ecosystem,-0.44816911956593364,15.659494999898424,0.09392035281777053,48.20730084796626,-0.004911779290834167,-1.3405249475764869,0.40073046155657355,-0.18255877825710348,30.96495814221847,9,9
2026-04-21,Ecosystem,-0.40019191497470874,15.202432862649314,0.11813659798302634,47.17879448056533,-0.005726275038758421,-0.8934937609713942,0.3298976338026875,-0.45757435473280383,29.235723433588042,9,9
2026-04-22,Ecosystem,-0.6291100097751413,14.860605008476407,0.09665152895898135,45.080415705701874,-0.007205885209205579,-1.2120115423601572,0.1930529718509663,-0.8537667275302433,30.152909001195404,9,9
2026-04-23,Ecosystem,0.9318909836310069,17.988667935455016,0.26604129882838157,55.38396990407607,0.0031727973655374282,1.5931814988920892,0.8351903516463928,0.576087031440677,31.98946873811018,9,9
2026-04-24,Ecosystem,0.29486742942385225,16.948619911394545,0.15756263553704725,49.4966656730215,0.002699814709151274,-0.21182926653438716,0.4437521811497924,0.5898318679785204,34.18424233652202,9,9
2026-04-25,Ecosystem,0.47368526851754456,16.370009083841367,0.18680554831364785,46.671328372412944,0.004232928868102793,0.27882778500646604,0.25333617617282694,0.9057750173392012,34.06427441467247,9,9
2026-04-26,Ecosystem,1.0266775770495087,18.8205290748853,0.2372570883335513,54.43799821397314,0.008286894611114369,1.1074633327524042,0.7546956048537147,1.6206084282831184,36.58413023191871,9,9
2026-04-27,Ecosystem,0.822079574743999,18.288777183646697,0.19953167661344937,52.37108754521254,0.008062231135199348,0.45401899872926044,0.6031475239838275,1.7396316187939016,35.730937639201855,9,9
2026-04-28,Ecosystem,0.2181795499762342,16.673307326214793,0.1561740646093325,46.59283504185836,0.004789773666472102,-0.2923383570573827,0.2069978498007253,1.4173563841939145,34.32657599844115,9,9
2026-04-29,Ecosystem,0.9073126683882574,18.613840761849627,0.21502452147624135,53.38288169448335,0.00629032891222832,0.7249696801222476,0.6620698161726768,1.6959879862441307,35.13030122967338,9,9
2026-04-30,Ecosystem,1.4198902738960923,19.390498381196295,0.2842946397818216,53.99338944042055,0.011354475992061155,1.8315215424815519,0.6904721864421876,2.38810195173318,38.33105748172301,9,9
2026-05-01,Ecosystem,1.0093233881826573,18.363794015111097,0.22593260600414214,48.9471956809059,0.010215677515681084,0.8183959352262372,0.33205471397643693,2.3225976681216913,39.3284575774958,9,9
2026-05-02,Ecosystem,1.4736657294789561,21.77317634199259,0.27125286005485516,60.82842948044418,0.011842168426600172,1.5258813451640787,1.139441517430351,2.5223289730815512,41.33337416067329,9,9
2026-05-03,Ecosystem,0.4453630043605361,18.886846192452893,0.1696387529751413,51.217705748978034,0.005712627452567831,-0.1796934189157377,0.453998790779602,1.9449658830057834,37.620982119166186,9,9
2026-05-04,Ecosystem,1.0180046072431983,20.5672630536748,0.2251539877873289,57.51383982303175,0.005057683902038192,0.7505709193566451,0.8833535052936075,1.8877360294812193,37.8094948553539,9,9
2026-05-05,Ecosystem,0.33356467549147417,19.33289139137738,0.1685137892290761,52.781108707251285,0.0006994199523085911,-0.21557546871012545,0.5365809691462329,1.4580416588564755,36.82021224043767,9,9
2026-05-06,Ecosystem,0.97243521818499,20.799543459727072,0.23449446942635968,57.25337226386318,0.0020722378174314587,0.9066387783121672,0.8420447128683357,1.5589732749692315,38.35540297199052,9,9
2026-05-07,Ecosystem,0.14690801624271702,17.542685223430453,0.17435627139401835,44.548706310816776,-0.001088113867440746,-0.13428338627848194,-0.076703177846851,1.2268482584125904,37.94578259734205,9,9
2026-05-08,Ecosystem,0.9554924801760266,20.543355657129982,0.2448345736090544,55.43447646640281,0.001414022386826497,1.0750848939607656,0.7084894211743064,1.4222363700364924,39.26323953922989,9,9
2026-05-09,Ecosystem,1.2278910607133116,21.05168410070544,0.28291969423592483,55.9198950811149,0.005263650248067514,1.6689892904460466,0.7317957045330235,1.7749151736156634,41.030710967558576,9,9
2026-05-10,Ecosystem,0.19206486997099206,18.957762466232268,0.1754196264294416,46.44136902279062,0.0004531523537011327,-0.1708654843601856,0.029814070599961856,1.3453628744386055,42.54239457212426,9,9
2026-05-11,Ecosystem,-0.03283303899984952,19.2051841688766,0.1520051724330701,47.21913332334383,-0.004168055733012068,-0.5684576146937875,0.0871159909427854,0.865966279498348,42.86680672087488,9,9
2026-05-12,Ecosystem,1.202218834518163,22.343468032964513,0.29419169890214464,57.238516885656374,0.002149398269994454,1.8249212810535116,0.8304103902512324,1.3858174891290038,46.17699777516283,9,9
2026-05-13,Ecosystem,0.18767853075572635,20.142248298941553,0.18307860237638623,48.41162814147031,-0.0011780667230595013,-0.0626595708223002,0.15895949910709578,1.0683949015720975,46.19092456185085,9,9
2026-05-14,Ecosystem,-0.16931335774788597,18.617669711195735,0.15367613831099464,43.23746302733876,-0.005159082151356938,-0.5602214853488623,-0.23521925272834532,0.6323399185418909,44.694263575710806,9,9
2026-05-15,Ecosystem,-0.6098042028454785,18.187095766142267,0.09892982336661707,43.39995010682675,-0.010946665687463743,-1.4607819452125215,-0.22042912479919827,-0.062439652344501016,41.76198941445979,9,9
2026-05-16,Ecosystem,0.11344623402374321,18.883678352710362,0.18898913312272245,45.914894972086365,-0.008297070080587351,0.07684402720981758,-0.023744377692138035,-0.014913650099362087,42.004903262905856,9,9
2026-05-17,Ecosystem,0.48473112582766364,20.775641683209916,0.2224965373246037,52.815275962625996,-0.00408821001804253,0.6462140427692562,0.5144892286614324,0.24770370030290095,42.87879246569072,9,9
2026-05-18,Ecosystem,0.2916380397201591,19.648126108670944,0.19926720190739694,48.57212824220135,-0.0027341569194775004,0.2412106873352036,0.1758082585412161,0.30102286998969785,42.27683773646565,9,9
2026-05-19,Ecosystem,-0.6946485974977656,18.711569350651786,0.08956453541173344,45.8861053431463,-0.00875271749530279,-1.622436286074111,-0.03913872673712585,-0.3892494239851433,40.773161503173114,9,9
2026-05-20,Ecosystem,0.9441512586203976,21.30531534296125,0.3015996721232045,53.034791062600426,0.0014757175757818223,1.9423178907675955,0.5330823076722971,0.508502312102167,44.95165341209581,9,9
2026-05-21,Ecosystem,0.07611431686746833,20.859081946893212,0.18444020030058156,50.433672728821904,0.0003394689767464566,-0.02299456077351992,0.3182975088982311,0.4141737840418057,46.19440095184158,9,9
2026-05-22,Ecosystem,-0.7115267067507828,18.478336505620902,0.09001496131997067,43.476151643373065,-0.006410307236888524,-1.5729462150543148,-0.2503989508826741,-0.3048314768461368,42.443393681623675,9,9
2026-05-23,Ecosystem,-1.7575600222858871,16.798097537547434,-0.04860520362854004,37.121262049782125,-0.019130505925658778,-3.4257520024267722,-0.7658726770807623,-1.7464638790825853,42.1980373927803,9,9
2026-03-24,Energy,,,0.0582172034241612,,0.0,,,,25.84832911783075,5,5
2026-03-25,Energy,,29.33080193302912,0.09004577487836334,100.0,0.002031225072860765,,,,28.918171014131822,5,5
2026-03-26,Energy,,30.057212492473006,0.14781977172063637,100.0,0.006880249357468622,,,,32.43781282152655,5,5
2026-03-27,Energy,,16.633969121343558,0.03640183738018323,44.57384551381318,0.0024281064676278602,,,,34.29673850976584,5,5
2026-03-28,Energy,,9.237549964551324,-0.21957907342771588,19.606628264245543,-0.01685164470497792,,,,28.39085765071483,5,5
2026-03-29,Energy,,15.627332124794972,-0.0024384688196286116,45.5012689745272,-0.014182458953225514,,,,27.801526612896936,5,5
2026-03-30,Energy,,15.23099108134952,-0.04190122528292434,42.98502250247968,-0.014239530225147873,,,,28.79971206307827,5,5
2026-03-31,Energy,,17.51406180453064,0.06341566081702488,50.31739650096398,-0.006730421486267587,,,,31.211305460951344,5,5
2026-04-01,Energy,,16.588244310552952,-0.009003687692294487,46.22922706190709,-0.006199988862707591,,,,31.795826396307206,5,5
2026-04-02,Energy,,18.841546075979526,0.11559864363502119,52.8240472635652,0.002516132973920294,,,,34.587445782749604,5,5
2026-04-03,Energy,,17.939628831819398,0.04340102156651533,49.3191974951795,0.0033409246756064114,,,,34.43862559220909,5,5
2026-04-04,Energy,,17.31284693358645,0.0013760161713906732,47.48527256764053,0.0010942778495006324,,,,33.497059612515635,5,5
2026-04-05,Energy,,18.309504127009532,0.0784191990486349,50.83672309852821,0.004636445326835284,,,,34.117587536984495,5,5
2026-04-06,Energy,,17.85602319526013,0.006108756832200473,47.963749563639965,0.002079276356346759,,,,35.103467423232765,5,5
2026-04-07,Energy,,18.576979164398832,0.04281681364755667,49.41498000825896,0.002785779316806728,,,,36.34868472532995,5,5
2026-04-08,Energy,,17.57859255603065,-0.027599665871091278,45.6582488271435,-0.0013419344378299732,,,,35.32657563818957,5,5
2026-04-09,Energy,,19.63265746431098,0.17623301613820602,50.94655646697283,0.009221739333289129,,,,38.15119970468724,5,5
2026-04-10,Energy,,19.849274067989533,0.07044555002258639,51.13840007948624,0.008659672217835332,,,,38.629766279474154,5,5
2026-04-11,Energy,,22.052910028494026,0.035494758597940754,60.00906837463638,0.005654564689794249,,,,38.43208096101527,5,5
2026-04-12,Energy,,19.601898064619153,0.013600051861611312,50.74323447427455,0.0020960603897110007,-0.24862862655671367,,0.6602953203244503,37.68605281951526,5,5
2026-04-13,Energy,1.3671014523177636,22.97121565908769,0.24275946998496237,61.21891222578212,0.01439415078426403,2.165157150054191,0.4404641901263467,2.02339438784343,41.730502295682285,5,5
2026-04-14,Energy,0.08188287483806708,19.644773639013692,0.01578783462345177,48.287162139719236,0.006844135910645793,-0.2985625809301368,-0.27533635567298514,1.3634785444998003,41.08092884146985,5,5
2026-04-15,Energy,-0.13012113416497528,19.835127418104314,-0.008509286929187936,50.01841759386438,0.0001681122486147128,-0.553024096084597,-0.17226874573285395,0.7180667226144201,39.43151473922508,5,5
2026-04-16,Energy,1.0838756785427246,21.106744850280784,0.2159680090301137,53.480040245059094,0.010265676519344714,1.7975754613872035,0.0299468813319326,1.7433996858140957,41.83518328563743,5,5
2026-04-17,Energy,0.24672419680138621,19.999808145851603,0.058558074747137666,50.49620931710455,0.005952721314244264,0.11368623881911684,-0.1459521917479324,1.397555402321153,40.82081471132309,5,5
2026-04-18,Energy,1.2936952389593528,22.17120680475804,0.2444519482380991,57.272700928257834,0.014728903454374453,1.9318017842378548,0.26382004821629634,2.1878154033341994,43.13032055051765,5,5
2026-04-19,Energy,1.0115350051190226,21.344027764730725,0.17777874477253253,52.99134623000328,0.015097230375081901,1.191714074581647,-0.0037860895036544487,2.2182121666759778,44.743735971977124,5,5
2026-04-20,Energy,1.4511916640195583,23.088350147549875,0.2868990473052725,58.27024781166929,0.021360689450911786,2.064804047948379,0.32638542470009496,2.59597492126466,47.85687170792649,5,5
2026-04-21,Energy,1.0815643462831754,22.23579210162737,0.20314301445470742,54.59481939282255,0.018633159817296976,1.2174863215309375,0.08618346869749209,2.3783180264698003,49.30574055911198,5,5
2026-04-22,Energy,1.125639781097601,23.071700426914166,0.2216638389454649,57.3626997081384,0.016897835613233332,1.324620513949871,0.264458741927206,2.2475601118436552,51.07202390612582,5,5
2026-04-23,Energy,0.5890130132142624,21.20825406818623,0.17466921536852925,49.94909195232731,0.011655818687372303,0.8661575087995217,-0.23038624931946594,1.9479805165186965,52.52954954694685,5,5
2026-04-24,Energy,1.3712424574870212,23.791566129250455,0.33172987012667005,58.2310844136263,0.017486435073181462,2.10797098705218,0.3303350086921493,2.2209887467316767,56.51440673649688,5,5
2026-04-25,Energy,-0.4704273404623529,20.050571127413264,-0.10383841982161184,46.4952881472801,-0.007908536923954865,-1.580206135965366,-0.47559332057741116,0.9010801643776886,52.943016882678194,5,5
2026-04-26,Energy,0.8262741344015102,22.82319260445312,0.24916650215835237,55.07925361526956,-0.001200931094221723,1.3450631837576592,0.1262513260403302,1.1622064418340488,55.62068157265503,5,5
2026-04-27,Energy,0.23918367457954423,20.708132763333985,0.1600890858947181,48.1028687206275,-0.002933600071146819,0.5904865510056032,-0.366058341313617,1.0151956060229548,55.55085361079449,5,5
2026-04-28,Energy,0.3495810117036049,21.89916930409973,0.17204934140748987,53.97851953019258,-0.0034109659724051583,0.6772161609704909,0.05850814000118443,0.9276885566063897,56.49875229499734,5,5
2026-04-29,Energy,0.7319921162798483,22.355820641647924,0.22431977658118588,55.844724840084886,-0.0004962321402946987,1.0872000862789735,0.19288329859812942,1.029328792667681,58.70914365030906,5,5
2026-04-30,Energy,-0.10561738148073704,19.817737144891357,0.08492422464962386,46.56360859068427,-0.007838735591988305,-0.09104115120629856,-0.49043120634915804,0.5809319368136444,58.26390319445206,5,5
2026-05-01,Energy,0.6421362812103467,22.033328894773973,0.22732777197221918,54.46079460738871,-0.0032237442492631524,1.0978150203275485,0.10298032931772441,0.7466631490184406,59.92084108962082,5,5
2026-05-02,Energy,0.7644255460971168,21.65414629835303,0.2790264286092805,50.98362411342858,0.002862821048189721,1.476680649764403,-0.16037691335993032,1.0433414098073137,62.668024222182524,5,5
2026-05-03,Energy,0.3947465139080363,21.910503190977447,0.21637612924468377,51.10059266655782,0.0022486644006034714,0.9280730149376574,-0.14943222953375676,1.0147514634596875,64.07844524762349,5,5
2026-05-04,Energy,0.30735824565244096,21.18904887566489,0.21425894244790106,47.7940769896674,0.0013247768253976805,0.890649261086699,-0.40269973313451385,0.9635906797877818,64.97113312011071,5,5
2026-05-05,Energy,-0.3336563772101835,20.15759316825085,0.04573818706574606,45.45399492501033,-0.010367318813811446,-0.5240670295334737,-0.578638037508431,0.2786065342449304,63.03173352791674,5,5
2026-05-06,Energy,-0.3438879015367931,19.956105631977543,0.07834646497405888,45.89426348250287,-0.015336585431829027,-0.24348277261893883,-0.5354157688247737,-0.1444351449892821,61.69393602168924,5,5
2026-05-07,Energy,-0.35915001339216623,20.067810337901502,0.08818489404639009,47.46851646867955,-0.017249779272487185,-0.15699760710640914,-0.4033548597935544,-0.4423578097839077,60.616045108327796,5,5
2026-05-08,Energy,-0.5942239195612422,18.33511962658035,0.0700845332552537,41.66317427608848,-0.01889086568248017,-0.3108908389480588,-0.8582582950901111,-0.7430228552849419,59.50667246669766,5,5
2026-05-09,Energy,1.3035556664951604,25.82406011725655,0.4307870809965718,67.88824528077767,0.0039420008088464735,2.6089189886340316,1.2435156656641604,0.4304768672782285,64.14754522237305,5,5
2026-05-10,Energy,-0.441523877216779,19.34223398357174,0.05828025469125253,43.695340403785515,-0.005882963709632719,-0.437567575496129,-0.704245210582727,-0.13225092551067927,62.549469976601145,5,5
2026-05-11,Energy,0.3546622666866983,21.593852051710904,0.21557630146068396,51.75362798235495,-0.0018379930348787158,0.8471747867475865,-0.04761828057381087,0.04822341425708667,64.06063448138875,5,5
2026-05-12,Energy,-0.28015302413028187,20.484826225303493,0.10374321694764849,47.96942688190268,-0.006482662998881204,-0.0788834354986997,-0.3549817851724346,-0.268464054464764,63.5606061158696,5,5
2026-05-13,Energy,-0.19733880707388538,20.372382921009716,0.1465672289194621,47.67555297380352,-0.006445720203707199,0.2767704622422872,-0.37510565003571583,-0.3457443380482691,63.58549140102273,5,5
2026-05-14,Energy,0.42864051032328887,22.4397028227513,0.23179692886751774,54.53778675160169,-0.0007554467919565558,0.9781550392631719,0.19793138376939176,-0.05935595427754708,65.42714253529678,5,5
2026-05-15,Energy,0.3389104750941399,21.4024498879768,0.2207612192673023,49.77919566275687,0.002038219464303952,0.8701096179197646,-0.20269764581663216,0.1128867162405396,66.64544117689923,5,5
2026-05-16,Energy,1.0687920496568433,23.170593934543415,0.4035967182637248,53.84927961896142,0.015237661970337123,2.274755830028627,0.1436025130624865,0.9950551463310867,70.67652569321606,5,5
2026-05-17,Energy,-0.4280261530046826,20.63339162012776,0.03547145530626552,45.29769319325744,-0.0009284515478582833,-0.7036133612279741,-0.5865048670755387,0.12529557909244127,68.61313335527197,5,5
2026-05-18,Energy,1.1176651309927021,23.797488107425988,0.42419107426077635,54.5436390975532,0.013649316072040073,2.319676113369617,0.21378955756943802,1.0660635917026666,73.28801167257981,5,5
2026-05-19,Energy,1.6465730689537303,26.325305079979206,0.5175758931428105,60.55546354953415,0.027853875577104843,2.799090989964698,0.7299951800348478,2.0889206964626994,78.69573959595891,5,5
2026-05-20,Energy,1.1393447434524684,25.446680332165872,0.34300023256937134,55.566952544610935,0.023915792573847974,1.4822176267358083,0.2886526225376382,2.0892488531331828,81.37090092783643,5,5
2026-05-21,Energy,1.415250455522053,26.41611947575529,0.4369201193173737,57.084977835962306,0.025892943192728973,2.0606230287099403,0.41896930777851915,2.3659047252909393,84.93062107213716,5,5
2026-05-22,Energy,,,,57.50792645852371,0.020714354554183176,,0.4521056647711462,2.242449895963599,85.02971967455024,5,5
2026-05-23,Energy,,,,50.1472669448155,0.01657148364334654,,-0.20794058812994587,2.1164895797468217,85.02971967455024,5,5
2026-03-24,Enterprise,,,0.16588351604799081,,0.0,,,,57.55637651626133,3,3
2026-03-25,Enterprise,,33.4048795408455,0.1797501584836155,100.0,0.0008849367252364404,,,,56.84448920249825,3,3
2026-03-26,Enterprise,,29.92832983395879,0.17756665548164338,86.39574320082264,0.0012518450647900224,,,,55.15407711701884,3,3
2026-03-27,Enterprise,,14.972869221829914,0.14318401302133574,27.49529227631865,-0.0007828977586665671,,,,52.97542730233823,3,3
2026-03-28,Enterprise,,26.798085975963925,0.228769739134795,73.11678801370758,0.003441600974425772,,,,55.393817774531655,3,3
2026-03-29,Enterprise,,28.636858771380297,0.2690892019167617,79.26360156375414,0.00847118456890527,,,,57.01146052146989,3,3
2026-03-30,Enterprise,,22.227639868373053,0.1825741515816729,53.17489886192707,0.005628130812642834,,,,56.89670835140938,3,3
2026-03-31,Enterprise,,19.66501271289343,0.13146141609129722,44.51817617475578,0.00024616343764386275,,,,53.96396247055338,3,3
2026-04-01,Enterprise,,17.658692315191363,0.08752379312354623,39.052950310036096,-0.005987676321017175,,,,49.54010785645137,3,3
2026-04-02,Enterprise,,16.504907539906277,0.07151251083757211,37.38067621853859,-0.010632824058361051,,,,45.03235065404208,3,3
2026-04-03,Enterprise,,17.39622038238922,0.10002470185846442,41.81729390893241,-0.011173085686367611,,,,43.89679848081195,3,3
2026-04-04,Enterprise,,15.641833827539621,0.0449316124944255,36.78178907671318,-0.0144221907732455,,,,41.09572489832685,3,3
2026-04-05,Enterprise,,17.96884227339477,0.12982128399344323,46.67573815608775,-0.010232579140471156,,,,40.039668824870574,3,3
2026-04-06,Enterprise,,17.55187645151441,0.12012802925867483,45.85625352598647,-0.007612889616084263,,,,38.63452348821073,3,3
2026-04-07,Enterprise,,19.59152556476308,0.1995379139292672,52.66458574217439,-0.0004108197974552405,,,,40.632644715948175,3,3
2026-04-08,Enterprise,,15.74472918040011,0.04803649186413538,41.43768523094677,-0.0054494309901417515,,,,34.46867906715037,3,3
2026-04-09,Enterprise,,15.68546352521032,0.08743831667052189,44.41144874706539,-0.00570071198861136,,,,29.265239017719693,3,3
2026-04-10,Enterprise,,16.37732171288694,0.12689668566757703,48.99639557473783,-0.0029216130082734965,,,,26.526384140483383,3,3
2026-04-11,Enterprise,,15.20298410973606,0.14085562148772837,44.05836987698314,-9.470833225099298e-06,,,,26.793414234561844,3,3
2026-04-12,Enterprise,,14.042873580010095,0.1295323015141919,40.183368176172635,0.0012199680190409946,-0.15018653085210323,,-0.5174002063205646,25.448102582643912,3,3
2026-04-13,Enterprise,0.016986539082886998,15.630426688248335,0.14610435367036936,47.1546900261933,0.003107708738533735,0.1329288211345992,-0.23579978848174538,-0.25683450770987615,24.31392943246662,3,3
2026-04-14,Enterprise,0.9602359982801647,19.483504136407408,0.2576313211748389,58.99555998643317,0.011361819595810254,1.8733675678943567,0.39271185310430606,0.7957532322406333,29.340702738245522,3,3
2026-04-15,Enterprise,1.0801405721778503,20.910256451036314,0.24875219388475056,62.100030308661914,0.015463622223638927,1.586431411791108,0.5475118768120718,1.4661456344765047,32.95122949033223,3,3
2026-04-16,Enterprise,0.8717929692529195,20.874545180592786,0.20743977255875978,59.827973058603206,0.014642753446870164,0.8966787926827203,0.40957525525139354,1.6004461427070409,35.77532094412317,3,3
2026-04-17,Enterprise,0.37272565769324917,19.913218227402584,0.16948742053805552,54.9547378556786,0.010960538875691197,0.2873213281334197,0.12813637379597542,1.4183574951578202,37.05531503123306,3,3
2026-04-18,Enterprise,1.5393712855481383,24.0981146794541,0.3190320391634597,67.22982650413678,0.017618553320784984,2.3382171784335797,0.8173260076723551,2.129873459289786,43.406171658934106,3,3
2026-04-19,Enterprise,0.4506887056860711,20.42010215561603,0.18376213335444583,53.18873050331809,0.012192245053065903,0.36409260285958606,-0.008837804122995393,1.7756328022375576,42.272531030148954,3,3
2026-04-20,Enterprise,-0.07065027958949807,18.962756614550234,0.11369057603500461,49.64480381224924,0.003609191159794632,-0.654871168713577,-0.21751255694746818,1.1238291434870973,38.91764682043407,3,3
2026-04-21,Enterprise,0.6047466877931523,19.791821266398475,0.21276397525168114,50.714268756548236,0.0042836980286199405,0.8020345805612497,-0.1493639301225204,1.2052110120712383,42.19549148985075,3,3
2026-04-22,Enterprise,1.0480428078805006,23.61015594111333,0.25897254216364574,62.85327961164014,0.007341832359628774,1.4186634845649304,0.5932399983873566,1.4945776146883631,46.84403743964681,3,3
2026-04-23,Enterprise,-0.4226336322416806,19.28710955959732,0.0673517432003119,48.96756046754806,-0.003460782288007872,-1.3405543321601097,-0.27748953950011257,0.6002873332133772,40.87080452625812,3,3
2026-04-24,Enterprise,0.9457069103108058,22.22030604749466,0.2821613834091468,56.76167135673147,0.0035605739974081604,1.668687502425619,0.2183847184978798,1.1588533199206936,45.75709368310422,3,3
2026-04-25,Enterprise,0.0069174139895470665,20.597135217398225,0.1521210363375319,50.44555329977514,-0.0006300569669195847,-0.15743101536554896,-0.1899574724106967,0.8082836048899668,45.82714936636813,3,3
2026-04-26,Enterprise,1.075273517062528,23.084832883949417,0.3070841462112715,56.305802904842146,0.006561226302226955,1.9074767483377864,0.19477905241245724,1.4138102818944298,51.91649338637579,3,3
2026-04-27,Enterprise,0.9893523801390212,23.676801726209447,0.2823971114227332,54.81273385145361,0.009029687057798684,1.4951619833162613,0.09309175503386237,1.6682330325347003,56.8530370626929,3,3
2026-04-28,Enterprise,-0.2230433986385557,20.992001155869097,0.1159096770962242,45.18255194541682,-0.0006613773438539916,-0.7172766746847812,-0.5534371964178729,0.925938174980434,53.991792504492686,3,3
2026-04-29,Enterprise,-0.2967586991068304,21.02648069915295,0.12591037407336544,45.82750255976383,-0.006201207291153678,-0.5721311353036527,-0.5002201049645594,0.40257872360965613,51.786091816608874,3,3
2026-04-30,Enterprise,0.2733544883477105,22.054033433457068,0.19942528946758378,49.73360435275624,-0.004781254020893784,0.42120084653879647,-0.22488603801855872,0.41277311965683033,51.58009297153728,3,3
2026-05-01,Enterprise,0.6290780134491423,23.388119292397413,0.2553067712710298,52.81897399744427,-0.0001879068518482966,1.1535822383140155,-0.006932314062620994,0.7371271336999381,54.560338880234625,3,3
2026-05-02,Enterprise,0.5596207001828225,22.087166635616867,0.2507531172720457,47.521064935975616,0.0022972703836628347,1.0617864876033698,-0.38058881307822207,0.9437040307528977,54.82066600334101,3,3
2026-05-03,Enterprise,0.6483035380352614,23.734841768085914,0.24563372706114603,52.48075399684415,0.0032894705423511736,0.9681586641394667,-0.02122137614456274,1.0519193042005381,57.89279060537585,3,3
2026-05-04,Enterprise,0.06900765628289271,23.748342923139305,0.17454866658622537,52.43813583229023,-0.0009233835159657543,-0.003199675140596689,-0.024056032144483524,0.7057037474196938,58.2284255383787,3,3
2026-05-05,Enterprise,-0.24907163126038992,21.76115749464175,0.14721463349137184,47.21376356934603,-0.005383627012863379,-0.37636152873202233,-0.4064893780481433,0.26415914758505565,53.560493109909224,3,3
2026-05-06,Enterprise,0.27829464936004267,22.210854349878744,0.21690485452014938,48.246869696257846,-0.0035609844760437163,0.5886904856732224,-0.32477907653034827,0.33115613259552873,54.60663175595814,3,3
2026-05-07,Enterprise,0.6083986163257628,25.192833762419312,0.2402034604257024,58.378937359105294,-0.0008483849205319378,0.8983080606934352,0.43792262218468253,0.5167019689560949,57.03877028470394,3,3
2026-05-08,Enterprise,-0.31897086725809687,21.309518878529104,0.1583328742163208,43.109357409811544,-0.004429895003616326,-0.2542867118601833,-0.7191709815968576,0.15030716033028535,56.34832915889221,3,3
2026-05-09,Enterprise,-0.3683854889910426,22.374508282568385,0.14143987282388912,49.319999615018915,-0.007611868103965197,-0.4887506170297082,-0.23819403254599697,-0.24681320693198744,53.5425719314555,3,3
2026-05-10,Enterprise,0.44232537540358496,22.34907487094054,0.2665679348488709,47.31873975328232,-0.0012958134086403826,1.2743605491460919,-0.3891639990997266,0.22683600120149028,56.506006687717424,3,3
2026-05-11,Enterprise,0.40181482774213007,22.938019968065376,0.2444381595490722,47.47944147772646,0.0012476253416874705,0.9397912743622167,-0.37212083481492075,0.4504884785144808,59.48204491286496,3,3
2026-05-12,Enterprise,0.09984891316284858,24.991054219271128,0.19188238918983358,55.944142669770564,-0.0006514292712615291,0.18663398409095563,0.29569922664892556,0.28056040986562786,58.5867560716775,3,3
2026-05-13,Enterprise,-0.04834893987193452,24.293998982897904,0.17901067980510912,54.13601284883264,-0.0027013722767931956,0.0007984672960629128,0.1494441038500505,0.05729209033682795,56.60850838611701,3,3
2026-05-14,Enterprise,-0.5003243886342956,21.499663678887284,0.14077506291798308,45.16603315964002,-0.006350936152121913,-0.5498666325521495,-0.5684003712115049,-0.3709623050977544,53.06039983777407,3,3
2026-05-15,Enterprise,0.3903732023675407,22.986939601621668,0.25378261264878416,49.88518977575341,-0.0011453345997755153,1.0864339490821624,-0.18241594138661135,0.03822030479721849,54.85830335827817,3,3
2026-05-16,Enterprise,1.6149186666278623,26.86503655324045,0.4284607180783875,60.655242609817805,0.013275908094617442,3.230360840188754,0.692968925199767,1.483176645197958,61.93393947572438,3,3
2026-05-17,Enterprise,-0.7019410350552555,21.34775278410291,0.06609313653661804,42.46353348186448,-0.001585908837659222,-1.5151330430798347,-0.797384935169237,0.21388376430069275,56.76351162707799,3,3
2026-05-18,Enterprise,0.3500554190617038,24.105026069373835,0.22815932839682326,52.09069264390303,-0.000550946382582778,0.5942000374658336,0.0005160612306742142,0.2863066797133684,58.78806833975629,3,3
2026-05-19,Enterprise,-1.4373988814889793,20.048794696449278,-0.03943907039102556,43.86971933218367,-0.017025379703478047,-2.6976881678371454,-0.6782836532560015,-1.425793759996635,46.28875193982588,3,3
2026-05-20,Enterprise,0.7628799821217875,23.804125460035944,0.3618685595746339,53.90946693139921,-0.0008839217131708546,2.144688987001364,0.16428028614757575,-0.0927553330868685,53.5245665835882,3,3
2026-05-21,Enterprise,-0.29697468050741227,22.01205050354048,0.17127497655693225,48.29494972530806,-0.002917354811222253,-0.12905322276258976,-0.3089689162547555,-0.322960829739443,51.85669568721575,3,3
2026-05-22,Enterprise,-1.1017108758072878,20.864253681212674,0.02849201526198144,46.88214712392283,-0.013178050188464952,-1.7818347663392866,-0.4254790835390068,-1.437740616913257,46.71079712293076,3,3
2026-05-23,Enterprise,,,,47.26561266483133,-0.010542440150771961,,-0.3887270115665583,-1.3958249436213388,46.71079712293076,3,3
2026-03-24,Enterprise Chain,,,0.02439031112939118,,0.0,,,,28.24971041279535,1,1
2026-03-25,Enterprise Chain,,30.891108562046977,0.502491865616031,100.0,0.030511324274930873,,,,35.82376324189024,1,1
2026-03-26,Enterprise Chain,,,,100.0,0.024409059419944697,,,,35.04394715465473,1,1
2026-03-27,Enterprise Chain,,30.937275955742653,0.26868629226982593,100.0,0.030397011152421702,,,,37.25857675345641,1,1
2026-03-28,Enterprise Chain,,26.93678770751869,0.1763998091687262,83.8204034763082,0.024331938921635328,,,,37.77035066196744,1,1
2026-03-29,Enterprise Chain,,29.508224513379833,0.4968760241370648,89.64079175516244,0.039457079039426066,,,,43.52557280603123,1,1
2026-03-30,Enterprise Chain,,21.359685470207314,0.047029036710659666,59.56374091899252,0.017820791070737627,,,,40.07720168233651,1,1
2026-03-31,Enterprise Chain,,,,59.56374091899252,0.014256632856590096,,,,38.641373023081286,1,1
2026-04-01,Enterprise Chain,,21.90226067397052,0.38330096616119147,59.56374091899252,0.024306299511647325,,,,41.88607829953088,1,1
2026-04-02,Enterprise Chain,,24.61364664985716,0.6124428610349696,65.46597522467326,0.04084195893306866,,,,48.32939755664572,1,1
2026-04-03,Enterprise Chain,,23.70334085523961,0.4624602038796991,59.75684824693226,0.038932203468458534,,,,51.490423726516994,1,1
2026-04-04,Enterprise Chain,,23.178966904786407,0.37069301283124834,56.72985052126779,0.029187772515642987,,,,52.57041871393458,1,1
2026-04-05,Enterprise Chain,,24.177262768170017,0.4642869784414768,58.85552308498285,0.026806329065016968,,,,55.27278367608934,1,1
2026-04-06,Enterprise Chain,,21.60581141554456,0.18503582216724757,51.331667133722306,0.005309501046041498,,,,52.60134569449898,1,1
2026-04-07,Enterprise Chain,,,,51.331667133722306,0.00424760083683319,,,,52.39471252689309,1,1
2026-04-08,Enterprise Chain,,16.26543657658202,-0.1826310155853629,37.69527797737078,-0.040883720489103215,,,,43.044827152064975,1,1
2026-04-09,Enterprise Chain,,20.159277434635495,0.31292065203379843,51.717365213458926,-0.029175151369491073,,,,45.19533221147252,1,1
2026-04-10,Enterprise Chain,,21.700668130788088,0.47440794132096425,55.01645957915838,-0.010641197046577192,,,,49.87426587732168,1,1
2026-04-11,Enterprise Chain,,22.64811142635307,0.4519006694585085,56.69024516348534,-0.0005186536265963521,,,,53.371508030908124,1,1
2026-04-12,Enterprise Chain,,19.111607049886146,0.20089005065049975,44.051836172310686,-0.010780227717304955,,,-0.41089250555944595,51.505638158907935,1,1
2026-04-13,Enterprise Chain,,23.832987320984557,0.45514412598639725,60.833119145748604,-0.001010860378057185,,-0.22490497338791493,-0.08904593657668672,54.64016900539227,1,1
2026-04-14,Enterprise Chain,,21.604893454930902,0.20483444493222983,54.15120996164326,-0.011396389617974033,,-0.5607217663921733,-0.5294912789783915,52.04888932095798,1,1
2026-04-15,Enterprise Chain,-0.47352915313686605,21.673501316881975,0.26269129064850977,55.28642206476688,-0.014177748481963043,-0.2329517657955659,-0.48575718376905314,-0.7262869914299401,51.38909011799311,1,1
2026-04-16,Enterprise Chain,0.5258013661116219,23.60748221639433,0.6446769200608135,58.03156401413477,0.008670298464241714,1.5529363402336118,-0.3272689483024885,0.15694455584373573,57.94494998103919,1,1
2026-04-17,Enterprise Chain,0.49358502179739794,24.716412888612894,0.5520587937913835,59.40026819873118,0.016076763781928655,1.049220278202075,-0.24521794337967645,0.5559234342215108,62.05473965787943,1,1
2026-04-18,Enterprise Chain,0.02997626510790624,24.575447117817507,0.4078574762280498,58.14671973071312,0.010087924780161572,0.34368446654249823,-0.3101365175837266,0.4190069612870445,63.02409318923456,1,1
2026-04-19,Enterprise Chain,0.5076634942103448,25.449733172176,0.5495521041572093,58.94158213087816,0.014239332292811505,0.9985287097964637,-0.25851518280652813,0.68785021165781,66.57644620378261,1,1
2026-04-20,Enterprise Chain,-0.09157748751190113,25.8325681518726,0.33917191276406095,60.58914652649499,0.0020277794529970916,-0.03792540085033301,-0.15764281940352495,0.2415251935669461,66.37039828765742,1,1
2026-04-21,Enterprise Chain,-1.202436280492298,22.26307288358576,-0.08470655148569495,51.69552325180234,-0.03342919287638986,-1.9552276403336208,-0.6782063667395926,-1.36773987860986,59.552165681239885,1,1
2026-04-22,Enterprise Chain,-1.0226189495486038,22.5059313552674,0.09975889423899348,54.59588885363293,-0.042697951698986464,-1.0428334460132882,-0.49017596942409397,-1.9409223948554377,56.95379263764005,1,1
2026-04-23,Enterprise Chain,-0.946321600534728,20.857973165797965,0.22136638497057368,48.30345544351482,-0.038980692563340184,-0.4610585547729143,-0.854813312192074,-1.9747916586172654,56.43830419648059,1,1
2026-04-24,Enterprise Chain,0.007622734606379217,22.781047407549668,0.5722853275964657,51.694735746680955,-0.01259594778894528,1.162705165343861,-0.6291109220491848,-1.1449386410687947,62.03007153361583,1,1
2026-04-25,Enterprise Chain,-0.20249303927520637,22.564331578504955,0.413697876479472,49.36829178845579,-0.005873593114076439,0.4038186241857175,-0.7563788094848084,-0.940277279197418,64.39520661880594,1,1
2026-04-26,Enterprise Chain,-0.1052670261362956,24.055873045452856,0.40951280098296705,53.75633786757261,-0.001960654563205079,0.3767530801057036,-0.4696283579358879,-0.8049125527001669,66.87504369794003,1,1
2026-04-27,Enterprise Chain,-1.1219094985455995,20.67137863573307,0.07685698345307258,43.37580697985167,-0.02097149297675774,-1.1966185557787896,-1.0978510998371647,-1.5441431427475891,62.750175354435115,1,1
2026-04-28,Enterprise Chain,-0.3791247099951155,22.962496591315645,0.33189384659094034,52.22126206655635,-0.015800958923144107,0.036372901774169616,-0.5230495630238544,-1.4375848768147421,63.27025375321475,1,1
2026-04-29,Enterprise Chain,-0.12412351654756568,23.578883771873627,0.4388739457140987,53.028030472748405,-0.005157680227367723,0.5513639318014134,-0.4630792996261042,-1.0987930281814284,65.56824060975775,1,1
2026-04-30,Enterprise Chain,-0.1687746732677535,22.117664171040467,0.44153496535867914,45.985132045876725,0.0017122259816145166,0.5541031644184687,-0.9003334862018426,-0.8426081892530882,67.32706365875511,1,1
2026-05-01,Enterprise Chain,-0.0672000749458321,22.92915628718236,0.45181752660049956,47.952199822694894,0.006339410052855668,0.5943601839582816,-0.7555332444383958,-0.6289840907286526,69.10444211447752,1,1
2026-05-02,Enterprise Chain,-0.06670123356788366,23.706555382902202,0.41700300359292425,50.19557198953627,0.00642589534220904,0.41151810309286363,-0.597264971397391,-0.5640388702355423,70.08959599338517,1,1
2026-05-03,Enterprise Chain,,,,46.982656957943426,0.005140716273767228,,-0.7940526614875415,-0.5550876199504707,69.33061621430471,1,1
2026-05-04,Enterprise Chain,-0.7689010527166624,23.58092657903493,0.17631566089271566,51.95942096023869,-0.013424758902031184,-0.8038244778397727,-0.45524441044148495,-1.247001761056915,65.64661340890147,1,1
2026-05-05,Enterprise Chain,-0.3458485644974626,27.7548906232238,0.28978114476684713,68.35619263670765,-0.01462624209044681,-0.2168402771030359,0.6389268891882856,-1.360169597170082,65.62309095751033,1,1
2026-05-06,Enterprise Chain,0.042006533537961854,27.752297795373345,0.39789551392511696,66.84551664702866,-0.007935039142038112,0.3420349733512933,0.5284472279466095,-1.1727460390814737,67.74383173711394,1,1
2026-05-07,Enterprise Chain,-0.4481556626497526,25.94309649180856,0.3018580565761868,60.204324825593744,-0.009658024417552528,-0.16239756113263226,0.07289013366389545,-1.268980714351786,67.82092485354772,1,1
2026-05-08,Enterprise Chain,-0.7209004810342531,22.7731486664865,0.28004350071075773,47.928932067207526,-0.01180579336095628,-0.2753439543271731,-0.7637922270560658,-1.3873572649748818,68.01870573798273,1,1
2026-05-09,Enterprise Chain,-1.0535054571383853,22.347888773073066,0.13014225404631347,48.265774832438325,-0.022254504462725328,-1.057714494418269,-0.7280144730436036,-1.8103450273210344,65.82896133821984,1,1
2026-05-10,Enterprise Chain,-1.400409945626688,20.794674829146082,0.018212043796665967,44.395547226491004,-0.03488440123773137,-1.5922180393793348,-0.9777866771638168,-2.304651059253958,63.28768478313808,1,1
2026-05-11,Enterprise Chain,-0.7861710968829235,25.772362471136212,0.1743276308650896,64.48643439316396,-0.0310337776894811,-0.7534097657846316,0.4229751099153002,-2.2620046501557884,63.910591453483605,1,1
2026-05-12,Enterprise Chain,-0.138827061241581,26.00712208087554,0.39128136164295485,63.28857526258871,-0.013102058873220404,0.39428821119578217,0.334609383798736,-1.768925963839181,67.40355555633023,1,1
2026-05-13,Enterprise Chain,-0.32508095632974154,24.297800073561064,0.32363085193680596,55.75568963699208,-0.00541750816807153,0.03111681836160258,-0.20012318302318818,-1.5400728937949535,69.04834245414256,1,1
2026-05-14,Enterprise Chain,-1.01909160105242,21.84728550453996,0.13670927072369493,47.48279982334321,-0.01215777430805326,-0.9625930808611124,-0.7829033233881385,-1.734439499901409,67.72920902318263,1,1
2026-05-15,Enterprise Chain,-1.385362245645283,19.854938896367116,0.00563766641587019,42.63357240539542,-0.023993975225323316,-1.6106059519610347,-1.1086252225301296,-2.092962739808319,63.85942999074338,1,1
2026-05-16,Enterprise Chain,-0.9922314702695502,21.342409687490832,0.1590436068560742,49.42935587713516,-0.020194356688432544,-0.780173729483013,-0.6109088577828087,-2.02130895966169,62.91159772725363,1,1
2026-05-17,Enterprise Chain,-0.7389140880628331,21.158147047720043,0.16973753470506234,49.784193002681576,-0.01585521193460707,-0.7122578118984221,-0.5779784715426411,-1.9231186431386542,61.44333556959195,1,1
2026-05-18,Enterprise Chain,-0.2783129268200647,22.780644865735507,0.33741555037036536,54.7613266618504,-0.0013508727622961285,0.1875123717432933,-0.21284689902057732,-1.5310863027443282,63.02895357334654,1,1
2026-05-19,Enterprise Chain,-0.4611957277764601,21.395412180211537,0.26196436426470054,49.15897354459954,0.0032516131616855577,-0.219924120540874,-0.6175405742168549,-1.3654995479256975,63.05085058645246,1,1
2026-05-20,Enterprise Chain,-1.2873169462775742,18.23524843372001,0.022089024076675276,39.476160688939935,-0.009094037089853863,-1.4875410130467692,-1.3022291378417965,-1.6561417678027754,58.96096308873416,1,1
2026-05-21,Enterprise Chain,-0.4230943018809348,21.030919019065347,0.2772340744066425,49.366865301129664,0.00019650064518387383,-0.10557318528726589,-0.568373296029078,-1.4010519543084756,59.80981592099565,1,1
2026-05-22,Enterprise Chain,,,,49.92694416548089,0.00015720051614710046,,-0.5212876924321205,-1.3669670057521555,59.09840831693649,1,1
2026-05-23,Enterprise Chain,,,,54.14835657273569,0.00012576041291768175,,-0.20525473144960407,-1.340179695140519,59.09840831693649,1,1
2026-03-24,Enterprise Software,,,0.18699015763885504,,0.0,,,,38.946367581048655,1,1
2026-03-25,Enterprise Software,,31.987587418631175,0.2106507178964253,100.0,0.0015099616802552117,,,,38.58687301194993,1,1
2026-03-26,Enterprise Software,,32.86556657134691,0.26894214386780996,100.0,0.006093802840238855,,,,42.24563166121076,1,1
2026-03-27,Enterprise Software,,16.759582693765346,0.14313912172344748,39.446455164004725,0.0006016329692584768,,,,36.727931553940536,1,1
2026-03-28,Enterprise Software,,28.02199898777009,0.4125843996225143,73.63727018542596,0.014304375102299122,,,,51.00474349935627,1,1
2026-03-29,Enterprise Software,,27.712403795442384,0.354859138109338,65.6908733528818,0.018407933767307226,,,,60.220057250745185,1,1
2026-03-30,Enterprise Software,,20.329485224495894,0.08564105579966884,43.69832091891444,0.00274086173357288,,,,49.844605662373134,1,1
2026-03-31,Enterprise Software,,23.82432466013228,0.27883534605832355,54.604517011991234,0.005007065562633351,,,,53.156474550355924,1,1
2026-04-01,Enterprise Software,,25.72473037924069,0.3364468855475928,57.083596589118045,0.00973071460444538,,,,59.79193575599608,1,1
2026-04-02,Enterprise Software,,21.902692752008893,0.1227907781565663,47.46968714545939,-0.00158682455136701,,,,52.716732237792826,1,1
2026-04-03,Enterprise Software,,21.967435713782884,0.17739251182296153,49.63733400619233,-0.005242180184908976,,,,50.547724708057736,1,1
2026-04-04,Enterprise Software,,20.19304885024836,0.11485436949561129,47.39722080647034,-0.01136705308214131,,,,44.63466050243066,1,1
2026-04-05,Enterprise Software,,25.04907498418128,0.4115117439444533,56.67264652515384,0.004230230948118186,,,,58.419401280407484,1,1
2026-04-06,Enterprise Software,,21.66490176296567,0.1358744978706149,48.69472385385392,-0.003907240538930334,,,,52.18555226551299,1,1
2026-04-07,Enterprise Software,,18.44289162992453,0.026182122655020085,46.11148831557158,-0.015895497891478226,,,,39.16816881035902,1,1
2026-04-08,Enterprise Software,,17.344064062795624,0.10327217115777533,47.46887436170852,-0.0177126619833958,,,,32.075880170375385,1,1
2026-04-09,Enterprise Software,,16.38771169536883,0.14622522690454468,47.08624883228913,-0.015197695509835872,,,,27.62874407593784,1,1
2026-04-10,Enterprise Software,,17.70426989279872,0.2267344393122265,52.02849091842382,-0.007667887421165282,,,,28.01112875746093,1,1
2026-04-11,Enterprise Software,,15.041521312873183,0.15592187249731848,43.107499444391344,-0.007029124512427077,,,,26.030716446281883,1,1
2026-04-12,Enterprise Software,,19.47853889255577,0.39064980423091306,50.877695602423934,0.008771881387737008,1.5201300024399234,,0.03680394148534733,39.292241180861005,1,1
2026-04-13,Enterprise Software,0.07844672874163641,19.800355906026653,0.2173419141357352,53.38912941566234,0.007188086819171705,0.024171577845136214,-0.16686931159395157,0.05156504229184269,38.133535104898655,1,1
2026-04-14,Enterprise Software,-0.4934452157310344,17.05720056401129,0.14993246467953206,46.45326464135204,0.0015326692243922517,-0.5557140196287925,-0.5599877304220859,-0.34482740883202795,32.6355532180042,1,1
2026-04-15,Enterprise Software,0.011636775446309686,17.413797296238986,0.23664833835861887,47.29734982658983,0.003454128327127956,0.2198499209312687,-0.49490213575570513,-0.1234846640503857,33.620249477917795,1,1
2026-04-16,Enterprise Software,0.1540919261675251,19.156970869395114,0.23779464363522698,53.51952262846617,0.004555178287657828,0.22550038615529305,-0.11042945011865943,0.055300753589430436,35.02762528638883,1,1
2026-04-17,Enterprise Software,0.3089465405744019,19.534396222736312,0.2683044574585403,52.823865756487365,0.006947821177694985,0.49959652412762556,-0.15095842252298994,0.3855769165936625,38.57790212787479,1,1
2026-04-18,Enterprise Software,1.021655307429669,23.308236384111982,0.4053008988900575,58.62286143452953,0.01680447551159687,1.6681459557804812,0.2168950491018718,1.4623279243955065,51.11678224154027,1,1
2026-04-19,Enterprise Software,1.1418265487299895,23.907519411686582,0.44059413588641166,51.02201160949406,0.024293963800340705,1.8215771515857029,-0.2754769331917398,2.2514653545133227,64.80610953603136,1,1
2026-04-20,Enterprise Software,0.2847704111293238,24.114065143475933,0.23143777656205958,53.522886899832145,0.014251573903694907,0.0010784977947264607,-0.10651842030071518,1.6468976660326275,63.99570398235467,1,1
2026-04-21,Enterprise Software,0.4594667836902572,25.917661377613783,0.2780409964853507,59.73757955518868,0.010036477708863373,0.40624220592811183,0.31049539862861125,1.4405634797257294,66.82447134990518,1,1
2026-04-22,Enterprise Software,0.02834823910147924,23.83783987240117,0.20572486147998958,53.97578852934865,0.0020827480434197215,-0.24073208349290753,-0.08698899119948822,0.8922336648587297,64.80214743789256,1,1
2026-04-23,Enterprise Software,-0.4497371184264768,21.202211897781453,0.13297124137323038,49.4972916922357,-0.007830003281273312,-0.8805279128662219,-0.39511415691910756,0.057547279510671144,57.546669346649196,1,1
2026-04-24,Enterprise Software,-0.9531920020138595,17.741563526427488,0.06856107730789436,43.926495878570044,-0.017900682590888416,-1.4015583588079128,-0.7731719831865501,-0.9519076543164574,47.09439834387181,1,1
2026-04-25,Enterprise Software,-0.19974656448902364,19.746229074380338,0.2136536607614509,52.09714296245468,-0.014131651264862507,-0.0903819198759488,-0.18177007021054684,-0.9088523312983333,47.52142716149524,1,1
2026-04-26,Enterprise Software,-1.5618945766907524,12.59686183708471,-0.017862057374823465,35.12584161622489,-0.025887789372335726,-2.035706789771025,-1.360139752540217,-2.03729917231734,32.980703130831024,1,1
2026-04-27,Enterprise Software,-0.41202414362830964,16.354677208337186,0.20854250014609935,49.6915351207446,-0.017476121006798174,-0.06740615217267294,-0.3051209036136369,-1.6637053435379292,33.7664168651772,1,1
2026-04-28,Enterprise Software,-1.801479092830825,10.473345719601253,-0.12453154947629837,41.88930413679306,-0.03252940186367789,-2.6425598649889,-0.8537150973704427,-2.771855183437057,12.987988478167107,1,1
2026-04-29,Enterprise Software,-0.30875296575490696,13.729714473384227,0.2565643628572074,50.50131756364655,-0.015850140817030598,0.39150672254088176,-0.21857401686642108,-1.8913326035392204,18.307454409308185,1,1
2026-04-30,Enterprise Software,-0.23691357700309204,14.256332183282987,0.23505046275996724,49.931625752731954,-0.005813383674307683,0.2148822080883974,-0.2572655758653592,-1.3516807463427443,22.163200927317376,1,1
2026-05-01,Enterprise Software,0.08545808708081495,15.770770382903583,0.2942814122083148,50.63811116364672,0.004700034854372884,0.6861445982592074,-0.2012645010867797,-0.6849520393979188,29.313185089772894,1,1
2026-05-02,Enterprise Software,-0.5433944093861103,13.85447093774932,0.17097749185155411,44.204977207782406,0.003301423447056452,-0.3248924162272511,-0.679665787113049,-0.7038116487404696,27.756579526605673,1,1
2026-05-03,Enterprise Software,-0.19852558051366007,14.118271956839276,0.21013378748941186,44.311383473092135,0.004870206807537964,0.001342678983578415,-0.6594484916390887,-0.5373795792207919,28.854020197791023,1,1
2026-05-04,Enterprise Software,-0.6303095845026323,13.931691837346508,0.1210290977895021,47.10300992293697,2.0240874773520476e-05,-0.7367232061165621,-0.4367737320510186,-0.7984587963340076,24.088239959144556,1,1
2026-05-05,Enterprise Software,-0.1653506081982213,14.358786288020507,0.20094426401267587,48.01183085551272,0.002187776675986297,-0.057981029356981434,-0.36077380438788315,-0.6321371851647082,24.908363861795515,1,1
2026-05-06,Enterprise Software,0.21707974298531071,16.36549317958368,0.27517952744221175,51.78932458180223,0.008272656291485126,0.5708109396298363,-0.06118488426223567,-0.15873048882767304,30.37817240765947,1,1
2026-05-07,Enterprise Software,0.6053104794667089,18.94552800552712,0.33752207298554643,55.29815803989475,0.015716051144971585,1.0831981354651092,0.21721514216412036,0.49964005008869244,39.30427388863302,1,1
2026-05-08,Enterprise Software,0.5341296717000709,19.906868429821884,0.28443201917288263,55.624346984221624,0.0162182830940785,0.6154199540193256,0.24080709649200918,0.7553849243960328,43.98023046742465,1,1
2026-05-09,Enterprise Software,-0.30594470529205486,17.115899587265865,0.14224167636564922,48.136599075206036,0.006620463741815888,-0.6118733041722293,-0.3675960063561473,0.28124223156132655,39.1487846520192,1,1
2026-05-10,Enterprise Software,0.4440942144153659,20.15557084282229,0.2599714396228398,57.70737454912712,0.007767666026675786,0.4137266600526186,0.41825539083963903,0.4604138272420706,42.46553817705558,1,1
2026-05-11,Enterprise Software,0.5248792294656642,19.975955731780587,0.3000327358112626,52.83068490896383,0.010615177265848447,0.7552435001853328,0.011380653030691214,0.7796435423873124,48.095136787170034,1,1
2026-05-12,Enterprise Software,0.7789072281046321,23.910190976119484,0.28296588821232477,65.6725329540192,0.010709159161711924,0.5956722155871073,1.0698275744997696,0.9298861705397135,52.159622479984094,1,1
2026-05-13,Enterprise Software,0.474541756286863,20.871242855833817,0.27748227393189084,51.131401629722724,0.009787162073510497,0.5398106822551357,-0.1523853187282392,1.0021696077974578,55.588558008384595,1,1
2026-05-14,Enterprise Software,-0.002206771230320592,20.11666474909617,0.2152721150103125,48.97534352421578,0.004634239174221259,-0.01954505899732067,-0.33205797424124617,0.7482827053590422,54.80801948883577,1,1
2026-05-15,Enterprise Software,0.06762016005714883,20.102949035660437,0.25271435992944985,47.79679670846909,0.003448599914818761,0.31728154755473353,-0.42826008445617914,0.7181322633313734,56.64009080822869,1,1
2026-05-16,Enterprise Software,0.6539048272577851,23.356731869072572,0.3009351143772093,57.48389097035674,0.005491729591762107,0.7481628466191621,0.4049388932276772,0.9115185750305154,61.50086700939043,1,1
2026-05-17,Enterprise Software,-0.3405734684882069,19.603614816645234,0.14943181448832155,46.90484305147405,-0.0033069544659782898,-0.637603883090406,-0.5112755594076801,0.3179565142330336,56.24809230635363,1,1
2026-05-18,Enterprise Software,-0.06093975763790925,21.250750782189375,0.20689566710049767,54.52426884616608,-0.005096503068936281,-0.10500852483692417,0.15616593080830446,0.12731073819244443,55.317962243874035,1,1
2026-05-19,Enterprise Software,0.5203884459017101,22.450000599457937,0.30670685582404517,55.45814408477292,0.0003150737574402606,0.8147395804655374,0.23667294126741853,0.4649972076744823,60.95915029909818,1,1
2026-05-20,Enterprise Software,-0.12719660337735728,20.28500337402358,0.22472380602410774,47.416763648297234,-0.0016459090204104104,0.046670193470659004,-0.4767595372903845,0.3129178756293459,60.83007312363204,1,1
2026-05-21,Enterprise Software,0.5521120028602033,22.180686635847906,0.33701096111354417,49.975105204451346,0.004276550614618589,1.0867293737565535,-0.2443228690856858,0.7458989931031614,68.0237690497271,1,1
2026-05-22,Enterprise Software,-1.165487378641327,16.432115919910817,-0.0017354683793642963,39.095889041975504,-0.013963922689347326,-2.0158109490310716,-1.205490358205169,-0.6287934359323304,52.803697775923936,1,1
2026-05-23,Enterprise Software,,,,43.8471813415122,-0.011171138151477862,,-0.7659062864859764,-0.6214579212809617,52.803697775923936,1,1
2026-03-24,Exchange Chain,,,0.5026837769849867,,0.0,,,,96.8345491389254,1,1
2026-03-25,Exchange Chain,,13.486528555111276,0.15716786107416847,0.0,-0.022050018565248797,,,,89.38360860640121,1,1
2026-03-26,Exchange Chain,,17.83871950418494,0.2460413355672594,20.45940265954782,-0.028992690642903305,,,,84.43530463924694,1,1
2026-03-27,Exchange Chain,,15.87046029986157,0.14962615514200622,16.743162997685374,-0.03786103315975151,,,,78.31947107801784,1,1
2026-03-28,Exchange Chain,,23.175939477577103,0.43193759504918633,45.649687067917036,-0.02321571434423018,,,,78.80169338213632,1,1
2026-03-29,Exchange Chain,,19.239964648051206,0.14829373977323992,33.84377254337933,-0.030665251408227227,,,,73.46833578008557,1,1
2026-03-30,Exchange Chain,,18.791678465982102,0.1734869474283313,35.32929597132818,-0.03179374687887577,,,,69.03991757706522,1,1
2026-03-31,Exchange Chain,,17.545695685885818,0.12950098156082843,33.99647053704332,-0.03324356719911515,,,,64.44731023521089,1,1
2026-04-01,Exchange Chain,,17.43525003840725,0.17607743466226228,36.53186931192941,-0.028963534910676852,,,,60.8445227324323,1,1
2026-04-02,Exchange Chain,,16.395696925929265,0.15854722691304776,36.011229096444275,-0.025341631953646387,,,,56.77121254404831,1,1
2026-04-03,Exchange Chain,,14.957167655182683,0.10205243560716823,34.429897699873024,-0.0247509678382839,,,,52.29166887245717,1,1
2026-04-04,Exchange Chain,,13.314903930903798,0.03076156931023838,32.62220838772231,-0.02697902757026764,,,,46.990245137043715,1,1
2026-04-05,Exchange Chain,,16.68765212891744,0.36688341342506353,45.99161407200278,-0.004795392179938379,,,,48.458569839740974,1,1
2026-04-06,Exchange Chain,,17.011241389031063,0.4088296519243655,47.29667160247348,0.012763447722308363,,,,49.90635003006933,1,1
2026-04-07,Exchange Chain,,14.973806191718165,0.18296052443574493,41.85114753723599,0.00938265053655847,,,,47.2120383962824,1,1
2026-04-08,Exchange Chain,,16.249175895815927,0.1484816845818252,49.736899170632555,0.005247217542964089,,,,43.86001418194322,1,1
2026-04-09,Exchange Chain,,14.168967075946053,0.07357630878829521,44.73152236049232,-0.0017363068743490029,,,,39.973275559973345,1,1
2026-04-10,Exchange Chain,,16.05315722568457,0.2475153923819804,52.85510011768904,0.005745757516980407,,,,39.67471116134692,1,1
2026-04-11,Exchange Chain,,13.33242035344044,0.22366788138916277,42.84701295855061,0.009266976405032545,,,,38.74091934432639,1,1
2026-04-12,Exchange Chain,,16.367270938040747,0.27768981452995145,55.276297595165985,0.01506935064695239,0.4892657195887425,,0.6276692885603146,38.273719899645734,1,1
2026-04-13,Exchange Chain,0.5344346530899554,15.19875719909204,0.21526024666012972,51.6531600940065,0.014531329984725061,-0.012001390278511487,1.0245473386961557,0.7263550172642983,37.089926920086555,1,1
2026-04-14,Exchange Chain,0.12206032486544466,14.527425845577225,0.14986035543273435,50.792284953206774,0.009824797624706227,-0.5351376193020798,0.9175041794108694,0.6138023963949418,34.635681508252596,1,1
2026-04-15,Exchange Chain,0.7625354408397849,15.286543427565794,0.2771911845912583,53.70215647851829,0.015029478713277228,0.5180909367577688,1.0773754846707084,0.9474723342723522,35.2119585139403,1,1
2026-04-16,Exchange Chain,0.5158930125425736,14.588925285147585,0.19940387626054518,51.43269877249846,0.013049062832989372,-0.14228335029877548,0.8734672970165066,0.9603320335811345,34.31951705392184,1,1
2026-04-17,Exchange Chain,0.5040731117824653,14.992276989366037,0.18779250914393816,53.10432037320871,0.010862436559476232,-0.23847622513703612,0.9575763780443128,0.9446759461034492,33.586874805502774,1,1
2026-04-18,Exchange Chain,0.7185282281910373,16.171606142367253,0.23164385652606373,57.42062473038915,0.012175931347065932,0.14856105419912446,1.2144324723142357,1.0796641843612218,33.47752654914675,1,1
2026-04-19,Exchange Chain,0.008041367403070251,11.808994406459282,0.16557925563739712,40.71032245898278,0.008572048194506306,-0.4409061781768456,-0.018985034390046666,0.9808222662561156,31.971489895843614,1,1
2026-04-20,Exchange Chain,-0.10647603751382373,10.946086710355049,0.1516371259479644,37.81631149026354,0.0053817662370506045,-0.556171631112879,-0.2325533335630808,0.874793077002518,30.41049339127821,1,1
2026-04-21,Exchange Chain,-0.36531749888436993,11.73009093613007,0.05102303436368676,42.90829372434889,-0.0029255069126960243,-1.4148038804185092,0.15551209199521748,0.48459802892068216,27.04769562428144,1,1
2026-04-22,Exchange Chain,0.3114694507796887,13.712310066179763,0.16218934248052316,50.68067849112677,-0.0004825318502305678,-0.3904339544527764,0.7427470088816494,0.5707226027404737,26.24597555467427,1,1
2026-04-23,Exchange Chain,0.8832110387517317,16.463042320385924,0.27250285840052413,59.54249404682277,0.008517102317102052,0.6195831846361599,1.36950840422226,1.0153843653226315,27.358215379916423,1,1
2026-04-24,Exchange Chain,0.005637926445864597,12.734599061220443,0.14115521514639365,44.68054448395175,0.005712884880553229,-0.5994710182904875,0.21449215167226246,0.9279751745463451,25.636889995329277,1,1
2026-04-25,Exchange Chain,-0.0677515013245204,12.71262589409103,0.12231151076310004,44.90530306050094,0.0028239613778531375,-0.7594014991622425,0.2284522856681616,0.8126966812917426,23.77098568970497,1,1
2026-04-26,Exchange Chain,0.6622504679311798,14.07273438275293,0.2514476139501017,48.77354372487717,0.009470677129764786,0.46411246965790137,0.5274558035893913,1.1610053505321054,24.78565739958355,1,1
2026-04-27,Exchange Chain,0.11121341508270621,13.567199708347365,0.14866263331899793,47.00063123712325,0.006923467659311865,-0.5187317832998717,0.3776976385605519,1.089960698752369,23.351157200043094,1,1
2026-04-28,Exchange Chain,0.42264271894784644,14.385784123967605,0.16225577276223474,50.585580535304786,0.006158412664283186,-0.38001262170805633,0.6577705012947919,1.0885057012778445,21.91803668423902,1,1
2026-04-29,Exchange Chain,0.6957004448377168,14.146833717704446,0.24700117242582287,48.51398092950556,0.011077217769842253,0.45001983480975516,0.4783484590802499,1.3613542746797034,21.931030719077263,1,1
2026-04-30,Exchange Chain,0.9916244494900389,15.944868607578346,0.28399531478904283,54.33798478766661,0.016228083474953754,0.8018646136128729,0.9401683679518659,1.6604087390433029,22.293898392445747,1,1
2026-05-01,Exchange Chain,0.2972418484257102,14.532499844340268,0.16872802767479655,49.11629226004482,0.011500427572806768,-0.35030392611141475,0.49507760324268846,1.5149955213974282,20.284013897877816,1,1
2026-05-02,Exchange Chain,0.2597987173719938,14.061024819238456,0.17599211136600934,47.32976842300631,0.008622391268912455,-0.2728644161504941,0.33919850816823943,1.427722636094995,18.67965475059399,1,1
2026-05-03,Exchange Chain,1.4719980976366027,17.88362283700292,0.3905236754670811,59.44712678536346,0.02026220632619462,1.826009543485798,1.3270147281989735,1.9630840635089468,21.0809411115034,1,1
2026-05-04,Exchange Chain,1.5205816233517533,18.61976062783748,0.38961528627506925,60.10514089292277,0.026596294840966254,1.7274954199945873,1.3346190910249884,2.269519633498514,22.90780807916347,1,1
2026-05-05,Exchange Chain,1.211480871599662,18.92489469821205,0.29419810026224624,60.3715890364284,0.02318086440222493,0.7870775012089313,1.3119236404048957,2.188554930278308,22.778392745508246,1,1
2026-05-06,Exchange Chain,0.5661824436494589,17.01817021805147,0.22058057193412411,52.57283431256732,0.015172036216804085,0.06925480138054053,0.6541855862234566,1.9291247543702186,21.833833687814188,1,1
2026-05-07,Exchange Chain,0.3623862778164133,15.539500412254844,0.21011265812665342,46.985744954680605,0.008699472050276177,-0.03353315529384138,0.1855463029590287,1.7059576731208175,20.627510802439375,1,1
2026-05-08,Exchange Chain,0.43824578287959604,17.115916170390864,0.2054895163485023,53.5418787875284,0.0038822827573581947,-0.07876285003992946,0.7266012500037379,1.522435949003993,19.848029315164318,1,1
2026-05-09,Exchange Chain,1.0457506869115465,18.823962998312464,0.2994479602333627,59.00715822041667,0.006637573372786235,0.8523367687148432,1.159718945199884,1.5987138064050401,20.966190484432083,1,1
2026-05-10,Exchange Chain,0.4886336815275243,16.832393536271997,0.2513898381966909,49.99679817403813,0.0049164169716094126,0.36222969168738306,0.39321424506365976,1.5268416718848874,21.61220497085546,1,1
2026-05-11,Exchange Chain,-0.21726857767859353,15.596701908932896,0.0797798776932718,46.45320485076294,-0.0074162590338518785,-1.348100767844413,0.08993866220442395,1.064382644800067,19.190502754544735,1,1
2026-05-12,Exchange Chain,0.23717285539334496,17.027589196592587,0.19828658279801412,51.67434103506837,-0.007222059704817955,-0.14839952307558782,0.5331349240178506,0.9942804514851028,19.120501731841813,1,1
2026-05-13,Exchange Chain,1.0961302177633396,18.57585658388347,0.36673378211488566,55.16234952840366,0.004017108353703859,1.5196907113801625,0.8221039076140837,1.3338907317243007,22.123251577633106,1,1
2026-05-14,Exchange Chain,0.6157121661079483,17.220345604039217,0.2556367218661014,48.85073848720216,0.0037408556921598463,0.3964212278698803,0.26913921085626424,1.3177403956270743,22.878911607316955,1,1
2026-05-15,Exchange Chain,0.18487821145749153,17.642323207742088,0.18292556473177704,50.595924995776926,-0.0012973854714693578,-0.3384108420919366,0.41795072820137474,1.129800163151514,22.120005543026753,1,1
2026-05-16,Exchange Chain,0.14383866739311638,17.55799842977962,0.18339116126039462,50.31234908623742,-0.0043833093776082105,-0.3302502612365542,0.38856908155513115,0.9847586020014157,21.316169881302525,1,1
2026-05-17,Exchange Chain,-0.34643162806268424,14.096333565779712,0.13443148104333139,37.43226794937275,-0.009228004665742306,-0.8231926576302208,-0.7522810284034938,0.7572463838908496,19.42508645483786,1,1
2026-05-18,Exchange Chain,0.17211156944942152,15.205479511897831,0.20645806541922743,41.59803269431432,-0.007179003600948808,-0.07631428923576164,-0.3743128612287753,0.7542345860435529,18.94588646890569,1,1
2026-05-19,Exchange Chain,-0.2956737877793221,15.156310807404294,0.1293445772758304,42.30851548582748,-0.010417987845270748,-0.868871247736313,-0.3070003530375676,0.5692880916861108,17.03106772182926,1,1
2026-05-20,Exchange Chain,-0.0837142989411444,16.430826839012745,0.16446980540963074,47.28453443034782,-0.009615028565445816,-0.4955172309310776,0.14589529639244786,0.5145085041048821,16.14336488028954,1,1
2026-05-21,Exchange Chain,-0.19669852316451797,16.27691220623211,0.1401378443706995,46.658427911344546,-0.01009325415756758,-0.7422404696123107,0.087483438541318,0.4176116479879886,15.093312299348861,1,1
2026-05-22,Exchange Chain,0.8654043815461767,18.949521939950472,0.3245066320529293,54.850793059591844,0.001992366557281645,1.1851902574839766,0.8362627618610025,0.7980929704012648,17.595240435853682,1,1
2026-05-23,Exchange Chain,,,,51.10602911163271,0.0015938932458253174,,0.4825218016741486,0.8048426821927056,17.595240435853682,1,1
2026-03-24,Exchanges,,,0.1708787142811775,,0.0,,,,65.92365941266445,1,1
2026-03-25,Exchanges,,8.064281232129591,0.13026807061516782,0.0,-0.002591676404896326,,,,61.53143450190704,1,1
2026-03-26,Exchanges,,19.31018235197817,0.16424577300494997,45.553634296123064,-0.0019059444635062038,,,,59.27190989796153,1,1
2026-03-27,Exchanges,,25.410841614266786,0.21751741735771277,68.23819277926945,0.0020336946687756945,,,,60.86572500806261,1,1
2026-03-28,Exchanges,,16.428353314945337,0.10249622739954883,35.92264604890751,-0.0029383933281092647,,,,55.23636758622124,1,1
2026-03-29,Exchanges,,21.602259415161186,0.20251495683634205,54.61304328911791,0.0004945083041667591,,,,58.25371256395756,1,1
2026-03-30,Exchanges,,17.89470768258738,0.1133652793336791,43.34411643509554,-0.003057876655311159,,,,51.46080013502685,1,1
2026-03-31,Exchanges,,17.249060042526686,0.11558847203775913,43.63415751706649,-0.004964109401045972,,,,46.02761544056382,1,1
2026-04-01,Exchanges,,14.040437510953272,0.04098502138665638,37.23720179210319,-0.0106302206484624,,,,34.90307929875925,1,1
2026-04-02,Exchanges,,19.26265343543338,0.24048501525309163,54.91308845227788,-0.0008390540887730788,,,,40.79085354504459,1,1
2026-04-03,Exchanges,,19.567121417033714,0.2170238838342104,53.15269295684841,0.003900219849106889,,,,45.4176001645054,1,1
2026-04-04,Exchanges,,18.424625775568156,0.15531789472177393,49.01953562736737,0.002775037930947008,,,,44.54469222757071,1,1
2026-04-05,Exchanges,,18.91325387089495,0.1752391592486491,50.268016882116775,0.0032360483493718006,,,,45.36118083651927,1,1
2026-04-06,Exchanges,,20.67220887362955,0.2477393783972152,54.33768145321411,0.008015176907956056,,,,50.61227009836339,1,1
2026-04-07,Exchanges,,19.08833117040914,0.1619473186517807,49.540451128503584,0.005130176795899777,,,,48.61476847053906,1,1
2026-04-08,Exchanges,,18.69708406352289,0.1408683516348011,50.556605773924574,0.0017108314707425577,,,,45.38311350169937,1,1
2026-04-09,Exchanges,,19.0935788368645,0.19818168193489683,51.73930254001108,0.00313473059523373,,,,46.84015104527812,1,1
2026-04-10,Exchanges,,20.3995634010449,0.2760170366505318,52.92461670332598,0.008822161336431192,,,,53.911120761370526,1,1
2026-04-11,Exchanges,,15.960643010121792,-0.01152885538144451,45.13814200754339,-0.00645413848128386,,,,38.31352075514803,1,1
2026-04-12,Exchanges,,17.045904120542094,0.1714556962363171,48.763185420663945,-0.004026425643089073,0.14402788530806696,,-0.35006685206364707,39.14806538719129,1,1
2026-04-13,Exchanges,-0.598922580488379,16.11680626278638,0.0964670390138298,49.319417409596,-0.0070835158517025855,-0.9025945922959399,0.18500986695865768,-1.0956554904884304,32.9991548122491,1,1
2026-04-14,Exchanges,0.16202256947583799,17.121192565177715,0.1815116706617501,52.489028867910434,-0.0031890212371845886,0.32794225367731883,0.416755911451762,-0.5634352336832814,34.7565473800494,1,1
2026-04-15,Exchanges,1.2349192244244118,20.590477849942193,0.3003008993073236,59.47472476615799,0.007019205998185154,1.8733353782673479,0.9233623372630345,1.3635268950198287,46.25366505096871,1,1
2026-04-16,Exchanges,1.329478107469338,20.407179172549274,0.30284676135164984,52.66160333181635,0.013215248101902784,1.737521687913035,0.378056262277634,2.451030200452398,56.915877102986634,1,1
2026-04-17,Exchanges,1.1217013844532728,21.107268849956945,0.2572225841624611,51.683827779003316,0.013467503935010354,1.084083084121169,0.2930036944160774,2.4914544897248665,63.50219181489456,1,1
2026-04-18,Exchanges,1.5357691229168366,24.21252218709355,0.32751570811089453,57.161437512295066,0.017347962205358183,1.8285534058467376,0.7189369175931698,2.826588507529416,74.356941708864,1,1
2026-04-19,Exchanges,0.7842779090849333,23.467522422013424,0.23904080068360992,52.51027270410552,0.013127343072395745,0.7068936476103962,0.3273535863488469,2.3618611862043566,77.15371804005576,1,1
2026-04-20,Exchanges,0.5837351089386983,23.04561687510081,0.23001892597019657,49.2661321263538,0.009090964456957631,0.5794366724669143,0.05318679876059958,1.9871350850343759,80.72787275432364,1,1
2026-04-21,Exchanges,-0.425167088052562,20.39317883066026,0.06393599583793654,46.19410007360344,-0.0046623319150853725,-1.4485226593660194,-0.20679554131768624,0.6503219320869872,70.08337788176829,1,1
2026-04-22,Exchanges,-0.6575745067250011,18.96674208476726,0.06225545100662461,46.900672337003485,-0.013282631013436573,-1.3945545386355818,-0.14252998805873365,-0.40952620973788817,60.96133720266364,1,1
2026-04-23,Exchanges,-0.4345529340718409,18.787461946578073,0.13720900879176273,47.62911895087758,-0.013312893339590914,-0.46942469500698475,-0.07642384850176931,-0.6971348595127917,58.623618201738715,1,1
2026-04-24,Exchanges,-1.028858646228294,15.926668482890967,0.05787132892459846,41.5274508816013,-0.017773664190119484,-1.383225068700447,-0.6151444438496565,-1.4368583838637599,50.01059689216296,1,1
2026-04-25,Exchanges,-0.7304647338797211,18.050898934139344,0.07915315386048873,54.44039240993694,-0.018315739464500193,-1.086192786705668,0.555148739115289,-1.77152792653117,43.515166964990414,1,1
2026-04-26,Exchanges,0.13795906231351673,18.501642843092597,0.2256285989391346,52.75102621958276,-0.00834192615036105,0.6764137802210878,0.39191956198828387,-1.0549351817101418,49.3511973418761,1,1
2026-04-27,Exchanges,-0.6212624936354542,17.34480326966166,0.10387150485473785,50.35896511149273,-0.009398762442596981,-0.7941632388523451,0.1650614512149547,-1.2957529283728033,45.04942531760255,1,1
2026-04-28,Exchanges,-0.625739624827907,16.443136566623867,0.12441261912025925,47.047189404607494,-0.008211434201024184,-0.5319414418463136,-0.14812663088052122,-1.3161559260920574,42.49874619246609,1,1
2026-04-29,Exchanges,-1.520470711451947,11.531419178489669,-0.000747423113546232,34.53354976756444,-0.014959340718514444,-1.9452441900028024,-1.3047930208807854,-2.038601700244792,29.230318804836337,1,1
2026-04-30,Exchanges,-0.020192516831114865,15.808672351639341,0.2236634863075202,46.68715624800514,-0.003984265405315534,0.7114864579448346,-0.14166040683339806,-1.196885013609611,35.72212145744332,1,1
2026-05-01,Exchanges,0.1779086301212417,17.380403351518996,0.22296757955858723,48.510868163927604,0.0031671898141654928,0.68983898252715,0.03455205772411324,-0.5539016173409355,41.18956599584574,1,1
2026-05-02,Exchanges,0.629813262358029,19.022986136249354,0.2895033425873534,48.34211237832745,0.011830532368440666,1.433862086120812,0.017753437062390815,0.37621671876619667,51.54170038564414,1,1
2026-05-03,Exchanges,-0.6100546627167646,16.571961041801686,0.07471323828725145,43.54426174836324,0.0030068260811051814,-1.0890722663186017,-0.4528828466271672,-0.2772202847507459,43.491307464157806,1,1
2026-05-04,Exchanges,-0.7749006161158395,15.7195007133738,0.06481341656298363,43.514244888876306,-0.003246104367579562,-1.1717057109876936,-0.44928130919036396,-0.8414485194715298,36.06113336048825,1,1
2026-05-05,Exchanges,0.1442497581560627,18.99225643864053,0.1715263894218619,54.4303858062865,-0.00011057872818592655,0.08586200761289375,0.6483245894419465,-0.5756031183361071,37.72846853148741,1,1
2026-05-06,Exchanges,0.14548930694216922,19.29620560365534,0.16334830935348105,54.14067124362511,0.001413253307288434,-0.011619042747647548,0.6088571100095187,-0.41370788908858336,38.57065835601524,1,1
2026-05-07,Exchanges,-0.8804131033260922,15.949945012290314,0.03631513619077836,46.03656955834703,-0.005741250242062257,-1.4890128225877903,-0.22369558958947441,-1.1077055101656001,28.711165385031716,1,1
2026-05-08,Exchanges,-0.8006883514534963,16.149857978089987,0.05416868059079712,49.8471654634502,-0.008700698206668963,-1.2406786071173406,0.17148504988115168,-1.4833702781478184,22.083714886499784,1,1
2026-05-09,Exchanges,-0.3713351768285079,16.078063042972815,0.10462911716934531,51.02683888688773,-0.0067749011155581705,-0.6346410805332074,0.29236221543659513,-1.4162264548356664,19.312905853071893,1,1
2026-05-10,Exchanges,0.015287409814412178,16.188720926735762,0.18986212055080673,48.48352277052334,0.000346464816176853,0.37491301820025813,0.021338912772388516,-0.8129680882093613,23.503797860661095,1,1
2026-05-11,Exchanges,-0.1238619168892286,17.212300555050817,0.12699423974833027,51.03192151148779,0.0008987567713314559,-0.3755756316713069,0.2923727747532154,-0.7374404767637565,23.568783041785274,1,1
2026-05-12,Exchanges,-0.6003176695676848,16.214054002440292,0.08434784029676919,48.246584289358346,-0.0014068323845655498,-0.8764043428656003,-0.010324663993182947,-0.9381978839380208,19.522257238612497,1,1
2026-05-13,Exchanges,0.36963938082139225,19.64190348466082,0.185947362565371,58.34265183281604,0.003825820933829365,0.353451341019292,1.074875709185062,-0.42293543854338445,23.36274643543984,1,1
2026-05-14,Exchanges,1.0258624334275497,21.1306249824675,0.3152986819249434,54.4749956561066,0.015271329298880785,1.852730651662182,0.6417594840824999,0.8323081313571716,37.38363657321618,1,1
2026-05-15,Exchanges,0.07944396523421768,19.405344140692975,0.1634728632977114,47.46828374580287,0.012032067869071676,0.039440107408967945,-0.12985390950645517,0.8003941393375809,36.81508038940102,1,1
2026-05-16,Exchanges,0.3396344916418822,19.32829887878647,0.1871043077388116,45.47740811916171,0.010928333772238513,0.321087969499951,-0.3479238426705074,0.9205049060996044,38.68470081611111,1,1
2026-05-17,Exchanges,-0.24347653354261328,19.61512478823795,0.0837312447140481,50.44177048047444,0.0030909275568392442,-0.9201463206061812,0.20775851184127858,0.32533680844616136,32.08069228347191,1,1
2026-05-18,Exchanges,0.7020117487803937,21.798758313145917,0.21433660510366725,56.550151312449955,0.006368747411854522,0.6615336496805816,0.8855453641005425,0.7267132487211432,36.04669433653251,1,1
2026-05-19,Exchanges,0.3805070845985612,20.20246403963828,0.17430486734291514,50.129268714459606,0.005537370268753332,0.1700739421319423,0.1548493903200423,0.7628690313462367,36.2610067468746,1,1
2026-05-20,Exchanges,-0.036437352229075126,19.60278421711765,0.13940395385586649,48.91301709343813,0.002488826650903991,-0.25844205572075574,0.015331046959004266,0.5500205457716515,33.361791288387124,1,1
2026-05-21,Exchanges,-0.05470106616798705,20.237726795100176,0.11666461122168718,54.02907835699095,-0.0010191337649300405,-0.5356282908041526,0.5998469021621161,0.22560787967374554,29.04932455713403,1,1
2026-05-22,Exchanges,-0.09720915060117874,19.598575538666196,0.12331814374737442,53.50685040146049,-0.00275304721014391,-0.44779339713926036,0.533272658433467,0.01621168582803029,25.517867084957796,1,1
2026-05-23,Exchanges,,,,50.99892244460931,-0.002202437768115128,,0.23772154840086657,0.01910784747006124,25.517867084957796,1,1
2026-03-24,FX,,,-0.5859,,0.0,,,,30.34982688766116,2,2
2026-03-25,FX,,,,,0.0,,,,30.391145795497685,2,2
2026-03-26,FX,,,,,0.0,,,,30.475373943993976,2,2
2026-03-27,FX,,,,,0.0,,,,30.65893966263087,2,2
2026-03-28,FX,,,,,0.0,,,,30.65893966263087,2,2
2026-03-29,FX,,,,,0.0,,,,30.65893966263087,2,2
2026-03-30,FX,,,-0.4767,,0.016614173305557145,,,,65.96693634278962,2,2
2026-03-31,FX,,,,,0.013291338644445715,,,,66.26454704964675,2,2
2026-04-01,FX,,,,,0.010633070915556573,,,,66.42297338052704,2,2
2026-04-02,FX,,,,,0.008506456732445258,,,,66.61697610882929,2,2
2026-04-03,FX,,,,,0.006805165385956206,,,,66.61697610882929,2,2
2026-04-04,FX,,,,,0.005444132308764964,,,,66.61697610882929,2,2
2026-04-05,FX,,,,,0.004355305847011971,,,,66.61697610882929,2,2
2026-04-06,FX,,,,,0.003484244677609577,,,,66.80056652864653,2,2
2026-04-07,FX,,,,,0.0027873957420876602,,,,67.03512547528798,2,2
2026-04-08,FX,,,,,0.0022299165936701254,,,,67.01033745634535,2,2
2026-04-09,FX,,,,,0.0017839332749360996,,,,66.93335857881591,2,2
2026-04-10,FX,,,,,0.001427146619948881,,,,66.94784074181123,2,2
2026-04-11,FX,,,,,0.0011417172959591049,,,,66.94784074181123,2,2
2026-04-12,FX,,,,,0.0009133738367672825,,,0.6380774695464941,66.94784074181123,2,2
2026-04-13,FX,,,,,0.0007306990694138267,,,0.6172133998483675,66.98581766704226,2,2
2026-04-14,FX,,,,,0.00058455925553106,,,0.5982930264130992,67.02970772095539,2,2
2026-04-15,FX,,,,,0.0004676474044248459,,,0.5810300404698442,67.10669747858337,2,2
2026-04-16,FX,,,,,0.0003741179235398767,,,0.565194165260439,67.29662419651027,2,2
2026-04-17,FX,,,,,0.00029929433883190207,,,0.5505977612893481,67.41459456614709,2,2
2026-04-18,FX,,,,,0.00023943547106551957,,,0.5370861555295746,67.41459456614709,2,2
2026-04-19,FX,,,,,0.00019154837685241358,,,0.5245305283129622,67.41459456614709,2,2
2026-04-20,FX,,,,,0.00015323870148193156,,,0.5128225940683708,67.58312430467808,2,2
2026-04-21,FX,,,,,0.00012259096118554316,,,0.5018705639589912,67.7019104418428,2,2
2026-04-22,FX,,,,,9.807276894843384e-05,,,0.4915960401250875,67.64660604857811,2,2
2026-04-23,FX,,,,,7.845821515874499e-05,,,0.48193159734149926,67.58121805365711,2,2
2026-04-24,FX,,,,,6.276657212699391e-05,,,0.4728188789670864,67.61993399533287,2,2
2026-04-25,FX,,,,,5.0213257701593045e-05,,,0.46420708254852777,67.61993399533287,2,2
2026-04-26,FX,,,,,4.017060616127305e-05,,,0.45605174407879545,67.61993399533287,2,2
2026-04-27,FX,,,,,3.213648492901913e-05,,,0.44831375360887243,67.45277037752533,2,2
2026-04-28,FX,,,,,2.5709187943215306e-05,,,0.44095855184409866,67.49014052593543,2,2
2026-04-29,FX,,,,,2.0567350354570857e-05,,,0.433955469613729,67.50481284201958,2,2
2026-04-30,FX,,,,,1.6453880283654604e-05,,,0.4272771810823556,67.50481284201958,2,2
2026-05-01,FX,,,,,1.3163104226922295e-05,,,0.42089924822477076,67.50481284201958,2,2
2026-05-02,FX,,,,,1.0530483381537836e-05,,,0.41479973906622913,67.50481284201958,2,2
2026-05-03,FX,,,,,8.424386705230269e-06,,,0.4089589059545983,67.50481284201958,2,2
2026-05-04,FX,,,,,6.739509364184909e-06,,,0.40335891300231963,67.50481284201958,2,2
2026-05-05,FX,,,,,5.391607491345846e-06,,,0.39798360404496985,67.50481284201958,2,2
2026-05-06,FX,,,,,4.313285993075289e-06,,,0.39281830417598157,67.50481284201958,2,2
2026-05-07,FX,,,,,3.450628794459537e-06,,,0.3878496492551596,67.50481284201958,2,2
2026-05-08,FX,,,,,2.760503035565548e-06,,,0.3830654388414369,67.50481284201958,2,2
2026-05-09,FX,,,,,2.2084024284517445e-06,,,0.3784545088341213,67.50481284201958,2,2
2026-05-10,FX,,,,,1.766721942759314e-06,,,0.37400662077154784,67.50481284201958,2,2
2026-05-11,FX,,,,,1.4133775542053695e-06,,,0.3697123652689319,67.50481284201958,2,2
2026-05-12,FX,,,,,1.1307020433629078e-06,,,0.3655630775069657,67.50481284201958,2,2
2026-05-13,FX,,,,,9.045616346896324e-07,,,0.36155076303109357,67.50481284201958,2,2
2026-05-14,FX,,,,,7.23649307751012e-07,,,0.3576680324053049,67.50481284201958,2,2
2026-05-15,FX,,,,,5.789194462008096e-07,,,0.3539080434967621,67.50481284201958,2,2
2026-05-16,FX,,,,,4.631355569606477e-07,,,0.35026445035884674,67.50481284201958,2,2
2026-05-17,FX,,,,,3.7050844556643647e-07,,,0.34673135783823894,67.50481284201958,2,2
2026-05-18,FX,,,0.9601,,0.2723176449857653,,,7.27730045774222,67.50481284201958,2,2
2026-05-19,FX,,,,,0.2178541159886122,,,5.171597757541779,67.50481284201958,2,2
2026-05-20,FX,,,,,0.17428329279088975,,,4.230099190568245,67.50481284201958,2,2
2026-05-21,FX,,,,,0.1394266342327118,,,3.666898597611501,67.50481284201958,2,2
2026-05-22,FX,,,,,0.11154130738616941,,,3.28184793557298,67.50481284201958,2,2
2026-05-23,FX,,,,,0.0892330459089355,,,2.9703058480367917,67.50481284201958,2,2
2026-03-24,Financials,,,0.3543271640320657,,0.0,,,,63.62580576217299,9,9
2026-03-25,Financials,,8.370605705138724,0.23426934970666272,0.0,-0.007661809233302064,,,,60.2111569018193,9,9
2026-03-26,Financials,,12.538936581307606,0.2617491720163424,18.625635421860423,-0.010291277251279984,,,,57.425975099767825,9,9
2026-03-27,Financials,,10.200984688240935,0.1974840687573537,12.974252516007653,-0.015460221144001494,,,,52.49514817786962,9,9
2026-03-28,Financials,,11.33576944737618,0.21443364660491943,19.422491800684583,-0.016731726549872643,,,,49.50215666613845,9,9
2026-03-29,Financials,,10.6558353158194,0.20441210371978563,18.607313229605694,-0.01717683753009553,,,,46.52327704780216,9,9
2026-03-30,Financials,,12.232892313577686,0.23170934649184247,26.957697402332144,-0.01465989983674612,,,,43.29769824034672,9,9
2026-03-31,Financials,,11.266695088011524,0.21072610694875338,24.987130378938588,-0.013466084164369917,,,,40.57834534283073,9,9
2026-04-01,Financials,,10.730933834253031,0.20713861594337798,24.67870573040419,-0.012023309570083657,,,,37.92969743843919,9,9
2026-04-02,Financials,,9.207181232545755,0.15876247354431472,21.157179835214166,-0.013331028517897602,,,,34.33663638691316,9,9
2026-04-03,Financials,,9.779075254266566,0.17624620700413055,25.023828479706708,-0.012060743216620554,,,,31.802980274922003,9,9
2026-04-04,Financials,,15.58890322063976,0.3217721156684334,46.757643686734035,-0.001042363885684447,,,,33.74758513537519,9,9
2026-04-05,Financials,,13.83918281870465,0.2391295063140301,40.14849292509726,0.000949524260993248,,,,33.00250713335494,9,9
2026-04-06,Financials,,12.08441665658075,0.15367060406760105,35.028515329343065,-0.0030025288533715028,,,,30.033019658206115,9,9
2026-04-07,Financials,,13.349876469303453,0.2171368178190054,40.64945358716622,-0.0009620596848042354,,,,28.76833440477833,9,9
2026-04-08,Financials,,14.53543629792353,0.1843700584990236,46.13964412189243,-0.0014117292042933813,,,,27.581920424894015,9,9
2026-04-09,Financials,,13.92279039718249,0.18661381646256206,43.95111900808003,-0.0011610899536956543,,,,26.958056829710465,9,9
2026-04-10,Financials,,16.888259355790574,0.26114430913009057,55.04172746177177,0.004131167235763705,,,,27.369871910723667,9,9
2026-04-11,Financials,,21.50036419402673,0.5351901745589203,68.05187597955349,0.025029173229576474,,,,34.73608076503689,9,9
2026-04-12,Financials,,18.10223709383577,0.3039545091707549,54.48533057905245,0.022310118818224724,0.7081395268351791,,1.951292470972203,34.57729597908351,9,9
2026-04-13,Financials,1.011441863862063,18.024522264684716,0.295245529870832,52.911683604069296,0.01908116977825391,0.5881279407344415,1.112604848588325,1.8267925406167593,35.45578412098503,9,9
2026-04-14,Financials,1.1871038687307103,19.30749745250519,0.3389361417492025,55.75571371603072,0.019002425155976697,1.0476866768882929,1.2005833131519161,1.8887394048382864,37.743403576739375,9,9
2026-04-15,Financials,1.2825978903835697,20.300060495612442,0.3669125046731464,57.01900484573092,0.019856138528681136,1.2919715959158593,1.1996611501465426,1.9780373970867546,40.80000634163915,9,9
2026-04-16,Financials,1.0497972380173044,20.6859506335006,0.31804923355854736,56.9946111693014,0.016300563353100296,0.7071276499474093,1.136574639035146,1.8138533068321028,42.17383963104337,9,9
2026-04-17,Financials,1.401779194790941,22.241244660283286,0.4128746540418872,59.729941585074634,0.019300444997232564,1.6644161407174194,1.2207289639107115,1.9859584492347724,45.761619666842975,9,9
2026-04-18,Financials,1.5252531967662835,22.248449526801668,0.4728767091165989,56.68334124487633,0.02398556577792831,2.0743190713519826,1.0084388325683533,2.19911846398433,49.95234903919408,9,9
2026-04-19,Financials,1.395113088406647,23.325706047987484,0.4386743503899178,59.22096863550514,0.023414786461489125,1.6020450406434443,1.0988590186432947,2.1570261192915865,52.287652756494296,9,9
2026-04-20,Financials,1.2677507121032754,24.73964422051224,0.4065615153680171,62.29212243664712,0.01965961346946779,1.223452410795685,1.2083686782845011,1.9940273850236392,54.85936782530289,9,9
2026-04-21,Financials,0.7585659933193666,23.659474865155595,0.3549662432432384,56.777609416040264,0.012817244729711706,0.6971142784544653,0.8787289450216487,1.7204531171333906,55.49041084066846,9,9
2026-04-22,Financials,0.6190304438278922,23.930015271382224,0.33172323951099547,57.314439540846536,0.006178732219354159,0.4569018003500921,0.8799949260674984,1.4498822206061677,55.1166469875878,9,9
2026-04-23,Financials,0.19339814986933054,22.50951646445573,0.24786360176253788,52.812482540585265,-0.0038664999123151633,-0.38084954556818956,0.6182542716525992,1.01676252535045,52.412244269438176,9,9
2026-04-24,Financials,0.3070289041678804,22.300707748983186,0.3042520270702452,52.01296882704439,-0.006561293961585491,0.19237637895863674,0.5617823262916846,0.8372156826453396,51.3755901472198,9,9
2026-04-25,Financials,-0.15025683923106586,17.343701592386658,0.2605503105245752,33.660279095513275,-0.01088027477356807,-0.25724450623626277,-0.45984325928129405,0.5703249296426958,49.04908945420321,9,9
2026-04-26,Financials,0.717863007483504,22.853999484285524,0.3720838290045847,54.726584706133565,-0.00605930788316358,0.8935607788247397,0.7211768915404466,0.6766797478360367,50.32403804770139,9,9
2026-04-27,Financials,0.26707625271042146,22.124377701369966,0.31622107244291703,51.36584910078601,-0.006431350710381143,0.2986109104463302,0.518838513129719,0.5919253573782954,50.29726915612614,9,9
2026-04-28,Financials,0.08962983857899595,21.146239421228117,0.292440215174797,46.89176532264554,-0.007976718110568192,0.04328250079202533,0.25574136521371055,0.45225480692297454,49.90217212191278,9,9
2026-04-29,Financials,-0.40957266960009864,19.089350302554234,0.19924082819886563,39.69025110065076,-0.014588439746813169,-0.9444944607681829,-0.1650142396585918,0.06422044680919592,47.14255912549599,9,9
2026-04-30,Financials,0.0011468738996158606,21.261622995159197,0.28855458543065204,48.27238036063052,-0.012348244208629428,0.026939969567659695,0.3412003983609016,0.031397879961959724,47.18314770071575,9,9
2026-05-01,Financials,-0.14581032644662245,19.46278908240027,0.2795211385389818,41.31619731127741,-0.010925417891319733,-0.07178574533570392,-0.07744461222739538,-0.019130387894041576,46.73751198495607,9,9
2026-05-02,Financials,0.4328920340762702,20.230802829843277,0.3672316639091797,43.360146726284846,-0.003890614137690607,0.888137356010287,0.04695737334437088,0.2164210756606827,48.32723859916723,9,9
2026-05-03,Financials,-0.6860784156088485,17.8770893259056,0.15965673323673976,35.60146984680462,-0.012542668153638257,-1.3853523848489537,-0.42754267437584087,-0.2496330378190661,46.408775024090225,9,9
2026-05-04,Financials,0.7422322517184577,22.42007588443983,0.42656068440663397,50.83073645145009,-0.0002646646984242622,1.5053902396828127,0.5182486952599626,0.23932728908225004,50.25481204199664,9,9
2026-05-05,Financials,-0.24545871936503003,20.677717342038,0.23037781056967807,45.37975714841029,-0.005064256024734683,-0.6193224808540154,0.1715788862521929,-0.007800524554496763,48.11526364405372,9,9
2026-05-06,Financials,-0.12132506189270047,21.116384228941754,0.2638723844573072,47.50280311303499,-0.005647129794580047,-0.2491545990288886,0.3035513791934605,-0.08906824544219989,47.48342179467606,9,9
2026-05-07,Financials,0.6400134503179545,23.296221699090086,0.37707836977651255,54.65509063168328,0.0015433755230117325,0.9833540522364759,0.752477213065916,0.22452118584279337,49.67707052557277,9,9
2026-05-08,Financials,0.791952885645995,23.472627097766285,0.40589865178354184,53.73613312118399,0.007840329976732653,1.2652536953692317,0.6814720892045423,0.5647322041571979,51.93874139845118,9,9
2026-05-09,Financials,0.8116726900476245,24.13392780395562,0.3929648251492347,54.979671605705434,0.010564607936016551,1.096244551355836,0.7498110333790786,0.7792400932071012,53.976554458909234,9,9
2026-05-10,Financials,1.035344292169555,24.174003962476206,0.4511324689955848,53.097068705689274,0.01542024119214083,1.6644712593298072,0.6169263341906526,1.1236010458701353,56.81509313995796,9,9
2026-05-11,Financials,0.23269997293617214,23.094239266788406,0.30235212131571304,49.49350204773775,0.008115143138439217,0.06351802934555333,0.3740759089184766,0.8826128725191846,55.72241760628985,9,9
2026-05-12,Financials,0.2031246923707056,23.152197543529887,0.3035720351210141,50.41334858220799,0.0031250498106165803,0.07601751474734414,0.4302718714788476,0.6926894126572294,54.69461981646087,9,9
2026-05-13,Financials,0.4219134552424788,24.422192911439957,0.3456259685626511,55.650208171519225,0.0024463546506878,0.5311058520228554,0.7704303104385364,0.6799233307028549,54.39749412454595,9,9
2026-05-14,Financials,0.8559937941643606,24.506263996829745,0.4092730918213838,54.75371013701207,0.005877989849909265,1.2055069381452208,0.6994395842145105,0.8759668136039879,56.26562943398535,9,9
2026-05-15,Financials,0.2983422399423049,23.674780988291026,0.32742748635448266,51.78416634533908,0.0024076053226727307,0.30148156413974786,0.49170842409393967,0.7410300519862099,55.776242959315674,9,9
2026-05-16,Financials,0.19458546957362613,22.693773137213924,0.32398319547001914,48.28143852696976,-0.00020900684596309935,0.2606596553284379,0.24936495102261158,0.6172528864298181,55.095331138700054,9,9
2026-05-17,Financials,1.0483345118665803,26.49462407190985,0.4341423131814512,61.82251544164311,0.005097056600272633,1.4517456703247467,1.1589936642788323,0.889617447759271,57.637478916595725,9,9
2026-05-18,Financials,0.32422820417404774,22.66466325663252,0.3604114585546199,46.58209375794452,0.003343701363327938,0.6267661923714523,0.10860755788847132,0.8365527999204223,57.64566289923623,9,9
2026-05-19,Financials,0.3242991710298425,24.900283944290035,0.32568937203057197,55.910973505623254,-0.0002606194848082371,0.23763993423385005,0.7463714652712412,0.6671250880552441,57.17687844682248,9,9
2026-05-20,Financials,0.17439990763092225,24.02561477258347,0.31093883613441403,52.9884161635469,-0.0035610135557474047,0.07124899351937075,0.5363556404943459,0.4774214567900486,56.45640663114541,9,9
2026-05-21,Financials,0.09548705998850238,22.378592790604433,0.32831315418962714,46.47471813352388,-0.004439650700065698,0.26583180376154003,0.0782897610288925,0.38545573433900293,56.53648703347149,9,9
2026-05-22,Financials,-0.5328517835101316,20.00779857859436,0.22066596591605098,37.97934673645767,-0.01172277950789616,-0.9491837326086772,-0.5179214308707973,-0.07037969456539475,55.37670714970041,9,9
2026-05-23,Financials,,,,38.62778294754321,-0.009378223606316929,,-0.4669341828123712,-0.06723501674235062,55.37670714970041,9,9
2026-03-24,Fintech,,,0.23287039095402337,,0.0,,,,62.4814487260589,5,5
2026-03-25,Fintech,,8.21741197039937,0.19657890513066262,0.0,-0.0023160378417187433,,,,60.23166206076642,5,5
2026-03-26,Fintech,,25.396365682530444,0.27624925786784343,68.70394064646221,0.0014433795448787422,,,,59.36886990223119,5,5
2026-03-27,Fintech,,15.33761030904003,0.13720521651122383,31.24255517679113,-0.005147431732400802,,,,55.75556952489486,5,5
2026-03-28,Fintech,,18.804854351481424,0.198461278877897,44.56002960273269,-0.0050856478808009595,,,,56.1999702513729,5,5
2026-03-29,Fintech,,17.939322747137872,0.17086573392960386,40.98396002315894,-0.006516095881242646,,,,56.15612561208029,5,5
2026-03-30,Fintech,,19.928093086006488,0.22969429223711374,49.605635860481165,-0.003276623581416592,,,,54.57273314595652,5,5
2026-03-31,Fintech,,16.827079290325088,0.1292790308566633,39.7047216263926,-0.007435054661656284,,,,50.898973927292886,5,5
2026-04-01,Fintech,,23.17498841332936,0.4215865657176511,61.86284114852529,0.009067240946991448,,,,54.24953596554044,5,5
2026-04-02,Fintech,,19.596081017244153,0.2160888998217349,49.16168538202251,0.005864771150066173,,,,52.232511120206354,5,5
2026-04-03,Fintech,,18.473967347330248,0.16756657268366512,46.88860187066106,0.0004840472969957826,,,,48.701838869315644,5,5
2026-04-04,Fintech,,20.60404931439958,0.32108748026166223,53.66669887356001,0.006912926424970638,,,,50.866976657033675,5,5
2026-04-05,Fintech,,16.416134522661018,-0.011526965211533215,42.0420989856126,-0.010632955044238215,,,,44.36643504900513,5,5
2026-04-06,Fintech,,16.441494493204097,0.08085980516029845,45.33122957345581,-0.01513914851738715,,,,40.391130400555255,5,5
2026-04-07,Fintech,,17.436130657879918,0.22868618652518724,49.882186681417735,-0.007663564429004708,,,,39.43485467734179,5,5
2026-04-08,Fintech,,17.444496560374127,0.2168913931014833,50.57993240555871,-0.0032391004187151823,,,,38.41999566648693,5,5
2026-04-09,Fintech,,17.012246321150442,0.23865714618012665,48.89002470118136,0.0011901811614256092,,,,38.24924881355334,5,5
2026-04-10,Fintech,,14.623864784429767,-0.051496271839626,44.884711858542204,-0.014518373421512052,,,,31.143517856005484,5,5
2026-04-11,Fintech,,18.937302211180977,0.4757025640435419,55.999781456933086,0.01016913648162274,,,,39.17787948646986,5,5
2026-04-12,Fintech,,18.501790226895302,0.3136035448849164,52.91905521519871,0.01486940063717002,0.8365013213048105,,1.4710520422354425,40.853799807184416,5,5
2026-04-13,Fintech,0.11662622953038587,17.234347085496726,0.17736712474750763,48.962725541324986,0.008412251039538379,-0.2513128930115686,0.19759057709894473,0.9722314473715798,38.98112951689633,5,5
2026-04-14,Fintech,0.1532698905894613,17.81196980810799,0.19709815851636245,51.38879405886639,0.005234650426424479,-0.08704050010174601,0.36725303781843666,0.7510226998641071,37.941509888992705,5,5
2026-04-15,Fintech,0.6141603158643343,17.351518493479393,0.2855808022396949,46.9612138041072,0.008654818960075155,0.6385658037146061,0.03145792981662047,1.2566708198737218,40.89398245047293,5,5
2026-04-16,Fintech,0.19862625046323942,18.303786333637003,0.20596703328084526,49.7603664095126,0.005283804052187637,-0.04065314308074758,0.2429781905920577,1.0011306085157334,41.71938753789974,5,5
2026-04-17,Fintech,0.19004071005206488,19.136686872057794,0.2098607684468911,51.02292432211636,0.0031501320682962553,-0.006518238272460366,0.33528908321116463,0.8332340985107745,43.54693929225448,5,5
2026-04-18,Fintech,1.0879723857356054,20.072551005274295,0.37806977443364176,51.3684469089193,0.01238289019412537,1.4048229774076524,0.3552144251418157,1.905956152641679,47.94026927360324,5,5
2026-04-19,Fintech,0.5864682056795124,21.50141819673246,0.2459030537720302,56.84087277614874,0.009058409817232634,0.24702565968232007,0.7807594575504951,1.6691065247178039,48.2778740444653,5,5
2026-04-20,Fintech,-0.022468067497609337,20.257176174489903,0.1412894810360145,51.5954734201293,-0.00022469804109714712,-0.6649624667970051,0.3385348512911122,0.7732835518222982,47.99742612418785,5,5
2026-04-21,Fintech,0.03267350845116973,19.98924493814427,0.20253835980046286,49.2765682610998,-0.0021704560113346523,-0.11314018053331514,0.14023255493328265,0.5272250443006029,48.50302695921121,5,5
2026-04-22,Fintech,-0.335930916427586,19.57686122035326,0.138614169842674,47.89502324142549,-0.007398611282245601,-0.6804132356609177,0.021059694941779852,-0.14545635462243361,47.0800790410914,5,5
2026-04-23,Fintech,-0.33309415626428895,19.777100683015092,0.16580724332674207,48.04667264885888,-0.008578287234182224,-0.42151660647788514,0.03378304103552957,-0.4590100392150303,46.436214933153046,5,5
2026-04-24,Fintech,-0.17484419825382164,22.232236865941257,0.16999595449489036,57.01457692901665,-0.008607147227142401,-0.3756254881443455,0.8106352171950655,-0.658389165717239,46.03154134048196,5,5
2026-04-25,Fintech,-1.7462462413254392,14.294163734408475,-0.052224011842679746,29.277830886853167,-0.022342440620390595,-2.2402775451019914,-1.5795502712635694,-2.3093732784964582,39.87924635336234,5,5
2026-04-26,Fintech,-0.2761401348857928,18.965155703762033,0.2176264206886231,46.52652509095041,-0.012494927923805535,0.13882295323558083,-0.0737768932317145,-1.600060702480407,41.5037333109736,5,5
2026-04-27,Fintech,0.0584329958882264,20.99328503299136,0.23545206365240898,52.29918916137403,-0.004437546958921856,0.293954310740413,0.43026697381460716,-0.9520593608402584,42.97232354771021,5,5
2026-04-28,Fintech,0.46337542321160063,22.042064698393503,0.2922854620755565,53.66030754253083,0.004574930784106193,0.7916592918023044,0.542263605744244,-0.04281554723622866,44.423429722149336,5,5
2026-04-29,Fintech,0.1838316359280629,20.642424586151215,0.221866163830651,47.51541807979476,0.00558219870014957,0.14683786753871764,-0.014739589231949542,0.17289956486130764,42.835483456743745,5,5
2026-04-30,Fintech,0.27951745476098044,21.485254566679814,0.2186082531349122,50.52416457780889,0.005792513426874955,0.1151614464694265,0.25835722872706274,0.3208554773201695,43.037322245910175,5,5
2026-05-01,Fintech,-0.788735795432911,19.45149796229575,0.053053510128605,44.26666828167448,-0.004878318704291226,-1.3826796860620605,-0.32030771097605515,-0.7706636827582203,40.2628535182695,5,5
2026-05-02,Fintech,-0.9223450445311059,17.823403658231705,0.09430896372589757,38.56312301270819,-0.008600597954085961,-0.9760097325111908,-0.8396496022814023,-1.2761699253342658,38.69827660587736,5,5
2026-05-03,Fintech,0.6107333079971128,22.26976423267622,0.3318573072050429,53.19310894869536,0.004774025314109934,1.187219758965323,0.5373680679226356,0.0750742014687385,42.19065898708629,5,5
2026-05-04,Fintech,-0.1935260667329747,21.335680853403964,0.15709830017431253,50.55818985323672,0.0018401631525355577,-0.4161169688714403,0.2817840443943136,-0.15555842013110788,40.76936723699651,5,5
2026-05-05,Fintech,-0.3023546880100121,20.460258550880734,0.15467787503197142,48.23685895193758,-0.00016769224835106074,-0.43263428148792943,0.05660946630855457,-0.34604716917789785,38.4723268931884,5,5
2026-05-06,Fintech,-0.726757895599665,19.843807885364427,0.07251313284357781,47.597184210122535,-0.006578603265492046,-1.171390281293513,-0.005952752994041527,-1.0921882671189969,36.28865412778157,5,5
2026-05-07,Fintech,0.022908112982561055,20.934020823432096,0.2006882543826191,51.18122737148759,-0.001974801014124847,0.02651000477229618,0.3448300456464465,-0.6866536402420921,37.49907379355499,5,5
2026-05-08,Fintech,0.3449358038649348,21.4972083971001,0.24508231305508418,52.47535507324724,0.00394926046871426,0.44056106782822496,0.4680330800065189,-0.019727696580656734,38.77911345513366,5,5
2026-05-09,Fintech,1.2308667266409543,25.21982129061076,0.34738696435218014,64.30489319706791,0.014077003336329233,1.372281198750778,1.5969995039373661,1.2742711666448387,42.83556524921026,5,5
2026-05-10,Fintech,0.8011900197171663,22.549979596607596,0.27083686736772294,52.21072236530478,0.014862442704544588,0.6398711866447503,0.3928395421261772,1.6422746927510472,44.786707498414685,5,5
2026-05-11,Fintech,1.04156123405213,23.305918911866556,0.30886998301264884,52.99990591434657,0.01702969162971568,0.9810438479404896,0.46589077262687645,2.120531677320016,47.822298559798796,5,5
2026-05-12,Fintech,0.26528956335230425,21.55564549334688,0.201345066607613,46.43192421968694,0.010621433577918645,-0.040540486808244264,-0.1949747558559014,1.7062827532979385,47.269666655362,5,5
2026-05-13,Fintech,0.12903979261004764,21.809541137201226,0.1786897827184665,48.239994452002186,0.004566118644964014,-0.2554371150392701,-0.010520429055414783,1.235169651651415,45.904074193535216,5,5
2026-05-14,Fintech,0.5277868298879314,22.496838476036057,0.22965132514639364,50.43329902696412,0.003737098001177946,0.23619408189699836,0.21324596491212047,1.2144263548206033,46.70298390894302,5,5
2026-05-15,Fintech,0.9946069463588035,25.040737061980167,0.2817915388876982,59.85186474947146,0.00629397844708262,0.735518621217116,1.165451101432822,1.5287021885187833,47.47079533846286,5,5
2026-05-16,Fintech,-0.02999288391879598,22.616617598245753,0.1371325291307619,51.693580883891805,-0.0017345717326279044,-0.6769226284599811,0.31686404809425195,0.7788564476276886,45.263756501347096,5,5
2026-05-17,Fintech,0.4805466278855277,21.601121694779856,0.26164778567358005,46.95074624427782,0.0012050313872966744,0.5465637570707363,-0.17717223733164855,1.0421858960021761,45.79183495423591,5,5
2026-05-18,Fintech,0.6851918945270589,23.700614704618083,0.25193443070317556,54.80810164546765,0.002296258739435184,0.44520418979019416,0.6433224382855496,1.162533995259654,46.59120421869873,5,5
2026-05-19,Fintech,0.1887008598726995,22.93433148016156,0.1996998278362539,52.1728197092313,-0.0005470843131722015,-0.07730199670560255,0.3601806480809175,0.8885772331089636,46.21831794452827,5,5
2026-05-20,Fintech,-0.8278855456257029,20.888041840182098,0.01849340514361999,47.62041813885651,-0.013936920452735547,-1.8346356071686365,-0.1254113803156069,-0.5778184470837417,41.66168473336891,5,5
2026-05-21,Fintech,0.10226844551873315,21.858975344211945,0.21653561439964805,50.657602422552834,-0.00900065004571805,0.12195274992490478,0.20039913681549076,-0.3387430978086791,42.79842151969457,5,5
2026-05-22,Fintech,-0.3030394145530323,20.8023682554695,0.1817934836997098,47.35255836629474,-0.0076719369897501576,-0.2224838444267709,-0.15776996085701933,-0.38717137556639686,41.3822229684166,5,5
2026-05-23,Fintech,,,,42.424666505828974,-0.006137549591800126,,-0.6898160495883243,-0.37595255718066123,41.3822229684166,5,5
2026-03-24,Gold,,,0.07913513124266726,,0.0,,,,71.3561153170979,1,1
2026-03-25,Gold,,11.175977149444345,0.034946310005311745,0.0,-0.0028200273382243957,,,,68.16566500762812,1,1
2026-03-26,Gold,,27.202067277735463,0.11574798447523905,64.64625491137983,0.0007232661620915959,,,,67.78130258923645,1,1
2026-03-27,Gold,,27.762942564279335,0.12521126116889011,67.13456197749005,0.003514922229230404,,,,68.55120012817731,1,1
2026-03-28,Gold,,25.41121324517085,0.10198948345722422,57.24727207174357,0.0035952282582016448,,,,69.26335444311749,1,1
2026-03-29,Gold,,32.402036363729955,0.2772555603905964,79.75302771626286,0.014630739763276456,,,,77.02926985431816,1,1
2026-03-30,Gold,,20.32947521791686,-0.07884008759941882,38.53652592061617,-0.0019893482673897277,,,,68.84208172878039,1,1
2026-03-31,Gold,,13.291165319642262,-0.41583334827431373,25.87944694189615,-0.0338485739722045,,,,48.96017974360332,1,1
2026-04-01,Gold,,20.317115537842533,0.1282338726507647,51.56355682952171,-0.01728491331897633,,,,54.150029771173116,1,1
2026-04-02,Gold,,20.847714379752833,0.14474087290110424,52.06748849622724,-0.004867285058081275,,,,58.92158644730834,1,1
2026-04-03,Gold,,18.491969976590003,-0.06036513749116429,46.10706506648619,-0.009830993254911897,,,,54.13376910787364,1,1
2026-04-04,Gold,,18.67368487110376,0.0024156384522500225,47.93152217191766,-0.008310464931385653,,,,52.37733723160203,1,1
2026-04-05,Gold,,17.09724656950663,-0.09619443503543734,45.51150936597254,-0.013086097126337869,,,,46.7192076120518,1,1
2026-04-06,Gold,,16.99147014017253,-0.02560815168045969,47.41206924941883,-0.010730152143801124,,,,44.70211351686081,1,1
2026-04-07,Gold,,16.215649100657267,-0.039896828426200986,47.07965339191573,-0.009419840760045484,,,,42.71747080272118,1,1
2026-04-08,Gold,,15.477899699446603,-0.06843715571919456,47.44394921376971,-0.009721638267581472,,,,39.45100570625658,1,1
2026-04-09,Gold,,15.769454361754558,0.048883674597491836,48.376171174322984,-0.0016873777719111846,,,,41.262074810161515,1,1
2026-04-10,Gold,,15.312831635580517,0.018208270661108607,47.42788613971536,0.0017096651241403395,,,,40.99947553060413,1,1
2026-04-11,Gold,,11.68865455461611,-0.29221879321166444,41.67375991703298,-0.015834882794275147,,,,28.08191869578683,1,1
2026-04-12,Gold,,13.338072304857533,0.0611963741613062,45.755912238999834,-0.0031845486937271544,0.3771848962085655,,-0.8592450704094309,30.872646858407666,1,1
2026-04-13,Gold,-0.6070804894776084,13.025225205686874,-0.13104674122408033,48.90394054525009,-0.007087177550758453,-0.8338610586826294,0.0878080882485821,-1.1132270064419723,25.089787461971458,1,1
2026-04-14,Gold,0.6207565411112179,17.589987124556504,0.1597597333993349,62.323357569198656,0.009682948801725044,1.014774467398344,0.8995670169693333,-0.04194655882364038,32.53899531023758,1,1
2026-04-15,Gold,-0.7539125983167887,11.050960814224009,-0.19685699705928564,42.43243988649165,-0.0028078659616644595,-1.234687259623577,-0.3605499913799208,-0.7681985778374194,24.482808770156687,1,1
2026-04-16,Gold,0.058940605316699146,12.528911800425707,0.02174937046587467,47.3831854688813,0.003731711393921335,0.16625894591108373,-0.03706112087451962,-0.32967619503361073,25.947022432286634,1,1
2026-04-17,Gold,0.9683717968642076,16.70042496007728,0.249688035248013,56.53333321967971,0.022443414482478528,1.543843307361821,0.5578475212542456,1.0532986746847295,36.677809771950294,1,1
2026-04-18,Gold,1.436239177070277,19.33419578271434,0.36018029708834365,57.39009896144417,0.04025716363069891,2.0099275562208496,0.5992316059398716,2.3226608188538576,49.9329724226575,1,1
2026-04-19,Gold,0.590215680916039,18.484958611124696,0.07862997566820207,53.35747828683468,0.03146327047937372,0.3386609438172872,0.3157511843365976,2.0390896369594067,50.240476905187066,1,1
2026-04-20,Gold,0.23139324084957377,17.33620280052654,-0.016834149951234993,50.16690857610308,0.01825708814752615,-0.23117248455328956,0.09100482053027287,1.515431888449956,47.38119477371078,1,1
2026-04-21,Gold,0.22834424839839415,17.46717764467342,0.011904897235333929,50.98004052445191,0.010862403067893918,-0.054285069948011216,0.1463263848021549,1.2340643264540987,45.672930874347024,1,1
2026-04-22,Gold,0.15821279820074732,17.530739164480494,0.003566734926076612,51.37274011309838,0.0051069549848194815,-0.1045262002770727,0.1718171039961512,0.9882570128740733,44.20352406665095,1,1
2026-04-23,Gold,0.8378137118153262,19.128678144161807,0.18965324583540982,52.615174290670225,0.0130767476427133,1.039172788833649,0.25905423382589793,1.4406976750075995,50.08071702471578,1,1
2026-04-24,Gold,0.11740743276342891,18.042052050575087,-0.005939191740967331,49.57729714446346,0.004843802220589123,-0.19597943211643296,0.030347878332032386,1.0772659692081936,47.431658385908186,1,1
2026-04-25,Gold,-0.007508452661759091,18.562968696139926,-0.05905573473845919,54.485619978416324,-0.004031682190270999,-0.5272771763495124,0.39815302963552934,0.6084991333202204,42.89690041151766,1,1
2026-04-26,Gold,-0.2219097051088003,16.195428802455254,-0.05535559159416395,47.40913979921244,-0.009209532837694734,-0.4940857439111636,-0.1477638057038465,0.25601997150478073,39.04084021232787,1,1
2026-04-27,Gold,-0.0053753232046879484,17.691712094636912,0.003754057013283348,53.18503708072551,-0.008241251210151625,-0.10361092194780883,0.3018370376636739,0.2014315883249428,38.13022353192501,1,1
2026-04-28,Gold,-0.2620470799162486,15.351201469893889,-0.0254417525910255,45.00682623407731,-0.00908811643283446,-0.2941703036412279,-0.3451342321614317,0.05119783459826753,35.4126441785594,1,1
2026-04-29,Gold,0.23244135162926158,18.183114044766562,0.004863992374911907,56.599799289929784,-0.007210322599769597,-0.08788564483594542,0.5810696253579894,0.054128469688942374,34.07801910203419,1,1
2026-04-30,Gold,0.7274795416520113,18.987800352886683,0.18005690997545093,55.33085795512481,0.005539592346773876,1.0820513884926684,0.4697097253312195,0.7360928498723286,40.315443175571595,1,1
2026-05-01,Gold,-0.6022096121045872,13.429526368500456,-0.12248819491255517,38.06690516260337,-0.006065179794067088,-0.9636842879601266,-0.9309744947165949,0.08380561868614082,33.23208178508931,1,1
2026-05-02,Gold,-0.39761718450283945,13.207753553556858,-0.015280910900831224,37.93616606041505,-0.006163392666087232,-0.22657973608469903,-0.9192736606052911,0.0013562303109887338,31.612770777642822,1,1
2026-05-03,Gold,-0.207167157480395,15.232389487822616,-0.007570443286870916,46.63884607255515,-0.005379975387655203,-0.17099062172256171,-0.19632543526818755,-0.02692981795892559,30.420725634783242,1,1
2026-05-04,Gold,,,,50.39026777233163,-0.004303980310124161,,0.1166857564809163,-0.026614975669432994,29.84165294280922,1,1
2026-05-05,Gold,0.05705896976495424,15.606260351875859,-0.0022226482253717736,49.15916900516814,-0.003431888435897143,-0.13187008424899382,0.01205608207744038,-0.025581749824931947,28.36804571888964,1,1
2026-05-06,Gold,-0.1488932993266803,15.523233894077194,-0.006358036734532849,49.338218511669304,-0.0028392942598882455,-0.15935774828946692,0.027127805386999305,-0.031424812990774965,27.42472710385606,1,1
2026-05-07,Gold,-0.005766404277217002,13.706472003963,0.02723968694924631,41.62373624409373,-0.00010871804535615183,0.08121592135789935,-0.6335527345190685,0.11194665309944399,28.107924043029584,1,1
2026-05-08,Gold,0.11838861922034732,15.694577571015747,-0.00011229876772988505,50.02875155274458,-7.065769980674295e-05,-0.11639498788466686,0.1013939024257895,0.11182640154896095,27.73532050556063,1,1
2026-05-09,Gold,-0.29529337339278217,15.04430875946855,-0.06236220917612469,49.48627284654015,-0.003949152307141185,-0.5660548512263689,0.05277062088029066,-0.15273197990612886,24.377705606782193,1,1
2026-05-10,Gold,-0.40912887844114654,14.249085753668208,-0.07588070103008958,48.48185173448599,-0.006960224382836172,-0.6561149299984816,-0.03681169096743597,-0.41046545553041064,20.792047838813904,1,1
2026-05-11,Gold,1.369181296654194,20.316191475871836,0.3270961246502719,63.29421216720517,0.017325854468615988,2.1993517115243693,1.268516556985854,1.157539558814237,34.230510864386005,1,1
2026-05-12,Gold,0.8175681042247969,18.873411086683515,0.12359617550441868,55.24304873074708,0.018704722247200777,0.7364433656846318,0.5373588729878873,1.446759485753588,37.73964374947131,1,1
2026-05-13,Gold,1.8375304632005578,23.19957701936677,0.41132315701221833,62.321317149586704,0.036959834657373264,2.572385009786398,1.1508477813030973,2.70141403132565,52.731346613086224,1,1
2026-05-14,Gold,-0.08400608575952044,16.96061572128595,-0.09468764759293374,42.84942734093988,0.014096956964828072,-0.8152120427312771,-0.5987950079400957,1.6487605715600817,45.36401516963794,1,1
2026-05-15,Gold,1.7985744998874198,24.339198435199513,0.41850749416058963,62.346777545292944,0.031671842120737065,2.4572659361971954,1.146103338385035,2.6892783994535723,59.12084775688603,1,1
2026-05-16,Gold,0.29608264698347453,20.428127460994205,-0.01086032493395587,49.98139136889696,0.013446676402280987,-0.2819889441841944,0.026265694503590394,1.9023970250984954,54.47938311775274,1,1
2026-05-17,Gold,1.4312357411765504,23.851131742984833,0.34175734236235944,56.06399558492144,0.023611964845912454,1.9021897764121825,0.5752153715966043,2.460672549552934,64.88885389496997,1,1
2026-05-18,Gold,0.46122218306236884,22.08813943320539,0.06525262109542888,51.08385182540799,0.010836021188697788,0.16557255447115105,0.1159489577187329,1.9342794845093776,62.364543327670596,1,1
2026-05-19,Gold,0.583800950511143,22.48554276703106,0.13952614170252928,52.223840478775756,0.006711844204229385,0.6279920495055299,0.21975487466517807,1.7628369543461226,62.92088826694591,1,1
2026-05-20,Gold,0.17617022206585656,21.332273883897138,0.01827062292632766,50.372693152017995,-0.0042668810224924456,-0.14280636185924855,0.045952095457347936,1.2349146052301145,58.85246011037945,1,1
2026-05-21,Gold,1.3528941907271461,24.496428979532322,0.389804884387806,54.97744199941934,0.012492036238016355,2.1325313775773176,0.47612461157271846,1.9684617277150787,70.37010657498413,1,1
2026-05-22,Gold,-0.34851940395440895,20.480219304295712,-0.1684913245682547,47.982531713589985,-0.013610239939497379,-1.3046294609237385,-0.18790270321706617,0.7711823749728719,57.98904650061861,1,1
2026-05-23,Gold,,,,48.70913586596121,-0.010888191951597903,,-0.11718713743015544,0.7551035892334199,57.98904650061861,1,1
2026-03-24,Growth,,,0.25226077677435377,,0.0,,,,68.91316530953182,3,3
2026-03-25,Growth,,10.242847038156928,0.17241311093708686,0.0,-0.005095691495027865,,,,68.04691312644626,3,3
2026-03-26,Growth,,15.231508070010506,0.1937632669222943,21.0974461709866,-0.00664831644697359,,,,65.32603438084627,3,3
2026-03-27,Growth,,13.057877306095529,0.144070794580714,14.149456135326119,-0.010417446478032093,,,,62.304294292173836,3,3
2026-03-28,Growth,,19.08760542497554,0.20185977714696493,37.92381293986215,-0.00849529610372167,,,,62.97551893027586,3,3
2026-03-29,Growth,,17.797457863972625,0.17831514812017915,34.07880781845033,-0.008277882312052785,,,,60.98691912711896,3,3
2026-03-30,Growth,,20.353715991546245,0.21693920343490036,43.479446328545876,-0.005154034408841034,,,,61.584074096958474,3,3
2026-03-31,Growth,,16.632771416843013,0.11350768389518025,31.463972770766674,-0.009426155013014127,,,,57.17545139382037,3,3
2026-04-01,Growth,,19.302547524389723,0.1904223889371931,43.14725346608922,-0.006579214927348578,,,,55.01396521970548,3,3
2026-04-02,Growth,,18.57006046235514,0.17700071510753082,41.900829456130204,-0.0051694881197326265,,,,51.985534421201976,3,3
2026-04-03,Growth,,20.06050001893184,0.2162363323904597,46.42509290484676,-0.0013622313491913236,,,,53.84058119843212,3,3
2026-04-04,Growth,,18.17552946925525,0.12878652343627703,39.55910833276295,-0.004333495078269203,,,,53.12826144501272,3,3
2026-04-05,Growth,,18.117442640219217,0.1325529002700965,39.941658399781865,-0.0055665647890773655,,,,51.95735129825431,3,3
2026-04-06,Growth,,19.343402743407864,0.17512473519362814,43.951437929593844,-0.0031563676060421264,,,,52.78345800142815,3,3
2026-04-07,Growth,,18.24911015154637,0.11783094646438874,40.32786074734519,-0.004954984631723544,,,,51.82948850721539,3,3
2026-04-08,Growth,,19.9468971668502,0.16245110559511267,49.24496604004902,-0.00278211491346355,,,,48.27943852171635,3,3
2026-04-09,Growth,,18.005466403809255,0.12476912413783266,44.897166793903835,-0.0034798890025807515,,,,43.30504115726932,3,3
2026-04-10,Growth,,18.376911450641273,0.12742161661472037,48.67653093577725,-0.0033583652770421135,,,,39.94854450667427,3,3
2026-04-11,Growth,,16.557626899117402,0.1250070874786059,43.301117051844614,-0.0030454031162762338,,,,37.1650404900044,3,3
2026-04-12,Growth,,15.278083468991076,0.06754492050538713,40.8837197359714,-0.006134927602422683,-2.0953307877504557,,-1.5533471459428752,32.92503920907117,3,3
2026-04-13,Growth,-0.41699487845295735,14.995409958358877,0.11814068462935452,42.02610667148518,-0.004285119362405901,-0.9169941773639476,0.38207743469624134,-1.3499753470310998,29.528612576505974,3,3
2026-04-14,Growth,1.2419931993791764,20.82537020687247,0.2676256873523707,61.577967191742765,0.006884243772904988,2.111429581182206,1.7617736973285063,0.2673274331381374,34.27746624528555,3,3
2026-04-15,Growth,1.0802551162126797,19.371790418183245,0.23523374959759516,53.607749460815874,0.011686754867059515,1.3583359965315172,1.0943999187681117,1.193527670320419,37.23854227751088,3,3
2026-04-16,Growth,0.9763044082200891,19.610871595401356,0.20859307155954754,52.49048102767506,0.012587286361710373,0.8000258696251541,0.9663733793588024,1.5771942687373384,40.31723951161503,3,3
2026-04-17,Growth,0.6275423696146997,18.25150089068897,0.17271505453681293,46.5508824859252,0.010376730922632638,0.07963343598660128,0.5027086080219043,1.511747296336341,41.18065353813612,3,3
2026-04-18,Growth,1.6801036998165206,23.096101225464867,0.28311871477228584,61.80165260555421,0.015643791667328367,2.078727980876025,1.5568419062385632,2.2654281125116777,46.469654992276226,3,3
2026-04-19,Growth,1.4209076653499209,22.6841233757778,0.25025213243899264,58.61686440587576,0.016142741801920206,1.3757373623864007,1.2520922843498188,2.378839687952155,47.598638858597425,3,3
2026-04-20,Growth,-0.3726683532163284,17.369157197255966,0.05852765876382646,42.99390083366946,0.0034522447108743257,-1.9751704030748705,0.10191852324002056,1.182343521949841,40.175405310569076,3,3
2026-04-21,Growth,0.9224850340462314,20.592354293544652,0.21549593953554416,55.24074314305521,0.005405003063351078,0.7397955533196692,0.9832311949529999,1.4176326736009968,41.04105145700315,3,3
2026-04-22,Growth,0.29452388625514636,19.09842738780432,0.1629950623052953,50.02894413829949,0.003053352020371057,-0.1793272232582463,0.579115679467937,1.2148078586776991,40.69383694917475,3,3
2026-04-23,Growth,-0.08440194125014552,18.68018976540059,0.11542675875137277,49.508064969083456,-0.0015651158860740342,-0.9955578976409101,0.5282115278267203,0.7308540830929752,39.44320902836553,3,3
2026-04-24,Growth,1.1339412370118012,20.79200573515438,0.2581929106638579,56.00051956226102,0.0047879945398816275,1.4739382797774458,0.9933344429278841,1.3706845257620148,42.38473560277386,3,3
2026-04-25,Growth,0.325714090845001,19.3857141896521,0.16677138259425384,51.77166525733292,0.002728613723842653,-0.12265808046640486,0.6538019796625819,1.1967949712311396,40.602928720038875,3,3
2026-04-26,Growth,0.3511649212187907,20.668193012529017,0.16834760527496273,54.488947666139765,0.0014330826502658564,-0.09329194803933413,0.8417761441501689,1.0752087825365992,44.140247322280196,3,3
2026-04-27,Growth,0.081853438522477,19.913516777420774,0.14302215179262745,51.13353430156276,-0.0010358367340713385,-0.5399072935172561,0.569428867438609,0.8069647902991482,44.981330485277276,3,3
2026-04-28,Growth,0.31475709505587757,18.207691927731933,0.17107939973045658,45.05443424710474,-0.0007016681711052592,-0.02822542074494162,0.09019627709176246,0.8026391074176018,43.35561947286608,3,3
2026-04-29,Growth,0.4813567220001863,18.65883942239778,0.18751928258713554,47.515227038952716,0.0006321100886336629,0.27179834963168736,0.2823274661750444,0.9163446799549171,41.68536706972786,3,3
2026-04-30,Growth,0.5932978163697792,19.097898866683565,0.1954567415572196,49.30232347468778,0.001978459944327561,0.4140722394503816,0.4201305506685586,1.05543764153339,41.32757790979544,3,3
2026-05-01,Growth,0.8080403703087762,19.94424514856521,0.21410077823077803,52.239002191733526,0.003940871014744239,0.7518331170240483,0.6480421596602417,1.2807405296163639,41.749329934987955,3,3
2026-05-02,Growth,0.7543615436294078,18.26752019614356,0.21962095581369293,46.12495627853705,0.005340028418782334,0.8386356576502881,0.14210921538488425,1.4678805041489074,40.30679498598114,3,3
2026-05-03,Growth,0.9106173294902338,19.0793013419472,0.23072884074138197,48.77605815632009,0.006657226617550767,1.0244058840092218,0.35849614322380313,1.6534935119848038,40.84135265689918,3,3
2026-05-04,Growth,1.667812537841027,24.606908420243997,0.286816900768891,67.24443298856622,0.010709361195023605,1.9685430366973655,1.8140606967884048,2.092246020588372,45.5684434455426,3,3
2026-05-05,Growth,-0.4778140917699353,17.031454063237298,0.07497619946643036,40.19803858731784,-0.0008597150983237012,-1.8243242712235352,-0.39476430537824925,1.0774106657939215,40.85146885650785,3,3
2026-05-06,Growth,-0.2836438809920273,18.134482806948824,0.11112379875993168,46.297240947108214,-0.005785400173308115,-1.1481149589381885,0.10852260592821479,0.5371886348768267,38.36008844306589,3,3
2026-05-07,Growth,0.7636005713702042,21.314731859474968,0.2174809063659553,56.72090229790067,-0.00179513089000567,0.7279874278263552,0.959508371721009,0.8198924057438614,41.496372339025505,3,3
2026-05-08,Growth,-0.8785588669721881,15.861026806761632,0.05737325299863976,37.070103451995834,-0.00942675772374154,-2.008674887821837,-0.6755950032361557,-0.024235272760523775,38.2754897696109,3,3
2026-05-09,Growth,0.2803471127642194,19.034640632368916,0.1791129848918369,50.76476435755139,-0.005934374232671751,0.08519612226218225,0.472426173806332,0.1459234145627663,36.55565044814274,3,3
2026-05-10,Growth,0.6083077469936373,20.088445110458448,0.215906942546629,52.82382998202973,-0.001060268315199022,0.7138379311416927,0.6378274672370061,0.5369543878320426,39.5999016261865,3,3
2026-05-11,Growth,1.0209388789616316,21.36661249086837,0.25550511229690825,56.567353503662275,0.004605740595203123,1.364305902867992,0.9392364076480126,1.1046250471332426,41.32029901795686,3,3
2026-05-12,Growth,0.2689798052051223,19.879306467087513,0.17917535752543826,50.44746246146867,0.003062330681473405,0.04201183976090097,0.41004571322385397,1.0157704307808988,41.30564746237704,3,3
2026-05-13,Growth,0.7835893509571581,20.24947717325917,0.22352579061361819,51.93051400123121,0.004775652803682704,0.8047493002351872,0.5313456807417196,1.2361496686754365,40.903845607936915,3,3
2026-05-14,Growth,1.2088732441054348,21.18663142148009,0.27627506814799335,54.134460374739945,0.008965526248426932,1.6662436483071128,0.7125199462414787,1.7209081502089845,43.02031556172397,3,3
2026-05-15,Growth,-0.4498758778940485,18.206382458661462,0.07809995721757933,44.12221625110074,-0.001545828520605531,-1.6838470933932814,-0.161831807296303,0.7873039325517202,40.60776466496042,3,3
2026-05-16,Growth,1.5103065659419812,21.170861764517408,0.34378625479069935,54.38105197840978,0.008885468944022867,2.5968160842644346,0.7335583044733993,1.7864275922969504,42.46255164401369,3,3
2026-05-17,Growth,2.0681471650249668,22.794645705209916,0.425551222890056,56.54764427330107,0.02013870789779293,3.4133127323089605,0.9100084759823482,2.86008973897548,48.20326367106585,3,3
2026-05-18,Growth,-0.8554487231444733,17.947622807439124,-0.04127916470884955,41.35893991863777,-0.0037387636985724247,-2.924686773882398,-0.4349095020352784,0.9326636031246658,43.514544483220305,3,3
2026-05-19,Growth,1.028201859683859,21.404165790804274,0.2814431626569844,55.13764844089348,0.0020121435726188092,1.2873957757724313,0.787141094561194,1.378289835981586,43.34335085632567,3,3
2026-05-20,Growth,1.2026335469947294,21.71835160864401,0.30428968547260893,54.83869948628951,0.006890113294777978,1.538829412950985,0.7498445032426327,1.8114541899767604,45.93234085606146,3,3
2026-05-21,Growth,1.3378183779174118,21.3730290520703,0.32997290367565907,52.936548514983805,0.011130558750178538,1.80099737577995,0.5717027353499158,2.215564691326613,46.74987475861984,3,3
2026-05-22,Growth,-0.9077743558189452,18.227366917572507,-0.06891346552586824,47.06876642964151,-0.012371282802765476,-2.960701968062294,0.0390356394690383,0.2933471638313877,37.96554050118259,3,3
2026-05-23,Growth,,,,43.89823851391382,-0.009897026242212382,,-0.24891089262524027,0.29642704104826645,37.96554050118259,3,3
2026-03-24,Hardware,,,0.23610981946795634,,0.0,,,,34.51657687243439,2,2
2026-03-25,Hardware,,29.91912992705555,0.266548521404756,100.0,0.00194252684724876,,,,35.03431979437363,2,2
2026-03-26,Hardware,,7.907879609401883,0.11292325515045545,16.53702364234448,-0.006750198432434393,,,,28.04413959407462,2,2
2026-03-27,Hardware,,11.29717812390694,0.15529397381904264,32.1547116367838,-0.009129815739924408,,,,24.84536583241526,2,2
2026-03-28,Hardware,,20.449266456995822,0.39667358484262993,67.1610579348663,0.005293335481600519,,,,26.408187589570662,2,2
2026-03-29,Hardware,,23.397935565330698,0.5058412932066222,73.37434017163022,0.02104253173431354,,,,34.62796273395817,2,2
2026-03-30,Hardware,,18.86190887223954,0.33018773475905094,56.24989833753333,0.018572680391143334,,,,32.49516281882954,2,2
2026-03-31,Hardware,,17.468181550018862,0.2890419250177221,53.33417407200844,0.01335459605745156,,,,28.100883188735345,2,2
2026-04-01,Hardware,,18.377013726989375,0.3336967960417534,55.81958241322415,0.012132674305307638,,,,29.987171432794412,2,2
2026-04-02,Hardware,,18.48422297032957,0.35805300488342084,57.06677398529961,0.012156458980089026,,,,28.49516517707993,2,2
2026-04-03,Hardware,,17.715232905264855,0.31645771676214673,54.44211556201067,0.008723203987501798,,,,27.407764730117215,2,2
2026-04-04,Hardware,,20.112572438982156,0.47223924784438615,61.136402189609,0.015879365952211472,,,,31.04540901048937,2,2
2026-04-05,Hardware,,21.258660278055686,0.48905668541092895,61.74326773685143,0.02039307538968839,,,,36.78199176305894,2,2
2026-04-06,Hardware,,16.903811855811863,0.1660923050168558,47.499287122317256,0.0012833688947711946,,,,32.69153966254724,2,2
2026-04-07,Hardware,,18.001197701260608,0.29966639800609896,52.0722378472291,-0.0024989808962991994,,,,32.31144035142706,2,2
2026-04-08,Hardware,,16.321904332212593,0.23231697347279334,48.910125915414554,-0.009292937230919632,,,,27.0184311664922,2,2
2026-04-09,Hardware,,18.573395430993518,0.35676355430139345,57.910434927068295,-0.005357206309507458,,,,27.133536009772474,2,2
2026-04-10,Hardware,,18.000393933313283,0.3267273796062359,55.60634649132154,-0.004749151203797226,,,,27.616370233167363,2,2
2026-04-11,Hardware,,15.824217965449346,0.3025046564313134,46.41060434937129,-0.005876868913993475,,,,28.520536426001808,2,2
2026-04-12,Hardware,,16.82494891876088,0.4403426832063271,47.5568171582785,0.0023223144595080555,1.1176554150520162,,0.36474922511508856,32.56065791890795,2,2
2026-04-13,Hardware,-0.8363186002722836,14.988211692678231,0.15880181477512242,44.07511771477124,-0.010831470371679315,-1.3748720084810915,-0.6424509503595742,-0.6466323795826073,27.379491645789336,2,2
2026-04-14,Hardware,-0.09541164305447425,16.959219423051195,0.3168678065174633,50.89000465110455,-0.00859996893492632,0.04560628283480206,-0.21526219357543105,-0.621144521725437,29.155141244681413,2,2
2026-04-15,Hardware,-0.6107068061958647,15.680993417217099,0.2495956404955485,47.34840691888896,-0.011203200849343634,-0.5580678893368184,-0.4283288818035948,-0.9426552629249806,27.314602200250455,2,2
2026-04-16,Hardware,-0.6327102072028127,15.197199378201743,0.25854116579126846,46.83174167656352,-0.01181071488295663,-0.46251618889747825,-0.4498977519468705,-1.124499573085665,25.534295655169995,2,2
2026-04-17,Hardware,-1.4044156517911073,13.318000027261203,0.06611564604288585,42.72802779765468,-0.023959615369806446,-2.0380312375542937,-0.6980219402741711,-2.0667476600933847,21.31089894905513,2,2
2026-04-18,Hardware,0.1595882735066617,15.96961971069799,0.4469689315181127,49.35082878739769,-0.0060656449775945585,1.2498752357901712,-0.2513612421074741,-1.01668697047321,26.89780946456084,2,2
2026-04-19,Hardware,-0.12582153547123298,15.578167614416326,0.33355079375435753,46.19409013739891,-0.0018088393329446584,0.25871249938591506,-0.4552996197442368,-0.7599633597283588,29.798081946027953,2,2
2026-04-20,Hardware,0.1486166506351898,17.968525751075603,0.35188466306947325,55.34401327005037,0.002089534863579539,0.41239280760061775,0.17351980211913365,-0.47569287186408327,30.346057139211513,2,2
2026-04-21,Hardware,-0.47516232139086345,16.305305542500374,0.2583878619279997,48.78467082869726,-0.001582642649076287,-0.4199241815982124,-0.28287589930811013,-0.7122372330675191,29.34571396288636,2,2
2026-04-22,Hardware,-0.7774513159491605,15.913852807649153,0.189531161073104,48.74141042180516,-0.00823131289463268,-1.0124564301464714,-0.28077030617338616,-1.210604642059805,26.371503173908472,2,2
2026-04-23,Hardware,-0.2685551584608622,16.095868670705794,0.29325626700116,48.108811236356885,-0.005364528286816075,-0.06554551719982671,-0.32095963271513805,-1.0752166415029636,27.606068780287963,2,2
2026-04-24,Hardware,-0.019135077618806506,17.487441989273385,0.33900034200129203,50.362090087840826,-0.0003719096026400163,0.3524934141356036,-0.15173240566584503,-0.7497598582855117,32.26781956065196,2,2
2026-04-25,Hardware,0.4083473519241857,18.561134124383333,0.41790679588245383,53.298292369206564,0.007808612579050174,1.0589768783556721,0.06811544492837684,-0.10955136138902144,33.87305249145493,2,2
2026-04-26,Hardware,0.5255644738007392,18.424234679759213,0.43564612157793087,49.855873904481086,0.013637073791758545,1.1812414622441332,-0.1921380947656626,0.4732111434114007,38.21107720254006,2,2
2026-04-27,Hardware,0.8146258467312074,21.502315398522647,0.4344815854935686,60.218328435883144,0.016448289242667478,1.1314598702924146,0.6003114562803146,0.8976707711889876,39.8611617484162,2,2
2026-04-28,Hardware,0.2211632304547246,19.521561277864844,0.36033642965366286,51.71809119040057,0.012526043309499692,0.4365273301790786,-0.06526294308574312,0.8263993627320644,39.52599218674343,2,2
2026-04-29,Hardware,-0.36947550020270725,18.786271612762796,0.23102463334714812,49.300298436042404,0.0010398493409295995,-0.7602763502641029,-0.2539391215737923,0.09285923373322161,37.88043582731301,2,2
2026-04-30,Hardware,-0.06385497196032028,19.770567944058545,0.32534194877355294,52.364733151880095,-0.00031603800491169023,0.12818889589373486,-0.006644375898994556,-0.002028228275940697,38.99367466629936,2,2
2026-05-01,Hardware,1.009844827690426,23.889404251569804,0.4835771446022733,65.14464642455937,0.008828442556881297,1.56659215270986,1.0108891667896938,0.744038924239773,44.29411173010742,2,2
2026-05-02,Hardware,0.4314365944848455,19.78280422640261,0.39723394591486283,47.70539554529134,0.008446437950969742,0.7430221998337557,-0.4087584087924407,0.8421863049785834,45.98895652443523,2,2
2026-05-03,Hardware,1.2069536737095805,23.364439819400303,0.5356784848668751,59.115000060628596,0.01643961944367948,1.9244351593583908,0.5259723271799843,1.587678941886817,49.90539580821413,2,2
2026-05-04,Hardware,0.14883468695806737,20.84626326016758,0.33844991372697264,49.47832649272042,0.007803846636152731,0.13260458533252345,-0.2745480231344211,1.1134351930270578,49.44160757191041,2,2
2026-05-05,Hardware,0.20429884881389507,21.89632437523234,0.35299928514115064,53.91373109529249,0.002695455906999055,0.26301780629539956,0.09872893801189908,0.8046189003901633,49.01537707754607,2,2
2026-05-06,Hardware,0.24892891378156992,22.99191781156213,0.3616734054002797,57.49403281206139,-0.0003153380812434582,0.3393099580391162,0.39931279903920924,0.5904667578435525,50.38971263359183,2,2
2026-05-07,Hardware,0.2481051069026918,22.263858460153937,0.38919079442840276,54.4732185386492,-0.0006503161627209354,0.5887399145075509,0.13694793108222683,0.5491836219683426,50.488158931796804,2,2
2026-05-08,Hardware,-0.4997747787351917,20.082020262749953,0.25422385706053674,46.350698216859364,-0.00965847248394898,-0.6769433633456262,-0.5640659869732689,-0.21813198217586052,50.4602655566614,2,2
2026-05-09,Hardware,0.33086632060317167,21.695654676303505,0.42158743586585623,50.147225477923925,-0.004314545603376463,0.8978704636058402,-0.22732444553232406,0.07163905542611096,54.76932612584708,2,2
2026-05-10,Hardware,0.8569987430246281,23.412321274805528,0.5232619311350367,53.28410794797533,0.005562561377101316,1.7831241705650345,0.05118153134107373,0.832557337149496,60.604988379626874,2,2
2026-05-11,Hardware,0.21045961805686084,22.48176215338364,0.4054777823510023,49.000252079911085,0.0037451873822078596,0.677691449478676,-0.3302826592415631,0.7592438229543321,61.94424480059932,2,2
2026-05-12,Hardware,-0.08568807856566013,22.20339385365945,0.33785809436247727,49.22168064663558,-0.0021139483253978415,0.04495357179678449,-0.3067543220056934,0.3126127707024936,60.14406742918859,2,2
2026-05-13,Hardware,-1.0540628648652295,20.742500584035795,0.13613753048595598,46.87138434842004,-0.018752422896272894,-1.782116092990163,-0.5156346120168029,-1.153546903737942,56.00179613992589,2,2
2026-05-14,Hardware,-0.4323806273660361,21.56756504607791,0.3343708034105628,50.27860728806791,-0.015708101840802836,0.046922793489405965,-0.19890825443182295,-1.1865685254577165,56.15569242536286,2,2
2026-05-15,Hardware,-0.8194202600325301,19.54632320506731,0.27965911482822664,43.2781584080405,-0.016593128722391527,-0.4577755894089756,-0.8377929069140224,-1.4885441023004526,55.34557773153201,2,2
2026-05-16,Hardware,-1.2155077835307582,19.49842651616379,0.1912249015922494,43.21857982240401,-0.022008873839864346,-1.2570680681840554,-0.8298672568124407,-2.1193150100587492,56.613654800038944,2,2
2026-05-17,Hardware,0.21936112967926738,22.65700341183892,0.49423556257954915,48.769135715148494,-0.004949223003091344,1.523542513333241,-0.3061146759034264,-1.0510207594137932,68.18689004471136,2,2
2026-05-18,Hardware,0.23096037947278095,23.93934967283734,0.42448551016915415,52.7646218995356,0.001525837898728859,0.8668789534777264,0.07126849134318174,-0.5904243257759306,70.54611474405934,2,2
2026-05-19,Hardware,0.6407055384639462,25.234151607802875,0.49644239525864986,54.4453184874819,0.010067177499681458,1.4873837785584934,0.2296194376469771,0.14391892834826658,76.39192195280118,2,2
2026-05-20,Hardware,0.35720873590567603,24.92140211833337,0.41070095907110926,51.45010317646204,0.009368985837233055,0.6955242735576166,-0.05840268749918613,0.2519508809340062,79.80964839477652,2,2
2026-05-21,Hardware,0.03264529440857686,25.011342998937963,0.38547337655370495,49.889899643541476,0.006756734294961528,0.45941272308230197,-0.2081877485555775,0.18784288567853516,83.7163438514022,2,2
2026-05-22,Hardware,-0.7959598289333355,23.549912023386593,0.19529044271454318,48.30982460336477,-0.007460739475875944,-1.2682205001673525,-0.3596316763271702,-0.8959099757494267,78.1485618180277,2,2
2026-05-23,Hardware,,,,42.820743801247,-0.005968591580700755,,-0.8882694366912693,-0.8968050804166432,78.1485618180277,2,2
2026-03-24,Healthcare,,,0.2632534017209057,,0.0,,,,26.91005153566466,1,1
2026-03-25,Healthcare,,6.638041145695399,0.24135031141862825,0.0,-0.0013978040534786905,,,,26.903324682232704,1,1
2026-03-26,Healthcare,,31.356425861944068,0.5546722222222222,93.46615251546827,0.017798012892566842,,,,35.68162515836916,1,1
2026-03-27,Healthcare,,18.32522426460156,0.17819113132255462,44.02405913383069,0.004833054737817444,,,,33.29695586748007,1,1
2026-03-28,Healthcare,,16.79452437352458,0.12195507781931665,40.800197337263214,-0.0071837350358428245,,,,28.999500173225936,1,1
2026-03-29,Healthcare,,19.47494037967973,0.28141797560527254,50.97932257408449,-0.004194514916108382,,,,29.602812758235824,1,1
2026-03-30,Healthcare,,19.098857937053435,0.2614858433357957,49.90670911948234,-0.0033955299387244857,,,,30.45615795022262,1,1
2026-03-31,Healthcare,,18.25174210508293,0.21716649933577878,47.676266858741606,-0.005559821809528957,,,,30.365904944271893,1,1
2026-04-01,Healthcare,,16.936101782323934,0.15004250673166575,44.65371275310931,-0.010910649883931105,,,,28.58660733285486,1,1
2026-04-02,Healthcare,,19.113956703197925,0.31468784951595524,52.10206640585674,-0.0031623927606555203,,,,31.588947145494764,1,1
2026-04-03,Healthcare,,19.012046732015076,0.2908322543747102,51.10555851895853,0.00036745899822510433,,,,32.558639864849916,1,1
2026-04-04,Healthcare,,19.687048398139467,0.327933884542561,52.51795915936836,0.00495756553543876,,,,34.41546847905095,1,1
2026-04-05,Healthcare,,14.501132138083856,-0.10967622674669893,39.17157076179524,-0.020334695363584378,,,,24.05174120572247,1,1
2026-04-06,Healthcare,,15.831567631962006,0.11532675210682469,46.20115715011017,-0.020698016832239534,,,,21.900181979303937,1,1
2026-04-07,Healthcare,,16.277337318384536,0.19800598775691905,48.392663827690114,-0.014452909937894182,,,,22.03517869173582,1,1
2026-04-08,Healthcare,,17.66799279371974,0.32430832263509596,51.943652983084675,-0.0015762816086099772,,,,25.6895135764624,1,1
2026-04-09,Healthcare,,15.189473598192993,0.24800844667049465,41.917362412645105,0.0018558346318889446,,,,26.652748792012254,1,1
2026-04-10,Healthcare,,17.533071443229492,0.22795964117663847,51.61521008364287,0.002773978543274559,,,,26.591113466975163,1,1
2026-04-11,Healthcare,,19.62827586260796,0.3621667386518605,57.42039234355455,0.011906211580866211,,,,30.0309658762691,1,1
2026-04-12,Healthcare,,19.543781137300208,0.4043067198657092,54.092830420273465,0.019805504864481155,1.1786034025290724,,1.3564627277970345,34.193664652662235,1,1
2026-04-13,Healthcare,0.28509535258041363,18.553454383817183,0.27098120536163806,50.294035623760195,0.015274982620271674,0.1649760629818176,0.11847578296207716,1.2242190624170532,34.382704053783954,1,1
2026-04-14,Healthcare,0.6150725320899083,19.376000197814605,0.3056965603132046,52.7578464204212,0.013880351210484242,0.4230945938484668,0.26697987270197704,1.2847665604823626,35.79278509374181,1,1
2026-04-15,Healthcare,0.8243648834842106,20.617898168704688,0.3504000996636861,56.32986409966377,0.015130130772435448,0.7505998744364714,0.48376607815372463,1.5109606815573282,38.23230254136314,1,1
2026-04-16,Healthcare,0.20978261174501003,18.491850618607153,0.26305395816592503,48.2849737197784,0.009510273622774151,0.05102375432035499,-0.04417220385596166,1.223371061149163,37.875933178356696,1,1
2026-04-17,Healthcare,-1.043845555308171,14.957513391859107,-0.04912379759828249,40.52339952109843,-0.014490640744743578,-2.1843500225715338,-0.5511773041207509,-0.5919354602046109,28.887252111634883,1,1
2026-04-18,Healthcare,-1.1794925929005657,13.847471458301008,-0.010607453230305448,40.570273544709,-0.026340772798897644,-1.7411261719485704,-0.5340339167079877,-1.6872109184544395,22.11929437065895,1,1
2026-04-19,Healthcare,0.33400347734229907,20.05453816220836,0.3287024480153768,62.91799769031183,-0.010697848354373209,0.6490936223237522,0.9770418242528128,-0.8251276466144918,25.38381814331427,1,1
2026-04-20,Healthcare,0.5482071681133347,19.476609233117802,0.36899744921250655,58.38821019971465,0.0022991135190000723,0.9072592759247047,0.6454683616180861,0.05322048362435778,28.807372473576834,1,1
2026-04-21,Healthcare,0.8488878796114389,19.925590318328844,0.41780931737113014,57.434832958124595,0.013494601503481442,1.2037676765734526,0.5650546804795561,0.9801479707339152,32.797336228148325,1,1
2026-04-22,Healthcare,0.8620173868600318,19.2973816751834,0.40212910456926765,52.84520577322872,0.01882758370679942,1.0528239672667914,0.23472361478992332,1.5459412206780467,35.83526105688186,1,1
2026-04-23,Healthcare,1.2572240400972414,21.600810729787526,0.4789533328220381,58.44034030291748,0.026067002571830575,1.5107656333021449,0.6243744739260674,2.1861004586971293,40.88083601176088,1,1
2026-04-24,Healthcare,1.1102333360809673,21.59257091447798,0.4200557654836153,56.826683781638884,0.02540097680768837,1.0644842517604511,0.49642612545452913,2.2648524293816865,43.420631112082916,1,1
2026-04-25,Healthcare,0.945737202517227,20.721300701851114,0.4020768687744961,51.54603859773939,0.022368325676857682,0.9136006605857387,0.1041488189761826,2.1814554262744856,45.91444143435865,1,1
2026-04-26,Healthcare,1.0288617878035018,21.346805882549447,0.44469396843505055,51.56394309671843,0.021827409184987073,1.1662892551458603,0.10391696319499091,2.2100167075222332,49.41228796251325,1,1
2026-04-27,Healthcare,0.4380207584646928,21.070569939282727,0.31252530753105845,51.61018337939683,0.011672451439634489,0.25138527671924005,0.10588679558642554,1.7474286441634352,48.260856770149815,1,1
2026-04-28,Healthcare,1.1069442267399658,22.794794809753775,0.48000702385123817,56.125575241533625,0.015120321715416343,1.3639499489077904,0.44830298431176613,1.939842803676894,52.114105748746965,1,1
2026-04-29,Healthcare,-0.1254365530942754,19.050038314882606,0.18686339504283078,45.10735077874018,-0.0025170576859456645,-0.6449745001459029,-0.40966159842330624,1.0891914437504275,47.62489742111321,1,1
2026-04-30,Healthcare,0.17361655570263865,20.316614424786774,0.3032041107125403,51.18071765165791,-0.006307611405051306,0.16166241723199098,0.07173153817153301,0.8308867665887798,47.313374594299226,1,1
2026-05-01,Healthcare,0.27343242259573686,22.574928954408993,0.2843342103206214,61.85050596148907,-0.00983498527267121,0.02835559140045923,0.9085193497537112,0.5535780790230004,46.32696640903049,1,1
2026-05-02,Healthcare,0.18928830156314944,22.14991050111648,0.2839,60.757448844663266,-0.011813553749105112,0.024945687190873565,0.8029085887407605,0.32628257564827295,45.79825989004281,1,1
2026-05-03,Healthcare,0.7302021389566086,21.417087990378874,0.45124,55.119024986126036,-0.0019837575525802204,1.1979147644991153,0.3409788493393055,0.7385984463648385,49.96898910693512,1,1
2026-05-04,Healthcare,0.11075881768716017,19.51091364623521,0.3333467527417559,48.601365190061045,-0.0034663994030859867,0.34572721377253407,-0.1911653246769074,0.6202676355790181,49.759769521640614,1,1
2026-05-05,Healthcare,0.9696957936161531,21.594239483046863,0.5285058019946781,53.89548897889503,0.008024431114143683,1.6827031677959876,0.24527439663420963,1.2088662011569118,55.174840258803286,1,1
2026-05-06,Healthcare,1.4051159258834574,23.689558707113008,0.6344860410736333,57.68818915881491,0.021334941821107324,2.2570654294367,0.5552864513530396,1.9492410383918535,62.91661564716835,1,1
2026-05-07,Healthcare,0.36343120016231145,20.673898621778335,0.3763528581554846,46.96885594280913,0.011802739247561901,0.5120402926215135,-0.34807096853360714,1.5899800251416991,62.400286964108474,1,1
2026-05-08,Healthcare,1.1091290358376757,22.93068043822648,0.5516790441887972,53.63828015298721,0.016088323792979267,1.632403597999749,0.22005233606329858,1.8542564234902397,66.7775957343435,1,1
2026-05-09,Healthcare,1.6634062506592964,25.75446323621263,0.7348284680843531,58.42819955747604,0.029272564405678658,2.60083108873487,0.6248446588542886,2.4995820846154047,76.56946176810153,1,1
2026-05-10,Healthcare,0.8792364416329536,24.582800219276912,0.5312646595011355,52.02743187549523,0.02259731740720796,1.2999924131579168,0.06665875388598887,2.2907064839149927,79.83247987481323,1,1
2026-05-11,Healthcare,0.0018439755036529087,22.42407820374143,0.23466866869403913,48.30703104617638,-0.0021641445924769215,-0.5182727427598266,-0.25807480404583694,1.2974989966313621,73.862192608664,1,1
2026-05-12,Healthcare,0.17563333325996336,22.010210623946122,0.38012689801768285,47.807134004751425,-0.008747858879541853,0.37930367044305885,-0.2992128990078056,0.9500900991187684,73.10377209103626,1,1
2026-05-13,Healthcare,0.31177191626992506,23.678711258215735,0.3965525826451495,55.24047447655827,-0.011807601298892648,0.47629344996155915,0.36414694236,0.713793239863459,73.63163270495852,1,1
2026-05-14,Healthcare,-0.2461518618037396,21.24929335896168,0.2579128999256005,48.88057566684601,-0.02236718723995531,-0.39335509988341094,-0.20992985148216298,0.10380907722771833,70.46639071886852,1,1
2026-05-15,Healthcare,-0.44143480814679614,20.338939811782613,0.23073088300314087,48.6805535868504,-0.029910031670517395,-0.5591716479190589,-0.22595088892042148,-0.46277422522461564,66.91862354557233,1,1
2026-05-16,Healthcare,-0.16586702060330968,20.961433274428252,0.35008439681169085,51.53902867071881,-0.025746906347394228,0.20268278057953487,0.037657299948357224,-0.5434352785515476,67.15993290727258,1,1
2026-05-17,Healthcare,-0.563708713901945,18.86668822402257,0.2603211727673739,45.39427133915434,-0.027751603140969198,-0.37315433768118483,-0.528986353579269,-0.8744862577795622,64.94122828874758,1,1
2026-05-18,Healthcare,0.38058176526832865,21.470259245008723,0.4890757856160416,53.5660662642244,-0.013126766076299659,1.0939470864617318,0.2359397618323354,-0.43088646273133696,69.52763152514297,1,1
2026-05-19,Healthcare,0.02345298104212315,19.728774464296905,0.38690895317025686,46.613313844688214,-0.009934232472914462,0.42573651268557977,-0.4181827642285431,-0.39917271701972257,70.99890101069886,1,1
2026-05-20,Healthcare,0.14895008929582243,19.752444445007782,0.4425067666177056,45.294879800421846,-0.00398378982621898,0.7786630208985152,-0.537876588104101,-0.20270047786688397,73.91397431818255,1,1
2026-05-21,Healthcare,0.3166451851107239,21.64937517421576,0.43545558507300697,51.651810935198675,-0.0006057078950051902,0.7228943291144555,0.07203499931913623,-0.0742181157965721,76.49445030341842,1,1
2026-05-22,Healthcare,,,,46.39885623138232,-0.0004845663160041539,,-0.4325649631270783,-0.07360416950058962,76.87791094077525,1,1
2026-05-23,Healthcare,,,,39.536460076020134,-0.00038765305280332417,,-1.0820251872249864,-0.0814235567614703,76.87791094077525,1,1
2026-03-24,High Throughput,,,0.168669445822453,,0.0,,,,47.595474074322524,3,3
2026-03-25,High Throughput,,31.552748388625275,0.1986398478369337,100.0,0.0019126410402403814,,,,48.32558151551824,3,3
2026-03-26,High Throughput,,32.147525288629865,0.27034061251637803,100.0,0.007582599586393686,,,,50.42935038105408,3,3
2026-03-27,High Throughput,,19.331587614276316,0.16338114613499227,48.732616680132544,0.0038913825160795494,,,,49.423917836330844,3,3
2026-03-28,High Throughput,,20.641340370005057,0.1845612627978922,53.45758781813783,0.0026949612083012687,,,,49.42545860623177,3,3
2026-03-29,High Throughput,,17.289697248422137,0.11244021687333627,40.68842206139822,-0.0028354566553307307,,,,47.73010491448717,3,3
2026-03-30,High Throughput,,16.730400311061626,0.10054494875685094,39.146172378313224,-0.006942494933127827,,,,45.95621905895786,3,3
2026-03-31,High Throughput,,14.045569268719817,0.02644301618546781,31.66849720245817,-0.013896149378013384,,,,40.31891126053385,3,3
2026-04-01,High Throughput,,17.33492373097056,0.12691362304484244,45.72523989544932,-0.011097001863418013,,,,37.88045324591287,3,3
2026-04-02,High Throughput,,18.20491101101929,0.1669518724713229,49.83748577599421,-0.006163082520300811,,,,36.367597771975376,3,3
2026-04-03,High Throughput,,17.386530156718454,0.14245569784367978,47.62957724735477,-0.004254163024575881,,,,34.45249651322926,3,3
2026-04-04,High Throughput,,16.800930202629253,0.1297790229516265,46.56208566045773,-0.0035773345848360057,,,,32.174540799930305,3,3
2026-04-05,High Throughput,,16.789736760664297,0.1385611522532064,47.37912000983421,-0.002330633193536817,,,,30.766632618926288,3,3
2026-04-06,High Throughput,,17.62262731740119,0.1839037973253721,51.229101131035804,0.001546418065452089,,,,30.235501656029818,3,3
2026-04-07,High Throughput,,18.207143137696736,0.20038836172568708,52.49276302714831,0.005023700339325693,,,,32.7694742428211,3,3
2026-04-08,High Throughput,,16.995633870244518,0.16835352829635145,47.62752182978005,0.004960285626816758,,,,33.78957628530807,3,3
2026-04-09,High Throughput,,13.09075240720155,0.07046275284406621,34.95970389002629,-0.0015331229207620548,,,,29.9255780511731,3,3
2026-04-10,High Throughput,,13.843542241780224,0.055143642571245564,40.55245677061636,-0.006443306762025496,,,,26.58763354412781,3,3
2026-04-11,High Throughput,,11.804767182202653,0.018156587699564523,35.865352849902195,-0.011471868083449101,,,,21.44315614205674,3,3
2026-04-12,High Throughput,,12.723047813951823,0.032737530409204685,42.49646562835214,-0.012993924781034213,-1.5090775876328177,,-2.0278347764465883,17.33552630587216,3,3
2026-04-13,High Throughput,-1.3546900498494052,11.137349044289518,-0.007332445176960707,40.355615323345084,-0.015696461733665457,-1.8660157899238543,-0.5208469281365327,-2.256043662398043,11.311152291505241,3,3
2026-04-14,High Throughput,0.4591852696292732,17.86433445440815,0.23053859782508637,64.11361974474342,-0.0012239074909087475,1.3575760121171767,0.7569285343983571,-0.9549453013698879,16.567870019185285,3,3
2026-04-15,High Throughput,-0.16149432524966875,13.956569072624225,0.11585614339806923,49.25009289609915,0.0007586349242134915,-0.2020391001905846,-0.06802218259601636,-0.7363770786324274,16.27431068798683,3,3
2026-04-16,High Throughput,0.2432837717622561,15.02795241606434,0.17421913666418298,50.48090546358045,0.005850378871725882,0.5947620350840627,0.0020546625238270755,-0.14525575304185545,21.16387436138553,3,3
2026-04-17,High Throughput,0.4212293474113603,15.968782049510253,0.18012234239369648,52.55544350675701,0.009262797191245016,0.6588407034426869,0.12050882739262965,0.3715084710746553,23.067978097119656,3,3
2026-04-18,High Throughput,0.8411658274152322,17.43399261263161,0.22764302696115601,56.33971847235369,0.01407858061896739,1.2692291438686352,0.3385198885475579,1.0997342770380232,25.44993294595053,3,3
2026-04-19,High Throughput,1.0644953878117673,18.28890895880441,0.24885335239451659,57.031603971009496,0.017810361196648788,1.472142560985973,0.372370641527633,1.715766088185531,28.942785125202327,3,3
2026-04-20,High Throughput,0.24361832925220175,16.093478091429922,0.14793811187720132,47.85876021028849,0.012832721956977475,0.08287264143502845,-0.19093499983147696,1.4666689306184206,28.588894997162406,3,3
2026-04-21,High Throughput,0.7802690445680527,17.260281335517746,0.20950974098774675,50.51537859330572,0.012997407230955337,0.9152553646890229,-0.023199431742907495,1.644603557555604,30.748852565798256,3,3
2026-04-22,High Throughput,0.326594788767149,17.506237008832315,0.16342634754816562,49.72595374875041,0.009476653054944615,0.2632708980646304,-0.0726221086274575,1.4635368223834067,32.74932759688967,3,3
2026-04-23,High Throughput,0.6933594868802934,19.47843646365378,0.179892039434332,56.69256460487235,0.007800637872363831,0.4885078344434578,0.37552493946047605,1.4115939490143439,32.952448612408325,3,3
2026-04-24,High Throughput,0.838038283553356,20.395650191155827,0.20260504723413608,58.937730386714975,0.007749638712807747,0.7959972714854473,0.5138840689965213,1.4823177752269079,33.97863317683938,3,3
2026-04-25,High Throughput,1.2838705701647688,22.441238823908666,0.26940320238315557,64.69710349689203,0.011515589693574878,1.6621064765493225,0.8756260801338558,1.8626704893043675,36.67520096247475,3,3
2026-04-26,High Throughput,1.0104701934706215,21.93778967007009,0.22476290545663188,60.85124422646496,0.01033852567313959,1.001585797463575,0.6037080868571976,1.8357067031098584,38.71380130674377,3,3
2026-04-27,High Throughput,1.2734925727467974,23.481750672941644,0.2667504892124141,65.45477552081377,0.011629804628364207,1.5156151968697515,0.8926260618318826,1.980926500866679,39.9897354775835,3,3
2026-04-28,High Throughput,0.5360970020341195,19.422312010379688,0.21710854137879565,49.03864555267261,0.008526412844454292,0.8111917869882461,-0.2247367954695998,1.796083374649301,39.69752296884745,3,3
2026-04-29,High Throughput,1.7653539978109802,25.23468544576894,0.38200174511915996,67.77367341636699,0.01650291026623096,2.7160383801714936,1.0409827590622114,2.3563462859805835,45.96615325418993,3,3
2026-04-30,High Throughput,0.545361654407051,21.619718418383616,0.21117838418967647,52.14587973831963,0.00954366608080761,0.5713037543540943,-0.038787822983960135,1.9364992664533396,48.09097871067068,3,3
2026-05-01,High Throughput,0.9367045195935539,22.34889573661478,0.26119277908314587,54.4776496645492,0.007659401203068798,1.1649798886236076,0.12304930890563523,1.8257806689510399,48.77670489714066,3,3
2026-05-02,High Throughput,0.6623119586069287,22.230036414739097,0.2627440967737333,52.042399613102795,0.005944553622008009,1.1494208544269842,-0.04936364641071046,1.7193979391962682,52.06189677952582,3,3
2026-05-03,High Throughput,0.45114507748219,21.671662221651946,0.23550305916756376,49.228610188134006,0.002574778973185733,0.7931602794723207,-0.2486911158313251,1.5025695223555111,52.353910301573464,3,3
2026-05-04,High Throughput,1.486534574961465,25.695187691348856,0.3837403736851329,62.9183736795673,0.009537127295941812,2.421694088278888,0.735064165208614,1.9013025766438827,56.06828960594187,3,3
2026-05-05,High Throughput,-0.4178592470315984,20.25060448889894,0.066254137120508,43.870510420467916,-0.007132653730217715,-1.262465019128245,-0.6500856327092539,0.9009878453202401,52.25323290819339,3,3
2026-05-06,High Throughput,1.212764434096755,24.96526794902821,0.38156804657048465,57.58591484888404,0.0026593456078140842,2.2348955510697235,0.3577492616935666,1.407251079113791,59.75689122017811,3,3
2026-05-07,High Throughput,0.3493884655195866,23.474675181162397,0.23381534685159808,51.71829384928426,-0.0010341269332608816,0.5924148852598871,-0.07909217885557755,1.1673289803318156,60.33872349738097,3,3
2026-05-08,High Throughput,0.11813591337530158,22.840094880676382,0.19997977941960846,49.916933314507204,-0.005714131821557,0.2131535116850592,-0.21259898644051348,0.8318018410571228,59.81880738587569,3,3
2026-05-09,High Throughput,1.2511568244946922,25.096363648993787,0.42403112160541195,54.449800579126986,0.005703621280038096,2.510262892061708,0.13186473300958512,1.4553096311264924,66.12497351723523,3,3
2026-05-10,High Throughput,0.8824087644779107,25.404792540436837,0.3210368315784393,52.6804941647862,0.00572831182356057,1.3791101848131542,-0.00460542659542237,1.4787255553315155,71.01589757288085,3,3
2026-05-11,High Throughput,0.98192102040781,26.189874230347776,0.3524153006798357,52.3992854381004,0.007173056743834616,1.6406930103947241,-0.026270921903361843,1.5838281874184403,76.63478606751637,3,3
2026-05-12,High Throughput,0.5436580118965187,26.520785543870076,0.29326558166294253,52.12169360126677,0.0036384819977484523,1.0131771959100604,-0.047675637764182786,1.407545031956845,79.51313443345889,3,3
2026-05-13,High Throughput,-0.6103887835407175,22.774331885117867,0.06622609120984481,41.49709461273664,-0.013554371429364588,-1.2784514342684374,-0.8783764524682818,0.37919561794131856,73.48915004577374,3,3
2026-05-14,High Throughput,-0.2924492591237515,24.261381068539688,0.15959446077341646,48.55053633304144,-0.01792811729308777,-0.3249129674696328,-0.3117103587084355,-0.06464880674821342,71.64922360513,3,3
2026-05-15,High Throughput,0.2689745527760681,24.905151519881702,0.26274578852507186,50.04237288252115,-0.013372628555426827,0.7234815690779978,-0.18959452266885343,-0.0031700817599933013,73.39289419098469,3,3
2026-05-16,High Throughput,-0.1535006203782545,24.487704663856604,0.21275719615464525,48.67125970768785,-0.01320182781878797,0.20597189254804238,-0.2980989864823492,-0.1618179036010963,73.44286466268859,3,3
2026-05-17,High Throughput,0.5110336595519558,25.66174692419747,0.3176086816247161,52.09602961785923,-0.0058765965633366946,1.2659915020910002,-0.016806020747117442,0.1394084235998937,75.64092370369345,3,3
2026-05-18,High Throughput,-0.04388443006097524,24.25073568869211,0.2468910299139648,46.36247779069277,-0.005642125810909126,0.5283362327252352,-0.48647522786943065,0.07740445263536738,75.9748509323075,3,3
2026-05-19,High Throughput,0.5906165532987121,27.352159792043462,0.3015263650364882,57.26943890662492,-0.0018517033969311127,1.076269962815779,0.4194708127196039,0.25014044647041145,78.28023474233613,3,3
2026-05-20,High Throughput,-0.48740168201989786,23.21529776835788,0.15811390172570775,42.27511568115156,-0.00866590699168404,-0.4105639600994484,-0.8290169753044697,-0.22432072851871396,76.21514877028633,3,3
2026-05-21,High Throughput,0.2199143559564563,25.846893832544296,0.2582436583960909,50.87324816352615,-0.006207626035456748,0.630555268381639,-0.10306278719895895,-0.1743086608121279,79.26192510929661,3,3
2026-05-22,High Throughput,0.8118743435693807,27.782102750690527,0.3755522787991566,55.922791598660666,0.003044064835475764,1.7979108262372732,0.3234698179264338,0.3625294820344408,83.86090754942944,3,3
2026-05-23,High Throughput,,,,48.07337026109336,0.00243525186838061,,-0.34625433987347926,0.34928810974836016,83.86090754942944,3,3
2026-03-24,Index,,,-0.02580406140967032,,0.0,,,,19.197749449431285,4,4
2026-03-25,Index,,28.21758358693878,0.0779000778256503,100.0,0.006618155894219895,,,,21.418709258708766,4,4
2026-03-26,Index,,29.07354389057011,0.22581032677016816,100.0,0.019843555552101818,,,,26.300836396011608,4,4
2026-03-27,Index,,15.49598291986387,-0.045897813622552845,48.08017511995028,0.009692657513985977,,,,23.25792205046807,4,4
2026-03-28,Index,,15.003100451973074,-0.052788489505016335,47.455322890054966,0.0023000161989482158,,,,21.288292714397663,4,4
2026-03-29,Index,,18.83276918534147,0.11894682344247061,60.31064823584051,0.00841798233720277,,,,24.576202787225697,4,4
2026-03-30,Index,,15.837560465915203,-0.023571617404917262,50.132180660412075,0.0026092948911424114,,,,22.1456221262542,4,4
2026-03-31,Index,,21.42192322331014,0.3597440750766553,65.70099301601263,0.023181271864210345,,,,31.72864977464865,4,4
2026-04-01,Index,,19.53598216733325,0.14095817864271099,55.76406283612193,0.020732169597121097,,,,35.85572353489603,4,4
2026-04-02,Index,,18.719869398352355,0.05946526552023603,52.79011444061423,0.012696751487807002,,,,35.736819074594266,4,4
2026-04-03,Index,,19.692653589036922,0.14282303302702135,55.23225401336027,0.012072615580279507,,,,37.63092219618427,4,4
2026-04-04,Index,,17.192653382701376,-0.07779867870448157,48.58096464513892,-0.0033003301343998946,,,,33.09412583803093,4,4
2026-04-05,Index,,17.54596553100962,0.011307197310201694,50.96586211995005,-0.007338055697515861,,,,31.650401269053937,4,4
2026-04-06,Index,,17.019803399997453,-0.010953958794787517,50.38206343782532,-0.011149879526208346,,,,29.903186341972788,4,4
2026-04-07,Index,,17.034504294448418,0.024868307807224932,51.28010294703647,-0.010888129245844098,,,,29.060876947491835,4,4
2026-04-08,Index,,14.340741715602535,-0.1706390157155084,43.99963586205897,-0.022824960779052078,,,,25.01192477535374,4,4
2026-04-09,Index,,14.366713122579108,-0.0009280562131869508,44.58298248776529,-0.01842247832476831,,,,24.49434457572851,4,4
2026-04-10,Index,,17.357458088987435,0.1282334093789138,54.46424505939049,-0.006555401229002385,,,,27.59072688252586,4,4
2026-04-11,Index,,15.351792494549569,-0.09458706573101218,49.03521735687189,-0.013079476692148762,,,,24.139503726319322,4,4
2026-04-12,Index,,14.367547592432405,-0.05368361044799715,45.75926913146946,-0.013928711563509423,-0.7339381125059298,,-1.5250785127277005,23.042129966457786,4,4
2026-04-13,Index,-0.0017248417646351655,16.818523107714572,0.11099684180600888,53.27011806567276,-0.0032456428644230774,0.5846210266988664,-0.19759674854705167,-0.9147965137433209,26.298280140995473,4,4
2026-04-14,Index,-0.1762502073401864,14.335339878973993,0.07899382415193364,41.77281282200975,0.0015611440961609039,0.31253968918678104,-0.8859165601164939,-0.5962107254622385,28.863674730886157,4,4
2026-04-15,Index,-0.09933419473445484,15.890921494409348,0.05869724496126431,47.272054929353764,0.0031763311814118353,0.13816950021681107,-0.520653877082647,-0.4434500100675872,30.214514315405335,4,4
2026-04-16,Index,0.15172795150886623,17.386360130652683,0.10062017395059908,51.401566442525755,0.0066698786750532865,0.48753414067023315,-0.24751356138316497,-0.13268000825061183,33.04304007927121,4,4
2026-04-17,Index,0.3089822909088543,17.635848979693378,0.13492879688649176,49.72186280412651,0.010656479323753906,0.7637534345498203,-0.3505056296247313,0.2672703836085087,36.89082474057739,4,4
2026-04-18,Index,-0.032709836407276274,19.048772446788938,0.05539078323741856,55.21068166011916,0.0074534172921544815,0.058108546547331275,0.01958636934504003,0.18037991225248168,37.20767657129594,4,4
2026-04-19,Index,-0.6117756125547303,16.44813954165511,-0.05520604641077842,47.440880078711814,-0.0020871651397260695,-0.9093562509229522,-0.5038279392299547,-0.44802206039469944,33.625051858982275,4,4
2026-04-20,Index,0.22543531747399068,19.325367266754707,0.10722399751731648,54.10424937586362,0.002328844818437467,0.5501427772860197,-0.03673666062559994,-0.12369269068677011,40.45987813408601,4,4
2026-04-21,Index,-0.30108308831643593,18.506391311979897,0.028373542049866977,50.11820199127592,-0.00014218374116382534,-0.1710277763102085,-0.3150922930768005,-0.283004098818736,41.51502518117728,4,4
2026-04-22,Index,0.5121809825728914,22.026472885735682,0.13923830944092472,61.08218189398764,0.005307167159667628,0.8404719147502483,0.4709148098463309,0.16653236566863736,45.734207562701236,4,4
2026-04-23,Index,0.729613865104989,22.02655356863131,0.19178633171900772,57.52246885916084,0.011701459942155884,1.2757331471693172,0.20526768098758,0.7785801397219847,50.53965925174868,4,4
2026-04-24,Index,0.3556951034700383,20.314867653873364,0.11153077110761296,49.32214376445437,0.009850940194982269,0.5203921041335307,-0.40121569928384226,0.7992807020831297,52.38853441953556,4,4
2026-04-25,Index,0.17363780438396245,22.534165650836407,0.0762265302424452,58.17678827083402,0.005775974912144509,0.18590971020775085,0.2668144335650618,0.6056975203434078,52.468625084841165,4,4
2026-04-26,Index,0.09222241573643683,22.134082122182228,0.07527948260635849,56.41897027480742,0.0026998178679386586,0.1742543440656148,0.1292924363999394,0.4314524946979587,52.64789225237056,4,4
2026-04-27,Index,-0.5302304310715747,18.709622994206768,-0.004885929897134017,43.70223919948389,-0.0046507326953892265,-0.590248093597661,-0.8447045567190266,-0.16451416175520936,51.08621844920491,4,4
2026-04-28,Index,-0.6794834631504278,18.811039028407105,-0.018278352500391604,44.60450875360649,-0.010023166118888148,-0.706120501347099,-0.7563053116165447,-0.7111326493873596,49.825398887702285,4,4
2026-04-29,Index,0.032160176796552434,21.04632212846033,0.09153003055875518,51.65666063340894,-0.005988889783162803,0.36914612900912935,-0.19543014053667448,-0.5199193286440449,51.7217536743178,4,4
2026-04-30,Index,-0.016209523567010234,20.79987722537892,0.08386692168157465,49.12440021462877,-0.003753259729760001,0.28868299009979187,-0.3924942057913035,-0.41928240264487276,53.6658114424999,4,4
2026-05-01,Index,-0.6861506388181626,19.10967555175442,-0.000671958809575148,43.26644521656801,-0.007659659452604127,-0.5548921778192013,-0.8483953786109639,-0.8280080374442471,52.282778859065594,4,4
2026-05-02,Index,-0.06868410543246287,21.02279394937707,0.0747265090137927,50.96412180017795,-0.004986698679911835,0.21013681497507314,-0.21813281721293146,-0.7093382969280935,52.16752103115016,4,4
2026-05-03,Index,0.5925468374324604,23.84846746860905,0.17051822118204085,61.42377244187252,0.002982771674175693,1.1627259004968795,0.6339126970786808,-0.06248249325414691,53.26331219764984,4,4
2026-05-04,Index,1.1573731818559656,23.85863456756202,0.28817069702914294,59.59236390692216,0.015242523345809448,2.196338259051985,0.47445060879568135,1.1130080547625643,55.46643665599292,4,4
2026-05-05,Index,-0.21520888377963981,21.336577331881784,0.018486076092090218,49.564050524704676,0.004794974369182206,-0.42458309390224336,-0.3629434953861973,0.4153071951040628,55.712637037423306,4,4
2026-05-06,Index,1.0348763286624607,23.954323587747837,0.2690185820395448,55.09468551813127,0.013850720040048246,1.9259475000084363,0.10534640452310728,1.3180145398442606,62.268809227197075,4,4
2026-05-07,Index,-0.2699536587274489,21.10821042778243,0.026852365808611455,44.364318768202786,0.0031815857943235867,-0.37079613771733666,-0.8012164970580383,0.5703067225279043,61.664410688102734,4,4
2026-05-08,Index,-0.12507723212666672,22.31175801214298,0.07294328884491393,48.649972046895286,-0.0009027816724210339,0.07081750699925876,-0.4259143055200753,0.2423483937682379,62.47060600763458,4,4
2026-05-09,Index,-0.35223461930836386,22.05634846368398,0.03662218946526358,48.615381252246415,-0.005903120717557924,-0.2785255992117471,-0.423478023474298,-0.24863928701525012,61.1353111137135,4,4
2026-05-10,Index,0.4076355650423147,23.638345052339382,0.16431006768534698,52.85923701141844,-0.0007353227655657602,0.9538737649843937,-0.049999108150908265,0.13389926343465428,63.930565896570464,4,4
2026-05-11,Index,0.025736714237502983,24.033011854650297,0.10470984172462922,53.566806891205,-0.0014158513616811773,0.3648363722038697,0.012735423188259418,0.0528215836917231,63.94401138210518,4,4
2026-05-12,Index,0.48194779989952496,25.028626484961265,0.15678410017249228,55.55750022527167,0.001403708410939633,0.8649928626950936,0.18952146310373202,0.29901010651011317,67.2881622099635,4,4
2026-05-13,Index,-0.3832670559376087,23.279235004242366,0.0368016382119518,48.27375359872493,-0.00471420749328072,-0.3225149501476408,-0.4655983552156753,-0.27753334124657403,68.69915621692107,4,4
2026-05-14,Index,1.3629685463744339,27.143833077895692,0.37130705357046007,57.516633148233915,0.012901850453421772,2.761336947442236,0.37552473400226144,1.3544085063407678,77.93430918303966,4,4
2026-05-15,Index,-0.12388998203856383,25.1983049369345,0.040290765637967144,50.948868151836166,0.0019689942887354886,-0.31821483707149867,-0.2280707760755388,0.5185448954440829,77.07856750074356,4,4
2026-05-16,Index,-0.3476969128174837,24.437671778642866,0.036928591614586885,49.09421297686966,-0.005379017417096593,-0.3462100067339248,-0.396443375862639,-0.1754151609025435,75.46607863948093,4,4
2026-05-17,Index,-0.7513562267519444,22.936522107450113,-0.006329561912942113,45.65256978573641,-0.012628731489378875,-0.7453178328133725,-0.7095403586309955,-0.9973403902228841,72.1382196992678,4,4
2026-05-18,Index,-0.646813017354947,22.598112856620055,0.05912890710200926,44.22119677197174,-0.012469968215638316,-0.12154537618667831,-0.8315093937237441,-1.2087047327599623,73.08461295671937,4,4
2026-05-19,Index,-0.765708694943078,23.705100706307476,0.009998410704984487,49.75903559697556,-0.014960415992517578,-0.5861726603733373,-0.3047268590876642,-1.6522085075266402,72.13329125888387,4,4
2026-05-20,Index,-0.3430436880926573,22.556946787580127,0.10437195525628838,44.87090980962899,-0.009788594088499997,0.32198557866157207,-0.7602474807698458,-1.3993998353474268,73.00429701994476,4,4
2026-05-21,Index,0.7386577294311054,26.874742989003074,0.2711462296208619,57.98536115014799,0.004557430179766654,1.8688068516113487,0.4899809573403933,-0.18411241427487338,79.35471783881096,4,4
2026-05-22,Index,0.5643082085550433,26.398381785968706,0.20128870274129648,54.1311068196575,0.008789948412666254,1.1800045096300558,0.11751239539504982,0.32114302513462994,82.87738173948986,4,4
2026-05-23,Index,,,,55.42708316789972,0.007031958730133004,,0.24136667538404127,0.300400383268414,82.87738173948986,4,4
2026-03-24,Infrastructure,,,0.18959875788127256,,0.0,,,,76.47420755936871,2,2
2026-03-25,Infrastructure,,9.347079504728054,0.1573679193155667,0.0,-0.0020568968201476025,,,,74.1222843089271,2,2
2026-03-26,Infrastructure,,7.7518293452530695,0.11542488772007709,0.0,-0.005910312174063846,,,,65.64641407623722,2,2
2026-03-27,Infrastructure,,22.908565922346828,0.21699535386988422,57.794446342819775,-0.0015155811908950526,,,,68.49681774406147,2,2
2026-03-28,Infrastructure,,20.72207632676046,0.18249479534473867,48.310550526786805,-0.0008617315288026567,,,,69.27810773980255,2,2
2026-03-29,Infrastructure,,20.562872500912363,0.17891386161277545,47.501495413335064,-0.0006116874046845668,,,,68.99616697930277,2,2
2026-03-30,Infrastructure,,21.052771712514733,0.18352697882381136,48.61018852755312,-0.00010352914720806149,,,,69.578162395143,2,2
2026-03-31,Infrastructure,,17.102014336843425,0.11977255913277732,37.627951735833136,-0.0038230489691826117,,,,63.02845204261992,2,2
2026-04-01,Infrastructure,,21.095983547063945,0.20301869697771804,51.83613689471241,-0.0006074664685751406,,,,64.57546468856673,2,2
2026-04-02,Infrastructure,,12.445863409231396,0.0016548345053568059,33.420712126965086,-0.011375423116046992,,,,43.77576449436508,2,2
2026-04-03,Infrastructure,,14.966357197154377,0.1311382022215005,45.80197691218344,-0.009203692913230014,,,,40.8378152414069,2,2
2026-04-04,Infrastructure,,19.68970033458455,0.27382544390165536,55.019624476547826,0.0018281541057013559,,,,53.16526271130283,2,2
2026-04-05,Infrastructure,,16.688309687389253,0.13486046053399167,47.20134386361082,-0.00014351069861194207,,,,47.994397836463286,2,2
2026-04-06,Infrastructure,,14.692082478371557,0.09849823755159867,45.50919776156079,-0.0036139713078412097,,,,40.38886779890546,2,2
2026-04-07,Infrastructure,,15.576252837025322,0.17222296297010342,49.20149902680901,-0.0008081919758890325,,,,40.1022630167149,2,2
2026-04-08,Infrastructure,,17.957200266145495,0.2415269859959896,53.74007353320159,0.00550405250517442,,,,45.727063260716214,2,2
2026-04-09,Infrastructure,,18.40124192947264,0.18600995299483525,53.099443805247994,0.005704850084081377,,,,48.471617390569214,2,2
2026-04-10,Infrastructure,,18.19401206939417,0.20426426196877928,49.396834783041605,0.006759497196460151,,,,51.59342432378067,2,2
2026-04-11,Infrastructure,,19.18358369430645,0.21130332918614314,51.4013358070701,0.0075628975207804715,,,,53.07780942221266,2,2
2026-04-12,Infrastructure,,19.223202907152828,0.18219847743246018,50.15590257484625,0.005842847810034001,0.2214795511541281,,1.482282129457581,54.04161467920667,2,2
2026-04-13,Infrastructure,-0.3204366755734298,16.722143087492803,0.0971706654430292,46.19184514535507,-0.0009508733553156698,-1.159380466178928,0.1637420458444427,0.34858038707822303,45.88918403660368,2,2
2026-04-14,Infrastructure,0.6102125980634036,19.456318000748787,0.20006003183651877,53.422403850446955,0.0014260671428428912,0.5616452680178442,0.599077591862622,0.7667050958560319,50.036597935351196,2,2
2026-04-15,Infrastructure,1.1473180342888363,21.23598435164694,0.2654379451474834,52.701896201967,0.007029253960211888,1.5518870387646082,0.5369736173567635,1.787089873158082,59.621503365416274,2,2
2026-04-16,Infrastructure,0.31597980649433377,21.924783176018696,0.15373441498053386,57.13693481900924,0.003043916036023203,-0.2893691290271961,0.7960678512371849,1.2163840731388589,56.63636717559241,2,2
2026-04-17,Infrastructure,0.13074056631511144,20.100127001518764,0.15581713552263227,51.31545235638032,0.000512229558319541,-0.2489550135788082,0.4042789966826823,0.8183907365075829,53.385285262323144,2,2
2026-04-18,Infrastructure,-0.7457882435757199,15.365989063014304,0.0796172868402595,38.8584922983185,-0.005972599326387999,-1.4623748181589584,-0.41839651855981824,-0.4067154824657897,44.08749606329663,2,2
2026-04-19,Infrastructure,-0.7160084518772056,16.411365978720603,0.09201801376730004,47.12462226784846,-0.008927341330611974,-1.1960905113803317,0.14106755666204493,-1.1677181195797188,38.114461894005416,2,2
2026-04-20,Infrastructure,0.08881418052317756,18.775694362988734,0.16957264993336563,54.5202346429882,-0.005336283316024637,0.09066985925740545,0.6372375161738906,-0.7916874200642994,39.59830158883261,2,2
2026-04-21,Infrastructure,0.8801332802458818,21.051648725651177,0.25945189521110984,55.43594154379352,0.0029679963721367477,1.5160897186182334,0.6831322028952721,0.6144747442338969,48.94720569331948,2,2
2026-04-22,Infrastructure,0.4951301702221498,19.375171997910932,0.1967135032018193,47.184267210913774,0.004044642298465758,0.4719687854254115,0.09660977887375365,0.9167132369039737,49.82405232595084,2,2
2026-04-23,Infrastructure,0.20486409749898252,20.194955709673756,0.1743042995498764,49.232578833719465,0.0030992038735646746,0.09589990962952083,0.24021462557827158,0.8642301278448374,49.97745993263526,2,2
2026-04-24,Infrastructure,0.0425710688868266,19.39757451944508,0.1605486871034599,47.11700656050809,0.001481111857929974,-0.13574649768533478,0.08365476917521965,0.6500244292149494,46.9454580522689,2,2
2026-04-25,Infrastructure,-0.08375676939043339,19.113510999570824,0.15246738747737965,46.125161887029755,-0.00011501770523899245,-0.2709308159239467,0.009503557052843847,0.38123629808995013,45.60346766767371,2,2
2026-04-26,Infrastructure,1.0712448924236257,23.20070516282844,0.25714894129338167,54.489224512533625,0.005582814141197752,1.487204332642539,0.6302884663153291,1.4672084900554327,54.78252710117495,2,2
2026-04-27,Infrastructure,1.3779093357287782,26.656488647277683,0.2630228392402421,60.974460014596595,0.00923527180346667,1.5108267200105738,1.0898553045989072,2.2064054640582618,63.0895471650451,2,2
2026-04-28,Infrastructure,0.6305908281777497,24.34373652428949,0.20467954293652751,50.32482272789173,0.007295020319985367,0.520305043248396,0.27314455344842314,2.024899305925894,64.22336932046542,2,2
2026-04-29,Infrastructure,-0.036844155886032945,21.34525175368404,0.1443872018886045,41.426956312068604,0.0018100679724150385,-0.496001706526772,-0.40851655314594376,1.258354951575725,59.500677820485706,2,2
2026-04-30,Infrastructure,0.8831787669561537,25.561688620139343,0.2221216297519455,55.088128466872796,0.0031953164861839873,0.8206085999659356,0.6483879189537697,1.4987231978575966,62.82443529077553,2,2
2026-05-01,Infrastructure,1.124517462570304,27.314163020671003,0.2475566123284625,56.596360800841964,0.005469145596042658,1.218356682252734,0.7515754812396956,1.8830099041346915,69.46603652625132,2,2
2026-05-02,Infrastructure,-0.15275961812570313,24.393643544669377,0.1093523688315051,51.96301265413718,-0.0022748164764471914,-1.115914359538512,0.3782059684665602,0.7531778569534822,60.27008858463707,2,2
2026-05-03,Infrastructure,-0.8322848991438124,21.121229203951586,0.05650273389375325,47.77426540152805,-0.010439468215818797,-1.899272945949926,0.041358204945531885,-0.6870604588635401,48.538622088436185,2,2
2026-05-04,Infrastructure,-0.37274630643157414,21.183895277527977,0.1501928961333412,48.809551062309794,-0.009064174380730225,-0.35203298569292685,0.12404433684999921,-0.7922336798407459,47.74304398314945,2,2
2026-05-05,Infrastructure,-0.10728243571162946,19.917103255285433,0.17317908953068734,44.22596273412838,-0.006273025681670179,0.030173416196425974,-0.25031371075512004,-0.615513288438566,46.836435317233835,2,2
2026-05-06,Infrastructure,-0.7676142898344077,18.90192754825391,0.1079045197082124,44.07633200201284,-0.00835906143152083,-1.0436081112089497,-0.25956764753973827,-1.156889457904061,42.12918531908544,2,2
2026-05-07,Infrastructure,0.14405127604562984,20.990022002536588,0.19390150420828162,51.20494490512891,-0.003719819275368338,0.39784880462232397,0.33683354669219584,-0.6395307229913895,43.62411893236359,2,2
2026-05-08,Infrastructure,-0.5791129987498953,18.862171895294214,0.12215488731897627,47.796474318251285,-0.005166849860111011,-0.8059531986683232,0.046115849107000166,-0.9943285084846857,37.16945904440117,2,2
2026-05-09,Infrastructure,-1.1515730455061246,16.6140251332279,0.05954330452892323,44.980985935259575,-0.009758029722706472,-1.786889287412783,-0.19418734321855086,-1.8650254189932982,29.41408390920349,2,2
2026-05-10,Infrastructure,-0.2099300576761751,17.472207711795075,0.1763340656305123,45.69138852708625,-0.004607945211241832,0.15199755587501218,-0.13092947778653743,-1.292787059251639,32.366577735525176,2,2
2026-05-11,Infrastructure,-0.15306503471370256,17.72117196157479,0.17076300120867532,45.07961628454406,-0.001420544256111888,0.05786703553358171,-0.18280952315160157,-0.9000239642999477,34.04563346635076,2,2
2026-05-12,Infrastructure,0.024095591260336016,18.716086936569816,0.17430611942931304,48.27956806553754,0.00095447939596475,0.11680740844806003,0.10071531421398956,-0.5455472967107446,34.35082705476837,2,2
2026-05-13,Infrastructure,0.4720557970770103,21.085690379620345,0.20758863168833674,53.69289382733048,0.004591541227736935,0.6774756442573832,0.579324759368902,0.09401367697479679,38.83493579353969,2,2
2026-05-14,Infrastructure,0.5044389111617166,20.99666953935037,0.2091902285630937,49.17062171628836,0.006796696290958286,0.6950185721067822,0.16850175405781753,0.6136698724065257,43.472268562792124,2,2
2026-05-15,Infrastructure,0.5605847172845095,21.41689587668649,0.2091665826551949,47.454824979598456,0.00786955181683285,0.6849805115888533,0.011631416101735199,1.0075147417376455,47.02860682459907,2,2
2026-05-16,Infrastructure,1.6214545704829686,27.640957882558872,0.2962737132264692,63.293118928109415,0.013719009370592426,2.0879682945885545,1.429819661889114,2.1467249825779326,57.62064718428244,2,2
2026-05-17,Infrastructure,0.15007737549672875,24.358515301898507,0.12764753728326309,54.344179009344344,0.005904139726986404,-0.7383646419723064,0.6051746492618115,1.283707956976615,51.97209965726006,2,2
2026-05-18,Infrastructure,-0.3960979398539606,20.90597307801655,0.09992510908218735,46.66165294921997,-0.0010869058264086134,-1.180548074694589,-0.09943554672767799,0.33460658574934105,43.632780724448736,2,2
2026-05-19,Infrastructure,-0.6938383906914294,18.875951781324666,0.0906866780460497,44.4196776742264,-0.00601302944480469,-1.303831489647238,-0.30427319776546186,-0.5039108250317316,35.91015018971564,2,2
2026-05-20,Infrastructure,-1.3953226969986514,16.188203775955262,0.013567504236280184,43.71908293828302,-0.013704949970024867,-2.4314605516608516,-0.36610605489286324,-1.8929848079016292,23.12257506723859,2,2
2026-05-21,Infrastructure,-0.5914773928074143,16.130615555151657,0.12436120284984942,45.518027899864705,-0.010703798357291877,-0.6562601474418802,-0.19491945445082917,-1.7836080206579357,19.97475481762098,2,2
2026-05-22,Infrastructure,0.0047579639086913345,18.579798075067217,0.17692277577866197,53.61937635084789,-0.004849603713155215,0.1846293202983229,0.5682692481058237,-1.172649294315385,21.815543324494097,2,2
2026-05-23,Infrastructure,-0.9203555947286376,17.465985375119114,0.06738563417494298,50.48799935032264,-0.007847771567883214,-1.5233265617784226,0.266671116826994,-1.7181175773087578,20.186538775892338,2,2
2026-03-24,Intermediate Duration,,,-0.7506,,0.0,,,,23.619394823186234,1,1
2026-03-25,Intermediate Duration,,,,,0.0,,,,23.38707722420441,1,1
2026-03-26,Intermediate Duration,,,0.7216,,0.11464554877621155,,,,34.425413178315424,1,1
2026-03-27,Intermediate Duration,,5.520120546648149,-0.24955,0.0,0.09858259156040601,,,,35.50782512292035,1,1
2026-03-28,Intermediate Duration,,20.922638822938325,0.8943,54.08274231678487,0.15585862351351715,,,,46.07848937323815,1,1
2026-03-29,Intermediate Duration,,22.734727295905408,0.9652,55.57207557527792,0.18727121310313433,,,,56.05460439316266,1,1
2026-03-30,Intermediate Duration,,15.465307883182478,-0.6908,31.618470027850805,0.09019284560186794,,,,52.24205395444302,1,1
2026-03-31,Intermediate Duration,,18.92685849716538,0.1027,43.324200716227296,0.07378364370045176,,,,55.636600997913945,1,1
2026-04-01,Intermediate Duration,,22.40452567495123,0.9357,51.9576110013898,0.11114913932608039,,,,64.70526735857422,1,1
2026-04-02,Intermediate Duration,,,,51.9576110013898,0.08891931146086429,,,,64.86729634312255,1,1
2026-04-03,Intermediate Duration,,,,51.9576110013898,0.07113544916869141,,,,64.86729634312255,1,1
2026-04-04,Intermediate Duration,,,,51.9576110013898,0.05690835933495314,,,,64.86729634312255,1,1
2026-04-05,Intermediate Duration,,,,51.9576110013898,0.04552668746796251,,,,64.86729634312255,1,1
2026-04-06,Intermediate Duration,,,,51.9576110013898,0.03642134997437002,,,,64.44436646933912,1,1
2026-04-07,Intermediate Duration,,,,51.9576110013898,0.029137079979495994,,,,64.60108575684208,1,1
2026-04-08,Intermediate Duration,,,,51.9576110013898,0.023309663983596796,,,,64.87717141537185,1,1
2026-04-09,Intermediate Duration,,,,51.9576110013898,0.018647731186877403,,,,64.7814412813536,1,1
2026-04-10,Intermediate Duration,,,,63.17749735949747,0.014918184949501923,,,,64.43474201917965,1,1
2026-04-11,Intermediate Duration,,,,50.617283950617285,0.011934547959601527,,,,64.43474201917965,1,1
2026-04-12,Intermediate Duration,,,,49.55064737242955,0.009547638367681188,,,0.5637719650917371,64.43474201917965,1,1
2026-04-13,Intermediate Duration,,,,100.0,0.0076381106941449395,,,0.546537672536494,64.5253685042357,1,1
2026-04-14,Intermediate Duration,,,,100.0,0.006110488555315929,,,0.5308080608775854,64.75794730580999,1,1
2026-04-15,Intermediate Duration,,,,,0.0048883908442527435,,,0.516374733730827,64.9211623987449,1,1
2026-04-16,Intermediate Duration,,,,,0.003910712675402217,,,0.5030677754083609,64.65253974250768,1,1
2026-04-17,Intermediate Duration,,,,,0.0031285701403217514,,,0.4907470420519825,65.04479538459425,1,1
2026-04-18,Intermediate Duration,,,,,0.0025028561122574233,,,0.4792957521861572,65.04479538459425,1,1
2026-04-19,Intermediate Duration,,,,,0.0020022848898059165,,,0.4686156908176016,65.04479538459425,1,1
2026-04-20,Intermediate Duration,,,,,0.001601827911844711,,,0.4586235671994569,65.33946837109451,1,1
2026-04-21,Intermediate Duration,,,0.22807285959124562,,0.01718998602841254,,,0.6589407967056771,71.59558363348994,1,1
2026-04-22,Intermediate Duration,,,,,0.013751988822729988,,,0.6434460934356452,71.77009523864479,1,1
2026-04-23,Intermediate Duration,,,,,0.011001591058183935,,,0.6290045151618255,71.69452625085916,1,1
2026-04-24,Intermediate Duration,,,,,0.008801272846547137,,,0.6155013048361315,71.72671110418896,1,1
2026-04-25,Intermediate Duration,,,,,0.007041018277237687,,,0.602838539417546,71.72671110418896,1,1
2026-04-26,Intermediate Duration,,,,,0.005632814621790105,,,0.5909320759600961,71.72671110418896,1,1
2026-04-27,Intermediate Duration,,,,,0.004506251697432073,,,0.5797091494870361,71.74020975609997,1,1
2026-04-28,Intermediate Duration,,,,,0.003605001357945614,,,0.5691064642560726,71.52250690032056,1,1
2026-04-29,Intermediate Duration,,,,,0.002884001086356447,,,0.5590686628572767,70.7598277808424,1,1
2026-04-30,Intermediate Duration,,,,,0.0023072008690851464,,,0.5495470877453204,70.50452355663391,1,1
2026-05-01,Intermediate Duration,,,,,0.001845760695268095,,,0.5404987713435486,69.93676469262434,1,1
2026-05-02,Intermediate Duration,,,,,0.0014766085562144537,,,0.5318856064360988,69.93676469262434,1,1
2026-05-03,Intermediate Duration,,,,,0.0011812868449715408,,,0.5236736599699721,69.93676469262434,1,1
2026-05-04,Intermediate Duration,,,,,0.0009450294759771882,,,0.5158326018330806,69.05304290641988,1,1
2026-05-05,Intermediate Duration,,,,,0.0007560235807816951,,,0.5083352264911135,68.17227680833338,1,1
2026-05-06,Intermediate Duration,,,,,0.0006048188646253227,,,0.5011570501374097,67.72915681832863,1,1
2026-05-07,Intermediate Duration,,,,,0.000483855091700236,,,0.4942759696469211,66.90740050090938,1,1
2026-05-08,Intermediate Duration,,,,,0.0003870840733601333,,,0.4876719724210505,66.65600826971206,1,1
2026-05-09,Intermediate Duration,,,,,0.0003096672586880844,,,0.4813268883764801,66.65600826971206,1,1
2026-05-10,Intermediate Duration,,,,,0.00024773380695042313,,,0.47522417702238784,66.65600826971206,1,1
2026-05-11,Intermediate Duration,,,,,0.0001981870455602941,,,0.46934874390021175,66.00850305525168,1,1
2026-05-12,Intermediate Duration,,,,,0.00015854963644817976,,,0.46368678171266015,65.08313352606675,1,1
2026-05-13,Intermediate Duration,,,0.3818,,0.008212037122067972,,,0.5909505077917877,73.62200814101448,1,1
2026-05-14,Intermediate Duration,,37.243751927633106,0.875,100.0,0.019058736501901485,,1.9303746918571794,0.7885644227838837,79.57064323377578,1,1
2026-05-15,Intermediate Duration,,,,100.0,0.015246989201521122,,1.7314287327580706,0.7766028323978345,77.73230652028703,1,1
2026-05-16,Intermediate Duration,,,,100.0,0.012197591361216897,,1.5840094308589627,0.765172592578587,77.73230652028703,1,1
2026-05-17,Intermediate Duration,,,,100.0,0.009758073088973473,,1.4691159171665806,0.7542353774109981,77.73230652028703,1,1
2026-05-18,Intermediate Duration,,,,100.0,0.007806458471178779,,1.3763003352835586,0.7437566287968633,75.88914122971737,1,1
2026-05-19,Intermediate Duration,,34.34253355601517,-0.8271,100.0,-0.1876589881201962,,1.2992803721001147,-2.4199935382544364,62.45938822084579,1,1
2026-05-20,Intermediate Duration,,35.607488372825,0.9136,100.0,-0.1057486935713007,,1.234021844038813,-1.6387217890669585,69.56285553826606,1,1
2026-05-21,Intermediate Duration,,,,100.0,-0.08459895485704058,,1.1778001111180032,-1.5886446943374304,68.06292523685781,1,1
2026-05-22,Intermediate Duration,,,,100.0,-0.06767916388563247,,1.1286998290406953,-1.5429130261976798,66.71513751370047,1,1
2026-05-23,Intermediate Duration,,,,100.0,-0.05414333110850597,,1.0853300092074483,-1.7692222162010594,66.71513751370047,1,1
2026-03-24,Internet,,,0.05322006032735813,,0.0,,,,22.820059442895186,2,2
2026-03-25,Internet,,28.62821629310302,0.11679851806496663,100.0,0.004057428641944244,,,,24.035529584405435,2,2
2026-03-26,Internet,,9.712848731835024,-0.04161655182869944,28.63977991430933,-0.0037310781794680494,,,,17.960484155919605,2,2
2026-03-27,Internet,,11.329096335111075,-0.0064071870088311805,38.408519288422106,-0.006170938494606014,,,,13.131309259395248,2,2
2026-03-28,Internet,,15.151563619444538,0.07472895225473165,53.17860044381611,-0.002185465021956693,,,,13.75760385740574,2,2
2026-03-29,Internet,,16.76215153796782,0.11587813964903661,58.255602699445,0.0030714653497314875,,,,15.533642334498214,2,2
2026-03-30,Internet,,15.148476118774084,0.07252534364628588,52.28280637745432,0.0034500236375896373,,,,14.908093596256146,2,2
2026-03-31,Internet,,15.490699401913025,0.08617164994356277,53.774633076378095,0.004380754408841936,,,,14.787028098865003,2,2
2026-04-01,Internet,,17.19547535356647,0.14499126378968294,59.26407414576667,0.00848165607958908,,,,16.579603573242526,2,2
2026-04-02,Internet,,16.24594790395392,0.10224182120225933,54.555448359469445,0.007853352104102776,,,,18.342708891888257,2,2
2026-04-03,Internet,,18.19750889386994,0.17242186822512962,59.79896985979918,0.011482807207148938,,,,21.544636009345062,2,2
2026-04-04,Internet,,18.777750676967607,0.1791196248208748,60.236832517128576,0.013513218071014957,,,,23.709622799383894,2,2
2026-04-05,Internet,,20.89389943914378,0.24042379053181173,63.841549432037866,0.01788899559359526,,,,30.344594483126052,2,2
2026-04-06,Internet,,14.404015208090636,-0.07973412286332177,43.32824758319615,-0.0008793733509161253,,,,23.16574049918293,2,2
2026-04-07,Internet,,15.440047228010119,0.029471252299847792,48.925978071124135,-0.005767209736437313,,,,21.300495585406246,2,2
2026-04-08,Internet,,17.012603403261295,0.18619549855044554,52.894562235630154,0.0013469192131382833,,,,24.911887119197335,2,2
2026-04-09,Internet,,20.228562511903814,0.21490804354713394,61.99784010627885,0.007438235506278052,,,,31.028880479381872,2,2
2026-04-10,Internet,,17.391503924488013,0.05226201615946696,52.45173870771705,0.00034014549165644475,,,,29.114688010213115,2,2
2026-04-11,Internet,,18.505276651814853,0.1798523359306143,54.228834206306274,0.003868715102464053,,,,32.81867760662233,2,2
2026-04-12,Internet,,19.131251925175924,0.21704223708908985,54.082567385964346,0.008094934535920521,1.2610121897738786,,1.3918093674416494,36.44544342389889,2,2
2026-04-13,Internet,-0.04000941913093963,17.993648016895932,0.08585316545961356,50.50224954485924,0.001772879283702615,-0.2170831280429544,-0.3376797458114063,0.8404933571117099,35.37705350351191,2,2
2026-04-14,Internet,0.4342267517196021,18.941000465814618,0.1540335903253478,52.45636859283599,0.0018900371478898052,0.5560577238406191,-0.18745391200725645,0.8568557834164581,38.050648065745925,2,2
2026-04-15,Internet,0.49299340212301923,19.15629820966701,0.17254037512979445,51.02715930027614,0.00286266399731043,0.7477257140409713,-0.289554797137822,0.9635822316412341,41.690653212427016,2,2
2026-04-16,Internet,-0.2673760229569858,18.43879800412599,0.07045265203024564,48.86497436681729,-0.0033820888271302828,-0.45529388662012504,-0.44673590041077144,0.32642058253946743,41.27757476742985,2,2
2026-04-17,Internet,0.3556930187534634,19.314894546054575,0.1696583905089969,49.903334210308415,-0.0009694082209845897,0.7230498513494156,-0.3557415374848901,0.5099856594590849,45.01167768794134,2,2
2026-04-18,Internet,0.9109839130389427,20.97525975090318,0.2649925336054311,52.828424373214986,0.006498240537835813,1.7337268628599074,-0.11606917205363312,1.2758957052202031,50.33558876439206,2,2
2026-04-19,Internet,1.0759669226701145,21.56986796538291,0.2901777086025811,51.67870306351206,0.012251224848143134,1.8501481091415855,-0.20721490976968185,1.8873785532712997,55.28795532682667,2,2
2026-04-20,Internet,0.6055609796738392,24.11094361109477,0.1801083275416741,60.21532329750093,0.007968356948873469,0.617228059298802,0.5023077482307936,1.5801788107708217,57.77532401698081,2,2
2026-04-21,Internet,-0.21495655967599725,21.578742524866918,0.06312507312068379,51.31500845040488,-0.0028396624193003338,-0.6742472150889253,-0.2559063360874184,0.6097839294793393,56.14418496191953,2,2
2026-04-22,Internet,0.442730301841915,21.94190998918547,0.19748201339205326,50.44886170948869,-0.0011245298665060605,0.8199033045352777,-0.3252879671470134,0.7117516090378727,59.204744335195265,2,2
2026-04-23,Internet,-0.23326693103394067,20.769676899647365,0.11804398052429493,46.29714032039879,-0.005291371076622642,-0.08108207701967057,-0.6766363264598204,0.2430629683393714,58.21721409768422,2,2
2026-04-24,Internet,0.744842390808948,24.833952859872976,0.2428591907604771,57.50304533234017,0.00012053812014209755,1.3016145799249,0.32074965851354387,0.6945055913216479,65.31603340430317,2,2
2026-04-25,Internet,1.026354360290746,25.35559796102222,0.3026730369642421,55.107503065485226,0.007104011349588178,1.8442950239289073,0.10144868112856045,1.3873109408929971,72.10725058534683,2,2
2026-04-26,Internet,0.05125172365046535,23.523239950228067,0.15510491976639354,47.64090346104425,0.0014556013610635202,0.22712528868288145,-0.5764265932372014,0.9109969452789085,73.016390573,2,2
2026-04-27,Internet,-0.30237276906101335,23.904175240201223,0.09122659001073402,50.215726870059974,-0.006476560213069454,-0.47331193455703957,-0.3306904143364659,0.09299418021182024,70.92031060812192,2,2
2026-04-28,Internet,0.026961053539058477,24.413027259806512,0.18432374831691895,51.19220688676631,-0.005391745704906158,0.5612587801807187,-0.2347640220145904,0.06920294872118724,71.26799736370639,2,2
2026-04-29,Internet,-0.7118592732711778,22.910611546077153,0.06426128523939764,46.05366848791252,-0.01230319322317059,-0.7821927138363028,-0.7126517851440408,-0.7921591530074845,69.85554436205695,2,2
2026-04-30,Internet,-0.2043460580297465,25.116900032419785,0.16130187623135345,53.32331023200744,-0.009981182182298824,0.3189923425241193,-0.009955110542254035,-0.7901506188037939,71.96940227068451,2,2
2026-05-01,Internet,0.31117276539528527,25.50072700888537,0.22904529089504633,52.22358545935805,-0.0038404700706274678,1.0697420895758423,-0.11620484473647198,-0.3248668390110036,75.53760071928595,2,2
2026-05-02,Internet,-0.3600780857111644,23.720803723604746,0.15238743229946572,45.72399690329514,-0.004834775087816696,0.18511156728187364,-0.7466662976560992,-0.5148987264111495,75.38330174655673,2,2
2026-05-03,Internet,0.14757014557870596,24.772691261857688,0.21206622261217872,47.10955853551369,-0.001537341644655521,0.8617631225467297,-0.59793623398133,-0.2470641699727207,80.29825012046543,2,2
2026-05-04,Internet,-0.8773315019812131,23.544767125715325,0.05282979202823371,45.45554047320467,-0.009689940648350449,-0.9761594567818851,-0.7499683821504339,-1.1837362439698436,75.55419672952402,2,2
2026-05-05,Internet,-1.143389735841288,23.400848637801957,0.01581724617696533,48.20857934503758,-0.016769697333269662,-1.361058884386969,-0.4643399399638414,-2.0714394697296528,70.7918009831591,2,2
2026-05-06,Internet,-0.8105912425562907,23.24241032727791,0.11610599321597859,46.83689554680547,-0.014005415409237009,-0.1989125258419363,-0.5951428122683067,-2.0082322981752223,71.97452597284317,2,2
2026-05-07,Internet,-0.7349640013046531,23.83386013937291,0.11216896523126588,49.75739729286694,-0.011835513318927633,-0.2421204919124648,-0.2905553415657311,-1.9584404828621544,71.6454159074637,2,2
2026-05-08,Internet,-0.9692297677573054,21.892077330233903,0.09441425937464183,43.2755498050966,-0.0110067432387507,-0.44619517514850077,-0.9453385589433062,-1.9953771356159102,70.38305137248383,2,2
2026-05-09,Internet,-0.7048400219714713,21.278275264317283,0.11612851504366167,41.247551042103716,-0.008518110705408422,-0.18512195286310823,-1.1278178412837931,-1.869539545109158,70.53279050635459,2,2
2026-05-10,Internet,-0.8008545020426935,22.57025642689637,0.10036123460595456,47.068986654469924,-0.007492136346264111,-0.3708267972878336,-0.5157879881276581,-1.8422990394067469,70.40010003873203,2,2
2026-05-11,Internet,-0.2285489730394126,24.24777475923795,0.14265153968165195,52.81848012233325,-0.003714535496961757,0.1423322272900942,0.08568614221409208,-1.5718202939098802,72.30708535010169,2,2
2026-05-12,Internet,-0.4070243302783062,22.677660781417078,0.1287328966717946,46.66362696459855,-0.001988954124899458,-0.028516507520024013,-0.5585241946897664,-1.4358446545357644,72.5779100462435,2,2
2026-05-13,Internet,-0.09173415702873605,24.959516594543132,0.14038989246008055,55.25243964349905,-3.285886342622134e-06,0.11515431993802504,0.3535618832326201,-1.259477633979983,74.1855101002196,2,2
2026-05-14,Internet,-0.332290779087006,22.888056566199964,0.12763333657208842,47.37134393049029,0.0004832994069144791,-0.044475150107362374,-0.48865619190446147,-1.187379708372722,74.35619940864291,2,2
2026-05-15,Internet,-1.4246084520345021,18.785357472114704,0.013181311654447407,34.29216887442962,-0.006486287844419715,-1.4500270485549596,-1.8250576193006525,-1.7299072668864288,70.5854374442829,2,2
2026-05-16,Internet,-0.28610343947109595,22.545586345232515,0.1391787395400626,49.103232923833744,-0.0024041964100475263,0.12736728278000856,-0.2551904522950058,-1.4434564618581325,71.15724087006996,2,2
2026-05-17,Internet,-0.586173741166751,20.556110059350026,0.10347131772307894,42.37920189547616,-0.0019232629464651253,-0.32099381179942027,-0.9558239334077049,-1.4036785041907809,69.78570091475686,2,2
2026-05-18,Internet,0.1824136315458454,25.244525189816123,0.1648651311276331,59.113784194726335,0.002476480631122824,0.4570072876376806,0.819651433750012,-1.0404131982259948,73.6225326110043,2,2
2026-05-19,Internet,-0.8379442064364199,22.374782394945555,0.03208105586346009,51.14466274659857,-0.003295806980550719,-1.220995957184705,-0.03412045856284235,-1.4498227228184668,69.20596666054492,2,2
2026-05-20,Internet,-0.041264290331069264,23.097419715029034,0.15476093841778366,52.637445127784176,0.001169490966567847,0.34415334694026717,0.12621836158178237,-1.1061626075098843,71.6663382034855,2,2
2026-05-21,Internet,-0.5740125318896487,21.924384242932526,0.09630449073276894,48.99251407808081,0.00025506797514749345,-0.40505627716080106,-0.2690430653884317,-1.1405992671781484,70.84844000110726,2,2
2026-05-22,Internet,-0.9796755111745816,20.247471357867273,0.03147875016741454,46.22870064780272,-0.004390379057116573,-1.220203757154944,-0.5667260246494353,-1.485434294744341,65.3947246746186,2,2
2026-05-23,Internet,,,,44.79197987345541,-0.0035123032456932587,,-0.7165652998998195,-1.4468554466209809,65.3947246746186,2,2
2026-03-24,Interoperability,,,0.03281229411512612,,0.0,,,,25.90732624891835,1,1
2026-03-25,Interoperability,,28.6242720872486,0.48442738798728213,100.0,0.028821020235715943,,,,34.04834887727314,1,1
2026-03-26,Interoperability,,,,100.0,0.023056816188572755,,,,33.149192954155005,1,1
2026-03-27,Interoperability,,29.020459111448083,0.24923031976893545,100.0,0.02759600943141656,,,,35.66152762292238,1,1
2026-03-28,Interoperability,,30.513176769758523,0.498154328324087,100.0,0.0428685683000748,,,,42.708906739770114,1,1
2026-03-29,Interoperability,,,,100.0,0.03429485464005984,,,,41.86765562858185,1,1
2026-03-30,Interoperability,,30.271496302349654,0.13539338515549898,100.0,0.018885108325958327,,,,40.58901293679863,1,1
2026-03-31,Interoperability,,30.663062169576786,0.24332334430217742,100.0,0.015660947104082064,,,,42.052306430271095,1,1
2026-04-01,Interoperability,,,,100.0,0.012528757683265647,,,,41.22938090310725,1,1
2026-04-02,Interoperability,,28.123466238344317,-0.36828287074957045,100.0,-0.03723104662205988,,,,29.090972667453435,1,1
2026-04-03,Interoperability,,28.258839671583118,0.11831584519818425,100.0,-0.02814349579723696,,,,29.695576207205374,1,1
2026-04-04,Interoperability,,,,100.0,-0.022514796637789568,,,,29.226711176075344,1,1
2026-04-05,Interoperability,,29.284465268519117,0.3878397970569863,100.0,0.004530460401105711,,,,35.76278404937379,1,1
2026-04-06,Interoperability,,,,100.0,0.003624368320884565,,,,34.954342561817114,1,1
2026-04-07,Interoperability,,28.355673969206432,0.010939243852649813,100.0,-0.009761132196736185,,,,32.08161076387661,1,1
2026-04-08,Interoperability,,,,100.0,-0.007808905757388952,,,,31.630591412670277,1,1
2026-04-09,Interoperability,,28.504045244417657,0.16194738967120648,100.0,-0.0042915883778345265,,,,32.836881225234684,1,1
2026-04-10,Interoperability,,30.411061034976697,0.5955943603116354,100.0,0.025108217871317916,,,,42.40440435034554,1,1
2026-04-11,Interoperability,,33.191108540311085,0.8868715580385178,100.0,0.06051789326896101,,,,56.45037013013719,1,1
2026-04-12,Interoperability,,22.89922015872305,0.08463964109797031,62.188920243343,0.027915074940637427,,,1.3247725523451297,52.71365465845984,1,1
2026-04-13,Interoperability,,25.4544746285911,0.472948472905159,68.03848745150125,0.030306341938596743,,-2.641361581306644,1.520030575517662,57.577758710757415,1,1
2026-04-14,Interoperability,,23.546710275491044,0.24270824671983718,60.77686322198461,0.014962439382244563,,-2.601055404003511,1.0867066350112955,57.09427053376951,1,1
2026-04-15,Interoperability,,,,60.77686322198461,0.011969951505795648,,-2.211961834211596,1.0364106204127743,56.607615467247435,1,1
2026-04-16,Interoperability,,24.51125049637791,0.43682791045169966,60.77686322198461,0.01562281678423759,,-1.9583301825782744,1.2103042993406932,60.96913692295281,1,1
2026-04-17,Interoperability,,20.7104706298949,0.18600493037104607,46.45190637712819,-0.0011881752738392287,,-2.4070325258840835,0.6502586825332797,59.74662228092772,1,1
2026-04-18,Interoperability,,,,46.45190637712819,-0.0009505402190713858,,-2.118186031357348,0.6328042970353812,59.52537276729015,1,1
2026-04-19,Interoperability,,,,46.45190637712819,-0.0007604321752571197,,-1.9138109254151967,0.6166970550090421,59.32426239762451,1,1
2026-04-20,Interoperability,,20.64582615263432,0.16910154612303402,46.45190637712819,-0.017563214230624777,,-1.7594101832951334,-0.07674844494770884,57.47985231700786,1,1
2026-04-21,Interoperability,-1.2981238453662258,17.866412352427005,-0.14593896798640493,41.05494453589747,-0.04367290524753827,-1.4051933804045151,-1.8379213926031932,-1.2535307654447723,50.59746182811213,1,1
2026-04-22,Interoperability,-1.6866400901558707,15.380721605848773,-0.3217023856461048,38.5557663237526,-0.06947677377680776,-1.8119495478996912,-1.795658181624899,-2.3592934967295647,41.26536285238383,1,1
2026-04-23,Interoperability,,,,38.5557663237526,-0.05558141902144621,,-1.6757189772961298,-2.1325874697417477,41.513286496314336,1,1
2026-04-24,Interoperability,-1.7999945802523376,11.112207129536799,-0.3380870527088642,27.69654646492087,-0.07868620725717537,-1.690934448809043,-1.937096327898699,-2.81665011851979,32.49297768972126,1,1
2026-04-25,Interoperability,,,,17.957242672884433,-0.0629489658057403,,-2.0978279393113284,-2.4838600424185544,33.28722711484274,1,1
2026-04-26,Interoperability,-0.30859411001691395,13.826116091456033,0.5266999751075482,28.54842611667435,-0.00811584813054798,1.0193547200513184,-1.622208257228443,-1.256515509157817,45.14431954078872,1,1
2026-04-27,Interoperability,-0.6991689396023453,7.162862928137546,0.24252963845252523,0.0,0.0019401883635720533,0.11232690330273878,-2.341227215229569,-0.994457260577104,48.305072112724304,1,1
2026-04-28,Interoperability,-0.5981771239067427,7.612614736820165,0.24319802553653716,0.06511538826417507,0.008294572759500927,0.11225538046772238,-2.140532030823145,-0.7902541323994147,50.79423048382044,1,1
2026-04-29,Interoperability,-0.9076215353276381,7.479058822138443,0.11055836155861615,0.05766405211517167,0.003469412607047846,-0.3217304617764187,-1.9855799087111565,-0.8572465556674173,50.331582022890224,1,1
2026-04-30,Interoperability,-0.03949418603167543,14.575941857224382,0.46068044078890236,23.243049473029302,0.022690892522798,0.8358464779106582,-1.2717921965402212,-0.2991580022978501,56.6025115217662,1,1
2026-05-01,Interoperability,,,,27.875813742555053,0.0181527140182384,,-1.1060389514863027,-0.2950525584161262,56.32052014594757,1,1
2026-05-02,Interoperability,0.6476751021258514,18.54055704790428,0.81417213235721,27.875813742555053,0.06104294831126953,1.8648411744443372,-1.0749673290805009,1.0045979397023628,69.96937808318263,1,1
2026-05-03,Interoperability,-0.671172739547404,14.336776219060832,-0.062065364792943,16.43322315530112,0.020536362782186783,-0.9321318375825763,-1.347964623719371,0.19598086856226157,63.17592595092558,1,1
2026-05-04,Interoperability,,,,16.43322315530112,0.016429090225749426,,-1.302566591614102,0.19360061358209732,62.87383505754444,1,1
2026-05-05,Interoperability,-0.35777305241421875,15.439850055824296,0.24316708513796328,19.27842382574792,0.009756633659561451,0.05408299783776497,-1.1879814827736714,0.09368299497199767,63.19006059691683,1,1
2026-05-06,Interoperability,-0.4151890596046822,15.857368603945439,0.20474415785173575,20.852322497123538,0.0026338917886337618,-0.07122461374177237,-1.1143251142776054,-0.05837588008148878,63.036816553033624,1,1
2026-05-07,Interoperability,-0.5859074084586581,15.189540833860141,0.10976483229609829,19.737932046036235,-0.008290952765294266,-0.3822581646977481,-1.1152453625848024,-0.36447544051443115,61.1305166058592,1,1
2026-05-08,Interoperability,0.8341353587739222,24.183004123314518,0.8897526417100803,44.218906725374694,0.03483107201144413,2.071517356602008,-0.4398100014292457,0.8697986914906851,75.38095536072888,1,1
2026-05-09,Interoperability,0.42460799806093497,23.379043820860733,0.4774138964767258,38.07889711549142,0.03339721734415149,0.7345421469186602,-0.600321299198787,1.0145365352726368,79.7863662627831,1,1
2026-05-10,Interoperability,-0.7478115863330096,19.8197236726309,-0.19002501526847482,31.09091308024557,-0.012244250017013791,-1.3574250451036391,-0.7809465573283925,-0.1619087219331117,71.04743123908592,1,1
2026-05-11,Interoperability,-1.01961066626082,18.680387567754778,-0.24763182903304692,33.15635400138103,-0.04425562449620428,-1.4705543103743577,-0.7119179572844544,-1.1846294230682992,62.62606174982234,1,1
2026-05-12,Interoperability,-0.1156307778277064,22.03261990437144,0.3366256335626046,42.92323344413874,-0.024982685543720927,0.34782649812571176,-0.4325559500242084,-0.8525698660640926,67.31117792567548,1,1
2026-05-13,Interoperability,-0.9136063914880129,19.966920647612863,-0.12080360634922982,39.695264654680365,-0.04099712297155138,-1.06632505477219,-0.5173183036922409,-1.4470117092648955,62.093270454492924,1,1
2026-05-14,Interoperability,-1.5278191544931068,15.380868537423186,-0.49163070974349976,31.437657558714832,-0.07266931424162193,-2.07505163068086,-0.7413536508740814,-2.4599252023491225,50.26149410252095,1,1
2026-05-15,Interoperability,-1.0421967831427377,16.465841298049472,-0.04467092299968936,37.83997699957432,-0.06014029678074438,-0.7186783763066955,-0.5509878223083927,-2.3543828360008,48.08620280678366,1,1
2026-05-16,Interoperability,-0.5018337822393215,17.51589878778597,0.1795734023936093,40.621813691692026,-0.03463971834350913,-0.04050412461570298,-0.46538385318184977,-1.900082585777136,51.023279319621956,1,1
2026-05-17,Interoperability,,,,49.230937249282064,-0.027711774674807302,,-0.21312249982405027,-1.823075204184547,51.38897033036976,1,1
2026-05-18,Interoperability,-0.38565974745629084,19.83869954779565,0.13516065859943008,49.230937249282064,-0.012593024274287566,-0.17430241517900608,-0.21112355075931627,-1.5271407385838187,53.18563898014075,1,1
2026-05-19,Interoperability,-0.8544724750653921,18.378921898178483,-0.09793385402858258,46.603522747909444,-0.018161671507414566,-0.8776879801263714,-0.2861107356047574,-1.6745099624611732,49.57585859661866,1,1
2026-05-20,Interoperability,0.2776429192378317,22.4001731298653,0.587841502714157,54.26236545593055,0.02346109244422874,1.2159236448611852,-0.05706302108649869,-0.7104688906206771,59.9571680641818,1,1
2026-05-21,Interoperability,-0.14045620637464573,21.555464898869886,0.15203248097002509,50.809224511201435,0.02085021722743309,-0.12768322694861783,-0.15963183209308085,-0.6500137927031857,60.63518743187423,1,1
2026-05-22,Interoperability,-0.943786542802677,17.138580648013043,-0.2524052922382951,38.97894672454473,-0.007394061749041468,-1.3466181395699348,-0.513398002711606,-1.2337692832496867,53.64283482960771,1,1
2026-05-23,Interoperability,,,,42.49754373226812,-0.005915249399233172,,-0.4019516064971024,-1.2059684024777686,53.64283482960771,1,1
2026-03-24,Investment Bank,,,0.16008468445365615,,0.0,,,,29.039889360196128,1,1
2026-03-25,Investment Bank,,3.2611142837167275,-0.0020268258838265635,0.0,-0.010345577867691214,,,,23.021512740336124,1,1
2026-03-26,Investment Bank,,7.1315623393841445,0.03604034927108749,19.01659762690366,-0.013834715509749114,,,,18.521518589070986,1,1
2026-03-27,Investment Bank,,5.0950887757125995,-0.007817302158386588,15.598978264905455,-0.018040181815138334,,,,12.419902162269628,1,1
2026-03-28,Investment Bank,,14.104470570054238,0.1636457098245633,50.42852358015642,-0.00869179262201851,,,,14.209790637786474,1,1
2026-03-29,Investment Bank,,10.681197037557748,0.0405686445526908,38.904449140827474,-0.010115216670755722,,,,11.266841741743132,1,1
2026-03-30,Investment Bank,,9.60589259952756,0.01998748671021426,37.47247602875716,-0.011651482346150252,,,,6.732266249447273,1,1
2026-03-31,Investment Bank,,11.469927831415426,0.09907370539433603,45.22040167503306,-0.006790846167882725,,,,6.256142264309256,1,1
2026-04-01,Investment Bank,,12.499566889718158,0.14044777064087224,48.555297389491066,-0.0005667822344644358,,,,7.4472605533855525,1,1
2026-04-02,Investment Bank,,11.838283062602443,0.1050242107323299,46.149840240007,0.001285822872948393,,,,7.10732246275195,1,1
2026-04-03,Investment Bank,,10.93865159937929,0.06465853880122233,43.68379333508266,-1.6959037591551818e-05,,,,5.253339466394081,1,1
2026-04-04,Investment Bank,,16.244333820310604,0.345221966031699,58.93545129392398,0.017251801592192997,,,,13.546182107320096,1,1
2026-04-05,Investment Bank,,15.547537231957474,0.24257143142071144,53.62222123830363,0.020760448195654986,,,,17.050781178688304,1,1
2026-04-06,Investment Bank,,14.08517555328976,0.1144593867141171,48.19909584965096,0.013788381499992293,,,,15.739845530357766,1,1
2026-04-07,Investment Bank,,15.065442963544282,0.17704174810007994,50.6378118742776,0.012750938999959365,,,,17.18499494217924,1,1
2026-04-08,Investment Bank,,18.135134904805554,0.23802878960631352,59.7727315235216,0.015356716866118024,,,,21.67123218742274,1,1
2026-04-09,Investment Bank,,17.841039054537724,0.20075278058853904,56.70981160874369,0.013803476107188788,,,,24.31777632398174,1,1
2026-04-10,Investment Bank,,18.9796953588891,0.2087796724696529,59.08872937707373,0.012584530880152184,,,,27.030647393303553,1,1
2026-04-11,Investment Bank,,18.70346793016082,0.27579552684321124,55.158106770157815,0.015374869824968829,,,,30.8106971113918,1,1
2026-04-12,Investment Bank,,18.449578065160186,0.14674109620191156,54.8564871765753,0.007984086265598277,0.08567047513815973,,1.320176964777818,29.583440243735385,1,1
2026-04-13,Investment Bank,0.21110485378299046,18.28655650690744,0.11621131846201081,54.361725031307415,0.0008688252775954936,-0.22438191100316793,0.5969769067357822,0.9194600234674227,28.34989694581219,1,1
2026-04-14,Investment Bank,1.199342691171181,20.84447898006722,0.32518029965864725,59.16947737538337,0.00958152129197598,1.7843661921491125,0.8599934350787632,1.3916946684920766,35.37600002760462,1,1
2026-04-15,Investment Bank,0.31498125870110916,18.91939113049235,0.16470505725130088,50.89706788325639,0.004159234708342008,0.18282953597373006,0.331134069303417,1.1111485134951629,35.6418177235749,1,1
2026-04-16,Investment Bank,1.4899375413621867,23.029144013329088,0.4258480530818005,60.167123601050605,0.01705887134504065,2.3948123102918646,0.8904881563455961,1.7886214949637298,45.3704204283268,1,1
2026-04-17,Investment Bank,1.0420900153339137,23.008466350160855,0.2926536481997141,56.823830937515766,0.015561541945613815,1.144956791770607,0.6546045679269661,1.7388501208491693,49.77247812509538,1,1
2026-04-18,Investment Bank,1.422753626815488,23.728503806281406,0.45798333333333335,53.62496025937639,0.02413460774788833,2.2725757783994482,0.4350829268049437,2.1229979592819705,58.41465725691734,1,1
2026-04-19,Investment Bank,-0.06417636160953488,20.598491729867714,0.07179052111648379,45.35640939494329,0.00331830291416179,-0.8040614611619259,-0.11259406283692067,1.2287570614351666,52.372316872738864,1,1
2026-04-20,Investment Bank,0.3556423648017807,22.853871875531585,0.2170673076923077,52.76414266691433,-0.0009178798692944003,0.3631814717200603,0.3819084832083336,1.0066294710350288,54.37641362889481,1,1
2026-04-21,Investment Bank,0.7696737667586939,23.780781179047363,0.29868005599665903,53.24354348503678,0.001399306181692525,0.9976786775557498,0.4064899989061318,1.0739238500231805,58.76390933430132,1,1
2026-04-22,Investment Bank,0.4454985724311976,23.75668983779334,0.27288484735718194,50.947231168824686,0.0008448319470731741,0.7649478209256301,0.2411775875546656,1.0230166235585092,62.08788843216676,1,1
2026-04-23,Investment Bank,0.7537201966285029,24.92800478110183,0.3039845728778743,52.81482568415515,0.002148499372606999,0.9890258285161098,0.36736513401367643,1.0599483413735291,66.10082149376527,1,1
2026-04-24,Investment Bank,0.15902801422287235,24.145693196062588,0.19972883291017565,49.76551553531052,-0.004094492865204406,0.12488917970017237,0.1442974815185995,0.744854205914328,66.10511376596921,1,1
2026-04-25,Investment Bank,0.11356867041553437,23.687319542397226,0.21352266322916555,48.34091433474054,-0.007197337239899657,0.2370407008998386,0.03885646457584342,0.5329302474803557,65.83458770636058,1,1
2026-04-26,Investment Bank,0.27305517691839365,24.953437028423153,0.24994249374885,52.89227355642125,-0.006708998877650668,0.5374325699276102,0.37287951683025367,0.4748976714730541,67.0052778326284,1,1
2026-04-27,Investment Bank,-0.05269167090168423,24.47201096617392,0.16719118316558976,51.388106694372276,-0.011585308906687988,-0.17368755695562904,0.25483822918416765,0.14592921045813398,66.76133691282892,1,1
2026-04-28,Investment Bank,0.4453563431743244,24.582453211636654,0.28761798255469745,48.92541984947834,-0.006575694807640708,0.8586194371466385,0.06446560757699081,0.285270164385486,70.73364625503447,1,1
2026-04-29,Investment Bank,-0.1587290381604916,24.60273314229694,0.1594275956236452,49.84618139936787,-0.011483567913634283,-0.26321513516698886,0.13447287054819154,-0.05041935495601053,69.12993877468386,1,1
2026-04-30,Investment Bank,0.19710614310472174,23.44374517608867,0.25315946315913296,44.42245947718309,-0.008161517844634373,0.5608657265210555,-0.29083880588104377,0.005711838231527621,70.73978584473643,1,1
2026-05-01,Investment Bank,-0.18276186602099037,23.70687793554046,0.1884940109637516,46.48000447793158,-0.00994520387383049,-0.019574284383948187,-0.12411944806494282,-0.1817308799592194,69.89517609945005,1,1
2026-05-02,Investment Bank,0.4193890598285561,23.99222077805659,0.3194786102350798,45.20810264243948,-0.0023269662640310364,1.138171877718661,-0.2245353303942224,0.1334707180285368,73.88204347864033,1,1
2026-05-03,Investment Bank,-0.6586948832786416,23.616307535153634,0.03652981805243065,48.68621699060027,-0.015626104058787553,-1.3740645877950877,0.06113450123182659,-0.6401542634685066,67.3386025585891,1,1
2026-05-04,Investment Bank,0.6389935617833339,26.005801887936855,0.35447540983606557,54.53605298038612,-0.002955393903364606,1.4178661245283721,0.5405527006731453,-0.09079054764568904,73.02373894024728,1,1
2026-05-05,Investment Bank,0.30243754258271777,24.778254653296806,0.2647052261946172,48.884446702495374,-0.0006842380847492443,0.614998039271145,0.06409150294725907,0.006820981739266763,74.79713366054366,1,1
2026-05-06,Investment Bank,-0.08636178127872751,24.443332387556566,0.21247795805301273,48.050398733100764,-0.0026529185154099463,0.14855977299236678,-0.00689977416072999,-0.11576631452121489,74.55126521450475,1,1
2026-05-07,Investment Bank,0.794844824904044,26.51932706365971,0.3864819562867881,52.43769931963647,0.007267752753941488,1.642042372783775,0.3667480348432515,0.43748537364925993,80.60481028729889,1,1
2026-05-08,Investment Bank,0.9435265818074291,28.185129133761507,0.38452565318154197,55.811892552846324,0.012874441318020473,1.5622422375695026,0.650293888101937,0.8455916344869424,85.88419101874554,1,1
2026-05-09,Investment Bank,0.9483267735971204,28.689719011812223,0.3747132599423999,55.08220021014082,0.014952596443943655,1.4282713386543744,0.5778321792757602,1.0992227870327085,90.26293688270394,1,1
2026-05-10,Investment Bank,0.46649957029863454,28.039629626584233,0.30497592081211156,51.69945185393447,0.010851844801125849,0.8168765816578583,0.27580490029716587,1.0104965990849566,91.76082747915335,1,1
2026-05-11,Investment Bank,-0.15273732354958686,26.714444737098212,0.14898980796029193,49.46225732462998,-0.0024356865171858977,-0.5161176493842415,0.07534223395432527,0.3386082322874604,87.69656522635776,1,1
2026-05-12,Investment Bank,-0.5030362398143077,24.67609096743068,0.11709127788544166,44.68386173640515,-0.012860227946420322,-0.7794212134555616,-0.3516958593707086,-0.3196878043735123,83.182029477123,1,1
2026-05-13,Investment Bank,-0.28067973370586075,25.76924514887719,0.17746461120941215,50.58712647013101,-0.015025945271991963,-0.2522051911916307,0.18388943766236046,-0.6015932615984189,81.49284791741442,1,1
2026-05-14,Investment Bank,-0.17648323775157737,25.389740886400375,0.23017307673164655,49.23123397675152,-0.012356567956381178,0.2080548678100628,0.05862945679053982,-0.6140603432995309,81.93800020109659,1,1
2026-05-15,Investment Bank,-0.382030926597382,25.034843913533095,0.17236001146829433,49.45792338495174,-0.013821642939286448,-0.3007938880904105,0.07892678778287722,-0.8441296341768217,80.29159490137263,1,1
2026-05-16,Investment Bank,0.4560605728537709,26.17767828026669,0.3510166432147741,51.02673696087991,-0.0026788649267968524,1.2635761836693737,0.22388182015136115,-0.320120173851842,85.23924518754133,1,1
2026-05-17,Investment Bank,0.8904524674202882,29.933449469920873,0.3694312111867193,63.09291285514208,0.00556197977215692,1.3883519475813035,1.3305580740831982,0.1613769226435933,90.22298297200248,1,1
2026-05-18,Investment Bank,-0.625884989162775,23.44904120352433,0.12713463414011983,40.493042743833975,-0.00509870288977756,-0.7332724491541582,-0.7808815095556348,-0.4379573647567242,86.01113187358818,1,1
2026-05-19,Investment Bank,0.22172394862951422,26.131463935726245,0.27304914071283576,50.33327690401957,-0.00226130071704344,0.5496001436147859,0.14550511835054855,-0.31903832696762396,87.63157542401612,1,1
2026-05-20,Investment Bank,-0.28996029258442757,25.47070149631373,0.19001319189667612,49.124254248609134,-0.005718231012937198,-0.18698853273467225,0.030229947631427632,-0.5637302834678799,86.13844595190865,1,1
2026-05-21,Investment Bank,-0.5009865855710092,23.271112743229253,0.1949643797316721,41.400623094293366,-0.007310942448026015,-0.14137400765106242,-0.701984498182517,-0.7309448561014068,85.06996888762608,1,1
2026-05-22,Investment Bank,-0.9998952616491603,21.486894673148043,0.08912540184069669,37.86795141312177,-0.014705411485737648,-1.0785365470066253,-1.0243065479559483,-1.2766023134690845,80.4066468044194,1,1
2026-05-23,Investment Bank,,,,38.17564225699752,-0.011764329188590118,,-0.9783058629966845,-1.2484437841276215,80.4066468044194,1,1
2026-03-24,IoT,,,-0.14553673450269158,,0.0,,,,28.793376320628617,1,1
2026-03-25,IoT,,29.96568896051928,0.020426655104011315,100.0,0.010591395803960513,,,,31.37707890810639,1,1
2026-03-26,IoT,,31.239150325359596,0.29754036872037687,100.0,0.03433526891633051,,,,38.160423728697204,1,1
2026-03-27,IoT,,32.30167640598539,0.3008764153614485,100.0,0.04752805880135812,,,,43.86876056249383,1,1
2026-03-28,IoT,,23.78909226756543,0.06095468434889803,65.04305147567523,0.0377835771468357,,,,44.90842757956371,1,1
2026-03-29,IoT,,25.42115512660013,0.1564366234434955,69.31228327610532,0.03549184213739834,,,,47.464280151333114,1,1
2026-03-30,IoT,,19.873163392220263,-0.162017798174154,49.25104542186972,0.0114941362801778,,,,43.871048896502046,1,1
2026-03-31,IoT,,22.773820181866675,0.10405507224752257,59.133563227455674,0.012426516559473869,,,,45.487742015075355,1,1
2026-04-01,IoT,,22.587903008262334,0.06884487508474676,57.64799509317183,0.009680210872260786,,,,46.25279356504924,1,1
2026-04-02,IoT,,24.584543302245113,0.25662862809704307,62.65197669923885,0.01898103175837111,,,,50.08033828875441,1,1
2026-04-03,IoT,,23.661567456322118,0.13244509061798454,58.11141876399644,0.015392908511756863,,,,51.26550275564354,1,1
2026-04-04,IoT,,22.70366587238963,0.027289107818296188,54.751415093784715,0.005093550668409809,,,,50.52362165736788,1,1
2026-04-05,IoT,,23.346634789385668,0.11190692315501058,56.7631030357958,0.003226941573658347,,,,51.35078339637376,1,1
2026-04-06,IoT,,20.876046811562183,-0.1492667288394556,49.91383581259533,-0.015331291707540141,,,,47.621084543086724,1,1
2026-04-07,IoT,,24.694759490018754,0.4238068057462366,60.39880700846891,0.009895991205327706,,,,54.30708919061159,1,1
2026-04-08,IoT,,23.07567237176049,0.20238395601702588,53.257378584292084,0.010519273421556632,,,,56.01862196198126,1,1
2026-04-09,IoT,,22.91838363427509,0.3175421823929667,50.38011135943931,0.017144413586443613,,,,59.35995929575812,1,1
2026-04-10,IoT,,21.189669824909885,0.02311722375193302,45.247325209061295,0.0010063836499672324,,,,57.48123971080058,1,1
2026-04-11,IoT,,21.277661820699556,-0.06370995191907977,47.7489564050642,-0.01530706634309114,,,,54.692629630476326,1,1
2026-04-12,IoT,,22.199565580022565,0.17497849237503485,50.31834295413564,-0.01006675392099974,0.4079241428161757,,-0.38309422545767324,56.25144600508063,1,1
2026-04-13,IoT,-0.9849538257654453,21.45912792417132,-0.11953182924400706,50.73548315803362,-0.025596222041789934,-1.2917612106243739,-0.6473526553448791,-1.333577785515159,52.601262575502105,1,1
2026-04-14,IoT,-0.602461091005528,21.217600840850682,0.09030530362611945,49.75724857854955,-0.021085090583721475,-0.03964703958706111,-0.6789444459061387,-1.2830194141363553,52.86700445374218,1,1
2026-04-15,IoT,-0.5851269044681834,21.285922657427477,0.0882672143436689,50.346964355073084,-0.017722705037990047,-0.05100385408338677,-0.6244283227573275,-1.2544473539298353,53.1565584588231,1,1
2026-04-16,IoT,-0.11392396549252296,21.215693583044754,0.19476797773366172,48.86185667150804,-0.008289503340869697,0.5976904569236113,-0.6890996131363504,-0.8867691274868361,55.38822452724891,1,1
2026-04-17,IoT,0.06791706306163234,22.34241526536788,0.22275308291593565,51.72250530657134,-0.0005375281369164597,0.7508071313895253,-0.5051423861813569,-0.5272049565074337,58.14915514027899,1,1
2026-04-18,IoT,0.18174493042996243,23.23251175665513,0.2298008623944968,54.01282616414786,0.004419369444520718,0.771344388296128,-0.35822888766786576,-0.242829352544665,60.29184186736279,1,1
2026-04-19,IoT,0.18916700966141464,23.121627648935252,0.22548716295756166,52.32460415989875,0.006629382080901754,0.7225143848340729,-0.451916298484034,-0.05997986793383754,62.33751200719538,1,1
2026-04-20,IoT,-0.22922204577756253,23.98319407016775,0.12048718512778037,55.89799292032483,0.0005611751671795312,0.03851127611540304,-0.22337742372689542,-0.3373531254730674,62.28279761405711,1,1
2026-04-21,IoT,0.9225513774771248,24.28333130018984,0.5167059293149867,52.201428922778476,0.02160777491794892,2.3407248318416523,-0.4499561726850863,0.9207124669915006,68.98437762310182,1,1
2026-04-22,IoT,0.4673202212962203,24.380023906416085,0.2742400071655231,51.68595730088915,0.017737500836519537,0.8530464032964543,-0.47332784771025727,0.9187274084883132,70.64939588084864,1,1
2026-04-23,IoT,0.15116716100048425,23.80681688901557,0.2557523781582713,48.48133473756571,0.012706043181673898,0.7228312673510636,-0.6677426064350115,0.805755708359443,71.78163376871734,1,1
2026-04-24,IoT,-0.12626842027106727,24.832824966442267,0.139634208077242,53.13886149975771,0.0009510227920693989,0.013753741930696315,-0.3519226727247252,0.23495140720025537,70.71685700143868,1,1
2026-04-25,IoT,-0.15829973719642595,25.53936105119203,0.15304450798828623,56.079652622251075,-0.006137942090097645,0.09552439125573484,-0.1512285331396887,-0.1931503049910203,70.38342697518823,1,1
2026-04-26,IoT,-0.3054732562556728,23.98843518245005,0.16970188795486893,49.83094211194653,-0.009709487848662782,0.19753090735052162,-0.5678365057412071,-0.48869404101381775,70.37503333786569,1,1
2026-04-27,IoT,1.1254269337928589,30.056937492278394,0.5174259645879269,69.73466078138057,0.010260875921997079,2.205500889136918,0.7910446244846063,0.6550478106220631,76.34380350541002,1,1
2026-04-28,IoT,0.08481432419081511,26.151238300686334,0.2395343765175915,54.436431739001044,0.003991256253784499,0.5295328611864231,-0.27011968534506847,0.37604627092652787,76.57751091802893,1,1
2026-04-29,IoT,-0.6997108503757591,23.974629925304136,0.021851195773416585,48.24991126481625,-0.01456314984050746,-0.7723486214082701,-0.6923813136534172,-0.7707656647379276,73.2667777473032,1,1
2026-04-30,IoT,-1.719144553771462,20.395262411954594,-0.24535185947762803,39.30817160153323,-0.042971819782901946,-2.203878917096966,-1.2798102657847124,-2.536452598829528,66.00921207721944,1,1
2026-05-01,IoT,-1.5269813718299972,20.396281210477365,-0.1109855842751229,42.2909417074486,-0.05034256397503045,-1.377237883189937,-1.0399771912597544,-3.007280282157955,62.06833028005135,1,1
2026-05-02,IoT,-1.4379979279334403,19.97252199738831,-0.0726195384824276,43.11399498018119,-0.05015252676945538,-1.1261802947944453,-0.9576753493194474,-3.037960770866263,59.21889504562957,1,1
2026-05-03,IoT,-1.661713547598498,18.607230535686092,-0.18355247763320803,41.117586342325176,-0.054647105000934657,-1.6688979700319564,-1.068318291845089,-3.168595792717871,55.16103123239151,1,1
2026-05-04,IoT,-0.7440870654395084,20.636296176117966,0.08019253988996147,49.18142585049882,-0.037806672529267275,-0.21230340880083537,-0.4945145083520627,-2.630025168580709,55.86569884956573,1,1
2026-05-05,IoT,-0.8734495671412945,17.969321155079935,0.05630886709062116,38.980102142435655,-0.0267462939834894,-0.34109970760385006,-1.1822715800997787,-2.3039565613607413,56.120678830332714,1,1
2026-05-06,IoT,-0.22068192748597645,21.025070345389736,0.24413342207930983,49.26002370389045,-0.006316859857367839,0.7055717606656522,-0.45111463834598325,-1.6858392720614168,59.48333231574215,1,1
2026-05-07,IoT,-1.1048311103723356,18.808766853429663,-0.07125347740662284,42.98629856605176,-0.013185409926661229,-1.05702070287289,-0.8794819980685379,-1.8673516389529525,56.883675878425244,1,1
2026-05-08,IoT,-0.2779987288114907,20.883534457489844,0.16453571243952025,50.508014777248206,-0.0015989243057451079,0.27460700810888317,-0.33852798109827115,-1.5074700456961434,58.71410154321311,1,1
2026-05-09,IoT,-0.4279673986740088,20.297452873424646,0.08095001814946799,48.57014362836588,0.000569322714644098,-0.20129899792765926,-0.4719213901095006,-1.3993136381529638,58.90861981085209,1,1
2026-05-10,IoT,-0.9954678700414359,18.956669565951202,-0.07327923007742926,45.430300295882155,-0.007788867027496968,-1.0681740764040135,-0.6892599154039725,-1.606680510477349,56.444232821032486,1,1
2026-05-11,IoT,-0.5486037128723202,17.939253704554027,0.0846452095250405,41.23503956656184,-0.0023680017710666565,-0.1552719622117881,-0.9756236026166946,-1.434396440143906,57.043364230698785,1,1
2026-05-12,IoT,-0.21343220300627377,19.89139475701961,0.1611344652026993,48.271156745148076,0.006213531463906328,0.28754865975206745,-0.4552478185069332,-1.1475933516610228,58.54869353014203,1,1
2026-05-13,IoT,0.6870637672687084,23.7046050659359,0.457239342491954,59.28004012375363,0.030327446017068774,1.932509671819104,0.35288442770995215,-0.3363192752410145,64.7525143425917,1,1
2026-05-14,IoT,0.16721779559407807,23.46793660610762,0.1606141954371764,58.545742516725355,0.025016897208702774,0.23518078009584836,0.2950847859731147,-0.3088080099093444,65.02401674115936,1,1
2026-05-15,IoT,-0.22715622891166806,22.344127197611485,0.10451275296599435,54.690888621179305,0.016834694905873127,-0.08757148057084191,0.005438088979983887,-0.4073878165111013,64.17464260912898,1,1
2026-05-16,IoT,0.48139247042621647,23.62370263603027,0.3144626736896113,57.84020407886097,0.024221927170647063,1.1113044996854513,0.24197288115081275,-0.0553454846914629,66.9137633560241,1,1
2026-05-17,IoT,-0.7553263838462037,20.962132672912325,-0.12013727445993573,51.13556175125568,-0.0002083450468993546,-1.3754578053105009,-0.2687277320798505,-0.6922354935406551,61.82025839838402,1,1
2026-05-18,IoT,-0.394605571744852,20.708641323133577,0.10027295743953435,50.365243997839436,-0.0014988430996939672,-0.10536517791706401,-0.3249668921711947,-0.7263510977766491,61.33606296596431,1,1
2026-05-19,IoT,-0.06728070014973828,21.0474579446643,0.14805924030937365,51.65446727507386,0.0007688300629896064,0.17076476139143634,-0.22246357717426749,-0.6525608893657817,61.69877599701484,1,1
2026-05-20,IoT,-0.15819515866350128,20.070666391117005,0.13404429438186188,47.882084790358206,0.0012020584738235036,0.08785480557175056,-0.513164090694723,-0.6253358078570987,61.826153893486,1,1
2026-05-21,IoT,-0.7299079245613436,20.08113164791057,-0.05327938807848841,50.36371038438645,-0.010600116515003331,-1.0023684681466298,-0.31390030963227483,-0.9971083451901128,58.74585553723993,1,1
2026-05-22,IoT,-0.9362064651197163,18.14054691146078,-0.06897977136201225,44.8127162924067,-0.01847575798063366,-1.0753044470161013,-0.7464856933610762,-1.3029769983141521,55.85543681636032,1,1
2026-05-23,IoT,,,,46.54102869620019,-0.014780606384506928,,-0.6012778991909619,-1.2824926394351779,55.85543681636032,1,1
2026-03-24,L1,,,0.19171105313599113,,0.0,,,,74.69485226384623,1,1
2026-03-25,L1,,,,,0.0,,,,74.9355836042383,1,1
2026-03-26,L1,,,0.11328784215748311,,-0.006107099619225442,,,,73.39183322206948,1,1
2026-03-27,L1,,9.554178294884789,-0.105254189491272,0.0,-0.02249972970031261,,,,67.54570987897829,1,1
2026-03-28,L1,,26.130445025004732,0.26919126547425987,63.145591335065156,-0.007633404733560136,,,,70.27305834186976,1,1
2026-03-29,L1,,23.861423054866435,0.16312932175202297,53.56494672848428,-0.004601351207499091,,,,70.22882780392877,1,1
2026-03-30,L1,,26.76163103399229,0.32529091202967103,62.308427597744746,0.0079821517223562,,,,73.30672711218085,1,1
2026-03-31,L1,,22.44058368766934,0.04942065980856617,47.19161752661416,-0.0020796917250664303,,,,70.08168384944548,1,1
2026-04-01,L1,,26.94178623862956,0.4363477251666288,60.59901953660314,0.016495175322054613,,,,75.1591052992928,1,1
2026-04-02,L1,,20.189831842304383,-0.25657153517582587,41.65828921121311,-0.016905613131726463,,,,65.08808545040239,1,1
2026-04-03,L1,,17.28320408451307,-0.41088552230807646,38.94728045354592,-0.04672174942663273,,,,52.92226530113324,1,1
2026-04-04,L1,,19.51682219556042,0.02925026823788881,48.50540210946769,-0.03468519967506584,,,,51.15017937419335,1,1
2026-04-05,L1,,21.794936351059476,0.3351574198545577,53.558699498173084,-0.00553427652600871,,,,55.85044305947188,1,1
2026-04-06,L1,,19.354472224690227,-0.061101505388940366,47.51832658574577,-0.011982520154563345,,,,51.461138657849645,1,1
2026-04-07,L1,,16.246793793546548,-0.3954846204793797,43.38900504435124,-0.03642952402459097,,,,40.781404971866074,1,1
2026-04-08,L1,,21.71122134985809,0.632421047730092,55.32353432609756,0.016144868068977213,,,,52.6768832650356,1,1
2026-04-09,L1,,19.694235448944724,0.03144030387749273,49.2527813294384,0.010250219629280029,,,,50.865652035630475,1,1
2026-04-10,L1,,,,51.29980458125435,0.008200175703424024,,,,51.465460849657724,1,1
2026-04-11,L1,,,,47.56593512700522,0.006560140562739222,,,,52.15284299567649,1,1
2026-04-12,L1,,19.725173216413125,0.09444544489383697,48.62185501124729,0.007947630145993433,,,0.12420353621062658,52.032192587564985,1,1
2026-04-13,L1,,18.369865205315833,-0.0657228872872889,45.24664177092584,-0.0020246931667374374,,,-0.30927546802333017,49.20752846908403,1,1
2026-04-14,L1,,21.683535774692693,0.3928901424046234,52.828109330982535,0.021380362913362115,,,0.8918745116985674,55.93051354475803,1,1
2026-04-15,L1,,,,48.835604058554544,0.017104290330689692,,0.06683403808121623,0.8577721715713564,56.757248176519894,1,1
2026-04-16,L1,-0.5170906556477038,21.1746950869616,-0.290759752385815,57.56002739262457,-0.017555694463296793,-1.293473346138483,0.7123474824571275,-0.8129225263178388,47.53321647865729,1,1
2026-04-17,L1,0.3914424811399787,23.411017787053698,0.14678599351481536,64.15599478142802,-0.004811645347062542,0.25215284002019045,1.1589508213408906,-0.30038075991699187,49.47669802810507,1,1
2026-04-18,L1,-0.07472999151488298,21.707684986137316,0.021435598694626246,57.964804611260796,-0.004326226604078984,-0.19860644459460416,0.6598948517666962,-0.3202486291494886,48.40726954472003,1,1
2026-04-19,L1,0.6118956029968645,22.48809466711495,0.27466124191136493,57.38119216717004,0.01261997232786296,0.7185967567274211,0.5970201495241131,0.5802056775848772,52.35475865113165,1,1
2026-04-20,L1,1.7325861104743978,27.957019122496572,0.7366682895615697,68.37239003601682,0.052290299643481426,2.1412980559783863,1.3792854915223103,2.5604041223106213,65.2325371031174,1,1
2026-04-21,L1,,,,74.8567608958133,0.04183223971478514,,1.7286037725303876,2.265856697728107,65.12496419742801,1,1
2026-04-22,L1,1.1068669132683606,27.715320557765573,0.3105106052815914,64.51008098026145,0.040519889266343555,0.6637506447790771,0.9283490729643997,2.2990907576268924,67.96035341668423,1,1
2026-04-23,L1,0.8772588432987568,31.403248216724002,0.16482087967097758,78.8892357927851,0.026691376062186783,0.15646626594942234,1.830708800531984,1.8934293211991802,67.43281660673992,1,1
2026-04-24,L1,0.04036700472099758,27.286285620929277,-0.17662628013491632,67.59058915977113,-0.005307219099172858,-1.0090252890414102,0.9966453671499336,0.7889831585582101,59.89248121180556,1,1
2026-04-25,L1,0.7224936774302527,28.87211552643612,0.19622124127621451,71.97369778529134,-0.0014203363262730254,0.30000500872696745,1.24859426725843,0.8799617125136869,61.13771907779072,1,1
2026-04-26,L1,1.3422342445660969,31.507697591051233,0.5518241863936186,75.1757037187615,0.023657840642060626,1.4847921687845709,1.3992689049702425,1.7755204159011206,69.97128447876194,1,1
2026-04-27,L1,,,,79.25409952612635,0.0189262725136485,,1.5828515936678782,1.6747449461321775,70.41082606741419,1,1
2026-04-28,L1,0.5025362212535278,31.30503511530513,0.1099580624098579,75.43877349470475,0.004329611111196424,-0.061249134283704834,1.2739454529314305,1.2151040966729876,68.66511715688522,1,1
2026-04-29,L1,1.0776003020536835,32.78995005481368,0.3744067892249053,77.79366716113246,0.013138549717744263,0.8561019351291764,1.367110837964475,1.5111306176808539,72.87846468868574,1,1
2026-04-30,L1,-0.4965922912752532,26.467939285346823,-0.3458625055969116,61.68515784838584,-0.02825794913624015,-1.6190095018070996,0.3145427340257126,0.061283897497011845,61.57160033210827,1,1
2026-05-01,L1,-0.3079727957852293,25.452806145825768,-0.045707119427000474,60.10957542871114,-0.033766645850281704,-0.5646495057546238,0.2076940986654142,-0.3564257316301379,57.880871133555935,1,1
2026-05-02,L1,-0.341786765277184,25.378750576340686,-0.04364160279378296,62.47679852573079,-0.03543922652619204,-0.5468191007348406,0.3603984773067382,-0.6671496626106821,54.62918011712829,1,1
2026-05-03,L1,0.301569394497084,26.16810297082049,0.2520509953738004,62.965567140128705,-0.01580035700148592,0.49396741494580526,0.3875868397406218,-0.18034567179698618,57.87917321318184,1,1
2026-05-04,L1,,,,56.850902864724425,-0.012640285601188735,,-0.03055757043579209,-0.1781680922575136,58.074618997841604,1,1
2026-05-05,L1,-0.9688308771910429,22.38015904110111,-0.3548492273361422,56.850902864724425,-0.04533732458627917,-1.5982232108234375,-0.030182745372778968,-1.5096603623506037,47.599903281149054,1,1
2026-05-06,L1,-0.005148389235290152,24.444537253898467,0.1484850022849813,63.429145552378024,-0.02505100982106674,0.1626453474365338,0.425917606989289,-1.0472950057782684,49.65390409243454,1,1
2026-05-07,L1,-1.095853814941537,20.7235020808066,-0.391644429172203,56.65992959342116,-0.045308255602098724,-1.6648544837268977,-0.05406231052469187,-1.9188938448965562,39.9921364275977,1,1
2026-05-08,L1,0.07723966693910728,24.25941232570858,0.1830013628515725,67.92218590496987,-0.018669884253066905,0.318313184154321,0.7418223629291919,-1.2236278762722541,43.26811630615449,1,1
2026-05-09,L1,-0.06878837666497456,22.934687343243716,0.07035893932967446,62.57709838806891,-0.007853251892721083,-0.07506153202685219,0.3510903447111793,-0.9397113406937212,43.72525537916155,1,1
2026-05-10,L1,0.14621148078534799,22.94373270760233,0.1939173060182482,60.050497118815414,0.007571277018301278,0.35815052434199623,0.1647520419449529,-0.4166136872801955,46.70433789369453,1,1
2026-05-11,L1,0.6733016598749754,25.056516186343654,0.4247988054953826,62.565231461549615,0.0319072220604779,1.1524695220979049,0.34620031817118735,0.5511177945883101,53.912061585637346,1,1
2026-05-12,L1,-1.4732853889989885,17.675966209201956,-0.7416667246110737,47.468866935105304,-0.028695206345331042,-2.699209262397874,-0.7662348652787475,-1.460745083842901,35.646382057913165,1,1
2026-05-13,L1,-1.932683093761717,13.20982801097534,-0.8533884671628476,43.36871904385584,-0.07198179563315932,-2.7456865291896673,-1.0495228292662708,-2.96187289547455,16.658237590493822,1,1
2026-05-14,L1,,,,51.254316119449946,-0.05758543650652745,,-0.4541251016750251,-2.7099093414952606,16.923007511300973,1,1
2026-05-15,L1,-0.4554086445200025,15.416907879322014,0.12052796687819065,47.257940390063126,-0.016790633942031244,0.17668038522815593,-0.743764109918594,-1.704525788066798,21.39993051282423,1,1
2026-05-16,L1,0.318328849310463,18.846951494434794,0.4989754944317043,52.17461366441409,0.030350010186746226,1.2867005968147063,-0.3671903070627488,-0.3254262705432321,31.989311044823182,1,1
2026-05-17,L1,0.8118870424522232,21.29943704769147,0.6928668318165466,50.93756243910968,0.0712673617784478,1.7845226891670332,-0.4564028781957443,1.139030144189672,45.744578273867894,1,1
2026-05-18,L1,0.8200065716513919,22.715814607152183,0.5404371410080543,49.03831669078104,0.0838752873063389,1.298819480361959,-0.595010055257542,1.9030222664869685,55.238110974648535,1,1
2026-05-19,L1,0.544589837947543,22.735051264480322,0.28176574361026285,46.120134453128074,0.07110721847184578,0.5382270181190528,-0.8085565791334589,1.93904001486738,58.69853077935428,1,1
2026-05-20,L1,0.4889683300525247,22.321934248966972,0.33048124592453243,39.826831338206105,0.06255793734562284,0.6713051624154256,-1.2666315569660402,2.014102600993555,64.04918306482658,1,1
2026-05-21,L1,0.6062391193707639,25.04959171930903,0.3238443589518113,46.15287084727342,0.053426035702695794,0.6427027934332419,-0.7666660139886328,2.0186892964386995,69.24307520972,1,1
2026-05-22,L1,-0.7972382595767114,18.74936113966004,-0.34493275205558166,28.251946556407745,0.002029657221068286,-1.306848612779561,-2.0531511641608367,0.8527720468600081,59.83311350899525,1,1
2026-05-23,L1,,,,29.204695187041153,0.0016237257768546287,,-1.9002585393492406,0.8394135994368864,59.83311350899525,1,1
2026-03-24,Layer1,,,0.1478628780167355,,0.0,,,,51.56701390490669,12,12
2026-03-25,Layer1,,32.242521415610696,0.20222914925022936,100.0,0.003469528420599044,,,,51.75202301212276,12,12
2026-03-26,Layer1,,20.677200450517795,0.15703516110036808,54.606397743659365,0.00257020070635229,,,,50.084255373105194,12,12
2026-03-27,Layer1,,17.02172380531517,0.12141146152907083,40.21651063772373,-0.0004154016977211744,,,,49.15147297166031,12,12
2026-03-28,Layer1,,19.92390886474652,0.15489332624659313,52.08413538581541,-0.00014102799381510655,,,,48.410010123479495,12,12
2026-03-29,Layer1,,17.3751081130693,0.12001406400510639,43.15905518263362,-0.002200073531741324,,,,46.14453373230651,12,12
2026-03-30,Layer1,,16.167128544595904,0.10133232774201943,39.530842897598575,-0.004575019794920284,,,,44.07009120464845,12,12
2026-03-31,Layer1,,14.844104833078507,0.08155164973390816,36.299757604170345,-0.007083172404440343,,,,40.834308114984125,12,12
2026-04-01,Layer1,,20.150080708081852,0.1933544874706787,56.428812922931,-0.0011298381124531533,,,,41.99399313003316,12,12
2026-04-02,Layer1,,17.493594028387033,0.12366035664602164,47.142589611585294,-0.0017652287718249236,,,,40.32706469825592,12,12
2026-04-03,Layer1,,19.05248122826814,0.184159689069353,53.7496411148946,0.001815669624660505,,,,40.02139805111109,12,12
2026-04-04,Layer1,,17.273254201568157,0.12527548378997852,47.91970038401658,0.0002286229543451107,,,,38.32949389909227,12,12
2026-04-05,Layer1,,18.700432963489217,0.19555186414731832,53.88876027022468,0.00372780979951843,,,,38.17191969125358,12,12
2026-04-06,Layer1,,17.1506159317868,0.13603541191743887,49.12087089352489,0.0019399443303413763,,,,37.21099207858646,12,12
2026-04-07,Layer1,,16.922600102956263,0.12487582232638282,48.31926757120103,1.358023757781334e-05,,,,37.86535071104772,12,12
2026-04-08,Layer1,,15.86440743827125,0.1297553031002308,44.28758331398992,-0.0008750638719902705,,,,37.82630743839216,12,12
2026-04-09,Layer1,,16.908331277622278,0.14753056181333088,49.217000113989826,-0.00024172813866407965,,,,37.10050364088682,12,12
2026-04-10,Layer1,,18.165433173393726,0.17055212549823937,54.134103503495325,0.0016477124431606184,,,,37.4478426970144,12,12
2026-04-11,Layer1,,18.165248845674284,0.19129272848797932,53.12929277212946,0.004076086558996142,,,,38.524841260965175,12,12
2026-04-12,Layer1,,16.329655253267617,0.08990905157327032,47.67742619310996,-0.0010880220754699345,-1.532848724524297,,-0.14412078198315717,35.81166200430569,12,12
2026-04-13,Layer1,-0.40009944349348303,17.062842317278065,0.12423782203752631,51.72547926503165,-0.002076909533990027,-0.5583861632357419,0.046511835655089366,-0.576242967809324,34.229742876211006,12,12
2026-04-14,Layer1,0.7783492746074759,18.725682632517817,0.19167435196406798,57.73987110932701,0.0017205834277954472,1.2698628906201372,0.5025480924857949,0.6853224816724501,35.39338895564005,12,12
2026-04-15,Layer1,0.22743860081245992,16.12090819492078,0.15166954561035687,46.74133122336005,0.0014584394167903006,0.15185526746501318,-0.3662749158785642,0.693762011833111,36.66097805523678,12,12
2026-04-16,Layer1,0.9624793557916882,18.751960351530553,0.19275292961859444,55.6541489353788,0.003837070415365716,1.2494965773428117,0.35197841055918033,1.597207960355232,38.60113018082665,12,12
2026-04-17,Layer1,1.185150956985815,18.381704360824873,0.20957727934507464,52.240165339376034,0.006189295908215379,1.5930876248903008,0.0664782616192148,2.360860596667723,40.58938828246047,12,12
2026-04-18,Layer1,-0.012013611866031712,17.7444069457283,0.12517846271530916,49.991817120428614,0.0019277307360093168,-0.6723343686910003,-0.12237060828202442,1.2826292562423793,39.62573633791111,12,12
2026-04-19,Layer1,0.6273194757358622,17.466280295195407,0.17732209215893324,48.41396642080478,0.002453594225659221,0.7331605877532091,-0.25428992206440937,1.4833194148855813,39.78082988098669,12,12
2026-04-20,Layer1,-0.4326675956307656,17.14744826137147,0.109291499699033,47.70718403386108,-0.0017222717109607296,-1.0988021765306264,-0.3105897069437626,0.30032450980319614,38.21923443043894,12,12
2026-04-21,Layer1,-0.48490263489501895,17.68414739416518,0.11918365486447619,49.51093479736375,-0.003649411654330235,-0.8033908026142931,-0.14537270419927564,-0.42903307510086763,38.11318351589519,12,12
2026-04-22,Layer1,-0.7289372317815239,17.824787014340423,0.112051959855209,48.48481088953693,-0.005144174449884831,-0.9677169990292623,-0.2353334128321815,-1.1180427928955892,40.100089477449366,12,12
2026-04-23,Layer1,0.9419677089635153,20.06222549409658,0.22300031199631795,55.57080103668451,0.0012577436767424238,1.9305763792768322,0.41833238173798787,0.63016025736555,41.55268086873496,12,12
2026-04-24,Layer1,0.5092417958756082,19.152697006707083,0.17426314397178286,50.26390983723276,0.0020799257996609913,0.6363434944425865,-0.08323912990364596,0.9560572546458417,43.193133862002746,12,12
2026-04-25,Layer1,0.5824612085859144,18.976874597860153,0.1782856197112553,49.05246609254991,0.0027239939846776234,0.7257792063884737,-0.19681670891917058,1.2551964689241857,43.16533696423359,12,12
2026-04-26,Layer1,1.243355054737892,22.18262962992311,0.20892748756489884,59.666478350229816,0.004915239569201256,1.4698503928838145,0.8208227362793034,1.9874089890209576,45.88629866823828,12,12
2026-04-27,Layer1,1.1695632052517575,21.65209300098599,0.20233792022993033,56.64245952912313,0.005574131219981402,1.2485745913097204,0.5136604252147113,2.2654819164383437,46.44233354849831,12,12
2026-04-28,Layer1,0.5398428095968302,19.717478552919594,0.17986495950772993,48.91242237758851,0.00421168729056811,0.6521721804081388,-0.25165267190277374,2.0285411026430364,46.16685187902378,12,12
2026-04-29,Layer1,1.6535158358833935,22.559819728269,0.25011325446304056,58.58772393148584,0.007561385577685969,2.2695675145069254,0.7094109489117066,2.77907535934094,48.277596638283754,12,12
2026-04-30,Layer1,1.5259847513994798,22.122267185595184,0.24503751710494479,54.866782243857394,0.008864728898625558,1.9968974629252962,0.3264449635450926,2.979809276324232,50.94329426298789,12,12
2026-05-01,Layer1,1.2836986426582697,21.619537580252405,0.2303698778892514,51.94323005074913,0.008184795882261515,1.576682148351349,0.02529599593647287,2.816933490293307,52.07836023548479,12,12
2026-05-02,Layer1,1.954892868968651,25.473297231664006,0.28068891528654794,65.5224475435525,0.010426069967662294,2.471242191301152,1.3862397452514479,3.0659019844308473,54.511221499047295,12,12
2026-05-03,Layer1,0.12792241691682268,20.332485941210507,0.1441627447703808,47.16733837480754,0.0024330209931803445,-0.4289084045133331,-0.4953471081667394,1.9246807787405045,50.82231611609923,12,12
2026-05-04,Layer1,1.0904059425009454,23.487733567921065,0.21944935358561896,59.295084382497635,0.0019561568283428636,1.1566445782327412,0.7506067667332073,1.8230386393743854,51.523833963609675,12,12
2026-05-05,Layer1,0.055967858201213305,21.67912430444484,0.1484919109740838,52.24197784021362,-0.003122122489393777,-0.3577504506653709,0.013372561368281606,1.0421429362110508,50.747649008441456,12,12
2026-05-06,Layer1,1.0836259229822203,23.634090865182426,0.24142779338657472,58.74835837152669,-0.0003518628204117729,1.5847984743638404,0.6897136128942285,1.3419589922124926,52.6059158596193,12,12
2026-05-07,Layer1,0.1230416270504224,20.80746842729679,0.184330361253091,47.17975674082624,-0.0023814862181097633,0.3681976365701177,-0.5340279863554108,0.9854073286538494,53.28051912903612,12,12
2026-05-08,Layer1,0.42870814449701045,22.34730707803461,0.21073172233251336,52.74926437633543,-0.0019790613172560884,0.9153579394597778,0.06318801576470334,0.9532519710429892,54.188619435095326,12,12
2026-05-09,Layer1,1.152157046116559,23.372204016420326,0.2649237728495953,56.07209765964917,0.0017046761191048289,1.9668715543459672,0.4186527743909817,1.428085582273638,55.35390642608625,12,12
2026-05-10,Layer1,-0.10405838004212854,21.290478655517393,0.16174929089502924,46.998631160095655,-0.0027946806874905566,-0.17277566329468616,-0.567729294465147,0.7609057810416434,56.51033523435905,12,12
2026-05-11,Layer1,0.09003585011594376,22.168400258973996,0.1917372248365753,49.3451049213454,-0.0036826947806560574,0.4506228340663467,-0.3051750539326035,0.5252945286320944,58.413468533064155,12,12
2026-05-12,Layer1,0.8165205837543089,23.80619145082035,0.24453648455331758,53.85101149540825,-0.0007964789323465383,1.5143744192037798,0.19514756829044946,0.8526106252361617,61.30551230449606,12,12
2026-05-13,Layer1,-0.3426821805354282,21.394040933524252,0.1576621194164597,44.60167982079527,-0.004607778178222657,-0.2940376367413011,-0.832188597834262,0.21629033729828342,60.809006823039134,12,12
2026-05-14,Layer1,-0.7793279443877341,20.843283506144317,0.1258803844899283,43.25272119815106,-0.008890770516243556,-0.9452245044974136,-0.9657566980507543,-0.6146834001164534,59.562594522004794,12,12
2026-05-15,Layer1,-0.8902813299602915,20.803971937412136,0.12755640735167748,44.0912463040113,-0.011089429607488946,-0.894367335055302,-0.8563821590615596,-1.2295139521159972,58.022022449716374,12,12
2026-05-16,Layer1,-0.9178688202887446,20.16285190526472,0.14344442485637984,41.787459404058936,-0.010934160307686847,-0.5523629111600478,-1.0939818081380832,-1.5136266713139903,57.49217042744283,12,12
2026-05-17,Layer1,-0.49548519967262106,22.29498741516157,0.16566104904865428,51.490310673712195,-0.008882835711697101,-0.07971709674260868,0.003074776828196531,-1.4892873056947764,55.86748650931846,12,12
2026-05-18,Layer1,-0.21632473342991096,21.14763860800109,0.18646992212329763,47.52700564198462,-0.005820227821891203,0.3627546056488205,-0.444479992459966,-1.2567674884119957,54.85349068336292,12,12
2026-05-19,Layer1,-0.8627563438819528,21.07657389933977,0.12733984861016526,48.385250279732375,-0.00737256546439735,-0.9004866144914067,-0.34235903291161407,-1.626724213623067,53.33971601739675,12,12
2026-05-20,Layer1,-0.06900677560843993,20.88468469780586,0.20575755530820716,47.21520303247701,-0.0029413038914753095,0.785755188601057,-0.47291555686697345,-1.147496146128076,53.93511797371294,12,12
2026-05-21,Layer1,0.06424793725906333,22.20398666552081,0.19765738739063984,51.12664266107529,-0.0005065971157727387,0.602811919446109,-0.016106875607664658,-0.8511989016901166,55.73869298383319,12,12
2026-05-22,Layer1,-0.5626283437827718,20.734942786976855,0.1605898400751182,45.83618627863569,-0.001298399402414243,-0.20485556654840326,-0.6317014465743267,-0.9725386878437786,54.88119916841573,12,12
2026-05-23,Layer1,-2.200526000275973,17.07339359333983,0.009390215273201469,31.724691891466733,-0.01135169071416917,-3.172804422385671,-2.187402736760897,-2.40217947188407,54.425681193682905,12,12
2026-03-24,Layer2,,,0.4372856398694864,,0.0,,,,98.05098646820498,2,2
2026-03-25,Layer2,,13.85891633790017,0.13041963205065507,0.0,-0.019583471724050793,,,,91.26336125532336,2,2
2026-03-26,Layer2,,22.095124865815382,0.295054055215712,34.91713100272494,-0.020280195494113827,,,,88.71006810631911,2,2
2026-03-27,Layer2,,19.73520356330787,0.20032985904255018,29.075814662401356,-0.025607986641767527,,,,83.97467036750444,2,2
2026-03-28,Layer2,,18.511708567622634,0.16694522598668368,27.456951399749315,-0.029586236088031834,,,,79.72172899144051,2,2
2026-03-29,Layer2,,23.715559196735057,0.3735141720713485,46.044828097560966,-0.01712936266895347,,,,82.22896042325794,2,2
2026-03-30,Layer2,,21.493322288422704,0.2168006376822909,38.55089347687376,-0.018169080455037165,,,,80.6602008491333,2,2
2026-03-31,Layer2,,24.050651824655443,0.4007298868041527,48.406213637952426,-0.005833258762098288,,,,81.09021077117094,2,2
2026-04-01,Layer2,,22.074094522565257,0.2562885054412919,42.99146562042213,-0.006703123535293946,,,,77.71450973138217,2,2
2026-04-02,Layer2,,15.232483847981843,-0.25962796325397874,30.718189374802094,-0.03949585146558515,,,,54.73175841914461,2,2
2026-04-03,Layer2,,13.180182481483225,-0.18691190995882992,33.39807315560917,-0.052922991153385786,,,,37.238258194514046,2,2
2026-04-04,Layer2,,16.11207491946189,0.2162184775082555,45.1584600434136,-0.032301389354070884,,,,36.89121257723662,2,2
2026-04-05,Layer2,,15.424708003744392,0.14035557383121455,43.70614368214231,-0.021914325891186637,,,,35.59118909166267,2,2
2026-04-06,Layer2,,14.632185015271695,0.07186764769627632,42.472983675635554,-0.017965978793190562,,,,33.48528919051108,2,2
2026-04-07,Layer2,,17.07998379585039,0.4646919163861316,50.485892362816664,0.011220541410877832,,,,35.72897414133189,2,2
2026-04-08,Layer2,,17.0936853630638,0.21796043629507966,51.58584629783249,0.013855326303721271,,,,34.76656129152131,2,2
2026-04-09,Layer2,,15.921792085744354,0.18346974995078053,47.87856255046056,0.01322301065065723,,,,33.439074498668425,2,2
2026-04-10,Layer2,,14.237976271383728,-0.10475450740504699,44.59725915121153,-0.005646734949022278,,,,29.157956308075068,2,2
2026-04-11,Layer2,,15.616575081222187,0.18814536525665207,50.34383019201542,0.0021406893405589017,,,,28.413350885913474,2,2
2026-04-12,Layer2,,14.83119408922428,0.23023221697251456,47.54524329929355,0.010216901516322083,0.2543926574462918,,0.13470215824620943,27.89759935293683,2,2
2026-04-13,Layer2,-0.04211047141226578,14.565436704225451,0.1005190784236783,47.989220612662464,0.0070635915490188245,-0.4173222277471975,0.650078247786993,0.08282150469260026,26.11256281601709,2,2
2026-04-14,Layer2,0.25674089785348875,13.795737282772448,0.16559210961162182,45.75961395748392,0.009451835316155517,-0.06568388202751632,0.4517303173850556,0.25215345142344864,24.887090751336025,2,2
2026-04-15,Layer2,-0.0528688933895295,13.731010103765113,0.09325770861205779,46.981460909370554,0.006397657963657974,-0.45253080883266605,0.5392349646471152,0.19290833753859932,23.084259037070105,2,2
2026-04-16,Layer2,0.48558053771310483,16.600818799153917,0.13961368568917193,58.94786989925038,0.007652342604075206,-0.18819531150731436,1.4586555100833112,0.3082339064613109,22.248936879985685,2,2
2026-04-17,Layer2,0.7594601640339187,16.882678469337105,0.2449030633118802,59.538637142220125,0.015285516529950027,0.40635472478968215,1.4095743192874164,0.736058845877295,22.601749048778704,2,2
2026-04-18,Layer2,0.07070568369048322,13.662844614220289,0.11539122435466521,47.466506810114225,0.011497156489871395,-0.3425718722570525,0.41424674918455684,0.6800278606528835,21.439006758837944,2,2
2026-04-19,Layer2,-0.003204760376434218,13.682395760438473,0.0807510879418798,48.47063144237503,0.0067768783985990635,-0.5355706036468727,0.48599541652919725,0.5450806897379621,20.013427899951548,2,2
2026-04-20,Layer2,-0.006602686266681659,13.931259506131507,0.0747040122724371,50.07518637744373,0.003529233365870313,-0.5587221338143924,0.6057365232724398,0.43926542691460885,18.8138292836266,2,2
2026-04-21,Layer2,0.3235035381106997,11.975853242358346,0.19770468939528554,41.74129470094414,0.009602335391080082,0.18899142042140607,-0.10427154314463503,0.7681065167325547,19.068832042688385,2,2
2026-04-22,Layer2,-0.3351723496848609,11.855026294686404,-0.011070639114877254,42.74503019216683,4.083800877602295e-06,-1.067969086240033,-0.016634955511181267,0.3613473525157704,17.02824485451575,2,2
2026-04-23,Layer2,0.4494128995483795,13.769355929821698,0.17700982092993178,49.813515932734326,0.006412887568110141,0.09548377035412578,0.5960975759114326,0.6837686875934303,17.08950528317295,2,2
2026-04-24,Layer2,0.6073311274928066,15.901961339004433,0.1454090590559446,58.47777052330286,0.008484484806234732,-0.10197430492357444,1.3104491962226448,0.8395673922809979,16.588787661012006,2,2
2026-04-25,Layer2,0.8565936244259044,14.820664228479885,0.2721504703967366,53.20813729886148,0.01781469818846424,0.6935005046326914,0.822253404576918,1.366406932395732,17.397999118096493,2,2
2026-04-26,Layer2,0.8830957953364116,14.568670162417812,0.266666887155265,51.43145210324409,0.02272647279085494,0.6444387040409095,0.6500827921529191,1.7047365872235942,18.082577228596385,2,2
2026-04-27,Layer2,0.2698384771867234,14.09501713115833,0.10388717253110126,50.12897520776463,0.014521302363463523,-0.40863180284976813,0.5233855935462371,1.4481564165549883,16.835167819662285,2,2
2026-04-28,Layer2,0.11413821451561945,13.154570038775875,0.08942957809104182,46.96587393917832,0.007957287718251906,-0.495302720140547,0.23311153668871945,1.2196344626286741,15.495378669253919,2,2
2026-04-29,Layer2,1.1917962568592946,16.48829622477861,0.33746211562751055,58.53386248051891,0.019499384946690103,1.1217139533435478,1.249498160308133,1.7650633457307434,16.95676923115497,2,2
2026-04-30,Layer2,1.343424875449604,16.89240244375024,0.3759666101134876,58.30506188828723,0.028368953260345747,1.3259209863769805,1.1877331560576296,2.188476439436913,18.637798871469204,2,2
2026-05-01,Layer2,0.9432914030213135,15.226485450513222,0.26763169307148926,50.796941819061516,0.025662868015430565,0.6043054359327945,0.4996563321179175,2.1468589041444064,19.039918121107654,2,2
2026-05-02,Layer2,-0.8911003566227287,11.414333770890423,-0.28964563931127574,39.07523810406954,-0.012865702165167369,-2.730624826014599,-0.5629249246219433,0.6919712876373029,13.844401699567715,2,2
2026-05-03,Layer2,0.4461002219798662,14.932428110860704,0.16207667079776633,51.79065119902263,-0.007406057077898039,-0.015333825384375496,0.6003765345853319,0.8009816914682654,14.012080584092507,2,2
2026-05-04,Layer2,,,,51.92893414424598,-0.005924845662318431,,0.6030801422923154,0.7854986968996012,14.247350524093969,2,2
2026-05-05,Layer2,0.5113044468192406,14.719190391482837,0.20322300752520217,49.16826553526316,0.0012749123376008236,0.23222517471488602,0.3395937779205941,1.023946405264777,14.99111195619489,2,2
2026-05-06,Layer2,1.0328817320276074,17.231599740080892,0.3269188662522927,57.21645316540534,0.01286752251974772,0.971303265513638,1.0748136553595005,1.4852255578097295,16.778683059173737,2,2
2026-05-07,Layer2,0.8521045626589797,16.07797545787969,0.27871443855501243,51.57964255354807,0.01648716815700591,0.6632830951451384,0.5335647591762971,1.6758172022148519,17.635509814523182,2,2
2026-05-08,Layer2,0.9841153255165749,16.839444460271906,0.3085339046104079,53.184728244418615,0.019861491304045537,0.8321636704938813,0.675613239740762,1.8589157793436595,18.829109470794062,2,2
2026-05-09,Layer2,1.3116545788138125,17.48251229859666,0.44128619091165255,53.331209917181624,0.029428827233735157,1.5925206638667693,0.6787284287504024,2.2500952727694745,21.127942895449216,2,2
2026-05-10,Layer2,0.41489358869536686,16.02935418757841,0.18807508665130881,47.23952009181056,0.017677931883396746,0.045249852017471434,0.08940118415397912,1.9188059131583177,20.83424392239102,2,2
2026-05-11,Layer2,0.25708441671382076,16.551488588317532,0.12542452989178285,49.526047005981894,0.005302020895883535,-0.33776317067032136,0.3091434642503362,1.5289301697147497,19.858325002682943,2,2
2026-05-12,Layer2,1.7016128639689205,19.887889368709182,0.6001955736397611,59.28477764505782,0.02746803457117145,2.4279555349082655,1.2378910297952184,2.2434005752633115,23.625356017437575,2,2
2026-05-13,Layer2,0.3680510979139219,16.502446894231447,0.19207857671068052,46.53169098991852,0.013715820996795136,0.022750286043183427,-0.011849575781021615,1.8608829275149599,22.513052138677104,2,2
2026-05-14,Layer2,1.297582728102223,18.277228922781973,0.5011101597807769,51.419069415373926,0.023907158049275123,1.7838325697852973,0.4665011558932926,2.176763422147322,24.592155958280248,2,2
2026-05-15,Layer2,0.06021456083399551,16.5278514469244,0.07121263926555635,46.379846162088214,0.0013603836755220686,-0.7060634508367024,-0.03608235328645091,1.533099409008425,21.77217652516697,2,2
2026-05-16,Layer2,0.9565199685363688,19.88569405462314,0.294570554494001,59.213221567799614,0.001162069667647949,0.5917159162014912,1.2272387737716215,1.4887451195684491,21.675855898352754,2,2
2026-05-17,Layer2,0.24859601195432143,17.30566963837336,0.18214085737480226,49.595808135376515,-0.006450095947300533,-0.06886014773469945,0.2603839279010569,1.2203221730385776,20.317916507575507,2,2
2026-05-18,Layer2,0.08617132872585312,16.91224859258086,0.14221053444365547,48.84789470011601,-0.013668636057038476,-0.3029275002920468,0.18301301379316906,0.9294395811102985,18.733965052390595,2,2
2026-05-19,Layer2,-0.023243232242403336,16.594833042191837,0.12287702928279276,48.49381543519892,-0.018916457146646852,-0.4143441269337247,0.14554842293493006,0.6626823745664342,17.182300321038657,2,2
2026-05-20,Layer2,-0.16517332653260425,15.706601133258697,0.11303508259899515,45.81169992390687,-0.022005126760241286,-0.46868585954257813,-0.1295486807732289,0.43471438661536754,15.83681421306124,2,2
2026-05-21,Layer2,-0.16781211932198234,15.75021534164826,0.11884608925159161,46.816582686731714,-0.022529479844614585,-0.4289873185441244,-0.024914946291872325,0.2709139404751031,14.716196240323796,2,2
2026-05-22,Layer2,-0.5286518472437706,14.640842893489216,0.005771953496781764,44.16465908056469,-0.028954704361663357,-1.0997329700604,-0.3001599471802465,-0.08930231747937026,12.598212560376677,2,2
2026-05-23,Layer2,,,,41.15332548618115,-0.023163763489330687,,-0.6112955949689366,-0.07654104217017746,12.598212560376677,2,2
2026-03-24,Legacy L1,,,0.14212609831988812,,0.0,,,,19.803916725563646,1,1
2026-03-25,Legacy L1,,27.31947974469634,0.19462856367629158,100.0,0.003350584683713498,,,,20.216333162644304,1,1
2026-03-26,Legacy L1,,28.207121377783476,0.4298167185200999,100.0,0.020276545005625105,,,,24.272028594886756,1,1
2026-03-27,Legacy L1,,21.501892680363824,0.3157100008757785,71.60092740871455,0.022486603876658674,,,,25.347167784885546,1,1
2026-03-28,Legacy L1,,13.092461772111552,0.007792893797159195,40.53610888973279,0.002937388078604544,,,,21.79927178295921,1,1
2026-03-29,Legacy L1,,,,40.53610888973279,0.0023499104628836344,,,,21.39162565761718,1,1
2026-03-30,Legacy L1,,15.881694135919695,0.8956877544511109,40.53610888973279,0.056596302082859797,,,,35.33249698548607,1,1
2026-03-31,Legacy L1,,14.59450638408474,0.6619013486345454,30.49182414352444,0.06296517876097796,,,,41.4794699758008,1,1
2026-04-01,Legacy L1,,14.328285474409041,0.5320086262694715,26.80196969766331,0.05497722032406993,,,,44.359057208902286,1,1
2026-04-02,Legacy L1,,13.999409823873574,0.4391497785511427,24.667954815233287,0.04064752891212256,,,,45.16236169474046,1,1
2026-04-03,Legacy L1,,13.141789920212094,0.30857485894156617,22.18418838272035,0.020594552696692303,,,,44.15037112388475,1,1
2026-04-04,Legacy L1,,19.27381748465416,0.7331815045978873,41.37813425392072,0.03338899393253407,,,,51.26382950335884,1,1
2026-04-05,Legacy L1,,11.63640276351024,-0.5111175767898559,24.017578441830366,-0.040480910587728916,,,,34.77534414927892,1,1
2026-04-06,Legacy L1,,16.956972941824255,0.4788301660442336,43.03292126739756,-0.022121288703806488,,,,38.137948350111074,1,1
2026-04-07,Legacy L1,,16.785712557685713,0.39253958100862796,42.11422699948907,-0.015549025073620694,,,,40.141021436830435,1,1
2026-04-08,Legacy L1,,15.916978495576835,0.26017752985740084,40.024507333811805,-0.01961411212021117,,,,39.330381778126494,1,1
2026-04-09,Legacy L1,,14.483365799883869,0.2030347601566464,35.86793333607598,-0.025288362565795218,,,,38.241963459814656,1,1
2026-04-10,Legacy L1,,15.906327807200384,0.409499802058842,40.1625775101139,-0.014793279876396802,,,,41.181212029390764,1,1
2026-04-11,Legacy L1,,16.252172065819842,0.2747156652033329,41.962589579994926,-0.016457750497711268,,,,41.20853093986382,1,1
2026-04-12,Legacy L1,,17.473074805086043,0.4586244974076748,44.600050401767454,-0.005280587961150621,,,-0.36465917517382723,44.10722533980534,1,1
2026-04-13,Legacy L1,0.061053353311052605,17.44533616031708,0.39446289149485525,43.903977863330624,-0.0024597041693070476,0.15004725524453152,-0.03775095547934664,-0.2989747206696875,45.92121707057298,1,1
2026-04-14,Legacy L1,-0.44466787782408834,16.860985821751495,0.1864957037013532,44.18145488422346,-0.01419597951250482,-0.551556208644831,-0.02435901710931707,-0.6863309357247092,43.511899553105735,1,1
2026-04-15,Legacy L1,0.33433346419458554,19.18263050009067,0.5584776296832366,50.30583376675124,0.002602187847386764,0.730948080718534,0.2597155455384628,-0.2064988713510569,48.84596614165103,1,1
2026-04-16,Legacy L1,0.49882167505370745,20.571432649514513,0.5996102535929065,51.87645630071423,0.015284642952469701,0.8442148965556221,0.32799810344589225,0.24762927456491063,54.28549392679925,1,1
2026-04-17,Legacy L1,0.5348726224361917,21.74187044401971,0.567077047753885,53.09392011868041,0.019986596146657848,0.7050396583149311,0.3792152246990807,0.5103482341754279,58.70124115490846,1,1
2026-04-18,Legacy L1,1.0358459940930271,23.300275648421756,0.8883,51.903668268571934,0.04197037926967735,1.7108387664739242,0.3123196099768715,1.3650672954503522,68.40048262121911,1,1
2026-04-19,Legacy L1,0.4034758406584339,26.29639694802968,0.4258485331024975,64.22943344742308,0.02352572274211724,0.11178780989787475,0.9124092174728845,0.9723740636202136,68.26231365454878,1,1
2026-04-20,Legacy L1,0.8999451512898441,25.297548310402284,0.7495504040613926,55.15440373668287,0.030825052387688873,1.1942773818589256,0.43472171003041404,1.3259237998012543,74.5909066499633,1,1
2026-04-21,Legacy L1,,,,57.02828215211615,0.0246600419101511,,0.5209305124740687,1.264549854913776,74.8255994528328,1,1
2026-04-22,Legacy L1,-0.15655540015685054,25.655828572360676,0.16820354776028545,60.16370305324694,-0.014311588868690259,-0.8093873739223273,0.6703103303861646,0.09175272889163161,68.93568364697883,1,1
2026-04-23,Legacy L1,-0.06418902390618089,26.613165366585818,0.31477006012694286,63.87897873116351,-0.024177594421453674,-0.28943167886883125,0.8445408507092589,-0.34761477002813423,67.73611250440801,1,1
2026-04-24,Legacy L1,-0.08040866994770261,26.252285799557455,0.37921088599798386,61.700473572639346,-0.025584817164796998,-0.05843238440190049,0.709479755825495,-0.5578742035202079,68.1980460687407,1,1
2026-04-25,Legacy L1,-1.289543007891702,21.10585184814885,-0.30046930255773235,50.10624864631655,-0.06904622154027013,-2.258623969778772,0.07828139955598948,-2.1018154834840557,56.41682290033704,1,1
2026-04-26,Legacy L1,-1.2986474700075492,19.393022360275797,-0.18246158835066528,48.94596979514421,-0.08552410488851052,-1.7395213838860162,0.013991336499248946,-2.7060119920380794,48.870402900023585,1,1
2026-04-27,Legacy L1,-0.3369419541450043,22.116476686043935,0.3368324593898638,57.96168327289324,-0.05842135907817773,-0.05946234291155898,0.5103234770685643,-2.191735444571026,51.5760125071631,1,1
2026-04-28,Legacy L1,-0.9425588217145708,20.455403221311027,-0.011917681162819846,55.582505531562624,-0.060687288021490086,-1.1625037748329723,0.3693011631490039,-2.337556819828247,47.10569891512502,1,1
2026-04-29,Legacy L1,-0.28624797159420046,20.83555912198689,0.3405218220349075,55.32796911219507,-0.03635554603266168,-0.011658764990465255,0.34922408165167684,-1.8863225922321858,49.66855981947964,1,1
2026-04-30,Legacy L1,-0.44633942916499636,19.842811903446748,0.19108104276694357,52.455822238123,-0.02857437480716326,-0.4981917375924596,0.17952216057185488,-1.7673048231303718,48.74211890456229,1,1
2026-05-01,Legacy L1,0.6671808344407854,24.280177139733592,0.9155349858247674,61.04163220719297,0.024260363829906713,1.811896711722746,0.6731172037755034,-0.6022298519174756,61.10675448605755,1,1
2026-05-02,Legacy L1,-0.4709914832377615,20.567128678567634,0.19462877022610564,48.781766508706994,0.010269318406163127,-0.5112899872917217,-0.055075697704265715,-0.8107727641678333,58.53654585575517,1,1
2026-05-03,Legacy L1,-0.6623594002414481,20.655846839924003,0.038137135527376076,52.249391948316806,-0.008877185992362605,-0.9961075725068615,0.1519153245553357,-1.1974775181542479,53.642169815540925,1,1
2026-05-04,Legacy L1,-0.5893836918216322,19.75832441745558,0.16481615110441214,49.958762204613535,-0.012159818534900255,-0.5727064108538343,0.011999227769630243,-1.2797572671610526,51.48028012671831,1,1
2026-05-05,Legacy L1,-0.7910176762359404,18.737601383962733,0.03585887819707901,48.43789775884377,-0.021613598542172555,-0.9736116470003664,-0.08101928433963478,-1.5087745723465613,47.49557940796145,1,1
2026-05-06,Legacy L1,-0.09744588719520816,20.34835189661521,0.38251984876561906,52.338284037818624,-0.004037644524984795,0.16693468601824366,0.16107059405659688,-1.1578023832136985,50.55572007763497,1,1
2026-05-07,Legacy L1,0.007106787717150606,20.562215652040486,0.4229920913359787,51.20873241225278,0.010027615873757705,0.29816885322901276,0.08856581148385562,-0.8245701502369412,53.8936050658167,1,1
2026-05-08,Legacy L1,-0.011790201840813225,20.68372950831452,0.3773584009857848,49.97922229551625,0.01563718288926873,0.1426239433728422,0.009721055391661846,-0.6318381398974566,56.71938742200341,1,1
2026-05-09,Legacy L1,0.3506008303546454,24.09127115443424,0.49360710372477773,60.195011962848795,0.025948138171133187,0.5315761774044562,0.6610195741771592,-0.3032268615737841,61.3117865568689,1,1
2026-05-10,Legacy L1,0.12490004627098247,23.704218666250387,0.3332802874570506,56.550342592700495,0.020955770675573204,-0.019685262221145746,0.4181935274990423,-0.29506965781907085,63.84130225755682,1,1
2026-05-11,Legacy L1,-0.2957832524563998,21.915683860675628,0.2650650762532046,48.970538565777986,0.012463870096752237,-0.254103806448219,-0.07956320913726359,-0.39649485972861964,64.47848592531611,1,1
2026-05-12,Legacy L1,0.48945312840974153,25.447125252248657,0.5760557219621028,58.52650257941854,0.026395313652122068,0.8241135171146938,0.5484196960691347,0.012244488244838753,70.29666115734194,1,1
2026-05-13,Legacy L1,0.1925273886002575,23.854737411309674,0.40633257982967425,51.00775989369609,0.022912774442636518,0.22326166336334444,0.04442346349345835,0.05687383311108894,71.81122899641525,1,1
2026-05-14,Legacy L1,0.37722424348248296,25.405606495461157,0.4869474042863026,54.62815570352104,0.024621810005877716,0.504013869523827,0.286366516545002,0.2145680187304533,75.14294004720782,1,1
2026-05-15,Legacy L1,0.07230626881561045,22.11033672851405,0.42595578537508844,40.335645302001495,0.020402123108127106,0.2821364428028824,-0.680049534830751,0.23035854117802146,76.67510640009884,1,1
2026-05-16,Legacy L1,0.37207946813143244,26.460988168515225,0.4394828648126995,56.70637321687751,0.01739673946401638,0.32764882227965886,0.4389338919952667,0.25566787330611485,78.06807787298176,1,1
2026-05-17,Legacy L1,-1.488922823253915,18.87359550687641,-0.5235419099992141,39.33007295608005,-0.04705090387214032,-2.891435866684253,-0.7523141031966499,-1.3031700020762287,60.74580123592824,1,1
2026-05-18,Legacy L1,-0.9710906142517758,19.647183775343876,-0.052231797604355965,46.354215073083445,-0.05498777312948061,-1.2690898204058343,-0.26177065738457084,-1.6910104901196472,54.65353508709925,1,1
2026-05-19,Legacy L1,-0.13782538833265806,22.057071637760252,0.34292424274841327,54.73443145695054,-0.0318233668984008,0.05555071727136915,0.32235860318563725,-1.3464044430445044,56.52772841284487,1,1
2026-05-20,Legacy L1,-0.7497340249238855,19.138342739911778,0.11297034660726785,45.688847993189746,-0.030200124060894763,-0.7130672232315101,-0.3137828657984216,-1.4271018507482212,53.686535039161285,1,1
2026-05-21,Legacy L1,-0.7162897259802833,18.697901976958846,0.14390921401910484,45.52271843531034,-0.025445159320143247,-0.6006380371808387,-0.322547762192081,-1.4212029670763324,51.510872327635504,1,1
2026-05-22,Legacy L1,-0.8077997174139679,17.86038150720514,0.07570345755819498,45.1953952916872,-0.02524573868141236,-0.8217728378727418,-0.3428023906631646,-1.4998242679327687,47.86748521478402,1,1
2026-05-23,Legacy L1,,,,43.087883247071005,-0.02019659094512989,,-0.4901985731055164,-1.45539171821345,47.86748521478402,1,1
2026-03-24,Lending,,,0.32044386054308777,,0.0,,,,100.0,1,1
2026-03-25,Lending,,14.505769949837015,0.1300416463429162,0.0,-0.012151024495965368,,,,96.60222260795433,1,1
2026-03-26,Lending,,13.431541859055812,-0.03282279979757788,0.0,-0.02949600829179702,,,,90.82471367797059,1,1
2026-03-27,Lending,,21.62405555998577,0.15187095278288085,34.33222001923373,-0.02693963278889506,,,,88.28001035477455,1,1
2026-03-28,Lending,,19.318175175364853,0.03482402204694808,28.197203339625304,-0.03123846487456306,,,,84.25932719256033,1,1
2026-03-29,Lending,,21.82847672716557,0.15610886219454784,39.415390121337836,-0.024327680776237662,,,,82.43431559664602,1,1
2026-03-30,Lending,,20.974118818987876,0.12036911703356011,37.680611046638276,-0.02071869563296077,,,,79.99008117017829,1,1
2026-03-31,Lending,,18.832800829032152,-0.01240717658686918,32.38525929532575,-0.02551382680231084,,,,75.57318707156627,1,1
2026-04-01,Lending,,18.097466910240826,-0.015624404799853804,32.27535637046026,-0.02699881850924865,,,,71.51786665787584,1,1
2026-04-02,Lending,,22.485529163142928,0.2946418438600169,48.97472038104655,-0.006263914301947962,,,,72.59172924034264,1,1
2026-04-03,Lending,,18.639611433783095,-0.07924306079496107,37.75601487208442,-0.0163356193228322,,,,67.8111024572191,1,1
2026-04-04,Lending,,16.044212872021383,-0.2968512803630787,33.3144068163174,-0.035177889632640874,,,,60.24315910629489,1,1
2026-04-05,Lending,,16.805795561398774,-0.10678153160780203,39.528042882968286,-0.032432404351887614,,,,56.375844633782165,1,1
2026-04-06,Lending,,17.961869200123996,0.10320767302906927,45.17219396013965,-0.014954921817610128,,,,55.71555499634934,1,1
2026-04-07,Lending,,16.660701581264618,-0.030646868970047453,42.635588012462314,-0.011069126662385118,,,,52.93465017953493,1,1
2026-04-08,Lending,,18.049823280077188,0.08838479172863066,49.09924416351104,0.00025779780199323976,,,,51.93617620369224,1,1
2026-04-09,Lending,,19.643713924453536,0.19881333119256808,55.12493839203842,0.015105283189361315,,,,52.60506426068175,1,1
2026-04-10,Lending,,15.581963237320092,-0.18271223313484342,43.19045951492251,-4.873136500151143e-05,,,,47.262348308352614,1,1
2026-04-11,Lending,,18.47630973076161,0.2169154439128362,53.32367992288295,0.016638779643352267,,,,48.77396968790888,1,1
2026-04-12,Lending,,15.15224485819917,-0.19065729815952312,44.269450014954685,0.0008575869743282227,-1.4217884455011998,,-0.2481308374380845,43.35374786462868,1,1
2026-04-13,Lending,1.1425629365594931,18.36605836102681,0.36581125489437993,53.46051766164021,0.027073824725064116,1.7526777013301804,1.0688023744710615,0.985042252597894,47.781202616464654,1,1
2026-04-14,Lending,1.1517986497800536,18.967455827383034,0.2929056344166994,54.378562309494235,0.03801204358932173,1.2548963542443905,1.0706953044047074,1.6224471777176033,50.01795542747991,1,1
2026-04-15,Lending,0.14603591853192427,17.080383871788385,-0.060161766197746505,49.41952722506033,0.020834989256819904,-0.7036748979145523,0.7147716506777354,1.1185692237547433,46.89800003869367,1,1
2026-04-16,Lending,0.8550593827002768,17.417690210821657,0.20242710592477112,48.78300464492496,0.02617853382555306,0.76136735838417,0.6511197982109634,1.4507216313190916,48.95678865876348,1,1
2026-04-17,Lending,-0.13567916536616725,16.807900951807085,-0.1614392067525246,48.912347898131095,0.005318863498647311,-1.252727905617799,0.6406205433554988,0.7277482637020883,45.183626041210516,1,1
2026-04-18,Lending,-0.1397121446245525,17.147604505846992,-0.13363223411777722,52.274003721742396,-0.005887424614112104,-1.0502543026038504,0.8429511147130304,0.2635767276198949,41.62532766943125,1,1
2026-04-19,Lending,-0.6739856929443865,14.817978309717697,-0.3034605589112407,47.244281757737944,-0.02305491196993041,-1.8336304775990009,0.48154367133160186,-0.5679573838510267,35.45223840882752,1,1
2026-04-20,Lending,-1.1867994989706474,12.04266059896798,-0.4698230418563474,41.8717554817696,-0.04278508673072526,-2.369509953958869,0.10010311259391555,-1.5917185851484712,26.930214245166685,1,1
2026-04-21,Lending,-0.3340562515726103,13.42767578681485,-0.14119672225903457,48.51399784949331,-0.03140067108457262,-0.7629657960528033,0.5650669616536856,-1.3871467118307668,24.47963894137626,1,1
2026-04-22,Lending,-0.34218505618268635,12.587792827958618,-0.15369476637724735,46.65004236487083,-0.02280921432366466,-0.8009992659703137,0.42049871981063186,-1.2291954866489976,21.83763840977187,1,1
2026-04-23,Lending,-0.1220394362876743,12.470874351230805,-0.06599107650605512,46.31237710181085,-0.009972081056582704,-0.3656372912983736,0.38803072681895984,-0.8415613676127833,20.26442405934795,1,1
2026-04-24,Lending,0.0749168560183038,13.824741047983665,-0.060064174902251855,51.90752385846399,-0.0003428589379345648,-0.33051534633801416,0.7873289592964313,-0.4948605225712649,18.627065152862496,1,1
2026-04-25,Lending,0.1583384960208534,12.492595667435207,-0.006373937665569009,46.108466472642306,0.00981985282654911,-0.059420285206941946,0.34277617753751943,-0.043164921194223896,18.236612100241906,1,1
2026-04-26,Lending,0.6402800275026138,15.250427855909447,0.09055514175718915,55.49614721269652,0.02252121988540364,0.4286596390554636,1.0293079929303077,0.6100878814015094,19.73249261247899,1,1
2026-04-27,Lending,0.5048056955844265,12.454050175418097,0.08192541278733359,42.939673504406564,0.02936009328891856,0.37780172236456566,0.0663585502897093,1.0938306065202201,20.810749345617673,1,1
2026-04-28,Lending,0.7566126807635043,13.62690737343772,0.1315912296520546,45.941143275909596,0.03581933215472405,0.6259274323651443,0.29527939666915126,1.5738927787848986,22.23413215099005,1,1
2026-04-29,Lending,0.756832437276805,15.445986736486201,0.03780342017363822,52.83478748281005,0.0324655046694271,0.1280906903356615,0.8193148837448616,1.6524010174867407,21.701922095935878,1,1
2026-04-30,Lending,0.1821074414865553,12.667945193710334,-0.04019365719806714,42.139642065448484,0.024070582665445588,-0.28616287388961376,-0.027567520661776295,1.500343645810582,19.942266517699007,1,1
2026-05-01,Lending,1.2670243460596582,18.385048790731766,0.1961959128950003,62.62976750776275,0.03296463561257863,0.9724875353647289,1.5440088673725756,1.9502493896882702,21.84257353524462,1,1
2026-05-02,Lending,1.983438544884879,21.238771240925292,0.4942785523345192,68.62001621629982,0.05609081665056183,2.364561612118919,1.8915692838421247,2.7898514070744387,27.936953204399185,1,1
2026-05-03,Lending,0.9951941585081446,19.507821033131123,0.12564342423859634,61.382524271765945,0.04424889456254443,0.4832865431284335,1.2967567376056284,2.5043879240517826,27.372332543206802,1,1
2026-05-04,Lending,0.7911242764829307,19.911780068628588,0.03444420782908797,63.931872154317766,0.028714875565196692,0.014999744532380744,1.4312648816159057,2.1185746509193795,25.189794579382824,1,1
2026-05-05,Lending,0.5555834464846887,17.709714185436187,0.0298005192675783,55.75446565044794,0.01713936526540317,-0.009027266107804802,0.8096089379755063,1.826473834885991,23.31749937122661,1,1
2026-05-06,Lending,1.0363560974324622,18.930590178165133,0.16287146506151184,59.853578923473066,0.017401341063409445,0.6793938121487211,1.0856112887878935,1.8426956019379463,23.794482331995518,1,1
2026-05-07,Lending,-0.2642933608079795,14.046176874662244,-0.24879639407098297,45.26488548713941,-0.009734528484367977,-1.4464763048841673,0.0040153924172858756,1.0864105308793446,17.60838149593463,1,1
2026-05-08,Lending,0.2122031590269677,15.332938029762742,-0.0015027397385352975,51.34829645861182,-0.01054475829422831,-0.1534402681072613,0.4542345412417477,0.9800849843482036,16.24110759496969,1,1
2026-05-09,Lending,0.6195975530713745,15.748904808398873,0.10094474376847612,52.41660878149916,-0.00403182414115758,0.3827509528111125,0.5277096763886044,1.0891774012764461,16.66078915086354,1,1
2026-05-10,Lending,-0.5042102835967448,12.505557478082162,-0.2720905060949939,42.73705217050039,-0.02360529934637042,-1.5468937252624806,-0.20864402573460314,0.4582652816793226,11.85290575231256,1,1
2026-05-11,Lending,1.208534393841303,17.08634884927504,0.42019743109017815,55.31840111837423,0.009537081614571207,1.9756223106373765,0.7491822463831173,1.2999978956714084,18.278644536952818,1,1
2026-05-12,Lending,0.12839580763398228,14.912980379032458,-0.024479384644830536,47.81732551716597,0.001403190256905838,-0.2783721226935005,0.16630483235032514,1.0844381829351801,16.578006990746736,1,1
2026-05-13,Lending,0.25012025949047223,15.481915355452173,0.036187442539232104,49.97718895105392,7.117565157431418e-05,0.03217257648448105,0.33167795320864896,1.0307216812488378,15.93237108262441,1,1
2026-05-14,Lending,0.7110475521215373,16.500131393176076,0.1467854699937144,52.61531578153827,0.00625860235617922,0.5967650726892878,0.5333001372574244,1.191671153084119,17.19230222475192,1,1
2026-05-15,Lending,0.8575987299724983,16.450465619300548,0.22988210098208134,50.49228630640667,0.015065374571027319,1.009788108693592,0.3604675762556304,1.4531523668590107,19.080992425867485,1,1
2026-05-16,Lending,-0.4341135259802189,12.799970612322607,-0.23134057363308017,39.878496362178865,-0.00971928723599231,-1.3544923198476122,-0.48558636766554314,0.7854088410082091,13.457759597659967,1,1
2026-05-17,Lending,0.5072292547969187,15.435273706028838,0.10091129646817636,49.65147942072428,-0.003599312222855734,0.35730717803194845,0.3014632401476016,0.8965971066187659,13.370175045319431,1,1
2026-05-18,Lending,1.0034007921013246,17.08583909720391,0.30156816301367867,53.651612367242436,0.013180389087494627,1.3652708997947678,0.6197785097958308,1.3474696594228566,16.20795182796241,1,1
2026-05-19,Lending,0.7913251770064121,16.791610901702967,0.17623185051272622,51.937789170239284,0.014927616777805122,0.7088238769721976,0.4740128464851653,1.4385075564199417,16.638503924288642,1,1
2026-05-20,Lending,0.4135808894564016,16.124284882710292,0.10954977213993199,49.281750565861,0.010870341804691144,0.3595884118401976,0.25228160188315096,1.3710717375429946,15.974188750978943,1,1
2026-05-21,Lending,0.4491917806881872,17.4575982703284,0.07840130462102479,54.910812431704684,0.005630502396349914,0.195131816011481,0.7117891532585896,1.2523526758040837,14.79196615086343,1,1
2026-05-22,Lending,0.9029917367027938,17.513738575860806,0.2321717176067328,53.608451002099045,0.011712393445985285,0.9885978369076097,0.5959320931330402,1.426113453624551,16.148756756477162,1,1
2026-05-23,Lending,,,,52.09264704808074,0.009369914756788226,,0.46370229357094955,1.3959037171542286,16.148756756477162,1,1
2026-03-24,Long Duration,,,0.2657639518544906,,0.0,,,,94.45946033792563,1,1
2026-03-25,Long Duration,,39.94900165950755,0.45783816311194503,100.0,0.012257727442071164,,,,98.7940616824457,1,1
2026-03-26,Long Duration,,20.26806737332797,-0.024870838975124057,28.464580543645994,-0.011535235453605321,,,,90.08545497604142,1,1
2026-03-27,Long Duration,,14.990029936975652,-0.3347317709661688,19.50696728024471,-0.04561975504019413,,,,74.54443073055863,1,1
2026-03-28,Long Duration,,21.298318293901026,0.13052280523033946,45.336186430965164,-0.034798018570298954,,,,73.52370273421396,1,1
2026-03-29,Long Duration,,24.612484114061743,0.41502309011761096,54.30290658927626,-0.00785320896390881,,,,79.44577001789325,1,1
2026-03-30,Long Duration,,17.940657707065224,-0.2886261290575306,38.63045293583477,-0.03525875471522695,,,,66.4423368209893,1,1
2026-03-31,Long Duration,,20.99071552078056,0.24245223107409422,49.60743134205753,-0.016415614872892156,,,,68.41812868654685,1,1
2026-04-01,Long Duration,,23.51677598568962,0.5264800160469282,54.00712715235247,0.014698740541653689,,,,76.69250533122946,1,1
2026-04-02,Long Duration,,21.48557127099457,0.14033208834489602,48.27670452706407,0.009070840485853278,,,,74.76736648985796,1,1
2026-04-03,Long Duration,,22.705252104080742,0.3231809305926164,50.751108166910186,0.01700000063528458,,,,77.48420783872982,1,1
2026-04-04,Long Duration,,21.369416098701024,0.09222012292593718,47.85912860116429,0.006563692237167899,,,,74.12430677418492,1,1
2026-04-05,Long Duration,,21.772397903801554,0.2044762570982527,49.26431838024222,0.007051695911611162,,,,73.95039609094484,1,1
2026-04-06,Long Duration,,21.81151669969256,0.22735063219264462,49.5414148052448,0.008641057501378217,,,,73.88576746196968,1,1
2026-04-07,Long Duration,,20.235507088491126,0.023007493466621426,47.23674754805118,-0.003682773693637835,,,,68.91891550502103,1,1
2026-04-08,Long Duration,,18.696579962941723,0.016783336074869818,44.75775428967184,-0.01142920465452683,,,,64.63721609491915,1,1
2026-04-09,Long Duration,,20.020736554011258,0.10046245461519468,51.645784953171365,-0.010137062607465858,,,,62.46872437601932,1,1
2026-04-10,Long Duration,,18.332856286865713,-0.19449218696169557,51.848760906915835,-0.027387871923529004,,,,53.105455383512364,1,1
2026-04-11,Long Duration,,17.287533401011462,0.047326197828565335,48.83457351809818,-0.021038704944175438,,,,51.220981284275716,1,1
2026-04-12,Long Duration,,16.345797475566542,0.1042642037825659,45.35042787097484,-0.011981046253725924,-0.0856061874275041,,-0.9584745200205833,50.79533857240581,1,1
2026-04-13,Long Duration,0.36073713857402057,20.44629045055566,0.2408243492993371,59.54063902573738,0.003408031296398467,0.4996215668943585,0.6903255127300773,-0.2534192728569146,53.44211802801799,1,1
2026-04-14,Long Duration,-1.3871526980525508,12.455021983439828,-0.4355669240063677,38.39018131701968,-0.029929629285825862,-2.166441751925967,-0.7010243941244657,-1.831528268613104,39.084088537263895,1,1
2026-04-15,Long Duration,-0.25133526846057685,14.169329903423991,0.12727840057710807,43.76021727756582,-0.012907249806105699,0.09297556997375134,-0.32839376586163865,-1.1940362187604476,40.18538148205609,1,1
2026-04-16,Long Duration,0.3285347615738029,17.174594649275605,0.28319197398955004,52.40617638555154,0.008847470428072199,0.7109535950609399,0.26500684644196587,-0.21359874935636047,44.157828472616,1,1
2026-04-17,Long Duration,0.4678730109179503,17.216086572776682,0.28564131399600634,49.32681473312026,0.022614017753518727,0.699623960150565,0.0458728541697906,0.5783024166158023,47.89098908279555,1,1
2026-04-18,Long Duration,0.355824586086256,17.684712591507896,0.14470242945411138,50.972547794131536,0.021449824467013684,0.10571543316449425,0.16180996114933033,0.7329505582662013,47.729211560981945,1,1
2026-04-19,Long Duration,0.6413870938507245,18.428330083515466,0.2690021462142468,51.1904134927028,0.0278663805578141,0.6220234148254028,0.17449737882666003,1.239269638293653,50.57639211001704,1,1
2026-04-20,Long Duration,-0.1520624605244397,16.331730660336486,-0.012862963630631568,45.95493884096256,0.012714033544733931,-0.5858584037752301,-0.216291955111561,0.715861732994837,45.89906603737019,1,1
2026-04-21,Long Duration,0.8999167002781676,19.902569017528823,0.35831080965325235,55.34594730961991,0.026483465042865847,1.0064984830316048,0.49439408151086245,1.4893184208603425,50.880389748795395,1,1
2026-04-22,Long Duration,0.6376453996853118,19.442420899943688,0.19584241644642314,52.71936511003164,0.023542533097905938,0.2887991889400419,0.2843556597179771,1.518489031763413,51.24206063150668,1,1
2026-04-23,Long Duration,0.7790608822471712,20.00296581413302,0.26951292972031515,52.57519331767528,0.02529821274552973,0.6035871743418489,0.2681553310037536,1.7205514956411103,53.05568704434709,1,1
2026-04-24,Long Duration,0.4390498939127928,20.72782553822118,0.15835429827452382,55.69384383032284,0.01805257795707033,0.10133225608636938,0.5089663508893443,1.5267275135778604,51.87978825971809,1,1
2026-04-25,Long Duration,,,,51.94331154954609,0.014442062365656264,,0.19978107043946663,1.4521441044194532,51.87978825971809,1,1
2026-04-26,Long Duration,0.8419480619126004,20.405881332673438,0.3261148982167244,50.96598607886227,0.02249267843232377,0.8465008268483943,0.11700686968305207,1.8295148714793772,55.69972302877204,1,1
2026-04-27,Long Duration,1.2081287664128553,22.107181393874345,0.5042075957320444,51.68274644217064,0.03569217405842208,1.576327009238674,0.17471210082700256,2.357361538081728,62.5418083839812,1,1
2026-04-28,Long Duration,0.43190760565874586,22.96709088423435,0.10490909172222018,57.267746819232,0.016479342368031245,-0.2108159177411135,0.6388241229047376,1.747822599458935,58.71460209957436,1,1
2026-04-29,Long Duration,0.2364450646205377,20.262617443591658,0.1737003400877687,47.069284924884926,0.007793094930601999,0.10063911177199188,-0.23672600682269687,1.4644345206603688,56.59871171148279,1,1
2026-04-30,Long Duration,0.02375884279728517,18.73698756047648,0.14653119488436728,42.1596489881844,1.832383679457178e-05,-0.024381886716699948,-0.6528991840922403,1.1803008953952645,54.278861883735715,1,1
2026-05-01,Long Duration,-0.14907271393926436,17.988970430283423,0.09780533132638564,41.054860293504625,-0.008153326363819553,-0.2489050891802937,-0.7349644463882623,0.8414436903641849,50.990017958418285,1,1
2026-05-02,Long Duration,-0.7592307222634838,15.863606003659548,-0.15521789266467093,38.863344265238666,-0.02916455848014881,-1.3919947846683849,-0.907244767267913,-0.04796343148941375,42.51114781816703,1,1
2026-05-03,Long Duration,1.0229445373502335,21.428953893696992,0.5766415112546955,52.58336618661196,0.005797432085746261,1.9068339373487073,0.3069510925476357,1.0820617925999172,53.099888205830595,1,1
2026-05-04,Long Duration,,,,58.694203334928055,0.004637945668597007,,0.8381423229014207,1.0544613941181682,52.02784566861169,1,1
2026-05-05,Long Duration,-0.0785584316044172,19.99082755468571,0.04482109762196029,51.23086075126098,-0.009901107761074054,-0.48156934876879876,0.16315155148123303,0.5073036727716326,46.71297563687242,1,1
2026-05-06,Long Duration,0.7512527303789995,22.983994526296286,0.29734792907599894,60.855800001004354,-0.00028169685618159926,0.655706849294147,1.0166267160057547,0.7977163916809281,49.1678033067817,1,1
2026-05-07,Long Duration,0.8892219616191561,23.537461270080925,0.3499989801061206,60.46829406624675,0.00901883401614942,0.8782464218654386,0.9596423077282986,1.1387277367592523,52.06438268973111,1,1
2026-05-08,Long Duration,-0.04787424358937277,21.12191857712152,0.01604721701499076,54.726007053211426,-0.007060696304520575,-0.6447147606231627,0.42990309902466245,0.5593955211243617,46.8818390080052,1,1
2026-05-09,Long Duration,-0.052862292875566805,20.79367882518767,0.05985151543825864,55.555832757821626,-0.014081439643976254,-0.43639948823227576,0.4995141565113608,0.21693249916528284,43.69656159748689,1,1
2026-05-10,Long Duration,1.6896940651833956,26.30347133278258,0.7807180447757245,65.85502228792424,0.028184352451059064,2.6542825005211985,1.4089057193127588,1.7450067887122644,58.60776765456835,1,1
2026-05-11,Long Duration,-0.1056600751618815,20.98643855291261,-0.011928370192646975,50.21051173861221,0.002473249351301745,-0.7608723412853443,-0.027422510236555248,0.9278661354362152,51.48384581919735,1,1
2026-05-12,Long Duration,0.4008456520399426,23.274189989282135,0.22677062421619895,59.16878332090508,0.0013157813647916433,0.2731227413204013,0.7907046957904815,0.8852620318429321,50.736897116565395,1,1
2026-05-13,Long Duration,0.1225745865172578,22.043160104997252,0.12002628687012808,56.63600392028564,-0.006439652777091076,-0.19323257830450233,0.5475298544809819,0.5783937244879144,47.49494980083165,1,1
2026-05-14,Long Duration,-0.22130343062246283,20.56853617464987,-0.006746930438733341,55.11229720001401,-0.019187530665173758,-0.7434258532986311,0.39997273238385855,0.01394247330639799,41.18767938996383,1,1
2026-05-15,Long Duration,-0.406564200251894,19.381170716021572,-0.04837182232389848,55.218205929482245,-0.02891861127975306,-0.9119681617841129,0.40544538158680093,-0.5305560950796347,33.66294117125211,1,1
2026-05-16,Long Duration,-0.8342168466982041,17.816515078584324,-0.23564211133588106,56.21857543278815,-0.04547754010840048,-1.680984699099607,0.49506182755741146,-1.4035762498884006,24.23340720725875,1,1
2026-05-17,Long Duration,-1.1469630723654183,13.803625236009632,-0.19953535269557615,45.83530466287742,-0.05108893166397075,-1.4762828975598428,-0.4973066260656188,-1.9116527365356177,16.829709939273226,1,1
2026-05-18,Long Duration,-0.015316965903955176,16.163180718854488,0.24557233117352137,52.97077119327941,-0.023326534971234453,0.4426586429683212,0.1917421119697127,-1.19297265232749,19.12778135896561,1,1
2026-05-19,Long Duration,-1.0808862780481312,12.750642540988038,-0.20873497389241605,46.69252862822813,-0.03344684257675088,-1.4900394038245117,-0.41722089603671536,-1.7108841242665143,8.762157390803065,1,1
2026-05-20,Long Duration,-0.6585405345816827,11.85433331802089,-0.033218588722508186,45.599569165667496,-0.026510663431070038,-0.7247319223659411,-0.518991178819205,-1.645616057983562,4.352909211666237,1,1
2026-05-21,Long Duration,-0.5137882559406878,11.564754766632099,0.030025635134056206,45.75256218668559,-0.01635193868336972,-0.4466891063841059,-0.49843776033216575,-1.4231166318004012,2.0107760994175337,1,1
2026-05-22,Long Duration,0.4814946843575212,15.440954045881522,0.4100985710312333,55.16750131411785,0.015550615687530064,1.1824312178582572,0.43621294433980906,-0.34346775165674626,9.36997715717418,1,1
2026-05-23,Long Duration,,,,54.646443582632386,0.012440492550024052,,0.38024280495594737,-0.33019391507288737,9.36997715717418,1,1
2026-03-24,Macro,,,-0.020478139045751863,,0.0,,,,24.742257543721323,4,4
2026-03-25,Macro,,28.386114508324475,0.05187029739966953,100.0,0.004617108194807521,,,,26.46886188955574,4,4
2026-03-26,Macro,,29.477029882400284,0.2797598848429795,100.0,0.021801843477563913,,,,31.952130501137116,4,4
2026-03-27,Macro,,17.99717680101078,0.030046316908810117,54.593536659025816,0.015433663304219004,,,,30.87811144980617,4,4
2026-03-28,Macro,,16.114194250856126,-0.04118211363322537,48.33349642277209,0.005992130600354686,,,,29.02306865576706,4,4
2026-03-29,Macro,,15.727529339846372,-0.04666906014186072,47.910299856462295,-0.0006989685339805415,,,,27.275895502720648,4,4
2026-03-30,Macro,,16.477762982757262,-0.011534687171828636,50.6756900680353,-0.0027214399175536468,,,,26.983165894229806,4,4
2026-03-31,Macro,,22.11546859588501,0.3605084016798079,68.42571906439316,0.01979524529803962,,,,33.257444822413326,4,4
2026-04-01,Macro,,17.90920026887129,0.02867956665802952,51.79976085560891,0.011547657444820218,,,,33.67233116838742,4,4
2026-04-02,Macro,,17.770116130448187,0.017118582754951102,51.36493562409858,0.004862398025969692,,,,33.4638957871588,4,4
2026-04-03,Macro,,18.216104537468922,0.06721908202772414,53.07206214735188,0.0034308375632054987,,,,33.32257232614044,4,4
2026-04-04,Macro,,16.47064517469123,-0.06826584205101789,48.47110630126634,-0.006484209139646022,,,,30.053257753717197,4,4
2026-04-05,Macro,,16.612505920056726,-0.028787038832277578,49.74071935067051,-0.01001622238013692,,,,29.040684760334678,4,4
2026-04-06,Macro,,16.707236195484192,-0.009509021552588294,50.33822386848031,-0.010628657904919167,,,,29.019247256520185,4,4
2026-04-07,Macro,,17.671351719460922,0.0809778630681183,52.96297448482928,-0.004810445378776573,,,,30.943539075366765,4,4
2026-04-08,Macro,,14.174641093482725,-0.2447936383175302,42.45316759194445,-0.02182030131279606,,,,26.673705590309066,4,4
2026-04-09,Macro,,15.363169606825508,0.08817612550476814,45.37363933277342,-0.010157602062603166,,,,28.713516616223423,4,4
2026-04-10,Macro,,17.115956637934346,0.08601717165380669,51.53512030039989,-0.00249885927938395,,,,29.91213960881164,4,4
2026-04-11,Macro,,18.06733053306248,0.10475459192281977,54.121292714510176,0.003588050392056042,,,,31.539969817165655,4,4
2026-04-12,Macro,,17.586910725395125,0.03549521279473036,52.23967091897661,0.002746751603796134,-0.01994659905295699,,-0.2731137053636291,31.393284419977924,4,4
2026-04-13,Macro,0.16280095151062884,17.87461312576013,0.08646835652644548,52.648541649650234,0.005273786568660408,0.38046750471772406,-0.23212665619049097,0.025231263928925673,32.373102377995714,4,4
2026-04-14,Macro,-0.7951729885201526,13.546439126674375,-0.06091529010629654,37.03688849368479,-0.002891130463868335,-0.8021342131947483,-1.1532604180214536,-0.661315400366061,30.29729756104171,4,4
2026-04-15,Macro,0.27530138897410905,17.984251473669495,0.12480266563882633,53.2488027601356,0.003934818120717828,0.7156922300511962,-0.13130555269881916,-0.029443428712086273,32.337056702166535,4,4
2026-04-16,Macro,0.6562864554576772,19.027006802928856,0.18407133612818632,55.46644230757194,0.011720257125769037,1.1524801953997745,0.011219017701075834,0.8266643683353061,35.02742210338695,4,4
2026-04-17,Macro,0.4961462908604303,18.357014142983832,0.12326287432702124,51.82223342940601,0.0120092056630168,0.6284968064025835,-0.22404117141594024,1.05311366719336,36.53400581977165,4,4
2026-04-18,Macro,-0.07400613252025942,18.526843552475945,0.019547716867933933,52.915441782050806,0.004818775558469724,-0.24067068316262763,-0.14749107255130492,0.5426656567513922,35.87891630965644,4,4
2026-04-19,Macro,-0.12071891305147772,18.35425986983437,0.03570395373484654,52.17480395933027,0.0009562794288070532,-0.10002763669842953,-0.19453097094470426,0.23313785328589318,35.801809288072356,4,4
2026-04-20,Macro,0.8024652557219767,20.902486853694633,0.20681237064761662,56.61729362400292,0.009268652851123084,1.3271500693768787,0.1146371396611647,1.098391985320449,43.68123924957379,4,4
2026-04-21,Macro,-0.058758433460316076,19.001238225290464,0.0453284245289112,48.95487616432711,0.003529857544888538,-0.06354002993692519,-0.4238005744677535,0.6669574089188044,43.960202848959625,4,4
2026-04-22,Macro,0.8702026968283508,23.340997998345127,0.1766285936795218,63.944761995166445,0.007961652008882932,1.0498433521306278,0.647518902610672,1.1709109791594923,47.02326180245747,4,4
2026-04-23,Macro,0.8349714860043334,21.55134667527896,0.19448011720618708,54.44443264494179,0.011277679372391245,1.1593586826299582,-0.04812524797521947,1.5943265939539606,50.23966733050454,4,4
2026-04-24,Macro,0.0759319080469836,20.245753022582605,0.06665259894295207,49.2673768494198,0.0043979336726882486,0.04713117962110412,-0.4261761143966895,1.0756584359519115,50.17713650318571,4,4
2026-04-25,Macro,-0.19550959604789547,19.677332066129374,0.034819945265606625,47.380110356549416,-0.0023955332043542714,-0.23056652006619233,-0.5573534287207941,0.4549518086798954,49.492471962840284,4,4
2026-04-26,Macro,1.0218758918603046,23.051808508752465,0.2631759463009772,57.62094149825638,0.007831294572880145,1.708596562863354,0.22245505579033623,1.4098587756466752,53.85305355534992,4,4
2026-04-27,Macro,-0.14116170040874423,20.56147045063311,0.03453433854442074,48.446440009764544,-0.000992362777400127,-0.2732889460625318,-0.4811823313706666,0.6481109642285799,53.10871948277203,4,4
2026-04-28,Macro,-0.6069144255392858,20.616611720149706,-0.04944127750699458,50.3567692508458,-0.012059437017683229,-0.984767086074662,-0.3259375539748784,-0.5143668714947888,50.740950892539345,4,4
2026-04-29,Macro,0.8023697510282936,22.473325540654503,0.2743733695686589,54.28289399166635,0.002099220633432746,1.7592142654301466,-0.013141901512035379,0.7056904019852445,55.47865288643889,4,4
2026-04-30,Macro,0.6701503387626324,22.14448296185864,0.20920188453761923,50.71717823386309,0.006497687343325325,1.1652872220276522,-0.2968459218254999,1.1766934550245578,58.73756287322353,4,4
2026-05-01,Macro,-0.09556590420641603,21.579859575589804,0.06501694253955442,48.41328049446684,-0.0005091832130703806,-0.056919385692705625,-0.47759909302427067,0.5664924055737186,58.92851584679524,4,4
2026-05-02,Macro,0.6660512472481095,23.666929618765295,0.19792961852535712,54.78333780118527,0.0033874966837058457,1.0563376215351206,0.048553627336153135,0.9461487941870591,61.743816483610736,4,4
2026-05-03,Macro,0.13979612709041045,23.059990205015893,0.11867707451661574,52.15211207910039,0.0003664308949332881,0.3712837083868303,-0.16977787119784946,0.6845937127213106,62.17191760665507,4,4
2026-05-04,Macro,0.9202161602625275,23.84400559042828,0.27652394614001935,51.8206663881441,0.008298121018231366,1.6596806242406195,-0.1954432491952573,1.4806886530054815,67.0204891549478,4,4
2026-05-05,Macro,-0.266953521536094,22.913200030895187,0.018252518978740213,49.32688515973891,-0.0038956167422444024,-0.5208766762324574,-0.4040583564107388,0.3665633385237266,65.66858960467184,4,4
2026-05-06,Macro,0.05013605322530884,23.187518231054337,0.1461038415035268,49.23984232737424,-0.0034140361929647298,0.5633788949745245,-0.40609546433295024,0.33073377466434084,67.25555193254665,4,4
2026-05-07,Macro,-0.27696758351299633,22.60984625022499,0.08231695832417354,47.26927671432621,-0.007235178244194722,0.013659893526670273,-0.5701751313182996,-0.15183510032077868,67.06989027565012,4,4
2026-05-08,Macro,-0.2284132127759985,23.469599587507787,0.09805136582380902,50.80856592138233,-0.008461519453728979,0.1491407908464156,-0.2544289418900675,-0.4368561698004387,67.19742503070175,4,4
2026-05-09,Macro,-0.5898977877959793,22.881445249317498,0.03201039897672052,49.928902535090984,-0.013196630766896117,-0.42738423297696465,-0.3290350908258617,-1.1144812731837417,65.34852969084005,4,4
2026-05-10,Macro,-0.09494098211994975,22.192891939836166,0.14508726956876347,46.82653252714384,-0.00842178912105157,0.5700153795151504,-0.6001329959921364,-0.8647171456520757,65.79438671939708,4,4
2026-05-11,Macro,0.09234287265658998,24.163335324883533,0.1439229526538884,53.349140298392925,-0.005208009025517825,0.5521704949107421,-0.007494522317821515,-0.6865032920843708,66.71621519812783,4,4
2026-05-12,Macro,0.4203153382135043,25.545630831181555,0.190374531982301,57.51509401840327,-9.053836518675695e-05,0.952500120444629,0.370752830652286,-0.2345295567594374,69.259903777985,4,4
2026-05-13,Macro,-1.6231564404501362,19.45846486709607,-0.14992927322480112,36.83965705080239,-0.01872975636240001,-2.010703046652163,-1.4939555269250928,-2.1764979160577305,65.48935777051204,4,4
2026-05-14,Macro,1.2144070528479234,25.83220855965847,0.4726299958013696,56.07134487375671,0.010208252917891583,3.0605532026961284,0.2615474871867549,0.5108208519656784,74.42742572837702,4,4
2026-05-15,Macro,-0.7147477460512582,23.183694020847724,-0.03307918639063168,48.06207828884546,-0.004576955121838677,-0.9441145124255056,-0.4720306232575939,-0.8476511673087566,72.02830598665,4,4
2026-05-16,Macro,-0.08757761236677461,23.399806535201726,0.13200383843672708,48.713960732886896,-0.0031731403158214364,0.36613731308642894,-0.4069204911922674,-0.7829989458693705,72.24228606527228,4,4
2026-05-17,Macro,-1.363121165862933,21.788426722218194,-0.12607415164175007,45.536925919965014,-0.018693865076768117,-1.6461737134669003,-0.6950943491892924,-2.373904181690104,68.39776991753222,4,4
2026-05-18,Macro,-0.43020345454947906,21.190124838579067,0.12063155805955206,47.24651219827777,-0.011752217763646919,0.29785202397187815,-0.5278560426666671,-1.9519816414463866,62.6905261662421,4,4
2026-05-19,Macro,-1.1194690654402206,21.181057275718786,-0.041040563638634724,48.91572115769934,-0.017130416898970522,-0.9717094637258121,-0.3658337923036945,-2.542126791642187,61.19571705602425,4,4
2026-05-20,Macro,-1.0737079947368542,20.615895895562538,0.0023633680617536536,47.28768024672901,-0.01682200470928172,-0.6187337506271718,-0.5157105050123589,-2.635082137587399,60.72586332123353,4,4
2026-05-21,Macro,-0.14428710403534378,22.29311830847805,0.1740745315332055,51.6636646764756,-0.004738893651639372,0.7456507963881326,-0.0937921640950381,-1.7824965627699891,64.47018415515207,4,4
2026-05-22,Macro,0.20477206298001516,22.960738115171424,0.22253843358170297,52.23061217900727,0.006236402495849994,1.1135962020301196,-0.03842885933346515,-0.8838120898911983,67.8886654915138,4,4
2026-05-23,Macro,,,,53.49671914560476,0.0049891219966799955,,0.08484639100386246,-0.8863054044639358,67.8886654915138,4,4
2026-03-24,Macro Hedge,,,0.07913513124266726,,0.0,,,,71.3561153170979,1,1
2026-03-25,Macro Hedge,,11.175977149444345,0.034946310005311745,0.0,-0.0028200273382243957,,,,68.16566500762812,1,1
2026-03-26,Macro Hedge,,27.202067277735463,0.11574798447523905,64.64625491137983,0.0007232661620915959,,,,67.78130258923645,1,1
2026-03-27,Macro Hedge,,27.762942564279335,0.12521126116889011,67.13456197749005,0.003514922229230404,,,,68.55120012817731,1,1
2026-03-28,Macro Hedge,,25.41121324517085,0.10198948345722422,57.24727207174357,0.0035952282582016448,,,,69.26335444311749,1,1
2026-03-29,Macro Hedge,,32.402036363729955,0.2772555603905964,79.75302771626286,0.014630739763276456,,,,77.02926985431816,1,1
2026-03-30,Macro Hedge,,20.32947521791686,-0.07884008759941882,38.53652592061617,-0.0019893482673897277,,,,68.84208172878039,1,1
2026-03-31,Macro Hedge,,13.291165319642262,-0.41583334827431373,25.87944694189615,-0.0338485739722045,,,,48.96017974360332,1,1
2026-04-01,Macro Hedge,,20.317115537842533,0.1282338726507647,51.56355682952171,-0.01728491331897633,,,,54.150029771173116,1,1
2026-04-02,Macro Hedge,,20.847714379752833,0.14474087290110424,52.06748849622724,-0.004867285058081275,,,,58.92158644730834,1,1
2026-04-03,Macro Hedge,,18.491969976590003,-0.06036513749116429,46.10706506648619,-0.009830993254911897,,,,54.13376910787364,1,1
2026-04-04,Macro Hedge,,18.67368487110376,0.0024156384522500225,47.93152217191766,-0.008310464931385653,,,,52.37733723160203,1,1
2026-04-05,Macro Hedge,,17.09724656950663,-0.09619443503543734,45.51150936597254,-0.013086097126337869,,,,46.7192076120518,1,1
2026-04-06,Macro Hedge,,16.99147014017253,-0.02560815168045969,47.41206924941883,-0.010730152143801124,,,,44.70211351686081,1,1
2026-04-07,Macro Hedge,,16.215649100657267,-0.039896828426200986,47.07965339191573,-0.009419840760045484,,,,42.71747080272118,1,1
2026-04-08,Macro Hedge,,15.477899699446603,-0.06843715571919456,47.44394921376971,-0.009721638267581472,,,,39.45100570625658,1,1
2026-04-09,Macro Hedge,,15.769454361754558,0.048883674597491836,48.376171174322984,-0.0016873777719111846,,,,41.262074810161515,1,1
2026-04-10,Macro Hedge,,15.312831635580517,0.018208270661108607,47.42788613971536,0.0017096651241403395,,,,40.99947553060413,1,1
2026-04-11,Macro Hedge,,11.68865455461611,-0.29221879321166444,41.67375991703298,-0.015834882794275147,,,,28.08191869578683,1,1
2026-04-12,Macro Hedge,,13.338072304857533,0.0611963741613062,45.755912238999834,-0.0031845486937271544,0.3771848962085655,,-0.8592450704094309,30.872646858407666,1,1
2026-04-13,Macro Hedge,-0.6070804894776084,13.025225205686874,-0.13104674122408033,48.90394054525009,-0.007087177550758453,-0.8338610586826294,0.0878080882485821,-1.1132270064419723,25.089787461971458,1,1
2026-04-14,Macro Hedge,0.6207565411112179,17.589987124556504,0.1597597333993349,62.323357569198656,0.009682948801725044,1.014774467398344,0.8995670169693333,-0.04194655882364038,32.53899531023758,1,1
2026-04-15,Macro Hedge,-0.7539125983167887,11.050960814224009,-0.19685699705928564,42.43243988649165,-0.0028078659616644595,-1.234687259623577,-0.3605499913799208,-0.7681985778374194,24.482808770156687,1,1
2026-04-16,Macro Hedge,0.058940605316699146,12.528911800425707,0.02174937046587467,47.3831854688813,0.003731711393921335,0.16625894591108373,-0.03706112087451962,-0.32967619503361073,25.947022432286634,1,1
2026-04-17,Macro Hedge,0.9683717968642076,16.70042496007728,0.249688035248013,56.53333321967971,0.022443414482478528,1.543843307361821,0.5578475212542456,1.0532986746847295,36.677809771950294,1,1
2026-04-18,Macro Hedge,1.436239177070277,19.33419578271434,0.36018029708834365,57.39009896144417,0.04025716363069891,2.0099275562208496,0.5992316059398716,2.3226608188538576,49.9329724226575,1,1
2026-04-19,Macro Hedge,0.590215680916039,18.484958611124696,0.07862997566820207,53.35747828683468,0.03146327047937372,0.3386609438172872,0.3157511843365976,2.0390896369594067,50.240476905187066,1,1
2026-04-20,Macro Hedge,0.23139324084957377,17.33620280052654,-0.016834149951234993,50.16690857610308,0.01825708814752615,-0.23117248455328956,0.09100482053027287,1.515431888449956,47.38119477371078,1,1
2026-04-21,Macro Hedge,0.22834424839839415,17.46717764467342,0.011904897235333929,50.98004052445191,0.010862403067893918,-0.054285069948011216,0.1463263848021549,1.2340643264540987,45.672930874347024,1,1
2026-04-22,Macro Hedge,0.15821279820074732,17.530739164480494,0.003566734926076612,51.37274011309838,0.0051069549848194815,-0.1045262002770727,0.1718171039961512,0.9882570128740733,44.20352406665095,1,1
2026-04-23,Macro Hedge,0.8378137118153262,19.128678144161807,0.18965324583540982,52.615174290670225,0.0130767476427133,1.039172788833649,0.25905423382589793,1.4406976750075995,50.08071702471578,1,1
2026-04-24,Macro Hedge,0.11740743276342891,18.042052050575087,-0.005939191740967331,49.57729714446346,0.004843802220589123,-0.19597943211643296,0.030347878332032386,1.0772659692081936,47.431658385908186,1,1
2026-04-25,Macro Hedge,-0.007508452661759091,18.562968696139926,-0.05905573473845919,54.485619978416324,-0.004031682190270999,-0.5272771763495124,0.39815302963552934,0.6084991333202204,42.89690041151766,1,1
2026-04-26,Macro Hedge,-0.2219097051088003,16.195428802455254,-0.05535559159416395,47.40913979921244,-0.009209532837694734,-0.4940857439111636,-0.1477638057038465,0.25601997150478073,39.04084021232787,1,1
2026-04-27,Macro Hedge,-0.0053753232046879484,17.691712094636912,0.003754057013283348,53.18503708072551,-0.008241251210151625,-0.10361092194780883,0.3018370376636739,0.2014315883249428,38.13022353192501,1,1
2026-04-28,Macro Hedge,-0.2620470799162486,15.351201469893889,-0.0254417525910255,45.00682623407731,-0.00908811643283446,-0.2941703036412279,-0.3451342321614317,0.05119783459826753,35.4126441785594,1,1
2026-04-29,Macro Hedge,0.23244135162926158,18.183114044766562,0.004863992374911907,56.599799289929784,-0.007210322599769597,-0.08788564483594542,0.5810696253579894,0.054128469688942374,34.07801910203419,1,1
2026-04-30,Macro Hedge,0.7274795416520113,18.987800352886683,0.18005690997545093,55.33085795512481,0.005539592346773876,1.0820513884926684,0.4697097253312195,0.7360928498723286,40.315443175571595,1,1
2026-05-01,Macro Hedge,-0.6022096121045872,13.429526368500456,-0.12248819491255517,38.06690516260337,-0.006065179794067088,-0.9636842879601266,-0.9309744947165949,0.08380561868614082,33.23208178508931,1,1
2026-05-02,Macro Hedge,-0.39761718450283945,13.207753553556858,-0.015280910900831224,37.93616606041505,-0.006163392666087232,-0.22657973608469903,-0.9192736606052911,0.0013562303109887338,31.612770777642822,1,1
2026-05-03,Macro Hedge,-0.207167157480395,15.232389487822616,-0.007570443286870916,46.63884607255515,-0.005379975387655203,-0.17099062172256171,-0.19632543526818755,-0.02692981795892559,30.420725634783242,1,1
2026-05-04,Macro Hedge,,,,50.39026777233163,-0.004303980310124161,,0.1166857564809163,-0.026614975669432994,29.84165294280922,1,1
2026-05-05,Macro Hedge,0.05705896976495424,15.606260351875859,-0.0022226482253717736,49.15916900516814,-0.003431888435897143,-0.13187008424899382,0.01205608207744038,-0.025581749824931947,28.36804571888964,1,1
2026-05-06,Macro Hedge,-0.1488932993266803,15.523233894077194,-0.006358036734532849,49.338218511669304,-0.0028392942598882455,-0.15935774828946692,0.027127805386999305,-0.031424812990774965,27.42472710385606,1,1
2026-05-07,Macro Hedge,-0.005766404277217002,13.706472003963,0.02723968694924631,41.62373624409373,-0.00010871804535615183,0.08121592135789935,-0.6335527345190685,0.11194665309944399,28.107924043029584,1,1
2026-05-08,Macro Hedge,0.11838861922034732,15.694577571015747,-0.00011229876772988505,50.02875155274458,-7.065769980674295e-05,-0.11639498788466686,0.1013939024257895,0.11182640154896095,27.73532050556063,1,1
2026-05-09,Macro Hedge,-0.29529337339278217,15.04430875946855,-0.06236220917612469,49.48627284654015,-0.003949152307141185,-0.5660548512263689,0.05277062088029066,-0.15273197990612886,24.377705606782193,1,1
2026-05-10,Macro Hedge,-0.40912887844114654,14.249085753668208,-0.07588070103008958,48.48185173448599,-0.006960224382836172,-0.6561149299984816,-0.03681169096743597,-0.41046545553041064,20.792047838813904,1,1
2026-05-11,Macro Hedge,1.369181296654194,20.316191475871836,0.3270961246502719,63.29421216720517,0.017325854468615988,2.1993517115243693,1.268516556985854,1.157539558814237,34.230510864386005,1,1
2026-05-12,Macro Hedge,0.8175681042247969,18.873411086683515,0.12359617550441868,55.24304873074708,0.018704722247200777,0.7364433656846318,0.5373588729878873,1.446759485753588,37.73964374947131,1,1
2026-05-13,Macro Hedge,1.8375304632005578,23.19957701936677,0.41132315701221833,62.321317149586704,0.036959834657373264,2.572385009786398,1.1508477813030973,2.70141403132565,52.731346613086224,1,1
2026-05-14,Macro Hedge,-0.08400608575952044,16.96061572128595,-0.09468764759293374,42.84942734093988,0.014096956964828072,-0.8152120427312771,-0.5987950079400957,1.6487605715600817,45.36401516963794,1,1
2026-05-15,Macro Hedge,1.7985744998874198,24.339198435199513,0.41850749416058963,62.346777545292944,0.031671842120737065,2.4572659361971954,1.146103338385035,2.6892783994535723,59.12084775688603,1,1
2026-05-16,Macro Hedge,0.29608264698347453,20.428127460994205,-0.01086032493395587,49.98139136889696,0.013446676402280987,-0.2819889441841944,0.026265694503590394,1.9023970250984954,54.47938311775274,1,1
2026-05-17,Macro Hedge,1.4312357411765504,23.851131742984833,0.34175734236235944,56.06399558492144,0.023611964845912454,1.9021897764121825,0.5752153715966043,2.460672549552934,64.88885389496997,1,1
2026-05-18,Macro Hedge,0.46122218306236884,22.08813943320539,0.06525262109542888,51.08385182540799,0.010836021188697788,0.16557255447115105,0.1159489577187329,1.9342794845093776,62.364543327670596,1,1
2026-05-19,Macro Hedge,0.583800950511143,22.48554276703106,0.13952614170252928,52.223840478775756,0.006711844204229385,0.6279920495055299,0.21975487466517807,1.7628369543461226,62.92088826694591,1,1
2026-05-20,Macro Hedge,0.17617022206585656,21.332273883897138,0.01827062292632766,50.372693152017995,-0.0042668810224924456,-0.14280636185924855,0.045952095457347936,1.2349146052301145,58.85246011037945,1,1
2026-05-21,Macro Hedge,1.3528941907271461,24.496428979532322,0.389804884387806,54.97744199941934,0.012492036238016355,2.1325313775773176,0.47612461157271846,1.9684617277150787,70.37010657498413,1,1
2026-05-22,Macro Hedge,-0.34851940395440895,20.480219304295712,-0.1684913245682547,47.982531713589985,-0.013610239939497379,-1.3046294609237385,-0.18790270321706617,0.7711823749728719,57.98904650061861,1,1
2026-05-23,Macro Hedge,,,,48.70913586596121,-0.010888191951597903,,-0.11718713743015544,0.7551035892334199,57.98904650061861,1,1
2026-03-24,Manufacturing,,,0.10736623506440804,,0.0,,,,9.321346291183378,2,2
2026-03-25,Manufacturing,,26.90621710290118,0.13111981826124214,100.0,0.0015158981869204835,,,,9.835601430346603,2,2
2026-03-26,Manufacturing,,26.962252633495545,0.1432759575161562,100.0,0.0031588892844808835,,,,10.140397399785497,2,2
2026-03-27,Manufacturing,,27.045891505451877,0.15536807988172602,100.0,0.004784126292003645,,,,10.801146283917138,2,2
2026-03-28,Manufacturing,,27.285687090350237,0.16103495713407523,100.0,0.005892089646203182,,,,12.058671350566488,2,2
2026-03-29,Manufacturing,,28.086996046089418,0.2606412190098256,100.0,0.01259931742888946,,,,16.33998927697023,2,2
2026-03-30,Manufacturing,,18.249045638277458,0.161462786493896,60.714165050281785,0.009749760524250702,,,,16.177982550401936,2,2
2026-03-31,Manufacturing,,20.145490024059985,0.21199537958034584,67.2663326389386,0.0105915608301753,,,,17.762120779528907,2,2
2026-04-01,Manufacturing,,18.475879058741135,0.175841866905874,60.09549571114093,0.00814665869446499,,,,18.357553675048415,2,2
2026-04-02,Manufacturing,,19.354644620771438,0.19809094999235582,62.55223789505448,0.007478430291595631,,,,19.60347902534388,2,2
2026-04-03,Manufacturing,,23.37420836816949,0.3456123956841286,73.40749216402051,0.015936360868677966,,,,26.435363917461252,2,2
2026-04-04,Manufacturing,,21.07343287606212,0.25931537202714616,62.764392715776495,0.014712941733122133,,,,28.375345950669008,2,2
2026-04-05,Manufacturing,,21.754098013730513,0.26309560993284664,62.99938843462613,0.013200560434977797,,,,31.38567470485956,2,2
2026-04-06,Manufacturing,,21.62309812500214,0.2424306123258206,60.8984002031968,0.00999622020886574,,,,33.286824908853404,2,2
2026-04-07,Manufacturing,,19.069021027832346,0.13835040842401777,52.14058182803473,0.000553222714484311,,,,31.271108051623646,2,2
2026-04-08,Manufacturing,,19.607522537803938,0.1840846938875253,53.55128985686544,-0.0027454769494448805,,,,32.472924364305,2,2
2026-04-09,Manufacturing,,17.662780807382,0.10576991550615131,47.69015012914103,-0.009930390436878336,,,,30.70797082233786,2,2
2026-04-10,Manufacturing,,20.672875365394667,0.29524982884107587,57.07002198378908,-0.002061797446270698,,,,35.23183441346222,2,2
2026-04-11,Manufacturing,,19.71312352280584,0.23284393880334195,53.432556104939025,-0.001240507143551027,,,,35.52711391193132,2,2
2026-04-12,Manufacturing,,20.166772910575556,0.31429140670771505,52.60985147160627,0.004303829571455392,1.5779264269505564,,0.7439199300144529,39.384126822577755,2,2
2026-04-13,Manufacturing,-0.1907321259243985,19.9095077878483,0.2083430576099176,52.26560157942265,0.0005488644364366677,0.05583122533300673,-0.8662439349774808,0.4377650604906425,39.20108953285571,2,2
2026-04-14,Manufacturing,0.696967239506678,21.994768793721562,0.3354669630082885,55.555771321627624,0.006034994345987282,1.7377993451476046,-0.6716420712157984,0.9713538636669665,46.15418947934535,2,2
2026-04-15,Manufacturing,0.5757828538195942,22.780578850406634,0.30156033191819,55.668334345488,0.0067353239895863795,1.196795684243758,-0.6443788244828662,1.110401754412335,50.7210642120413,2,2
2026-04-16,Manufacturing,0.10027558118133553,22.454144145703296,0.25690972567844117,52.599481923743,0.003698287745734243,0.5673390059565158,-0.7794996604748385,0.9006401637753292,53.70777534538494,2,2
2026-04-17,Manufacturing,-0.16647936783872466,20.668309777946064,0.23541645020687046,44.51940097636548,-5.26329691771521e-05,0.2620133709461644,-1.1530195572677837,0.57419167236037,55.47157588239621,2,2
2026-04-18,Manufacturing,0.6885342284594587,23.982431432707433,0.3436043709189682,54.10277861843032,0.0042216977643754205,1.6627118488929935,-0.6245876910257031,0.9813384841220871,60.432094843815534,2,2
2026-04-19,Manufacturing,1.2246634484261336,26.4712246244982,0.4452719479377767,58.0959647411056,0.012876297945858248,2.5707641304101094,-0.4001228178691954,1.8091101852144191,68.51156388476437,2,2
2026-04-20,Manufacturing,-0.507067507817771,22.59841010550478,0.14342417039101688,46.47986753109265,-0.0019580772157359455,-0.9985856670227892,-0.9986584599581364,0.5748207869006107,64.35738456799439,2,2
2026-04-21,Manufacturing,-0.313910360407626,24.168783801244736,0.21124379311718536,52.660288135375474,-0.007141471877664729,-0.18540644953562904,-0.6430069774321248,0.012640780296913684,64.60564147280482,2,2
2026-04-22,Manufacturing,-0.34175229463107826,23.90067965538202,0.22971577267876453,51.69914524095371,-0.009137071262325127,0.03845466199678636,-0.6787761067469604,-0.33266671929339936,65.33031616395334,2,2
2026-04-23,Manufacturing,-0.666854696476301,24.041338963278754,0.17774818201843118,52.73386716080236,-0.01350447328597175,-0.5912004190915785,-0.6067452585369992,-0.9481356163202552,65.35540045006145,2,2
2026-04-24,Manufacturing,-0.09566898733612286,23.683900314829206,0.27798292691535575,49.29647665142553,-0.009385551914263747,0.6474422776926746,-0.7804162461495106,-0.7798994497834473,68.68377954959234,2,2
2026-04-25,Manufacturing,-1.2889991930138613,21.35662175329275,0.09070119536029624,44.74343294762052,-0.018490726375189455,-1.6180143554740603,-1.006529653379894,-1.802358749684789,63.14324683790562,2,2
2026-04-26,Manufacturing,-0.9374600401905291,21.592236398277088,0.18768405943903246,45.371132817467576,-0.01722395311475112,-0.4206827864145759,-0.9426494343798992,-1.9011556966774266,63.97153198394434,2,2
2026-04-27,Manufacturing,-1.106441305517217,22.004933813513816,0.14649639114130242,47.626437974698106,-0.018301114019648963,-0.9079210454478847,-0.794457055349322,-2.139541936418161,63.80644395901643,2,2
2026-04-28,Manufacturing,-0.43884638378663166,22.043024458799685,0.24854588597725352,46.598665150234176,-0.011608167831423405,0.3574639297476561,-0.8325685028564952,-1.7532901096793665,65.49879950662148,2,2
2026-04-29,Manufacturing,-0.8875703547965019,21.817387151936487,0.18650250993844197,45.59464602014212,-0.01084149065375548,-0.4184008110202678,-0.8684765893762767,-1.778946378391101,65.73134970275598,2,2
2026-04-30,Manufacturing,-1.0606930887988495,21.64164323565189,0.14848961323989812,45.82758376240924,-0.012271195563400287,-0.8821073709271027,-0.8352717185744346,-1.9471727899882427,64.76801607215572,2,2
2026-05-01,Manufacturing,-0.297235986320032,22.98237786579994,0.2516356476147541,50.587268534489354,-0.00596620097554215,0.43108061203295833,-0.5497680930376185,-1.5583979644196486,65.89175757218786,2,2
2026-05-02,Manufacturing,-0.4924553422432849,21.765595475084098,0.21380834907877305,45.04799713140818,-0.004126755411582183,-0.057475327253518095,-0.8544771957936625,-1.446696883159681,67.3270111503701,2,2
2026-05-03,Manufacturing,0.39313323009661505,23.40294967671442,0.38162361687713964,47.68835367963534,0.007950377635523607,2.003953887370504,-0.6865363456213835,-0.5513012898191557,73.17679474006971,2,2
2026-05-04,Manufacturing,0.2160790068077677,26.325678017067844,0.28800936542781763,56.18702547909192,0.009109249899064448,0.810952949257389,-0.1817272315011023,-0.3284747542720165,77.29110513698419,2,2
2026-05-05,Manufacturing,-0.4425173391313614,24.505716007144215,0.20735961987522084,49.83559541410427,0.004170620482075216,-0.20435339391110546,-0.55322233337608,-0.5700645607374506,75.94779000528915,2,2
2026-05-06,Manufacturing,-0.648667495781979,23.649056163299804,0.18079815484882322,47.94355685626337,-0.0008886317299077497,-0.5355376593937127,-0.6563513827434865,-0.8935608450541906,73.70129555680145,2,2
2026-05-07,Manufacturing,0.0904721845050429,25.659882238577673,0.28017195141080153,54.14074114825932,0.0022806459463298144,0.7310034776211433,-0.27631301180265144,-0.6404981989876769,76.2938083125721,2,2
2026-05-08,Manufacturing,-0.34142006296719707,24.202618768801837,0.24254599481541897,48.490981870395956,0.0016930657270796089,0.24132745226299726,-0.613939856926343,-0.64126761214305,76.34834987140609,2,2
2026-05-09,Manufacturing,-0.529908083238154,25.416926042200934,0.18773098859845533,54.65725814259843,-0.0023192621419659857,-0.4694323591100733,-0.22974397262202167,-0.9247326720366916,74.9940273922906,2,2
2026-05-10,Manufacturing,0.08067943958907106,25.89628487430887,0.2777432104692119,54.35180004066929,0.000979998788743306,0.7066463057184762,-0.24607912538829926,-0.6805963873687461,78.1756042112274,2,2
2026-05-11,Manufacturing,-0.8107077955384909,24.14306377758048,0.148908175559662,50.107440459142964,-0.005279485055729281,-0.9815000569924781,-0.5075885667887329,-1.1544108049308952,74.80781281841392,2,2
2026-05-12,Manufacturing,-0.5918081125049438,23.693339812281977,0.21209524885854242,48.317951839159676,-0.004935637093615818,-0.14201766755035078,-0.612866414680936,-1.183588809753902,75.25286774061354,2,2
2026-05-13,Manufacturing,-0.5794519670665026,24.207597252231388,0.20666555174251583,50.98173770487228,-0.004838686432565011,-0.21259042353757182,-0.43686354275665107,-1.2253907288854367,75.28722482602275,2,2
2026-05-14,Manufacturing,-0.07746396391684035,25.489576358010005,0.25249520387123237,55.02577215084319,-0.0016192882677216337,0.4028453010900925,-0.17368035707663093,-1.0207156903380066,77.61738929922889,2,2
2026-05-15,Manufacturing,-0.6541600036521703,23.42868734099049,0.19774190139489428,47.2679651428779,-0.003026845168228121,-0.340387197666845,-0.6706599175737588,-1.1366497525576833,77.52848686131506,2,2
2026-05-16,Manufacturing,-1.205448579463773,21.977219043066288,0.1025521924867972,44.670068496554386,-0.00983435960532852,-1.5944154174519025,-0.8277416734952827,-1.6770477016821537,73.63738543038126,2,2
2026-05-17,Manufacturing,0.05373815960850158,23.4541662076876,0.3152725872985435,46.952452979781974,2.9163239549522164e-06,1.2562493556469994,-0.6684204758248824,-1.0280613145216193,78.76577713803621,2,2
2026-05-18,Manufacturing,-0.9070116099255344,22.00616733167322,0.15463716722048168,44.229401786619626,-0.004069564393728064,-0.8924342366543045,-0.8354550995735402,-1.3196343074169863,75.74597118932428,2,2
2026-05-19,Manufacturing,-0.9503891161107838,22.030133170767392,0.14531348357483875,47.1388651474637,-0.006981288044533853,-1.0001891866066237,-0.6343678105575546,-1.5650988116928566,72.7061229484663,2,2
2026-05-20,Manufacturing,-0.09063180864451689,23.797515044717322,0.2595670815744348,53.36049340210727,-0.0011105091050923402,0.5349597376711392,-0.21729656210779827,-1.1894196183409038,74.70169060849487,2,2
2026-05-21,Manufacturing,0.439304335412285,24.410144009036294,0.35028402323363084,53.013427442764275,0.008457693032718944,1.7062488146152386,-0.23848281385074277,-0.4564714721967999,79.71268508809865,2,2
2026-05-22,Manufacturing,-0.5299188511966872,22.56280172665409,0.1921607307195694,48.037689598997744,0.003942108231494581,-0.3989546090823965,-0.5696617097792246,-0.6698561410113083,77.72423036681603,2,2
2026-05-23,Manufacturing,,,,50.180215866588625,0.0031536865851956647,,-0.4193104050325113,-0.6739179989284451,77.72423036681603,2,2
2026-03-24,Media,,,0.09589753094543833,,0.0,,,,40.24138323019183,6,6
2026-03-25,Media,,30.98729963956518,0.147144280689582,100.0,0.0032704478469197107,,,,41.41401455297303,6,6
2026-03-26,Media,,19.053242065465316,0.10146802553411116,52.87366997878487,0.0022264530098226373,,,,40.24576528476446,6,6
2026-03-27,Media,,20.495833530374068,0.11604017289527506,59.03296759608197,0.0023728147780921072,,,,39.55932263801457,6,6
2026-03-28,Media,,13.234495112648542,0.019529226139629097,31.64277269586718,-0.003836875201201183,,,,37.60249192044826,6,6
2026-03-29,Media,,15.582433086354756,0.05367642607142353,41.282153689955884,-0.0053578503738995744,,,,37.31676001143449,6,6
2026-03-30,Media,,20.98155883174589,0.18478160337807648,61.90650421719366,0.002339545319853554,,,,38.54828099581569,6,6
2026-03-31,Media,,19.157902788163394,0.13383666518074613,54.471809153669916,0.0037879817153421997,,,,39.18518299658353,6,6
2026-04-01,Media,,18.9583226211905,0.1255751066545183,53.43121149265424,0.003959082053751751,,,,39.549643441465506,6,6
2026-04-02,Media,,19.991015813532616,0.1606724707710132,56.92687741147381,0.0060786451350953695,,,,40.38855592669468,6,6
2026-04-03,Media,,21.97145246161758,0.2238291508086073,62.052669655063895,0.01108518144513789,,,,43.9446068366429,6,6
2026-04-04,Media,,19.38461072526311,0.11393586264121432,51.407897689955476,0.006569855673303385,,,,44.44416203147419,6,6
2026-04-05,Media,,19.648780031526265,0.12639095760615351,52.33463090091074,0.004116126009202225,,,,44.29998903607899,6,6
2026-04-06,Media,,19.199388987770412,0.11419502051425622,51.37520651908447,0.0015006406489195528,,,,43.25713707716686,6,6
2026-04-07,Media,,17.337497343210458,0.03902055405014391,46.15923332103023,-0.005101684862324585,,,,40.60513438095865,6,6
2026-04-08,Media,,19.95035376265488,0.22516992153373905,54.45687408705945,0.0028319246250462973,,,,43.724181504862365,6,6
2026-04-09,Media,,18.59054005877867,0.08720343855897295,49.2629115776622,-0.0012302872688923563,,,,43.88206283298373,6,6
2026-04-10,Media,,18.358281181645502,0.09300100086152484,48.79861154916587,-0.003420810162866878,,,,43.170419086199566,6,6
2026-04-11,Media,,20.015108304085125,0.11627539490376146,55.46206172606324,-0.003200236531654861,,,,43.2179740953644,6,6
2026-04-12,Media,,19.76971810550385,0.1240974624376024,54.09760834412482,-0.002458834535303273,0.07622954876468131,,-0.3428996990546734,43.75176910124807,6,6
2026-04-13,Media,-0.43790692494364236,17.52719101391579,0.112389436260448,45.107957945357505,-0.0026706137010605365,-0.1428895410674321,-0.6987719675973014,-0.4810365098599407,43.509732697703335,6,6
2026-04-14,Media,-0.5103673225913375,18.32683057727561,0.10135947244117059,47.68014170589258,-0.0034193673147856866,-0.3489793477136256,-0.48455052770396034,-0.7375021072280705,44.21469362803798,6,6
2026-04-15,Media,-0.40168805699158006,18.892327991113696,0.11452215103040835,49.21597273850628,-0.002913723858020298,-0.08505226015541564,-0.35386239564152816,-0.7507380051351975,45.00559589927914,6,6
2026-04-16,Media,-0.6225961530448852,17.994373749645945,0.09856315292281415,45.471398468402604,-0.0035001916919078593,-0.40052109184931617,-0.6368040738468526,-0.9723706218107632,45.20506438021545,6,6
2026-04-17,Media,0.3162484091081398,18.788774245382662,0.17783445587083482,46.723369394098974,0.0013449228707834533,1.1832744790968426,-0.5201648697223796,-0.036843406873427215,47.59242475931053,6,6
2026-04-18,Media,1.6890469876024035,23.5209750510647,0.2945335450993516,62.74209763680983,0.011725947671880229,2.8565955486882624,0.7880673041216714,2.134880983174402,51.42378969012943,6,6
2026-04-19,Media,1.0614099641348662,21.922651489369162,0.2013666436452819,54.74904028196274,0.011612700241300563,1.2087243060794157,0.11470375697872172,2.2793509612135456,53.77434283501052,6,6
2026-04-20,Media,0.457744649278923,21.56043642997099,0.15405294287018037,52.41711121741613,0.007827559354224363,0.4021895560820845,-0.08354410981323009,1.8326265400498287,54.91386018511821,6,6
2026-04-21,Media,0.88750934946994,23.506205180681924,0.17766540417382778,58.96874960109843,0.00644787150126081,0.7842418366498424,0.4782117709227868,1.7306425109682215,56.25546616239799,6,6
2026-04-22,Media,0.2583992715765875,20.285469609879762,0.16546168784657186,45.015901911164285,0.004347799739083816,0.5612145851040977,-0.7381858758998668,1.4987307088122621,57.556671300232175,6,6
2026-04-23,Media,-0.11727705408739238,21.681823422962246,0.10422213035181431,51.62933003706047,-0.0012329678109741227,-0.497824187586141,-0.14487136610620693,0.6755077786611272,55.91867779892253,6,6
2026-04-24,Media,-0.47370069187693964,20.916529658386125,0.08581972613683153,49.328683760688634,-0.005966237761878214,-0.8019303467862516,-0.3476916898096332,-0.182304729798074,54.6166837525504,6,6
2026-04-25,Media,0.36996969499873256,22.42851307573535,0.17184035050809868,54.64891960045217,-0.0032425548083607116,0.7108922566910592,0.14088659852491345,0.08515625574017469,55.66434482585073,6,6
2026-04-26,Media,-0.1597244100193888,21.674153135252958,0.13608824171973763,50.95843190564363,-0.003751639109261901,0.06931624032847061,-0.20191841824232012,-0.11957991259811315,56.70536452557858,6,6
2026-04-27,Media,0.5695539138286434,23.14957332173126,0.19197453330001926,55.94167121519498,-0.00040357288392524684,1.0527783440376794,0.26819182085776166,0.34539095240985435,57.39967614960125,6,6
2026-04-28,Media,-0.1122630765899574,22.250119120509382,0.13432606048506932,52.3010487974621,-0.002058034199670959,0.006128492436555244,-0.08214286269562321,0.026603953358192673,57.047381548274586,6,6
2026-04-29,Media,-0.710610566569869,20.806118520264988,0.08280247750688148,47.89852215273933,-0.006365686430303285,-0.9191402289925071,-0.5046845597298704,-0.8324298022233142,54.66474700095821,6,6
2026-04-30,Media,0.34808517961230645,22.758632430352915,0.18378346661201025,55.07432189074852,-0.00236349887865893,0.9211434974160819,0.20323987354329118,-0.3176358771261556,55.14014341249125,6,6
2026-05-01,Media,-0.643737392238206,20.381562650039537,0.1060281414858065,45.71666268622803,-0.004763813146183539,-0.5080408147170413,-0.7214829443071832,-0.8423811399635635,54.85146180182322,6,6
2026-05-02,Media,-0.007074267728215539,19.870813196566118,0.1776888474132022,42.634292593914715,-0.0015050233441273623,0.8125187500699865,-1.005927232349154,-0.39854535223410176,56.288979249900365,6,6
2026-05-03,Media,-0.7913053913168817,19.782346406418398,0.09697989124511673,43.31461747108623,-0.00459049351162544,-0.6880782033798185,-0.9154767186773876,-1.0223577651161952,55.226835234193025,6,6
2026-05-04,Media,-0.008249443538872178,21.67938085936621,0.1579865582626846,50.24758346969187,-0.0024362548131748674,0.4566363747800374,-0.21133599626213734,-0.7702434976274589,55.75675335748251,6,6
2026-05-05,Media,-0.0661372723977964,21.24118373497535,0.15149565020290093,48.31658195665633,-0.0014127816971315106,0.32870677520572145,-0.4034832180316043,-0.6557821128831512,55.78294798556425,6,6
2026-05-06,Media,-0.06574971436275331,21.504739221997255,0.14756341582673715,48.83627655706855,-0.000985194101298928,0.24995368657170627,-0.3452161735188695,-0.6177996234463945,56.33804063793205,6,6
2026-05-07,Media,-0.576392315052706,21.720885806191262,0.10738420874151507,50.211383436449374,-0.003264462515755733,-0.5250596727899486,-0.19907801707847855,-1.0751814821670493,55.57562085499153,6,6
2026-05-08,Media,-0.08885461587737034,22.645264362963914,0.13947782645517712,53.52253834355625,-0.002501129613773906,0.10404659867485427,0.1494161609164602,-1.029745763035182,56.09364306581411,6,6
2026-05-09,Media,0.7778882821801955,23.343629762421525,0.23621243630182612,54.1672673896065,0.004260169361398706,1.919950158014689,0.2159243928865472,0.1885580096903988,58.92390487188767,6,6
2026-05-10,Media,-0.6605632317603011,21.355358560572242,0.09019084440448127,47.39994374660233,-0.0010754046537300981,-0.8726556273156739,-0.508791183431705,-0.6840332207592662,57.62602935667942,6,6
2026-05-11,Media,-0.618745029012068,20.803806774314005,0.11853001755845657,45.70538103064776,-0.0025836169455408778,-0.3225446369905764,-0.6828797205280829,-1.0041851845202192,56.77664353011509,6,6
2026-05-12,Media,-0.9083984291115732,20.80241725609729,0.0869359014346085,47.14180220300784,-0.005432763997942924,-0.9201060001456982,-0.5186767107058805,-1.609106870344819,55.049103505384934,6,6
2026-05-13,Media,-0.7521094086101141,21.480391837662374,0.10308903410268201,51.27805235598751,-0.005913525743873422,-0.5971963993092595,-0.061234152096217236,-1.8297841459003683,53.65939239295833,6,6
2026-05-14,Media,0.47649066843800425,21.98238579844211,0.22309553496588452,52.418678062713965,0.001756530321349516,1.6902131223521994,0.06540320123217552,-0.5909399497610222,55.32833927469768,6,6
2026-05-15,Media,-0.6447754201748152,20.640786408441006,0.09925008018606846,49.605360809104056,-0.0014327815445017431,-0.6830833939252611,-0.24915808918254007,-1.1088245159056167,52.496183988349024,6,6
2026-05-16,Media,0.38784236683717377,21.182775279807394,0.20072695349897338,51.29633950735048,0.003121464333259239,1.2486035192070584,-0.05625460765105488,-0.2928339928331505,53.39589375588571,6,6
2026-05-17,Media,-0.499495558405581,21.018153503741914,0.10685947732445507,50.54780585058501,-0.0001830533802646792,-0.5498777860304327,-0.14091455517695067,-0.7958742227854183,53.847977234390534,6,6
2026-05-18,Media,0.697446513550135,21.953716155847452,0.22312852486217852,53.403432505979595,0.005170775657506491,1.6428693820929796,0.18842282272541064,0.2272613637826947,55.27183673278189,6,6
2026-05-19,Media,-0.45785615757063747,20.15472348907082,0.10963133693527327,48.032710948420636,0.0009959025187997587,-0.5122928441784207,-0.43530099427932595,-0.37980186398551646,53.30699979971693,6,6
2026-05-20,Media,0.13732031311814868,20.7293953015964,0.15956381025336228,50.54055321247412,0.0014949065219730705,0.4401379343840158,-0.13847135360818869,-0.24076200743350218,53.22941446817517,6,6
2026-05-21,Media,-0.4250552737066077,20.485013307458832,0.11632356540885186,50.40156255308136,-0.0010522248438125737,-0.39067517329916424,-0.15364866958426684,-0.676638142252471,52.62942410909925,6,6
2026-05-22,Media,1.3678874136761137,22.64171647284494,0.29264780152453684,56.09121597776321,0.008639400455196438,2.8017011225267017,0.5231237841485856,1.1816439333587034,56.75032765512297,6,6
2026-05-23,Media,,,,52.43136934296563,0.00691152036415715,,0.08069345368184717,1.1419533723259236,56.75032765512297,6,6
2026-03-24,MegaCap,,,0.21857242276433586,,0.0,,,,48.30796758060196,8,8
2026-03-25,MegaCap,,31.735095253498,0.23099218118714127,100.0,0.0007925999677232065,,,,47.92628090767773,8,8
2026-03-26,MegaCap,,9.717497370598874,0.15887895193550935,14.6922033214273,-0.0033560674445780414,,,,43.69689863171535,8,8
2026-03-27,MegaCap,,7.901988066867743,0.12571947529929467,10.55272187182959,-0.00789075887590501,,,,39.09578978705879,8,8
2026-03-28,MegaCap,,14.788459547383157,0.18073543505466433,39.045992425011214,-0.006784551673548275,,,,37.68527212449384,8,8
2026-03-29,MegaCap,,20.885602106719976,0.280700762076158,61.392431259707486,0.0006832992752103121,,,,40.7947035447191,8,8
2026-03-30,MegaCap,,15.295991081541086,0.1518169830881762,41.68793576556653,-0.0028591444976298393,,,,36.77837424514591,8,8
2026-03-31,MegaCap,,14.136312999629057,0.134428500978911,39.957665267342854,-0.005995040998817872,,,,32.42485384534192,8,8
2026-04-01,MegaCap,,15.200442699257572,0.17455057785605527,45.205303313693825,-0.0050278792393792645,,,,31.007650763608062,8,8
2026-04-02,MegaCap,,13.443271327661309,0.12548059128120512,40.83990789644373,-0.007220269835977665,,,,27.40482663228362,8,8
2026-04-03,MegaCap,,14.676582712968377,0.17275023597520137,45.87490548728358,-0.005113451244712198,,,,27.145793214505556,8,8
2026-04-04,MegaCap,,14.150708364787368,0.15168662968462954,44.19868864322175,-0.004771628385092827,,,,26.37463140734144,8,8
2026-04-05,MegaCap,,16.165763367630344,0.22733370231764044,50.67175527966415,0.0006287355258575329,,,,28.506852627210293,8,8
2026-04-06,MegaCap,,13.9556731937104,0.12008930968057208,43.51541093826416,-0.0027565400935030196,,,,26.046713809770313,8,8
2026-04-07,MegaCap,,14.722049308432675,0.17089741963739863,47.057719364014616,-0.0013781984339294173,,,,25.184199473212708,8,8
2026-04-08,MegaCap,,14.54301991443944,0.17361033156764583,46.41571353294566,-0.00015255068381130228,,,,24.934011112161002,8,8
2026-04-09,MegaCap,,16.2645016183867,0.20262500015140555,52.88804074932996,0.002592005359478731,,,,25.49505847034226,8,8
2026-04-10,MegaCap,,15.86013142254123,0.16154953682698564,52.34097272700674,0.0016658133522573278,,,,24.087190257057152,8,8
2026-04-11,MegaCap,,17.02944857440598,0.2549809194481626,54.61899778396805,0.007067536046802086,,,,27.26217147024878,8,8
2026-04-12,MegaCap,,15.356430511439994,0.2338026102064705,46.76524263597934,0.00882207472494577,1.1232748306593008,,1.7519610717911596,28.810128976985407,8,8
2026-04-13,MegaCap,0.3003685114515864,16.528128399602206,0.17788814763617997,51.99950468999278,0.005961765854295566,-0.1000429893196969,0.31702365083535755,1.4050499291174547,27.72626586012276,8,8
2026-04-14,MegaCap,1.1916393815507118,18.772807089968424,0.25273612569379145,58.3385687700305,0.00869026746759663,1.4632113323969267,0.6583093729064803,1.950434127027974,31.26148054329285,8,8
2026-04-15,MegaCap,0.42908415782398923,17.078034411925373,0.1940130184915571,51.33670407461906,0.006234693163490013,0.18053904733492657,0.24413516233705074,1.655913372562288,31.353042199968986,8,8
2026-04-16,MegaCap,0.39656280251925125,18.013287656819738,0.1910106793448172,54.80472751192297,0.004200324885816875,0.1113587195416835,0.4395818588706461,1.413432602578826,31.421858417548805,8,8
2026-04-17,MegaCap,0.2950984859905702,17.336437375673764,0.1907221719288149,51.41521934993801,0.002700222343142116,0.10273971811990387,0.2285508658909078,1.228885435110244,32.05845747788258,8,8
2026-04-18,MegaCap,1.6254243507723123,20.583654735720074,0.3172737134798708,61.18166418524221,0.009702106317482886,2.551548656104757,0.8070944679674431,2.228973583574613,36.45492245632719,8,8
2026-04-19,MegaCap,1.3810304752532074,19.758677443126366,0.292838794936114,54.7520620027243,0.012008104187657694,1.8727425290505304,0.3962772108985195,2.4784304456868376,40.80921672398087,8,8
2026-04-20,MegaCap,0.7283342784959771,20.77131439484991,0.2241837440962113,57.99940322167534,0.008400532968056103,0.5444797378519342,0.5878735824799597,2.072690821272663,41.61389025886918,8,8
2026-04-21,MegaCap,0.3302309233357369,19.377730350593737,0.1943403222942041,51.86151090227621,0.003733287032683212,-0.03431711479893876,0.18906871778139084,1.5745290829911642,41.89491717483618,8,8
2026-04-22,MegaCap,1.0266830560692042,21.133040315399843,0.26341561109218364,56.45119094363952,0.004950774360999015,1.2713783389109432,0.4798363769463955,1.7002597682698628,44.66938882499223,8,8
2026-04-23,MegaCap,0.06264374618803978,18.99413984136761,0.17857767435044142,48.40081031409983,-4.0790505579977807e-05,-0.3786087460351794,-0.05468488445902904,1.161591069450593,43.03924554978069,8,8
2026-04-24,MegaCap,1.1449647806902847,22.314505468463977,0.2902605740824816,57.82469173103802,0.0038791907249504445,1.7157215345976118,0.5707588620945342,1.5482785075847627,47.9338173184541,8,8
2026-04-25,MegaCap,1.0082434564270544,21.311574908282925,0.2813129999419086,51.78405657803813,0.005472068022135585,1.467922516244308,0.15480263621610452,1.7154798122778552,50.77957084510642,8,8
2026-04-26,MegaCap,0.846877203954644,21.50016920245683,0.25811054681262235,51.64241154812054,0.004600675372400312,1.0019612882077886,0.14276002740885035,1.642283732083034,52.18086088377244,8,8
2026-04-27,MegaCap,0.5169414384468556,22.476739166514,0.23730397438590192,54.214488675581165,0.002372819542813792,0.6002029601606207,0.31929807667436266,1.428877985297868,53.3538125493562,8,8
2026-04-28,MegaCap,-0.18223030389493894,19.723678945804586,0.17170375205254437,44.17579529703734,-0.003452487471518651,-0.6284164777665834,-0.39324206380025883,0.8210959930932881,50.94060602666097,8,8
2026-04-29,MegaCap,-0.33589002505505605,20.372707970624727,0.1586187138276041,47.27741883485944,-0.007867969692616375,-0.8573537509294105,-0.16591548594340844,0.2537328766961775,49.45074210736125,8,8
2026-04-30,MegaCap,-0.1934343798264807,21.134058241124144,0.18642639821488893,49.66033259420621,-0.008540723453179149,-0.32023043482125896,0.009255545101154639,0.0024066312279763208,50.12006549473841,8,8
2026-05-01,MegaCap,0.2684721475334013,22.021723022755708,0.221440260806596,52.164634521339615,-0.006352993165156019,0.35341790773183435,0.19346612757114334,0.05608118048556719,51.477064212564,8,8
2026-05-02,MegaCap,0.5998081002641228,21.031602231293228,0.2780815023808534,46.936357278324394,-0.001092362771347959,1.4081203650370064,-0.19913227323160007,0.5066252203632952,53.593917284538875,8,8
2026-05-03,MegaCap,0.29053651529632873,20.825624283914237,0.23055357329764303,45.30083992988414,-0.0008268124586896866,0.4814743167052407,-0.31995785100409924,0.504311193263931,55.37748414583498,8,8
2026-05-04,MegaCap,-0.17868531614902428,21.34441936496513,0.19053663157512038,47.346814959540495,-0.00322478401714113,-0.29629668949084687,-0.15947945559662388,0.20157588541463767,55.09317552441506,8,8
2026-05-05,MegaCap,-0.26708144981237436,21.53883917319813,0.18240512041822307,49.025502359272174,-0.005124290228256135,-0.4505809940423163,-0.027497949487028488,-0.0988584254044178,53.44247508811825,8,8
2026-05-06,MegaCap,0.13631181685237662,21.272833438556095,0.22214857727404902,46.46107840056781,-0.0035448448542824097,0.33773187757604517,-0.2283336653593185,-0.0319746139865905,55.47071703392707,8,8
2026-05-07,MegaCap,0.2914516285108719,23.19346689053488,0.22071043270205148,54.21626489771758,-0.002487691338603312,0.3050500544348699,0.3894009203243791,0.01017143612485357,55.18985068296506,8,8
2026-05-08,MegaCap,-0.5160484691013544,18.9170110280846,0.18526299498524298,37.60095867367768,-0.003978041660206887,-0.4114900610968371,-0.9381685400531687,-0.23124331874138196,54.636364093376336,8,8
2026-05-09,MegaCap,0.5340300294928443,22.0962047643307,0.2689944675035811,48.763681093878795,0.0006277949820379237,1.2722083298985185,-0.03129592407991907,0.23886093201797245,57.01182677105091,8,8
2026-05-10,MegaCap,0.8066996338561798,23.47309558057752,0.283865213966943,52.628766203459776,0.0044171964055142,1.5198268747257586,0.2828890850875994,0.7181597204562677,59.61185362817214,8,8
2026-05-11,MegaCap,-0.3459501608430863,21.204352766226638,0.17413952720766301,44.54332414605655,-0.0004652956058603195,-0.6753806138744078,-0.38330146114045777,0.21195708078253794,58.3606082962335,8,8
2026-05-12,MegaCap,-0.20344340029105618,22.57910747578169,0.18626219144686923,51.38571612266947,-0.0027500765169701973,-0.4253045969728932,0.18759866564865157,-0.08981783042926336,56.48088516750484,8,8
2026-05-13,MegaCap,0.03136523766536972,23.452833200311222,0.21300196755824694,55.045216663715,-0.0023477925335705064,0.11858681647133155,0.4909831682162035,-0.10775253166032524,56.56877996724952,8,8
2026-05-14,MegaCap,-0.3150331828062835,21.84167697311956,0.18461787769644472,49.83240006223761,-0.003794921975455188,-0.46039545611921256,0.04618993068846602,-0.35288977059624554,54.99306887655771,8,8
2026-05-15,MegaCap,-0.37967501263801495,20.788600630413676,0.18984002247771814,46.90037693122701,-0.004172046227159314,-0.34835475460391485,-0.2042295315286199,-0.4958767591753443,53.52916718536685,8,8
2026-05-16,MegaCap,1.2808166029406878,23.917059898794484,0.35350502541757794,56.11442590572858,0.006262219514883385,2.8079494774672136,0.5891345231310816,0.7597925874227073,58.5113365933704,8,8
2026-05-17,MegaCap,-0.23291641870869326,21.353886284024686,0.18291126264459098,46.780197621973706,0.0015799871982110744,-0.5059398196496082,-0.2251766414010429,0.30235364435264744,57.72501018124975,8,8
2026-05-18,MegaCap,0.014550266730569278,22.475245412329855,0.2122378903530273,51.48813558734999,0.0004233282682475888,0.06810572973626793,0.1886109505528974,0.1882835714310189,57.700285587591814,8,8
2026-05-19,MegaCap,-0.9411037148317315,20.169392803941783,0.10975126413494733,45.5887028209489,-0.006875914368785121,-1.87830516264013,-0.333519861472311,-0.7733215141947674,52.84511914134164,8,8
2026-05-20,MegaCap,0.23057146066667064,21.762750292448104,0.24051218989895706,51.004008159936134,-0.002741585652940312,0.6379866328926764,0.15139202759547074,-0.3960697173210438,54.6050631472855,8,8
2026-05-21,MegaCap,0.20692357904786596,21.93682068367476,0.22979874266157851,50.4919032418177,-0.0006799596078853674,0.42582714675728334,0.10409812352156654,-0.1881530378960761,57.00176880804274,8,8
2026-05-22,MegaCap,-1.145392011598084,20.042611325223483,0.09104718110667916,45.41347896058281,-0.008195080855790331,-2.172714482109358,-0.3565833883893292,-1.2139017228870366,53.58754148935348,8,8
2026-05-23,MegaCap,,,,40.56846226616434,-0.006556064684632264,,-0.7917965495034003,-1.178498570221866,53.58754148935348,8,8
2026-03-24,Meme,,,0.27573830201983357,,0.0,,,,72.99896745822716,7,7
2026-03-25,Meme,,9.043844439647295,0.21725399462615683,0.0,-0.0037323318678585517,,,,71.19679217961978,7,7
2026-03-26,Meme,,14.794800403943254,0.23379372682735783,22.04590993835295,-0.004811996362898716,,,,71.7594815747745,7,7
2026-03-27,Meme,,11.583166733989483,0.16205875517858942,11.269994299526914,-0.009794940403295576,,,,68.09556867196197,7,7
2026-03-28,Meme,,10.43196997786973,0.13415768911007983,9.469669575171935,-0.014143468182480875,,,,63.7944844979675,7,7
2026-03-29,Meme,,17.26748086771364,0.20886109272754264,36.590416318585426,-0.011286185750511473,,,,63.466483783406396,7,7
2026-03-30,Meme,,15.664815738360307,0.1767930961739062,32.42108403602178,-0.01085040236562583,,,,59.881111210454904,7,7
2026-03-31,Meme,,19.952960879361356,0.2648956079140681,48.53292330043149,-0.004261480795460236,,,,60.573935781977184,7,7
2026-04-01,Meme,,19.80098641132815,0.26136341727821694,48.073413576776204,5.065732358953273e-07,,,,59.726098618700476,7,7
2026-04-02,Meme,,20.99201624341925,0.28470692362465433,51.131231389760586,0.00429573928448866,,,,61.653262046216625,7,7
2026-04-03,Meme,,17.732721387234157,0.17261285812885127,39.859913172133595,-0.0002664539507496559,,,,59.106762033416956,7,7
2026-04-04,Meme,,16.62927180442218,0.14172397891848337,37.57729384671136,-0.004958219883268018,,,,55.683759081604514,7,7
2026-04-05,Meme,,19.21796282148987,0.24924912347886424,47.95266264544733,-0.0006406889265325195,,,,55.27946361007209,7,7
2026-04-06,Meme,,17.294935057667864,0.16811597748829454,42.60887381920346,-0.0029409084289655496,,,,52.153177361202566,7,7
2026-04-07,Meme,,18.13531474575164,0.2021764424226645,45.17381180033767,-0.001910334343679175,,,,53.40041518592975,7,7
2026-04-08,Meme,,20.923953740965185,0.2970991162076806,54.99938302545987,0.005042330259722411,,,,54.89583571909734,7,7
2026-04-09,Meme,,19.726569894839674,0.23157432684443816,49.869067325798156,0.005091501548462933,,,,55.03890533957777,7,7
2026-04-10,Meme,,19.354121496238335,0.16404030578835335,50.11748316445356,0.0006712902956174278,,,,52.361563836029845,7,7
2026-04-11,Meme,,20.120228760491983,0.2024573624392616,53.99951310724935,0.0004414916818134811,,,,50.5909651777212,7,7
2026-04-12,Meme,,19.025383724112523,0.2040005566438782,49.68870240929669,0.0004959989453335867,-0.17766725017796337,,0.19454211294977777,49.92001715177397,7,7
2026-04-13,Meme,0.28810177217900057,19.77748951527162,0.20257028663027496,51.718360421169535,0.000534956242238694,-0.20214675233836568,0.7782678817870496,0.21664623119200568,50.769347048072305,7,7
2026-04-14,Meme,0.7252101353132785,19.259490231574638,0.2536368140815081,49.21048090487116,0.003911128614073138,0.8405750077364184,0.6028264357259714,0.8875825144333,51.24129722762442,7,7
2026-04-15,Meme,-1.0104138076296114,16.146716268273284,0.07968143222208862,39.717345499342095,-0.0051672686055658675,-2.385237710425743,0.005142757804044803,-0.7803646500631864,47.184315660089254,7,7
2026-04-16,Meme,0.33366236921188075,18.397344366113288,0.23220445931889233,47.40758948408011,-0.0007291775795608482,0.4347038154444414,0.48788598408278006,-0.07658340442103259,48.82959253350108,7,7
2026-04-17,Meme,0.24677977122092867,19.478523530924967,0.19953942505890696,51.44271681922486,0.00013152685622980914,-0.1788563031816695,0.7286824632260294,0.07270675101574955,48.56777419341411,7,7
2026-04-18,Meme,-0.4892670547388386,18.911162165386365,0.13805647306889982,49.809733972806804,-0.0031345168279315935,-1.2919900626121377,0.6035684343173723,-0.6086287089817036,46.99560696345226,7,7
2026-04-19,Meme,0.772002179273367,19.63851816430871,0.26827513661792357,50.96434124866414,0.0034251785731940626,1.1297346316346926,0.6623331162609281,0.6670276468531393,48.70784417351162,7,7
2026-04-20,Meme,0.9387354148108094,20.75124698703657,0.25513698307047555,54.73721780657858,0.0066430829702254345,0.854337263750445,0.8878869864885386,1.4398984861983297,48.766618045720854,7,7
2026-04-21,Meme,0.5758168407209355,19.727751220656266,0.20779784720394345,50.301654904050736,0.00539996191959363,-0.04221951672046107,0.5716123566815778,1.382275678495011,48.781696531793386,7,7
2026-04-22,Meme,-0.352803170081482,17.428226085165846,0.14281462047541682,41.44595094008977,0.00028761073791161267,-1.2399850231454252,-0.0392954975991151,0.5180810244465789,47.614201362084614,7,7
2026-04-23,Meme,0.2865837479904343,19.088298907170206,0.1965390297292152,48.03177144089204,0.0005930874488952569,-0.21049709611284478,0.41569378888163583,0.5830562189862322,46.60807577620281,7,7
2026-04-24,Meme,-0.5106022750436572,18.966591625970946,0.12770921404430838,47.961942948841624,-0.0035441359645705627,-1.4672195238021695,0.40312450950882417,-0.2828608781590061,45.124612718015975,7,7
2026-04-25,Meme,-1.178486353775394,17.094547052140683,0.07240693219131425,42.84022608718738,-0.009377704249730452,-2.2665432661566878,0.03199107723746667,-1.6228133752119798,41.13456179277729,7,7
2026-04-26,Meme,-0.1702961081466555,19.040209497830944,0.18142535987511796,48.888662933750126,-0.005460765863385179,-0.33769014279097365,0.4682047809533925,-1.1451817409590457,42.714767504031045,7,7
2026-04-27,Meme,-0.2653064372144178,18.858272925552694,0.16050304228712858,47.96809844863393,-0.0039177997846612245,-0.696743285579084,0.3929563348632411,-1.018315547479035,42.26670075766488,7,7
2026-04-28,Meme,-0.6675528773139958,17.583579502429956,0.13995218702704418,44.342098721864865,-0.0039110430721834635,-1.0358238791021555,0.1176986661487248,-1.1445331188598944,39.803597981824765,7,7
2026-04-29,Meme,0.2993317346994314,21.020508588572348,0.2032283033485189,56.90997800500745,0.0004910487223482377,0.10122749829288386,1.0479470922182341,-0.37390309296201674,40.92272783875287,7,7
2026-04-30,Meme,0.11981113271297432,18.75978512590054,0.18646485425830603,46.9837305518572,0.002308229191617269,-0.20185255644212693,0.2852422012625064,0.03526770221307386,42.11484202254456,7,7
2026-05-01,Meme,-0.22121850416366834,18.92078989268614,0.1599096985470354,47.365412501393216,0.0017798329547400425,-0.6797435340894221,0.3103173702701805,0.02053422918172956,41.88099481303839,7,7
2026-05-02,Meme,0.2933605404288284,20.617116411561362,0.18212843757583994,53.09129105498673,0.0029175535019661403,-0.2626206705977185,0.7439244903682122,0.3439156324952767,43.05050663365923,7,7
2026-05-03,Meme,0.14465716202968268,18.024166222923355,0.1809930642673005,42.52411499716142,0.0035428679958465683,-0.28033366222581496,-0.0879975514925196,0.6024221816850914,42.61963322437249,7,7
2026-05-04,Meme,0.11113633619092117,17.979868627851694,0.1707291002709583,42.7345227913937,0.003223596038938176,-0.4691397838586887,-0.07033966746500063,0.6776581020379813,41.7633241522062,7,7
2026-05-05,Meme,-0.48292427859442755,17.93692770053252,0.12472588768570003,42.833030781280854,4.0869778926340763e-05,-1.3107458768110865,-0.06164214315997231,0.10410908448167787,40.788850388510255,7,7
2026-05-06,Meme,0.5742608419784834,21.290071435799465,0.2019900745569159,54.99937681738795,0.0030967739135109116,0.16064353030078002,0.9142473505111018,0.7884917419967105,42.07863631496883,7,7
2026-05-07,Meme,0.9704316734236832,21.28441799086799,0.235446099043051,53.40358621979473,0.007099942418973633,0.7913041999718211,0.7691603573233402,1.7606900347611247,44.294799692406244,7,7
2026-05-08,Meme,1.4657688333171246,23.62310252094741,0.25636291969130304,62.284394278306195,0.010670580272552946,1.1652396600783994,1.4478850064453561,2.614407421560376,44.88747276478436,7,7
2026-05-09,Meme,0.2725508930163313,21.849724716587932,0.14153270319420458,55.92667618699803,0.005095558364895488,-1.0257840100109916,0.9123597771527078,1.810505059852381,43.27450154585188,7,7
2026-05-10,Meme,0.6086939742526455,20.793447317132788,0.18634751184936096,50.474222037216286,0.00425702469754402,-0.1606606501639323,0.46237100621451444,1.7651073819899723,44.3690519542874,7,7
2026-05-11,Meme,1.555019606058249,23.8961530965179,0.2791935588533659,60.04328372214198,0.009486726219944019,1.5862082327002363,1.2155195326118078,2.6980684591499497,47.86872808430072,7,7
2026-05-12,Meme,0.11964825645208185,21.472640252614884,0.1376522324529465,49.83846034467669,0.0032660536355009957,-1.0979986438318536,0.37760673166464553,1.8207463304121334,48.283689598567406,7,7
2026-05-13,Meme,-0.79707525666007,18.763483074380595,0.06541191655895752,40.44069809372596,-0.005390209078617454,-2.3154858267347462,-0.39238525640376604,0.3866687478386911,45.571845748568094,7,7
2026-05-14,Meme,0.3185221464961605,20.992569856671903,0.185231073978077,49.92512609109367,-0.002850204627813647,-0.1330046501396083,0.3916820661543304,0.6412811186803016,43.88566463074186,7,7
2026-05-15,Meme,0.32454785602144265,21.33470394718587,0.17699020690818515,51.06012276030152,-0.0015917434546836393,-0.28162352172991106,0.48112247689987403,0.754672963138006,43.65068541000231,7,7
2026-05-16,Meme,-0.33322672433641,19.799681523120352,0.1295288089749295,46.834527330037545,-0.003701834142663103,-1.1368830601264535,0.1229401312240523,0.30962686327151,40.516313581886365,7,7
2026-05-17,Meme,0.9169628414335608,21.67701872973577,0.24828108931311757,53.54726030093447,0.0028031524337711073,1.038646235739727,0.6860586892164352,1.3325348837561848,40.992712798218676,7,7
2026-05-18,Meme,-0.09391004424702985,20.204695561743815,0.14054246675948348,48.5569412097121,-9.360885748474924e-05,-0.9355512606088542,0.25579062820895715,0.8923987729357993,39.31053756695893,7,7
2026-05-19,Meme,0.5912749616223918,21.335542214113868,0.19616377561132994,53.383938985222926,0.001694111980706855,0.0921611157626956,0.6645519939357495,1.189070014105236,38.54925727829035,7,7
2026-05-20,Meme,0.7396842550230015,20.83917334833266,0.21489037392461588,50.646952077429276,0.003965864726041997,0.4370490336094625,0.42228585628948234,1.6106870359004308,39.209352380719274,7,7
2026-05-21,Meme,1.4338789854873575,21.924237598063026,0.2891490369317717,52.58732422603436,0.009956797888526086,1.7666948923036274,0.5853504478237584,2.6267395703074716,42.12801200180363,7,7
2026-05-22,Meme,-1.038645013045266,18.57765890421752,0.007153429622226523,40.40680796761723,-0.0047932221450635824,-3.106276147989734,-0.48230307934005573,0.46163373497461485,41.039667019918596,7,7
2026-05-23,Meme,,,,44.3254727818459,-0.0038345777160508658,,-0.13375975527629883,0.4868083055777516,41.039667019918596,7,7
2026-03-24,Meme Stocks,,,0.11894893293248061,,0.0,,,,45.75058853161208,6,6
2026-03-25,Meme Stocks,,5.903200343114904,0.11685720974345791,0.0,-0.0001334888872766671,,,,44.68963427826539,6,6
2026-03-26,Meme Stocks,,30.32803612499948,0.19576313372432055,97.4175506794222,0.004825736550347761,,,,44.18465062635331,6,6
2026-03-27,Meme Stocks,,19.490492530318974,0.1343573058012124,55.410111255596,0.0037516388299571463,,,,41.694056154769505,6,6
2026-03-28,Meme Stocks,,16.351849048091044,0.09827775266091811,44.20920283676942,0.0005599899624524115,,,,39.29981769955695,6,6
2026-03-29,Meme Stocks,,18.253495881851933,0.1231457553242659,51.03191569112786,9.666686369012422e-05,,,,40.58485846902712,6,6
2026-03-30,Meme Stocks,,19.976121948636827,0.16149027923366124,58.80060585626441,0.002227513441740055,,,,38.6872083881805,6,6
2026-03-31,Meme Stocks,,19.204873542646045,0.15030541901926298,56.199864486193846,0.002706706278297638,,,,37.81278509808991,6,6
2026-04-01,Meme Stocks,,18.505723222747754,0.14316481124753314,54.656523163976786,0.0023774800788784797,,,,35.35728213237613,6,6
2026-04-02,Meme Stocks,,16.074033182665087,0.09757433962069982,46.502979485045756,-0.0009003881725719825,,,,32.965710777878684,6,6
2026-04-03,Meme Stocks,,19.28775215605394,0.1801179433481731,57.87945472155194,0.0023246926439386,,,,34.825304673196165,6,6
2026-04-04,Meme Stocks,,19.49544723696113,0.18252081795746355,58.138597783118236,0.0043369393338542495,,,,35.30417305772037,6,6
2026-04-05,Meme Stocks,,18.724922153157046,0.1598797888039011,54.95292288731173,0.003875391600122303,,,,35.12610933571482,6,6
2026-04-06,Meme Stocks,,18.133238558120862,0.14843496464989928,53.47185451755772,0.0025931953872115757,,,,33.668004639792386,6,6
2026-04-07,Meme Stocks,,19.687460983898397,0.2082281342308471,59.214738149759924,0.005404179368749075,,,,34.26903474337503,6,6
2026-04-08,Meme Stocks,,18.73589792927661,0.17772654534918644,55.934455311577054,0.004858615214847522,,,,33.540692530989396,6,6
2026-04-09,Meme Stocks,,17.995493400988142,0.21974596157157586,52.519414449853244,0.006854878447823606,,,,34.246953950492085,6,6
2026-04-10,Meme Stocks,,16.42006881783537,0.10835857536252225,47.528364839138895,0.0005339750266792568,,,,32.863752268242486,6,6
2026-04-11,Meme Stocks,,21.681927336905808,0.31253950906936295,65.43576306731396,0.009469000793960087,,,,37.10563131516861,6,6
2026-04-12,Meme Stocks,,17.827835678443023,0.1231891112463177,50.002525021829776,0.0023619266194488415,-0.683342147969142,,1.2988553596863603,37.541075454123906,6,6
2026-04-13,Meme Stocks,0.7807237930135305,18.701430683603707,0.2151313739269061,52.94045154103776,0.0035185966945175725,1.061400780202417,-0.04043859609698638,1.4888383042087283,38.304953853539885,6,6
2026-04-14,Meme Stocks,0.9864159677575952,19.528880647195454,0.23866746003499784,54.7790407665668,0.005420645040089992,1.4116272820509652,0.0686006711741807,1.781807577552804,40.41960901201861,6,6
2026-04-15,Meme Stocks,0.8130247808626112,19.86690706307653,0.21673574783896488,53.91640683524416,0.004776170114744474,0.9532258827254861,0.01500576851218808,1.6930024686263372,43.94943887115007,6,6
2026-04-16,Meme Stocks,0.5538261671901482,20.75490685693626,0.20934517434598796,56.20214569585691,0.0034864638215388218,0.7852094720407116,0.15617429059165464,1.5170462478552127,46.19718656883414,6,6
2026-04-17,Meme Stocks,0.8842160836212878,20.563383750065043,0.23910520129309687,53.47686490764308,0.004222865715416982,1.280864555602668,-0.019787442848219757,1.6188974632810764,49.010564926671286,6,6
2026-04-18,Meme Stocks,1.83433875295375,23.417734048028386,0.39326615761352607,60.5368416792392,0.014119941488785578,3.149726994171588,0.4368893813358489,2.7154224130150193,55.28823409099825,6,6
2026-04-19,Meme Stocks,1.17137556611568,22.620890815146254,0.2835140818301383,55.686157966447354,0.012365433749166644,1.4397915867483821,0.10829619073621288,2.448921429349379,58.10109179993699,6,6
2026-04-20,Meme Stocks,0.7342731419382271,22.89622550310917,0.2566400429255532,54.90690094838526,0.008660812757802918,1.0137653538479128,0.05378694222710786,2.06740296802907,61.02033154067351,6,6
2026-04-21,Meme Stocks,0.03636366969391483,20.967978618576076,0.1691861377699442,48.272846941029165,4.229563147641405e-05,-0.24014331586446466,-0.40247496271673266,1.2395447978171326,59.04663040863899,6,6
2026-04-22,Meme Stocks,-0.29571904845345554,20.58590394292242,0.13971662138359195,48.31696726321418,-0.0075040276562211225,-0.6554879944624844,-0.3915259592021094,0.3990042908239697,56.565012684136754,6,6
2026-04-23,Meme Stocks,0.039178671560022194,21.131317893742484,0.2167289322478422,49.870425027161005,-0.007170205230156632,0.4733759545685471,-0.27438656042608933,0.2636335927365116,57.04105676016623,6,6
2026-04-24,Meme Stocks,-0.4136418225771912,21.19173049251217,0.14394943864272916,51.58098098032355,-0.011457780329851543,-0.6034227463471445,-0.1463860526325661,-0.38121313398676215,54.364979924686125,6,6
2026-04-25,Meme Stocks,-1.3302028828058172,16.705383716482373,0.051661103072006886,37.132387757769884,-0.019636090214727214,-1.857433938957405,-1.178225357189402,-1.508430514309558,49.50398789992284,6,6
2026-04-26,Meme Stocks,0.021379371012100662,21.406418900455073,0.22147358273284282,54.943072463961464,-0.013052900434358925,0.5916410405537894,0.13973249347585873,-1.1655122439607148,51.07633301473335,6,6
2026-04-27,Meme Stocks,0.36452982668964606,21.740983941822613,0.27529259103117093,53.14637381419268,-0.004935272488115391,1.3235454710354997,0.004411494249155856,-0.5373002766628572,55.2910121867298,6,6
2026-04-28,Meme Stocks,0.35807053039729253,21.835348849743728,0.2621842350362831,51.243467477933685,-0.0005413274475580994,1.0986116103229677,-0.1390513419627228,-0.14870391410713515,57.40182082742681,6,6
2026-04-29,Meme Stocks,-1.1972881988477253,18.867457231787583,0.04849707335055018,42.60403672406485,-0.01151088956800971,-1.855107327363848,-0.7908897687340664,-1.3665953200152352,51.18569967352637,6,6
2026-04-30,Meme Stocks,0.00997586424305888,21.560146066020437,0.23059988134624385,50.80996201966389,-0.006250330890419369,0.6587228957473451,-0.1489428131748004,-1.0031003951317723,54.42867001596467,6,6
2026-05-01,Meme Stocks,0.17430543704966717,22.019661986833142,0.24902332741780142,50.38124822970286,-0.0015242028296003464,0.8949396763571831,-0.1804002519484424,-0.5980436424228761,57.162025282697,6,6
2026-05-02,Meme Stocks,-0.551849169077502,19.799892161116972,0.1781973371608233,41.16694416238582,-0.003073013525203826,-0.09640395883497678,-0.8971609121973418,-0.7936241878799327,58.05223983953714,6,6
2026-05-03,Meme Stocks,-0.8665473038585277,20.005067875114605,0.12377812719651947,43.127129967010035,-0.007419596643137174,-0.8505190885337677,-0.7256084428392137,-1.3174772734428888,56.62624619987116,6,6
2026-05-04,Meme Stocks,-0.16203781268250164,21.427765642882378,0.20724443058246225,47.97337752471355,-0.004475472146205998,0.33382259739770864,-0.3296302910945573,-1.1198381790968517,57.1996755685001,6,6
2026-05-05,Meme Stocks,-0.612878256279467,21.891519581298205,0.1542024430153677,49.36737962057392,-0.005817448945868551,-0.424099845733704,-0.21309354829563854,-1.3283811263273326,57.50853230204832,6,6
2026-05-06,Meme Stocks,0.07953360868397205,23.3613470835088,0.22749616660112046,53.573851104748236,-0.0016998132758911256,0.6315404516619839,0.13309770743165814,-0.9742888876305525,59.20152592658754,6,6
2026-05-07,Meme Stocks,-0.7928433221773209,21.24498856391226,0.12950117216043636,46.508273030628835,-0.005303423150581134,-0.7889450036320328,-0.4517677037482304,-1.37089979433768,56.34764871258786,6,6
2026-05-08,Meme Stocks,-0.5404349025394739,22.312578285481386,0.16673156749014217,50.93868406529621,-0.004915796924858974,-0.23871366473694322,-0.07680937231955205,-1.3981373109518147,55.107250405777904,6,6
2026-05-09,Meme Stocks,0.6877057364337865,25.224855558934493,0.30687611929405967,60.11657689828334,0.004532083893739575,1.760885876815381,0.6956694384830311,-0.46214190564315527,58.89630292660779,6,6
2026-05-10,Meme Stocks,-0.35513046703514106,22.12281700206683,0.18037782540920463,48.313059926852354,0.0021366302189680386,-0.07254974472424378,-0.31457300871583477,-0.6181446473076252,58.191241005279906,6,6
2026-05-11,Meme Stocks,-0.5192626829653008,21.55898776129206,0.16825121045205757,45.45032849449936,-0.0002623588891941919,-0.24759839217617155,-0.5552864160039357,-0.8236604137136773,58.281778818252164,6,6
2026-05-12,Meme Stocks,-0.6901521076914905,21.361385643050077,0.1471554724999522,45.14380697623772,-0.0031095954723748907,-0.5525618254874738,-0.574206523154526,-1.1218778628459574,56.70594923809091,6,6
2026-05-13,Meme Stocks,-0.6603300891702388,23.50902378037474,0.1282278929048121,54.028470764608464,-0.005943073844158516,-0.8209513083760865,0.20561174350112077,-1.460062831397643,56.08193421357588,6,6
2026-05-14,Meme Stocks,0.1736151194989043,23.345907329929098,0.25185284567491384,51.14126569434628,0.0004915218370633569,1.0076545529755974,-0.05052237733369622,-0.8668255986975986,59.52975023588808,6,6
2026-05-15,Meme Stocks,0.04128937678354169,22.720319180080402,0.22173074531560397,48.55259746985074,0.0025849566167418063,0.5505344988737861,-0.28004524863722147,-0.6165345124507007,59.92001959510037,6,6
2026-05-16,Meme Stocks,-0.016886191518241528,23.4974654579987,0.19598875231983648,50.99091297513758,0.0021213311154068965,0.16158876182477874,-0.05856549491078055,-0.6029124682629268,61.30050627718754,6,6
2026-05-17,Meme Stocks,0.15031710193400022,24.42179543154129,0.20810190441158652,54.928780162623525,0.002490285763558286,0.34211419224432343,0.2986916005440419,-0.5083568339368456,60.99481060098437,6,6
2026-05-18,Meme Stocks,0.3996313055512065,23.992923446561335,0.2530116257225619,52.80139009467994,0.005449068871142164,1.0111700695699792,0.1014400040201308,-0.11804728542942734,61.983426530817134,6,6
2026-05-19,Meme Stocks,-0.23373523765254517,23.371598013066215,0.17848830718243305,51.44843724688068,0.002241644867996587,-0.12864460946767078,-0.02435965133573995,-0.3551489627987772,60.975965691923875,6,6
2026-05-20,Meme Stocks,-0.23396594813385238,22.296311370708118,0.1978929905163317,48.11314482659402,0.001326656657959864,0.16958720182571832,-0.334611081305027,-0.4045240238030257,59.679560186231356,6,6
2026-05-21,Meme Stocks,0.20425082151089624,24.015433579095124,0.20885156233186933,55.6888389016007,0.0013544531607749388,0.3371346442571108,0.3794656262994973,-0.3671704772816489,59.12867967655633,6,6
2026-05-22,Meme Stocks,-0.13197801098132161,22.897034025402323,0.1991240320705572,52.417641100650684,0.0006484859374519354,0.182842774736974,0.06659034130165634,-0.4136961766157276,57.479053022695396,6,6
2026-05-23,Meme Stocks,,,,39.83037706623677,0.0005187887499615482,,-1.123745336978983,-0.4221440226854389,57.479053022695396,6,6
2026-03-24,Momentum,,,0.20714145842746967,,0.0,,,,67.32845213587674,1,1
2026-03-25,Momentum,,8.993616643055496,0.1967336562356001,0.0,-0.0006642016213614932,,,,66.07357887982398,1,1
2026-03-26,Momentum,,8.161050672913072,0.16457881718004685,0.0,-0.0030962246424833585,,,,61.67921822593191,1,1
2026-03-27,Momentum,,6.818964323655884,0.12724401819060158,0.0,-0.006832309222476578,,,,54.224631188646995,1,1
2026-03-28,Momentum,,17.98441050083967,0.1920834545744674,44.798145363997314,-0.004653809377796473,,,,53.99313086789798,1,1
2026-03-29,Momentum,,16.26794368485614,0.17245754343988598,39.448975810991605,-0.004262137341164698,,,,51.89734518253827,1,1
2026-03-30,Momentum,,12.754984207843133,0.12303663617425038,30.32945818319378,-0.006902679226776091,,,,44.71477077933909,1,1
2026-03-31,Momentum,,10.093711631221026,0.08985013070824434,26.253951390094997,-0.010253558287615715,,,,35.59217682513395,1,1
2026-04-01,Momentum,,10.598959808960892,0.11304334688086976,32.58496418388734,-0.010252612255849444,,,,29.510998258021942,1,1
2026-04-02,Momentum,,6.24385659615622,0.028336533098226358,24.806998447513692,-0.01501341684460897,,,,16.177750234559813,1,1
2026-04-03,Momentum,,12.102733615386233,0.17611896373075997,46.914122106667236,-0.007638086173273995,,,,17.523026976152778,1,1
2026-04-04,Momentum,,13.887477248881885,0.21318274274126015,50.55967206713549,-9.108500201511147e-05,,,,21.819363471165637,1,1
2026-04-05,Momentum,,13.770188896453758,0.19021467170020936,48.49589011314898,0.0033370048167621937,,,,23.33955763605058,1,1
2026-04-06,Momentum,,14.69859944647643,0.2054031384037466,49.84959324190489,0.006431190052673123,,,,25.85939938518767,1,1
2026-04-07,Momentum,,12.032322250295746,0.1139401866300418,43.03778060647132,0.0023329857088013866,,,,19.71443877483179,1,1
2026-04-08,Momentum,,15.11469879020933,0.22131873485187384,51.60412791627771,0.0066258482131007265,,,,24.187243195913048,1,1
2026-04-09,Momentum,,14.530278245586715,0.16287291540991097,49.89238538890576,0.0053554045130668245,,,,22.84024852051069,1,1
2026-04-10,Momentum,,14.006038181747776,0.13176978315160573,50.287764541107464,0.0023973273897588236,,,,18.812955579612954,1,1
2026-04-11,Momentum,,14.680006639298448,0.2016107914581852,50.60195396871793,0.004973096855311696,,,,21.158059709354347,1,1
2026-04-12,Momentum,,12.867968987452269,0.11835346096433451,46.83601479621453,0.0011006350524011919,-0.7800550869936762,,0.39688581413946583,15.551243449325835,1,1
2026-04-13,Momentum,0.678827872319775,14.986511645510703,0.18687398946544317,53.651610536802096,0.003073147470450073,0.5682613184992215,0.9194924283899879,0.7128091589757823,17.078630118415226,1,1
2026-04-14,Momentum,0.9527813784791986,16.630993466505284,0.21055741968611766,56.9805640481399,0.0057373709445129265,0.9999048106010205,1.046592659722509,1.1630076549889843,20.878747496909135,1,1
2026-04-15,Momentum,0.8781399508149165,16.656310129432857,0.19802060893612725,54.97560422937325,0.00637091472029034,0.7211342952135841,0.8972648033493906,1.3490433366716343,23.277027177035883,1,1
2026-04-16,Momentum,0.9759121574535534,18.702857788164554,0.1993071566212015,61.09451263940472,0.006566110228466943,0.7236875721017869,1.169241655903022,1.4652471981629298,25.573346007113702,1,1
2026-04-17,Momentum,0.470641480609299,16.16430876672663,0.17932310778937607,50.24926419742503,0.005103919792529702,0.30353679526702193,0.560992975328125,1.3574032769837665,26.06647519858028,1,1
2026-04-18,Momentum,0.8405078040180572,16.42607311803837,0.2051792462595441,49.36632352762321,0.0055933431914837305,0.8214083225295714,0.49938390788674386,1.4762022174712697,27.931276252616243,1,1
2026-04-19,Momentum,1.817140487851639,21.56882031902227,0.33289857378867244,59.689723034426024,0.013768266344007105,2.850897304061559,1.0370000242178703,2.4058383664194043,41.25319363719272,1,1
2026-04-20,Momentum,0.6680820384702112,19.29493480793856,0.20067521421063997,49.7229620395374,0.009711453187422905,0.4877428223138796,0.46611842382217833,2.0215699232259023,42.17284158705238,1,1
2026-04-21,Momentum,0.7248559175938015,21.26430498113765,0.2072044216567428,56.06900406515469,0.007033419839579868,0.5915498635602653,0.8038124110299902,1.7861192944280766,43.55060376788602,1,1
2026-04-22,Momentum,1.1908360057962422,21.763566815269698,0.26299901512999807,52.90746154144031,0.008487937154585649,1.5176412413453568,0.6075904408920668,1.933153492037012,50.1360725901749,1,1
2026-04-23,Momentum,0.7379135494529278,22.583112157479288,0.2225318637744872,54.26865520338294,0.006293863567433576,0.7765533804145855,0.6700949075112106,1.7499434768811153,52.26544113024089,1,1
2026-04-24,Momentum,1.2207968907949436,25.01449336470744,0.2634962310625669,59.29400081040453,0.0071103651435047086,1.4355363006184707,0.9352360042747827,1.8242703610180475,58.40297309871248,1,1
2026-04-25,Momentum,1.304547845168776,25.639474583195494,0.28838912281916357,56.537311607722096,0.008729184562565565,1.7517539703977765,0.7542689103542203,1.96029725961967,65.46391329269127,1,1
2026-04-26,Momentum,0.7529029087977095,26.339794477698455,0.2284355447410582,58.59463025746949,0.005331421007836179,0.718985426853909,0.8528247300727281,1.6968303562145268,66.45465323545557,1,1
2026-04-27,Momentum,0.5849621141353377,25.36940069532378,0.22387931955451454,53.2097735426734,0.00249065506888424,0.6284423143156876,0.5231448617712745,1.4634600584599433,68.4467965956426,1,1
2026-04-28,Momentum,-0.14262612480634854,22.1143148891826,0.13894112425309033,44.38481879366365,-0.004987544163175019,-0.815461466623689,-0.0066685009571648135,0.8182077957893387,62.61271527166167,1,1
2026-04-29,Momentum,-0.44061511404732023,20.5433626970678,0.11304964808785413,43.474384982112966,-0.011200785887064952,-1.2200979182202585,-0.061311215628139,0.16657363658143093,55.11460355959038,1,1
2026-04-30,Momentum,0.6986513380497072,24.078229919038293,0.2535479768853152,53.43179524092602,-0.005651330860553503,1.1557601929646355,0.5447593062476334,0.46127916546908404,60.85159864718737,1,1
2026-05-01,Momentum,-0.20605730878506123,21.970154421044917,0.1497681450293362,48.30933775856134,-0.00859653800312499,-0.6067884325855312,0.22182898639857637,0.08412563422115725,56.435329111378294,1,1
2026-05-02,Momentum,-0.155462910402317,21.363265354106105,0.16930999918594783,47.93320478037537,-0.008821947050797377,-0.266511021610606,0.19544441411149074,-0.0965104714638828,53.91115414565475,1,1
2026-05-03,Momentum,-0.39967465416724735,18.37419309231573,0.16020832991651668,38.473988852457275,-0.009138678775813725,-0.41920662156365346,-0.4048042806822049,-0.2898058295428124,50.78831395778991,1,1
2026-05-04,Momentum,0.8730417958104183,24.3626900859468,0.28642738966615533,55.76967398955287,-0.0008393644957804106,1.716974647223886,0.702543555455255,0.3260182618553195,59.873301200342006,1,1
2026-05-05,Momentum,-0.002717435156929196,22.363875160305867,0.18488970440548194,48.66879044184788,-0.0021077335726589087,-0.026249450643504195,0.23668705326393488,0.18466066786857063,58.48565895836869,1,1
2026-05-06,Momentum,0.6399778494457818,23.62180492213277,0.25405054494898194,49.474548618467075,0.0015919338671736318,1.1443326901245985,0.28623299506504957,0.4988401142059094,63.95044556711637,1,1
2026-05-07,Momentum,-0.10989852766583957,22.559682379416884,0.16968755625622653,47.04911955539488,-0.001589632793285431,-0.31208294352686206,0.12308354511331975,0.21325346639906861,61.40169828873407,1,1
2026-05-08,Momentum,-0.3178120913447997,21.13696069539452,0.15520769669433376,43.76874615883415,-0.004454039558433209,-0.5573047846475829,-0.09713137490202998,-0.10376008223816699,58.24165891215332,1,1
2026-05-09,Momentum,0.34273430362896423,22.27296381307236,0.22464649953369817,46.51092572801351,-0.0016038550675066437,0.6563595805941932,0.08900806668205485,0.09331796283115036,60.8350565445088,1,1
2026-05-10,Momentum,0.36846208799755287,23.21693635361933,0.21628952837253843,49.29536334337288,-0.00028237590949868044,0.5015777416757066,0.2779500609216209,0.19350464698548947,62.3702258382301,1,1
2026-05-11,Momentum,0.4344047939679875,23.867614800032918,0.2219813074142872,49.89003397528927,0.0009088682500002208,0.5950132492262769,0.31578349368148756,0.3072523986301307,65.64999203281509,1,1
2026-05-12,Momentum,-0.511129737672025,22.242645249603648,0.1148851057309504,48.64114450637908,-0.005243900282947301,-1.2960154590766206,0.22547851514188802,-0.3117934174965694,58.98403013247713,1,1
2026-05-13,Momentum,-0.6151184558235924,21.37053007555906,0.1122082180076074,49.95118990964564,-0.009001466817039417,-1.3074474308943498,0.31513960702016275,-0.8042733399459716,53.15388634213027,1,1
2026-05-14,Momentum,-0.19755647281742303,19.977766456308785,0.17002526289219178,44.64090574729782,-0.007179691676354701,-0.2796454793269718,-0.06521774016337933,-0.7894443168025852,53.72409995764169,1,1
2026-05-15,Momentum,-0.8423793026205375,19.151651018411403,0.09854368747322606,46.57115262268193,-0.010191565639932457,-1.5090519158093643,0.0739599702696788,-1.2303909756311675,47.11347891367932,1,1
2026-05-16,Momentum,-0.8316948829571793,17.92439645292706,0.11105782984268842,46.063699559102275,-0.010691550689080478,-1.2568197470283955,0.03647713765169549,-1.453803823957771,41.043662738451,1,1
2026-05-17,Momentum,-0.9149992405827749,16.77210057681402,0.10207360603236444,46.0710121304159,-0.010938529686368367,-1.3765552040692286,0.03667925195158201,-1.6436173248320556,34.62527403183839,1,1
2026-05-18,Momentum,-1.0456771279570265,13.525944210019205,0.11268421906438016,36.082946646296286,-0.009738554512782082,-1.1664870210263738,-0.6989234733334612,-1.6835067478811523,30.792721640809106,1,1
2026-05-19,Momentum,-0.010815021549626186,17.932708833445062,0.19582083372746847,50.90219339133852,-0.0030439250527440048,0.2721484664693719,0.4076919065979522,-1.179903611838444,34.657412185306455,1,1
2026-05-20,Momentum,-0.7437394088049167,14.773604729179628,0.13265078781801162,39.88027972073389,-0.002586307831532483,-0.8200434331501627,-0.4205037053683431,-1.1703262261764602,32.26462381262398,1,1
2026-05-21,Momentum,0.2805780942565771,19.233991468174214,0.2144775488834728,53.74948754399461,0.0031973340993407175,0.6072346863621055,0.6272839295350869,-0.6362863663255887,37.307143220970474,1,1
2026-05-22,Momentum,0.033025225690342594,18.734559740043665,0.1702023377922609,51.19559831521897,0.003961216431947684,-0.17166648684727043,0.4276039368565226,-0.4902049244546653,37.4951597809936,1,1
2026-05-23,Momentum,,,,45.11832454692259,0.003168973145558149,,-0.04029974054042673,-0.4767526572255149,37.4951597809936,1,1
2026-03-24,Network,,,0.53065208293017,,0.0,,,,75.92681887080832,1,1
2026-03-25,Network,,8.321388123752794,0.32689289609486655,0.0,-0.013003435285215924,,,,69.27806463902652,1,1
2026-03-26,Network,,18.91674519893441,0.48068299552397803,43.012279799484936,-0.010627912715584217,,,,67.54137803891437,1,1
2026-03-27,Network,,10.917827820722037,0.06799873204492242,19.966684063597583,-0.03486453341143742,,,,54.24115393371231,1,1
2026-03-28,Network,,12.901984925870906,0.20638932986804284,32.156386998378636,-0.039262832676250976,,,,47.25902970603909,1,1
2026-03-29,Network,,12.001422374233455,0.21111575658291576,32.5074656246516,-0.03943693748346475,,,,40.9704869347399,1,1
2026-03-30,Network,,16.9837867157042,0.5485285991286362,50.71462420302529,-0.01563311757921848,,,,43.08797474542914,1,1
2026-03-31,Network,,15.074074564675904,0.3864351821498511,44.896266297844704,-0.009889926076688746,,,,40.354952758060165,1,1
2026-04-01,Network,,13.172682287164971,0.26203910624459387,41.26321456317701,-0.013339556771070162,,,,34.04065648742788,1,1
2026-04-02,Network,,12.175115502655446,0.24947684110651414,40.92874923453386,-0.015202858895486206,,,,27.95302658641474,1,1
2026-04-03,Network,,15.910301981831319,0.6037375200338475,51.919183969449435,0.007470230087400394,,,,32.89110362257897,1,1
2026-04-04,Network,,14.916668332731494,0.4400809351411249,47.80989198371986,0.011264396884196747,,,,32.70140503803591,1,1
2026-04-05,Network,,14.667524120962131,0.4078082180991556,47.07515325624513,0.011385662177712794,,,,31.544001422021996,1,1
2026-04-06,Network,,14.315551425690913,0.39514519165464573,46.79299162026362,0.010423961452763114,,,,29.08238571828566,1,1
2026-04-07,Network,,15.112629012155175,0.49391239114997904,49.169324772384726,0.015921350930568172,,,,29.38694666065327,1,1
2026-04-08,Network,,12.80581693906176,0.12697785757287094,45.79057240558143,-0.004577293846192904,,,,20.250836021765497,1,1
2026-04-09,Network,,10.504264433241262,0.11040546080406756,41.72524606849847,-0.017925450795401796,,,,11.39283170587003,1,1
2026-04-10,Network,,14.648813141935804,0.39338730083086954,57.719078133049806,-0.006934380750921711,,,,10.614612660296142,1,1
2026-04-11,Network,,18.682515278018496,0.9062,64.09707683920873,0.033418948550487194,,,,24.16260363666191,1,1
2026-04-12,Network,,20.837645611863692,0.92078,64.23904187613275,0.05818836946770672,2.2395211469020957,,2.7182965704613666,36.5243896121943,1,1
2026-04-13,Network,1.2708457724214368,19.087186435371027,0.7071999999999999,53.35013641057466,0.0571983833052319,1.2325757455761537,0.6556918542315086,2.5432764968973203,41.63874999669349,1,1
2026-04-14,Network,1.5649834556956759,22.681344504343205,0.8888999999999999,60.52176564850652,0.0652102760066107,1.7976400334648948,1.084522193852312,2.6085178040913055,51.41539184188557,1,1
2026-04-15,Network,1.530353956652224,25.10763864595435,0.8885,63.83683203466334,0.06667455133914954,1.6418913611956958,1.2316129418025041,2.512280086104626,60.360149293100775,1,1
2026-04-16,Network,0.14446210603904286,20.258660460094056,0.25793999999999995,50.146841039968294,0.023590843400079088,-0.7427694622980574,0.30822008483515684,1.5758260929143038,51.555584388333195,1,1
2026-04-17,Network,1.013679619026208,22.427305670917434,0.786725,52.993644534226426,0.028776762901478195,1.2297289649385168,0.4899491673561328,1.6841425067317721,58.26816788959876,1,1
2026-04-18,Network,0.3740239302073559,21.671147172391713,0.5103714285714286,51.10904566866603,0.012497644533237262,0.17356227949834785,0.3510977518633548,1.3419851164620238,56.8048432597727,1,1
2026-04-19,Network,0.9674808862879185,23.788975470956608,0.7753375,55.402210648949975,0.01813530488587447,1.1498741803008001,0.6373699906955663,1.4486359434655054,62.81536758480174,1,1
2026-04-20,Network,0.8402586919785656,24.230268229092385,0.7026166666666667,54.44102924321327,0.015622718678766134,0.8426172017272822,0.5548524267713922,1.394484461685099,66.29752965269168,1,1
2026-04-21,Network,0.4804645945321895,23.95213256819479,0.6391125,52.11881191482053,0.008686008544185282,0.5827798250570727,0.378492361258421,1.2459363100012635,67.62223954918518,1,1
2026-04-22,Network,0.3315026073866272,24.682547932495233,0.5170444444444444,56.1300677444952,-0.0044172306944246995,0.10229267917953065,0.6578410744048244,0.951101158891134,65.5921592683837,1,1
2026-04-23,Network,-0.47677695200888026,20.9599829738901,0.09746205564767121,49.81945789544722,-0.03967523939441257,-1.4873922864190783,0.18430165647547916,0.11153200661133014,52.32182202171314,1,1
2026-04-24,Network,-0.3087851612950894,19.94992672917582,0.3201,48.96024280860871,-0.045895716092599806,-0.6056254905405887,0.11726215475042423,-0.21857444899354067,46.34877013742314,1,1
2026-04-25,Network,-0.28353288650597774,18.168782874264767,0.451628751607053,42.76843696173855,-0.039299712827759424,-0.08588882325833086,-0.35383926364775775,-0.2759341244893164,45.16746941699488,1,1
2026-04-26,Network,-0.6015972843609761,16.529558819181872,0.28275658406862725,40.32494224036432,-0.04409767448258718,-0.7446145313697674,-0.5343891010222513,-0.5721336466677427,39.47224373650097,1,1
2026-04-27,Network,-0.603340085709847,16.350362743764286,0.2777497431403647,43.048009965555124,-0.04522762568791189,-0.7477086423790313,-0.31396654187768347,-0.7971686870559459,33.56567829808878,1,1
2026-04-28,Network,-0.034414256699016404,17.050334153049988,0.5187333333333333,44.120548490664575,-0.028197687552112473,0.22661901161589196,-0.22460677344232421,-0.5889852737919202,34.82724201474218,1,1
2026-04-29,Network,-0.46320844837353925,16.46280514449895,0.3744285869811183,42.19181242961154,-0.025202153391304077,-0.36136682767134415,-0.37551243086594166,-0.6423591677477954,33.54135506253198,1,1
2026-04-30,Network,0.6771402953699096,22.144423034412018,0.7598066666666666,58.2362548039952,0.0027004187264902738,1.2022591756646628,0.9218233506864276,-0.06740425072415113,42.600296731030916,1,1
2026-05-01,Network,0.16832273088835847,19.413406558339105,0.5423888888888889,45.53369138231338,0.006276362586192826,0.29898720014835345,-0.12445029940788487,0.03689856898079436,44.71348423244119,1,1
2026-05-02,Network,0.6414395502808524,22.483334472738683,0.7150000000000001,53.887937571009225,0.01929381766311311,0.9957458208414579,0.5644514826940354,0.39927536962254506,50.42675191005264,1,1
2026-05-03,Network,,,,48.72523703829113,0.01543505413049049,,0.12724684720769644,0.3937151107860609,50.42675191005264,1,1
2026-05-04,Network,0.4258080098299585,22.143741269648338,0.5897,50.269919285392014,0.016200902453858905,0.46445257904754517,0.2559375902388612,0.4880249246491852,53.17351771651128,1,1
2026-05-05,Network,-1.009186552002544,17.19431336322978,-0.04565250423699618,40.238747557177305,-0.025506104875713035,-2.073642927331206,-0.601624722032264,-0.5275165597610653,38.29132711912909,1,1
2026-05-06,Network,0.2339585397321096,20.926756071713353,0.5489202012089391,52.35416494126041,-0.012334379379244757,0.3257772788765949,0.4479779640194079,-0.3071117920035462,40.93119132955035,1,1
2026-05-07,Network,0.25994834501534186,22.418217736672993,0.4638322517810441,58.18426156946927,-0.008802453578151282,-0.021671965792885863,0.9402108089785072,-0.2749435949282989,40.831510412135465,1,1
2026-05-08,Network,0.8525896154824119,24.41604172889273,0.8031333333333334,59.74762786040826,0.015605862220366893,1.3374300678405688,1.0523515606930276,0.34176690728649306,48.88731223782817,1,1
2026-05-09,Network,0.820403551639984,24.78020543933604,0.7556888888888889,57.07037300366154,0.02710280570161319,1.1148709886884807,0.8022116824229331,0.7342482797481669,55.34379296937485,1,1
2026-05-10,Network,1.0594469726055145,27.032267492490156,0.81314,61.2086009574578,0.03653687889804014,1.309587362352917,1.1386368456454712,1.1202188927847108,62.72054113249452,1,1
2026-05-11,Network,1.2329142181988175,28.881712785061836,0.88078125,62.189459529780585,0.044750471178564406,1.526938267981,1.193470062401136,1.4981004047868685,71.12737139496691,1,1
2026-05-12,Network,0.5828036818422179,27.452853489212607,0.6686666666666666,54.65129010851692,0.03381316048738002,0.6712708287322757,0.5266368730901045,1.4000464680277722,73.21482024577381,1,1
2026-05-13,Network,-0.024036928835195745,25.641248812928765,0.34977798952149847,51.606144424257366,0.004554646471884714,-0.5990186752041377,0.25531622458615283,0.7786064112770391,66.28185602194839,1,1
2026-05-14,Network,0.8965439571127389,27.483560221294518,0.8486,53.29708611877398,0.017520541607755173,1.3732142251989474,0.40133481227811835,1.130045533718977,73.9372187290553,1,1
2026-05-15,Network,0.35407386324674617,27.454931812780075,0.6067666666666667,52.89927813126401,0.008965358134306982,0.40199169348729324,0.3616677451932588,0.9747632131849227,74.65807981422516,1,1
2026-05-16,Network,-0.16869086102465858,25.01208667598093,0.3887980180132865,46.971154883819786,-0.011127789065110257,-0.471120572612862,-0.17369820383313375,0.4734294846562119,69.40496180566147,1,1
2026-05-17,Network,0.7210075587314712,27.48863660525506,0.79115,52.70851295662992,0.002213383525632995,1.1378607158005936,0.3473764333276191,0.7656631352486927,75.70370304717754,1,1
2026-05-18,Network,0.02902948276712697,26.274965350305315,0.5123800000000001,49.032919819865356,-0.007661484696037807,0.009122189882494382,0.008345153902770411,0.5015422450650163,74.45171431377089,1,1
2026-05-19,Network,-0.2762747085503686,26.443059611901177,0.28240343567878007,54.56619504731634,-0.028438715471813602,-0.9153485223752293,0.5175074722808264,-0.11303331577453389,67.25678387720146,1,1
2026-05-20,Network,0.23128225864812776,25.92625724258891,0.5927125,50.66192289995499,-0.020415574913289235,0.3510580409105611,0.15030056579144127,-0.047608879023684325,69.2841749187679,1,1
2026-05-21,Network,0.9140484635698471,29.197545531610885,0.9201250000000001,56.42614207029517,0.006376526689122412,1.6457644392252506,0.6864155658988773,0.583506468000334,80.00750361538874,1,1
2026-05-22,Network,,,,51.821741567452555,0.005101221351297928,,0.24689419313897104,0.577043516509325,80.61181803119862,1,1
2026-05-23,Network,,,,52.59892597251229,0.004080977081038339,,0.31839103179687733,0.5641519487403357,80.61181803119862,1,1
2026-03-24,Oil,,,-0.27374760078507415,,0.0,,,,0.09293823359630718,1,1
2026-03-25,Oil,,27.876224556930914,0.4599213905054415,100.0,0.04682104103962266,,,,14.600506741418993,1,1
2026-03-26,Oil,,13.536464032901945,-0.4078954893378966,45.81176796590014,0.018224365632971525,,,,10.504796891283815,1,1
2026-03-27,Oil,,13.25809480575698,-0.3990072784185541,46.110851539731186,-0.0002358546458168624,,,,7.637784139412995,1,1
2026-03-28,Oil,,16.755981017794777,-0.01622037571171118,56.46027157471094,0.01248685259965733,,,,11.914222116790883,1,1
2026-03-29,Oil,,17.043180572133092,-0.055113791905488915,55.37962489530205,0.017148356473528713,,,,14.835262361249999,1,1
2026-03-30,Oil,,13.73124054838706,-0.4898987053558388,45.61886533693879,-0.008791064543648003,,,,10.21924774205222,1,1
2026-03-31,Oil,,16.648829517696154,-0.06814120639611365,53.55893202951926,0.002131807203580017,,,,14.33330268298813,1,1
2026-04-01,Oil,,16.999488664545638,-0.10976005964269571,52.79821623730636,0.006010199842078394,,,,17.326886608532188,1,1
2026-04-02,Oil,,19.79547908688878,0.18573762407033526,57.122226542685944,0.026770229060499254,,,,26.19128482849026,1,1
2026-04-03,Oil,,19.1228456770167,-0.05450857615617828,53.16274644050743,0.022772128154902448,,,,27.940704923480574,1,1
2026-04-04,Oil,,19.025560683086034,-0.11549509701621569,52.243477793035694,0.014853729655756473,,,,28.391630893562308,1,1
2026-04-05,Oil,,20.793291549523744,0.11769935591527493,55.205217121092794,0.023633347940112168,,,,33.3547575095778,1,1
2026-04-06,Oil,,20.778575739332055,-0.03350861126465088,53.07105068803231,0.017833187954070136,,,,36.32719439094862,1,1
2026-04-07,Oil,,21.018500763985564,-0.0652485755869046,52.643854272266836,0.01078228277687223,,,,38.379358024172845,1,1
2026-04-08,Oil,,18.483606359667043,-0.08206367233902653,41.600346277593935,0.004244950022909637,,,,39.37961142539227,1,1
2026-04-09,Oil,,22.721911207068075,-0.05976209390325764,57.31151718093777,0.0008588720267108871,,,,40.81421770568587,1,1
2026-04-10,Oil,,23.28493441724913,-0.018377854678229076,57.88635447489829,0.0008412965544327827,,,,42.98590448335027,1,1
2026-04-11,Oil,,20.227846045343803,-0.16031151128083226,46.68353771662567,-0.00876488279200497,,,,41.87053309984951,1,1
2026-04-12,Oil,,21.683229707835608,-0.010545660943413776,50.97598672904181,-0.005241883479327546,0.34341450758400976,,0.08466636099271553,43.90064949150461,1,1
2026-04-13,Oil,0.5034757455670815,25.336327577964774,0.023872846273332835,63.64332317841707,-0.0010237014357883517,0.4922137741376575,0.7414855767961415,0.28017597383315895,46.97484954387049,1,1
2026-04-14,Oil,-0.18292559136962883,21.96522880500264,-0.06917394938178752,49.9667748257738,-0.004723121021858047,0.04055030784889097,-0.4024782866683273,0.024067631707756536,47.39186648586546,1,1
2026-04-15,Oil,0.1697544559974914,23.05672517399246,-0.012711842990319789,53.092676173119784,-0.0036391364354753583,0.3133569348156005,-0.12979409288567167,0.03271391490591099,48.89842191997384,1,1
2026-04-16,Oil,-0.2914160744248149,20.50266976115234,-0.02080695658884942,41.94191264952813,-0.0037254276812222348,0.2664133178083412,-1.0622421219628249,-0.02271109784002317,50.25956915532996,1,1
2026-04-17,Oil,1.0329578119406972,26.73891113228265,0.26281510734494384,61.974714380478225,0.014084498152011647,1.6028097233672547,0.6793524428939696,1.120574716679619,56.892676146538385,1,1
2026-04-18,Oil,1.342106548679122,28.95860619708834,0.302591850913683,66.0338414110769,0.02658406030246903,1.6626924258068299,0.9982895376418265,1.9672475152160356,63.38325977738966,1,1
2026-04-19,Oil,0.25385296178783967,24.412316275643967,0.04851873318186651,47.38870649945313,0.0162865395607507,0.43757837556038387,-0.642468154002063,1.5352763048215732,64.21432368264435,1,1
2026-04-20,Oil,0.3631816357489067,26.404894928324524,0.06760841225260296,54.23962033603241,0.009635553183982654,0.5184520388441802,-0.02535039694188503,1.2576313325568047,65.70803381440066,1,1
2026-04-21,Oil,0.1520822327686794,26.237138036249597,0.014975033346570004,53.30568747668236,0.0010196402214447259,0.2544967341924471,-0.1091261335397873,0.8154033847464391,66.52647728854204,1,1
2026-04-22,Oil,-0.0902186833300995,25.872291758609993,-0.03264499805929283,51.98592534287356,-0.008058574104432288,0.015614185547818578,-0.2284294013598033,0.2532547885228171,66.59508563641414,1,1
2026-04-23,Oil,-0.32981779324699556,25.239651663996376,-0.062184909755305245,49.90320052027704,-0.015778456850691833,-0.13286808607037345,-0.41835377685099917,-0.33680989406896183,66.66715979903503,1,1
2026-04-24,Oil,0.305647277248128,27.004407298892744,0.11106889717770525,54.678806953252625,-0.009264491013425205,0.7468085105274453,0.04193821221084602,-0.1171984530848326,70.24540231014531,1,1
2026-04-25,Oil,-0.33987300652622693,26.40319729881265,-0.0627477764078549,53.44696102629988,-0.01629860909021895,-0.15839184499631648,-0.0777826375214226,-0.687195666448166,69.36631538015894,1,1
2026-04-26,Oil,-0.578818485406418,24.83599376738516,-0.06124038976116783,47.99934819468625,-0.020229743839393792,-0.14818681285687546,-0.6085172590081706,-1.1253370789056416,68.77444954032339,1,1
2026-04-27,Oil,-0.6078690435357965,24.714379156479506,-0.03826387668643147,47.525445494637296,-0.020593695003039293,-0.02414766187727791,-0.6426643203474572,-1.3576297095772332,69.64433623613087,1,1
2026-04-28,Oil,-0.4812797650402627,25.925106047260613,-0.01894884137726078,52.12497426029439,-0.01888945544223667,0.08028679386792077,-0.17248689733372866,-1.4477690657489244,71.406421308749,1,1
2026-04-29,Oil,-0.5986551973111249,25.24243228663069,-0.030405554061732246,49.22175923602081,-0.017898981235405502,0.016551240834917786,-0.4640877599216435,-1.5490008098839496,73.24702078483912,1,1
2026-04-30,Oil,-0.12523071965685834,26.468145252457894,0.04595307448196828,52.770034547725906,-0.011762838295753909,0.43894731190655983,-0.09263746617116736,-1.336300360090423,76.23391669841278,1,1
2026-05-01,Oil,-0.9041991616390382,22.159350066577097,-0.025631913050257804,35.47601897254587,-0.012137762701781095,0.03160540275733554,-1.8092877114850834,-1.4440716723472833,77.45819969601128,1,1
2026-05-02,Oil,-0.9527161187533206,21.451981768652836,-0.024539866494737567,32.86044335479143,-0.011908300877755544,0.03743152208250544,-1.9433000439406474,-1.5113832122134767,77.73906387343285,1,1
2026-05-03,Oil,-0.7291562501428069,24.08347032989314,-0.039981846176801866,43.81708710658255,-0.01234007174310366,-0.05205790185904155,-0.8484289813635976,-1.6043198214563306,77.75949100052296,1,1
2026-05-04,Oil,,,,42.27743988746971,-0.009872057394482929,,-0.97606345080041,-1.5380087785676406,78.73132790666212,1,1
2026-05-05,Oil,-0.8173785802561877,24.333290149032486,-0.09099253306165336,45.732921097994904,-0.014579489015432247,-0.34888329291718284,-0.6249225344693915,-1.8225909135048166,78.54518748656884,1,1
2026-05-06,Oil,-0.47601211021875844,26.41817810321998,-0.028554558737217798,54.18204769802002,-0.011823469663401845,0.023882407298733282,0.21166651424758212,-1.7442939046555679,79.46755800327226,1,1
2026-05-07,Oil,-0.010591689537395726,27.97447785060966,0.01611674806743679,59.594141587401545,-0.006728997083243978,0.2904351984034688,0.742061663487903,-1.5343155490453873,81.21691835150122,1,1
2026-05-08,Oil,-0.41167799331237676,24.150119213008537,-0.002660598337113855,43.96280415176563,-0.004469696068631594,0.17368182542368207,-0.8208740187590651,-1.4347128957978421,82.05740079711543,1,1
2026-05-09,Oil,-0.7355140224402328,25.246250357271386,-0.11501056473900874,49.86329871350226,-0.010067260621467873,-0.5136312713849608,-0.22034362527916193,-1.7021091869365352,80.69385788512284,1,1
2026-05-10,Oil,-0.46363552190163204,26.647668913222912,-0.05255113781365965,55.75230454171652,-0.00911705029692261,-0.12306347451713591,0.3783222334288593,-1.6846565307149501,80.7885429463713,1,1
2026-05-11,Oil,-0.5038891027549022,26.158427226358633,-0.05140335895472765,53.80926608695852,-0.008004619668667654,-0.11462936043103701,0.17551976096980992,-1.6531654497566093,81.25715868326691,1,1
2026-05-12,Oil,-0.5624320893278361,25.594783321809274,-0.05501749477285978,51.55196019784795,-0.007134478071110878,-0.1362314401946087,-0.059740169791887614,-1.6261450681178378,82.01096186591201,1,1
2026-05-13,Oil,-0.5556415801630933,25.73130430775712,-0.06137644133155958,52.10371929425825,-0.006620719294865987,-0.17533914235960169,-0.0014638426575336021,-1.6102389387443292,82.44673646645504,1,1
2026-05-14,Oil,,,,42.95901799378849,-0.00529657543589279,,-0.9585402020798293,-1.5559111213590044,83.02683426896246,1,1
2026-05-15,Oil,-0.21810773614367626,26.086020068907793,-0.022056583331856464,52.32467129160643,-0.002028060282063613,0.07936957178621755,0.04090203757104466,-1.409681068322536,84.95183551826467,1,1
2026-05-16,Oil,-0.02740789044396036,27.104966975607603,0.005048710769389334,55.824433067555894,0.0015695069800839468,0.2546655664645953,0.4136487375107002,-1.2304749566469235,86.15507844456229,1,1
2026-05-17,Oil,-0.18313336013257733,26.26615427404654,-0.032463136218051455,52.551514695902114,0.0013765877793783612,0.0061210945361326,0.057400968274122825,-1.197340213345447,86.50355457537762,1,1
2026-05-18,Oil,-1.5643337019610455,20.316340785293825,-0.2783387754455947,31.788319057686408,-0.014482449725989636,-1.5839171054480607,-2.106732843666175,-1.842109577665588,83.2724081136736,1,1
2026-05-19,Oil,-0.8548248935535375,23.90216984859271,-0.1139418080157824,46.042417173585825,-0.0131137020120454,-0.49522973180646856,-0.588446721381278,-1.8358133035494832,84.05639235353857,1,1
2026-05-20,Oil,1.3147410947559772,31.18751756370051,0.4490205720193676,67.0231784602858,0.02444673799329861,2.942596534026452,1.5965319380161231,-0.28615224962542424,95.08768374387053,1,1
2026-05-21,Oil,-0.29901453766576686,26.22316667784174,-0.023623345134244897,47.69531882146298,0.016576755664131776,0.04229419136357775,-0.43024875169019183,-0.4150721112439154,95.30406680646584,1,1
2026-05-22,Oil,-0.3729824019604334,26.14916218672719,-0.042519861509852305,47.692005247067016,0.009563739529153827,-0.07405483109749976,-0.4263171319645279,-0.5748978460591301,95.23144469227688,1,1
2026-05-23,Oil,,,,51.03466647112548,0.007650991623323061,,-0.06939652312129142,-0.5861009836216322,95.23144469227688,1,1
2026-03-24,Oil & Gas,,,0.0582172034241612,,0.0,,,,25.84832911783075,5,5
2026-03-25,Oil & Gas,,29.33080193302912,0.09004577487836334,100.0,0.002031225072860765,,,,28.918171014131822,5,5
2026-03-26,Oil & Gas,,30.057212492473006,0.14781977172063637,100.0,0.006880249357468622,,,,32.43781282152655,5,5
2026-03-27,Oil & Gas,,16.633969121343558,0.03640183738018323,44.57384551381318,0.0024281064676278602,,,,34.29673850976584,5,5
2026-03-28,Oil & Gas,,9.237549964551324,-0.21957907342771588,19.606628264245543,-0.01685164470497792,,,,28.39085765071483,5,5
2026-03-29,Oil & Gas,,15.627332124794972,-0.0024384688196286116,45.5012689745272,-0.014182458953225514,,,,27.801526612896936,5,5
2026-03-30,Oil & Gas,,15.23099108134952,-0.04190122528292434,42.98502250247968,-0.014239530225147873,,,,28.79971206307827,5,5
2026-03-31,Oil & Gas,,17.51406180453064,0.06341566081702488,50.31739650096398,-0.006730421486267587,,,,31.211305460951344,5,5
2026-04-01,Oil & Gas,,16.588244310552952,-0.009003687692294487,46.22922706190709,-0.006199988862707591,,,,31.795826396307206,5,5
2026-04-02,Oil & Gas,,18.841546075979526,0.11559864363502119,52.8240472635652,0.002516132973920294,,,,34.587445782749604,5,5
2026-04-03,Oil & Gas,,17.939628831819398,0.04340102156651533,49.3191974951795,0.0033409246756064114,,,,34.43862559220909,5,5
2026-04-04,Oil & Gas,,17.31284693358645,0.0013760161713906732,47.48527256764053,0.0010942778495006324,,,,33.497059612515635,5,5
2026-04-05,Oil & Gas,,18.309504127009532,0.0784191990486349,50.83672309852821,0.004636445326835284,,,,34.117587536984495,5,5
2026-04-06,Oil & Gas,,17.85602319526013,0.006108756832200473,47.963749563639965,0.002079276356346759,,,,35.103467423232765,5,5
2026-04-07,Oil & Gas,,18.576979164398832,0.04281681364755667,49.41498000825896,0.002785779316806728,,,,36.34868472532995,5,5
2026-04-08,Oil & Gas,,17.57859255603065,-0.027599665871091278,45.6582488271435,-0.0013419344378299732,,,,35.32657563818957,5,5
2026-04-09,Oil & Gas,,19.63265746431098,0.17623301613820602,50.94655646697283,0.009221739333289129,,,,38.15119970468724,5,5
2026-04-10,Oil & Gas,,19.849274067989533,0.07044555002258639,51.13840007948624,0.008659672217835332,,,,38.629766279474154,5,5
2026-04-11,Oil & Gas,,22.052910028494026,0.035494758597940754,60.00906837463638,0.005654564689794249,,,,38.43208096101527,5,5
2026-04-12,Oil & Gas,,19.601898064619153,0.013600051861611312,50.74323447427455,0.0020960603897110007,-0.24862862655671367,,0.6602953203244503,37.68605281951526,5,5
2026-04-13,Oil & Gas,1.3671014523177636,22.97121565908769,0.24275946998496237,61.21891222578212,0.01439415078426403,2.165157150054191,0.4404641901263467,2.02339438784343,41.730502295682285,5,5
2026-04-14,Oil & Gas,0.08188287483806708,19.644773639013692,0.01578783462345177,48.287162139719236,0.006844135910645793,-0.2985625809301368,-0.27533635567298514,1.3634785444998003,41.08092884146985,5,5
2026-04-15,Oil & Gas,-0.13012113416497528,19.835127418104314,-0.008509286929187936,50.01841759386438,0.0001681122486147128,-0.553024096084597,-0.17226874573285395,0.7180667226144201,39.43151473922508,5,5
2026-04-16,Oil & Gas,1.0838756785427246,21.106744850280784,0.2159680090301137,53.480040245059094,0.010265676519344714,1.7975754613872035,0.0299468813319326,1.7433996858140957,41.83518328563743,5,5
2026-04-17,Oil & Gas,0.24672419680138621,19.999808145851603,0.058558074747137666,50.49620931710455,0.005952721314244264,0.11368623881911684,-0.1459521917479324,1.397555402321153,40.82081471132309,5,5
2026-04-18,Oil & Gas,1.2936952389593528,22.17120680475804,0.2444519482380991,57.272700928257834,0.014728903454374453,1.9318017842378548,0.26382004821629634,2.1878154033341994,43.13032055051765,5,5
2026-04-19,Oil & Gas,1.0115350051190226,21.344027764730725,0.17777874477253253,52.99134623000328,0.015097230375081901,1.191714074581647,-0.0037860895036544487,2.2182121666759778,44.743735971977124,5,5
2026-04-20,Oil & Gas,1.4511916640195583,23.088350147549875,0.2868990473052725,58.27024781166929,0.021360689450911786,2.064804047948379,0.32638542470009496,2.59597492126466,47.85687170792649,5,5
2026-04-21,Oil & Gas,1.0815643462831754,22.23579210162737,0.20314301445470742,54.59481939282255,0.018633159817296976,1.2174863215309375,0.08618346869749209,2.3783180264698003,49.30574055911198,5,5
2026-04-22,Oil & Gas,1.125639781097601,23.071700426914166,0.2216638389454649,57.3626997081384,0.016897835613233332,1.324620513949871,0.264458741927206,2.2475601118436552,51.07202390612582,5,5
2026-04-23,Oil & Gas,0.5890130132142624,21.20825406818623,0.17466921536852925,49.94909195232731,0.011655818687372303,0.8661575087995217,-0.23038624931946594,1.9479805165186965,52.52954954694685,5,5
2026-04-24,Oil & Gas,1.3712424574870212,23.791566129250455,0.33172987012667005,58.2310844136263,0.017486435073181462,2.10797098705218,0.3303350086921493,2.2209887467316767,56.51440673649688,5,5
2026-04-25,Oil & Gas,-0.4704273404623529,20.050571127413264,-0.10383841982161184,46.4952881472801,-0.007908536923954865,-1.580206135965366,-0.47559332057741116,0.9010801643776886,52.943016882678194,5,5
2026-04-26,Oil & Gas,0.8262741344015102,22.82319260445312,0.24916650215835237,55.07925361526956,-0.001200931094221723,1.3450631837576592,0.1262513260403302,1.1622064418340488,55.62068157265503,5,5
2026-04-27,Oil & Gas,0.23918367457954423,20.708132763333985,0.1600890858947181,48.1028687206275,-0.002933600071146819,0.5904865510056032,-0.366058341313617,1.0151956060229548,55.55085361079449,5,5
2026-04-28,Oil & Gas,0.3495810117036049,21.89916930409973,0.17204934140748987,53.97851953019258,-0.0034109659724051583,0.6772161609704909,0.05850814000118443,0.9276885566063897,56.49875229499734,5,5
2026-04-29,Oil & Gas,0.7319921162798483,22.355820641647924,0.22431977658118588,55.844724840084886,-0.0004962321402946987,1.0872000862789735,0.19288329859812942,1.029328792667681,58.70914365030906,5,5
2026-04-30,Oil & Gas,-0.10561738148073704,19.817737144891357,0.08492422464962386,46.56360859068427,-0.007838735591988305,-0.09104115120629856,-0.49043120634915804,0.5809319368136444,58.26390319445206,5,5
2026-05-01,Oil & Gas,0.6421362812103467,22.033328894773973,0.22732777197221918,54.46079460738871,-0.0032237442492631524,1.0978150203275485,0.10298032931772441,0.7466631490184406,59.92084108962082,5,5
2026-05-02,Oil & Gas,0.7644255460971168,21.65414629835303,0.2790264286092805,50.98362411342858,0.002862821048189721,1.476680649764403,-0.16037691335993032,1.0433414098073137,62.668024222182524,5,5
2026-05-03,Oil & Gas,0.3947465139080363,21.910503190977447,0.21637612924468377,51.10059266655782,0.0022486644006034714,0.9280730149376574,-0.14943222953375676,1.0147514634596875,64.07844524762349,5,5
2026-05-04,Oil & Gas,0.30735824565244096,21.18904887566489,0.21425894244790106,47.7940769896674,0.0013247768253976805,0.890649261086699,-0.40269973313451385,0.9635906797877818,64.97113312011071,5,5
2026-05-05,Oil & Gas,-0.3336563772101835,20.15759316825085,0.04573818706574606,45.45399492501033,-0.010367318813811446,-0.5240670295334737,-0.578638037508431,0.2786065342449304,63.03173352791674,5,5
2026-05-06,Oil & Gas,-0.3438879015367931,19.956105631977543,0.07834646497405888,45.89426348250287,-0.015336585431829027,-0.24348277261893883,-0.5354157688247737,-0.1444351449892821,61.69393602168924,5,5
2026-05-07,Oil & Gas,-0.35915001339216623,20.067810337901502,0.08818489404639009,47.46851646867955,-0.017249779272487185,-0.15699760710640914,-0.4033548597935544,-0.4423578097839077,60.616045108327796,5,5
2026-05-08,Oil & Gas,-0.5942239195612422,18.33511962658035,0.0700845332552537,41.66317427608848,-0.01889086568248017,-0.3108908389480588,-0.8582582950901111,-0.7430228552849419,59.50667246669766,5,5
2026-05-09,Oil & Gas,1.3035556664951604,25.82406011725655,0.4307870809965718,67.88824528077767,0.0039420008088464735,2.6089189886340316,1.2435156656641604,0.4304768672782285,64.14754522237305,5,5
2026-05-10,Oil & Gas,-0.441523877216779,19.34223398357174,0.05828025469125253,43.695340403785515,-0.005882963709632719,-0.437567575496129,-0.704245210582727,-0.13225092551067927,62.549469976601145,5,5
2026-05-11,Oil & Gas,0.3546622666866983,21.593852051710904,0.21557630146068396,51.75362798235495,-0.0018379930348787158,0.8471747867475865,-0.04761828057381087,0.04822341425708667,64.06063448138875,5,5
2026-05-12,Oil & Gas,-0.28015302413028187,20.484826225303493,0.10374321694764849,47.96942688190268,-0.006482662998881204,-0.0788834354986997,-0.3549817851724346,-0.268464054464764,63.5606061158696,5,5
2026-05-13,Oil & Gas,-0.19733880707388538,20.372382921009716,0.1465672289194621,47.67555297380352,-0.006445720203707199,0.2767704622422872,-0.37510565003571583,-0.3457443380482691,63.58549140102273,5,5
2026-05-14,Oil & Gas,0.42864051032328887,22.4397028227513,0.23179692886751774,54.53778675160169,-0.0007554467919565558,0.9781550392631719,0.19793138376939176,-0.05935595427754708,65.42714253529678,5,5
2026-05-15,Oil & Gas,0.3389104750941399,21.4024498879768,0.2207612192673023,49.77919566275687,0.002038219464303952,0.8701096179197646,-0.20269764581663216,0.1128867162405396,66.64544117689923,5,5
2026-05-16,Oil & Gas,1.0687920496568433,23.170593934543415,0.4035967182637248,53.84927961896142,0.015237661970337123,2.274755830028627,0.1436025130624865,0.9950551463310867,70.67652569321606,5,5
2026-05-17,Oil & Gas,-0.4280261530046826,20.63339162012776,0.03547145530626552,45.29769319325744,-0.0009284515478582833,-0.7036133612279741,-0.5865048670755387,0.12529557909244127,68.61313335527197,5,5
2026-05-18,Oil & Gas,1.1176651309927021,23.797488107425988,0.42419107426077635,54.5436390975532,0.013649316072040073,2.319676113369617,0.21378955756943802,1.0660635917026666,73.28801167257981,5,5
2026-05-19,Oil & Gas,1.6465730689537303,26.325305079979206,0.5175758931428105,60.55546354953415,0.027853875577104843,2.799090989964698,0.7299951800348478,2.0889206964626994,78.69573959595891,5,5
2026-05-20,Oil & Gas,1.1393447434524684,25.446680332165872,0.34300023256937134,55.566952544610935,0.023915792573847974,1.4822176267358083,0.2886526225376382,2.0892488531331828,81.37090092783643,5,5
2026-05-21,Oil & Gas,1.415250455522053,26.41611947575529,0.4369201193173737,57.084977835962306,0.025892943192728973,2.0606230287099403,0.41896930777851915,2.3659047252909393,84.93062107213716,5,5
2026-05-22,Oil & Gas,,,,57.50792645852371,0.020714354554183176,,0.4521056647711462,2.242449895963599,85.02971967455024,5,5
2026-05-23,Oil & Gas,,,,50.1472669448155,0.01657148364334654,,-0.20794058812994587,2.1164895797468217,85.02971967455024,5,5
2026-03-24,Oracles,,,0.21895632659079353,,0.0,,,,71.2812715700556,1,1
2026-03-25,Oracles,,34.37555285741512,0.24523992255815918,100.0,0.001677357691364656,,,,74.08206266421851,1,1
2026-03-26,Oracles,,10.226484615869346,0.09700685796591559,15.060794701826211,-0.006822947785673046,,,,58.99939979844585,1,1
2026-03-27,Oracles,,20.629003209531994,0.24273777753206094,53.712979022656306,-0.002481169709703842,,,,62.17719875308021,1,1
2026-03-28,Oracles,,23.3379971436693,0.28069269340902697,58.61752325949238,0.0028098166802078893,,,,69.6367259707051,1,1
2026-03-29,Oracles,,22.85952536913514,0.2502964585264849,54.032454231682095,0.004049971301275851,,,,72.61893976753865,1,1
2026-03-30,Oracles,,25.195365098348496,0.2852985432691393,57.830747041882404,0.0068504693650506925,,,,79.25992078266195,1,1
2026-03-31,Oracles,,20.724637576404113,0.17018497141610872,45.47335691155922,0.0008865096219499019,,,,71.85257178936777,1,1
2026-04-01,Oracles,,21.58418866678442,0.21451404959307274,49.619044097106205,-8.496495096642635e-05,,,,70.49573105892213,1,1
2026-04-02,Oracles,,9.507261795689097,-0.10892477292470891,31.91464390466099,-0.02134621483447904,,,,31.39706990215891,1,1
2026-04-03,Oracles,,13.284054286406269,0.1774646893364726,48.26085087356939,-0.015243684146932354,,,,29.804055545003926,1,1
2026-04-04,Oracles,,19.454197872690308,0.3815771297662309,55.820423890214315,0.0024740454559301593,,,,51.95120024013163,1,1
2026-04-05,Oracles,,14.76252050542295,0.11060102954339142,46.75186221080158,-0.00378151556886013,,,,39.952317050917365,1,1
2026-04-06,Oracles,,13.055991326568401,0.12735555359791448,47.28141605423438,-0.006364228784418127,,,,30.715735715836434,1,1
2026-04-07,Oracles,,12.136108844685392,0.1486289145694716,47.93880716742557,-0.006206595073575892,,,,25.15274279706473,1,1
2026-04-08,Oracles,,12.339649454098712,0.19385282938551682,48.51045729365993,-0.0027970139390757105,,,,24.91003965192959,1,1
2026-04-09,Oracles,,16.503875103216327,0.2920498767780151,55.822553429591714,0.005859085489423762,,,,36.271591963212714,1,1
2026-04-10,Oracles,,15.968725629152402,0.24089791183702122,49.94178795320992,0.0078053748054835986,,,,40.49231057376129,1,1
2026-04-11,Oracles,,13.43859450069325,0.13703641407782283,45.63678396063198,0.002062468158226149,,,,32.116858496326145,1,1
2026-04-12,Oracles,,16.09439064281921,0.26024465055743545,50.28602669246555,0.006287534282485772,0.6119153555665134,,0.630971983360051,38.604685945204906,1,1
2026-04-13,Oracles,-0.5171621768512795,12.548536687411055,0.10248087225904068,45.09028145348385,-0.0014064604633570368,-0.9044616944895056,-0.3488171513886368,-0.23125927868440166,26.45213380341794,1,1
2026-04-14,Oracles,0.658746777928721,17.10429817189052,0.30209378847572416,53.38871915132098,0.006642391621026362,1.022944530119235,0.1936583412812863,0.8099115542946597,38.33086820818768,1,1
2026-04-15,Oracles,0.9063810795437454,19.64383953429496,0.3227584513295538,52.81501051377409,0.012701422154618777,1.1623475005517392,0.15140722386893601,1.6756063392150597,51.730901050166345,1,1
2026-04-16,Oracles,0.19588974283610464,20.030194905063826,0.1699448592753294,57.9585923315447,0.006095720635059562,-0.32637473644175813,0.4939004608588553,1.0833409027599907,46.16599525475232,1,1
2026-04-17,Oracles,-0.3442569939506667,15.670678596664562,0.11767353511563228,48.030445652521415,-0.0016992285181295563,-0.8197699938865768,-0.20105634921586507,0.2110402685901789,35.25031336515749,1,1
2026-04-18,Oracles,-0.6959633722140003,11.657411749242568,0.10835368514926225,39.67481907642566,-0.00708601530731549,-0.8818137677486715,-0.7763638138802696,-0.5464498374309198,24.206973619678344,1,1
2026-04-19,Oracles,0.0030445196696569227,15.047603230555126,0.1850391320345031,53.297216641430076,-0.005176220732616329,-0.10594385218999798,0.2075419834210022,-0.46847757787099503,23.097212503798183,1,1
2026-04-20,Oracles,0.3155981443013958,16.55954455213979,0.236819098455464,54.70273899216451,-0.000370796830092461,0.41803364737516774,0.3053272684261721,0.05353984205120965,27.909189852537725,1,1
2026-04-21,Oracles,0.6993706524739929,19.05144259078194,0.2878670677184922,55.83268684237833,0.005951773948332783,0.9207610623211336,0.38254278384000845,0.9069023455643995,38.25315922027793,1,1
2026-04-22,Oracles,-0.14633634711488014,16.338404205586706,0.16168581333245702,48.73811242729516,0.0015699030785460437,-0.3932509435176863,-0.1574473955916595,0.44559889739342257,32.54815644668942,1,1
2026-04-23,Oracles,0.303875774506923,16.827638579252685,0.22898006464149145,47.464339975050265,0.003051977127574569,0.3164653858169471,-0.2521861123413745,0.6870327200563611,35.164476441630065,1,1
2026-04-24,Oracles,-0.4445825200021618,14.741202355911453,0.1265320645395964,45.58416908890796,-0.002707744531857451,-0.7695155341230546,-0.39366081604194686,-0.05867595990207625,25.51588953962847,1,1
2026-04-25,Oracles,0.3016540906137656,17.443928709987645,0.222826143007246,53.331936722414405,-1.5122663495963692e-05,0.27207146210870403,0.22478709999106397,0.25426797145255864,28.234369468900194,1,1
2026-04-26,Oracles,0.8502515724833788,20.01511356020449,0.3171631013155353,52.26133553365124,0.007709248322523195,1.2606346467420133,0.13540133723121553,1.3489827033852235,41.887312714761805,1,1
2026-04-27,Oracles,1.140738806180283,24.28197502754584,0.3133772121310272,59.5468282338836,0.011902956052830841,1.176818490211957,0.7223299158126023,2.025575341956775,53.50642663842477,1,1
2026-04-28,Oracles,0.3666205760782142,21.39345463347453,0.23579586952383025,46.626075852532665,0.008927288683409994,0.3305690570755673,-0.3500557505708455,1.8201527244724487,54.65924950185722,1,1
2026-04-29,Oracles,-0.021489290411843998,19.712109392097496,0.18325067046322963,43.12352982034896,0.0031913863913513195,-0.2430629238244708,-0.6335762571150169,1.2412698263346942,49.7558243437847,1,1
2026-04-30,Oracles,0.6786247407442115,23.410954795408557,0.25298382374416234,54.45820610315985,0.003822352767471617,0.5241387273520001,0.32786816945649855,1.3570296988707524,53.55558258238856,1,1
2026-05-01,Oracles,1.253410840825203,27.7735226670547,0.33616120645143005,61.3534209196854,0.009260140176682176,1.4019389754421367,0.9009315735674829,2.027283890221412,66.68966579856064,1,1
2026-05-02,Oracles,-0.2768282335770166,22.006525863725223,0.10507694665970123,49.86162131508206,-0.0026508575000573735,-1.1259652370721822,-0.09229095394140555,0.7411657889406593,51.669198043524034,1,1
2026-05-03,Oracles,-0.40267938716633356,19.712093432293642,0.13590680939387167,47.841513139817415,-0.008090554125733725,-0.7702760732444243,-0.26587180898852464,-0.017529517720656605,41.86437491498366,1,1
2026-05-04,Oracles,0.3525003290441897,21.465869429728684,0.2553684155415939,50.76916978408469,-0.0035142959226052576,0.5466783022996479,-0.0059786569551949515,0.3584869366833855,47.06432929296847,1,1
2026-05-05,Oracles,-0.5337677491678311,18.263170126912726,0.1412637560354931,44.22302087723584,-0.007797769920354448,-0.7174293547018259,-0.5848717001976922,-0.286790904240306,38.80553189785373,1,1
2026-05-06,Oracles,-0.16110525878038526,20.126713243440282,0.2015722883444372,51.657812407990406,-0.00626139049941759,-0.03817975112590816,0.08773164164900614,-0.2863253881378903,38.71851600042691,1,1
2026-05-07,Oracles,-0.4974384137325326,17.892366548655332,0.15892984707333827,47.02757217861982,-0.007713598899072611,-0.5164965330900614,-0.33263555385984367,-0.6359700181124437,33.501895190677814,1,1
2026-05-08,Oracles,-1.1806579706084679,14.22351289662775,0.0423198264009823,46.46907488599774,-0.015665726345580788,-1.7694066040377536,-0.3795504605377656,-1.81504607343764,15.672629477859521,1,1
2026-05-09,Oracles,-0.3103649766299237,15.26793938059382,0.1959173148783553,48.92347359375934,-0.009995296126167483,-0.04954034075049353,-0.14825089742973593,-1.435029242664515,17.594126584162446,1,1
2026-05-10,Oracles,-0.22609077992679452,15.272958755589952,0.21233085310886468,45.52715884490032,-0.004815741912917362,0.13479238734020155,-0.46353641136656587,-1.0041678206428626,21.624937193465446,1,1
2026-05-11,Oracles,-0.20231610437879946,15.696554838700862,0.20176086228820367,45.265114650903236,-0.0019264297968056808,0.01376075300278318,-0.4823112087579394,-0.7444291942273623,23.736897067726417,1,1
2026-05-12,Oracles,-0.5816879262976511,15.27282493915909,0.15366467166295888,46.42651266962875,-0.003014503253606058,-0.535208734760212,-0.36632881824248015,-0.9174357255277892,19.415419811396998,1,1
2026-05-13,Oracles,0.26910545385271767,18.440334303466955,0.2494153359554041,52.77447949046879,0.0026483545668687805,0.572118905585799,0.24736745689115702,-0.26001830676812193,26.502170374074957,1,1
2026-05-14,Oracles,0.4130075060601065,19.62573529769675,0.2627503370952196,50.429871092019376,0.006980097740139669,0.717807364869276,0.017351210664586253,0.3708792686893862,34.652550263874204,1,1
2026-05-15,Oracles,0.3602801353198637,19.796221258685975,0.2513234524559183,46.01412932048296,0.008654292148688698,0.5759235985659068,-0.4152321589171172,0.7637092749391955,40.13928645114298,1,1
2026-05-16,Oracles,1.0240872559804015,25.556758105035115,0.29348939054878664,60.76257766413418,0.011975466301185103,1.0544770941477952,1.0363414852025112,1.3921090094506239,49.78125344030379,1,1
2026-05-17,Oracles,0.3055675952989172,23.790699431998885,0.21050826647490575,54.02179764509255,0.008140946361619845,0.0714470252182113,0.36019529961845476,1.1770583646550246,48.555983376592835,1,1
2026-05-18,Oracles,-0.3826419931844286,19.59706621172986,0.14194383351645132,43.53018114731135,0.0009238725489226917,-0.737516170793411,-0.6857210001866135,0.442966874671179,39.64523087547222,1,1
2026-05-19,Oracles,-0.19354556903228382,20.699137750484184,0.16490682703630533,51.50511275694508,-0.002196028724915277,-0.4571276647606469,0.11922546024362958,0.056613024722038184,34.335437752341825,1,1
2026-05-20,Oracles,-0.3488288107285311,19.0547842193363,0.16766535217985187,47.67082773374253,-0.003868748023430508,-0.4195283426874842,-0.26929399850612407,-0.22153127066127015,30.070802786215637,1,1
2026-05-21,Oracles,-0.42195486900805046,18.677591921066917,0.154754118580759,49.70094075610752,-0.005537904722950545,-0.5702313522532149,-0.05999522252069758,-0.5423251776555432,24.627832933058517,1,1
2026-05-22,Oracles,0.3118420018520678,22.10164184408705,0.20058886483121718,62.61371704919318,-0.0033556753043554777,-0.008978213702082275,1.2514955015828046,-0.39389096196903717,24.943368757614984,1,1
2026-05-23,Oracles,,,,50.493017444691915,-0.002684540243484382,,0.000488171826766449,-0.38338977014982656,24.943368757614984,1,1
2026-03-24,Payments,,,0.22664057787720215,,0.0,,,,41.54991471329453,3,3
2026-03-25,Payments,,5.101410504645802,0.18866053145779196,0.0,-0.002423797834173169,,,,39.45076660752794,3,3
2026-03-26,Payments,,25.434137301958756,0.33891632791770826,79.82315916116025,0.0057785703584198305,,,,40.65279939534581,3,3
2026-03-27,Payments,,15.802904966988098,0.17748166980636904,42.97068126542573,0.0003067046833832059,,,,37.52372216128572,3,3
2026-03-28,Payments,,12.731861487994184,0.0753553825389286,33.257384816573094,-0.009664838995360612,,,,33.26953638192725,3,3
2026-03-29,Payments,,15.918697694377423,0.1844951738766602,46.243300443081445,-0.008429433173177238,,,,31.913491865305286,3,3
2026-03-30,Payments,,21.90854944496937,0.5093442170961668,65.95779113689107,0.013550782369137513,,,,37.07150272355206,3,3
2026-03-31,Payments,,19.100951760219758,0.3276752318789457,54.73250352949253,0.015025521300547132,,,,36.587181524623674,3,3
2026-04-01,Payments,,20.17643634972379,0.38641838778489285,57.09368349964217,0.018878811495151828,,,,38.4067169578902,3,3
2026-04-02,Payments,,19.007991438088734,0.2944550455816973,52.783476970434734,0.014360170440415373,,,,37.45996830736958,3,3
2026-04-03,Payments,,17.889880197595048,0.22676765704021237,50.00494145163819,0.006347544617080911,,,,35.2634155262122,3,3
2026-04-04,Payments,,20.396898591129748,0.451392207993941,57.43977625969379,0.01520518966285448,,,,38.62530019810303,3,3
2026-04-05,Payments,,16.139071824271117,0.01947164406475697,44.6671742330659,-0.007761369857599893,,,,33.30170362193637,3,3
2026-04-06,Payments,,17.86716979070971,0.31782875926132426,52.03476853485744,-0.0028484741105069007,,,,33.11336352854178,3,3
2026-04-07,Payments,,16.85260769589484,0.2326781710406622,50.129790398452364,-0.005186891469236191,,,,30.998520403099526,3,3
2026-04-08,Payments,,16.674827030685748,0.2158389851647494,50.58961558625727,-0.00757641161481023,,,,29.582978137452592,3,3
2026-04-09,Payments,,15.15666399350608,0.17255040711198863,46.21515986514213,-0.011543369646130272,,,,27.41616064032565,3,3
2026-04-10,Payments,,17.13570064237218,0.3205460046547471,53.274751333514224,-0.004057461802895557,,,,28.7380523037907,3,3
2026-04-11,Payments,,19.010027037742706,0.42134147269093475,57.92447065399334,0.007211502611796846,,,,33.05146643749855,3,3
2026-04-12,Payments,,19.811827553274902,0.5047083606766591,57.42178977571312,0.019132188124126138,1.6973503337317226,,1.7396238112160038,38.33575383593005,3,3
2026-04-13,Payments,0.6362805836686855,17.141382404297953,0.3623597141076198,46.27840235594191,0.016388213532544417,0.603751106949568,-0.24315943296730144,1.6632392077859401,39.555425405041944,3,3
2026-04-14,Payments,0.8516234669504885,19.082304454005914,0.40759378412323816,52.17369020543767,0.01653029646317064,0.9101564825595306,0.14463935748145365,1.767956868430496,42.58674448173376,3,3
2026-04-15,Payments,1.2514911421678165,20.444923639404166,0.537617306330434,53.95892528348328,0.02384724498035815,1.7314241990917796,0.2598731420806728,2.2630708837755473,48.226465352970834,3,3
2026-04-16,Payments,0.4838648418168824,19.97492442339969,0.35410671382261566,51.49044010161086,0.015214326291638637,0.3849849317761253,0.08615824944669179,1.7892509345358114,48.53874855518926,3,3
2026-04-17,Payments,1.346408706389083,23.06022473013745,0.5773838686644435,58.128412032050775,0.022962458879761477,1.8488164810277041,0.5441351755164773,2.2175243738833843,55.44951477014977,3,3
2026-04-18,Payments,0.9291885344258407,21.53725894324225,0.47210489793283594,50.50831507542404,0.019551726685363244,1.0650931694036863,-0.00707931387079817,2.045130768498961,57.269852186108245,3,3
2026-04-19,Payments,0.8229033534656447,25.08057496119659,0.4441628664050123,63.00015415370815,0.014216530892784747,0.8424011247663395,0.884388753454372,1.7970557359163521,59.54713405756563,3,3
2026-04-20,Payments,1.009340470908087,24.15030088782051,0.5052543502986359,56.71226446139888,0.013604306985419923,1.2128428592155054,0.4089591464981308,1.7718757649400154,62.538508925122,3,3
2026-04-21,Payments,0.6678601581553708,25.015386158941503,0.45500112161697903,58.166159737245394,0.008847677742920945,0.8385231420009015,0.5070856756664018,1.5591450704767074,64.97370173589786,3,3
2026-04-22,Payments,0.04842822751149625,23.38660784706676,0.2921046535349202,52.52987234534849,-0.005466028138982275,-0.2922284201385972,0.07479256456508171,0.8758665348138795,63.169824826833256,3,3
2026-04-23,Payments,-0.5796612424087327,21.694512998308547,0.14205469640358445,49.055312887173386,-0.024187283891639128,-1.2951414645088537,-0.19245354238749032,-0.16211443914658988,57.21283739414322,3,3
2026-04-24,Payments,-0.20269527334241477,22.252235975227805,0.3311028050155142,50.31891410004883,-0.022994133279493865,0.027086800116990516,-0.09092217173805277,-0.3505409286889036,57.208303106890334,3,3
2026-04-25,Payments,-1.1486951787588264,18.952711528462473,0.07801341229718156,40.50221138340249,-0.03754533963082804,-1.6666406263993199,-0.8573790444421691,-1.3278579024103359,52.47878759616501,3,3
2026-04-26,Payments,-1.1623405837619651,18.273240778503066,0.1299590653207533,39.44956201421343,-0.04164980820090192,-1.257458398130672,-0.9159187981713058,-1.8186866908716277,49.95153353499314,3,3
2026-04-27,Payments,-0.47576156047327645,20.309551841380383,0.27232313970786015,47.465193251575755,-0.03312608013658673,-0.2812681963829735,-0.26228191307238846,-1.7033393763732165,49.49693126203648,3,3
2026-04-28,Payments,-0.8718310581739003,19.31258063728488,0.2115909505352631,44.529653244827145,-0.030019699013712833,-0.6872440470452785,-0.4947109086546868,-1.7661610501343588,48.05175385906811,3,3
2026-04-29,Payments,-0.5718252467118368,18.705388431324813,0.2653658929523511,42.06381754370692,-0.02309564903886764,-0.3077186504943515,-0.6854035263528431,-1.6330951349873333,47.68250366980951,3,3
2026-04-30,Payments,-0.08311174548287698,21.300600493793702,0.367494099989691,50.40968286670214,-0.011003296287323626,0.40728838247022914,0.013437441232669762,-1.2383670936003377,50.40248365460245,3,3
2026-05-01,Payments,0.46157189088098094,21.997467714249396,0.5490110369055348,49.10895596235606,0.008786029417364664,1.6216748746773886,-0.09578937371950515,-0.4127272455930488,55.682901951266594,3,3
2026-05-02,Payments,0.005603971997335297,21.471063096971925,0.352303825678933,46.441988890978365,0.008204872828038251,0.245913205443991,-0.32089394537406196,-0.3523740378164593,56.757588416831176,3,3
2026-05-03,Payments,-1.1342435539700344,19.46166375061036,0.05671442565161546,40.0714695605747,-0.011442773079915168,-1.7471856733211781,-0.8568883521023979,-1.1744597201211533,54.435369161620585,3,3
2026-05-04,Payments,-0.7066757729244213,20.129758095334413,0.23501621885321108,43.4674518978537,-0.011742253798694886,-0.5148709233296821,-0.5511477855990905,-1.2564161804355947,52.7835462075423,3,3
2026-05-05,Payments,-1.334868406001238,18.300599238213437,0.023301804408941473,40.32002996785381,-0.02476214039036543,-1.873667558581551,-0.8122608477840557,-1.87112753724733,46.27643608744762,3,3
2026-05-06,Payments,0.024240523263635405,21.992910423273273,0.3961003807614669,52.13126886888,-0.007713715507929767,0.6168754058057057,0.23077573557796724,-1.2801121278924537,49.817312831743045,3,3
2026-05-07,Payments,0.12326738430272892,22.951318980137962,0.3694358323957778,54.90812351249356,0.0018120156001038869,0.4310395474042593,0.4728628440082198,-0.9010322576856392,51.74302929809183,3,3
2026-05-08,Payments,0.2772077262118364,22.764896059965388,0.4230205795076453,52.10732415729295,0.011240506034236944,0.7824200321524449,0.21720573402292973,-0.4521743145355949,54.849261389174785,3,3
2026-05-09,Payments,0.6771415079958117,25.440569063524872,0.4749376986632306,60.024657881604384,0.019981747342175518,1.1105049883036917,0.9215860278499106,0.048879346911513646,59.02800659799637,3,3
2026-05-10,Payments,0.6221921647650516,25.634243853398523,0.4406772689127311,57.91818446959518,0.022288811609661438,0.8605827390779346,0.7170626547688429,0.3358550105298815,63.13429833311869,3,3
2026-05-11,Payments,0.7810793342051852,26.165260610303463,0.4983712847226817,56.0202942253862,0.02625963542086528,1.2230216458705807,0.5352358027523229,0.7172412659571528,68.64430182420374,3,3
2026-05-12,Payments,0.8448769810226272,27.167156231385626,0.48758298053748467,57.5513267860743,0.02663488164022815,1.1232106736865517,0.667179733904006,0.9616617951108736,71.86176608511414,3,3
2026-05-13,Payments,0.2978752696811492,26.247252046001105,0.3848293678441976,53.18328301823383,0.018807101031856767,0.42093093328219977,0.2571890200816577,0.8304453408444622,72.34363879889547,3,3
2026-05-14,Payments,0.7404796343139176,26.82023695374455,0.48550392225414307,53.14698622359598,0.01918761251288557,1.0863547908580786,0.25116040333030737,1.0050614190519689,75.58852037907673,3,3
2026-05-15,Payments,0.11803141143366563,24.94627681739389,0.38876217362678084,45.52425103685191,0.012050595704373265,0.4209438172620792,-0.46772587002019916,0.8363686821933344,75.97100774680467,3,3
2026-05-16,Payments,0.05634077337629545,25.81069059668198,0.34395998737286754,49.74534845853376,0.0038630678023549095,0.11146790702995973,-0.0628943539295983,0.5573846633794003,75.09925499008548,3,3
2026-05-17,Payments,-0.523354982401984,25.638705092070346,0.1335645485853966,52.47410160543351,-0.015130275593018931,-1.316497175681864,0.19905767002149477,-0.3035706238937425,70.9019068920513,3,3
2026-05-18,Payments,-0.5684156921787572,24.297012728835103,0.205514272168872,48.98039874057271,-0.0218477387390473,-0.8079617798377362,-0.14057771203512762,-0.7586591617423017,68.2381518690278,3,3
2026-05-19,Payments,-0.23289250943928907,26.560844061271943,0.2650474811717704,59.33699520545796,-0.021261374987271497,-0.39198887492638324,0.8655625846128129,-0.9248543804602924,66.39919172059666,3,3
2026-05-20,Payments,-0.19542901905439927,23.504335674207965,0.32870499056770464,46.58036241860419,-0.01581619000108537,0.051474372256722994,-0.3895616338279561,-0.8545201440920744,67.21778784160647,3,3
2026-05-21,Payments,0.18593593261585248,25.293226419923393,0.4104813001549093,51.97233673325028,-0.006418687795213137,0.6194475510620404,0.14542099228375663,-0.5481314551976227,69.76292390345756,3,3
2026-05-22,Payments,-1.3288486080111848,20.80110757856113,0.0587805811785825,36.395196974515756,-0.022685444113113185,-1.8001724903916339,-1.3816944451115976,-1.3647177515247093,67.18158772514963,3,3
2026-05-23,Payments,,,,33.82885913875445,-0.018148355290490546,,-1.587876375150953,-1.331803849030735,67.18158772514963,3,3
2026-03-24,RWA,,,0.14038728295477187,,0.0,,,,57.54212750275443,5,5
2026-03-25,RWA,,8.137827623948777,0.12226413515552785,0.0,-0.0011565769535699876,,,,57.381786312562134,5,5
2026-03-26,RWA,,19.10047887973853,0.13875688140337425,47.645010195057104,-0.0007657026980859526,,,,51.905824797549826,5,5
2026-03-27,RWA,,26.524574695930106,0.18175974018885732,76.65107060102302,0.002268152362789903,,,,52.54706152136242,5,5
2026-03-28,RWA,,18.84233126062215,0.1288758961258521,45.5895947273254,0.0006751019489355621,,,,52.63701214718235,5,5
2026-03-29,RWA,,20.69882857900973,0.1517839491484329,53.71443123399217,0.001100830271070582,,,,51.025986955572776,5,5
2026-03-30,RWA,,17.180193894359718,0.09765686522838951,39.705385874624824,-0.0021491388738635636,,,,50.49500412820438,5,5
2026-03-31,RWA,,19.759531977638964,0.14953696218956272,51.763502378883686,-0.0007625662742110327,,,,47.86385167800513,5,5
2026-04-01,RWA,,20.708387880114508,0.16295080360748948,54.135062558782835,0.0010043259175386752,,,,50.083548399491,5,5
2026-04-02,RWA,,15.311983283826848,0.06288483690193614,39.60808034656541,-0.004327333653580009,,,,41.236340299612834,5,5
2026-04-03,RWA,,16.640339799772033,0.1040699516408233,45.614725439203454,-0.0048045566447673955,,,,40.68909817733106,5,5
2026-04-04,RWA,,18.295271412082336,0.1423543936170484,50.21742410604094,-0.002388259618704371,,,,43.34803968218328,5,5
2026-04-05,RWA,,15.884099205574026,0.08318784831046341,44.4090262219371,-0.004498677603822089,,,,38.58444431088162,5,5
2026-04-06,RWA,,14.361731190389476,0.04798046899278684,41.549308206627614,-0.007796449866144899,,,,35.165147692992605,5,5
2026-04-07,RWA,,18.35619685715151,0.24491764099386462,57.0279285496532,0.003167134504223526,,,,36.391449477923615,5,5
2026-04-08,RWA,,16.822759936809366,0.14937553216081983,51.65092483846624,0.003822168756328647,,,,35.52454127889371,5,5
2026-04-09,RWA,,18.01101823501402,0.20562220170740195,53.883674793153,0.007659759260405026,,,,38.8826593299313,5,5
2026-04-10,RWA,,15.296229855147498,0.06619599733181503,43.96391838606803,0.0007860977043496584,,,,37.657124049724715,5,5
2026-04-11,RWA,,16.169505360410973,0.09997721980938143,48.459841085734226,-0.0013889387726470437,,,,36.100774085519255,5,5
2026-04-12,RWA,,16.770949947193127,0.15544629775591287,50.18863832219873,0.0008822848702781431,0.48581369051302725,,0.2004552979365209,36.33144298607347,5,5
2026-04-13,RWA,-0.8626713166170101,15.392128826757247,0.049832148389207465,47.66074243990533,-0.004460689231411315,-1.5396470740188726,0.035727748299715936,-1.2362532673812927,32.501792899559106,5,5
2026-04-14,RWA,0.18762225600232013,16.526477335879836,0.15361254168015365,50.18971708936027,-0.000922770095002782,0.49308748808051656,0.21525858157240862,-0.4577974339048112,35.05673306072957,5,5
2026-04-15,RWA,0.5195020192513937,17.359572339969667,0.1709688013433981,50.37187065718251,0.0024827741784060925,0.8110897488914777,0.223612935902207,0.4794769473063904,39.74073975847462,5,5
2026-04-16,RWA,0.5301396694930005,18.366376490393122,0.14877567856265497,54.29372686909071,0.0030972162564340687,0.35369966315651996,0.5100480185112024,0.7855155652161211,39.525970903439415,5,5
2026-04-17,RWA,0.9441302790766704,18.567401711930454,0.18543389320389253,54.08591786112796,0.005678735166449844,1.0615867954040816,0.4813552799191327,1.6196612008219995,40.471682473221016,5,5
2026-04-18,RWA,0.0018879629764141231,16.592348011042585,0.11105122410164785,48.4830225317757,0.0022585394642315798,-0.4565488733353592,0.03633133450340233,0.9202213897391494,36.636756767914605,5,5
2026-04-19,RWA,0.22726782039299295,17.668745482367015,0.13681985089537813,52.68599637973258,0.0016421516900127211,0.08018556270778676,0.3687150199697002,0.8442159262936139,36.11379727206267,5,5
2026-04-20,RWA,-0.1437004697513522,17.66638399115075,0.10391686184658096,52.80788585817361,-0.0009325797794173647,-0.6054844574950602,0.3709348773306978,0.1819677432236794,34.87374355951077,5,5
2026-04-21,RWA,1.054563115825504,17.186060702618384,0.21888815068850423,48.576212136014746,0.004839325032254339,1.7351855961301899,0.015870794632876113,1.7173662588850171,37.032342526339576,5,5
2026-04-22,RWA,0.996303318525304,18.627684777879946,0.18419968833857264,52.04070265679485,0.005978201486616249,0.9836518097151382,0.30610525319664716,2.0976724785159964,40.31627471428864,5,5
2026-04-23,RWA,1.1377528296575248,18.7486953016573,0.20254319247224659,49.811181614865895,0.007524234415835928,1.3019394362911458,0.11061462626650194,2.4766985322009507,43.15828547425768,5,5
2026-04-24,RWA,1.0525687499187988,20.97473446500927,0.17203702238893948,57.49140750668898,0.006109798195705219,0.6638300429887208,0.7689726855219353,2.2446610572352763,44.37830177175259,5,5
2026-04-25,RWA,0.9595346416699546,20.70227540634501,0.17309732473919995,55.42679401835262,0.004914517410186106,0.6706215506517355,0.5732199793566656,2.0601593871142594,44.945804991000095,5,5
2026-04-26,RWA,1.3741113951345294,21.76630806935974,0.22864392368989347,55.43192239387576,0.0073852445790534675,1.7141238773113017,0.5623112321151087,2.4754588803239947,50.33412827051811,5,5
2026-04-27,RWA,1.5248126934882034,24.658679322392786,0.22133655678621453,64.90135104900999,0.007996209181700551,1.4922876816572221,1.3615303982111029,2.5459311509938147,52.34043672715713,5,5
2026-04-28,RWA,0.347798365139227,20.56863361042876,0.1457114874336723,49.278192894773774,0.0030313817175183794,0.0015334929261698884,-0.037881728815778656,1.8289177906752039,51.01943773455572,5,5
2026-04-29,RWA,0.45406418441865404,20.836947308256484,0.17189485845332517,50.08325788883683,0.0013222879559051,0.5162777459854629,0.034860569820297234,1.5624142813808182,51.02621151749919,5,5
2026-04-30,RWA,0.3666485156448607,21.702920371944707,0.16453380222470781,51.45556604696568,-0.0004003222186630285,0.3621412241699492,0.15930236450304874,1.2734513053641487,53.76571349473885,5,5
2026-05-01,RWA,0.4000851409964057,22.032724318778058,0.1808387707314228,49.55896910280951,-0.0005298793214124319,0.6824698725651656,-0.017898500411126096,1.199380028091791,57.93623457145892,5,5
2026-05-02,RWA,-0.97862648826265,19.86450185943057,0.03513996211104063,43.591483311293935,-0.009991644907635175,-2.1461532607139264,-0.5739747582644615,-0.3603634112041741,54.46831683930552,5,5
2026-05-03,RWA,-1.4661609495838024,17.627798627657917,0.014625213940767028,39.59185894277476,-0.01679492932453909,-2.334523280711639,-0.9340662538862433,-1.7247488008957832,46.67944908779199,5,5
2026-05-04,RWA,0.1426592783775238,21.959405372278905,0.17643415165030468,55.06461780907157,-0.009901539104153624,0.6274416715109596,0.5399603097217536,-1.1240204042025488,49.33576792242222,5,5
2026-05-05,RWA,-0.7639450225867211,18.233119582507264,0.11235044960517564,41.99004482167051,-0.009178074408191633,-0.5501456157813333,-0.7110775121290767,-1.2838994177177738,46.620993730924695,5,5
2026-05-06,RWA,0.4348426985499205,21.097431234963828,0.211298162081266,51.8578609103456,-0.0019345220227054137,1.2576131358693423,0.2456406497093132,-0.41810958730476566,48.73101880063423,5,5
2026-05-07,RWA,-0.5033038668552545,19.052709964559867,0.11995741109939835,44.85311880270577,-0.003123379996300989,-0.42875167630196453,-0.4374389415535833,-0.6604866331160093,47.52330931809361,5,5
2026-05-08,RWA,-0.4123353108083514,18.861207345606548,0.129129181982961,47.252861471888245,-0.0031135943758827836,-0.25431826219702786,-0.19687393879643791,-0.7469779446111134,43.47403692307139,5,5
2026-05-09,RWA,0.19891927408012428,19.729389299749272,0.17290845882353006,49.9885351556642,-0.00013736845858424405,0.5649200430074484,0.07696751649412958,-0.3603712253036315,44.14604166591321,5,5
2026-05-10,RWA,-0.6768653600298414,18.07215892414215,0.10418626559856345,42.56391839604341,-0.002637121818396119,-0.731423269918176,-0.6664875281148626,-0.762002374576928,44.809277032707406,5,5
2026-05-11,RWA,-0.19876115633724997,19.021261420313394,0.13837547166388728,45.197519240948914,-0.0018644960830129327,-0.07658779549117978,-0.39273767906699725,-0.7105241923784389,46.29328836126464,5,5
2026-05-12,RWA,0.9992000331200644,22.240499222954234,0.25091573912767723,55.84048348201938,0.005923122414774544,1.9907312801960624,0.693680153582594,0.5105350830217967,49.38062969350388,5,5
2026-05-13,RWA,1.1239428698276066,22.55239672848721,0.2464582256578587,54.24175634737213,0.010219337597818495,1.8237165679212965,0.5213159514526274,1.3832552265192435,53.07695415926783,5,5
2026-05-14,RWA,0.9981171289601815,22.58934037989487,0.21732521295664187,52.93060001580853,0.01050396947182207,1.2594526401092272,0.3801416017865181,1.6998194962263518,54.538251878695085,5,5
2026-05-15,RWA,-0.4151406268838148,20.093985229786405,0.08227394192208415,45.16573271133863,0.001475901298205018,-1.1626891746806698,-0.43267602892438395,0.570804168145555,50.64761500210773,5,5
2026-05-16,RWA,0.7166432396520501,23.340124199927974,0.18584138898065664,57.71002878050766,0.0023088046578232154,0.6985885301204643,0.883897507216514,0.7438051734374997,50.45945722305926,5,5
2026-05-17,RWA,-0.4659219521399407,21.56390142642561,0.07483421452292582,52.81930077035899,-0.004420201527278441,-1.284276441644566,0.3598652047311223,-0.2792876606906374,47.120213741540944,5,5
2026-05-18,RWA,-0.7561143789049396,18.931607967540366,0.08795912054636623,45.18695075503251,-0.007604226578569417,-1.0281195138784223,-0.45380027470813755,-0.9348797915791408,42.71423847800045,5,5
2026-05-19,RWA,-0.6591501021967898,19.43504557829297,0.10077609952805458,49.333159129453,-0.008401733892225857,-0.7857688682409251,-0.005715446673800782,-1.2868031439095635,39.46842175789899,5,5
2026-05-20,RWA,0.02227005351580716,19.576016068797355,0.17439598319058422,47.81001599389946,-0.00376216289016863,0.5395457323036399,-0.17028969679694322,-0.789564580016002,42.63298153506283,5,5
2026-05-21,RWA,-0.5060617541233097,20.009871517698542,0.11472823295527586,49.67754906352994,-0.0044554811928985225,-0.5403048026641946,0.03486301233824023,-1.0100213901940636,42.49881268440791,5,5
2026-05-22,RWA,-1.4080194461333937,17.70807630015487,0.021394649945950975,43.981381428325726,-0.010593326160775414,-2.140772632498992,-0.590540467339779,-2.0690956875917768,37.218822848631824,5,5
2026-05-23,RWA,,,,41.100313808846046,-0.00847466092862033,,-0.8982970249167718,-1.9673904966478457,37.218822848631824,5,5
2026-03-24,Rates,,,-0.24241802407275473,,0.0,,,,59.03942758055594,2,2
2026-03-25,Rates,,34.7008698381314,0.45783816311194503,100.0,0.04468871393999223,,,,61.09056945332507,2,2
2026-03-26,Rates,,31.12321986078825,0.34836458051243796,86.48023245722067,0.06326787493407054,,,,62.25543407717843,2,2
2026-03-27,Rates,,19.89251844226065,-0.29214088548308437,48.28569668617948,0.030474709152051666,,,,55.02612792673949,2,2
2026-03-28,Rates,,25.370728807177528,0.5124114026151697,66.73837154708266,0.05935218805386961,,,,59.80109605372604,2,2
2026-03-29,Rates,,27.233208354682517,0.6901115450588055,69.16822810743624,0.08523031198572774,,,,67.75018720552796,2,2
2026-03-30,Rates,,19.567161516697418,-0.4897130645287653,46.577053400044605,0.02104360894087655,,,,59.34219538771616,2,2
2026-03-31,Rates,,22.056202835634025,0.1725761155370471,54.854185166546074,0.02128222613030545,,,,62.0273648422304,2,2
2026-04-01,Rates,,24.732631082812944,0.7310900080234641,60.07122696136486,0.05521767429572698,,,,70.69888634490182,2,2
2026-04-02,Rates,,22.568859209649315,0.14033208834489602,53.52838362453948,0.03502499663933195,,,,69.81733141649026,2,2
2026-04-03,Rates,,23.279774159880617,0.3231809305926164,55.04393604257176,0.03125433909095804,,,,71.1757520909262,2,2
2026-04-04,Rates,,22.385376853480185,0.09222012292593718,52.86618981962642,0.011494749614662222,,,,69.49580155865372,2,2
2026-04-05,Rates,,22.651470292261457,0.2044762570982527,53.755452595802325,0.004626542245838694,,,,69.4088462170337,2,2
2026-04-06,Rates,,22.598875442389087,0.22735063219264462,53.93255759602806,0.00048376633595560714,,,,69.1650669656544,2,2
2026-04-07,Rates,,21.54616892276107,0.023007493466621426,52.148444148220996,-0.016235184288848598,,,,66.76000063093156,2,2
2026-04-08,Rates,,19.467239007683883,0.016783336074869818,45.9780703126398,-0.027279708749742476,,,,64.7571937551455,2,2
2026-04-09,Rates,,19.661947179448827,0.10046245461519468,47.728723362727315,-0.028389047586650576,,,,63.62508282868644,2,2
2026-04-10,Rates,,19.501908359252862,-0.19449218696169557,50.95513414985464,-0.047311868807263256,,,,58.770098701346,2,2
2026-04-11,Rates,,17.88013317026549,0.047326197828565335,44.888101023743936,-0.042044436262308256,,,,57.82786165172767,2,2
2026-04-12,Rates,,17.47826851374704,0.1042642037825659,43.38516402676459,-0.033593954906312416,-0.14171269469893355,,-1.3161285677952914,57.61504029579273,2,2
2026-04-13,Rates,-0.00752568446914316,22.11883438059407,0.2408243492993371,60.790743997250566,-0.018433522064248836,0.28691975283165577,0.24191661589208352,-1.0205438780970437,58.98374326612684,2,2
2026-04-14,Rates,-1.3594261171965343,15.719351969463311,-0.4355669240063677,41.054406879313774,-0.051700803186091625,-1.734765075780532,-1.0875697147529315,-1.8499396703292208,51.921017921536944,2,2
2026-04-15,Rates,-0.5394930767441741,15.998227890471387,0.12727840057710807,41.12942448315393,-0.03437469018870641,0.0030003043997400853,-1.0302250435456177,-1.5348406048908505,52.553271940400485,2,2
2026-04-16,Rates,-0.08401738654028876,19.224545677094476,0.28319197398955004,52.40617638555154,-0.012136968208420681,0.48316691630832254,-0.23721645204027164,-1.0863347856621428,54.40518410756185,2,2
2026-04-17,Rates,-0.05514263122642071,18.872227806559728,0.28564131399600634,49.32681473312026,0.002247450746433427,0.4791315428691542,-0.4458316213116913,-0.7556752676935616,56.4678922336949,2,2
2026-04-18,Rates,-0.15760039578848947,19.287068902151983,0.14470242945411138,50.97254779413153,0.0017996925934685368,0.01835852766702128,-0.31922142852606555,-0.733211253826479,56.3870034727881,2,2
2026-04-19,Rates,0.022852983450851197,19.70855352242821,0.2690021462142468,51.1904134927028,0.009001691424506672,0.4234949856886633,-0.29689188175305836,-0.5236711359447987,57.810593747305646,2,2
2026-04-20,Rates,-0.6328946294165698,17.959698335572337,-0.012862963630631568,45.95493884096256,-0.005320137981213981,-0.5195334478155406,-0.6733114566500382,-0.8285661780771831,55.619267204232344,2,2
2026-04-21,Rates,0.10857440536838539,21.627082983593123,0.29319183462224896,54.3990602756833,0.005149888740567057,0.52010834625266,-0.028959275232498947,-0.5655761183599206,61.23798669114266,2,2
2026-04-22,Rates,-0.017027126436071308,21.346743082197975,0.19584241644642314,52.83136955999825,0.004854062178513682,0.17828126374166914,-0.14817846698285714,-0.5342346308444611,61.50607793507574,2,2
2026-04-23,Rates,0.0917750200877474,21.64965990741935,0.26951292972031515,52.681596449376435,0.008728944166400694,0.4307684237854122,-0.15735873160214603,-0.3948861438011539,62.37510664760312,2,2
2026-04-24,Rates,-0.18766167456682276,22.428726852815224,0.15835429827452382,55.943672439437,0.0031995585057285753,0.03137147245459617,0.10342574185749463,-0.4898264086566051,61.803249681953524,2,2
2026-04-25,Rates,,,,52.03614080721685,0.0025596468045828574,,-0.21282000824359007,-0.48078260006738355,61.803249681953524,2,2
2026-04-26,Rates,0.1634822227540474,21.656661400779853,0.3261148982167244,51.01311408067891,0.011376164531371968,0.6297727958331409,-0.29302975984348034,-0.21343292768395206,63.7132170664805,2,2
2026-04-27,Rates,0.47827315428753414,22.680950334043672,0.5042075957320444,51.763585645431476,0.025273741015396034,1.2365253594730943,-0.22626950762905176,0.2474452887163258,67.1410090700406,2,2
2026-04-28,Rates,-0.13475536876591712,23.850359362353515,0.10490909172222018,57.656638001359674,0.006674008041358183,-0.21739030615739133,0.27373812714799167,-0.14511874243731118,65.11855449994746,2,2
2026-04-29,Rates,-0.33724422925145725,21.06123652109429,0.1737003400877687,46.872525411734436,-0.0014621971471413739,0.03673444625679342,-0.6487063521879596,-0.3409511985359075,63.679269746162596,2,2
2026-04-30,Rates,-0.5289735652173743,19.56095207106623,0.14653119488436728,41.59585360684091,-0.008734188004985509,-0.06443113647575872,-1.077255774632515,-0.5575389073224356,62.391692720184814,2,2
2026-05-01,Rates,-0.6670005232334411,19.00592132303906,0.09780533132638564,40.427646153105925,-0.016439088709582016,-0.246574879737026,-1.1426727566757455,-0.8247136114207908,60.46339132552132,2,2
2026-05-02,Rates,-1.1531223994191626,17.59379579949573,-0.15521789266467093,38.1269055522022,-0.03701173755108496,-1.1842413108849308,-1.295165876627222,-1.4843039146958015,56.223956255395684,2,2
2026-05-03,Rates,0.3988289050543553,22.440487653664604,0.5766415112546955,52.71392290811811,-0.0016339237037030219,1.5509183229694823,-0.04074544962900833,-0.6390286508855315,61.51832644922747,2,2
2026-05-04,Rates,,,,59.187545288693485,-0.0013071389629624175,,0.5149808765762632,-0.6284395084174424,60.540444287515776,2,2
2026-05-05,Rates,-0.50580483353874,21.767566192099935,0.04482109762196029,52.90801942644291,-0.015809715210482092,-0.4422829458724908,-0.036506915349340245,-1.0485908817385745,57.442626222602904,2,2
2026-05-06,Rates,0.21039204430603087,24.07898919518106,0.29734792907599894,60.85580000100436,-0.00603361500830743,0.5092221763234642,0.6595240269953777,-0.8323295399394504,58.44848006255518,2,2
2026-05-07,Rates,0.32122993890248375,24.27548025893604,0.3499989801061206,60.46829406624675,0.003453280731984032,0.6987276304331946,0.6150493993611184,-0.5727428866403318,59.48589159532024,2,2
2026-05-08,Rates,-0.5053665811199975,22.26254701790047,0.01604721701499076,54.726007053211426,-0.012418369180537313,-0.580221187751136,0.09583438864090532,-1.0134447909364703,56.768923638858624,2,2
2026-05-09,Rates,-0.49527085377588587,22.208238202184596,0.05985151543825864,55.555832757821626,-0.019216432802350653,-0.4047307721387127,0.16968133285344197,-1.2604469526615698,55.17628493359948,2,2
2026-05-10,Rates,1.0328859503437646,26.382600333484845,0.7807180447757245,65.85502228792424,0.023281345380158094,2.255176479454358,1.0934365425135788,-0.08743176229476929,62.631887962140205,2,2
2026-05-11,Rates,-0.5743553877470848,21.59102261039215,-0.011928370192646975,50.21051173861221,-0.00219292472896334,-0.6918667521000259,-0.3425059781744434,-0.71426646977732,58.746174437224525,2,2
2026-05-12,Rates,-0.1047730410612337,23.830924558362504,0.22677062421619895,59.16878332090508,-0.0031123018019536264,0.20180533155343006,0.4837426536859865,-0.7443222347856459,57.91001532131607,2,2
2026-05-13,Rates,0.11292246752409205,24.311883277363986,0.25091314343506405,58.65087771508937,-0.0022783518000781613,0.29014682607228687,0.4301168360278367,-0.7267089020389551,60.55847897092307,2,2
2026-05-14,Rates,0.4665741923231944,24.769937641790648,0.43412653478063334,61.14514650076121,0.009767556872777874,0.9721359524662413,0.6563812105239085,-0.3624427033470409,60.379161311869815,2,2
2026-05-15,Rates,-0.6090079261697833,22.27645618825502,-0.04837182232389848,54.69165765529034,-0.014296993208626221,-0.8608312327906615,0.04293178958784972,-1.0349104955647652,55.697623845769556,2,2
2026-05-16,Rates,-0.9983896465947697,21.552912392020296,-0.23564211133588106,55.5808815796042,-0.04086002444273515,-1.527953594716306,0.127028859371986,-1.8723319171535804,50.98285686377289,2,2
2026-05-17,Rates,-1.2839603101506847,18.539127853317062,-0.19953535269557615,46.35112121685433,-0.05324804767662193,-1.3533461167885992,-0.7557590038705568,-2.3457868825246457,47.28100822978012,2,2
2026-05-18,Rates,-0.31249240926417154,20.341530709613043,0.24557233117352137,52.64600017927083,-0.02987920324435871,0.3143547413883795,-0.1422930647144402,-1.891261879456771,47.508461294341494,2,2
2026-05-19,Rates,-1.7625860670572984,16.140142584499312,-0.517917486946208,43.825524370748774,-0.06238544864957382,-2.409463560357041,-0.9899586772536184,-2.749788275520083,35.610772805824425,2,2
2026-05-20,Rates,-0.10779074039338715,18.346931228974668,0.4401907056387459,51.35716156657357,-0.018198534653320837,1.0265660048915293,-0.24847677588646533,-1.8304203036900875,36.95788237496614,2,2
2026-05-21,Rates,-0.8453203907754532,16.879672308717563,0.030025635134056206,47.15329755339755,-0.015536710157618976,-0.4469654388268751,-0.656362901334013,-1.7880711939580685,35.036850668137674,2,2
2026-05-22,Rates,0.08284353910255775,19.207898433948323,0.4100985710312333,53.47721543794845,0.011425010208982463,0.9178065008932805,-0.0270940740626246,-1.1548267597666197,38.04255733543733,2,2
2026-05-23,Rates,,,,53.11475409283932,0.009140008167185971,,-0.0629385740320505,-1.1470987449152779,38.04255733543733,2,2
2026-03-24,Real Estate,,,0.11925993034577824,,0.0,,,,22.84443517218356,1,1
2026-03-25,Real Estate,,3.432109369811597,0.04322956323840552,0.0,-0.004852080407991876,,,,20.64008757155191,1,1
2026-03-26,Real Estate,,25.839185711376192,0.45215465227141977,84.32219575123965,0.018468786396608556,,,,26.901005259586082,1,1
2026-03-27,Real Estate,,19.62373937297306,0.248490941520118,59.38334404469649,0.019089312156421793,,,,27.528880407957995,1,1
2026-03-28,Real Estate,,17.62140778537437,0.14512413908888896,51.63287038817256,0.011806380915695837,,,,27.036005553150687,1,1
2026-03-29,Real Estate,,16.685356954243286,0.09802899595510679,48.73486996218336,0.0035157159377647226,,,,25.678182283392818,1,1
2026-03-30,Real Estate,,19.60123941833001,0.32016552029432105,59.465805268518146,0.012201756350300002,,,,27.551987499801083,1,1
2026-03-31,Real Estate,,18.19329861226019,0.21223205549958354,53.976052583251004,0.00998102434298112,,,,27.4617289449936,1,1
2026-04-01,Real Estate,,19.987819629667534,0.35563395982899326,59.00436128739516,0.017057440442423723,,,,30.037827816091465,1,1
2026-04-02,Real Estate,,15.125430862136145,-0.08161838640902665,44.259981074264736,-0.007504703679804842,,,,23.189700238609362,1,1
2026-04-03,Real Estate,,16.754736372022023,0.145747916191568,50.6698453769059,-0.008178181990038717,,,,23.03095334377127,1,1
2026-04-04,Real Estate,,18.644901381153577,0.34757802998626913,55.239052646388394,0.004545577294847572,,,,27.235826151499587,1,1
2026-04-05,Real Estate,,19.06750860231942,0.32874889831238735,54.7658117816286,0.010907147234299051,,,,30.45787977797051,1,1
2026-04-06,Real Estate,,18.42846674195659,0.24133392141512078,52.67091590212046,0.008545688131947619,,,,30.190078117765097,1,1
2026-04-07,Real Estate,,20.26956728647147,0.45887470283447185,56.78473275637249,0.02028268171926373,,,,34.716639703434744,1,1
2026-04-08,Real Estate,,18.871739839786805,0.19265886104637242,52.774430822442966,0.009322593837912958,,,,33.04663084053843,1,1
2026-04-09,Real Estate,,17.63728366368573,0.3261370548355543,47.393665318234255,0.010197252440240064,,,,34.1903690821842,1,1
2026-04-10,Real Estate,,17.14538850675899,0.16730128888378645,48.289085319276545,-0.0002341858008037198,,,,31.426885719181094,1,1
2026-04-11,Real Estate,,18.409636701696524,0.2663499326324711,52.559256492716095,-0.0007471189591568839,,,,32.49575030060782,1,1
2026-04-12,Real Estate,,15.768624533237347,-0.0738362889286131,46.771234108707674,-0.023045676617412792,-1.9242923111616175,,-1.3381497732246448,26.218749305033402,1,1
2026-04-13,Real Estate,-1.0516360636476894,14.384411087643763,0.03291744620278477,44.359029634731606,-0.029254924753905648,-1.1453517160890252,-0.4606251363226224,-1.9660878672313173,22.310878094903238,1,1
2026-04-14,Real Estate,0.34389264544498555,17.434307261845564,0.4125041692439467,53.55377120091705,-0.007575964544298278,1.2686116181055742,0.1589563058848293,-0.7136336534609893,27.158854288394927,1,1
2026-04-15,Real Estate,-0.5619281236589821,15.212556025901645,0.14956912544692558,46.49224337073228,-0.01054063350065836,-0.4207986122312956,-0.3238194666541093,-1.0166947623716545,26.214233545658857,1,1
2026-04-16,Real Estate,0.43882483935128724,18.63344292621506,0.35886939580738547,58.12911539463976,0.001364939811392591,0.9210786813800745,0.4895777221982582,-0.2444715057551582,30.525347990868557,1,1
2026-04-17,Real Estate,0.28956798592654676,17.62906377962123,0.2971974719635987,52.97703896704589,0.004670859699182742,0.5008732114304513,0.11467770137095393,0.04075693469365728,33.21311976614308,1,1
2026-04-18,Real Estate,1.3897856427282116,19.967657756959348,0.6519809787530452,55.64423942545279,0.02897994847344687,2.450258485013626,0.3051464386972738,1.9010643198421713,42.51835250308666,1,1
2026-04-19,Real Estate,0.9585394650342398,19.569550810270922,0.43545634615570306,51.8434219513122,0.02865349206404999,1.1155426845709622,0.018433061495308028,2.074338810513851,45.941022428004935,1,1
2026-04-20,Real Estate,0.6072792265174415,20.12435010701705,0.37525166285792366,52.33544925332648,0.022813733455754104,0.7392771951607713,0.05525349233919733,1.886785309635386,49.029656549832175,1,1
2026-04-21,Real Estate,0.3459153806573756,19.33612007498818,0.32954146202590096,47.60070601894407,0.014697480531512895,0.45774066741928277,-0.3099602261324198,1.5461097009753282,51.26757433929058,1,1
2026-04-22,Real Estate,0.7957893997147457,21.508114944607982,0.4012680019887521,54.1709380696096,0.013040872375585238,0.864362709570951,0.21031891255490442,1.5349619908437497,54.82510985542323,1,1
2026-04-23,Real Estate,0.756953301933674,21.347406726952446,0.41259266583293674,51.817369074505976,0.011635457143131703,0.9052617602008156,0.018997033748987632,1.5219006821233982,58.0127006331674,1,1
2026-04-24,Real Estate,1.119029829882507,23.758264929744644,0.518422506907368,57.549089195646296,0.01646573902658851,1.4687840381166233,0.4827101634079081,1.8272896237261298,63.5894487530997,1,1
2026-04-25,Real Estate,0.5730334084460681,22.898905427467255,0.4107017065543345,53.09202593040617,0.011285391906193855,0.807078126484806,0.10810658332388656,1.6164768983361573,65.29863485785609,1,1
2026-04-26,Real Estate,1.334968531162658,26.707024188241842,0.5637429811321198,64.84735597923405,0.016717643563842914,1.6260482105497291,1.0709656426558904,1.913805964315623,70.22726302482975,1,1
2026-04-27,Real Estate,1.0556780908931314,26.284650524285222,0.4815510386171957,60.568258928504335,0.013466761668617655,1.1105506594838672,0.6927528028411539,1.7972524459419599,73.62232434091507,1,1
2026-04-28,Real Estate,0.42719550511523097,24.11639786708284,0.41446515695774666,50.05416939885005,0.005877216522872514,0.7068358623834556,-0.20267371622734925,1.4657007982341372,75.62163600107529,1,1
2026-04-29,Real Estate,-0.36352947211717324,23.580412100642494,0.1339988121280819,49.57401886746153,-0.017664700225903322,-0.9065002367940673,-0.2407696388846919,0.28563527129098026,72.0758395025052,1,1
2026-04-30,Real Estate,-0.14198157203491418,23.656544129257682,0.3160269366313393,48.810136848852416,-0.020415570283086826,0.15585879635548794,-0.3034213320833142,-0.04839360663174593,72.5790705779718,1,1
2026-05-01,Real Estate,0.9078102222097169,27.271830932884342,0.6034755909075153,57.55836509416201,-0.0032165867666454767,1.7577534876138055,0.46762650824487045,0.6477522607275186,79.56669613687657,1,1
2026-05-02,Real Estate,0.39317877458541595,24.397482421236123,0.4668040759898722,44.87888680433271,-0.001474047783062496,0.9485732913248228,-0.6605608689160735,0.6944384068528231,82.04282936374481,1,1
2026-05-03,Real Estate,-1.0439221255999653,21.69541309740434,0.02171808512847247,39.842110130103194,-0.029189587253725842,-1.544433745979207,-1.0860708613411674,-0.822291971370008,74.80046784946897,1,1
2026-05-04,Real Estate,-0.6203333607176909,23.309911248414416,0.23704137383441948,46.84689686433095,-0.03170367886559267,-0.32401029654590724,-0.44647010832082257,-1.241874974163546,73.5772055219236,1,1
2026-05-05,Real Estate,-1.1338517129734467,22.021194114690804,0.07592702658190613,44.50351264462586,-0.04224130975889394,-1.2078234115639612,-0.6492350547974246,-2.0283445198863985,69.21499386771085,1,1
2026-05-06,Real Estate,-0.026764100943878988,24.58884221186692,0.4395379331010911,50.736259368371236,-0.02367252327665578,0.8394431755127794,-0.07534949070930255,-1.4440989859467783,73.79823088585506,1,1
2026-05-07,Real Estate,-0.7792366866431207,23.348705767827983,0.21192062424366262,46.43596441216362,-0.02551065375871768,-0.4507989185408299,-0.4689249046613837,-1.7037768220934073,72.61255068429773,1,1
2026-05-08,Real Estate,-0.9185826656604508,22.625913923595583,0.19182302084170902,44.01723741617096,-0.026741519870598553,-0.558268107854118,-0.6846778904950587,-1.9165645442899912,70.75015086414456,1,1
2026-05-09,Real Estate,0.78092370523787,27.090699444417954,0.7278780921120662,55.02204926330749,0.008026073352149225,2.35888135981023,0.3506042398791018,-0.4722766953242116,80.76340229499101,1,1
2026-05-10,Real Estate,0.20568141051294964,25.65155463319485,0.4446187539404051,48.1885312220939,0.011229204204916467,0.792377388925099,-0.2978571593766781,-0.23267423804324075,83.29473064434387,1,1
2026-05-11,Real Estate,-0.6453073547472784,24.576153840867953,0.18239413201432264,45.687006491925686,-0.004202779040748216,-0.641333297683492,-0.5317347264870338,-0.8733016640795491,79.69066417068674,1,1
2026-05-12,Real Estate,-0.7200810688957993,24.467724306927025,0.1891914220109582,46.69473401986988,-0.013327991801037734,-0.5955419409272067,-0.4286875340966866,-1.332003528089643,76.57380739714537,1,1
2026-05-13,Real Estate,-1.527587299719002,22.609658144632874,-0.13306984959344068,46.12898563458176,-0.03899125574323746,-2.243721015267756,-0.4781860847765344,-2.5255334646269634,67.00038620310218,1,1
2026-05-14,Real Estate,-0.3546676624564069,23.825825457948458,0.33373343955553497,50.23707480201611,-0.023229813241031454,0.24343533966922232,-0.07195373992754844,-2.0428209131779256,68.28494288215691,1,1
2026-05-15,Real Estate,-1.0887914386497095,21.087836598812757,0.12876024663175145,43.50042457883468,-0.025148668380159625,-0.8459928471690888,-0.732666158590113,-2.2040257705121507,64.0762691327968,1,1
2026-05-16,Real Estate,-0.1532014648115783,23.065629582092186,0.4021934913663566,49.147315412496575,-0.0074605018904603145,0.6217902553440918,-0.16546732992073548,-1.5998160521453215,67.76690504630577,1,1
2026-05-17,Real Estate,0.2834024747351071,25.579605777980028,0.4649077649128934,56.50546964701068,0.008159134518986165,0.945557850497727,0.5714458063618872,-0.9795690960344083,72.23135819756456,1,1
2026-05-18,Real Estate,-0.4140543310918281,23.378687404853608,0.2640657197629205,50.398377198183084,0.0048253043358216195,-0.14439360897494544,-0.04955237572390732,-1.032541616233787,70.02512711737599,1,1
2026-05-19,Real Estate,-0.5876875770834157,22.717644005405784,0.17851660051951804,51.54677613765114,-0.002866699289410416,-0.6060718089325461,0.06779618010973286,-1.2878968463453064,66.34410671141536,1,1
2026-05-20,Real Estate,-0.01640681118241706,22.05772507084959,0.3859764712110265,49.15253199158599,0.0058185889469614775,0.5318514193596666,-0.17876341096058254,-0.9291415111899306,67.71268130611911,1,1
2026-05-21,Real Estate,0.025249251250672705,22.55425286596368,0.34072593273454244,52.16281710790655,0.008172899603512826,0.2782404794323951,0.1348175584627983,-0.7694681430019534,68.14405672850305,1,1
2026-05-22,Real Estate,9.493364719923014e-05,22.274556849661742,0.31760720903665446,52.10994767095338,0.007829432333331148,0.14768041771522158,0.1281418714184135,-0.705624194413143,68.25768284489874,1,1
2026-05-23,Real Estate,,,,41.60892757643934,0.006263545866664919,,-0.9727853103687705,-0.7060502648756275,68.25768284489874,1,1
2026-03-24,Retail,,,-0.019746003016747535,,0.0,,,,10.915327484817308,1,1
2026-03-25,Retail,,27.838496862220154,0.15527067068464437,100.0,0.011169155244761194,,,,14.66711863225782,1,1
2026-03-26,Retail,,28.632430842714854,0.22147033263391255,100.0,0.021783510802629164,,,,18.69073255057632,1,1
2026-03-27,Retail,,18.78412610442221,0.06712564956634312,60.98081566082881,0.01736943271263232,,,,17.420005170593292,1,1
2026-03-28,Retail,,20.42454920728174,0.12168832610985605,65.71060695264674,0.017059608022760325,,,,19.67222126759842,1,1
2026-03-29,Retail,,21.94058586070998,0.17287117870559804,69.21151664042341,0.01908391660773972,,,,23.056559605907758,1,1
2026-03-30,Retail,,21.402962844404808,0.14966756551014598,66.14969366721147,0.017674430536008978,,,,23.808152164972277,1,1
2026-03-31,Retail,,17.06576722055726,-0.009747449758435209,50.730968357685654,0.005453619018058055,,,,22.40864120522716,1,1
2026-04-01,Retail,,19.095340797438443,0.11092278645665035,58.12015501439697,0.004959069812875076,,,,24.36506488506451,1,1
2026-04-02,Retail,,19.52514801425306,0.12483507814615727,58.83199268720412,0.005015894399603926,,,,26.853359907032825,1,1
2026-04-03,Retail,,20.422151806100207,0.16136480271960926,60.59081156193531,0.0068472900487415445,,,,29.44503053688164,1,1
2026-04-04,Retail,,19.8173182046291,0.11450099957307902,57.44244479521072,0.004357361198788573,,,,30.490453852939687,1,1
2026-04-05,Retail,,22.129230559406697,0.25743115221082974,63.264205082142375,0.011391711612790206,,,,35.33822456050687,1,1
2026-04-06,Retail,,19.270714260916055,0.05739862757326926,53.09851663376869,0.002113902625638507,,,,34.17903824271102,1,1
2026-04-07,Retail,,21.487409939512517,0.24888750174480329,59.35123696168109,0.008079469217783276,,,,38.85100484117082,1,1
2026-04-08,Retail,,19.226594740897966,0.1639251767712684,50.32141856009723,0.00562567901769441,,,,39.93013202789043,1,1
2026-04-09,Retail,,19.139440507397936,0.19821551518356906,49.11537545261675,0.005621035148143411,,,,41.92354750288848,1,1
2026-04-10,Retail,,18.5465631488292,0.03939849398282359,48.94882227397541,-0.005184759842583306,,,,39.66979720586811,1,1
2026-04-11,Retail,,19.683671061556442,0.179593341953048,52.061419681451696,-0.003099993413154721,,,,41.781064268193234,1,1
2026-04-12,Retail,,20.3404805939446,0.24086489059079083,52.403314076566765,0.0019254052094807433,1.2861738586041151,,0.5394878789603507,45.33257780614907,1,1
2026-04-13,Retail,0.4704092993962714,20.766965475471796,0.22976178027776178,52.85544575255078,0.0039073253796493845,1.0860874302178372,-0.5947681748957863,0.7719169556134351,48.51895837597705,1,1
2026-04-14,Retail,0.1553500557494273,22.252861515249073,0.1879206627207768,57.69191745170526,0.001907223289868934,0.55062069207384,-0.25404767009962526,0.6153123811156518,50.56569264943246,1,1
2026-04-15,Retail,-0.3149785096701185,20.672019866563843,0.13126420225465105,50.83305403495313,-0.003433712072086731,-0.16028814300840238,-0.7142222645523966,0.0491337428339964,51.413583747311336,1,1
2026-04-16,Retail,-0.18738588521081745,21.285012641085537,0.1711711694183506,51.85806828494926,-0.004418357863252641,0.34638772896572795,-0.6215856617611364,-0.1427874597382153,53.98002460970273,1,1
2026-04-17,Retail,-0.13668600426512306,21.479553912998924,0.190026129597118,51.165839539635684,-0.003954368560517403,0.578631445944831,-0.6519609685609551,-0.18893094249837677,56.61095103980144,1,1
2026-04-18,Retail,0.7539184350376735,23.699736410581707,0.30073781643016406,57.20138810810489,0.0032643685752440296,1.8653096156891495,-0.20387080035789942,0.5779590699697851,61.041295530329045,1,1
2026-04-19,Retail,-0.0776234603877527,21.41700934871166,0.19697332912587143,47.58920157352183,0.0006436241281882749,0.5456833154899595,-0.8929138576985831,0.32858397292562447,62.143178881646065,1,1
2026-04-20,Retail,-0.9762337844341986,21.470694658783152,0.0407572929413141,49.31238688191445,-0.011355735260788924,-1.3705314958467487,-0.741138614709737,-1.1132234107292893,60.52812331519815,1,1
2026-04-21,Retail,-0.9162630557887701,20.189140154071076,0.1135048399493214,43.79740257139825,-0.013966599557867165,-0.4498232091130607,-1.1125565107147404,-1.6102668558300495,61.00197954023768,1,1
2026-04-22,Retail,-0.9004456933349415,21.338380782348224,0.11582636035877208,47.615796149137886,-0.015018662979952135,-0.412244597972118,-0.8005848932139483,-1.904581670892447,63.07226094197002,1,1
2026-04-23,Retail,-0.20659150074137114,22.595764923263744,0.20550821419947968,50.34267330480003,-0.009429186348735134,0.7258186177935926,-0.5801417988912815,-1.5184994174441275,66.76352552272792,1,1
2026-04-24,Retail,-1.0414048731223877,22.71430330924236,0.06998431148557516,51.469347313685475,-0.01432054491988926,-1.0024358009645133,-0.48378108784934637,-2.0755268455623375,66.24678820498217,1,1
2026-04-25,Retail,0.43939115308222143,24.690501783940956,0.3172963494974558,55.99797106398072,-0.0010603400683052815,2.0275738331840203,-0.12896465659218614,-0.9517573788335555,71.57840177300523,1,1
2026-04-26,Retail,-0.39377483572595684,22.73699412046679,0.18887502694158814,47.86061038817717,-0.0010942173276320723,0.4414310150621149,-0.754717539311619,-0.9499760490302519,72.71888877380556,1,1
2026-04-27,Retail,-0.02190424192246207,23.746555617809214,0.21613768492601781,49.44672491334418,0.0004790900715483104,0.7629436896983924,-0.6156176575054267,-0.7882089697893194,76.32418132516551,1,1
2026-04-28,Retail,1.0643330220541662,27.312598328628674,0.40221232426833764,57.7898402087844,0.013111191998039673,2.7030239647946948,0.054785808259549054,0.5525535622330816,84.62938618356428,1,1
2026-04-29,Retail,-0.1444079175115393,25.916135556484367,0.17858006841638266,51.53380732455318,0.0058361164732797025,0.18346936626182062,-0.4485144778321348,0.05304598683436887,85.30888985718585,1,1
2026-04-30,Retail,0.41495248202932866,26.88795463660317,0.2652028519389383,52.95855706204144,0.006251429379262489,1.1357775216142738,-0.325958880212976,0.22204451429284278,88.90011594664008,1,1
2026-05-01,Retail,0.08917200017578808,27.245221349166435,0.2422423715020199,51.63866739798876,0.00445756120575154,0.8554274750897042,-0.4296334529912306,0.16008027473556727,92.90492031254868,1,1
2026-05-02,Retail,-0.8428241797229118,24.758410970595975,0.09586225148529359,43.711313077868105,-0.006513454086415585,-0.796021148163209,-1.0694096856306408,-0.9416219039396474,90.38553090554947,1,1
2026-05-03,Retail,-1.1843133388215874,24.613538706666322,0.056799640081969784,45.519373562572056,-0.01579781048547485,-1.205268179984276,-0.8959952082462118,-1.9896428074508357,87.3477979276478,1,1
2026-05-04,Retail,-0.6482216176028898,26.778180663939978,0.16305183515204974,54.03810676702061,-0.014228642589323128,0.003439337019521696,-0.17333039903574335,-2.02288807869877,87.74976901803532,1,1
2026-05-05,Retail,-1.0869018061935836,25.33906928725922,0.09149736135004823,49.272750681602574,-0.017253730570681268,-0.8048914074668276,-0.5722062668905581,-2.406595860673972,86.68255655531047,1,1
2026-05-06,Retail,-1.4371381943812036,24.43809729085131,0.030206284500528483,47.2767712918249,-0.022305518261449747,-1.4584380132686345,-0.7312096158751032,-2.862966278824897,84.88389932762746,1,1
2026-05-07,Retail,-1.4256747092016129,23.50765930212794,0.05017793658689048,44.83032745522016,-0.023125942703748792,-1.1968548414853892,-0.9235272780351529,-2.9403049849415366,82.93003823242854,1,1
2026-05-08,Retail,-0.5208666157639087,25.932156563820435,0.16701929877755375,53.27016691826636,-0.015016515337213265,0.12671043788602654,-0.18763854231377497,-2.4496225656179846,85.03375574102087,1,1
2026-05-09,Retail,-0.44966721315140834,24.222141014005743,0.20157262154092706,45.44710589911748,-0.006952344200028704,0.5158913908205395,-0.8587021220508434,-1.961566833574308,87.28712010659373,1,1
2026-05-10,Retail,-1.1312270419564228,23.81654178737655,0.07238160251899843,45.41959796933044,-0.009773211524417205,-0.9576260519250932,-0.8453287209014572,-2.128322516531925,85.74201618475368,1,1
2026-05-11,Retail,-1.5422689233403117,22.172616056846934,-0.005327052912830027,41.62448758155767,-0.01596097625376167,-1.7751300369341836,-1.151807900712697,-2.4830405448104154,81.65011862462204,1,1
2026-05-12,Retail,-2.194526281672208,17.83288764051247,-0.11409048289182827,29.26137343746082,-0.02588013906551058,-2.732572573971723,-2.1105062302839555,-2.9819561286075578,73.86469567553709,1,1
2026-05-13,Retail,-1.3578157616976558,20.902295294398407,0.03171996011904096,43.70759700313273,-0.021312795085713522,-1.1755184419884248,-0.8714078726923584,-2.7489287017955024,71.29623565897501,1,1
2026-05-14,Retail,-0.7423446278945307,20.67880193843176,0.12363608542695853,43.96178609074391,-0.011295850295562342,-0.21387041213305785,-0.8356109567826819,-2.280000253122276,70.67510731046256,1,1
2026-05-15,Retail,-1.3216542289399384,19.049340247944407,0.016076887403499652,41.002726613507384,-0.011092609688451764,-1.3120868274464192,-1.0649425905668253,-2.246142167531224,66.5404093306805,1,1
2026-05-16,Retail,-0.5407071432390267,21.532672871268794,0.10960227942092003,50.570598713241246,-0.004193031881265158,-0.33044508126122263,-0.2491815042507806,-1.919453499126607,67.62589871227311,1,1
2026-05-17,Retail,-0.28578633343557525,22.489811534608997,0.14227011679474755,53.56838825363256,0.002667762888465687,0.014031469669351754,0.007887596756610537,-1.5708817882988728,69.37628264281669,1,1
2026-05-18,Retail,0.49822945837687216,23.76485104471847,0.3158971649834516,56.04140795300184,0.018134202159447662,1.7907236381728058,0.21995540959992244,-0.7839059378241382,73.6777716734308,1,1
2026-05-19,Retail,-0.20433414838238598,22.121817477637975,0.12363002446784406,51.159443210782555,0.014791872538649116,-0.21116292908254466,-0.20468915534057855,-0.7593941786954573,71.90529874683719,1,1
2026-05-20,Retail,0.41671542426622943,24.045281084011815,0.24668952627185864,57.47802784011626,0.01992547738725113,1.0623767328099096,0.34881092572925815,-0.3608472977143981,74.33394550575804,1,1
2026-05-21,Retail,-0.9715549549588923,20.41875743995866,-0.025523754744064073,47.773091603903936,0.004831721942341627,-1.73283179188952,-0.5078506791150498,-0.8934166604693663,68.90345789874075,1,1
2026-05-22,Retail,-0.2199632904531932,20.48136730642183,0.13518738420158183,49.08716455124471,0.005468301156118901,-0.07571426589475566,-0.3865679873233544,-0.8032295172168342,68.23675363080605,1,1
2026-05-23,Retail,,,,48.05779835351874,0.004374640924895121,,-0.4744352211902625,-0.7995606406376299,68.23675363080605,1,1
2026-03-24,Semiconductors,,,0.13770851333459794,,0.0,,,,22.63821302112263,7,7
2026-03-25,Semiconductors,,28.74668804287469,0.18224988604774423,100.0,0.0028425263497848575,,,,23.72833522282009,7,7
2026-03-26,Semiconductors,,17.5078193738294,0.1476377232115301,56.27212025844397,0.0022598108042167597,,,,22.28716317500845,7,7
2026-03-27,Semiconductors,,17.0478463342598,0.14683837730261626,55.70952778780275,0.001713471325853696,,,,20.904921474721572,7,7
2026-03-28,Semiconductors,,23.649448771423533,0.24243895216176167,79.828646220955,0.0073666840678063596,,,,23.91806006723417,7,7
2026-03-29,Semiconductors,,24.171894614434656,0.24774506884476358,80.4204399260384,0.010830133743142725,,,,25.86209085680531,7,7
2026-03-30,Semiconductors,,17.11982905357505,0.1568893737875967,53.52958826902093,0.006578016356780873,,,,24.093062486873542,7,7
2026-03-31,Semiconductors,,17.382320696439567,0.17037420129232966,55.7268017202669,0.0043566097927454795,,,,22.32988532090732,7,7
2026-04-01,Semiconductors,,19.335639622451133,0.22592010736902618,62.94389275444507,0.006198773410669801,,,,23.024872018555907,7,7
2026-04-02,Semiconductors,,17.43711928622041,0.18677569725675075,56.45807085469113,0.004434291809505258,,,,21.563157299810307,7,7
2026-04-03,Semiconductors,,18.044821758962954,0.20510204161259293,58.46191518117127,0.0041592745385404875,,,,21.78213077324684,7,7
2026-04-04,Semiconductors,,20.656407298646478,0.29207217557637705,65.90764975319262,0.009203447974176186,,,,25.688667353748592,7,7
2026-04-05,Semiconductors,,21.901863576326868,0.3227763237630996,67.93671499446329,0.013705422903974005,,,,29.58081244094846,7,7
2026-04-06,Semiconductors,,18.795183026557204,0.20682373348105834,55.46932951640261,0.008241029486147536,,,,29.502306575470193,7,7
2026-04-07,Semiconductors,,17.76926797838009,0.17060754145464685,52.46228160317823,0.0018861696858363357,,,,27.660590027676772,7,7
2026-04-08,Semiconductors,,17.081665137579872,0.17976096117385626,49.80330049418516,-0.0018026012725024174,,,,27.613378827784892,7,7
2026-04-09,Semiconductors,,18.09052472497524,0.19307432635196786,53.71594737946383,-0.003357361432650925,,,,28.05090600356693,7,7
2026-04-10,Semiconductors,,20.94831139599438,0.32966525244425365,62.23471125927849,0.0043818761740729885,,,,32.22945482821329,7,7
2026-04-11,Semiconductors,,20.103071350846708,0.32464627325555373,56.26023779775558,0.008493507391950365,,,,35.816247232897226,7,7
2026-04-12,Semiconductors,,17.214723298409034,0.1852774052651454,46.04957977854601,0.0015226322422294061,-0.4467040339092489,,0.8262036307891863,34.10813257527401,7,7
2026-04-13,Semiconductors,0.4125554476177441,20.276927058178018,0.25614612367525125,56.43973352029211,0.0013842828231664765,0.6822493029789932,-0.3828842501440717,0.8143237885255645,36.64150295613659,7,7
2026-04-14,Semiconductors,1.136373126203108,22.590166354714032,0.36515213378612765,61.24350192017172,0.007966358469329388,2.1330721305848286,-0.002937996798258926,1.585314478803498,42.83380524732835,7,7
2026-04-15,Semiconductors,-0.06347079708937543,19.804767733282368,0.222680075435961,49.83002775264931,0.0023487232954279916,0.015395955585592027,-0.8904718338250113,1.020125680504817,43.36938613578983,7,7
2026-04-16,Semiconductors,0.48228002689488003,21.49803440631838,0.2789221438187417,54.748818982669356,0.0020551495658779825,0.8396140177270026,-0.4768422932340414,0.9983374940763904,46.08985509894903,7,7
2026-04-17,Semiconductors,0.08896029807919428,21.18594362666979,0.25766711411402116,52.70081782756422,0.0001636161712803702,0.5016475727871669,-0.6279949951911311,0.7825993519040191,47.57415109531381,7,7
2026-04-18,Semiconductors,0.3827452767840711,20.8511461130068,0.2888811095898034,49.82607651046701,0.000717747617868969,0.9501434859944756,-0.8396221153957646,0.8301376119982561,49.93744892442706,7,7
2026-04-19,Semiconductors,1.1410646403737261,22.922935602239562,0.40883378678570786,54.27455466203944,0.008437185386053512,2.4211955719268055,-0.45301796253429405,1.707910344071153,55.219358979918276,7,7
2026-04-20,Semiconductors,0.1629487891304862,22.624212388145168,0.26103934829951764,52.6103683633115,0.0031368071890778074,0.36078730498182027,-0.5813035693655049,1.2019604304691478,56.30611385372596,7,7
2026-04-21,Semiconductors,-0.5443608436009831,21.712623971258843,0.1696370338786589,49.955629999071995,-0.006454620638093763,-0.900490346848045,-0.7886109709256784,0.09623804593407793,55.16075919517434,7,7
2026-04-22,Semiconductors,0.4305294921144668,23.828576606306115,0.31253369355270527,55.408715712961694,-0.0032656721985609982,1.0817814100601295,-0.3051720410706634,0.3282033053004183,59.40081833758857,7,7
2026-04-23,Semiconductors,-0.27337115547695806,23.098939374834806,0.23814833929958953,51.749131896506576,-0.006092388849689236,0.031743691777761124,-0.6166152021429379,-0.11322192435278738,60.7729169011963,7,7
2026-04-24,Semiconductors,0.05047599967016888,22.885094952018473,0.2846760983862839,48.12295690278278,-0.004811148474245373,0.683398378761621,-0.9147326869786949,-0.10347275015732778,65.00379572423506,7,7
2026-04-25,Semiconductors,0.12348894966400455,23.378350423891906,0.29453680021465284,48.74882373632327,-0.0033513253092556337,0.8053521175143441,-0.8353107844276926,-0.037404754668572515,67.25159929320584,7,7
2026-04-26,Semiconductors,-0.2645476656074395,24.365088494304505,0.24966539267662793,52.903631760129976,-0.0053413332613470935,0.1501967263876273,-0.45043752320361924,-0.38665907438432,67.43527999488485,7,7
2026-04-27,Semiconductors,-1.1904644924825185,22.112733426761114,0.14092988670978204,44.97581409436653,-0.013452792602714685,-1.392824600406066,-1.1375377930452188,-1.548340793400757,66.09945251040833,7,7
2026-04-28,Semiconductors,-0.7843103024982566,22.177215846970313,0.23769066683209086,44.381842669186874,-0.011830888443456485,0.014488189005042193,-1.151313380949779,-1.602779328668656,67.17498871027016,7,7
2026-04-29,Semiconductors,-0.7201883323971997,23.810165833874095,0.22714858863615708,50.22288165707377,-0.011014176255612901,-0.13919387154887553,-0.6091150398794994,-1.7038309111002248,68.01510721317686,7,7
2026-04-30,Semiconductors,-0.6982419783854098,23.425842202741727,0.2402367500690528,47.98363788630887,-0.009211825974542195,0.05592289586290696,-0.7962239160818919,-1.6636512300102098,69.54294464597362,7,7
2026-05-01,Semiconductors,0.08257692369335591,24.97553156888406,0.3142051878349322,52.79338233972519,-0.002979946388694492,1.14250825217555,-0.34817635725285334,-1.0947206077798528,72.00239341023018,7,7
2026-05-02,Semiconductors,0.09622350427091383,24.717648326944282,0.30750866343210265,50.94318371091231,0.0005605333886154005,1.0146110876878989,-0.5122474722154269,-0.721864061176182,73.6241857894162,7,7
2026-05-03,Semiconductors,0.0471848000357638,23.368326065253697,0.31282585816847686,44.500302249477144,0.0029939080269692896,1.0658820793437014,-1.0875858425806897,-0.40400619314673514,75.79042136680155,7,7
2026-05-04,Semiconductors,-0.4704088002817223,24.52905286401328,0.239162343899073,48.63048983511677,-0.00044137896449739956,-0.042751847118756486,-0.6873955551777262,-0.7415191767136183,76.91098411676268,7,7
2026-05-05,Semiconductors,-0.8966871845540492,24.540379501864713,0.1753836451506503,50.372627745699994,-0.0067431141242716725,-0.9912884968978981,-0.5149959739612004,-1.4790115625011815,75.05852386733773,7,7
2026-05-06,Semiconductors,-0.40976500263646387,23.73131340458729,0.2561170995759122,46.02100151104088,-0.0052733391635271035,0.23645672979904825,-0.9098755629333475,-1.4129930994393114,76.94200806411648,7,7
2026-05-07,Semiconductors,-0.6819257448047269,24.476499787398666,0.22982604614444518,49.37032014570152,-0.00582761530655303,-0.16685893441592237,-0.5810764932792986,-1.5455912926526365,76.98290595049633,7,7
2026-05-08,Semiconductors,-0.3096757495170853,24.369379377713926,0.2634044275131644,48.35837829913625,-0.003787461620600144,0.3521771069345514,-0.6675762765822364,-1.3941765651198879,78.41339976410553,7,7
2026-05-09,Semiconductors,0.1110123889277712,25.549683871611624,0.31341906303837114,51.37217803804601,0.000829437925625222,1.111879098266428,-0.37109409295244383,-0.9210409728672374,81.22782794030175,7,7
2026-05-10,Semiconductors,-0.905900150407886,23.8108201887121,0.1923196251348515,46.24832008049484,-0.004102624515427474,-0.7753981525044582,-0.8559851003268083,-1.4347546308714219,79.1847760111059,7,7
2026-05-11,Semiconductors,0.0951525576843085,27.39004915924302,0.28084793302723654,59.40232791476773,-0.0013739407537598919,0.6110727137436197,0.4286403358277803,-1.182271441012181,80.99024991743241,7,7
2026-05-12,Semiconductors,-1.472667002217462,22.402357544696212,0.12025392118870035,42.731920193018844,-0.009881964758433826,-1.8478783873454065,-1.1899067870660198,-2.0789157509116265,77.16987577998984,7,7
2026-05-13,Semiconductors,-0.7749003161350547,24.121325466458075,0.22637199306373565,49.95702150205637,-0.007943469731536203,-0.20660493350745293,-0.47273755474558415,-1.9789188406232965,77.18986648150242,7,7
2026-05-14,Semiconductors,-0.3773398082527687,24.386914510906607,0.25156427420501287,50.6186023232468,-0.004705308203784166,0.1844834353885069,-0.4024825104709162,-1.729081578797089,78.5590258631774,7,7
2026-05-15,Semiconductors,-1.214726019595488,21.84577931895965,0.172914542645181,42.323290866940575,-0.00743852097764041,-1.0331962597952977,-1.203252127516102,-2.013979301904186,76.58708475426599,7,7
2026-05-16,Semiconductors,-1.1563790011067678,21.720894902239763,0.1833669736579216,43.282457560871826,-0.00806795019852548,-0.854754194373597,-1.0846864693190899,-2.114065935151459,74.89719798211236,7,7
2026-05-17,Semiconductors,-1.0709508503077227,21.527115946311145,0.19569099741876897,43.70931301127656,-0.007207943758344028,-0.6518388312843191,-1.0223121876530457,-2.078907824236901,73.71631098905623,7,7
2026-05-18,Semiconductors,-1.1018563388991018,21.87362201698358,0.17613031048735667,46.40603601814887,-0.007477850245697143,-0.9455925574913527,-0.7437163552731906,-2.128142183714083,72.38790922458126,7,7
2026-05-19,Semiconductors,-0.2555283633184092,24.155077466636737,0.25031129909375405,54.22214450709076,-0.0024423970534115866,0.22946143066296354,0.03570326780197014,-1.7349403794427365,74.50071721125275,7,7
2026-05-20,Semiconductors,-0.4177943221459428,22.838162862481944,0.23420654852775094,48.668357268047046,-0.00010187220595962374,-0.028051158177426316,-0.5176496531672765,-1.5207922683219677,75.22637925567831,7,7
2026-05-21,Semiconductors,-0.7247450056544996,22.84854910653251,0.2092790424475374,48.74915547796557,-0.00013598587363599854,-0.42627286222554955,-0.5039816425112081,-1.4834437013816968,75.41434140015903,7,7
2026-05-22,Semiconductors,-1.8513583120720465,19.521859357706756,0.053330431488479955,38.86960881742911,-0.010017839548235982,-2.741104832336718,-1.4704572066359785,-2.2406957174234816,70.59970901535094,7,7
2026-05-23,Semiconductors,,,,35.44846102368852,-0.008014271638588786,,-1.7525091175480778,-2.1370702587253967,70.59970901535094,7,7
2026-03-24,Silver,,,0.1115362182026729,,0.0,,,,17.036708233553423,1,1
2026-03-25,Silver,,29.159259765354804,0.11247450704663993,100.0,5.9879402008156114e-05,,,,16.14955238424848,1,1
2026-03-26,Silver,,33.291945378731846,0.7206369239252061,100.0,0.038905639863555525,,,,36.373537119409505,1,1
2026-03-27,Silver,,23.8189624854912,0.31746943437436237,60.17187031723714,0.03539589441255735,,,,40.41909165945857,1,1
2026-03-28,Silver,,30.541273995053757,0.704552799953201,71.18897775014366,0.055873814075272,,,,58.90799459766434,1,1
2026-03-29,Silver,,25.722448879951337,0.21945778114061804,52.8634816211437,0.03452551647757295,,,,58.37368632884208,1,1
2026-03-30,Silver,,19.63102446549822,-0.1845125488471985,43.5315814657476,-0.006821033271125029,,,,42.91534067200819,1,1
2026-03-31,Silver,,21.328560101119418,0.18648803982359047,51.40917741701275,-0.009062265507783294,,,,43.541483371929004,1,1
2026-04-01,Silver,,20.29585375551223,0.11980819372187057,50.15171827110492,-0.014586641336164448,,,,41.965377558898034,1,1
2026-04-02,Silver,,19.076342347808435,0.07986728101596237,49.42753978356833,-0.020139568884778355,,,,38.90048609577366,1,1
2026-04-03,Silver,,23.1504871742807,0.48865512717245146,55.939205750186964,0.003263424769082972,,,,50.852690591158286,1,1
2026-04-04,Silver,,18.187027148465223,-0.1328960582613945,46.78071674817135,-0.022172662677127704,,,,39.433682590205,1,1
2026-04-05,Silver,,,,46.78071674817135,-0.01773813014170216,,,,39.433682590205,1,1
2026-04-06,Silver,,20.279577932334824,0.43781650015888735,46.78071674817134,0.006555090842989622,,,,50.47894824166353,1,1
2026-04-07,Silver,,17.955423863482977,0.07559539836198093,42.70603552817023,-0.005441424930637408,,,,46.484880924075476,1,1
2026-04-08,Silver,,16.96319692446464,0.08726387682645581,42.853487351905585,-0.01210989034472561,,,,43.299515941412416,1,1
2026-04-09,Silver,,20.083574734631533,0.6458627253680179,42.16597603105562,0.01984215434010444,,,,60.380756184476866,1,1
2026-04-10,Silver,,18.66720843853728,0.12565870834887027,41.00119184981766,0.0054339046874107115,,,,56.95040615188019,1,1
2026-04-11,Silver,,17.471540771956576,0.20365088790903485,36.3582803454772,0.0008863237497625728,,,,57.22247406881502,1,1
2026-04-12,Silver,,22.471381407178264,0.5305330963420868,46.55607623740481,0.018639170716147506,,,0.7070384048534596,69.23636122405235,1,1
2026-04-13,Silver,,,,52.14428643180275,0.014911336572918002,,-0.10272274197248747,0.6823665405120535,68.77157014243713,1,1
2026-04-14,Silver,-0.634443295846477,19.97744680797032,-0.006794093280037235,46.21530327917294,-0.012885899878081187,-0.9431139480536322,-0.4295793760023157,-0.5640495851510261,60.2206645716209,1,1
2026-04-15,Silver,-0.2846154410254904,21.409898547679894,0.233046094295041,51.26042334106873,-0.010662993400088909,-0.03372195240724073,-0.13199554642069508,-0.5658227380437657,62.47315719601645,1,1
2026-04-16,Silver,0.29099682994971954,23.58946955657546,0.40214008877389135,54.38127775083261,0.0018464273076502398,0.6042661051793645,0.05349283198515837,-0.019813249415378258,70.58197098970234,1,1
2026-04-17,Silver,0.11740526639875304,22.42303646130432,0.32371326741899054,46.65719482529972,0.004347062753280485,0.28802737693348485,-0.4092687536110143,0.13182200643226444,75.48207818201391,1,1
2026-04-18,Silver,-0.7743457267252751,21.03010562686832,-0.06501069750785828,50.63102389134256,-0.019369048570541756,-1.2108184323897775,-0.15831244759426658,-1.074664991052518,65.32004495459987,1,1
2026-04-19,Silver,0.09680677373134308,23.552191712910176,0.3281373519225419,56.838430051247045,-0.008332679781721215,0.3470233747050585,0.2321172631108384,-0.6648994973688924,70.38086690815052,1,1
2026-04-20,Silver,0.08683196851366545,24.05137515976243,0.29212691492876036,56.19129142532966,-0.003461574562727457,0.19701624946139953,0.18657878640901948,-0.47727269633936187,74.61547321840894,1,1
2026-04-21,Silver,-0.43633947219193736,23.97272919185766,0.09634432390332223,59.31253123022884,-0.012898484477780116,-0.5977256906429116,0.3850653931802254,-1.0080878407626819,71.1746677703737,1,1
2026-04-22,Silver,-1.1996865304579425,19.476200265645176,-0.2147914287224412,53.56922592947853,-0.03814085370712999,-1.754306400577548,-0.0008499092635320361,-2.2788174988127277,57.36030002610437,1,1
2026-04-23,Silver,-0.831535225839429,18.274755924943143,0.10363561734528592,49.919822447921575,-0.031702374166181976,-0.4678597813088423,-0.24624503787262794,-2.1178692823142384,55.947657551458335,1,1
2026-04-24,Silver,,,,60.161931989763715,-0.02536189933294558,,0.457269042583183,-1.9492101908636557,56.05472328296453,1,1
2026-04-25,Silver,0.1863589858804594,22.568477632990756,0.4032863697502529,58.897600615482474,0.0019882953266419107,0.7312303623559306,0.3617347066183692,-0.9049141053201475,66.19905053469893,1,1
2026-04-26,Silver,0.015553395363335554,21.276640062796485,0.312147054991778,50.43413042650256,0.009690450931704465,0.35135399941742745,-0.23965258313224794,-0.5238085420505183,70.8724676405358,1,1
2026-04-27,Silver,-1.786273958213247,12.597641195143503,-0.5059802586704493,36.860610234317676,-0.03815827687191213,-2.6348936998431514,-1.1807316873933271,-2.3795363868392414,46.315065331620914,1,1
2026-04-28,Silver,-0.23519496371458762,17.52420756355482,0.3087033567726612,50.20555891748065,-0.014027763435830079,0.3788196335856652,-0.21550517827763752,-1.5881076659143611,52.895788795757575,1,1
2026-04-29,Silver,-0.26400878769012526,17.226096688899084,0.2511702309191227,46.16681879385591,-0.0016778801102507943,0.1602149351114783,-0.5020151318505991,-1.1510501063628826,56.52348401081417,1,1
2026-04-30,Silver,-0.698801410709195,15.69111977623218,0.11276226351746757,41.91238312333318,-0.002516688021397699,-0.3619090552154046,-0.7983148731985998,-1.162012711413096,55.034301908627455,1,1
2026-05-01,Silver,0.07478059640172224,18.63666133141043,0.3809873183920195,46.83692345704297,0.014378165158308705,0.661151125225923,-0.42588501752868635,-0.4765697049232457,63.303448702187644,1,1
2026-05-02,Silver,-0.6761286368198843,17.223763093223575,0.0015356259730954964,46.95054892569149,0.0001364897624613077,-0.7988164860994659,-0.41116581928615076,-0.9290859234919351,57.08201591878251,1,1
2026-05-03,Silver,-0.17228766316790137,17.259657149605935,0.2361120431587845,44.65434658021018,0.006311142013323636,0.11789323469387077,-0.5758504618864599,-0.6578730475194678,59.92382099961044,1,1
2026-05-04,Silver,-1.2373588804495523,12.967897564205874,-0.2327681981444359,39.93565231188317,-0.01994867748197343,-1.65572788711672,-0.9160913692048371,-1.6339718925069915,45.685783146959125,1,1
2026-05-05,Silver,0.1834059678342883,18.02754732243521,0.435322555388324,50.43040324290261,0.0074430874126723105,0.9079628111663646,-0.10941550368998743,-0.6582170130716224,56.63780604597177,1,1
2026-05-06,Silver,-0.8206216137797543,15.51804801975155,-0.0937943933531642,48.13383720564919,-0.00939325854495359,-1.1118215542937224,-0.28425033365555713,-1.2563763920734476,48.06644289788744,1,1
2026-05-07,Silver,0.15310294817461337,17.976613646932428,0.3798780616891881,49.76316513031208,0.010948747718829449,0.7055886746119474,-0.15448540901011398,-0.4890408851031656,57.58100030091022,1,1
2026-05-08,Silver,-0.879192370192706,14.768722107607532,-0.11681307594316699,45.21844018131016,-0.008424228640271113,-1.1902191085559486,-0.508412984977028,-1.1715019521189907,48.656730251269444,1,1
2026-05-09,Silver,0.46142799401817003,19.291019046184076,0.5246183197340928,50.997791139187704,0.020977298467923573,1.2512476202541,-0.04483122928643167,-0.024812279635878825,62.70536796434531,1,1
2026-05-10,Silver,,,,51.77387906176132,0.01678183877433886,,0.017868606488672816,-0.02455785637358447,62.70536796434531,1,1
2026-05-11,Silver,-0.04884717924924459,21.366599997131594,0.1354509856208627,59.96563771995285,0.009598769286241768,-0.23968456923820455,0.6785246827310983,-0.18437856577561657,62.50754632523918,1,1
2026-05-12,Silver,0.3613249547238464,21.505980889930317,0.32558759634373713,54.465821357211254,0.017387613910365526,0.49138552793579865,0.22296617308742195,0.22781671304431894,69.57265676427895,1,1
2026-05-13,Silver,-0.3473423466171008,19.903965527573117,0.0380168117993112,51.842594726235504,0.0030262277993601894,-0.624565874154232,0.004598160115586414,-0.23904656593444495,66.03717312713079,1,1
2026-05-14,Silver,0.38368720316953453,22.303524380690405,0.3233951351522572,56.09154155838604,0.012091729942986601,0.49317133722863654,0.35792575924272213,0.1801820749093028,72.79010888532613,1,1
2026-05-15,Silver,-1.4553790271209077,14.213371810525988,-0.5103078429828087,45.42580345797807,-0.03607919059347133,-2.5837908039569912,-0.5401056355664319,-1.7579852208948796,48.156890538565335,1,1
2026-05-16,Silver,0.6817649446210485,21.53735716270974,0.6308046249666802,58.1470207266844,0.008510747254746192,1.5977112801441382,0.5399817816878953,-0.1488625892414283,66.84781004086042,1,1
2026-05-17,Silver,-0.4797291259937626,18.357455428067176,0.00044903883367776546,51.1548382754138,-0.0041664346150711035,-0.6958393775166026,-0.06086872341155712,-0.6175530113341361,60.958339734725485,1,1
2026-05-18,Silver,-0.7138190337783394,16.93538103596212,-0.12023248587949206,53.98307199982143,-0.019537274798468764,-1.1142962725696743,0.18299984066100394,-1.2930183851375465,51.30411886076691,1,1
2026-05-19,Silver,-0.6039184481984663,15.37454265636675,0.05717337592177407,50.09486541066411,-0.01672291296434795,-0.4590404676826923,-0.1562607499444135,-1.3080179350674346,48.45436562976727,1,1
2026-05-20,Silver,0.2801644599401998,19.019981063273633,0.35064387623518706,57.48083282619903,0.004787136673618478,0.6164748522969142,0.49133473311818354,-0.5195294496362298,56.19150091175673,1,1
2026-05-21,Silver,0.19806407448038296,18.79957175357403,0.2782737959969789,52.78090889427828,0.013529686852360502,0.3442166779257948,0.07236256259079267,-0.09801626693694743,60.331862778519664,1,1
2026-05-22,Silver,0.5188129391743289,21.684670015440506,0.3359789621112699,58.89771928806608,0.02208177824049249,0.5537713765392775,0.6144010199718626,0.390696070499018,65.9456925549564,1,1
2026-05-23,Silver,,,,52.45150825788733,0.01766542259239399,,0.03215328309821821,0.3805188031482167,65.9456925549564,1,1
2026-03-24,Small Caps,,,0.06954560627109807,,0.0,,,,53.42033924471251,1,1
2026-03-25,Small Caps,,7.706689499622109,0.05027899424501766,0.0,-0.0012295501691857668,,,,52.62495193261477,1,1
2026-03-26,Small Caps,,6.942526629398469,-0.022083245608330224,0.0,-0.006550940045788312,,,,48.72382930965217,1,1
2026-03-27,Small Caps,,5.774509580279235,-0.08352428366691761,0.0,-0.01344616322627388,,,,42.519293739263446,1,1
2026-03-28,Small Caps,,5.2867958779100785,-0.08106930608234059,1.5785112848402747,-0.01685803466700283,,,,37.41507515289096,1,1
2026-03-29,Small Caps,,26.43168241953793,0.3913853791204654,75.62502007052613,0.012124953423999843,,,,51.89110372881403,1,1
2026-03-30,Small Caps,,16.1351342997678,-0.1313839280990024,41.269618360528845,-0.0036474296442328847,,,,42.93699685357048,1,1
2026-03-31,Small Caps,,22.97179939470821,0.376911369048059,59.26333881660299,0.019163649609327364,,,,56.02366998642996,1,1
2026-04-01,Small Caps,,25.77246493967018,0.4379804452536318,60.7096100375972,0.03637769063995924,,,,70.21603369905323,1,1
2026-04-02,Small Caps,,23.500756383832066,0.1363945889491549,51.65328715390621,0.02595452538926648,,,,70.80303425465897,1,1
2026-04-03,Small Caps,,22.348955114314656,0.03870429641415055,49.27240104822432,0.011708277138135242,,,,67.62188236585732,1,1
2026-04-04,Small Caps,,20.431660421111683,-0.07408592131659389,46.78270674106592,-0.0051777210798641966,,,,60.367557100340335,1,1
2026-04-05,Small Caps,,18.778139332409054,-0.11538478184808047,45.932875737764725,-0.018258859033967748,,,,52.29668384915222,1,1
2026-04-06,Small Caps,,18.023341760242122,-0.07177787027479365,46.950404196251405,-0.02280934576645678,,,,46.79780903153999,1,1
2026-04-07,Small Caps,,16.75778397491098,-0.1023857050714298,46.33829260895768,-0.026458666166866367,,,,40.78783527717883,1,1
2026-04-08,Small Caps,,17.450678869546095,0.020721730997053284,49.397168000189254,-0.01948179543127259,,,,40.781798352109696,1,1
2026-04-09,Small Caps,,15.5738072995408,-0.15592946800142526,47.381543578740484,-0.025295865894451208,,,,33.697976303200015,1,1
2026-04-10,Small Caps,,18.13923094214526,0.13513313051382234,53.92500030467836,-0.008916211030519882,,,,38.931689147344834,1,1
2026-04-11,Small Caps,,14.172301959566635,-0.26985444252043966,47.03910775077101,-0.02388458166920039,,,,26.49275989215473,1,1
2026-04-12,Small Caps,,14.648250343754878,0.11182280264943838,45.48684936355919,-0.007459071959489961,0.41423788604636735,,-0.9500956548959261,30.69838733954483,1,1
2026-04-13,Small Caps,0.3749378875684687,18.285261835229928,0.15875178905568,55.53406981913731,0.00643661028369474,0.6389979240103748,0.6452620836457678,-0.3185099761099861,37.011285945449345,1,1
2026-04-14,Small Caps,0.8165016346916009,19.02728828528739,0.3368501108056933,49.12574381296232,0.026374461266375937,1.4689105794252577,0.34737945469954945,0.7453218022368349,50.07214534680954,1,1
2026-04-15,Small Caps,-0.15356581338678388,16.330255407086998,-0.03633903567258802,40.88997285946083,0.01381226041794886,-0.4477617449357798,-0.03127086323177628,0.35796535790515244,46.68135990137065,1,1
2026-04-16,Small Caps,0.27288532115222275,18.378365865492626,0.05372096507906913,48.27169656333847,0.011070185445258255,0.025771163251533526,0.30977085547040484,0.3508348446811965,47.45497092420565,1,1
2026-04-17,Small Caps,0.7592099666444916,21.319044070877904,0.23197864843898142,53.908758537298006,0.020230258091451514,0.9471089100584976,0.5656125869302512,0.9290095327098955,55.70103572561054,1,1
2026-04-18,Small Caps,0.7714843260460382,22.58634461621529,0.1918734242398478,55.54165320614456,0.022388660662626847,0.7097749320641369,0.6275720820375353,1.2035330765749208,60.38429091779913,1,1
2026-04-19,Small Caps,-0.675820516234956,17.49801059270156,-0.3096495164060344,46.603600808037676,-0.009452223947824146,-1.8440641954542543,0.18116460052511618,-0.25788805468087206,44.33571330551337,1,1
2026-04-20,Small Caps,-0.32763449719875437,17.900731711997537,-0.0669321323636387,50.07920529212803,-0.013416828931351526,-0.5776365091905108,0.3495301517133612,-0.5639768045932197,41.13347602654956,1,1
2026-04-21,Small Caps,0.22123166325173615,19.2672189215483,0.08588617751184437,52.95914790948636,-0.005407859979191328,0.21687553153421027,0.4867209199276849,-0.26470770634473756,44.293019959096775,1,1
2026-04-22,Small Caps,0.5881056697213902,20.747352935018824,0.21338409092815386,53.0239813622273,0.00808250682034603,0.8681974846416908,0.47982877504937654,0.4245525248643059,52.23062831492946,1,1
2026-04-23,Small Caps,0.7950763353682576,23.01682998212863,0.23165692827449336,56.40173902104997,0.017312409425831777,0.9360828398373068,0.6429633074644691,1.0086194242190163,59.979357950214784,1,1
2026-04-24,Small Caps,0.22263691821647077,21.359039871394145,0.07925757043562828,49.03280382217815,0.01245672960874903,0.11958093844366152,0.24517150458512363,0.9025756411143238,60.8692101117874,1,1
2026-04-25,Small Caps,0.27646805169727007,23.292797871763295,0.069433627506271,56.80380701756907,0.0080974608627638,0.06522997257868142,0.6520986167542321,0.7764315843525482,60.59547729541538,1,1
2026-04-26,Small Caps,-0.4089641873621074,18.861393608262087,-0.12729043863281606,44.82083754939224,-0.00766813195165612,-0.9903004687656253,-0.004241743945534068,-0.03618139266321169,52.44002031981758,1,1
2026-04-27,Small Caps,-0.7648731925700267,16.686510135554002,-0.19830671710943185,42.346023910289105,-0.02171667473208636,-1.3260939171255581,-0.13989445859715433,-0.9204945265469023,43.256546761063916,1,1
2026-04-28,Small Caps,-0.20112684569205588,16.95279540124486,0.004936151674818245,42.96090922888156,-0.016400481235973256,-0.21533340519189206,-0.10366821892946777,-0.8429255068833331,43.02584234563236,1,1
2026-04-29,Small Caps,-0.5540816541978656,17.69794570012004,-0.09531542341933937,48.585501654557746,-0.0185564562224143,-0.7529471386991748,0.21572850307522384,-1.1258005178108585,38.57313235456449,1,1
2026-04-30,Small Caps,-0.03606988917617596,18.40605630958455,0.04125883074432611,49.70762973263317,-0.010126856810160827,0.006121747285091837,0.2769470725967689,-0.8309318801274682,40.33645818276784,1,1
2026-05-01,Small Caps,-0.9800448155247011,14.379068325691197,-0.22089585475623608,39.77766061841011,-0.02092718624264594,-1.4129767658584298,-0.30355179480195577,-1.514642497869475,31.24574865453885,1,1
2026-05-02,Small Caps,-1.0910911735726372,12.912429271221765,-0.23315745522528886,40.284022501841115,-0.027219001232352796,-1.4234272220288502,-0.26965639346609976,-1.9813570082707102,21.73950327738312,1,1
2026-05-03,Small Caps,,,,52.26877742671681,-0.02177520098588223,,0.4471816061428546,-1.8680766923404224,21.73950327738312,1,1
2026-05-04,Small Caps,,,,44.24043723841465,-0.017420160788705785,,-0.04206369765830428,-1.7723243362490588,22.49478155871078,1,1
2026-05-05,Small Caps,-0.09045303924204953,13.759425086501768,0.09777299354157985,37.63607035967797,0.004747951764569058,0.3831632681336521,-0.4437219462543428,-0.7872281726720047,29.627428334805366,1,1
2026-05-06,Small Caps,0.6363883727782322,17.41436735761179,0.3192561738765,41.870480774147275,0.02784527037262134,1.542227720609751,-0.17740885072399215,0.46026562262473697,43.43283060373411,1,1
2026-05-07,Small Caps,-0.43444933810322117,14.324442720591586,-0.07117045648656786,31.958186351353334,0.016186588175698433,-0.5706036436650674,-0.7882612019636215,0.13823303601001716,39.737991554125635,1,1
2026-05-08,Small Caps,-0.4544672832812804,14.619678207791246,-0.07498463095087898,34.91165815435137,0.007990496625272495,-0.5825307421305231,-0.592029541300027,-0.12432331431082337,36.502685191624266,1,1
2026-05-09,Small Caps,-0.6893350843981546,13.264232171155681,-0.14438299480655364,33.66426275745357,-0.0018092992354371805,-0.9451530626488417,-0.6612140647112922,-0.5578417494348883,29.843265350584545,1,1
2026-05-10,Small Caps,0.3132550198051153,17.72491605728207,0.11884777019110819,47.55480503172605,0.009131193283561758,0.5026537148522091,0.22896202097755478,0.015584284084299424,34.46666005502621,1,1
2026-05-11,Small Caps,-0.33916899071718554,16.39852902430462,-0.08315655582558365,44.21451687550392,0.0027867495855747795,-0.6139541421571268,0.011915791340088138,-0.2295876810996409,31.339809827156916,1,1
2026-05-12,Small Caps,-0.4345340901639483,14.590605825903587,-0.06448529786129947,38.08668533809726,1.76776192443856e-05,-0.5025931273499861,-0.3858037867241851,-0.3481149600870171,29.113077437507208,1,1
2026-05-13,Small Caps,1.2913825068005964,22.270833072429248,0.4461197985932995,55.034495431901874,0.031028766750442728,2.232632281499665,0.7254387984924947,1.345425178582769,47.86923856486261,1,1
2026-05-14,Small Caps,0.5213410531151091,19.82743460251094,0.0857743831812404,43.81231736655101,0.025934206087421047,0.28223265016680865,-0.021208135048810747,1.3673375709655435,50.03184040983349,1,1
2026-05-15,Small Caps,0.642498529939271,21.768054558571862,0.09613180285179364,49.66297868977568,0.02207466850830756,0.33508398340189083,0.36808989570103345,1.3991397921545965,52.14759243390423,1,1
2026-05-16,Small Caps,-0.3847246675797461,18.50842080208056,-0.19897357064545154,43.67397352389147,-0.00035269166866871374,-1.2568370353002123,-0.037634188941801504,0.4159461742207292,41.78770084679393,1,1
2026-05-17,Small Caps,-0.35225192987542653,17.992500567769063,-0.1232074470576644,45.43656660140497,-0.009573367675370896,-0.828855384038437,0.08227755791545614,-0.09201320940082006,35.63558978818277,1,1
2026-05-18,Small Caps,1.3206329872153364,23.83998244574552,0.4463265752548533,55.827208839080555,0.021499946578775613,2.169830306310892,0.7885881166318284,1.4755681442969102,53.59470058410577,1,1
2026-05-19,Small Caps,0.7230652846415294,22.869283516593413,0.12310366989235792,50.38218080057841,0.01917717461619018,0.457228727026096,0.4067124300878834,1.5358856273703345,56.34807075589977,1,1
2026-05-20,Small Caps,0.15055022730576648,21.21008339521086,0.004775728612870442,45.102786160502056,0.009076355622826902,-0.170945219066698,0.03743097225210289,1.1730368918860634,54.47551996385893,1,1
2026-05-21,Small Caps,1.6411275324168941,27.848771765851332,0.49255020463519783,58.52016014510016,0.033289262514845826,2.3066737537164514,0.9670470351530994,2.416440501046443,72.89888728005866,1,1
2026-05-22,Small Caps,0.5923716666955112,26.152300542651872,0.08511744624988643,52.15667737817243,0.020534160139707915,0.2067380982857568,0.5125991521703823,2.011850421604839,73.26798364548844,1,1
2026-05-23,Small Caps,,,,53.15042052962064,0.01642732811176633,,0.5766975970640908,1.9179159229906775,73.26798364548844,1,1
2026-03-24,Smart Contracts,,,0.16024118917175156,,0.0,,,,81.66714354868182,1,1
2026-03-25,Smart Contracts,,9.318606152040989,0.06949591607297423,0.0,-0.005791151331659861,,,,74.1625059536357,1,1
2026-03-26,Smart Contracts,,19.414746488355703,0.13384291747423857,41.48949495304942,-0.004997676562454689,,,,72.29342835402858,1,1
2026-03-27,Smart Contracts,,24.043350645661043,0.19125293020770753,57.296801704980794,-0.000549992672086299,,,,74.81643673504274,1,1
2026-03-28,Smart Contracts,,18.133656978008247,0.08429689728045034,38.11358366670773,-0.004533279737813253,,,,68.9194895089,1,1
2026-03-29,Smart Contracts,,18.60094727253941,0.107531264699066,42.309447154387335,-0.0052733461106450686,,,,65.37339419106691,1,1
2026-03-30,Smart Contracts,,16.900203781674982,0.08175541437848345,39.34973183319985,-0.007057527659466884,,,,59.89640400762405,1,1
2026-03-31,Smart Contracts,,15.551026739800069,0.06936014684944593,38.06908913017639,-0.008532607560315146,,,,54.20433229587204,1,1
2026-04-01,Smart Contracts,,20.37181881580425,0.19152334436236335,53.10939124616175,-0.0011299679861838594,,,,58.65519831821132,1,1
2026-04-02,Smart Contracts,,18.122256540714083,0.11223444193542252,45.87794642103073,-0.0014046313976149461,,,,56.15445908657127,1,1
2026-04-03,Smart Contracts,,16.766535859503055,0.08481171510652838,43.814605957199774,-0.0031637016795276543,,,,51.871574937809875,1,1
2026-04-04,Smart Contracts,,18.97600599470083,0.1660737580370798,50.422037855769474,0.0011822627554725698,,,,54.379325182474034,1,1
2026-04-05,Smart Contracts,,19.18131063713079,0.15911989152459194,49.919672587520985,0.0034944941716362823,,,,56.0364786220092,1,1
2026-04-06,Smart Contracts,,16.455707847712382,0.06964092150528288,44.24711633903788,-0.0008637138312642401,,,,50.06199988197449,1,1
2026-04-07,Smart Contracts,,19.387097251383857,0.1958170113707352,51.94699257426687,0.004590211121797916,,,,55.051783236365075,1,1
2026-04-08,Smart Contracts,,24.32967646430616,0.28920114260646235,61.98939131719877,0.013805118949424666,,,,66.54408686950283,1,1
2026-04-09,Smart Contracts,,19.56990978047105,0.07997002921165541,47.46153827987266,0.0055506146787390395,,,,60.67164281792573,1,1
2026-04-10,Smart Contracts,,20.435773280135862,0.1676306121005373,48.91778069487301,0.005713619587436741,,,,62.69453807380005,1,1
2026-04-11,Smart Contracts,,25.41938757111984,0.2855702442944635,59.12914638630901,0.013063326883334803,,,,74.03876034809916,1,1
2026-04-12,Smart Contracts,,22.31206375904756,0.10415230430748489,49.86597280747142,0.005398161337582237,-0.5377329129296233,,1.500018727098948,69.47854341320844,1,1
2026-04-13,Smart Contracts,-0.026415828591832183,21.67368543928591,0.09186045862701772,50.40515264407173,-0.0004952862472743639,-0.6957043262246237,0.37261443960306456,0.7589743451578254,65.32623426978942,1,1
2026-04-14,Smart Contracts,-0.109098596098905,21.23309386802667,0.0980262751973134,51.1551127032514,-0.003790257335340673,-0.58425994494011,0.4200011161946498,0.24641344750662275,61.74232766251472,1,1
2026-04-15,Smart Contracts,0.7300429958253027,22.349742388273356,0.20811743896541307,50.675234767257635,0.0013570857658049247,1.054515891581447,0.371670040324677,0.880888227261759,67.51210568066622,1,1
2026-04-16,Smart Contracts,0.16301638106077945,22.49965140760029,0.13752397068573835,51.03639714898066,-7.888563013194174e-06,-0.02507938497280236,0.39156113784919505,0.6911464269491142,67.1067390964325,1,1
2026-04-17,Smart Contracts,0.7782794013861634,24.47175177982436,0.19396073592963228,54.369164554044794,0.0027236876347686307,0.828592697077272,0.6515728527070893,1.0658685171022482,71.5202571594888,1,1
2026-04-18,Smart Contracts,-0.5322459488849649,20.965612063300078,0.05088088853125675,45.60634826626749,-0.004859183345460492,-1.3435710188152246,-0.09177991596633185,-0.02139959026862058,63.96801850691493,1,1
2026-04-19,Smart Contracts,-1.0714263200067593,18.56087809204272,-0.0010031044999030056,44.09502535489342,-0.01267846192860754,-1.9415870102272839,-0.21866757422868763,-1.3327377358994892,53.131711284212656,1,1
2026-04-20,Smart Contracts,-0.4518884060517847,20.205704262236257,0.10232620141126722,51.19317064740621,-0.01030176980195677,-0.43186664734894936,0.40124674747347544,-1.2904808947323396,51.2874133251275,1,1
2026-04-21,Smart Contracts,0.609843875766969,22.11288455428082,0.2310367227037275,51.28331502025034,-1.578120405925417e-05,1.3890304423805067,0.4010166095670134,-0.03259045467449874,59.64125216636105,1,1
2026-04-22,Smart Contracts,0.7578399424118525,22.942998692131376,0.23174119307118154,47.75465760211724,0.006519381518385542,1.3322368070281143,0.07700349612800697,0.9524061018448493,67.09994820521226,1,1
2026-04-23,Smart Contracts,0.08380142043670752,23.73132058575368,0.11962853445826133,51.67700867502406,0.0031464306195548596,-0.26115261835253745,0.4336040788664249,0.6160192822010269,64.79044342364045,1,1
2026-04-24,Smart Contracts,0.7039698506807225,24.67932476876281,0.1945653096673234,51.15135637524463,0.005669968247717462,0.8025554057420093,0.3769981915620798,1.0742383123943624,68.3750265649093,1,1
2026-04-25,Smart Contracts,-0.40364340581356895,21.368952993988998,0.08210863194751326,41.2618258709851,-0.0002149127469819708,-0.8136086382867596,-0.5590465810693485,0.32317876743176216,62.97256586644723,1,1
2026-04-26,Smart Contracts,0.744628789686025,25.765736156384143,0.19713478127122802,54.23487105514299,0.003456379959872327,0.8475223577709489,0.6825573086592897,0.8771168656809432,67.6777414875881,1,1
2026-04-27,Smart Contracts,0.9644038800124614,27.3019743471502,0.212668466349457,55.48598011587225,0.006567587554102469,1.0431235180411915,0.7855651618631121,1.4184008947442013,72.6726676916654,1,1
2026-04-28,Smart Contracts,0.7339748589632936,27.12076371759335,0.1735632163492248,53.3305508132064,0.0056627519565606715,0.4617534220656289,0.5630298409269383,1.4185611474908422,73.78748913907361,1,1
2026-04-29,Smart Contracts,-0.12767456326614995,24.371365119975486,0.10552373331397938,45.302266822607855,0.0004287495534786583,-0.5380614560746191,-0.23052127396281302,0.7675474941936411,69.24553129718672,1,1
2026-04-30,Smart Contracts,0.7095858601043012,26.889628733864896,0.19125943575972867,52.42687598656478,0.0025682802048962563,0.7313284296179516,0.47844565644877807,1.0811910281458283,72.09328799916253,1,1
2026-05-01,Smart Contracts,0.23791272923555926,25.990892929311524,0.15895201820549493,48.383658902095384,0.001678151015403015,0.24101838317760774,0.06627397700079492,0.9963431167025698,72.242407253942,1,1
2026-05-02,Smart Contracts,0.025925456659899926,26.560773962620416,0.11362779100330898,53.184454941219826,-0.0018987754528371095,-0.44421549736708243,0.5520114559009681,0.4863696157117103,68.87097912575011,1,1
2026-05-03,Smart Contracts,-1.0836327043690936,22.847754513427265,-0.022901341606365172,48.97657581450964,-0.012788382305903925,-2.336786772269756,0.11265227914405264,-1.2374042889249024,55.212869261888706,1,1
2026-05-04,Smart Contracts,-0.9647072053419515,20.996928366421262,0.045017376725088515,47.22996130491087,-0.014614052838855205,-1.3081046031451355,-0.0706158759936614,-1.8162957481029165,48.421758673330444,1,1
2026-05-05,Smart Contracts,0.22539346451888861,22.709553812216726,0.20509442302588154,48.782974305255244,-0.004748281442985998,0.9666222066627301,0.09405510135397765,-0.7558993716877483,54.867338736613945,1,1
2026-05-06,Smart Contracts,-1.2044063129870786,18.888706959597258,0.014236751071987602,41.34111202215417,-0.010456732363624129,-1.693091248324034,-0.6979002354484292,-1.6846864649064268,45.539854637743964,1,1
2026-05-07,Smart Contracts,0.551505746268395,23.747304946211624,0.228873161343225,54.02082759081315,0.0002739603483359436,1.2776311730954373,0.6695525049569047,-0.40100660071746697,53.74634267404936,1,1
2026-05-08,Smart Contracts,0.5204252616110097,23.79068495469737,0.20198994823697022,50.28328999345159,0.005332026625358819,0.8859094839503809,0.2575204793993838,0.35853275713085264,58.66628861094284,1,1
2026-05-09,Smart Contracts,-1.4206350071776925,18.8551797282391,-0.07683070582050883,44.618773646268274,-0.00952076331924541,-2.7166027551234917,-0.3645203896566159,-1.651203140596198,41.23404123424454,1,1
2026-05-10,Smart Contracts,-0.1527881504995118,20.25790214821466,0.14033727815215988,48.201400130130054,-0.004400148509566281,0.08235133390305004,0.03524254001612722,-1.1468249737707494,43.10821827758489,1,1
2026-05-11,Smart Contracts,-0.07128440414635517,20.43958306002045,0.13976514012914698,47.66929382047181,-0.0009146587154181349,0.07413949006886181,-0.02458842806600772,-0.7508193066481647,44.3543698649751,1,1
2026-05-12,Smart Contracts,0.43710182932504316,22.29536746753677,0.1949475671956672,50.676697595671264,0.0049234620455355475,0.787754843393859,0.3151448120452934,0.08512909867331332,49.28623429813974,1,1
2026-05-13,Smart Contracts,0.45065964496465705,23.066785607636483,0.16576192742126936,51.95426477164314,0.006534727888605105,0.3974520857875833,0.45680711181165523,0.4675909859757846,51.16770121300443,1,1
2026-05-14,Smart Contracts,0.3667605285646589,22.585879608446994,0.15563012003096777,48.78447565032934,0.006613294841776913,0.2597263383061186,0.08771890645773742,0.6669588455681097,52.29198686171005,1,1
2026-05-15,Smart Contracts,0.5183855355597133,23.38340965898819,0.16700971285447147,50.27887729591872,0.007084811484977057,0.408325271850197,0.26039999856659063,0.9222547296462487,53.91792719805517,1,1
2026-05-16,Smart Contracts,1.5253033106228975,27.282819762795654,0.2990580359041518,56.05430860293674,0.015462552439999767,2.0861295815950904,0.9276520512580698,2.2653083416934017,65.46004092826108,1,1
2026-05-17,Smart Contracts,-0.10903412236098127,24.272749725679446,0.04478680809162042,52.0522345891214,0.003667333092352979,-1.21824381068222,0.4481335771953838,0.9819738606091785,55.38821593792729,1,1
2026-05-18,Smart Contracts,-0.32086350462622226,22.367652003910123,0.05790638464792339,50.40421298955613,-0.003097684201739905,-1.0276894707351434,0.248845918087836,0.10394320362725817,47.62033057342525,1,1
2026-05-19,Smart Contracts,-0.9377553076570527,18.621418193624738,0.01646652905579408,43.60885211734608,-0.009830030164694102,-1.5212666888443445,-0.5634621691202034,-0.9583630934931435,37.48486262708947,1,1
2026-05-20,Smart Contracts,-1.9064025339886814,14.538034909879176,-0.1405303437072915,44.63298445204333,-0.023541151916619235,-3.17957874948584,-0.4347112572690712,-2.9675658154102154,16.174347348261545,1,1
2026-05-21,Smart Contracts,-0.7125003862321349,14.596194627476724,0.09396828711893984,45.38533679658321,-0.015869691991633204,-0.41819323502193156,-0.33953659904995714,-2.4101146786230956,15.321676702183444,1,1
2026-05-22,Smart Contracts,-0.19260043196828994,15.993982058457952,0.15325668672610676,48.36914666214488,-0.006343532121954947,0.2813949112405805,0.027600666160655853,-1.538852398258188,18.687717891373214,1,1
2026-05-23,Smart Contracts,-0.47045125222386164,17.174223169141094,0.06738563417494298,55.541864849658836,-0.0054035382249799195,-0.7226384460550089,0.9044224751941689,-1.5188969925598965,15.429708794169693,1,1
2026-03-24,Solana Eco,,,0.3402661356548823,,0.0,,,,80.41025998699918,2,2
2026-03-25,Solana Eco,,9.832632584870556,0.2579776822091575,0.0,-0.005251456858074733,,,,77.1689615990487,2,2
2026-03-26,Solana Eco,,32.50648759829055,0.7596779659444466,85.90923964682241,0.023761630944116367,,,,83.37521047629099,2,2
2026-03-27,Solana Eco,,20.296565557631585,0.17256424004584553,42.839999022458045,0.003190433530192655,,,,75.69450836661768,2,2
2026-03-28,Solana Eco,,20.550412680057143,0.2432526099943701,46.09380569254397,-0.005408735721273943,,,,72.26968414556382,2,2
2026-03-29,Solana Eco,,20.56869127227035,0.2743111411275854,47.4091594659847,-0.00857004312350519,,,,70.32100151141255,2,2
2026-03-30,Solana Eco,,17.870158557990298,0.11032747237673728,41.998420901693066,-0.020584887790327244,,,,62.5311620382594,2,2
2026-03-31,Solana Eco,,22.484492829175156,0.5977129886344075,56.6896468982328,0.004096656711177272,,,,66.44124862457838,2,2
2026-04-01,Solana Eco,,18.901909282138877,0.16557145373920212,46.29312423222037,-0.008206465661931296,,,,61.18659958337141,2,2
2026-04-02,Solana Eco,,21.549216220626548,0.4719140695003412,52.47207346606985,0.004101126741262053,,,,66.73438504199348,2,2
2026-04-03,Solana Eco,,21.352653718684152,0.38605183250618785,50.832901857946865,0.006150109308148003,,,,67.95580827053847,2,2
2026-04-04,Solana Eco,,20.779648414847955,0.2854797748455312,49.03854463798203,0.0007090191867304826,,,,66.87335027584747,2,2
2026-04-05,Solana Eco,,20.45499523742017,0.2580870342962933,48.571558285008926,-0.0044729553940781605,,,,65.22903669253128,2,2
2026-04-06,Solana Eco,,20.619143518023044,0.3105666819218815,49.4930119734531,-0.0041134097166184444,,,,64.50436937503196,2,2
2026-04-07,Solana Eco,,21.84679581221947,0.42975422423851684,51.467885618716096,0.003967122813281553,,,,68.13267133495575,2,2
2026-04-08,Solana Eco,,21.87964413829059,0.34356537668429227,51.402112801909375,0.003347742174032806,,,,68.02692898689341,2,2
2026-04-09,Solana Eco,,20.816564725458772,0.4591716614671486,44.3641048342204,0.010178357196211055,,,,71.32701250232728,2,2
2026-04-10,Solana Eco,,21.49623552721614,0.1828439865490049,50.21823350732474,-0.003715095171791754,,,,66.58123460156176,2,2
2026-04-11,Solana Eco,,21.1300930155047,0.2369525056039934,49.865303951326524,-0.008773540363535174,,,,64.17486619530723,2,2
2026-04-12,Solana Eco,,21.995092605589747,0.3556601891899667,51.676410549448526,-0.0038866377259622747,0.15137828669067896,,-0.5445369335190238,65.66205177608154,2,2
2026-04-13,Solana Eco,0.07259208167400444,22.870124065207584,0.3241845192065728,54.661675922994064,-0.0025978555894002773,-0.0495696586459143,0.41943168760329524,-0.46983549782786516,65.99809109408383,2,2
2026-04-14,Solana Eco,-0.40707060330489664,19.508855740321646,0.3028862245613311,41.93444877822896,-0.002976448408647316,-0.1855598023997147,-0.4433989354402757,-0.5617626329310893,64.55758513378346,2,2
2026-04-15,Solana Eco,-0.9565122364983748,19.838422689048013,0.12109238146022078,48.59006399656941,-0.01461594011418611,-1.323309624348921,0.023415486893772746,-1.8553754929749329,56.929357292895965,2,2
2026-04-16,Solana Eco,-0.38382367223767333,19.019161346716636,0.30163340895807367,44.134491034400845,-0.009546706047913352,-0.12731959866449113,-0.29034947364384783,-1.4932347199311737,57.732802949888175,2,2
2026-04-17,Solana Eco,-1.0262858985739542,17.946050885370745,0.15888046035859127,42.46995375341943,-0.014880611402617379,-1.0449254092117841,-0.40288746243754303,-2.0447240175219896,53.295242653916354,2,2
2026-04-18,Solana Eco,-0.18544601200106622,20.351775507698726,0.32089801293540055,51.12805682496149,-0.006971733562498986,0.04549238146059846,0.24029777510062023,-1.4391390586374009,53.85451046527926,2,2
2026-04-19,Solana Eco,-0.15063042223993686,20.663930920036513,0.29835677812166594,51.28655127727304,-0.002939352873649579,-0.10746882023358051,0.2473855367819052,-1.122263658449531,54.77820430346892,2,2
2026-04-20,Solana Eco,-0.047147005219623034,20.68994016693746,0.31563642105043693,50.1656965102206,0.000999905210576045,0.01340246233418878,0.15716088074206014,-0.7635075501763267,55.63638983949295,2,2
2026-04-21,Solana Eco,-0.8873611729556852,17.851658736378525,0.16372917925200892,41.487451707769694,-0.006125097285895567,-1.0325971061276447,-0.519637188325696,-1.3872284654166929,51.29354792104713,2,2
2026-04-22,Solana Eco,-0.8434313408072018,18.2587686673823,0.1827890052922639,44.62436485538057,-0.008886780364712143,-0.8701877402298109,-0.2624423483241878,-1.6650643753608485,48.2577079775905,2,2
2026-04-23,Solana Eco,-0.06574449046066028,19.423130112651535,0.3468605514197285,46.36270587024419,0.0005057165985783603,0.2986571160026508,-0.11822042140548673,-0.9069536500855092,50.84848592866966,2,2
2026-04-24,Solana Eco,-0.9994657087888081,18.537175537767897,0.09146695650678127,46.99999630643362,-0.009746590049085697,-1.4768342342210985,-0.06413479952093559,-1.7564513729050049,43.85685437994787,2,2
2026-04-25,Solana Eco,-1.6898176129904443,15.048811837532705,-0.07485037828159544,40.46566171577161,-0.026067582888383237,-2.3713446360340167,-0.6042912413319445,-2.9002304919644546,32.381542123068954,2,2
2026-04-26,Solana Eco,-0.6406810984008656,16.472570993821076,0.21448765438093803,46.091109499312076,-0.01619846289778107,-0.4705324449867215,-0.12120754689321968,-2.27920571443264,31.43047304891733,2,2
2026-04-27,Solana Eco,-0.3489527377657482,17.166718277780497,0.2596429729012306,48.226361601163276,-0.005977493937711964,-0.16920163617538708,0.06340588378823869,-1.6596655096310235,31.528185716018164,2,2
2026-04-28,Solana Eco,-1.2513510198527555,14.738328339860118,0.016149129015811864,42.97785439626336,-0.014479084232116697,-1.702311448699456,-0.3931976979474464,-2.1645840984832554,24.8434423274619,2,2
2026-04-29,Solana Eco,-0.41961882844597254,16.914487224143038,0.18941507091304022,51.68022995343529,-0.007640307875952185,-0.5630617986098327,0.3783674696140705,-1.783140104821032,23.991494535855548,2,2
2026-04-30,Solana Eco,-0.5792798965108157,15.472776972298094,0.15092497311274106,46.01529008480618,-0.005041348798283551,-0.7986080368028398,-0.13231458531950824,-1.6270108053115857,23.112121301383844,2,2
2026-05-01,Solana Eco,-0.3287575616087556,16.59312854178921,0.18616518895160505,50.764890270633934,-0.0005192801586272541,-0.5562086380632789,0.29907199583555744,-1.3484087760346448,21.90725194956969,2,2
2026-05-02,Solana Eco,0.0022086157197600126,16.834438226962273,0.29078827963261555,49.12784917324568,0.009400138513104853,0.13997853937556926,0.14514045583401508,-0.7091880215256615,24.605324663493388,2,2
2026-05-03,Solana Eco,,,,49.77787215995816,0.007520110810483885,,0.20366624379074147,-0.6963381868886379,24.702494596199973,2,2
2026-05-04,Solana Eco,-0.7439789015001518,15.91695330388291,0.07034709266171324,49.26325935431033,-0.001693206948277487,-1.3039548013900497,0.1527411808391292,-1.1600563773733445,18.101404767789447,2,2
2026-05-05,Solana Eco,-0.14022415299212707,17.709151854140483,0.16361589545941913,56.76800130926257,0.0004593481577390979,-0.6681011882372133,0.8583933748803779,-1.0184755178224107,16.45963940500328,2,2
2026-05-06,Solana Eco,0.1419250952718084,18.505262189758348,0.23665456679915287,58.15565561041261,0.006790904025787678,-0.17394774654044481,0.9700045378599402,-0.596778573673971,18.084605276433276,2,2
2026-05-07,Solana Eco,1.0009735217061553,20.63799880102644,0.48111322610214896,60.064615003570765,0.02633401130931027,1.43890972079485,1.1245850775964985,0.7421667002299625,26.930950816817436,2,2
2026-05-08,Solana Eco,1.5860378478865964,25.14585940303325,0.5250169631442054,71.08841194093162,0.04027441394808925,1.6594287504042982,2.055077641252608,1.8881556473582992,36.35370920796927,2,2
2026-05-09,Solana Eco,0.39146787972769503,23.059554955771635,0.17789232311284633,63.664768421895936,0.024926059868919197,-0.6158066536723498,1.3253278112381626,1.383158427724213,34.31948796505868,2,2
2026-05-10,Solana Eco,0.7577209673633402,22.667654627576333,0.29967336245484183,59.77165508887336,0.021892320055207658,0.18917165980294373,0.9481287280490471,1.4547734135607453,36.237519934135356,2,2
2026-05-11,Solana Eco,0.288077526346882,21.865023128938216,0.233735319091985,56.13814985361714,0.014706485205428582,-0.24970252376123814,0.6054799137918532,1.2478769055285293,35.94835358246199,2,2
2026-05-12,Solana Eco,1.0659688572634105,25.85488235912345,0.3495921688745109,69.00782802076614,0.016863097283265804,0.5271961512274468,1.721279950779946,1.5074111422412984,39.17966740014242,2,2
2026-05-13,Solana Eco,0.28964575922531777,23.089834741772155,0.21885031608432481,58.83289118012808,0.00898653342488661,-0.3599794505612487,0.787328577650583,1.2054817721250495,36.75928374173869,2,2
2026-05-14,Solana Eco,1.0631144937659884,25.470930106491707,0.38997205096919496,64.85001149507818,0.014478018587042712,0.8037891882469932,1.2982334375596583,1.5860331156843368,40.22771133222503,2,2
2026-05-15,Solana Eco,0.5011709026362658,24.297394028436926,0.2853490837755753,59.886452795140784,0.010430084136966075,0.08089487493515707,0.8366112263743779,1.4715746996148307,39.55443865245596,2,2
2026-05-16,Solana Eco,-0.510292886841887,20.113419165448864,0.032924306063184076,48.939432829935065,-0.008840912830887955,-1.619659404889841,-0.15203354426592422,0.4630457728364154,30.60172365492425,2,2
2026-05-17,Solana Eco,-0.08097987109391476,21.018799317976434,0.2067629252576804,53.51928169590511,-0.00941992857003407,-0.42336443769985216,0.2635337203498727,0.3217577196669527,28.18659158314448,2,2
2026-05-18,Solana Eco,-0.21870560126698274,20.48455281270391,0.1758191137425544,52.67822706704579,-0.011300086033178669,-0.6290723662578042,0.18432978740154343,0.09761671862846626,25.637085571304407,2,2
2026-05-19,Solana Eco,0.36483172521243634,21.101495772693276,0.3093159440623144,53.62565599346224,-0.003377240180168939,0.2955208344590217,0.2698170134327218,0.4320534717430108,27.034584518432887,2,2
2026-05-20,Solana Eco,-0.07773499161178746,20.138145080261022,0.23631672979831597,49.99159296916873,-0.002895788175231795,-0.21393928986783742,-0.07025236911998753,0.41613654852979093,26.15805215974001,2,2
2026-05-21,Solana Eco,0.07860728036961255,18.909634293004444,0.2679221858894453,44.066157569994154,-0.0004214704066814435,0.009312934656339712,-0.6232147728148368,0.5255207926389274,26.698554844421103,2,2
2026-05-22,Solana Eco,,,,42.66489620396136,-0.0003371763253451547,,-0.7464754841955398,0.5199820048463223,26.428926031705714,2,2
2026-05-23,Solana Eco,,,,53.20306346835012,-0.0002697410602761237,,0.2572390220273895,0.5209745328149272,26.428926031705714,2,2
2026-03-24,Store of Value,,,0.035824928857116335,,0.0,,,,34.683950803088564,1,1
2026-03-25,Store of Value,,29.269496858137252,0.08348992750296287,100.0,0.0030418688594500364,,,,37.371892775510716,1,1
2026-03-26,Store of Value,,21.501652093982234,0.06134009402118681,68.27345593084601,0.0033685098765035516,,,,38.19287305916616,1,1
2026-03-27,Store of Value,,9.984313937012699,-0.05048471895004351,26.241517164331626,-0.003754349586517004,,,,31.470967489845133,1,1
2026-03-28,Store of Value,,12.135939726303357,-0.0193899498664665,37.02257955399885,-0.006043668803952999,,,,27.74640429872884,1,1
2026-03-29,Store of Value,,11.640547441973942,-0.01954191701992832,36.99615129685375,-0.00716372770525532,,,,24.295701831708037,1,1
2026-03-30,Store of Value,,13.788935544629016,0.01602481291036392,46.015321392868515,-0.005196390167316427,,,,23.2449982084872,1,1
2026-03-31,Store of Value,,13.127272010326289,0.00602206811813069,44.234438872174465,-0.004293357232556243,,,,21.64558970785352,1,1
2026-04-01,Store of Value,,15.078223486480008,0.04345520213260929,51.28938107389753,-0.0010677158865211658,,,,22.447537846443044,1,1
2026-04-02,Store of Value,,14.082356631883343,0.02141099345723489,47.73318177267578,-0.0003486735542469451,,,,21.63415801262217,1,1
2026-04-03,Store of Value,,10.53773399072331,-0.0646296991827821,37.56669302381418,-0.005321723711732923,,,,15.432808747842643,1,1
2026-04-04,Store of Value,,10.03165563619779,-0.05668051320030127,38.77151498189135,-0.00759142789980626,,,,10.394999928715853,1,1
2026-04-05,Store of Value,,11.62187705619498,-0.0028557274399938076,45.84746819480047,-0.005102769558892446,,,,9.395548291439628,1,1
2026-04-06,Store of Value,,12.966643718707589,0.039627087481378324,50.37405835464636,-0.00047430919017429213,,,,10.970096218482242,1,1
2026-04-07,Store of Value,,14.653061392026437,0.08325494253351434,54.2972982051733,0.005326860926731299,,,,15.331466707512988,1,1
2026-04-08,Store of Value,,12.773620279277123,0.03933284364584291,45.971918955537916,0.005959581349782476,,,,16.305264750281133,1,1
2026-04-09,Store of Value,,15.98913662235019,0.11720751853885936,54.62600859441353,0.011078851855954655,,,,22.388982885931032,1,1
2026-04-10,Store of Value,,17.427006341866548,0.052807297839734,59.28190765586756,0.009636942015187545,,,,23.75327671492665,1,1
2026-04-11,Store of Value,,17.84907050154494,0.07663559057972859,58.74311611486759,0.00976677181022559,,,,26.617788628736065,1,1
2026-04-12,Store of Value,,16.907808524097618,0.036335468175830304,54.74101615690815,0.0067601455795572325,0.22953798642270076,,1.502857766381499,26.301636408853994,1,1
2026-04-13,Store of Value,0.715054831659494,16.97323340647483,0.05888405025863588,53.71861603424533,0.005940711545548168,0.6611248714264012,0.20723506200459593,1.4593681213807477,27.881453585715168,1,1
2026-04-14,Store of Value,0.23103756305643605,16.525141251637258,0.029597353353414124,51.97924239423631,0.0032135768019167597,0.06049024055754178,0.08999476227346749,1.1623366975004874,27.328035597926693,1,1
2026-04-15,Store of Value,1.0148012642916375,18.041532099098323,0.10525607172503414,54.87550860510887,0.006123739961207365,1.5210052318513243,0.27979092060068905,1.5524314190844346,31.897845255841258,1,1
2026-04-16,Store of Value,0.46143243489721086,17.824308027394125,0.05936462311115082,52.88560987318814,0.004643691736075338,0.5756303790317918,0.13860608533585964,1.4164948495312786,33.049617458436096,1,1
2026-04-17,Store of Value,0.5644743842463061,20.186922763051694,0.0595160964681869,60.8567077762883,0.0034172984440748837,0.5636161021334131,0.68323719653411,1.2984698453634114,34.401306345706715,1,1
2026-04-18,Store of Value,0.46278850257067783,20.1652088767715,0.05375254198321008,59.69457085551549,0.0020289087402379814,0.43353024322843775,0.5837645287884382,1.1475056546276587,35.23342518788455,1,1
2026-04-19,Store of Value,0.7582557774460787,20.02781980143662,0.07564424583551614,57.300581044125394,0.0023720341922686752,0.8678752671868157,0.4003891170196796,1.1908092185404175,37.413001257429464,1,1
2026-04-20,Store of Value,0.6188682350663154,19.32105908862882,0.06911348849292608,52.938788109739576,0.0019631911766469987,0.709307872147074,0.07576193677903133,1.1485087749983254,39.018887675920794,1,1
2026-04-21,Store of Value,0.13957029399649362,17.915627122282775,0.05151260334608602,46.663261790411795,0.0003935169155763196,0.3251515445428724,-0.39038493552847586,0.9590727760758742,39.390955948353955,1,1
2026-04-22,Store of Value,0.753838281373304,20.61053050690292,0.08716726478691832,55.11727477681426,0.0015762887013327665,1.0633147550058806,0.2540564748947192,1.0846882070070045,42.298566389712995,1,1
2026-04-23,Store of Value,0.8049644537116212,19.8372325031643,0.10817881836178106,48.90033014153374,0.0034841558782153226,1.4420218952710446,-0.22748163292308257,1.3158016109857393,46.300468724916016,1,1
2026-04-24,Store of Value,-0.06852135367755678,19.227864450685935,0.027338912536794813,47.01746260067603,-0.000761378042526295,-0.2771474341307047,-0.3701850517211797,0.8304509093403475,44.53690354316682,1,1
2026-04-25,Store of Value,-0.04509309401282686,19.067490373085963,0.043431484886184556,46.0398004709309,-0.002453447016816719,0.07017525957237099,-0.44068200616447756,0.5770214909177228,44.24763340157314,1,1
2026-04-26,Store of Value,1.3158679114110272,24.336185481805266,0.1554006205911511,62.12743714882704,0.0036678576103873865,2.284034495752734,0.8496775804228713,1.2701373627060364,51.53691515331341,1,1
2026-04-27,Store of Value,0.06304166047484613,20.9226441959528,0.04436438799101828,48.74696401145134,0.00012550312381857769,0.01484213340986478,-0.24336204164260838,0.879122514932401,50.70295606494607,1,1
2026-04-28,Store of Value,-0.4214154785891222,19.989532376590113,-0.0022001150325881916,47.33536497907492,-0.0051740004865737065,-0.9261740271319612,-0.35504140812209634,0.1834255278167752,46.83197296338896,1,1
2026-04-29,Store of Value,0.8566248374534657,22.170094903198176,0.13552508063066973,52.29755011720674,0.0004756882396866474,1.8175526307222014,0.06218590893996772,0.7809428396927813,52.2165896195703,1,1
2026-04-30,Store of Value,1.1564936195406963,24.421426013488556,0.15191455080311292,57.35431897319249,0.004947505854591982,1.9977798046142792,0.4862492829933721,1.3401059520008565,58.12831608901176,1,1
2026-05-01,Store of Value,0.8913924583396159,24.185593192750883,0.11604866952546751,54.25097843988261,0.0051005457892180535,1.2654316487055188,0.21517384385337565,1.4313067405056932,61.397003053735475,1,1
2026-05-02,Store of Value,1.49132368333411,26.742542471224937,0.19019604324768205,59.30313727837524,0.009547800683692943,2.42830546054987,0.6454923184630535,2.0031021801873825,69.2597128921719,1,1
2026-05-03,Store of Value,0.48167706522178555,24.81249876432831,0.09056415735642409,50.919778516277724,0.005341506134349191,0.6535647335674776,-0.09283512490685933,1.6364140727193308,69.96747010478549,1,1
2026-05-04,Store of Value,1.8633559737496848,29.05263760754118,0.26487719525089576,59.9997572591908,0.013402186029337876,3.2045287555226913,0.7053475079988752,2.498077389811705,82.17295587718667,1,1
2026-05-05,Store of Value,0.4219776349908857,26.66418671065597,0.07821551410128347,51.163116946939255,0.005661904135934558,0.29647908045411947,-0.08812094273208834,1.822786508494456,81.34669790409214,1,1
2026-05-06,Store of Value,0.4491812158258319,26.74288955606858,0.10441401567412689,50.75746837319945,0.001994978832464682,0.6966384663612143,-0.12359255497499774,1.4856185308830094,82.73269753583422,1,1
2026-05-07,Store of Value,-0.062290573780648596,25.434274995201708,0.046980831664761774,47.39553901023529,-0.004268344946042932,-0.20981155563123904,-0.42747872305071455,0.8330224586916144,80.34831848827915,1,1
2026-05-08,Store of Value,-0.2539774164470834,25.45562683994131,0.02775344942878731,50.01861821890542,-0.009382773770997766,-0.5103974550965471,-0.18147631112747792,0.18102764036208244,77.07501887934862,1,1
2026-05-09,Store of Value,-0.8536746697229441,23.435234408882078,-0.0343524448518673,46.64513130098453,-0.01622401191396758,-1.4606131055100868,-0.49200661742134105,-0.765597438409747,70.35906890301412,1,1
2026-05-10,Store of Value,-1.1752055017146712,20.94789827643786,-0.03878737836951616,40.76820824776268,-0.02007154788460163,-1.479065243204312,-1.0261415814235741,-1.4962559644132227,64.50970621788136,1,1
2026-05-11,Store of Value,0.19175197474692524,24.79140020803895,0.11881514520614149,53.389358966593484,-0.011454396057596707,0.9759821419137388,0.16796177960624123,-0.9744338720400691,69.38050051541886,1,1
2026-05-12,Store of Value,-0.6990312375066823,23.39716337443597,0.005657498350022226,50.33726714149902,-0.012729519384329794,-0.788589783144682,-0.12300290167169654,-1.325031307312288,66.16291161115612,1,1
2026-05-13,Store of Value,0.10281665902506838,23.634995757019333,0.11484328230056821,49.089994101660885,-0.005919633591500796,0.9161962618453201,-0.24112656647603917,-0.8491743025960529,70.1657463446862,1,1
2026-05-14,Store of Value,-0.18438295716521189,22.9361431887797,0.06608705200858872,46.32814719051444,-0.004465204506488781,0.14482047749584923,-0.5046804160961111,-0.8067712367431115,70.80219112733842,1,1
2026-05-15,Store of Value,-0.6999816066312319,22.284390439420807,0.01708795045767919,45.81333134654233,-0.006449037881530339,-0.6281510637526841,-0.5484343390274341,-1.0962723738561033,68.08257026879285,1,1
2026-05-16,Store of Value,-1.0937943068350489,20.18493573960162,-0.019159119825196354,40.84950066950444,-0.009655408226377681,-1.1822689365129597,-1.0201347149119862,-1.534071699652081,63.26790430978032,1,1
2026-05-17,Store of Value,-0.2968187192696813,22.071615877793967,0.05609322562866237,48.46053538265956,-0.006322318969880683,0.019595509881297813,-0.26368982175388855,-1.3478006709880048,63.71896395102889,1,1
2026-05-18,Store of Value,-1.2186953856112017,18.205457318081322,-0.017169806294905665,36.15414862074666,-0.008528643753561016,-1.137550972490512,-1.450378907563129,-1.6576060736042355,59.282843624124595,1,1
2026-05-19,Store of Value,-0.8697812525999004,20.201004694128613,0.0069611709594060945,45.8379210231308,-0.007856410110551715,-0.7394349137474192,-0.48778102268978585,-1.703505343659061,56.92632458367193,1,1
2026-05-20,Store of Value,-0.5096257036795044,20.0828989366792,0.032229554776632044,45.779004868869244,-0.005324698433530832,-0.32845063296987875,-0.48831222697375876,-1.5565300430078597,56.51651685663868,1,1
2026-05-21,Store of Value,0.7899382766609458,24.521460186235938,0.1887253180706964,57.4279669405384,0.006626542393499657,2.111238897560735,0.6706320926842703,-0.4498088136835305,66.06289412074462,1,1
2026-05-22,Store of Value,0.22191066085528843,23.508027604149525,0.08408418766313214,52.709404832526644,0.0071750080893434615,0.45788072948027586,0.19376690072590874,-0.25651801976835786,67.58469537328043,1,1
2026-05-23,Store of Value,,,,56.058543122814335,0.00574000647147477,,0.5281978274449858,-0.25632271391735545,67.58469537328043,1,1
2026-03-24,Streaming,,,0.20964871836102494,,0.0,,,,86.8574003143184,1,1
2026-03-25,Streaming,,38.09180280367622,0.21290086097560157,100.0,0.00020754414406414233,,,,86.76172159264004,1,1
2026-03-26,Streaming,,12.484419470203102,0.03965254423653543,1.8425689238918608,-0.010730026883932995,,,,79.20637022999713,1,1
2026-03-27,Streaming,,11.289978778000668,0.013909089628101478,1.6080299035284895,-0.018641903033596904,,,,71.57783589295519,1,1
2026-03-28,Streaming,,9.86788319333981,-0.00712432578552442,1.4565485101733344,-0.0238995062636662,,,,64.3616177137834,1,1
2026-03-29,Streaming,,16.217971051449204,0.08011935948399729,29.1432217518326,-0.020253386980751086,,,,61.81671063305457,1,1
2026-03-30,Streaming,,15.294567867243206,0.07042041836997738,28.260521012668292,-0.017358212892581843,,,,58.47890384553225,1,1
2026-03-31,Streaming,,15.814065979950865,0.08860471471930374,32.11547241390949,-0.01326648056103194,,,,56.42611033762637,1,1
2026-04-01,Streaming,,14.986219135485278,0.07599627111464176,30.961878462143517,-0.010574147807479985,,,,53.75484557840275,1,1
2026-04-02,Streaming,,13.607162799792054,0.04229723675892035,28.249755788300334,-0.010221919738835853,,,,50.21159647242483,1,1
2026-04-03,Streaming,,13.140878550602714,0.04525879713359671,28.797878873817922,-0.008991996996091448,,,,47.140548224018104,1,1
2026-04-04,Streaming,,15.032268847930975,0.09566060311455941,36.9898886998149,-0.004228406592340625,,,,46.490250541297236,1,1
2026-04-05,Streaming,,14.330589032731265,0.07626150347480361,35.421340041279734,-0.0019445903727431518,,,,44.904884705180564,1,1
2026-04-06,Streaming,,15.356799292307066,0.1083260214379785,39.65120694036165,0.001953949971211913,,,,44.70971266234055,1,1
2026-04-07,Streaming,,15.782918744304425,0.12059184353688486,41.12633820415464,0.005392240223125108,,,,44.786512418850215,1,1
2026-04-08,Streaming,,14.695189879647057,0.08049909104422265,37.7097407343694,0.005008121859898601,,,,43.029831574820776,1,1
2026-04-09,Streaming,,19.37742828556039,0.08878474679627478,56.574057459160585,0.005324310419026257,,,,42.063885541145666,1,1
2026-04-10,Streaming,,21.533049153172918,0.12021494200060583,64.01086925285246,0.0075277579206775025,,,,42.5033460440147,1,1
2026-04-11,Streaming,,17.78048167487536,0.01205223294031646,52.055371875162415,0.0018729440874591732,,,,37.88942781480709,1,1
2026-04-12,Streaming,,14.99505017253217,0.025996223388572066,43.117586735836,-0.0006225455446726771,-0.9393563306950998,,0.0075442085891249495,34.44287726365302,1,1
2026-04-13,Streaming,0.34773601735924964,17.3036728182393,0.08515127458540418,51.66392093102348,0.0018796688991900637,0.0874691980022205,0.6479188061524875,0.23687337301438244,34.25994872168233,1,1
2026-04-14,Streaming,0.9643881518124039,19.583853949467585,0.16401367961034094,57.490961095265305,0.008636570356106706,1.3895930109602657,0.8676495967183269,0.9188249797605925,37.928416852901194,1,1
2026-04-15,Streaming,0.9490013125501502,20.139389794639925,0.1477662712065887,57.07830007968304,0.011616648676205921,1.0549552597975096,0.8167462672819382,1.3109589749659907,40.48044060661052,1,1
2026-04-16,Streaming,0.7804644374758457,20.531709787487465,0.11408706261475358,57.080532284100094,0.01093433333720632,0.46019675264662907,0.78783589205765,1.3809652474716576,41.344361251012636,1,1
2026-04-17,Streaming,0.3217066471204546,19.45831088091371,0.08070880218596281,53.29847951946196,0.007986552953814341,-0.12525195815645293,0.5993403785011201,1.238169016626417,39.67676264150322,1,1
2026-04-18,Streaming,0.5044434437919542,18.367084164657264,0.08901504343565854,49.32910178649395,0.006415355033451264,0.023709529583021964,0.4076398487075263,1.1816694346254641,38.47462169435319,1,1
2026-04-19,Streaming,1.206390863630841,21.50527582441714,0.1825891000482618,59.336018856284035,0.011216308006830066,1.6183803874052218,0.8458436353884534,1.6346213422586093,41.37698129640734,1,1
2026-04-20,Streaming,0.9781695976020278,20.45855316461987,0.15009804810496627,53.665017828769656,0.011688782871534947,1.0046284075056537,0.5655052459819786,1.740261187186313,42.15498104491391,1,1
2026-04-21,Streaming,1.4592691211972002,22.535462588574028,0.22701577400675135,58.38608748891294,0.016379055103800343,2.123532933973501,0.7675821142044522,2.117740835412861,45.73977678011708,1,1
2026-04-22,Streaming,1.4322543182689926,24.00532333346421,0.2185520618391583,61.44912123645838,0.017980914102312225,1.8315691070978726,0.8859228300199873,2.2427726795289,48.339276816188104,1,1
2026-04-23,Streaming,0.6213768635315621,21.870418965815198,0.1289317777851072,52.9337281338466,0.012342838461117852,0.4156981923475999,0.4667970472977689,1.9208935224217254,46.52001567548662,1,1
2026-04-24,Streaming,1.0835602370512725,22.69571348604825,0.18478181396872903,54.555611153072455,0.011717913457010603,1.2515963572967916,0.5346482825313151,1.896755215573567,47.18893091524658,1,1
2026-04-25,Streaming,0.5825901590750989,23.61965802648407,0.12600245823644357,58.642167457396205,0.006925806260746089,0.3195110578792264,0.7188259935678928,1.6293456355298621,45.881159380703735,1,1
2026-04-26,Streaming,1.2347471042036644,25.21621679093206,0.21092801727624214,62.66221866471974,0.008928126802438168,1.587229668512238,0.8934389586001772,1.739180115102874,48.43160521329304,1,1
2026-04-27,Streaming,0.4431788271340573,22.52151836027152,0.1257696178932359,52.68549714563243,0.004209388182507812,0.2558354357793882,0.3892751683990318,1.4779041738316525,46.14038605524845,1,1
2026-04-28,Streaming,0.7774434516251809,22.044397249004078,0.16545905033470176,50.100781589826035,0.0034832868770274944,0.8616712504145442,0.25482030065469513,1.420890117183065,46.395564781316,1,1
2026-04-29,Streaming,0.30232003035268695,21.434097022417575,0.12367082507037758,48.37767661274795,9.010383675666159e-05,0.19607496120296122,0.16421115863283686,1.21112727216679,44.92056679901304,1,1
2026-04-30,Streaming,0.18051676729636087,21.399500574123238,0.10719384920218872,49.52488076496198,-0.0031817786630837196,-0.06795897669654223,0.2207078801462123,0.9845368919413263,43.09500924349315,1,1
2026-05-01,Streaming,0.27107524556012963,22.06974324518012,0.12288512500314337,52.9796803771341,-0.004145960259188938,0.18535210499751675,0.39658767429082875,0.8660910506170306,42.062731859115694,1,1
2026-05-02,Streaming,0.6934695534950559,22.74820024391313,0.16141933839434922,54.90570391031938,-0.002145943250111671,0.8045621940143926,0.4913100393078928,0.91650812937644,42.896538587026214,1,1
2026-05-03,Streaming,-0.8907340231746613,16.77261993262217,-0.043066374812801934,36.70850932805069,-0.0138969411157637,-2.3652721912467767,-0.48044619934508154,0.16192682940040534,34.808585859359205,1,1
2026-05-04,Streaming,1.6921083673038066,24.52556746588015,0.39467762146885504,59.7510053601504,0.007366471655990159,3.6051674578166515,0.7570189790832479,1.2759715284776962,46.34600741612611,1,1
2026-05-05,Streaming,-0.09749125514671707,19.757189517023576,0.06569576173631343,44.64476210682124,-0.0007394284121813796,-0.6386057258529774,-0.06750783630937719,0.8471859896145685,41.676488482970775,1,1
2026-05-06,Streaming,0.46299260579807866,20.37233853605818,0.1481623174939521,47.77274693216454,-0.0005691581493542045,0.42959164075655604,0.10428435370430893,0.832164908289943,41.24422885671004,1,1
2026-05-07,Streaming,0.511199073927104,20.919308892325418,0.15094659631014742,50.73709217158403,-0.0003043100431798741,0.4599759400523111,0.26696664400939096,0.8257830153980997,40.77597525895838,1,1
2026-05-08,Streaming,0.8112773039613927,21.181970486087007,0.21387995130603307,50.969653999324194,0.003845200954283293,1.2578995399223643,0.2768215315574458,1.0567639118868748,42.78641425958917,1,1
2026-05-09,Streaming,0.41246729237356605,21.37388218972757,0.16492365988691185,51.305540736833954,0.003062719339981863,0.6040496405201279,0.2925832935886215,1.0324330279932117,43.07462090921826,1,1
2026-05-10,Streaming,0.3097613909811099,20.598663729666853,0.15553140727622472,48.04263718623004,0.001747883255457868,0.4733821199215119,0.10294839617795622,0.9683897699489329,42.93354345069433,1,1
2026-05-11,Streaming,0.031934883363367195,20.027321803070414,0.09963510541658623,49.05707455664911,-0.002803459977996593,-0.2713602392186485,0.16049734343710223,0.6949753603699262,39.151691014764125,1,1
2026-05-12,Streaming,-0.41598752452607024,17.818909926185107,0.03095083714609825,45.246440006739086,-0.00995450274674957,-1.1702684666824579,-0.06378590895670738,0.20801383825355202,33.08417230679207,1,1
2026-05-13,Streaming,-0.29736417305572094,17.514254886775515,0.06473655016989437,47.90539777630302,-0.011798034198212683,-0.7052783339632946,0.09387830121565562,-0.035083776682179206,29.12990835268659,1,1
2026-05-14,Streaming,0.4489567771920855,18.39570668171948,0.16977251813714864,52.092411357504005,-0.005644364491263455,0.7044242730535122,0.3424451412072788,0.20617580846319533,30.074982547626387,1,1
2026-05-15,Streaming,-0.972284349812494,14.434781798768347,-0.06563163192053927,44.50415676179867,-0.016514017917997555,-2.334817145412902,-0.11778828156340052,-0.5635692800286003,20.5264714740152,1,1
2026-05-16,Streaming,-0.812666200959495,13.685422656232806,-0.00876015275712733,45.09122783807542,-0.018793768659464957,-1.5461187123209597,-0.08097831428970396,-0.9115527576005911,15.673283138539512,1,1
2026-05-17,Streaming,-0.635614402654642,14.763239754446138,0.016965207442971086,51.9306958301583,-0.017514864259761363,-1.1901018727784984,0.33951279342663576,-1.0526082320449108,12.505719623554773,1,1
2026-05-18,Streaming,-0.420152777951442,10.545054744911816,0.07421294665146735,36.35351426732938,-0.012020901537268605,-0.4563383529832921,-0.6263069204254802,-0.9076936627356074,11.64330455964937,1,1
2026-05-19,Streaming,-0.6875353440799359,12.556170632304148,0.01683767948013385,47.29335792393664,-0.011460598942293287,-1.1670571451991225,0.06093654797030586,-1.009687411194863,8.303758720734047,1,1
2026-05-20,Streaming,-0.7060472810938657,10.916406153145097,0.029229806965764195,42.856773725903864,-0.009543477761367991,-0.9913144752786412,-0.21854890808098992,-1.015875346656337,5.85256245495841,1,1
2026-05-21,Streaming,0.0322121906461454,12.531773327776333,0.12116653236528688,48.38439298864047,-0.0017783257124647893,0.18190385295730332,0.1340119218588304,-0.6263760110713276,7.513364517764269,1,1
2026-05-22,Streaming,1.8504946174614094,18.67561192050005,0.4828733751315821,61.020612604460155,0.026465348509774625,4.062798757401161,0.9345229226903307,1.1781530337340407,24.177772832314314,1,1
2026-05-23,Streaming,,,,63.570727585923144,0.021172278807819703,,1.0792565259736087,1.1584180329353084,24.177772832314314,1,1
2026-03-24,Tech,,,0.14837371814808178,,0.0,,,,49.88054468573486,16,16
2026-03-25,Tech,,7.0060113685577985,0.14625331062626068,0.0,-0.00013531945438400862,,,,49.18629072289018,16,16
2026-03-26,Tech,,6.358465476479779,0.08883256700473369,0.0,-0.0038771906896048454,,,,45.09037511626284,16,16
2026-03-27,Tech,,18.45752719202759,0.14811677186946054,49.89188070322138,-0.0022267495670258855,,,,42.43638876412618,16,16
2026-03-28,Tech,,15.759590716059506,0.11965582278889166,40.25099606446562,-0.0028776458993201477,,,,40.89432209232412,16,16
2026-03-29,Tech,,22.42891386925425,0.2278765962378167,65.55786214315097,0.00379241205277939,,,,43.04742205159497,16,16
2026-03-30,Tech,,16.84182447344212,0.11413249524902785,45.363424032527746,0.000527523449895997,,,,39.80937612369908,16,16
2026-03-31,Tech,,15.73396698058264,0.09763696032133556,43.42356578479816,-0.002588272363228239,,,,36.1062494110812,16,16
2026-04-01,Tech,,16.05655066069411,0.11805648631673114,46.26787891113218,-0.003085552394938671,,,,33.69591189945928,16,16
2026-04-02,Tech,,14.515271280644706,0.08253256672585176,42.54668120564211,-0.005478676628136558,,,,30.35146535342931,16,16
2026-04-03,Tech,,16.695841823172703,0.15673889608442534,50.810741893794464,-0.0019194126011240487,,,,30.907893633426443,16,16
2026-04-04,Tech,,16.734476847408914,0.1553372333254383,50.673065924197545,0.00036335987545201877,,,,31.163391853074074,16,16
2026-04-05,Tech,,17.94027080747391,0.19477540306035587,54.167294560063624,0.004331860002449979,,,,32.79673517975577,16,16
2026-04-06,Tech,,15.940909371251674,0.11278793122721073,47.21430552060039,0.0013899322708424769,,,,31.19819582239063,16,16
2026-04-07,Tech,,16.71292323636564,0.15263408119948907,50.31392217493367,0.0020428721289591557,,,,31.00568610559509,16,16
2026-04-08,Tech,,16.16461032125111,0.13089403372508343,48.90006401836703,0.0009798337985889075,,,,29.69889296319364,16,16
2026-04-09,Tech,,16.90573497421462,0.12372338113807355,52.69244385709963,-0.00017546868491386675,,,,28.415285893296023,16,16
2026-04-10,Tech,,16.987170498531256,0.18343801128522919,52.72384933667495,0.0029408247295905575,,,,28.796029855966005,16,16
2026-04-11,Tech,,18.003983199280533,0.19255386373384978,55.79452817125331,0.005335311929006243,,,,30.05213643608635,16,16
2026-04-12,Tech,,15.75689536630004,0.18249421022941903,45.7256084852516,0.005915965753264297,1.005065058472009,,2.2046225898241483,31.544665777901436,16,16
2026-04-13,Tech,0.9688558572921278,18.363080500069238,0.16915152906062608,56.390691609446655,0.005106306286395981,0.6361912184047883,0.6996559228458357,2.012151277395037,30.891419289810123,16,16
2026-04-14,Tech,1.759920075037225,21.223712496012993,0.248238896446018,65.2723536687603,0.009354700531001191,2.2893731873697627,1.169332591213701,2.720465056340541,34.33448278715776,16,16
2026-04-15,Tech,0.8418296318656626,19.192709895977032,0.1829756567965517,56.034526182024344,0.007317237238335203,0.7462425631612564,0.5929645274905612,2.2789461857718143,35.9489400307854,16,16
2026-04-16,Tech,0.7866536056730626,20.36652394979994,0.18056045070966342,59.70978585350771,0.005440864624861451,0.6687822350695525,0.7892219910627554,1.9550602121289358,37.311147348891666,16,16
2026-04-17,Tech,0.9980040401486506,19.397435546984045,0.19816871301865882,54.62189251725976,0.005029273224715641,1.040672974233879,0.4628378665758235,1.880032434175711,38.83759214540951,16,16
2026-04-18,Tech,1.4708676708772126,21.249859057103166,0.25239637214918964,59.68621128723327,0.007882856237440075,2.068829730498156,0.7567172816380044,2.242228006444225,42.00332341887459,16,16
2026-04-19,Tech,1.511012908541413,21.327705034026106,0.2682898156382218,57.69829055337738,0.010169031067936018,2.144673428183097,0.6139488156602615,2.4545633316466824,45.11239229596951,16,16
2026-04-20,Tech,0.5221173448873424,20.87396522763,0.17061171270406822,55.862543169320645,0.004708672332320555,0.16888348911030066,0.4847885939595801,1.8027338749184427,45.09139130464922,16,16
2026-04-21,Tech,0.7245907119954709,21.08223102385139,0.21148538604843695,55.954313996722234,0.0035104961236676474,0.9750954287981709,0.4801215932320422,1.6482549610631303,45.68472273058754,16,16
2026-04-22,Tech,0.7224023470977671,22.0187997746439,0.21190633596087483,58.565997718771435,0.002456984292213603,0.9520237357468277,0.6371454714183978,1.5102111403798373,47.00058123320324,16,16
2026-04-23,Tech,0.11023446597630537,20.460668714742507,0.15218647290533013,52.70860074798721,-0.0022942740270868456,-0.27337758180695715,0.24120582530924467,0.9299150674947542,45.84587860211631,16,16
2026-04-24,Tech,0.11093950867279057,19.99623555193835,0.17375429719364124,49.00633745188539,-0.003921319977518458,0.17509444667775917,-0.010334885167409776,0.6450225342231856,48.04866182048555,16,16
2026-04-25,Tech,0.8034232090836825,21.535496111704855,0.23212426499746974,53.687636905886066,-0.001147313399834135,1.3532206941171887,0.30810997771008936,0.8807231543929236,50.07037953082353,16,16
2026-04-26,Tech,0.6577816878188856,21.493921129391758,0.21282042632015996,52.77828577574414,-0.0007145762788492889,0.9226373837652373,0.24045420474459936,0.8834060487921491,51.28424487525041,16,16
2026-04-27,Tech,0.4549243615746119,22.191003027774194,0.21145631676393334,53.96265476248789,-0.0006254860244304591,0.8713291934123393,0.3196491170693361,0.8544802096349796,53.11904939762333,16,16
2026-04-28,Tech,-0.10623169569536722,19.17026774647343,0.17077377931800164,42.18137993279063,-0.0032642418305120994,0.01431175536781653,-0.5216905504511318,0.4809715877337669,51.882862298976804,16,16
2026-04-29,Tech,-0.13302674498792927,20.57802237044329,0.16428472162513502,47.85956085352603,-0.00528484289740609,-0.122679042707307,-0.10565397085658093,0.12209856687013045,50.805325874709446,16,16
2026-04-30,Tech,0.36876052453689767,21.829678699942214,0.1992270499728843,51.989441838831574,-0.004155973810796274,0.6228610519900176,0.1974625415813277,0.13011034392467752,51.99920627197097,16,16
2026-05-01,Tech,0.8532650831329468,23.08361475921668,0.2511146766642227,55.258617091836776,-2.137337227119812e-05,1.6679664515923216,0.43602612003924535,0.5738227677435728,54.41252555364689,16,16
2026-05-02,Tech,0.5500234924440932,21.373543571937475,0.22516988143126038,47.13488671404815,0.0008133840376099606,1.0846865566830672,-0.17827624585796215,0.6763311062469411,56.40895648870755,16,16
2026-05-03,Tech,0.14615721490182867,20.514712388929212,0.20764428763402693,43.63996331405623,7.154430300894236e-05,0.6995877563704285,-0.44040565437271145,0.5858187877990515,56.89807361772724,16,16
2026-05-04,Tech,0.0022329936491437274,22.271850341343892,0.17734022671423738,50.82176062824544,-0.002435242496142166,0.051389070932742704,0.11618690701073194,0.2323244214358264,56.52232784669322,16,16
2026-05-05,Tech,-0.1628194544542132,20.756870157454294,0.17850014739076156,45.5387067322907,-0.003903345806239994,0.0756049525572404,-0.2956375704138635,-0.04538861456701467,55.252541308255715,16,16
2026-05-06,Tech,-0.13296028470029034,21.18373070392682,0.18596715515472825,46.55731135203506,-0.004232061948528031,0.23627085917757304,-0.2120254973366633,-0.2027859798258176,56.221276323497726,16,16
2026-05-07,Tech,-0.03920546925513163,23.108444722765352,0.18204704288245896,54.652211289465946,-0.004546454117359157,0.14781151142958934,0.43362220906720333,-0.36723749752396867,55.53414132286802,16,16
2026-05-08,Tech,-0.16092004588524822,22.202656636095774,0.18029935267447325,51.08682622438323,-0.004686386150575307,0.1075055669949081,0.14230785916821428,-0.5144701116747529,55.34794118721277,16,16
2026-05-09,Tech,0.22470836025980145,21.33818462944443,0.21405869806380057,46.733147197862685,-0.0024329771993277715,0.8556501500615354,-0.2130490328764694,-0.3155557720187335,56.81655508492297,16,16
2026-05-10,Tech,0.6940038324017487,23.841537153206076,0.24343445711275713,55.34145874718123,0.0009281991012479564,1.471111406240425,0.49536725049831043,0.11387710118981939,58.92969233231457,16,16
2026-05-11,Tech,-0.21886215492908992,21.35079195534024,0.17910819832663472,45.372654047037074,-0.001174455327136839,0.029736669045016602,-0.3356355959190477,-0.17453851934726433,58.997809791098895,16,16
2026-05-12,Tech,-0.41943463749164644,21.72108763349194,0.15738900593404695,47.97549323468266,-0.003869748124217234,-0.4564320593531127,-0.11438297195929793,-0.614172014852299,57.27319065724129,16,16
2026-05-13,Tech,0.24657001043418544,23.44803377951512,0.20104048505622296,54.99764044563039,-0.0026145799902909835,0.53312032566994,0.47962311525000656,-0.5333280735717343,57.23156941144373,16,16
2026-05-14,Tech,0.2606433598090151,22.60498497757857,0.20937101353617843,51.486864193619894,-0.001197278862735943,0.714100449458699,0.1755305781246195,-0.3903248708037462,57.77407817723254,16,16
2026-05-15,Tech,-0.709763189641366,18.476860439910944,0.15854881948438926,36.38953313028886,-0.0035249129026155694,-0.45465523757925846,-1.1125430697760645,-0.7796398587880762,56.09270844046394,16,16
2026-05-16,Tech,0.4222272843167052,22.325297620711027,0.2326162922412085,50.95915242050088,-9.958057117583855e-05,1.2391472910435275,0.14967732031343492,-0.3491051071743053,57.78692728550864,16,16
2026-05-17,Tech,-0.2829833634508342,21.102197154295645,0.18005805358291627,46.74082816420563,-0.0013286920700774593,0.02219041756787863,-0.21757256522107501,-0.5403648758571478,57.144046175447784,16,16
2026-05-18,Tech,0.28208712752167453,22.864533013229128,0.20693691851007956,53.52522812278521,-0.00033816800523271597,0.6421026365294273,0.3779440785280185,-0.4204811251020478,57.86874051779317,16,16
2026-05-19,Tech,-1.053930205077103,19.765236393229472,0.1077509967181117,43.168426478546316,-0.006052733703559753,-1.6324439904024224,-0.5382561030280274,-1.3156408291477912,55.06458456599148,16,16
2026-05-20,Tech,0.20545831027551203,22.30810354413929,0.21638769663068735,52.45731311022026,-0.002393803179390938,0.8663764233519685,0.29168180897183554,-0.9107244677838781,56.33371963576438,16,16
2026-05-21,Tech,-0.30869057023362945,21.68813884261538,0.1808895696020939,49.91103993148676,-0.002244445970419544,0.04340461117475658,0.06100560674913788,-0.9476887193799101,56.78762281204875,16,16
2026-05-22,Tech,-0.8604884328706841,20.526492777936713,0.13068831170659645,46.451342194912485,-0.005235854791735347,-1.1088247825581086,-0.25220737094373585,-1.4574364724615707,54.90127164870114,16,16
2026-05-23,Tech,,,,43.73392436232457,-0.004188683833388278,,-0.49683735665731915,-1.4226417899961135,54.90127164870114,16,16
2026-03-24,Tech Tilt,,,-0.07550250591540743,,0.0,,,,4.115429927484557,1,1
2026-03-25,Tech Tilt,,26.70457741966932,0.18920035236153784,100.0,0.016892718021092802,,,,10.703456862481856,1,1
2026-03-26,Tech Tilt,,24.043545530256274,0.14738499218125115,86.35795275375413,0.023888141698007376,,,,14.922547512260845,1,1
2026-03-27,Tech Tilt,,10.859662053728083,-0.24069064049976766,38.10901260400869,0.0021614537830437416,,,,8.267506474726694,1,1
2026-03-28,Tech Tilt,,14.90409040261947,-0.014321885032724179,53.321558358824014,0.002778730651306009,,,,9.1888157018577,1,1
2026-03-29,Tech Tilt,,15.941351960972755,0.039251294470739585,55.887613467964556,0.006334669832469818,,,,11.402417562411609,1,1
2026-03-30,Tech Tilt,,16.930926015775185,0.08772633290518318,57.97786469627417,0.011206307965465245,,,,13.856704257556562,1,1
2026-03-31,Tech Tilt,,15.594067824751445,-0.013438205662730808,52.760436773890675,0.0070720317296021455,,,,13.668152162775295,1,1
2026-04-01,Tech Tilt,,17.002934735573646,0.08326877147573293,56.50231689642933,0.010121327710349258,,,,16.197182788555402,1,1
2026-04-02,Tech Tilt,,16.53142151716135,0.02917503555888588,54.10507865328092,0.007866480691099957,,,,16.994307270922743,1,1
2026-04-03,Tech Tilt,,18.7520464704329,0.19069693942868315,59.26556977606673,0.01614745951750003,,,,22.115816225378328,1,1
2026-04-04,Tech Tilt,,15.834075907800727,-0.08899178054858,49.6069986257012,0.0024041526853500854,,,,19.26240552884812,1,1
2026-04-05,Tech Tilt,,18.66227926204503,0.2040247240032469,56.956171214626586,0.012120127072954831,,,,24.609220840382086,1,1
2026-04-06,Tech Tilt,,18.20127061778477,0.09611618723478679,54.053132619303206,0.010416873290705751,,,,26.29544778653646,1,1
2026-04-07,Tech Tilt,,17.90538212997216,0.04218028962948897,52.71027667551332,0.005066221476684063,,,,26.497765012279803,1,1
2026-04-08,Tech Tilt,,16.66224496178985,0.07043596473934655,46.93051897956885,0.00294366846045771,,,,27.86469614263106,1,1
2026-04-09,Tech Tilt,,17.373169848407024,0.09400056689118749,48.60713247292698,0.002649610435643303,,,,29.871791586213202,1,1
2026-04-10,Tech Tilt,,21.11422980255952,0.13034005215503974,61.856943606854614,0.00432625685278832,,,,32.60875374409386,1,1
2026-04-11,Tech Tilt,,16.21116735058328,-0.14678034793850783,45.90004590541993,-0.012863927938990848,,,,27.595981454851163,1,1
2026-04-12,Tech Tilt,,13.232034468962901,-0.30752859140706024,39.93405570399748,-0.03352242046593666,-2.3918954282752316,,-2.5120991750363113,19.271448336883772,1,1
2026-04-13,Tech Tilt,-0.39833065551026203,16.026468893923656,0.06018607356809158,49.32558206853661,-0.021470156165899965,0.24052432171855423,-0.46970853057186024,-1.8149171676348774,22.210971886317118,1,1
2026-04-14,Tech Tilt,-0.27365340190773124,16.89457218584888,0.051559295216114784,51.66725056977597,-0.013515519691445835,0.17310881433306308,-0.2974485924620141,-1.4067258949892234,24.728292707934386,1,1
2026-04-15,Tech Tilt,-0.1821407901507032,16.723284047418097,0.06808151100376242,49.59371871710919,-0.006910437485588225,0.29063747640013526,-0.4347891056991253,-1.044490015717634,27.50016149421061,1,1
2026-04-16,Tech Tilt,-0.7855384753522523,15.967474672627247,-0.06063849237249372,47.689605281366255,-0.010750747903553947,-0.6777115201969118,-0.5582711341213858,-1.3680177440937875,26.67965578175988,1,1
2026-04-17,Tech Tilt,-0.7293893709259062,15.187922642540066,-0.014201909965361737,44.3973794494396,-0.009734125403228572,-0.3097375779165452,-0.7766494818794141,-1.3686561447841636,27.481461562203076,1,1
2026-04-18,Tech Tilt,-0.5598127891249144,17.15539965022162,-0.011043966280249878,52.51109608896033,-0.008466320051144262,-0.27894027427816115,-0.16345184594330897,-1.3407314715582743,27.518090575527374,1,1
2026-04-19,Tech Tilt,0.11778046200719457,16.71882435080706,0.14826771553952217,48.03445874469789,0.00287712461480306,0.9712753122111226,-0.49499130175978034,-0.6042423151926477,31.724173494439686,1,1
2026-04-20,Tech Tilt,-0.7226715375336932,15.693011767716595,-0.05549550101701915,44.99372780989954,-0.0032360066626251982,-0.6584320730069974,-0.7114726434512973,-0.9863261658978446,30.837006953806462,1,1
2026-04-21,Tech Tilt,-0.6845010828472802,16.17257638739966,-0.039909797073979805,47.21892027714708,-0.005964409927282066,-0.5196104951209422,-0.5243521721438907,-1.1884317628015086,30.568647544601152,1,1
2026-04-22,Tech Tilt,-0.8201066229319584,15.58889681688753,-0.061759085177504974,45.50191985323189,-0.008803723479750404,-0.6833129097250413,-0.6451384785002543,-1.4132964237885672,30.018535573123234,1,1
2026-04-23,Tech Tilt,-0.13814754254813155,16.924287750660486,0.06292065083193671,49.0105567266225,-0.0021925064767738664,0.3516611236989705,-0.3557766388516835,-1.0212321159331206,32.82062265798889,1,1
2026-04-24,Tech Tilt,0.27697245248333036,18.126314523628583,0.1493684575381013,50.58704850138497,0.0075606738257215245,1.0482266772380442,-0.2230539769748632,-0.3315855652810388,37.681493547063106,1,1
2026-04-25,Tech Tilt,0.5403123494069694,21.04083206382233,0.13303755757603594,60.288219084481504,0.01219556877180467,0.8852492701084816,0.5714176533588843,0.12445910528320155,40.72497704444554,1,1
2026-04-26,Tech Tilt,-0.13033955297309008,20.901113287177274,-0.017822385558911732,60.72980809343899,0.004766327343219353,-0.3880671632094363,0.5960911642235514,-0.2492737164274759,39.44445807186262,1,1
2026-04-27,Tech Tilt,0.5166008672266041,20.109627147190558,0.1589446383202066,54.260291312692665,0.01106249628243863,1.0950642512040434,0.04614449593110356,0.3025571543265295,43.937475311147224,1,1
2026-04-28,Tech Tilt,-0.14651623612819478,19.05493582393047,0.03691123080540792,49.42442192133824,0.0065374718090815045,0.049204138327327764,-0.36486617148988054,0.12091252359274286,44.622662797459505,1,1
2026-04-29,Tech Tilt,-0.5661836096860433,17.998387389608972,-0.04331614341104314,45.831458442824676,-0.0018797946358463241,-0.6356593361506292,-0.6650741342733154,-0.43331421504854695,43.40325534480705,1,1
2026-04-30,Tech Tilt,-0.6220641103487697,18.902032284487113,-0.05614728397172767,50.18402341943945,-0.007990041313141773,-0.7329172405670723,-0.27787229712841394,-0.9276403527839461,42.29224711163499,1,1
2026-05-01,Tech Tilt,0.6460228242342058,21.827518085689118,0.2048947627738693,57.63463047057206,0.0051621744495986225,1.5009015014649916,0.38084268110110725,-0.003610289672329572,48.3557013765636,1,1
2026-05-02,Tech Tilt,0.9972804611519163,23.072409785509688,0.25167378846363475,58.88455464404329,0.016012736524484754,1.8005368086736873,0.485867040287696,0.9366691354291418,54.00242273323206,1,1
2026-05-03,Tech Tilt,0.771946909744286,21.834594062031876,0.19424645068727434,51.66998166496677,0.018165159327671036,1.2755346963071033,-0.16957187523992953,1.324040393594508,57.38094011966699,1,1
2026-05-04,Tech Tilt,,,,60.64670102822165,0.014532127462136828,,0.6476459970248346,1.2814469840765015,58.24935925094201,1,1
2026-05-05,Tech Tilt,0.060449443560933985,23.917853484145418,-0.0006042891215061602,60.116706989727945,0.0014776563958318924,-0.34055318583277916,0.5888105053217837,0.466725114708226,56.68285422857822,1,1
2026-05-06,Tech Tilt,1.4216549387648525,27.57467778804302,0.3000059049092078,69.38028554348978,0.013643079871492964,2.0485361176035535,1.4053086223511655,1.416837314206566,64.14029103898736,1,1
2026-05-07,Tech Tilt,0.0950229550324054,23.916857456561736,0.03407446892881691,55.26234258406756,0.0033286222540796703,-0.09464962018013934,0.09758351020092176,0.7998807749664244,63.77580351224962,1,1
2026-05-08,Tech Tilt,0.3082008222097965,24.385365712138388,0.12546521526679003,55.40210447671057,0.0022607918896923873,0.6407105279088726,0.10944649904103207,0.7547052092642925,66.45245252374124,1,1
2026-05-09,Tech Tilt,0.6338834088448763,25.057457688024826,0.15587632039703606,56.8185188379738,0.003147814738426489,0.8732868747679746,0.24082480412224389,0.8460949909223558,68.45032417220892,1,1
2026-05-10,Tech Tilt,0.0655202199556808,25.18903287719476,0.04512051535788962,58.28275736713781,-0.0038025144160164226,-0.03818048933317313,0.37638912399664676,0.33466872612926307,67.37515779983426,1,1
2026-05-11,Tech Tilt,0.674024916974551,25.663293672433877,0.18904220996857682,57.383288174776744,0.0009607935219392294,1.1318501561516663,0.28626425626356794,0.6496138217252606,71.73927035245694,1,1
2026-05-12,Tech Tilt,0.343942772009884,26.534325471778914,0.12615560095438771,59.701280345937185,-0.0003839308527703103,0.6016818668409893,0.5059107137169415,0.5484184169485681,73.95026282984847,1,1
2026-05-13,Tech Tilt,1.1867082620695748,29.184571336508732,0.2657178562294793,66.53654094541037,0.007434129742521341,1.6965873954394026,1.150292142147618,1.1567653943910288,79.9230964937453,1,1
2026-05-14,Tech Tilt,0.08599631710385369,27.017753137110994,0.04765089570507961,58.63753682918143,-0.002254594161491083,-0.08662524746202659,0.37220246551137126,0.47983404883622954,79.58527946444107,1,1
2026-05-15,Tech Tilt,0.04203897180563618,25.821263754970172,0.10798681730105035,53.20476848719754,-0.004636172296807153,0.40739272773251906,-0.16312969893878673,0.24383056136611578,80.92341881954849,1,1
2026-05-16,Tech Tilt,-0.42135411371603326,24.401125446392648,0.026592548790561665,49.03274430546232,-0.011347249616579711,-0.26808334174553794,-0.572223203926401,-0.3876740849535193,79.16276868810658,1,1
2026-05-17,Tech Tilt,1.3596454958838495,28.846366688108148,0.41246029023100056,60.92107746645282,0.009425265156802816,2.729569425932135,0.6139228939966568,1.1399242459951462,87.83256821807397,1,1
2026-05-18,Tech Tilt,0.912287803768719,28.227118866301836,0.2505930146200697,56.11780461340586,0.011358382193968106,1.4171566851610684,0.1274634499715656,1.419190657875765,92.05188513021344,1,1
2026-05-19,Tech Tilt,-0.32200768015372194,26.0835351443028,-0.00406613954072891,49.924992228747975,-0.004565656440444522,-0.5571808817652142,-0.49840298085828894,0.2858154994594677,89.1159455674962,1,1
2026-05-20,Tech Tilt,0.8915751647054833,27.449080576154138,0.33584295580911944,50.76347807062574,0.007106912837726617,2.007518782062217,-0.408129993318014,1.1600283946702454,95.94212661591027,1,1
2026-05-21,Tech Tilt,0.2761364268254639,28.091058386428923,0.16146473923167318,52.824108438557424,0.002627793080594319,0.6730432783983489,-0.19325402044458873,0.8916766622632193,97.48953650360707,1,1
2026-05-22,Tech Tilt,0.1486101148662034,27.749383873381085,0.15775598247372918,50.74480778923514,-0.0008543526558631581,0.6370360099751687,-0.4061586480522578,0.6376341891070382,99.05897164798179,1,1
2026-05-23,Tech Tilt,,,,50.04397253498146,-0.0006834821246905279,,-0.474932629949999,0.6120464851391936,99.05897164798179,1,1
2026-03-24,US Equities,,,-0.026103957278040612,,0.0,,,,19.573314947820567,5,5
2026-03-25,US Equities,,28.586610227201078,0.09410713084209545,100.0,0.007671590808806405,,,,22.763543371938443,5,5
2026-03-26,US Equities,,29.129671850426607,0.1786381540274024,100.0,0.017454925150000713,,,,26.42350934940972,5,5
2026-03-27,US Equities,,15.210743483660645,-0.05081330552793244,47.154569999631015,0.007971589040303241,,,,23.00611816259783,5,5
2026-03-28,US Equities,,14.985244890879601,-0.04895378283683828,47.37992621808112,0.0016529669371869952,,,,21.28296223321329,5,5
2026-03-29,US Equities,,19.612215940766223,0.13918270154200538,63.240100817446894,0.009533151946324446,,,,25.83184965361042,5,5
2026-03-30,US Equities,,17.191158651298615,0.04259734882059202,54.76579464524899,0.007707771393994284,,,,26.00458180034763,5,5
2026-03-31,US Equities,,21.1820602665092,0.2807884232769833,66.00121270828025,0.021241901754221477,,,,33.01797313963278,5,5
2026-04-01,US Equities,,19.232941068959345,0.12001542197178346,56.52470702605121,0.018184224660521064,,,,36.403921470643226,5,5
2026-04-02,US Equities,,17.81845490256343,0.018574052563478733,51.829296094421956,0.008632373189105706,,,,35.12993285474353,5,5
2026-04-03,US Equities,,18.533902788943593,0.07469634230716544,53.94582671369287,0.005546492573616498,,,,35.568328073224905,5,5
2026-04-04,US Equities,,15.994551848103502,-0.1097248645040585,47.13964761723291,-0.00868844139019219,,,,30.01820865623633,5,5
2026-04-05,US Equities,,16.46801947861325,-0.0234514700580777,50.085674803076586,-0.011870267463467168,,,,28.02726130475822,5,5
2026-04-06,US Equities,,15.996087465775034,-0.03258375485695644,49.79193132735273,-0.014018935888446996,,,,25.687134125838224,5,5
2026-04-07,US Equities,,16.193133726930242,0.014505267191842303,51.26570110633259,-0.011787539915297782,,,,24.916843410410667,5,5
2026-04-08,US Equities,,13.42756414932332,-0.13936226805023277,42.87279566729831,-0.01972548972477219,,,,22.058233978705907,5,5
2026-04-09,US Equities,,13.877317665394893,0.002607058446143784,44.808302008882784,-0.01469669224353928,,,,22.23150485812484,5,5
2026-04-10,US Equities,,16.998097986153006,0.11436460265612003,55.235036640239656,-0.00369875527261866,,,,25.68532745419112,5,5
2026-04-11,US Equities,,14.840016287730286,-0.09458706573101218,48.72155019167432,-0.009994489841557801,,,,22.924348929225893,5,5
2026-04-12,US Equities,,13.557984509784403,-0.05368361044799715,44.110875073986605,-0.010831580138748008,-0.7445008041493704,,-1.4182377152910273,22.046449921336663,5,5
2026-04-13,US Equities,0.0821555375536634,16.05534410087797,0.11099684180600888,52.005175619134775,-0.00027957015811980076,0.7814604568461452,-0.2707000878196892,-0.7426231571574706,24.736647655196737,5,5
2026-04-14,US Equities,-0.05136837782034884,14.27945661026065,0.07899382415193364,43.270756921374215,0.004306511069408597,0.4630498499761261,-0.7840279462328462,-0.3793704686178527,27.232945070532235,5,5
2026-04-15,US Equities,0.006220154464115335,15.62246540276779,0.05869724496126431,47.743845598796085,0.005650115922168577,0.2595942356924914,-0.4884279790468443,-0.1993069394610049,28.72286946811525,5,5
2026-04-16,US Equities,0.30039074605019656,17.40148266638706,0.10062017395059908,53.157099748226315,0.008848791312690727,0.6562790876819057,-0.1381927431700315,0.15005647286505291,31.295244473037997,5,5
2026-04-17,US Equities,0.489723740773339,17.850839543866492,0.13492879688649176,52.357292466620244,0.012536413718810632,0.9622996159238525,-0.1866907653970264,0.5880974990474305,34.923241205912355,5,5
2026-04-18,US Equities,0.10170447320444692,19.048487379469936,0.05539078323741856,57.04001510552265,0.009043187978721473,0.15798163742875962,0.12474503211849196,0.4929878672829478,35.176722670487194,5,5
2026-04-19,US Equities,-0.5409061395650038,16.422105666188408,-0.05520604641077842,48.67359574241862,-0.0007704459303468966,-0.943685647585738,-0.4379234353113603,-0.18927584768910707,32.31062290063626,5,5
2026-04-20,US Equities,0.3561367358624916,19.12398645615567,0.10722399751731648,55.176856816424696,0.0033945509058971052,0.7083990264314942,0.014398135764522799,0.1580645221425632,38.19963059201048,5,5
2026-04-21,US Equities,-0.21595347020376893,18.18024830462245,0.028373542049866977,50.50171879507349,0.0006970520013916074,-0.10865853054738486,-0.3113168327455776,-0.02109751705097319,39.26655466829903,5,5
2026-04-22,US Equities,0.6218985663334331,21.318527236065837,0.13923830944092472,60.40273497829554,0.005945274656166616,1.0265361126203572,0.3955118798234404,0.45754523383833684,42.591385951736434,5,5
2026-04-23,US Equities,0.8697822631978248,21.355965435968347,0.19178633171900772,57.56927578745902,0.012163412228144715,1.4953089717059385,0.18465887037216372,1.0963958201204038,46.24162067437294,5,5
2026-04-24,US Equities,0.474458032968221,19.723010857829035,0.11153077110761296,49.883683020281964,0.01016057134984778,0.6525576803341956,-0.38126070651820815,1.0958087012063915,47.57825764232727,5,5
2026-04-25,US Equities,0.2627764267550653,21.79817251602713,0.0762265302424452,58.17678827083402,0.00595550288846184,0.2804077451798317,0.24201932308552404,0.8736835668146473,47.64233017457175,5,5
2026-04-26,US Equities,0.17510863392964235,21.390005358352195,0.07527948260635849,56.41897027480742,0.0027695794909806705,0.2662233913198426,0.10539651639683034,0.6765673611478225,47.78574390859527,5,5
2026-04-27,US Equities,-0.48098255922270483,18.025873384924445,-0.004885929897134017,43.70223919948389,-0.004672395564762545,-0.5816213132683516,-0.8638737642748756,0.0413331328848518,46.338597306058276,5,5
2026-04-28,US Equities,-0.6443408589741201,18.189096824136094,-0.018278352500391604,44.60450875360649,-0.010119915160605182,-0.7113388142373591,-0.7749987022382016,-0.5455671572190506,44.995344297386794,5,5
2026-04-29,US Equities,0.10036393677326029,20.3807193255567,0.09153003055875518,51.65666063340894,-0.006146327802863848,0.47740217862758866,-0.21643873382164705,-0.3559629356012284,46.1072770174916,5,5
2026-04-30,US Equities,0.04805690682499386,20.05645395139664,0.08386692168157465,49.124400214628764,-0.003958822595337367,0.3871077578093957,-0.41211261983220027,-0.260668182062576,47.66252323203727,5,5
2026-05-01,US Equities,-0.6569714156728842,18.405161584242485,-0.000671958809575148,43.26644521656801,-0.00790248090616528,-0.5459407590010418,-0.8648547156330308,-0.705534324842308,46.55609716528984,5,5
2026-05-02,US Equities,-0.017746228643087142,20.325865430597997,0.0747265090137927,50.96412180017795,-0.005257461365564722,0.2982092989081174,-0.23774353573162896,-0.5916247992101442,46.46389090295749,5,5
2026-05-03,US Equities,0.6768074932235342,23.116504777339163,0.17051822118204085,61.42377244187252,0.0026919895430842257,1.3400872838890083,0.6101277759120982,0.08554847699746085,47.34052383615723,5,5
2026-05-04,US Equities,1.2723462298634938,23.04208487892449,0.28817069702914294,59.59236390692216,0.01493839919538948,2.431438301798235,0.4519224940508668,1.3133440594647643,49.103023402831695,5,5
2026-05-05,US Equities,-0.17455277017640305,20.50366162347308,0.018486076092090218,49.564050524704676,0.00448308605191295,-0.40136815239406415,-0.3809941051517429,0.568158623971207,49.299983707976004,5,5
2026-05-06,US Equities,1.13139059044358,22.89253309707717,0.2690185820395448,55.09468551813127,0.013535681512822188,2.114445640143533,0.08513343898594433,1.4981195482804894,54.54492145979501,5,5
2026-05-07,US Equities,-0.23141734280399223,20.061659414957127,0.026852365808611455,44.364318768202786,0.0028671721716744293,-0.3437354453827445,-0.8162244730835495,0.7070183228461655,54.061402628519545,5,5
2026-05-08,US Equities,-0.08323639952918199,21.241772505411753,0.07294328884491393,48.6499720468953,-0.0012135203681248284,0.1282945563636032,-0.4426087665764931,0.3574633298761735,54.70635888414502,5,5
2026-05-09,US Equities,-0.32478471168574446,21.032831529767222,0.03662218946526358,48.61538125224643,-0.006207757200784102,-0.24616611670296323,-0.43987295836169754,-0.16124807788458223,53.63812296900816,5,5
2026-05-10,US Equities,0.461972733094526,22.519792398092168,0.16431006768534698,52.85923701141845,-0.0010319612206616466,1.0690176053496168,-0.06832066906486456,0.23142335275344542,55.874326795293726,5,5
2026-05-11,US Equities,0.06548868374681002,22.866665004612035,0.10470984172462922,53.566806891205,-0.001703046698931461,0.4393577236328498,-0.005753968600489122,0.1409181740895105,55.8850831837215,5,5
2026-05-12,US Equities,0.5317977476410288,23.76648043217334,0.15678410017249228,55.55750022527167,0.0011270214981982142,0.9700674790920781,0.1702264466605093,0.39163883956444057,58.56040384600815,5,5
2026-05-13,US Equities,-0.36300958172909903,21.994002545079766,0.0368016382119518,48.27375359872493,-0.004979638511470118,-0.29477935294385316,-0.4809052449107895,-0.21445723061796843,59.689199051574214,5,5
2026-05-14,US Equities,1.4021358253400977,27.3590943434586,0.3619523095230347,57.30775797684934,0.012051160837197386,2.872302096942278,0.33685917051484365,1.4169041786916265,76.15063002565039,5,5
2026-05-15,US Equities,0.3523354220457209,26.23355662596126,0.13114307422847538,53.21665973519851,0.007183759371569339,0.5926609133851682,-0.03811214194292768,1.1374893187127038,78.25922734195319,5,5
2026-05-16,US Equities,-0.23372984465353602,24.930462879335593,0.036928591614586885,49.0860172376987,-0.002453068132884057,-0.337097590574985,-0.41622127035329826,0.2899190382442059,76.96923625294309,5,5
2026-05-17,US Equities,-1.6771901693640272,21.5636680080829,-0.21772217143470654,41.281835853531604,-0.02480717862795398,-2.6580303444866433,-1.120903339590281,-1.9867985624210323,65.50808538138753,5,5
2026-05-18,US Equities,-0.7825938459823968,22.637856205839263,0.05912890710200926,45.199928462261504,-0.019984649893386806,-0.058635601252399916,-0.7452266229176899,-1.9147165860135056,66.2651999873488,5,5
2026-05-19,US Equities,-0.7267306104257361,23.737574942909,0.03861130802873838,50.470953071324665,-0.017312960351824926,-0.2506760842979405,-0.2498613418703888,-1.9555871784564693,66.65990945263395,5,5
2026-05-20,US Equities,-0.3561747327537911,22.621594306680386,0.10437195525628838,45.78235254568354,-0.010583893672388585,0.3739055901187186,-0.6832663449498485,-1.5917525315123138,67.35671406148269,5,5
2026-05-21,US Equities,0.6700568273164397,26.147414250374034,0.2711462296208619,56.5093455556132,0.0048060861302329245,1.8996937304093824,0.3303508698847188,-0.33639263764429095,72.43705071657564,5,5
2026-05-22,US Equities,0.5282846854393524,25.74976085607906,0.20128870274129648,53.37706262725891,0.009705547533878946,1.2170792221445421,0.03084450383488139,0.2188688320342314,75.25518183711877,5,5
2026-05-23,US Equities,,,,54.41718347358248,0.007764438027103155,,0.12998339780808596,0.19996528932993943,75.25518183711877,5,5
2026-03-24,US Sectors,,,0.06530866617913511,,0.0,,,,53.467810835026214,2,2
2026-03-25,US Sectors,,31.67939338831093,0.20497879408392122,100.0,0.008913421267997745,,,,54.5206613417793,2,2
2026-03-26,US Sectors,,32.15184386453859,0.25143312160651,100.0,0.016977215932157102,,,,56.01475613553303,2,2
2026-03-27,US Sectors,,26.66399688522106,0.19514723075391519,76.78073905822984,0.017490428433881086,,,,56.69202461231366,2,2
2026-03-28,US Sectors,,18.332500261728043,0.03921301156442847,46.72448718059547,0.006844991125744724,,,,52.34366337898052,2,2
2026-03-29,US Sectors,,23.15047603921347,0.2706876379159386,66.30459776424095,0.014471506055551846,,,,51.71027337991417,2,2
2026-03-30,US Sectors,,18.82027621024217,0.05249025198009276,49.244212051081014,0.004420731348771797,,,,50.72965564647512,2,2
2026-03-31,US Sectors,,19.533808616174966,0.13584055800089848,53.78647196127945,0.0030510456713522885,,,,47.64976639433815,2,2
2026-04-01,US Sectors,,21.58892886757468,0.2792232545787365,59.95183400438512,0.011018472571893694,,,,49.96049506740111,2,2
2026-04-02,US Sectors,,21.153222066294084,0.2355718212293088,57.611900962345764,0.012459360508768898,,,,50.20275561842694,2,2
2026-04-03,US Sectors,,21.507427258253607,0.24741228146725336,58.05596058392959,0.013246972143379356,,,,51.51532410184858,2,2
2026-04-04,US Sectors,,21.5980363333294,0.24245534645018635,57.802454569741634,0.012481671891944067,,,,52.479438443774555,2,2
2026-04-05,US Sectors,,18.577678019783676,0.001255006888695065,47.67314307139372,-0.0043217955663639035,,,,50.05584463530471,2,2
2026-04-06,US Sectors,,20.90998560083581,0.27264483213814283,56.29134614899456,0.0024253470720204777,,,,49.91398653723594,2,2
2026-04-07,US Sectors,,20.61309998985068,0.20304811675284834,54.01014994839609,0.0018133672284965721,,,,50.70232207710402,2,2
2026-04-08,US Sectors,,21.324344817475904,0.32114351690425946,53.42505010477845,0.008594852277680448,,,,54.65509109593054,2,2
2026-04-09,US Sectors,,18.877020308275338,0.07884160793072616,45.43808921480344,-0.00336438248718178,,,,51.62444204301731,2,2
2026-04-10,US Sectors,,19.61782385109784,0.141275735549193,48.58069042808463,-0.006987804470750883,,,,50.50633619201044,2,2
2026-04-11,US Sectors,,18.26089400444726,-0.057612265050083024,47.50548062149121,-0.02185759583357555,,,,44.77247829645049,2,2
2026-04-12,US Sectors,,16.164872182025057,-0.09431527123659847,39.547385317550834,-0.032596809278586936,-2.05549226323771,,-2.692453486308796,44.41418051284785,2,2
2026-04-13,US Sectors,-1.5736592772783518,17.486080724760374,-0.10675896655799864,44.830359197746645,-0.03856162192556817,-1.8989066136253359,-0.8074899653383817,-2.8022171201732724,44.162193383138096,2,2
2026-04-14,US Sectors,-0.2617961953024134,19.74897164135835,0.22199110489100304,52.412322939242195,-0.019359168471499398,0.5932514092690684,-0.33979801590715225,-1.8250335209598612,45.85719464805943,2,2
2026-04-15,US Sectors,-0.3160068522389968,19.07021210425587,0.1802051221557893,47.060097866116195,-0.008991606414220095,0.263037235256225,-0.6493661920027928,-1.3335537634421541,49.36211774793686,2,2
2026-04-16,US Sectors,-2.246713036698119,13.623686374453099,-0.5444640327662229,33.509143584718515,-0.04826458287830983,-3.5347312153719606,-1.3982096545169582,-2.9264293849556973,38.46903690136679,2,2
2026-04-17,US Sectors,-0.5645292892324276,17.52924385240445,0.11445078992228955,47.79289917484983,-0.02818543097483127,-0.019658472008395114,-0.5110350539043773,-2.1287050542791675,39.16190354092923,2,2
2026-04-18,US Sectors,-0.13755037785863092,18.302765246868994,0.23488130780793726,49.87891626167105,-0.006258667210849254,0.6196642860291317,-0.372856767767371,-1.3290867256866186,40.68611109614278,2,2
2026-04-19,US Sectors,1.2103314071968991,21.906153395753226,0.7598162589751184,61.1182358943433,0.04150549938882654,2.8415881877006473,0.33158350901773137,0.6765800779503351,44.467916457851906,2,2
2026-04-20,US Sectors,-0.21122333242682245,18.271201552008446,0.09138339898213746,47.620229922907455,0.02670762778029695,-0.24892295807580309,-0.5259339915137897,0.38299659736284575,44.370114480321845,2,2
2026-04-21,US Sectors,-0.09484866532441628,18.50255863395381,0.15963774765192842,49.42986700648446,0.020425596068102413,0.07154210204501021,-0.39932903375332707,0.3345541030797173,42.891672714665276,2,2
2026-04-22,US Sectors,0.6734434381468718,19.454975925169517,0.4238714312016964,51.2993082636259,0.03227083155008195,1.278887176956768,-0.27018836908803784,1.0213323319796035,44.76016135679309,2,2
2026-04-23,US Sectors,1.120013562707603,21.73862172392252,0.5654091345636174,56.31510089858729,0.0469532175403294,1.8078251186524588,0.06747963366180895,1.8326161986355212,50.449774903818636,2,2
2026-04-24,US Sectors,1.3474385825458723,22.936471335868525,0.6573726743320003,56.647406038096086,0.05937347638263059,2.0348501869784856,0.08888884883574871,2.4481398057983745,56.08747209571025,2,2
2026-04-25,US Sectors,0.2270456614507759,21.676914254329073,0.14776866309940814,52.44929244236966,0.031198827365175506,-0.1471169826382895,-0.20130415166612892,1.6941771535056445,55.79532109983766,2,2
2026-04-26,US Sectors,,,,52.91249441309138,0.0249590618921404,,-0.16584974523400614,1.6015839445023452,55.79532109983766,2,2
2026-04-27,US Sectors,0.7380285921465708,21.99850926066568,0.3924998236358166,53.071399953897874,0.02326003610897709,0.8936998722264085,-0.15211839758307977,1.6301465262000407,56.41646114806324,2,2
2026-04-28,US Sectors,0.4185875716984796,21.488032718457127,0.37934758620833914,48.85871673869492,0.0185256502332993,0.816251107694933,-0.4526578126258041,1.547547959512744,59.14036453109814,2,2
2026-04-29,US Sectors,0.2548726187490765,21.57228754132394,0.3071772969931643,48.473951700463054,0.009432877785367833,0.49117736476174123,-0.47305909271299257,1.305830551195845,59.61869955725981,2,2
2026-04-30,US Sectors,0.26446010855562896,23.432900487373836,0.24058242819927012,58.441836079249896,-0.0015806779037189009,0.1931903732880968,0.2697023596740283,0.9608731166687778,55.785112760799976,2,2
2026-05-01,US Sectors,1.1158441567626496,23.776879122799244,0.6802714972428046,55.38560472290603,0.019092666297526067,2.016966299375851,0.03727691008359087,1.5955615534057357,60.87851974307633,2,2
2026-05-02,US Sectors,,,,53.50732895716933,0.01527413303802086,,-0.10586628686946797,1.5269280854917306,60.87851974307633,2,2
2026-05-03,US Sectors,-0.7878314002420158,19.092965123688742,-0.15706022189129143,43.05807084697761,-0.033734004606371576,-1.508223573369534,-0.8994506778041291,-0.019029979602099574,52.661190365952905,2,2
2026-05-04,US Sectors,-0.45358981663428255,23.874712236557432,-0.05395686595560983,62.632308328779054,-0.04940678453251033,-1.045280908004159,0.619302334656741,-0.7681147211651739,51.75347113971039,2,2
2026-05-05,US Sectors,0.36154813324821944,25.48580801901595,0.31238265743454297,68.01754232916583,-0.03371645913746127,0.4884390969438381,1.0176993256482534,-0.5605381932322548,52.87093462294543,2,2
2026-05-06,US Sectors,0.9001379243921088,26.91644989649481,0.5979538169861306,68.34410428137869,-0.004268461375692742,1.6250875091990478,1.0183594173061814,0.22073491625625835,61.10565933938504,2,2
2026-05-07,US Sectors,-0.386920049664096,22.24933933368522,0.08612127850872153,52.3030844309349,-0.018619846248930573,-0.49483103620871244,-0.23986671011997482,-0.3064137065117661,57.98923084883381,2,2
2026-05-08,US Sectors,0.2916363890959991,23.253662651770235,0.37006630385629835,55.755919096119996,-0.008844408875316533,0.6843418205898019,0.034231567100791005,-0.09192192948647082,58.26399001568548,2,2
2026-05-09,US Sectors,-0.6875739022152191,22.64615600626749,-0.09371062514446676,56.73633334039406,-0.03215690142668738,-1.2361787751921873,0.11184369090654656,-0.9661840823735813,54.02721967101312,2,2
2026-05-10,US Sectors,0.0976656590933285,24.1402288968808,0.2619369064003229,61.93131585842773,-0.022619141223612853,0.25176922135444657,0.5270157986976813,-0.8400294179085718,54.94631210640957,2,2
2026-05-11,US Sectors,-0.41724256244280766,22.70919587334419,0.10972426109072986,58.9041408618397,-0.02535036059409354,-0.3882776602150118,0.27584422173758216,-1.0752537554431971,50.637674126417195,2,2
2026-05-12,US Sectors,-1.2026978198626541,19.75274667955262,-0.24956275517912585,53.0117216877366,-0.048785587630670826,-1.8339021230652401,-0.20964634070037808,-1.9862097414942517,42.69013173301871,2,2
2026-05-13,US Sectors,-0.2175227367954007,21.324239814413414,0.2046022432619939,59.56175398780836,-0.03194537281379464,0.055397766467134985,0.33426485409946183,-1.6743746696869977,41.349530397533655,2,2
2026-05-14,US Sectors,0.35470492564612655,23.67357287265157,0.4552042130524525,63.06394220297662,-0.0036621901575866443,1.0847406251788732,0.6212221138199219,-0.9150382154967879,48.917283803916796,2,2
2026-05-15,US Sectors,-0.15048365382537662,21.573451972391833,0.19290355034573,54.54642077622729,-0.002413329017139417,-0.015792730487030816,-0.10090146232238191,-0.8823400879491524,49.016717784230636,2,2
2026-05-16,US Sectors,-0.9961174555935504,19.502274164135038,-0.12788422649945133,50.34986806153335,-0.021901534748314286,-1.3379392221965247,-0.4554669567331,-1.5134903632379706,43.76565305944509,2,2
2026-05-17,US Sectors,-0.959300165190808,19.591522560992516,-0.06042070686817169,51.140414499229784,-0.028538519560491613,-1.033545730685426,-0.38309535474884987,-1.8083417833109507,43.387792179369924,2,2
2026-05-18,US Sectors,-0.8233941354738603,19.809127338913445,0.041041637953929566,51.121483762300606,-0.024537915704160917,-0.5997670152242556,-0.38077407836750266,-1.7922284952309482,44.15424903403833,2,2
2026-05-19,US Sectors,-1.1584696866233108,17.604940960943306,-0.08655349135015691,45.00911733647995,-0.028641581624890042,-1.115402719800636,-0.9024378892848449,-1.9884519689168538,39.88946224354451,2,2
2026-05-20,US Sectors,-1.144576881068556,16.694573839335565,-0.027870974109448582,41.699409369522435,-0.025656641705472244,-0.8545805433450225,-1.1683689689467456,-1.983070215110671,39.17494096634705,2,2
2026-05-21,US Sectors,-0.04676857198287068,20.570870074485033,0.33905116969091037,53.48883231754808,0.0013444330817962424,0.6866585369587951,-0.13421012892255196,-1.287789276582572,43.727225734168655,2,2
2026-05-22,US Sectors,-0.12002924841904697,19.691656458212528,0.28109362985952757,48.691140519526954,0.014865021928964904,0.43614680597460864,-0.5521003962487806,-0.8582875023287017,45.47517958572449,2,2
2026-05-23,US Sectors,,,,56.38489436277857,0.011892017543171922,,0.13090481673875864,-0.8451505990487834,45.47517958572449,2,2
2026-03-24,USD,,,,,,,,,45.02985074626864,1,1
2026-03-25,USD,,,,,,,,,46.15712654297379,1,1
2026-03-26,USD,,,,,,,,,48.05868018324888,1,1
2026-03-27,USD,,,,,,,,,49.7965903214974,1,1
2026-03-28,USD,,,,,,,,,49.7965903214974,1,1
2026-03-29,USD,,,,,,,,,49.7965903214974,1,1
2026-03-30,USD,,,,,,,,,52.898877974542266,1,1
2026-03-31,USD,,,,,,,,,54.16141263241043,1,1
2026-04-01,USD,,,,,,,,,55.232109175131164,1,1
2026-04-02,USD,,,,,,,,,57.07149036321764,1,1
2026-04-03,USD,,,,,,,,,57.07149036321764,1,1
2026-04-04,USD,,,,,,,,,57.07149036321764,1,1
2026-04-05,USD,,,,,,,,,57.07149036321764,1,1
2026-04-06,USD,,,,,,,,,58.587404257783795,1,1
2026-04-07,USD,,,,,,,,,59.48478209344535,1,1
2026-04-08,USD,,,,,,,,,58.98835300428091,1,1
2026-04-09,USD,,,,,,,,,58.05747316546184,1,1
2026-04-10,USD,,,,,,,,,57.072817081655174,1,1
2026-04-11,USD,,,,,,,,,57.072817081655174,1,1
2026-04-12,USD,,,,,,,,,57.072817081655174,1,1
2026-04-13,USD,,,,,,,,,55.64009319405225,1,1
2026-04-14,USD,,,,,,,,,53.206893777439426,1,1
2026-04-15,USD,,,,,,,,,50.7738456867848,1,1
2026-04-16,USD,,,,,,,,,49.0225373439924,1,1
2026-04-17,USD,,,,,,,,,47.35391525888393,1,1
2026-04-18,USD,,,,,,,,,47.35391525888393,1,1
2026-04-19,USD,,,,,,,,,47.35391525888393,1,1
2026-04-20,USD,,,,,,,,,45.837039766386326,1,1
2026-04-21,USD,,,,,,,,,45.2514222264733,1,1
2026-04-22,USD,,,,,,,,,45.10681445736466,1,1
2026-04-23,USD,,,,,,,,,45.29954419831108,1,1
2026-04-24,USD,,,,,,,,,45.16820845028427,1,1
2026-04-25,USD,,,,,,,,,45.16820845028427,1,1
2026-04-26,USD,,,,,,,,,45.16820845028427,1,1
2026-04-27,USD,,,,,,,,,44.58107014153362,1,1
2026-04-28,USD,,,,,,,,,44.47874019905119,1,1
2026-04-29,USD,,,,,,,,,44.787394928285565,1,1
2026-04-30,USD,,,,,,,,,44.787394928285565,1,1
2026-05-01,USD,,,,,,,,,44.787394928285565,1,1
2026-05-02,USD,,,,,,,,,44.787394928285565,1,1
2026-05-03,USD,,,,,,,,,44.787394928285565,1,1
2026-05-04,USD,,,,,,,,,44.787394928285565,1,1
2026-05-05,USD,,,,,,,,,44.787394928285565,1,1
2026-05-06,USD,,,,,,,,,44.787394928285565,1,1
2026-05-07,USD,,,,,,,,,44.787394928285565,1,1
2026-05-08,USD,,,,,,,,,44.787394928285565,1,1
2026-05-09,USD,,,,,,,,,44.787394928285565,1,1
2026-05-10,USD,,,,,,,,,44.787394928285565,1,1
2026-05-11,USD,,,,,,,,,44.787394928285565,1,1
2026-05-12,USD,,,,,,,,,44.787394928285565,1,1
2026-05-13,USD,,,,,,,,,44.787394928285565,1,1
2026-05-14,USD,,,,,,,,,44.787394928285565,1,1
2026-05-15,USD,,,,,,,,,44.787394928285565,1,1
2026-05-16,USD,,,,,,,,,44.787394928285565,1,1
2026-05-17,USD,,,,,,,,,44.787394928285565,1,1
2026-05-18,USD,,,0.9601,,0.0,,,,44.787394928285565,1,1
2026-05-19,USD,,,,,0.0,,,,44.787394928285565,1,1
2026-05-20,USD,,,,,0.0,,,,44.787394928285565,1,1
2026-05-21,USD,,,,,0.0,,,,44.787394928285565,1,1
2026-05-22,USD,,,,,0.0,,,,44.787394928285565,1,1
2026-05-23,USD,,,,,0.0,,,,44.787394928285565,1,1
2026-03-24,crypto,,,0.18749009222196034,,0.0,,,,58.02344202672506,25,25
2026-03-25,crypto,,32.85339087720075,0.18796145024531705,100.0,3.008096787233683e-05,,,,57.489196064571544,25,25
2026-03-26,crypto,,32.785662744600614,0.1921714864979573,100.0,0.00031596435934785113,,,,56.723477330451956,25,25
2026-03-27,crypto,,10.715006549895705,0.15828396267283612,12.137738123023041,-0.0016848241535634863,,,,55.54706129585885,25,25
2026-03-28,crypto,,9.291841049928749,0.13403722508713123,7.452591594899133,-0.004394877165739089,,,,53.80095653584817,25,25
2026-03-29,crypto,,18.773530822876218,0.17658232219080874,44.82360853436545,-0.003134902302243343,,,,54.07739121178446,25,25
2026-03-30,crypto,,16.66490004945934,0.15495963815578187,37.19106409488876,-0.0035405336510148594,,,,52.56096398177924,25,25
2026-03-31,crypto,,17.514893284093322,0.16406953574834462,41.39540647829754,-0.002999519684978886,,,,51.04969109871063,25,25
2026-04-01,crypto,,22.459806101843547,0.2297403898577455,60.47021722341683,0.0017228969990278338,,,,51.61332899747504,25,25
2026-04-02,crypto,,17.905294688645395,0.15698922919037833,44.44459788477407,-1.9117421327230835e-05,,,,48.519384862456704,25,25
2026-04-03,crypto,,16.461791623776698,0.1307553049868277,40.56775988283522,-0.0027529278157520888,,,,45.87533939721332,25,25
2026-04-04,crypto,,17.464112353096823,0.15416137331238658,44.859143962841955,-0.0027908830196735138,,,,45.345401344523324,25,25
2026-04-05,crypto,,17.551274701855547,0.16270635833818875,46.2753667653576,-0.002079177374124535,,,,44.06964170719361,25,25
2026-04-06,crypto,,16.459603581538698,0.1430300198992379,43.691399471796586,-0.00273118768500232,,,,42.32647549801444,25,25
2026-04-07,crypto,,17.17963810159744,0.16360846065947438,46.798323554021216,-0.0016285783847232484,,,,42.55480182280239,25,25
2026-04-08,crypto,,18.30086157180619,0.19651252340194283,51.05467812938601,0.001306296153274265,,,,42.941692449104366,25,25
2026-04-09,crypto,,18.193184895892912,0.19515325507263068,50.370371948174245,0.0030461650156830885,,,,43.419708366714175,25,25
2026-04-10,crypto,,17.722203245187846,0.15079951959015953,49.09390022924736,0.001195071393929185,,,,42.72557882322998,25,25
2026-04-11,crypto,,19.508501506573428,0.18630213020519762,56.159549876332875,0.0022837910815585154,,,,42.5740361000873,25,25
2026-04-12,crypto,,16.81845175074879,0.14350777250274957,46.10437029977996,0.0001561214889457029,-0.9992589904800032,,0.0358406883314865,41.361558246935545,25,25
2026-04-13,crypto,-0.3290174652909128,17.566160735546976,0.15296331517576603,49.757928294083285,-0.0005418718926413178,-0.6003537884854939,0.0521615045793985,-0.2474734350185581,40.4274731837544,25,25
2026-04-14,crypto,0.9040250135072637,18.99469636554393,0.20906344959370624,54.89776070901444,0.002670801954396376,1.5462307502366068,0.28312171635321914,1.0759492876576533,41.24274610973919,25,25
2026-04-15,crypto,-0.3951630057344234,15.418248675501943,0.1445570642636311,40.70390023087496,0.0004632789569693884,-0.9393072929091895,-0.38042401917915997,0.32777742903576756,41.369956693626285,25,25
2026-04-16,crypto,1.0678538193538434,19.528199915461375,0.21289111328238894,56.159988543724864,0.003450713861589959,1.6041740439329906,0.35949435956426945,1.585372019783508,42.410985845412974,25,25
2026-04-17,crypto,1.215324017449584,20.577617960336358,0.21095621406057716,59.33761149023465,0.005045376471416828,1.433098737502125,0.5032541524234896,2.2371810296812247,43.23898902711511,25,25
2026-04-18,crypto,-0.027616128214857677,17.96762401107668,0.1484750201573508,49.39316568231041,0.0018080590273512958,-0.8351812756434918,0.0034673570775692764,1.2893997819100813,42.08170004823524,25,25
2026-04-19,crypto,0.734367563389875,18.92479535513818,0.19026920331578887,52.74653319644374,0.002362345651872261,0.6904799647371468,0.17222318001182216,1.5362131666481063,42.27226398411357,25,25
2026-04-20,crypto,-0.018325209860263966,18.55979190527489,0.15572150144565233,51.22825567812282,0.0003867346126789252,-0.5852560544236016,0.09104818000502009,0.9387098168166553,41.64437052112668,25,25
2026-04-21,crypto,0.018739711078937127,18.52697678057676,0.16526142472038155,50.16346298959205,-0.0002583146810475413,-0.22067664108882099,0.03360916769124077,0.7064454971166882,42.43207367773898,25,25
2026-04-22,crypto,-0.9704061533670733,16.556486228792256,0.1139398380925764,42.121311460691075,-0.003919029727094998,-1.9990832336255053,-0.3959734199235284,-0.6848951242030299,42.26202482721927,25,25
2026-04-23,crypto,0.4749410103869731,18.80859806219658,0.19744987406361608,50.18943489230896,-0.000664433487294956,0.9940757681276557,0.0488946681262794,0.25674305652123547,42.49344366292329,25,25
2026-04-24,crypto,-0.21193921315648462,19.01964692573894,0.15738704281545476,50.54724062436716,-0.001130682737085061,-0.44891659461573785,0.06791873748395752,0.023323891402613938,42.416344296898856,25,25
2026-04-25,crypto,-1.0050412461119729,17.27061772251385,0.11631473586191925,44.23929515705086,-0.003966489625406272,-1.8215769952669,-0.28785494768747427,-1.1448866707222685,40.804586351125295,25,25
2026-04-26,crypto,0.3185593511628291,20.113111738028202,0.18887254634683037,53.5595928125934,-0.000878182586121201,0.7190771334439847,0.24906482001973962,-0.23886748005830674,43.09223871881498,25,25
2026-04-27,crypto,0.8324960631410535,20.631507841924034,0.2092181757668244,54.33992500924968,0.0024312922730079884,1.3796340936929867,0.2904100328712379,0.9824463880904396,44.223398272544955,25,25
2026-04-28,crypto,-0.08043861586402898,18.478605990783205,0.15974739832269746,46.15606846547196,0.0012448413070175932,-0.3454178656614651,-0.19560851509699848,0.6887055866903351,43.40976792232395,25,25
2026-04-29,crypto,1.1212552701413796,21.099299764123998,0.21645474853266145,55.67302523635656,0.004075829664827528,1.5818384241987544,0.37519390842162464,1.8100810847957811,44.34831668830942,25,25
2026-04-30,crypto,0.7998120368302791,19.490077442895995,0.19245145810624498,48.26591398863685,0.004116411901456817,0.7355245492593312,-0.07825580560669942,1.9944466197318211,45.44666032110676,25,25
2026-05-01,crypto,1.3786428798162726,20.64520020164119,0.22900873144465067,51.44658097168238,0.0062613458161406435,1.8860774238279396,0.11809856477676602,2.7316959377473085,47.019832242135536,25,25
2026-05-02,crypto,1.1510268576803948,21.538789534877843,0.20437190253576512,54.76832085004481,0.005693270095922943,1.0314377112922752,0.32303508217455057,2.643004998274793,47.144957985059364,25,25
2026-05-03,crypto,-0.3022758354979459,18.739453697722578,0.1281381226071849,44.99400805369748,0.0001487389758641649,-1.4640607100408176,-0.29681139167270765,1.2467838402803422,44.594349811528424,25,25
2026-05-04,crypto,0.15732080996153255,20.27469977186756,0.1708253982009024,51.201187832046934,-0.0006353595596851544,-0.0544922996039602,0.10283709558939863,0.992214079151672,44.2902782133512,25,25
2026-05-05,crypto,-0.6300166854859403,19.082298819763068,0.12443122745689748,46.932647759070846,-0.004078129117089308,-1.5398775129425886,-0.1742064354221252,-0.096222370255859,43.112782888069454,25,25
2026-05-06,crypto,1.1192660340135223,22.26045483715991,0.23406526500485836,58.29740581762769,0.000959824129158595,1.9425812891582248,0.5691566247646517,1.174698800588153,44.763224321209634,25,25
2026-05-07,crypto,0.4927058363564927,20.034634606414578,0.18446673245678247,49.05914067829366,0.0008851940352867043,0.36620437140625006,-0.046749948565861676,1.1780693809383522,45.4913138025209,25,25
2026-05-08,crypto,0.983473846946332,21.320935511053868,0.21423090009148335,54.18176640047635,0.002672732567531184,1.2802238418940073,0.2955342910110732,1.7011101978317953,45.65080244619495,25,25
2026-05-09,crypto,1.3515718023939696,22.66250809013964,0.23162216278057376,58.78891448716439,0.0047380350083699885,1.7505822813834806,0.600863450482854,2.3034250969556753,46.56445653043623,25,25
2026-05-10,crypto,-0.047588135247020616,19.904716446345027,0.14988630067658745,47.06940948876178,0.0005323074537891504,-0.7700461391751414,-0.20218682726566314,1.3375187135642037,47.305360779554974,25,25
2026-05-11,crypto,1.0656375232742785,21.369761154261028,0.22690169030649343,51.22490853596727,0.0027464117535904234,1.5684473043695895,0.08548158708864466,1.8937714578696823,49.50663428268153,25,25
2026-05-12,crypto,1.1361299788370407,22.55819344826479,0.22239512489187138,54.62778055845547,0.003659474932159285,1.3876586157159148,0.32070666315241925,2.157891740572002,51.2330996179521,25,25
2026-05-13,crypto,0.045401091291096485,20.41440507856857,0.16223008980578182,46.01478847997146,0.00014887227100334778,-0.4313194229471549,-0.2864359816012363,1.3870130081395702,50.99063447181884,25,25
2026-05-14,crypto,0.18793290224138195,21.189589548520658,0.18012385312905732,49.085779441532544,-0.0009691760004694227,0.11451880490198067,-0.06613898417352067,1.0809921641653077,50.66818945059059,25,25
2026-05-15,crypto,-0.24038731419044745,20.009714153275524,0.15834983515831555,44.642431915002426,-0.003058303776957042,-0.5507421690843809,-0.38292723094250125,0.4834100585702592,49.93715001752757,25,25
2026-05-16,crypto,-0.3513830478909393,20.33593437574619,0.15647080464757235,46.23817044938029,-0.00436994772977051,-0.6014713368560697,-0.2640044705514369,-0.01880046443093428,49.199469397863865,25,25
2026-05-17,crypto,-0.48529405814091287,21.406455757062503,0.14621388041657662,51.58365896203464,-0.005650218950987787,-0.9067547960858814,0.12779460222252298,-0.5797879490995312,47.493409094888634,25,25
2026-05-18,crypto,-0.45920561164349316,20.514800196589547,0.15942639782345744,48.946918675853155,-0.00533306949052198,-0.4876408325668442,-0.06726966913620523,-0.7839773311926883,45.913400727130195,25,25
2026-05-19,crypto,-0.3950255579902848,21.49354160736806,0.1602888877501218,53.6169470350864,-0.004807307950474171,-0.45560066859220427,0.2798470131933259,-0.9129580166647919,44.792025771921345,25,25
2026-05-20,crypto,0.12551165927485752,19.533337745198857,0.19646886821357692,45.54793553312282,-0.0019135171239430004,0.6845210460664313,-0.32651943978183356,-0.39382534301667205,45.020470349680835,25,25
2026-05-21,crypto,0.37071507126611625,21.308015538343238,0.19829613498925722,51.84655833993454,0.00012486264535500446,0.7331240668474913,0.15178770223252802,0.0504958644426928,45.89639980902979,25,25
2026-05-22,crypto,-1.3087061426406745,17.40664459539287,0.10252576380062313,37.31979301740179,-0.004708505735954708,-2.215107293794495,-0.9483977225239573,-1.2258938975592273,44.50250529328669,25,25
2026-05-23,crypto,-2.595147517927535,15.122581369153995,0.009390215273201469,28.474855464644804,-0.013416699709052632,-4.185326155077811,-1.5797843155581595,-3.373589422498462,44.28385666541493,25,25
2026-03-24,macro,,,-0.22771978199812395,,0.0,,,,19.9887206002126,4,4
2026-03-25,macro,,27.786318390588324,0.03606048234802285,100.0,0.0168338402317769,,,,20.782179957683454,4,4
2026-03-26,macro,,28.778137576819297,0.38896978025387585,100.0,0.04898598664668262,,,,25.62692916253034,4,4
2026-03-27,macro,,20.25117506426198,0.07031183483823694,65.93159838419444,0.04608438043063481,,,,25.89069182828597,4,4
2026-03-28,macro,,17.99483890868752,-0.06297427739998424,57.708231405477065,0.03308882986813443,,,,24.96678983202594,4,4
2026-03-29,macro,,17.68984852067374,-0.07379620326379313,57.12968585587195,0.022187800915385553,,,,24.082292295734728,4,4
2026-03-30,macro,,18.990337314287867,-0.1757762914752833,52.19832079839185,0.007302956035444473,,,,40.93066501986725,4,4
2026-03-31,macro,,24.821605501968957,0.5377515684606465,70.19752235111561,0.04272858783778969,,,,47.437967762170715,4,4
2026-04-01,macro,,20.88968938130246,0.021291748920739637,55.16316503886418,0.02923845426808605,,,,47.463906103257386,4,4
2026-04-02,macro,,20.796473404375345,0.012826172052667319,54.970185924909934,0.018148407160679905,,,,47.095971747613504,4,4
2026-04-03,macro,,21.912981639954424,0.19906786323823036,58.18814775177092,0.02152844542978262,,,,48.50498560279002,4,4
2026-04-04,macro,,20.090798735368015,-0.0740585064763762,52.668418938024246,0.004436001528437608,,,,46.49512323514847,4,4
2026-04-05,macro,,20.035181359156546,-0.05471835022456135,52.984226944256896,-0.005937763538972005,,,,45.732413151085005,4,4
2026-04-06,macro,,19.99345162866702,-0.0340770760695716,53.31666483879768,-0.011460013299918873,,,,45.03015540177694,4,4
2026-04-07,macro,,20.572710728995954,0.07983932333542028,55.069954017123884,-0.007673221524503324,,,,45.75703961277118,4,4
2026-04-08,macro,,16.71822477171149,-0.38685687929921675,43.465572938168265,-0.035286063763720246,,,,41.35546987984123,4,4
2026-04-09,macro,,17.385889701668095,0.059144732470676926,45.04642691729031,-0.02280541110933343,,,,42.06858189278314,4,4
2026-04-10,macro,,19.04221409248604,0.11922704546787939,50.7965122669584,-0.010425678955997074,,,,43.17953653057181,4,4
2026-04-11,macro,,19.83911737333021,0.13287359326591094,53.318389235056806,-0.0016978276549374158,,,,44.091238760473466,4,4
2026-04-12,macro,,19.416694687099444,0.034654957413630415,51.784708070860475,-0.0028515379011239544,0.02271585182201926,,-0.4695702332969067,44.02359141825625,4,4
2026-04-13,macro,0.07563175929229814,20.379839792030722,0.11405266279425508,54.805235601442,0.0012032190950645658,0.40748819114709867,-0.29301604871625564,-0.29518496819905204,44.98562451657499,4,4
2026-04-14,macro,-0.962505918053675,15.490433721765495,-0.1514279335660072,36.57990608595141,-0.013702084506123757,-0.9057465544959656,-1.387746793490985,-0.9680486834374685,43.67841907767787,4,4
2026-04-15,macro,0.04045332045192307,19.841722446861084,0.14434925955261851,52.62155557087441,-0.0038604353814689282,0.5893468874209495,-0.34723446758070114,-0.6017191316284611,45.22248270580171,4,4
2026-04-16,macro,0.5198058368158062,21.20829397649667,0.30877804914522183,55.911953871318325,0.012602659227841512,1.3538613543829965,-0.12825137603402126,0.17499559427114167,48.15769550103495,4,4
2026-04-17,macro,0.27450831648907437,19.907366904468535,0.18700965218585558,49.752755765520945,0.014059765118253187,0.7127438644501238,-0.5279963323980023,0.36874814214616103,49.80249770169753,4,4
2026-04-18,macro,-0.34086490360117094,20.075609065905475,-0.01465710824734221,51.25474921244084,0.0009040521469847046,-0.31602125976512696,-0.4156159931946869,-0.16344622951803547,48.939378481037856,4,4
2026-04-19,macro,-0.4244219370921535,19.925214673699955,-0.0042363383658230586,51.070376301514,-0.007188178184871309,-0.2564907716834072,-0.4189096885716401,-0.5670334238256557,48.31737744206755,4,4
2026-04-20,macro,0.44561368382865973,22.59262110820674,0.2756618117249619,55.91691906551812,0.005531292560230931,1.1799439294097709,-0.07498974693754053,0.035870849406390626,56.25881954133606,4,4
2026-04-21,macro,-0.33841408601705,20.933952220842084,0.03914424571173637,49.25738943022733,-0.002340692818761099,-0.06777114499103072,-0.5422199522974307,-0.3267281543480593,56.65056352617421,4,4
2026-04-22,macro,0.586516102450005,24.901501165092476,0.26608992257212527,63.05762655017261,0.006876134845827171,1.1086215124889864,0.4559828213422999,0.15536142892051807,58.99521961497711,4,4
2026-04-23,macro,0.5535197329799465,23.402308720751236,0.2807814160505931,55.35628437411865,0.012759499903371434,1.1420235868690456,-0.11264284518885527,0.5526641768524319,61.13027312652632,4,4
2026-04-24,macro,-0.11954963319465223,22.04358577595438,0.10596628534910933,49.69636576507423,0.004122147946208833,0.20889838998086116,-0.5282192971409686,0.20238542237357052,61.56082550248938,4,4
2026-04-25,macro,-0.4328066291800632,21.392325425657397,0.026208405645028694,47.62943570745802,-0.007106787382004653,-0.21853438784872106,-0.6703867064176285,-0.39339629201467313,60.948478497542375,4,4
2026-04-26,macro,0.6809209105170161,24.22362691355237,0.37095127201080325,56.735871199701975,0.007735406093993549,1.582483178866701,0.03009485127522517,0.3878985581529994,63.486739652116924,4,4
2026-04-27,macro,-0.41623537929952037,21.973416527724588,0.024704289097823198,48.383220113859316,-0.005974562742689447,-0.2650286537271884,-0.6105628676578002,-0.33026282125871315,63.01409811991478,4,4
2026-04-28,macro,-0.8061549812045335,22.410522219975395,-0.09668243998140097,51.04513455060783,-0.022498101226451128,-0.8997641440555078,-0.3938837394546873,-1.3421599869806877,61.65834286489703,4,4
2026-04-29,macro,0.5464107513782338,24.13219879386746,0.413221658506648,54.74504492248344,0.00041984406252789513,1.7631705648551081,-0.09673185496723603,-0.24263897986780297,64.98006317048471,4,4
2026-04-30,macro,0.26575760272243565,23.047169994336027,0.2664892182721255,49.24899827994316,0.004951583921450321,0.9655195752188707,-0.5331411730309772,0.035240239322361075,66.76104153990897,4,4
2026-05-01,macro,-0.5699174051504836,22.33393854689947,0.013985215553641323,47.06363039357837,-0.009039734552375243,-0.35880533940262754,-0.6982211959995391,-0.7443815164744746,66.13482277229977,4,4
2026-05-02,macro,0.10187838959662097,24.203869832862587,0.20566319380303222,53.751739803806714,-0.0055402393850722195,0.6504507675862834,-0.14465172231959747,-0.6292214145258727,66.98444594950615,4,4
2026-05-03,macro,-0.2590118470639332,23.905947285818876,0.1467899916768074,52.53001346324296,-0.00723825407228719,0.33005786629128325,-0.24353927457212957,-0.7871745219510284,67.23560776939709,4,4
2026-05-04,macro,0.21869696662622823,23.712448386125175,0.28817069702914294,50.21974891921487,0.0006912794827439242,1.0689256024826777,-0.43269028458346526,-0.3784735132611219,69.03280787458951,4,4
2026-05-05,macro,-0.7940316571248452,23.007528225821993,-0.04171047614380304,48.62470468221735,-0.015836913192056663,-0.7050343773244003,-0.5601622164439785,-1.3617281908769967,67.8874728175872,4,4
2026-05-06,macro,-0.18233661562297895,23.30800577644731,0.18779366733292666,48.669380944214694,-0.011093540060134369,0.5373187625845277,-0.54794436881502,-1.2269726040250848,69.1279352375265,4,4
2026-05-07,macro,-0.5683929869612637,22.985015530124258,0.11765308498358532,47.27897041687936,-0.012363558992611545,0.15031542407480164,-0.6579148103885951,-1.3942912828739698,69.53836834251872,4,4
2026-05-08,macro,-0.18571219210230086,24.081202588853216,0.16834928221883075,51.085514854762636,-0.009596379053070148,0.4264521410949628,-0.32094337090215974,-1.3337952008915088,70.48422799980298,4,4
2026-05-09,macro,-0.5518138734007177,24.043971230339412,0.09837324280530835,51.26001622411265,-0.012122969360632486,0.0337726231832219,-0.3019404130714729,-1.5436192952921763,70.31432015402493,4,4
2026-05-10,macro,0.1560420475179939,23.922616508714178,0.3289619175070431,49.236416399772324,0.0013738243174649598,1.302413864021252,-0.47639932150616005,-0.8678652251503521,72.22251785386513,4,4
2026-05-11,macro,-0.2963012101951312,24.873632517797713,0.15647685637776185,52.55796443536696,-0.0015201149642682793,0.3287962454075821,-0.17537911509704449,-1.0030716329634588,71.9266477582115,4,4
2026-05-12,macro,0.30973525926305134,26.58885205262751,0.2827330487984404,57.3513023440282,0.004532690492208377,1.0237835921537093,0.25803744575260545,-0.6505111105166625,75.27473356413438,4,4
2026-05-13,macro,-1.7131460673612693,20.323822021631862,-0.2823155509874858,36.80568090789233,-0.028251943583550668,-2.064084200012471,-1.5720382583715864,-2.3877059230698663,70.5034788732789,4,4
2026-05-14,macro,0.9275748594797694,26.79157147400307,0.6759014676977602,55.938279435920954,0.01361513737921799,2.878950988061568,0.15664385599601252,-0.31919394987384564,79.28243563548081,4,4
2026-05-15,macro,-0.8696330568452958,24.38855064384365,-0.08324632323894256,48.770426744063606,-0.009551516206941793,-0.9380638260281151,-0.4920829116815994,-1.4505509114106878,77.5632211083902,4,4
2026-05-16,macro,0.04329427630233601,25.267413026635573,0.2831667966986505,50.938616520336524,-0.00041318277950933707,0.8989716559878371,-0.2896186254082907,-1.019584271660792,78.9808676767656,4,4
2026-05-17,macro,-1.5670485427237175,22.884362012273435,-0.3082415289121625,45.118885435907615,-0.03263074116442778,-1.997554145786522,-0.8170344372572719,-2.6379446612233615,75.0235866187134,4,4
2026-05-18,macro,-0.4749654775616451,23.045748428792574,0.16656534617770466,48.782624371383825,-0.02096273839780183,0.3331157941837727,-0.4706104903231178,-2.23156130021086,70.42537294914933,4,4
2026-05-19,macro,-1.1382482587192286,22.87758259395403,-0.08904229823667555,49.519014511100046,-0.028965342023606226,-0.9184331876903334,-0.3974197497472414,-2.6473558842485905,69.51969359904466,4,4
2026-05-20,macro,-1.0951800808780308,22.307150586919125,-0.027502818653124737,47.73483308774756,-0.028571984533875952,-0.6058524701463796,-0.559573041902804,-2.691424461976168,69.15229179601226,4,4
2026-05-21,macro,-0.42864899041312454,23.201962939041792,0.15942374499571466,50.42893459958183,-0.014869789613102504,0.32385746780634994,-0.3005169624216236,-2.2067018596054933,70.51001831390434,4,4
2026-05-22,macro,0.12426221986484987,24.106231845078398,0.3609926795002738,51.918762637043415,0.007424168234012455,1.3068419062990244,-0.15632433221505931,-1.3244970758466177,73.5480493371321,4,4
2026-05-23,macro,,,,52.65271392985896,0.005939334587209965,,-0.08464847186571246,-1.3285197346934725,73.5480493371321,4,4
2026-03-24,stocks,,,0.1474062956486034,,0.0,,,,45.47400865586833,62,62
2026-03-25,stocks,,31.655329469421563,0.16948066695385036,100.0,0.0014087348069445227,,,,45.266902372133806,62,62
2026-03-26,stocks,,31.573875401919498,0.1813481455316255,100.0,0.0029719982524619845,,,,44.50194766497813,62,62
2026-03-27,stocks,,14.907444573508679,0.11810817239049083,34.92613003831495,-0.0002497874872542721,,,,42.35023713004072,62,62
2026-03-28,stocks,,18.691244482477998,0.14782443629072464,50.164754509802165,-0.00036903882077159937,,,,42.04918737242089,62,62
2026-03-29,stocks,,22.64119470165161,0.20314024162492142,65.29355014743433,0.003097113700633796,,,,42.99881419102958,62,62
2026-03-30,stocks,,16.76996863597604,0.11199734163833598,43.52330817913073,-0.0007248849131656606,,,,40.74922290445015,62,62
2026-03-31,stocks,,18.024272130745956,0.14367698865916526,49.388711230957874,-0.001074699807177424,,,,39.61511914350683,62,62
2026-04-01,stocks,,19.83417299899301,0.19340645019424021,56.483170231660715,0.001924467114673886,,,,39.87405735856117,62,62
2026-04-02,stocks,,18.11456624631193,0.15152375952355832,50.519031702555296,0.001014629891303358,,,,38.680634481277586,62,62
2026-04-03,stocks,,19.09166347746831,0.18110170783833232,53.95275857371582,0.002260538258594872,,,,39.0876192363834,62,62
2026-04-04,stocks,,18.744294079002014,0.17010032872365452,52.595217745024506,0.0021974835232108506,,,,38.91369607397302,62,62
2026-04-05,stocks,,18.437198980018003,0.1591144029959341,51.30608497345989,0.0013132791969200702,,,,38.816609671189234,62,62
2026-04-06,stocks,,17.32797380835108,0.12514198975613602,47.691316837722006,-0.001509191494110924,,,,37.55979392189984,62,62
2026-04-07,stocks,,17.83593287790839,0.1494028620392025,50.19711498710642,-0.0016788194233767636,,,,36.84870222536286,62,62
2026-04-08,stocks,,17.32592617120461,0.1541790466203858,48.43589355153894,-0.0014164456076187892,,,,36.51652062879076,62,62
2026-04-09,stocks,,17.44450141090755,0.169123978462785,48.75827798438036,-0.00024488147609834495,,,,36.72427301547507,62,62
2026-04-10,stocks,,18.936426483096184,0.16071956750316554,54.87108916677798,-5.441217117784338e-05,,,,36.59471433351722,62,62
2026-04-11,stocks,,19.559027892272795,0.20927278975425548,56.73439391735595,0.0031461682921309986,,,,37.366512919671145,62,62
2026-04-12,stocks,,17.648250859413263,0.19047083782807597,48.490709670813345,0.0037600277814113636,1.0742022281598518,,2.200802368319359,38.11029894889906,62,62
2026-04-13,stocks,0.9525558036446486,20.810391867724817,0.1847316673123955,60.87826867115532,0.0035454674771904096,0.8242172197974404,0.2878138896960057,2.13307993849963,38.29481848628497,62,62
2026-04-14,stocks,1.2636737081307041,20.920809998573482,0.20923771570267333,60.02038976507581,0.0047450156759298095,1.5989638461206042,0.22922612461923078,2.5057577717117723,39.976329054475265,62,62
2026-04-15,stocks,0.7675805696161785,18.367250584537793,0.18774494894587093,49.05294365531069,0.003821665618142527,0.7923825268549471,-0.45117982568146037,2.1706302453815387,40.91229318000131,62,62
2026-04-16,stocks,1.0222617164868064,21.059445063131065,0.19940974084558166,58.91127395007457,0.0037234551786993753,1.1563925142088958,0.17975256318970964,2.121290224364748,42.165736034493236,62,62
2026-04-17,stocks,1.2474787395812077,21.114868181893577,0.22140430524829818,57.71788745298508,0.004798310061324161,1.777294909359231,0.09908654200946411,2.357164752125107,44.01451423074049,62,62
2026-04-18,stocks,2.0853305162233524,24.57686863187547,0.2976608369206647,69.54328607385354,0.010004009558780131,3.2369730324394017,0.863693422562997,3.1901783226482703,46.702558630177826,62,62
2026-04-19,stocks,1.7556703567067284,24.464294191611774,0.2775136381277294,67.64439952462348,0.011350889040395287,2.3479523877116892,0.7138255079344966,3.0896392129417034,48.71923539320547,62,62
2026-04-20,stocks,0.8323655528412065,23.237908824003853,0.21431777910117691,62.22461956293199,0.007435393347047403,0.8264608765815763,0.3366088768188544,2.4019229415907146,49.458880662258935,62,62
2026-04-21,stocks,0.6771935597172943,22.777710653397953,0.21544135610654286,59.6660216840153,0.004514568977639865,0.8281867276736138,0.155920829664813,1.959746208846027,50.12905759010728,62,62
2026-04-22,stocks,0.5535320245803114,22.699735907306604,0.21346844005660492,58.74996364723826,0.0021623991952495966,0.7603481888599549,0.08951813676025219,1.6129167629224783,50.82739451345286,62,62
2026-04-23,stocks,0.28034728714598467,21.72722355799322,0.20007179883508872,54.588265739104386,-0.00044400827961868505,0.4292760422132728,-0.20694620733733052,1.2142910690832511,50.978777761533216,62,62
2026-04-24,stocks,0.4917143139979073,23.0017865209886,0.22303608475202433,58.85657048401149,-0.0007516534191096755,0.960158129278322,0.10429998030721761,1.110565743948133,51.85189403840464,62,62
2026-04-25,stocks,0.22763335946680094,21.110265392095418,0.21429384828315634,50.80466058080962,-0.00162407461089999,0.7290363250218742,-0.4865197766405685,0.9227210004193295,52.67369135724829,62,62
2026-04-26,stocks,0.270000739207793,22.023687554229127,0.21642814686726725,54.39461468607362,-0.0021069360781930703,0.7633362436372536,-0.21218174669301743,0.7765850493542217,52.791279148005934,62,62
2026-04-27,stocks,0.1766436773409131,22.13602290118378,0.2106832143437311,54.39355344901249,-0.002818348649648965,0.6088475567065957,-0.20907154035485973,0.5855955815641447,53.16013933548105,62,62
2026-04-28,stocks,-0.028034058186937647,20.883752114209898,0.2045438020000108,49.15263142433787,-0.0036544703967556994,0.4477702501397001,-0.6046982426532925,0.3559376054764201,52.95223680959418,62,62
2026-04-29,stocks,-0.2516221392138912,21.068845905273328,0.18606249288508755,49.69293602445798,-0.005304228297292487,-0.019612819749617556,-0.5521526019191836,-0.02961024524689607,52.53952988770332,62,62
2026-04-30,stocks,-0.07668273066246496,21.554694035592252,0.20746719373445305,51.42007340752512,-0.004819953156652221,0.5208881917188095,-0.4087300746916588,-0.12277839276136336,52.85776487520184,62,62
2026-05-01,stocks,0.5977823186573046,22.653630806613556,0.25068966505259715,54.802037901639665,-0.0016201491627437226,1.5659452653931858,-0.13559781353208009,0.24647486300818672,54.287192843317754,62,62
2026-05-02,stocks,0.19196422470589194,18.504575926734933,0.23810054843276934,37.656356987541876,-0.0004441158134200762,1.207312672379218,-1.4660585484558921,0.3847142386660106,55.193825244583,62,62
2026-05-03,stocks,-0.09555803460708188,18.893832717986918,0.2246421273488473,38.73012946464185,-0.000652657058914664,0.8495988097690022,-1.3311258403582231,0.3295238124111824,56.053564152303764,62,62
2026-05-04,stocks,0.23756138053413786,22.804566475054408,0.22927797745107387,54.24981079720846,-0.000561869107047596,0.9448708137406961,-0.10207166859002316,0.3184920859676973,56.161817553081164,62,62
2026-05-05,stocks,-0.5161326388825794,19.63998876628049,0.17991448965208418,42.078739402213685,-0.003733057646908131,-0.30152208737033714,-1.049754831603758,-0.2513074379015204,55.40489100998256,62,62
2026-05-06,stocks,-0.30258079877008326,21.042676376680223,0.20085361891884973,47.406666105482635,-0.004287493738495714,0.23186255420130328,-0.6136676727122601,-0.47424006359915205,55.893471506693515,62,62
2026-05-07,stocks,-0.3351155142592298,21.570900844683628,0.19788176465556756,49.52961467221106,-0.004688906677311257,0.15318296966977696,-0.436670818594268,-0.6869813462031263,55.865742068520845,62,62
2026-05-08,stocks,-0.44354793573789675,20.365938899225455,0.20053628345833657,44.70547413045802,-0.004603615987336298,0.22018787510744492,-0.8137097170481924,-0.8242812307095845,55.91739037604998,62,62
2026-05-09,stocks,0.842450007250113,24.84671488563805,0.2766840817390999,61.14559918289507,0.0004829220038788081,2.1008444104483743,0.5213780978349953,-0.07467426876946641,58.020506675099185,62,62
2026-05-10,stocks,0.6433752350320624,23.879554199358527,0.2548849431203245,56.41904880505007,0.002185654818688529,1.4934654920278236,0.13088728963710378,0.24955540144996477,59.46383881272347,62,62
2026-05-11,stocks,-0.19813221541753234,21.810515733942417,0.20269205654909592,48.84520872836268,-0.00026641550209029023,0.18374870540739752,-0.49292472182851865,-0.11909511665196715,58.56546561437517,62,62
2026-05-12,stocks,-0.8658911824536538,20.289249055446092,0.15554164962457714,43.66915397384121,-0.004871687872553398,-0.9895752934902999,-0.9097177611973012,-0.9640273386935136,57.15578406060437,62,62
2026-05-13,stocks,-0.3545167277037521,22.34746008566688,0.20290375587004947,52.024716461377544,-0.004542458231643804,0.207192837858853,-0.2054840296956098,-1.0608917325832217,57.03222261329961,62,62
2026-05-14,stocks,0.5000267527082749,23.5970725797461,0.2606265889524875,55.87773302082551,-0.00046608652565553223,1.6221560056941087,0.1202970747091225,-0.46836121073878306,58.69644766423171,62,62
2026-05-15,stocks,-0.6499597083261873,20.174229900598895,0.18453470295470728,43.181017632626734,-0.0027934493588389247,-0.2867299068884087,-0.9500817448299093,-0.9044709101395924,57.86686477652245,62,62
2026-05-16,stocks,0.14600782709350751,21.965664491841935,0.23605935929223595,49.80523560926312,-0.0008619883022478996,1.000338284577945,-0.3777878249760775,-0.6392731937358381,58.8284812423595,62,62
2026-05-17,stocks,-0.47566949853467966,21.31178121689964,0.19607002781892022,47.40511187419224,-0.002200673581873501,-0.013070116584368676,-0.5781751215199064,-0.9080631912475324,58.530256688548434,62,62
2026-05-18,stocks,0.1832426618219412,22.215778918781012,0.23783533288342126,50.72806827753463,-0.0002964414469975585,1.0356751374774917,-0.28613177335047324,-0.6244397930440027,59.135985571118646,62,62
2026-05-19,stocks,-0.5280128426345184,22.012639527824128,0.18511306861626053,50.43978670862762,-0.0024887347821016315,-0.3089929185573109,-0.308425910781988,-1.0317081666750607,58.64177474540186,62,62
2026-05-20,stocks,0.16035653109635198,22.670143798322215,0.23387098522699892,52.667626359399726,-0.0006518268822742804,0.9321243069085561,-0.11024029638749278,-0.7675523279890701,59.190579411718225,62,62
2026-05-21,stocks,0.4043110827712505,23.235289339394477,0.2498011590399783,54.10877431178466,0.001520708337108885,1.3115910288942008,0.01831504288177132,-0.3760010313912743,60.525648271651825,62,62
2026-05-22,stocks,-1.2001802745075107,20.565421198518493,0.1279389289429563,45.16674272190158,-0.005007334939200464,-1.748427757971438,-0.7766896543990356,-1.5228061832608375,58.11712855601631,62,62
2026-05-23,stocks,,,,38.97973664458618,-0.004005867951360372,,-1.3054655810308788,-1.502833871762792,58.11712855601631,62,62
