date,sector,sector_strength_v2,sector_strength_base,combined_compound,sector_rsi,sector_macd_hist,sentiment_z,rsi_z,macd_z,ma_alignment,n_terms,n_rows
2026-03-24,AI,,,0.17808851903499795,,0.0,,,,43.85699138803581,9,9
2026-03-25,AI,,31.358850561984998,0.21089562521250127,100.0,0.0020936728728663256,,,,44.4357372113491,9,9
2026-03-26,AI,,13.395277144465915,0.1363307132418573,30.554614454799108,-0.001467137711950972,,,,40.53481703148655,9,9
2026-03-27,AI,,14.964021239468412,0.15049338509671215,38.64721918589492,-0.0027196743881330266,,,,37.58829171881557,9,9
2026-03-28,AI,,19.543802845992005,0.20139771386441416,56.75867764604105,-0.00010880425776295865,,,,37.81836422668156,9,9
2026-03-29,AI,,22.981605244378958,0.2663346015778918,68.5878347659463,0.00568248140204944,,,,40.604948841151455,9,9
2026-03-30,AI,,17.486546740770503,0.164870695087935,48.049546800441696,0.002531339668865186,,,,38.19363329983894,9,9
2026-03-31,AI,,14.950475816403841,0.10773143755911578,41.116060580358806,-0.0032366281428782787,,,,33.253299763127686,9,9
2026-04-01,AI,,17.05201102164211,0.17869321678417763,50.064751001067044,-0.00215991961201691,,,,32.223379600786004,9,9
2026-04-02,AI,,15.21317642581363,0.12808078871691447,45.16883261457539,-0.004603202389569386,,,,28.751000025907416,9,9
2026-04-03,AI,,15.884793662723544,0.15651283281411188,48.02415144182805,-0.004069741424524993,,,,28.343746337715622,9,9
2026-04-04,AI,,16.635138928417632,0.18243194643251093,50.37973366945764,-0.0018495736445830746,,,,29.072878618344372,9,9
2026-04-05,AI,,18.01264838912556,0.2301114650662164,54.19821605153113,0.0027043181905868742,,,,31.331838527189547,9,9
2026-04-06,AI,,16.085954421716668,0.1415767070532875,47.4219144788262,-0.0002168200855081758,,,,29.93425461387219,9,9
2026-04-07,AI,,16.533203560456922,0.17005498289405951,49.454685786676265,-0.00020203889096753703,,,,29.481903287805483,9,9
2026-04-08,AI,,15.586992544942033,0.16208424990136897,46.57108202566645,-0.0006734852098071228,,,,27.886826194070597,9,9
2026-04-09,AI,,17.059374578746088,0.1761486688234168,53.05699322366424,-1.720859308836217e-05,,,,26.86941839505365,9,9
2026-04-10,AI,,16.18117060026849,0.16106339103375722,50.810356169223205,-0.0005487265159495611,,,,25.068867077996792,9,9
2026-04-11,AI,,16.775167135808786,0.2202802182386483,51.429420200708705,0.0029461694192056014,,,,27.383881793255608,9,9
2026-04-12,AI,,15.337026266062253,0.20824091896149388,45.21939528630712,0.004227420895168645,0.8351898629298726,,1.4332968832361739,27.818479178263726,9,9
2026-04-13,AI,0.15816378715600318,16.608335683473236,0.17505062538882343,50.943767552815714,0.002694595399292156,-0.03917882104827472,-0.027751741819302213,1.107765146359666,26.6251765924816,9,9
2026-04-14,AI,1.5482949325531803,20.52294529924154,0.26354669924358975,63.65169902862189,0.007237912380266304,2.0483838386896287,0.8644165039244454,2.468161501830305,30.659036331817397,9,9
2026-04-15,AI,0.9628037354972142,18.169802629919673,0.21623902229954128,53.43180715405172,0.006668294787620943,0.8487365728347109,0.10955326730979978,2.3227388048357005,31.681883675043384,9,9
2026-04-16,AI,0.5369504743568633,19.06209190394687,0.19403402645967838,56.35854054248806,0.004510645224639518,0.2915610263298033,0.32254573509687506,1.8757949260375422,32.47116225659762,9,9
2026-04-17,AI,0.3802446705215602,18.56136626409264,0.19201617204015922,53.6065593393245,0.0027487710751079655,0.2355606486647563,0.10839217575072618,1.530343600490109,33.41313741356017,9,9
2026-04-18,AI,1.719726492954475,21.203847996630273,0.3066129843886403,60.68899222096016,0.008763132236270127,2.6410528416930976,0.6469898952768669,2.659370608821224,38.296417128719355,9,9
2026-04-19,AI,1.5148403653165972,20.70596363134913,0.2938899953997931,55.84131337583206,0.011190979059090504,2.1019399343907614,0.25558329085312087,2.8793600125093173,42.170145754255074,9,9
2026-04-20,AI,0.47216878153336517,20.35793889838195,0.19467186896294797,54.769514999144036,0.005698172326191544,0.06230548858497279,0.16543544745493607,2.0501003978370975,41.546556249882,9,9
2026-04-21,AI,0.2907641133585186,19.907640096370713,0.19553097884062226,52.40798242141248,0.0019025035340656873,0.0789363970651407,-0.029488284861932567,1.499149078981282,42.10896111221096,9,9
2026-04-22,AI,1.0755098129902319,22.045009122634735,0.2623216448361554,58.52633700196833,0.0035728048472332165,1.423902286608148,0.47634690128289475,1.7159842057382646,45.3378957760075,9,9
2026-04-23,AI,-0.1372180851390028,19.480434943829405,0.1642428155225877,49.11391684735704,-0.0019482187962926306,-0.6116998672244063,-0.3227026861765956,0.9102734176269115,43.572812691350116,9,9
2026-04-24,AI,1.1467315122831834,22.711105548122735,0.28870675932932877,58.16966185135286,0.0025193958436581128,1.8669018334792578,0.4550948726285966,1.4895099908886817,48.77798702116435,9,9
2026-04-25,AI,0.907837147618571,21.908562039302346,0.26510678527713033,53.00612727946869,0.0035586601596048102,1.3304299280345904,0.00046531129755547157,1.6335957937928813,51.64368830952348,9,9
2026-04-26,AI,0.565112771861352,22.12985113090234,0.24787685316295605,52.639659948821134,0.0027930312464624543,0.9591226208491453,-0.03185494772121746,1.5413858385882617,53.67874090339446,9,9
2026-04-27,AI,0.4360618696474001,22.8081811075982,0.23212715159405445,53.89156354298265,0.001024364728816344,0.632416094519361,0.0807958989523654,1.3051572963481786,55.3089015906167,9,9
2026-04-28,AI,-0.3853359344282984,19.86921386635239,0.16769262657147185,43.2428145504877,-0.004389556336441312,-0.6498404108207901,-0.879338708465945,0.5204079877974468,52.92743320808836,9,9
2026-04-29,AI,-0.5552986075254418,20.298758157900963,0.15833598507192684,45.68740068196375,-0.008279499102236335,-0.8203957878492143,-0.6401708018476574,-0.19416475581851086,51.29975073700033,9,9
2026-04-30,AI,0.18810414468298806,22.138910942991487,0.22178724750417167,51.9474021300651,-0.006345023577073214,0.4639215703202495,-0.05474568724230825,-0.14968290626239683,52.67941425472615,9,9
2026-05-01,AI,0.49259174768709557,23.05163071308879,0.25164521230265247,54.026755564221695,-0.0029907080911889435,1.0488480630614163,0.14034323870982268,0.17036342097962529,54.91280074755059,9,9
2026-05-02,AI,0.2603325371988043,20.818181504129893,0.24314729201555618,44.997277855679094,-0.0013632697364317197,0.8552256533310548,-0.712443777043976,0.3269884934736676,55.34563268660223,9,9
2026-05-03,AI,0.21376201689990887,21.055242920532038,0.23395849745095365,45.24939394382461,-0.0009445003349578974,0.6542686235044108,-0.675560965177581,0.3454136268448297,56.86129218054358,9,9
2026-05-04,AI,-0.2859988888542859,22.116690546868256,0.18788960507655725,49.412921288904485,-0.0036567027778740564,-0.29812440758231934,-0.2669897462816892,-0.11780596878171762,56.955129048137266,9,9
2026-05-05,AI,-0.5909085815408052,21.343958341491447,0.16798121150424122,47.69140196823677,-0.006511323298930518,-0.7035739822098984,-0.43036610578927936,-0.6871864611837475,54.71083900294684,9,9
2026-05-06,AI,0.13239004272162797,21.871384755660706,0.2385496521046838,48.020502437338884,-0.0035167039780909064,0.7723276824060227,-0.39236359327300585,-0.4057156320582362,57.24131254137008,9,9
2026-05-07,AI,-0.061021823203598974,23.6353204870153,0.2145086367149615,54.774331261982674,-0.0030426165127599514,0.25922792642583686,0.2826179797464067,-0.43766415760666316,57.74381046750013,9,9
2026-05-08,AI,-0.6238607336617119,19.677145200477725,0.19616327907662776,38.99075172847876,-0.003802783721881105,-0.13270315009863537,-1.2805910091272787,-0.65492380014537,57.84107744039666,9,9
2026-05-09,AI,-0.09118740185752103,21.23568704516721,0.22106144559950885,44.776369518575386,-0.0025283406277056978,0.4021456212499776,-0.6865718105096322,-0.5610094855953246,58.73991903737662,9,9
2026-05-10,AI,0.5187149698660889,23.472896550852905,0.26653755574963,52.074134181637035,0.0012735472628935367,1.355056392409408,0.052384820980535166,-0.005240722289998102,61.45133534861306,9,9
2026-05-11,AI,-0.13477031585278487,22.640650756021902,0.2160228121169087,48.33841662909073,0.00033147263349340983,0.25747481580415926,-0.3265777343225395,-0.12112962546518027,62.2344741004668,9,9
2026-05-12,AI,-0.32580701628712094,23.32832128209741,0.1872414315776775,52.177144852881604,-0.0021484237224922544,-0.3682615466970849,0.06978197323033578,-0.5298893814276739,60.704368406729984,9,9
2026-05-13,AI,-0.17752362654912973,23.956568451398013,0.20382719626900736,54.98605721983517,-0.0025620747643927727,-0.001994064658662397,0.35932895191543873,-0.6666089126283633,60.53655259053926,9,9
2026-05-14,AI,-0.5439066933940634,21.57625221870775,0.19172189815874174,46.286745400811824,-0.003484116115907313,-0.2692462127586666,-0.5510711294520682,-0.9007429606615888,59.65080894311852,9,9
2026-05-15,AI,-0.9354588933387553,19.601434781475284,0.17164351567531438,39.874706642987505,-0.005177354345807366,-0.7109951994267988,-1.2026421380629668,-1.2848041652533546,57.97220801143326,9,9
2026-05-16,AI,0.8594364973853927,24.24382117522991,0.306272137766208,56.05584556299585,0.0026196383534286974,2.202352564997131,0.5017967671296018,-0.11025461649962497,61.73914566251117,9,9
2026-05-17,AI,-0.45715793735052657,21.681809207452396,0.18892076287508805,46.421895959869154,-0.00013055272037180076,-0.34586333326850466,-0.5178180223901082,-0.4946645953882354,61.42079770151544,9,9
2026-05-18,AI,0.1717939337922269,23.446781300212784,0.22426640710661117,52.94011596542967,0.00039771989874332796,0.42456060352330005,0.1793396679756289,-0.40188773807220174,62.634552491670455,9,9
2026-05-19,AI,-1.1330200993126593,21.154005374678235,0.12036881509868959,46.611785945016386,-0.005933907400753607,-1.7988864503588966,-0.49969127294618637,-1.4705993422139012,58.523909189275045,9,9
2026-05-20,AI,0.18155853447173603,22.543739582370065,0.25099707271143756,50.81603411530675,-0.001252856302416667,1.0077590020123974,-0.04135731604083835,-0.8434664832961876,60.82037916360434,9,9
2026-05-21,AI,-0.04841975513098409,22.49384682159797,0.21527972045200772,50.04978883626754,-0.0005275928644238942,0.23357483785970257,-0.12449378860792434,-0.7497123834364098,62.2321718792634,9,9
2026-05-22,AI,-1.5565466801440382,20.210533144574555,0.08458369014587788,43.70818794164505,-0.008379874858024633,-2.455067987246362,-0.8159024203392317,-2.0602238152580434,58.22698920320922,9,9
2026-05-23,AI,,,,42.081879919718816,-0.006703899886419706,,-0.9803115242971138,-1.9701546823180276,58.22698920320922,9,9
2026-03-24,Ads,,,0.08940759072771183,,0.0,,,,20.41731023987491,1,1
2026-03-25,Ads,,28.30074491117299,0.10472791972368607,100.0,0.0009777076054410915,,,,21.10266205256173,1,1
2026-03-26,Ads,,4.934349188396283,-0.017954175148160893,11.101492688742965,-0.0062922503374557865,,,,14.521331449228303,1,1
2026-03-27,Ads,,3.311876385675065,-0.04070588626136601,9.530286109145806,-0.011958917106624764,,,,7.310241078172401,1,1
2026-03-28,Ads,,9.939052732441173,0.03085581467516139,37.39823830319304,-0.010277497578437154,,,,5.37638428320126,1,1
2026-03-29,Ads,,9.568686185827042,0.030078090996484747,37.27345795525219,-0.00867169129018695,,,,3.5128575740793564,1,1
2026-03-30,Ads,,12.991705069360826,0.09071387137242293,50.222361280768695,-0.0032584260407814997,,,,4.614765439353325,1,1
2026-03-31,Ads,,11.188824962851875,0.04840826053002143,43.89954376794655,-0.0023045440722680565,,,,3.385255872187898,1,1
2026-04-01,Ads,,10.94415082531797,0.04642284124715904,43.641692441765755,-0.0016173282684993334,,,,2.2778738255679043,1,1
2026-04-02,Ads,,16.25696848618485,0.1861984737094542,60.1288920860784,0.00791726672237238,,,,9.112369592054836,1,1
2026-04-03,Ads,,13.779674311255258,0.0875303401935567,49.837175427171,0.00726243921193698,,,,9.491217811264567,1,1
2026-04-04,Ads,,11.827584686524869,0.016006728396059062,44.33624612713936,0.00197115361325956,,,,5.807666087076759,1,1
2026-04-05,Ads,,17.190026438921645,0.24521585349917932,58.88103158888524,0.013238771887190838,,,,15.442684981167796,1,1
2026-04-06,Ads,,14.427501247321182,0.06519505885600656,48.85489371709869,0.008148251858862471,,,,13.922753739263964,1,1
2026-04-07,Ads,,15.194416383653893,0.10844771338698138,50.865090238056766,0.007301839528647876,,,,15.257158126665413,1,1
2026-04-08,Ads,,14.457841534023036,0.07007800828511676,48.45797490278335,0.003934331338212368,,,,14.577804158573144,1,1
2026-04-09,Ads,,18.79878661839838,0.22109794280611098,60.376809201117496,0.011240616663266551,,,,22.60507968800731,1,1
2026-04-10,Ads,,16.715534204703683,0.05585776053881309,53.73020993321341,0.004645419977034051,,,,20.372972055977208,1,1
2026-04-11,Ads,,17.932232301130533,0.174917894931812,55.368061888997005,0.00781556897100847,,,,24.80391454976573,1,1
2026-04-12,Ads,,17.22002643578542,0.10236530504801515,52.55681333742278,0.004694173318770249,0.22337707293072503,,1.2541037056940207,24.68887665800704,1,1
2026-04-13,Ads,0.09318243712319929,16.23708598628367,0.07530124996840999,49.44159094261937,0.0006852611388775513,-0.13704828978561323,0.06263255336038354,0.8760901816332188,23.600759419826268,1,1
2026-04-14,Ads,0.5915058818479481,17.543561565057278,0.132395988509598,53.01066523808091,0.0016994803442290287,0.6292436233162781,0.2512980028887018,0.9590575408069932,26.177204814122707,1,1
2026-04-15,Ads,0.7936074840220421,18.526683757221242,0.16564777209768583,54.180095145460605,0.0042834587978723224,1.0431342492667972,0.3090644230678345,1.2121424766389324,30.45395854450852,1,1
2026-04-16,Ads,0.2375038534498681,16.92454107386327,0.11459825749468104,47.32311014446903,0.0023262007402859407,0.3242945713142033,-0.08140335699293587,1.0428155683643705,31.405566144280556,1,1
2026-04-17,Ads,0.7322975093643468,18.874088027724877,0.15934188264883373,52.79759263771729,0.0037331788244578685,0.9240961849392456,0.23395661305414509,1.1853818933600326,34.97129367675861,1,1
2026-04-18,Ads,0.738726661087912,19.930819220893166,0.1518419797449774,55.56962645123192,0.0038324702501656652,0.7914865721053099,0.39063098211372593,1.2140688121162506,37.21554902132103,1,1
2026-04-19,Ads,0.0751410332824281,16.72397674641256,0.10489732570028008,43.23547233749206,0.00058091714923501,0.11561212493162841,-0.3524269396219517,0.9154990523591588,36.65173571959982,1,1
2026-04-20,Ads,0.7970702013821473,20.49003377993101,0.17198745002373608,55.777348458802756,0.002675680523871033,1.0549359703097523,0.4155519997696601,1.1057001679849854,40.545247491085526,1,1
2026-04-21,Ads,0.6441004956468358,20.007854905885793,0.151630040774727,52.39545600232617,0.0024248048161397036,0.7377070886008552,0.19894531560022544,1.0920660304675698,42.88665012776217,1,1
2026-04-22,Ads,0.4208251802183257,20.779501230687334,0.14497216138896227,54.30611019200605,0.00158562466392175,0.6250172402124472,0.31547669625741304,1.017980445955448,44.80936504948257,1,1
2026-04-23,Ads,-0.35091457809347926,16.64541828498949,0.05857770788823526,39.9055885989113,-0.004670517946679506,-0.643929739503141,-0.6088593885069432,0.38088627237570394,41.791406749337625,1,1
2026-04-24,Ads,1.7687085609973816,25.725546505268024,0.36116340345013903,66.19922307789614,0.010840499091012715,3.143501729512346,1.0832746371807764,1.8120690746697559,56.38731078275198,1,1
2026-04-25,Ads,1.3296526405485274,24.358587987321755,0.2783616223102781,55.7082592281843,0.014562400834513177,1.9466463301261658,0.3876247829718897,2.1920651822899697,64.16797816403518,1,1
2026-04-26,Ads,1.2068060729590804,25.744650333697507,0.24171257324169595,58.006764174044754,0.01361217414760462,1.4399885394006,0.5302045463877553,2.1680523714278492,69.16438748015818,1,1
2026-04-27,Ads,0.09610576815198474,23.17358047157983,0.0809641843348131,50.28205544580845,0.0018326054796507993,-0.4305894967278627,0.010034622343798639,1.295624413256792,65.5224580975312,1,1
2026-04-28,Ads,-0.5776832210246529,20.170047833858902,-0.0017894247114126998,43.48315781101959,-0.011143812726321842,-1.3521226676662192,-0.44705132249095203,0.16517058814682503,57.97021898057318,1,1
2026-04-29,Ads,0.2973080778692955,22.148838882475545,0.15887901812530916,49.707472839083024,-0.008630122074787819,0.51409373287899,-0.01622348966911365,0.18840085763837291,60.62626503168157,1,1
2026-04-30,Ads,0.5799533398639302,24.003341664841926,0.2024570978711632,53.82170060216132,-0.003992066736394441,1.000496018923681,0.2686752124422887,0.44908690884329694,66.20826742196827,1,1
2026-05-01,Ads,0.18825354627629223,23.53550482613516,0.16756146318049653,50.36062651217042,-0.0032645456917513027,0.579148150827949,0.022257174384655652,0.43581467587829253,69.33115076234098,1,1
2026-05-02,Ads,-0.1738357128948438,22.520936502406663,0.10509023587533528,48.043199245271914,-0.006778578977187234,-0.16161838148939153,-0.14295548424495097,0.04363816166473867,67.52148451284427,1,1
2026-05-03,Ads,1.3458838954262364,27.346898767139123,0.35772763198441976,59.02778910041395,0.007358021035084709,2.590033419813535,0.6476871641754464,1.22141787164484,80.23333655938379,1,1
2026-05-04,Ads,-0.5906624487468765,22.402768219477128,0.002008463601483844,44.96781475503953,-0.007024033015832496,-1.3126220471935124,-0.3815950565043265,0.0005469430709858715,72.79728328353015,1,1
2026-05-05,Ads,-0.5970017949885844,22.08663467393095,0.04214273104871421,46.79617178489293,-0.013248645215913053,-0.8538586966476637,-0.2425455135712576,-0.7170165210042602,68.87234764062012,1,1
2026-05-06,Ads,0.307474854264764,24.102188909752954,0.1997229672069083,51.47209864076423,-0.006508702752278916,0.8657982085076509,0.10807078645962186,-0.31917432631997256,74.59796893946353,1,1
2026-05-07,Ads,-0.32698211221693063,23.68623188895592,0.09602270286789848,50.997510025101874,-0.008655624004454392,-0.27736584147829085,0.07112144812999487,-0.6444865563224527,73.9843941783209,1,1
2026-05-08,Ads,-0.7285505827315378,20.61974040842669,0.0653236032414931,40.78401726320115,-0.011581622400995103,-0.6111439822346546,-0.7039384014556653,-1.0745625891901849,72.01716007339135,1,1
2026-05-09,Ads,-0.23133659055087727,21.643486205702587,0.1247222789422005,45.14301702814512,-0.009066319190743403,0.05659243193607986,-0.36169931482990103,-1.0316574550619302,72.36645763017675,1,1
2026-05-10,Ads,-0.08758342441464406,22.201432556184095,0.14488162843944116,46.90664390261078,-0.00575586805222778,0.28274208778124615,-0.22123279797411943,-0.8691399986721355,73.80456561155384,1,1
2026-05-11,Ads,0.34564744156745864,24.776956436941795,0.19822677056461746,54.02206629876535,1.0385629241977876e-05,0.8792917632304443,0.3374872908168116,-0.4123551804590224,79.03059939422144,1,1
2026-05-12,Ads,-0.16924924766581317,24.72270451917786,0.11758622741205271,54.100487586955126,-0.001537064868815076,-0.048746485505865904,0.33987744961884336,-0.5576059709889526,79.22199976649347,1,1
2026-05-13,Ads,0.23513123436645766,24.43619733863671,0.17759425998380132,50.69061609044704,0.0013918832593045527,0.6403858664514261,0.06448514734946867,-0.29373401720252773,83.23822796429076,1,1
2026-05-14,Ads,-0.33360588949619063,23.28470136422778,0.11107070839014489,46.68388291715762,-0.0011051114607554544,-0.13675538116246116,-0.25898266765530426,-0.5102251239004053,83.13537440283221,1,1
2026-05-15,Ads,-0.42554290553519347,23.236609573105568,0.09797306868466722,47.43427307624436,-0.0034600497941676086,-0.2885776129073848,-0.19537503507561724,-0.7592154712635133,82.35469591472173,1,1
2026-05-16,Ads,-0.5210830751044699,23.141987959534454,0.08134375558163551,49.09383441076801,-0.005819997169951737,-0.48131435296275,-0.05715622582202587,-1.0480728723732449,79.91392312151045,1,1
2026-05-17,Ads,-1.1430109766792564,18.621361012349556,0.02453153280216249,35.05106353894122,-0.010610486245518577,-1.138964223255922,-1.2050640986200505,-1.5972454959350901,74.59096616698507,1,1
2026-05-18,Ads,0.889556431801826,27.675720817304093,0.28913168576266923,64.02888831658677,0.0038627039684023287,1.939863913374374,1.1843155053148724,-0.3601020206392258,85.73065749184467,1,1
2026-05-19,Ads,-0.8127665604511256,22.64077045136804,0.007044130506232461,48.61301248714101,-0.005245849645263953,-1.314956497967618,-0.09502553074064309,-1.173924907092725,79.55179568593273,1,1
2026-05-20,Ads,0.22324881075826358,23.877661378479445,0.19835966478135353,49.94752561571276,0.0015659375662703014,0.8853997395208887,0.01666412735080968,-0.5890298803840626,85.12470312507836,1,1
2026-05-21,Ads,-0.30432633927749936,23.898580002020648,0.10888771548582625,50.50066645202731,7.643051802206638e-05,-0.15070705812197502,0.06289614180113358,-0.6987648693972639,85.05990550052168,1,1
2026-05-22,Ads,-1.5052179100817042,20.09089563445263,-0.10939379036426544,44.066801991956375,-0.014758583706012612,-2.5289124772895653,-0.4809279455169325,-2.0978388580021905,72.68232375547053,1,1
2026-05-23,Ads,,,,41.715476748327504,-0.011806866964810089,,-0.6745800213200845,-1.9987550755023535,72.68232375547053,1,1
2026-03-24,Apparel,,,0.2502113440663765,,0.0,,,,96.2027243431005,1,1
2026-03-25,Apparel,,12.22871438193916,0.0064295715965926635,0.0,-0.015557583200350899,,,,84.9002179355489,1,1
2026-03-26,Apparel,,27.871315137241076,0.3535497819331104,58.74412684959701,-0.002305360964147093,,,,90.02291321341711,1,1
2026-03-27,Apparel,,25.197348134566045,0.23721250841538014,49.08101568636337,-0.0012619337212992285,,,,89.23663262356351,1,1
2026-03-28,Apparel,,29.68119747923313,0.43761259828512294,60.32355279685823,0.012290873940493646,,,,97.91816862539518,1,1
2026-03-29,Apparel,,25.745584294279553,0.18611476768067692,47.235160010882076,0.004106775372704505,,,,94.4699608408728,1,1
2026-03-30,Apparel,,22.913511237450393,0.06515737038564588,42.77186321128606,-0.008951145619665863,,,,85.5579757864596,1,1
2026-03-31,Apparel,,23.73886059853963,0.18971181590731045,47.846453907195546,-0.008690972570892436,,,,83.46046790879882,1,1
2026-04-01,Apparel,,22.09951555761006,0.12448034145284069,45.723087587023905,-0.012188800446490778,,,,77.7100482955302,1,1
2026-04-02,Apparel,,23.30897862733019,0.25534157029542165,50.16024528365864,-0.005316749621917208,,,,78.05851954592528,1,1
2026-04-03,Apparel,,23.934470497605304,0.27818038155483255,50.86133816277646,0.0008130756320016697,,,,80.49770495517645,1,1
2026-04-04,Apparel,,22.806038850450363,0.18146225739090807,48.00182699840051,-0.0014753447670836188,,,,78.32260543376573,1,1
2026-04-05,Apparel,,22.02889959275668,0.15321091221530028,47.22626085452777,-0.004547443180886231,,,,75.14527367733788,1,1
2026-04-06,Apparel,,22.4666260108978,0.22858650601655808,49.407189687954215,-0.0013260976197525271,,,,74.24325739085717,1,1
2026-04-07,Apparel,,21.86313458578914,0.1983519084575415,48.60153842822525,-0.0010657847999670199,,,,71.82038470865393,1,1
2026-04-08,Apparel,,23.15090592023181,0.187234357578271,55.575246222038636,-0.0014526015685415207,,,,69.06877860607264,1,1
2026-04-09,Apparel,,19.52803562965093,0.17605900083445983,43.09670465917637,-0.0022251273143476767,,,,66.06634655838319,1,1
2026-04-10,Apparel,,20.102611264632316,0.17550236287373952,47.36229686170077,-0.0025161775578045956,,,,62.91043531795481,1,1
2026-04-11,Apparel,,20.916399411150884,0.34500588700322316,45.934286061587954,0.008368386181254878,,,,68.80420593709735,1,1
2026-04-12,Apparel,,24.929885957865395,0.3348990514498462,58.28897575095511,0.01420563464257596,1.1605913310471525,,1.8486027767737263,73.43388568805385,1,1
2026-04-13,Apparel,0.6211191229426001,25.240973999235216,0.24037927230716796,60.0581393917191,0.01115391108992223,0.2151446372894285,0.9812199303378933,1.6451882949972623,72.53753850032983,1,1
2026-04-14,Apparel,0.2602361667042099,22.732718739483822,0.21074154168880269,51.354783604466746,0.006805927219225887,-0.08501997547084778,0.2766482508472732,1.26737898736094,70.58627326787999,1,1
2026-04-15,Apparel,0.34084720713752814,23.83095059340279,0.2200374861265686,56.63413395279495,0.004342545094208736,0.011798443428584495,0.6861408456369833,1.063640949139414,69.32657354794023,1,1
2026-04-16,Apparel,1.3841561719610667,25.784730755455875,0.3983176841481266,59.313045416696205,0.013963812141132676,1.744206459161293,0.8734123988721876,2.1649196499456442,76.11598634732852,1,1
2026-04-17,Apparel,0.06340661491826818,21.62586252088721,0.1877444067063335,45.266849501081225,0.005807593729571288,-0.383461198383152,-0.2927602354513718,1.4092218611758944,72.7938914304916,1,1
2026-04-18,Apparel,-0.0454179081422931,22.172674565020124,0.17401428928826707,49.57311310673554,-0.0005148117832613633,-0.512694271101058,0.07270760227452588,0.7634343338610305,69.6719000814604,1,1
2026-04-19,Apparel,-0.830247435432997,19.532471520076676,0.05540433578827253,44.92028464484714,-0.012048400713906372,-1.630746973430252,-0.3253036031890691,-0.6329714947829678,61.774853318584505,1,1
2026-04-20,Apparel,0.158402165306881,21.138340347946084,0.24308357737425593,50.67426937690431,-0.0066695270379924666,0.26175109635463156,0.1812095946034269,-0.2631868457680271,62.690719281793314,1,1
2026-04-21,Apparel,-0.28414527464926603,20.43729943716928,0.18554433578696725,49.41906569520463,-0.006606288415197538,-0.3241128085806037,0.06665559242885352,-0.4136659873367915,60.94991752556196,1,1
2026-04-22,Apparel,-0.29466119186126116,20.212636547319406,0.18596608579892024,49.94190924315743,-0.0061641097918054884,-0.31396237081645684,0.11282417003695347,-0.514274552972426,59.23605230342373,1,1
2026-04-23,Apparel,-0.633391791896645,18.89828582155762,0.13050059314231047,47.99464668466674,-0.009060142662662533,-0.877174604654978,-0.06850044601321283,-1.0103927685727845,54.977182855224484,1,1
2026-04-24,Apparel,-1.2529954221004975,16.37050182382618,0.03173789244329373,44.17545310341669,-0.01663916376694066,-1.795773752372751,-0.42454274275384896,-2.0278149179824343,46.69327597600401,1,1
2026-04-25,Apparel,-0.02755026316455425,17.73983629594994,0.2647719502384159,46.90850591565825,-0.005543668351992754,0.5784597505035383,-0.1578033891005511,-1.0504331954926918,50.16414647691836,1,1
2026-04-26,Apparel,-0.8232871912227947,16.048745447797643,0.12520979207339555,42.65336876785197,-0.007090576880722687,-0.8436124708641275,-0.5643827408861132,-1.315103237868549,46.93021204298013,1,1
2026-04-27,Apparel,0.35393566726930425,19.01650094831365,0.2877718813876938,51.58487388463974,0.0028166167397235455,0.824960768440005,0.3173444372669069,-0.29579922943984654,50.478531532889846,1,1
2026-04-28,Apparel,-0.26141012160066174,18.052557044349467,0.17813109532502694,48.96485092648799,0.0020058969936932614,-0.31456015432806894,0.052819516874432246,-0.32086411988435376,48.557265022689506,1,1
2026-04-29,Apparel,0.024752622521896958,17.978888292330343,0.19416300438315318,49.182167119398976,0.0025354620220588014,-0.14307978795993584,0.07400111899511608,-0.2037602555691574,47.312119160511735,1,1
2026-04-30,Apparel,-0.7084401021360142,15.143339172466192,0.12628492146309825,40.756559540749194,-0.0014833875822928833,-0.8508854459169888,-0.7819889677138805,-0.6289530271298195,43.05229768785986,1,1
2026-05-01,Apparel,-1.8390360974458109,12.421858537519949,-0.1120990279110476,40.00056264240211,-0.019020325747851195,-2.9498903106884424,-0.8412986446425333,-2.5660605644735712,28.952328469955035,1,1
2026-05-02,Apparel,-1.515236308719039,12.028671420257988,-0.01479915634007096,44.03572964204453,-0.02264491625372335,-1.900049050648129,-0.41294804211841424,-2.9642240041522663,21.317426279051013,1,1
2026-05-03,Apparel,-1.076513023850339,12.859508340675523,0.0586028603984634,50.10400601065598,-0.018833002670720064,-1.1886350491763749,0.22595371982016973,-2.705285221376005,17.6447489737549,1,1
2026-05-04,Apparel,-0.3555273867051396,12.799747515017515,0.18830529422628461,48.14899028695445,-0.00692397388953464,-0.0033715375451827427,0.01640497889421624,-1.838539894784076,19.197176770620246,1,1
2026-05-05,Apparel,1.245456383467949,18.26211646951081,0.4830297067150891,58.66358764830923,0.019982977157018068,2.4818615390124807,1.1249542918200717,0.4658763171024244,33.1554710507942,1,1
2026-05-06,Apparel,-0.38072411880905477,14.729395090185031,0.0900811942030691,47.727198231751004,0.010948603694682306,-0.8914131614072107,-0.05601723374446194,0.0053354412123621155,27.93705208686874,1,1
2026-05-07,Apparel,0.07871643859161224,15.407556702727176,0.15610370096745663,50.60385956164257,0.009126005242566744,-0.3163667088994531,0.25546232546878095,0.03885991843360132,26.21516880819869,1,1
2026-05-08,Apparel,-0.1391542329169169,15.656120370051365,0.13634076591790578,52.562595365628034,0.006423724776038392,-0.4826094421192546,0.4656856233060779,-0.042732684721632413,23.69732845258208,1,1
2026-05-09,Apparel,0.3201202998817061,15.308498523524129,0.2264886543060163,48.991520203057625,0.010311345684427665,0.3085870605447316,0.06659354179933047,0.4409970021420174,25.845752082088218,1,1
2026-05-10,Apparel,0.5074448437933392,16.703191296604913,0.22372367502089724,52.796668034935074,0.01217260979891278,0.28081548661602623,0.4893557160863318,0.8014833085221084,27.520167010139335,1,1
2026-05-11,Apparel,-0.42589455362020456,13.835239332771536,0.08901510574464255,44.266914333406284,0.004218146682611477,-0.9130760002591283,-0.4748265618585612,0.26969951826695593,22.33452978253056,1,1
2026-05-12,Apparel,-0.12468654031786652,14.954836131828067,0.1507521729029865,49.18781736624431,0.0030554495758710297,-0.3530193409306204,0.08869358746613042,0.23634299426425706,20.38094616823494,1,1
2026-05-13,Apparel,-0.6339834219476382,13.18131312960507,0.05217207123868078,45.9845631382469,-0.004027380842609098,-1.218073564480182,-0.2795669688590752,-0.3914425713036066,14.271979911511494,1,1
2026-05-14,Apparel,0.3061703677283306,15.207139241350973,0.21055254474025034,52.26700682357283,0.0019582603614378205,0.21173530396849322,0.45020896598539956,0.1178000576479687,15.659656950183807,1,1
2026-05-15,Apparel,-0.5446146447694614,14.351802533078809,0.02340701225232746,53.74879636106485,-0.006233936564578773,-1.451490859863041,0.6167128887984996,-0.6494821636138319,8.454584947822728,1,1
2026-05-16,Apparel,0.05050663505992744,14.533807495738698,0.14519699844865389,54.367142528752225,-0.0031533277851720585,-0.34886939988423443,0.6805685747263337,-0.46081566535878815,8.005450291968103,1,1
2026-05-17,Apparel,0.07494072092944878,14.165005648707039,0.1531966532570213,52.67756416239793,-0.00042327942516736175,-0.27341012468890713,0.4736298277526717,-0.2468244858096732,7.823180760013381,1,1
2026-05-18,Apparel,0.4023321081233817,14.416784341127698,0.22860189100211428,51.176805574552006,0.006246562379937801,0.4143389764004298,0.2904278300760561,0.4184012377769194,10.21547075653738,1,1
2026-05-19,Apparel,-0.041486865853281096,11.609373533990883,0.17664881924397766,39.57424664601923,0.00689419930165799,-0.0655592838420253,-1.0936544699188382,0.6054296724172903,9.840364153358031,1,1
2026-05-20,Apparel,1.0208363948092003,17.30216414866858,0.28450524943896205,58.2087113042709,0.013916240470113903,0.9257411241729391,1.13664127179002,1.4316145179248596,14.416203989193033,1,1
2026-05-21,Apparel,1.0053132636208855,17.319659688082414,0.2708909088030436,55.07079499511918,0.016781828982712133,0.7875557381477575,0.7479728625506809,1.9253888878522414,17.767844601541853,1,1
2026-05-22,Apparel,0.1815530668662357,15.751404085223223,0.14087191632212984,50.182398434931805,0.009425092488374287,-0.4268163703682374,0.15479419181401846,1.4855979054417068,15.027768556618431,1,1
2026-05-23,Apparel,,,,46.28384876955324,0.007540073990699429,,-0.31830654572066724,1.4539694480601724,15.027768556618431,1,1
2026-03-24,Auto,,,0.22121894239801576,,0.0,,,,63.78700142441166,3,3
2026-03-25,Auto,,9.171087743263271,0.1390649311940023,0.0,-0.0052428770682903195,,,,62.57001197969704,3,3
2026-03-26,Auto,,14.209385573950529,0.1622349265309154,21.998778908880354,-0.006763566013492168,,,,59.30820085854067,3,3
2026-03-27,Auto,,10.802069838608755,0.07787109201616128,12.214802597764717,-0.012718684794008452,,,,53.32523976430135,3,3
2026-03-28,Auto,,14.687313250246465,0.12359512894188181,29.265316964200338,-0.01281014861756129,,,,50.907358788884586,3,3
2026-03-29,Auto,,20.686652312349736,0.22636521899011805,50.76087389018495,-0.005551849666972478,,,,55.09846408981143,3,3
2026-03-30,Auto,,17.647129802225074,0.1382941291548049,40.27281896127958,-0.006233738294838356,,,,52.490977972102215,3,3
2026-03-31,Auto,,16.851694995753288,0.11847824720434741,38.4837649494062,-0.007486541080113544,,,,50.61499574370671,3,3
2026-04-01,Auto,,18.014705692467228,0.1637001061267168,44.146151686630795,-0.004863887782669531,,,,48.5640865180225,3,3
2026-04-02,Auto,,16.69676293826481,0.1329161010133749,41.543085326732005,-0.004789088407301148,,,,43.72751055470526,3,3
2026-04-03,Auto,,18.586694791340527,0.19051006997053407,47.35117071437981,-0.0006641644776830581,,,,46.03019154644315,3,3
2026-04-04,Auto,,15.685418911490736,0.053642775547805964,38.30650859643439,-0.006625486036661469,,,,42.18951939880743,3,3
2026-04-05,Auto,,16.549574753957227,0.10167284232753432,42.18209552106562,-0.006781350077240057,,,,41.07782161924745,3,3
2026-04-06,Auto,,15.373788704932004,0.06400349545586237,40.20141525221331,-0.00874397546635134,,,,36.10903672611574,3,3
2026-04-07,Auto,,14.78013776011991,0.05256520380002618,39.63628027041619,-0.010042225847798087,,,,33.41108198327456,3,3
2026-04-08,Auto,,18.043921930676582,0.17968104141997243,52.36515410468893,-0.001990913308559397,,,,33.4502014213066,3,3
2026-04-09,Auto,,16.72061830543892,0.1361114763211887,48.51408389906153,0.0006102550756254543,,,,31.430449743543818,3,3
2026-04-10,Auto,,18.050378672232938,0.14276598740856103,54.04922016268067,0.0028628134601765415,,,,31.4078557634402,3,3
2026-04-11,Auto,,17.918405713344615,0.16260952119881383,52.51561200616666,0.005613954703933367,,,,33.30208071485126,3,3
2026-04-12,Auto,,17.17812543768889,0.17824476821652013,46.50445178194048,0.008252020285786893,0.7937888884029441,,0.855372426625997,38.35891893168555,3,3
2026-04-13,Auto,0.4536880408274965,17.623022794313503,0.1322072233672578,49.529079154951546,0.006726298954895297,-0.11775607785490763,0.717487278670788,0.8385098367019543,36.62356857500851,3,3
2026-04-14,Auto,1.437378528137168,20.699029793407014,0.24448422459117558,58.528461028492416,0.012758711369188248,1.9173773482764087,1.2719446184486327,1.773027840065712,40.762703816165256,3,3
2026-04-15,Auto,1.23367650701515,20.013734895237455,0.21699088552449056,53.69556680178951,0.014263290290355142,1.3122501628567276,0.8940897730117161,2.063887899023308,43.742071416426555,3,3
2026-04-16,Auto,0.402854413315751,19.014337004134312,0.13456817137595115,50.10690960185681,0.009313065067069016,-0.20798085713775022,0.622052241149328,1.6399912242615837,43.10434518307331,3,3
2026-04-17,Auto,0.10732086266882623,17.497384709983635,0.11664188256657822,44.96110884971357,0.004671377473049191,-0.5328200824124767,0.24899725113779447,1.2210598357227855,41.643530188312404,3,3
2026-04-18,Auto,1.0573068690896008,21.642204558719165,0.19264505535105805,60.34063945086738,0.00645011200977699,0.892731667990307,1.2943954851445167,1.4621974846098496,42.50113574678809,3,3
2026-04-19,Auto,1.6253964719190066,23.09027266356905,0.27555053186994155,62.29700770172455,0.01258558633947202,2.196079772183429,1.3533188189204994,2.1092585937695865,47.48019550907061,3,3
2026-04-20,Auto,0.1702946394718204,19.94239229034273,0.10325666381700267,52.33201068486401,0.004815237989127155,-0.8179457604591217,0.6350963430490659,1.430243742930387,44.56485325181453,3,3
2026-04-21,Auto,0.873705042999174,21.166784720570135,0.1829460741182097,57.16482723211302,0.004806333128181561,0.5823955730754141,0.945510255777056,1.449958157160703,44.22653022249965,3,3
2026-04-22,Auto,0.011317247103324185,17.97389210185608,0.11535467289789092,46.217622598971616,0.0002525455678756086,-0.6168107278293427,0.1622115296740219,1.025026592601821,41.76834488371769,3,3
2026-04-23,Auto,-0.25111897497997493,17.840146288162707,0.08601841861860275,47.00439703551305,-0.004470390846347343,-1.107055307079569,0.21556741276063615,0.5107592694652708,40.01003385810323,3,3
2026-04-24,Auto,0.6558955154647748,19.168679931399687,0.18642329107575736,52.347519939610926,-0.000761797819734488,0.6905324036381802,0.596555136608909,0.796980783455702,39.608879397428574,3,3
2026-04-25,Auto,0.43181067950737984,18.31907341323341,0.15503056407647775,49.59746748945406,-0.0003721746628485602,0.11683482364693977,0.3845186350383342,0.802403662818388,39.338117049212386,3,3
2026-04-26,Auto,-0.44237690063072976,16.954200812560543,0.07228762261297217,44.74688357635857,-0.0053594446731848565,-1.3535982701694045,0.01738564180824166,0.23995553234357758,38.35605461902559,3,3
2026-04-27,Auto,-0.02417535394189027,18.648511402374833,0.1311622083937306,49.94884168862165,-0.004405491215112686,-0.2750919160706884,0.4100554896335985,0.22341236162194883,41.34321295261613,3,3
2026-04-28,Auto,0.2644568824303951,17.47263744433227,0.1559147917380694,45.257730665636885,-0.0019452472789276828,0.1802680730507694,0.044313683675932594,0.39640258553814334,40.84972279568798,3,3
2026-04-29,Auto,0.29208395754550226,17.519758185639418,0.15189893207523777,46.42490254826639,-0.000501360917610048,0.10352138203389516,0.13462865295606952,0.5089541003324992,38.497740575254724,3,3
2026-04-30,Auto,0.8673844498011396,19.936859590320918,0.2069705867109645,54.099791927641476,0.004001771123202526,1.116569191726601,0.7339995681970652,0.993453771006927,41.44882059194095,3,3
2026-05-01,Auto,0.7306793226876156,19.827012954872803,0.17918192940383393,53.50221782513608,0.004889245088571742,0.5799007530456898,0.6727091322245269,1.1532833407761032,41.64324011938412,3,3
2026-05-02,Auto,1.4278682548716621,20.798441986992046,0.27534749151480337,54.5290303549048,0.011363296892500058,2.2274173435358877,0.7410685696365713,1.89377768719619,45.68490391172391,3,3
2026-05-03,Auto,1.381323636571256,20.42831629168366,0.27333577091756944,49.86692251403779,0.014708182887633418,2.0455288164566947,0.3551011711204374,2.3127500227297366,50.70182762049511,3,3
2026-05-04,Auto,1.537426398487019,24.15015633872345,0.2586352465095563,61.51739478572436,0.015073131184997772,1.7050393992949153,1.2747973496483203,2.4272076727084104,54.689327075478914,3,3
2026-05-05,Auto,0.006954064866768944,19.711701092430424,0.10292299612865075,44.66911985903392,0.0045177874341528436,-0.8990315657172316,-0.1044581480466061,1.6148826451312823,53.48489589825455,3,3
2026-05-06,Auto,-0.2612789471613675,19.803744810457868,0.07501019304126198,47.16236848718855,-0.004183290037954327,-1.3263530003965283,0.10116099310361136,0.8492455787193909,49.97814721210842,3,3
2026-05-07,Auto,0.04533023842576392,21.095274642353708,0.12662779801452942,52.769459504580745,-0.006181045061633762,-0.45700776761143347,0.5632934564872722,0.5678540248651387,48.5033540932353,3,3
2026-05-08,Auto,-1.096341692793736,16.52268899983164,0.0005606822868248947,37.753288358569804,-0.01519789773933785,-2.385736057014967,-0.6955754393895329,-0.421781532522435,43.36133277133314,3,3
2026-05-09,Auto,0.6821482235725752,21.079485887847333,0.22788265360820983,53.8152209641591,-0.005554401489761579,1.2014886295648248,0.6609248424514387,0.2225797380102184,47.065860791709426,3,3
2026-05-10,Auto,0.3249160044314562,21.141513381549174,0.15061548104846745,54.125645383770305,-0.004145996034304855,-0.02217341113432153,0.676847005274672,0.24927634323358647,46.82558208174352,3,3
2026-05-11,Auto,0.6206228109272436,21.130162015128057,0.1986599445857061,53.596235294616335,3.352853885300747e-05,0.7352955342331312,0.6221395236143121,0.5763219163317562,47.321545191226576,3,3
2026-05-12,Auto,0.06043482430240035,20.20134850038819,0.14649263703245705,49.512242500470535,-0.0006645182313220431,-0.10288747675545161,0.265129433733885,0.5004205061134607,47.74353220557036,3,3
2026-05-13,Auto,0.6856119806021718,21.216205610823376,0.20494955395397252,52.59974145849367,0.0026781546790093404,0.8330136341312887,0.5286586066982293,0.8125680701208782,49.03726929827532,3,3
2026-05-14,Auto,0.9385418640111765,21.38294203550967,0.24042954948112014,51.671754395512046,0.006905806464509603,1.3714460177236745,0.441605348713924,1.2644452447017216,51.34671292853674,3,3
2026-05-15,Auto,-0.6261087332859588,18.926260810250326,0.037854553032152384,43.98862919349317,-0.0037413278062654663,-1.8203291980845153,-0.2392223553949718,0.32381544644149146,48.50825429297045,3,3
2026-05-16,Auto,1.653476104642883,22.481228028162725,0.3810710974682436,53.715985478061945,0.01168611888099937,3.1916654859430387,0.6256239364793986,1.7509423083974804,55.396229730700085,3,3
2026-05-17,Auto,1.855394584066023,23.52886292094494,0.3929068356730027,54.17387314564156,0.021473291599707157,3.0287219223155315,0.6581226730777934,2.7229271581602066,60.35179088197585,3,3
2026-05-18,Auto,-1.2153755680453928,18.088471914979458,-0.14321917081530994,39.716085708523394,-0.007806390284181481,-3.4874228196573074,-0.6458454855457603,0.3817431087349314,50.72991039939853,3,3
2026-05-19,Auto,0.787988435800043,21.57360900671599,0.24927550416500432,53.34049171401509,-0.0007573356688765926,1.0615062096706622,0.5904096281055224,0.8849927752106207,50.83556251362866,3,3
2026-05-20,Auto,0.7560580097386157,21.54122820725938,0.2245945168319743,53.4193023860908,0.0020708940393546517,0.763960740046539,0.5905928211940714,1.1155479484173167,50.35317840692301,3,3
2026-05-21,Auto,1.2160565039044045,22.140806571950897,0.3108219027161448,54.1448540668683,0.009178525282190323,1.7096970665247428,0.6495408650604141,1.7592877657021588,52.49319357790423,3,3
2026-05-22,Auto,-1.01801332449253,18.78409909350103,-0.1151388360467374,47.70606313758471,-0.014111760539290061,-2.9090266363892034,0.05149177741574135,-0.2219858213362962,42.719019078879604,3,3
2026-05-23,Auto,,,,42.52524369178161,-0.01128940843143205,,-0.4293023012020457,-0.21127023555432053,42.719019078879604,3,3
2026-03-24,Banking,,,0.3586117686681429,,0.0,,,,61.679416485796004,6,6
2026-03-25,Banking,,8.197386714762413,0.22753181550192636,0.0,-0.008365216384396712,,,,58.55925885164621,6,6
2026-03-26,Banking,,13.799333097319987,0.2692850872264309,24.158128016707593,-0.010486191208778379,,,,56.351971078758915,6,6
2026-03-27,Banking,,11.559306045949143,0.21546759561807907,18.42185737130697,-0.014657414083635936,,,,52.18453950275524,6,6
2026-03-28,Banking,,13.895801442719787,0.24929556683621742,29.016286746920997,-0.01426829442751629,,,,50.22930563543754,6,6
2026-03-29,Banking,,12.693436208833766,0.2185432743191178,25.952336142890346,-0.01513007994799194,,,,47.57988788185004,6,6
2026-03-30,Banking,,11.986252359853179,0.2117670375420779,25.362218975980056,-0.015166152000486044,,,,43.89033389468244,6,6
2026-03-31,Banking,,11.221615550008398,0.19597829212793783,24.086110719346564,-0.015223382409529494,,,,41.24046849071035,6,6
2026-04-01,Banking,,10.731906770403201,0.1922977153195746,23.806875029266195,-0.014483462152525755,,,,38.78567591970916,6,6
2026-04-02,Banking,,9.554757297520064,0.15225940073500915,21.140728038402088,-0.015569946290574364,,,,35.8450680350605,6,6
2026-04-03,Banking,,8.88226309604788,0.14203183951009332,20.55276733137684,-0.015806290333132474,,,,32.641875502662536,6,6
2026-04-04,Banking,,16.512998107735697,0.3465915637085584,48.94983749532117,-0.001754144982125852,,,,35.50566746316802,6,6
2026-04-05,Banking,,14.308494726614246,0.2290749434096924,40.61080729779617,-3.304979815284964e-05,,,,34.81848278643274,6,6
2026-04-06,Banking,,11.954043571351848,0.08669932788298375,33.66292485675929,-0.00771740829337543,,,,30.918876610407192,6,6
2026-04-07,Banking,,13.384908172562273,0.1738177542225818,39.949339650076624,-0.006230733024127827,,,,29.543056887033536,6,6
2026-04-08,Banking,,15.26019683514695,0.1857481760336254,47.38905539455741,-0.0038578871332022313,,,,29.526692574246198,6,6
2026-04-09,Banking,,14.73161914131807,0.18823918593754932,44.67434656991191,-0.001647603477709085,,,,30.247120189568438,6,6
2026-04-10,Banking,,17.329241532320673,0.27035835671607084,53.4776086025968,0.005430361019142835,,,,31.981295844077295,6,6
2026-04-11,Banking,,19.761337675076142,0.4330369056316652,60.007117548656865,0.020316989390102992,,,,36.20278000449972,6,6
2026-04-12,Banking,,18.279007871758107,0.29528362388766466,53.74323355299006,0.020098391242519338,0.783703409613179,,1.5373365558542207,36.481667729140575,6,6
2026-04-13,Banking,0.9390396721356684,18.460817820597327,0.2746930896882962,53.02858586104731,0.017854833561720934,0.5126625125605979,1.1961596448486311,1.5439159683374728,37.52752332232057,6,6
2026-04-14,Banking,1.0421471685815906,19.40810784202236,0.29679878935035997,54.82309105149456,0.017143760597920225,0.7633370194984416,1.229485342244397,1.6216689618095634,39.3942254193332,6,6
2026-04-15,Banking,0.6062226966252017,19.182260766499198,0.25628009879606,52.9566075226595,0.013394878605482854,0.24084548577793904,1.0564829519819061,1.4795533165218004,39.99651985411357,6,6
2026-04-16,Banking,1.072954752037855,20.731020008472758,0.3084624468696159,57.13798500958061,0.013823913435667575,0.8865974538918445,1.243609331750482,1.5827387264550836,41.93303352757353,6,6
2026-04-17,Banking,1.3457925784314286,22.068860624524653,0.36532194030431836,59.78656127000448,0.01711607187110191,1.5175469751309192,1.3235552055528268,1.835530267454501,44.74099867373779,6,6
2026-04-18,Banking,1.6405612426061666,21.86092075422727,0.4651431477272053,55.72126429629237,0.024732905559474615,2.3867942879528603,1.0308034413423464,2.261768359507591,49.02526002166385,6,6
2026-04-19,Banking,1.1158475865880098,21.68189009587649,0.33568608366094765,55.086402022636356,0.0199726999600296,0.8911147982578195,0.9551270698517549,2.0388323308346754,48.647146783396614,6,6
2026-04-20,Banking,0.8391211747144581,23.663215126710963,0.30828099206545534,61.87429286450547,0.014171540409265545,0.5663951006756113,1.2970522343382254,1.7806616534882527,49.27285535317506,6,6
2026-04-21,Banking,1.0533629743702686,23.438741251760163,0.3370912662681267,59.33287123977235,0.011577270966750182,0.870159965454122,1.0987191827843317,1.670420736832128,50.53481529907177,6,6
2026-04-22,Banking,1.079652675189124,23.90288310188851,0.3537304647241002,59.55061691014603,0.010325897444626775,1.0252305566857691,1.0696673330771032,1.6181346593208568,51.82102101765304,6,6
2026-04-23,Banking,0.5616306181620209,23.011264790745876,0.2967261054606635,55.80799318452084,0.005258529519149598,0.3616013480681976,0.8236587440367649,1.3904432051477578,51.27541125846553,6,6
2026-04-24,Banking,0.5873347069154669,22.479021386227544,0.3247410532444705,53.09048524890344,0.003478758332515385,0.6736283205474164,0.6464319959938576,1.2949168796525126,51.39096450045711,6,6
2026-04-25,Banking,0.8508172148297617,21.075435778516525,0.37276233450799157,46.06143014380418,0.0051217163073031015,1.193546339532261,0.2194121751947735,1.350431721864915,53.24606299228428,6,6
2026-04-26,Banking,1.1663503061231761,24.572410364705913,0.4086401061130293,58.54478528757773,0.008037204194856852,1.5311824582931628,0.9543927520633153,1.4716196069030867,55.29683652843553,6,6
2026-04-27,Banking,0.32255113389897005,22.422637284011167,0.28051174970653747,50.37742049970302,0.0011126481304544467,0.0634503287377378,0.4462347288856093,1.1704879698377013,54.363271792495766,6,6
2026-04-28,Banking,0.26889959167326727,22.2807420690623,0.286155131848771,49.294545945299504,-0.003081996289669608,0.12724111999105908,0.3730099952105739,0.9518850848902408,54.3367466389049,6,6
2026-04-29,Banking,-0.3743230700855361,20.61041717610824,0.16121219619727561,44.33315280067055,-0.013672384021691783,-1.2954034605340454,0.06057431981995122,0.40222094597373675,50.96596100131647,6,6
2026-04-30,Banking,-0.0023183880680380242,21.3518751152342,0.26196324505790763,47.37996180793202,-0.013281909172686557,-0.11869499944586988,0.2511160504302719,0.28321639761028644,50.726081240056885,6,6
2026-05-01,Banking,-0.21650827989780813,19.902065666234908,0.2357640513288449,42.43869193698713,-0.014100707474868461,-0.4220299091800333,-0.06703138058406165,0.10917174207722861,49.57931434915442,6,6
2026-05-02,Banking,0.5765649378206393,20.853354484565525,0.3723137102365874,44.80496937146901,-0.0052161420717987406,1.173369899795043,0.08672966120194826,0.4084539983725095,51.81780003572777,6,6
2026-05-03,Banking,-0.3578696747156377,20.044011351199153,0.19789786411461013,42.658369125856225,-0.010548643299126215,-0.8803065754514324,-0.054953215044615915,0.08303027154462779,50.763858526669374,6,6
2026-05-04,Banking,0.8428834044522114,23.517686999586537,0.4008129362631449,54.15346248190116,-0.0004081677521111616,1.4780938095534952,0.704260720329956,0.48954495257110037,54.01100188701188,6,6
2026-05-05,Banking,-0.10474193607837928,21.231351530180763,0.2415293576407286,46.16028064551393,-0.004214852042068658,-0.38555558798115064,0.1618866441827642,0.28375647600128934,52.599892254567315,6,6
2026-05-06,Banking,-0.2675891902313212,20.582554088316236,0.2189092288330322,44.608735860462644,-0.007832644638907503,-0.6431927721544026,0.0550825699362557,0.0486223772263687,51.15188030067074,6,6
2026-05-07,Banking,0.7521007721316998,23.204160984044357,0.38389056778374187,53.20848134225289,0.0008477466667248295,1.285838987262478,0.6402316275702097,0.42160774505269044,53.87013214075556,6,6
2026-05-08,Banking,0.5757352046792386,22.62051010293747,0.33929980235341045,50.529439724176356,0.0034050266420190085,0.7451260675230773,0.44742739267848947,0.5599987303564524,54.51546454424715,6,6
2026-05-09,Banking,0.8024622275692366,23.072996553884558,0.38765491997512697,50.541448465353334,0.007914230591194811,1.2824646173509726,0.4424953121955411,0.8258009526214483,57.02739937641418,6,6
2026-05-10,Banking,0.9754035433553367,23.45579927713733,0.42125811783256273,50.45951198124732,0.012451011561442573,1.6142347670887716,0.43121550053104474,1.1302571388395333,59.2695351036881,6,6
2026-05-11,Banking,-0.20912703604363447,21.961306544010966,0.1936512684598327,47.05049398663408,6.90583652471332e-05,-1.0027153396967592,0.18499273064751365,0.586703408256013,55.591629533991885,6,6
2026-05-12,Banking,0.2242643113468963,22.784044869793703,0.3038523694027612,50.56109891807615,-0.0007101903791789776,0.27132839154070515,0.4338527266824946,0.5379931673919328,55.166961196150204,6,6
2026-05-13,Banking,0.7666515015656075,24.345605462701158,0.3612194186529952,56.62521297727128,0.002453633670337031,0.9251578567753489,0.8612452382571943,0.6936604468879766,55.52589473378921,6,6
2026-05-14,Banking,0.3127859225448846,23.043969720370853,0.3172114665699231,51.90157435523626,0.0014479383903768118,0.4051147896229286,0.5091631716075269,0.6561002552974435,55.03596400218355,6,6
2026-05-15,Banking,-0.03522394417190905,22.268919697989162,0.24677343699797247,50.367730750705455,-0.00380841656421783,-0.42211156948376216,0.39169833459773,0.376423155733408,52.57518332315722,6,6
2026-05-16,Banking,0.7130546370880744,22.660277434797514,0.383996716065451,50.39005519607929,0.0018076838929241756,1.1842143387110515,0.3891231999407986,0.6396109333860881,54.694795479265984,6,6
2026-05-17,Banking,1.1695556623322028,25.322737957108693,0.446128945375029,58.9593040548107,0.009147768055135412,1.841738787077749,1.0120928789797639,1.05219241538535,57.77572301414176,6,6
2026-05-18,Banking,0.2471148095335243,22.0316896613646,0.3156448220138849,46.75647591393808,0.004870457209546965,0.3277243986933733,0.09665948001347188,0.899754358305858,56.46679114612338,6,6
2026-05-19,Banking,0.3095627182202162,23.484922761816197,0.3107461531038891,52.98732016072218,0.001539281497237548,0.26802465314337637,0.5613329708594451,0.7564668603845681,55.9258043327841,6,6
2026-05-20,Banking,0.1411256805969596,23.19613254455055,0.28100942409658436,52.66381207675209,-0.0026128646109396456,-0.08131182149003667,0.5307009134130944,0.5332981396671528,54.89238238269919,6,6
2026-05-21,Banking,-0.36412490891542315,20.164812374353506,0.22129120389667278,42.33284657960493,-0.00896931017702604,-0.7796765452714116,-0.25837296800868065,0.14092469591681886,52.46227284363768,6,6
2026-05-22,Banking,-0.9501559381035994,18.871091854299998,0.11197654750308791,39.897527309240324,-0.01951883837821409,-1.9930722882439578,-0.44199345683140034,-0.560771854571952,48.84956702895402,6,6
2026-05-23,Banking,,,,37.19837663292875,-0.01561507070257127,,-0.6442669806584364,-0.5459405681606206,48.84956702895402,6,6
2026-03-24,Bonds,,,-0.24241802407275473,,0.0,,,,59.03942758055594,2,2
2026-03-25,Bonds,,34.7008698381314,0.45783816311194503,100.0,0.04468871393999223,,,,61.09056945332507,2,2
2026-03-26,Bonds,,31.12321986078825,0.34836458051243796,86.48023245722067,0.06326787493407054,,,,62.25543407717843,2,2
2026-03-27,Bonds,,19.89251844226065,-0.29214088548308437,48.28569668617948,0.030474709152051666,,,,55.02612792673949,2,2
2026-03-28,Bonds,,25.370728807177528,0.5124114026151697,66.73837154708266,0.05935218805386961,,,,59.80109605372604,2,2
2026-03-29,Bonds,,27.233208354682517,0.6901115450588055,69.16822810743624,0.08523031198572774,,,,67.75018720552796,2,2
2026-03-30,Bonds,,19.567161516697418,-0.4897130645287653,46.577053400044605,0.02104360894087655,,,,59.34219538771616,2,2
2026-03-31,Bonds,,22.056202835634025,0.1725761155370471,54.854185166546074,0.02128222613030545,,,,62.0273648422304,2,2
2026-04-01,Bonds,,24.732631082812944,0.7310900080234641,60.07122696136486,0.05521767429572698,,,,70.69888634490182,2,2
2026-04-02,Bonds,,22.568859209649315,0.14033208834489602,53.52838362453948,0.03502499663933195,,,,69.81733141649026,2,2
2026-04-03,Bonds,,23.279774159880617,0.3231809305926164,55.04393604257176,0.03125433909095804,,,,71.1757520909262,2,2
2026-04-04,Bonds,,22.385376853480185,0.09222012292593718,52.86618981962642,0.011494749614662222,,,,69.49580155865372,2,2
2026-04-05,Bonds,,22.651470292261457,0.2044762570982527,53.755452595802325,0.004626542245838694,,,,69.4088462170337,2,2
2026-04-06,Bonds,,22.598875442389087,0.22735063219264462,53.93255759602806,0.00048376633595560714,,,,69.1650669656544,2,2
2026-04-07,Bonds,,21.54616892276107,0.023007493466621426,52.148444148220996,-0.016235184288848598,,,,66.76000063093156,2,2
2026-04-08,Bonds,,19.467239007683883,0.016783336074869818,45.9780703126398,-0.027279708749742476,,,,64.7571937551455,2,2
2026-04-09,Bonds,,19.661947179448827,0.10046245461519468,47.728723362727315,-0.028389047586650576,,,,63.62508282868644,2,2
2026-04-10,Bonds,,19.501908359252862,-0.19449218696169557,50.95513414985464,-0.047311868807263256,,,,58.770098701346,2,2
2026-04-11,Bonds,,17.88013317026549,0.047326197828565335,44.888101023743936,-0.042044436262308256,,,,57.82786165172767,2,2
2026-04-12,Bonds,,17.47826851374704,0.1042642037825659,43.38516402676459,-0.033593954906312416,-0.14171269469893355,,-1.3161285677952914,57.61504029579273,2,2
2026-04-13,Bonds,-0.00752568446914316,22.11883438059407,0.2408243492993371,60.790743997250566,-0.018433522064248836,0.28691975283165577,0.24191661589208352,-1.0205438780970437,58.98374326612684,2,2
2026-04-14,Bonds,-1.3594261171965343,15.719351969463311,-0.4355669240063677,41.054406879313774,-0.051700803186091625,-1.734765075780532,-1.0875697147529315,-1.8499396703292208,51.921017921536944,2,2
2026-04-15,Bonds,-0.5394930767441741,15.998227890471387,0.12727840057710807,41.12942448315393,-0.03437469018870641,0.0030003043997400853,-1.0302250435456177,-1.5348406048908505,52.553271940400485,2,2
2026-04-16,Bonds,-0.08401738654028876,19.224545677094476,0.28319197398955004,52.40617638555154,-0.012136968208420681,0.48316691630832254,-0.23721645204027164,-1.0863347856621428,54.40518410756185,2,2
2026-04-17,Bonds,-0.05514263122642071,18.872227806559728,0.28564131399600634,49.32681473312026,0.002247450746433427,0.4791315428691542,-0.4458316213116913,-0.7556752676935616,56.4678922336949,2,2
2026-04-18,Bonds,-0.15760039578848947,19.287068902151983,0.14470242945411138,50.97254779413153,0.0017996925934685368,0.01835852766702128,-0.31922142852606555,-0.733211253826479,56.3870034727881,2,2
2026-04-19,Bonds,0.022852983450851197,19.70855352242821,0.2690021462142468,51.1904134927028,0.009001691424506672,0.4234949856886633,-0.29689188175305836,-0.5236711359447987,57.810593747305646,2,2
2026-04-20,Bonds,-0.6328946294165698,17.959698335572337,-0.012862963630631568,45.95493884096256,-0.005320137981213981,-0.5195334478155406,-0.6733114566500382,-0.8285661780771831,55.619267204232344,2,2
2026-04-21,Bonds,0.10857440536838539,21.627082983593123,0.29319183462224896,54.3990602756833,0.005149888740567057,0.52010834625266,-0.028959275232498947,-0.5655761183599206,61.23798669114266,2,2
2026-04-22,Bonds,-0.017027126436071308,21.346743082197975,0.19584241644642314,52.83136955999825,0.004854062178513682,0.17828126374166914,-0.14817846698285714,-0.5342346308444611,61.50607793507574,2,2
2026-04-23,Bonds,0.0917750200877474,21.64965990741935,0.26951292972031515,52.681596449376435,0.008728944166400694,0.4307684237854122,-0.15735873160214603,-0.3948861438011539,62.37510664760312,2,2
2026-04-24,Bonds,-0.18766167456682276,22.428726852815224,0.15835429827452382,55.943672439437,0.0031995585057285753,0.03137147245459617,0.10342574185749463,-0.4898264086566051,61.803249681953524,2,2
2026-04-25,Bonds,,,,52.03614080721685,0.0025596468045828574,,-0.21282000824359007,-0.48078260006738355,61.803249681953524,2,2
2026-04-26,Bonds,0.1634822227540474,21.656661400779853,0.3261148982167244,51.01311408067891,0.011376164531371968,0.6297727958331409,-0.29302975984348034,-0.21343292768395206,63.7132170664805,2,2
2026-04-27,Bonds,0.47827315428753414,22.680950334043672,0.5042075957320444,51.763585645431476,0.025273741015396034,1.2365253594730943,-0.22626950762905176,0.2474452887163258,67.1410090700406,2,2
2026-04-28,Bonds,-0.13475536876591712,23.850359362353515,0.10490909172222018,57.656638001359674,0.006674008041358183,-0.21739030615739133,0.27373812714799167,-0.14511874243731118,65.11855449994746,2,2
2026-04-29,Bonds,-0.33724422925145725,21.06123652109429,0.1737003400877687,46.872525411734436,-0.0014621971471413739,0.03673444625679342,-0.6487063521879596,-0.3409511985359075,63.679269746162596,2,2
2026-04-30,Bonds,-0.5289735652173743,19.56095207106623,0.14653119488436728,41.59585360684091,-0.008734188004985509,-0.06443113647575872,-1.077255774632515,-0.5575389073224356,62.391692720184814,2,2
2026-05-01,Bonds,-0.6670005232334411,19.00592132303906,0.09780533132638564,40.427646153105925,-0.016439088709582016,-0.246574879737026,-1.1426727566757455,-0.8247136114207908,60.46339132552132,2,2
2026-05-02,Bonds,-1.1531223994191626,17.59379579949573,-0.15521789266467093,38.1269055522022,-0.03701173755108496,-1.1842413108849308,-1.295165876627222,-1.4843039146958015,56.223956255395684,2,2
2026-05-03,Bonds,0.3988289050543553,22.440487653664604,0.5766415112546955,52.71392290811811,-0.0016339237037030219,1.5509183229694823,-0.04074544962900833,-0.6390286508855315,61.51832644922747,2,2
2026-05-04,Bonds,,,,59.187545288693485,-0.0013071389629624175,,0.5149808765762632,-0.6284395084174424,60.540444287515776,2,2
2026-05-05,Bonds,-0.50580483353874,21.767566192099935,0.04482109762196029,52.90801942644291,-0.015809715210482092,-0.4422829458724908,-0.036506915349340245,-1.0485908817385745,57.442626222602904,2,2
2026-05-06,Bonds,0.21039204430603087,24.07898919518106,0.29734792907599894,60.85580000100436,-0.00603361500830743,0.5092221763234642,0.6595240269953777,-0.8323295399394504,58.44848006255518,2,2
2026-05-07,Bonds,0.32122993890248375,24.27548025893604,0.3499989801061206,60.46829406624675,0.003453280731984032,0.6987276304331946,0.6150493993611184,-0.5727428866403318,59.48589159532024,2,2
2026-05-08,Bonds,-0.5053665811199975,22.26254701790047,0.01604721701499076,54.726007053211426,-0.012418369180537313,-0.580221187751136,0.09583438864090532,-1.0134447909364703,56.768923638858624,2,2
2026-05-09,Bonds,-0.49527085377588587,22.208238202184596,0.05985151543825864,55.555832757821626,-0.019216432802350653,-0.4047307721387127,0.16968133285344197,-1.2604469526615698,55.17628493359948,2,2
2026-05-10,Bonds,1.0328859503437646,26.382600333484845,0.7807180447757245,65.85502228792424,0.023281345380158094,2.255176479454358,1.0934365425135788,-0.08743176229476929,62.631887962140205,2,2
2026-05-11,Bonds,-0.5743553877470848,21.59102261039215,-0.011928370192646975,50.21051173861221,-0.00219292472896334,-0.6918667521000259,-0.3425059781744434,-0.71426646977732,58.746174437224525,2,2
2026-05-12,Bonds,-0.1047730410612337,23.830924558362504,0.22677062421619895,59.16878332090508,-0.0031123018019536264,0.20180533155343006,0.4837426536859865,-0.7443222347856459,57.91001532131607,2,2
2026-05-13,Bonds,0.11292246752409205,24.311883277363986,0.25091314343506405,58.65087771508937,-0.0022783518000781613,0.29014682607228687,0.4301168360278367,-0.7267089020389551,60.55847897092307,2,2
2026-05-14,Bonds,0.4665741923231944,24.769937641790648,0.43412653478063334,61.14514650076121,0.009767556872777874,0.9721359524662413,0.6563812105239085,-0.3624427033470409,60.379161311869815,2,2
2026-05-15,Bonds,-0.6090079261697833,22.27645618825502,-0.04837182232389848,54.69165765529034,-0.014296993208626221,-0.8608312327906615,0.04293178958784972,-1.0349104955647652,55.697623845769556,2,2
2026-05-16,Bonds,-0.9983896465947697,21.552912392020296,-0.23564211133588106,55.5808815796042,-0.04086002444273515,-1.527953594716306,0.127028859371986,-1.8723319171535804,50.98285686377289,2,2
2026-05-17,Bonds,-1.2839603101506847,18.539127853317062,-0.19953535269557615,46.35112121685433,-0.05324804767662193,-1.3533461167885992,-0.7557590038705568,-2.3457868825246457,47.28100822978012,2,2
2026-05-18,Bonds,-0.31249240926417154,20.341530709613043,0.24557233117352137,52.64600017927083,-0.02987920324435871,0.3143547413883795,-0.1422930647144402,-1.891261879456771,47.508461294341494,2,2
2026-05-19,Bonds,-1.7625860670572984,16.140142584499312,-0.517917486946208,43.825524370748774,-0.06238544864957382,-2.409463560357041,-0.9899586772536184,-2.749788275520083,35.610772805824425,2,2
2026-05-20,Bonds,-0.10779074039338715,18.346931228974668,0.4401907056387459,51.35716156657357,-0.018198534653320837,1.0265660048915293,-0.24847677588646533,-1.8304203036900875,36.95788237496614,2,2
2026-05-21,Bonds,-0.8453203907754532,16.879672308717563,0.030025635134056206,47.15329755339755,-0.015536710157618976,-0.4469654388268751,-0.656362901334013,-1.7880711939580685,35.036850668137674,2,2
2026-05-22,Bonds,0.08284353910255775,19.207898433948323,0.4100985710312333,53.47721543794845,0.011425010208982463,0.9178065008932805,-0.0270940740626246,-1.1548267597666197,38.04255733543733,2,2
2026-05-23,Bonds,,,,53.11475409283932,0.009140008167185971,,-0.0629385740320505,-1.1470987449152779,38.04255733543733,2,2
2026-03-24,Brokerage,,,0.19989691922499783,,0.0,,,,52.63458987768979,2,2
2026-03-25,Brokerage,,7.123075436876229,0.129473486581029,0.0,-0.0044942589493587315,,,,50.13622964143239,2,2
2026-03-26,Brokerage,,20.271848109358597,0.2083662960065056,52.83605342062144,-0.002030578795229254,,,,49.57414986176068,2,2
2026-03-27,Brokerage,,24.544470668845104,0.2894737296658942,69.43741461409367,0.004811012851228531,,,,50.63834195329862,2,2
2026-03-28,Brokerage,,20.164946182569132,0.2137153718688717,52.25657470569823,0.004016173452423685,,,,49.82949352147667,2,2
2026-03-29,Brokerage,,22.151233896259335,0.26645994306194826,59.27251183972199,0.006668236861586055,,,,50.604733134416335,2,2
2026-03-30,Brokerage,,21.30389906087018,0.24716004296056204,56.24799202768948,0.006728818517298214,,,,49.6381680171195,2,2
2026-03-31,Brokerage,,17.144878879739274,0.12163471690245019,42.23206770424281,-0.001632461036302004,,,,45.665315467028876,2,2
2026-04-01,Brokerage,,19.607182173494625,0.22589438455849442,52.13790901949715,-0.0001660257586667429,,,,45.08458148164572,2,2
2026-04-02,Brokerage,,18.951136704518497,0.20807321791642006,50.65323361549974,-0.00040717741524113563,,,,43.62676836506658,2,2
2026-04-03,Brokerage,,16.59054327813291,0.10303913090131252,43.37377243983005,-0.007270766705630123,,,,40.1908013581745,2,2
2026-04-04,Brokerage,,21.89102398039576,0.409486604006294,60.102516656481804,0.008350992504147413,,,,46.21043650383395,2,2
2026-04-05,Brokerage,,17.57676375506538,0.0857105094490816,45.80533311749006,-0.002991215263453189,,,,41.936297852010256,2,2
2026-04-06,Brokerage,,18.524159686508973,0.20523335836440032,50.1802104442931,-0.0023422173504381093,,,,40.94404836792337,2,2
2026-04-07,Brokerage,,16.837899721165137,0.08672017108899316,46.46129439027113,-0.009396950915075225,,,,36.49499611904562,2,2
2026-04-08,Brokerage,,17.319916394708546,0.12449477501014922,49.84108576458828,-0.010915074063641384,,,,34.485317222402216,2,2
2026-04-09,Brokerage,,17.74159181292634,0.2288088298322487,50.64208020560362,-0.00461210457146314,,,,35.78814419187051,2,2
2026-04-10,Brokerage,,15.903020401630593,0.1312788355845808,45.08198732413538,-0.006608141555632302,,,,33.08493565063712,2,2
2026-04-11,Brokerage,,20.466987438844924,0.47164492779499406,56.88572675739673,0.014259367060249262,,,,42.43950337665313,2,2
2026-04-12,Brokerage,,16.74181975006312,0.07217694515060673,45.62357171371551,0.0011164115823507983,-1.2374746706282533,,-0.0885203434181974,37.20647156088378,2,2
2026-04-13,Brokerage,0.7776003622759814,19.069777323342493,0.32596910867219275,51.605631981355934,0.009032323412183546,1.1255293016084191,0.19418906337264447,1.1615076267280273,41.435936837605865,2,2
2026-04-14,Brokerage,0.7309637981199779,19.96841457401094,0.27262184842500264,53.169379592803956,0.010111053130567883,0.6002460921463014,0.3043769710084311,1.4977403136955085,43.99903682050764,2,2
2026-04-15,Brokerage,0.763474790851405,20.19139152321383,0.2799193069994367,51.18216229343622,0.01069497990810607,0.6498857833186067,0.14742400065034406,1.7253091540711223,47.84976522622994,2,2
2026-04-16,Brokerage,0.9841599402050378,21.114911261406682,0.3204861792862027,52.435553091236606,0.013036963618797814,1.0013371053037199,0.24111964923937473,2.091675095370156,51.068479664535076,2,2
2026-04-17,Brokerage,1.0280402119563101,22.312381923268944,0.3159159268726841,54.82213821186161,0.013447832972895897,0.9208189087397589,0.42371040984097885,2.181958616457622,53.71955112066786,2,2
2026-04-18,Brokerage,1.217534156343701,21.882960573239295,0.39616095202825835,49.66367774630928,0.018008841348656036,1.5839498500835372,-0.0012047927213901836,2.56697631051078,58.9247039333509,2,2
2026-04-19,Brokerage,1.175440329033417,24.329119457892617,0.34396912414236525,57.55363180691,0.01643912450915649,1.047660370922237,0.6447288346612821,2.398824010650585,62.062031036049895,2,2
2026-04-20,Brokerage,0.96563822020877,23.9184476467966,0.3248305196379585,53.71623945621212,0.013180986434977823,0.8407121038378473,0.31169964888631807,2.141983863929519,64.7716496200949,2,2
2026-04-21,Brokerage,0.4640217611539519,24.35338951108375,0.2544861330560778,55.37385341120186,0.005737500102258139,0.17176797696212792,0.4457328410866118,1.6066362756975041,64.32215666082439,2,2
2026-04-22,Brokerage,-0.13771873158688758,22.74917348153545,0.15595532103813123,50.9699849527907,-0.005750950327916497,-0.7571025641063083,0.057348154118789955,0.7054704716660911,60.51181279296823,2,2
2026-04-23,Brokerage,-0.5568501519418113,21.024310687815294,0.11982012441047726,46.49221027777836,-0.015177412349316105,-1.068715812455166,-0.33749586532499676,-0.20215744145255785,55.99795677755935,2,2
2026-04-24,Brokerage,0.30873484765717146,23.215450879990463,0.27541199712875086,54.471780555625635,-0.010547143218714371,0.4286035639158887,0.3814044638641746,-0.061586743264924484,55.96006461085841,2,2
2026-04-25,Brokerage,-1.9633748514029083,15.203620799284563,-0.14808318299746417,31.715859330997986,-0.03428105747188569,-3.0637614711547494,-1.6173909717608168,-2.1466729970166605,42.19329836685448,2,2
2026-04-26,Brokerage,-0.2185940469045287,21.142566905530177,0.2232529525151508,54.53250762180965,-0.023746510203360216,0.025131415738122134,0.4205230720552516,-1.726896126446187,43.142957069381,2,2
2026-04-27,Brokerage,-0.2922709024083693,19.43497882395575,0.23044740661601645,46.63652505947541,-0.015469941824943169,0.08470293955902956,-0.29195390610396865,-1.3805368641692164,44.12510650107587,2,2
2026-04-28,Brokerage,-0.21030886694303583,20.056147544988804,0.22450488852427572,48.24720821422092,-0.00984561400960636,0.03329083125322798,-0.14155067300052263,-1.1408989620006682,44.08820976496293,2,2
2026-04-29,Brokerage,-0.948698013862629,18.32223516060895,0.09374351922098764,43.777732317899535,-0.014121703093445704,-1.0716347767741248,-0.5492368157005278,-1.556470901678158,39.32514357009734,2,2
2026-04-30,Brokerage,0.20708378144960865,20.479548078214663,0.32732770003235606,50.202524285433135,-0.0010951539825073868,0.9314300481047911,0.05654841335069148,-0.7510304495241307,42.23308347305881,2,2
2026-05-01,Brokerage,-0.7138718726191137,18.640813750776708,0.1281901440729121,45.01691227676892,-0.005519313935017447,-0.7824969384402707,-0.4331310638596428,-1.0810385051139813,38.98441117617281,2,2
2026-05-02,Brokerage,-1.337644670569283,16.309120958711844,0.00030354461525445436,39.751374348907056,-0.016089669255175427,-1.7948935724030732,-0.9203296421536977,-1.870539644186165,32.818697412549334,2,2
2026-05-03,Brokerage,-0.2421297024470637,18.416732864803173,0.2313712941971856,47.33199036683792,-0.007013925683882451,0.1590361668521473,-0.18280985831116714,-1.3794812565597931,33.41716595592301,2,2
2026-05-04,Brokerage,0.8641850317468757,21.31325795604837,0.47623892520861155,53.240934638270126,0.01479650893862197,2.1040947980127442,0.3919490976229969,0.12967344700634906,41.69072013844648,2,2
2026-05-05,Brokerage,-0.34883576782956394,19.56651221783474,0.1522257519451956,48.02551406374584,0.007107094020685033,-0.5388992631302179,-0.12424069474625456,-0.22205820425063363,39.267288515319485,2,2
2026-05-06,Brokerage,0.39817107583713296,21.11059889470469,0.28968039694810443,52.54378334837033,0.010764436337910634,0.5863272914942157,0.3255410901130285,0.16101108288176302,41.183640928646334,2,2
2026-05-07,Brokerage,1.0104217896319834,22.678623849480353,0.4214830310785329,55.53685535509237,0.02095674988158902,1.6128743272713746,0.6196413138506495,1.0804240515460044,45.87216922389762,2,2
2026-05-08,Brokerage,0.6058643914658062,21.486847381779363,0.30043894271021515,50.46525613541907,0.01852690706269975,0.6165889904042602,0.09974670065386544,1.1829233231455332,46.52139505856287,2,2
2026-05-09,Brokerage,0.5534336001366952,23.81327145294543,0.27648017515204915,59.26973384114401,0.01446664933953668,0.41470474897781234,0.9887143005571027,1.1275518393716149,46.84709229631723,2,2
2026-05-10,Brokerage,0.20714079950638278,21.650577975697807,0.24733698131409543,50.618218111098976,0.009233494166308413,0.17143279345363402,0.09261394828893393,0.931399810244897,46.532931112292786,2,2
2026-05-11,Brokerage,0.8217557261154025,22.66708462628913,0.356070232852997,53.06487235751749,0.0123174278742242,1.0580142693038044,0.3445085088149586,1.2704319562114976,48.64581388509764,2,2
2026-05-12,Brokerage,0.8523798435416995,22.942394233304288,0.350994843742341,53.08733435883375,0.013161611384922188,0.9951684942478278,0.3429671870505145,1.4706961594761188,50.31336032179267,2,2
2026-05-13,Brokerage,0.4584658747538991,23.211053067211186,0.27881734233292865,54.65022140132037,0.008245411349794434,0.3875359954918724,0.5031834328380682,1.2667788104663527,49.940736097687584,2,2
2026-05-14,Brokerage,1.0461390095559877,23.19305491906598,0.41835145955847364,52.40054689827311,0.013468577778791808,1.5131081511293754,0.2588776271174328,1.7065125054017896,53.538851778541584,2,2
2026-05-15,Brokerage,0.5420662544909084,23.870660063907366,0.2975760731687196,54.659772999497356,0.00813005365681542,0.5026915562875987,0.4977929166129048,1.4685646380887192,54.29570976354387,2,2
2026-05-16,Brokerage,-0.49489691334493646,21.670885929507286,0.0477648242876311,51.22357021009251,-0.011801776562315285,-1.539150412339351,0.12134113211751815,0.155204619053841,46.40553912850994,2,2
2026-05-17,Brokerage,0.7278680798787064,23.052235932154325,0.3843669355222927,53.74073727706287,-0.002385119537854273,1.213592507708149,0.39467083224843225,0.6569623271606159,50.62898079769421,2,2
2026-05-18,Brokerage,0.07282898191307768,21.08842834468715,0.29774453483078533,45.26978698213502,-0.002070799456914081,0.4957359899747109,-0.5405301758653152,0.6370442674612882,51.81683741792513,2,2
2026-05-19,Brokerage,1.0767333503979386,25.025824019694873,0.4272371810390132,58.125723294815764,0.0063185521711933874,1.5213313031696063,0.883563926272763,1.193784315647101,56.18933267088463,2,2
2026-05-20,Brokerage,0.698057106835181,23.577327993561823,0.345374241794621,51.70147350656723,0.005826772501705348,0.8393331633569935,0.16193614333873457,1.222706522591222,57.172122989119906,2,2
2026-05-21,Brokerage,0.19085184341386854,22.260256081786558,0.3033453861871639,46.181377112684935,0.0023230894587517002,0.48960903603941086,-0.4575429725271993,1.0345886672066869,57.54915766339227,2,2
2026-05-22,Brokerage,-0.31742714589505894,21.64911533139844,0.1749661862570916,45.96342176258182,-0.008400699449061438,-0.5635685336974322,-0.47737313024668954,0.28907637261140395,54.0298017358685,2,2
2026-05-23,Brokerage,,,,46.68306587319114,-0.006720559559249151,,-0.3911034229445453,0.276876672669724,54.0298017358685,2,2
2026-03-24,Chips,,,0.20714145842746967,,0.0,,,,67.32845213587674,1,1
2026-03-25,Chips,,8.993616643055496,0.1967336562356001,0.0,-0.0006642016213614932,,,,66.07357887982398,1,1
2026-03-26,Chips,,8.161050672913072,0.16457881718004685,0.0,-0.0030962246424833585,,,,61.67921822593191,1,1
2026-03-27,Chips,,6.818964323655884,0.12724401819060158,0.0,-0.006832309222476578,,,,54.224631188646995,1,1
2026-03-28,Chips,,17.98441050083967,0.1920834545744674,44.798145363997314,-0.004653809377796473,,,,53.99313086789798,1,1
2026-03-29,Chips,,16.26794368485614,0.17245754343988598,39.448975810991605,-0.004262137341164698,,,,51.89734518253827,1,1
2026-03-30,Chips,,12.754984207843133,0.12303663617425038,30.32945818319378,-0.006902679226776091,,,,44.71477077933909,1,1
2026-03-31,Chips,,10.093711631221026,0.08985013070824434,26.253951390094997,-0.010253558287615715,,,,35.59217682513395,1,1
2026-04-01,Chips,,10.598959808960892,0.11304334688086976,32.58496418388734,-0.010252612255849444,,,,29.510998258021942,1,1
2026-04-02,Chips,,6.24385659615622,0.028336533098226358,24.806998447513692,-0.01501341684460897,,,,16.177750234559813,1,1
2026-04-03,Chips,,12.102733615386233,0.17611896373075997,46.914122106667236,-0.007638086173273995,,,,17.523026976152778,1,1
2026-04-04,Chips,,13.887477248881885,0.21318274274126015,50.55967206713549,-9.108500201511147e-05,,,,21.819363471165637,1,1
2026-04-05,Chips,,13.770188896453758,0.19021467170020936,48.49589011314898,0.0033370048167621937,,,,23.33955763605058,1,1
2026-04-06,Chips,,14.69859944647643,0.2054031384037466,49.84959324190489,0.006431190052673123,,,,25.85939938518767,1,1
2026-04-07,Chips,,12.032322250295746,0.1139401866300418,43.03778060647132,0.0023329857088013866,,,,19.71443877483179,1,1
2026-04-08,Chips,,15.11469879020933,0.22131873485187384,51.60412791627771,0.0066258482131007265,,,,24.187243195913048,1,1
2026-04-09,Chips,,14.530278245586715,0.16287291540991097,49.89238538890576,0.0053554045130668245,,,,22.84024852051069,1,1
2026-04-10,Chips,,14.006038181747776,0.13176978315160573,50.287764541107464,0.0023973273897588236,,,,18.812955579612954,1,1
2026-04-11,Chips,,14.680006639298448,0.2016107914581852,50.60195396871793,0.004973096855311696,,,,21.158059709354347,1,1
2026-04-12,Chips,,12.867968987452269,0.11835346096433451,46.83601479621453,0.0011006350524011919,-0.7800550869936762,,0.39688581413946583,15.551243449325835,1,1
2026-04-13,Chips,0.678827872319775,14.986511645510703,0.18687398946544317,53.651610536802096,0.003073147470450073,0.5682613184992215,0.9194924283899879,0.7128091589757823,17.078630118415226,1,1
2026-04-14,Chips,0.9527813784791986,16.630993466505284,0.21055741968611766,56.9805640481399,0.0057373709445129265,0.9999048106010205,1.046592659722509,1.1630076549889843,20.878747496909135,1,1
2026-04-15,Chips,0.8781399508149165,16.656310129432857,0.19802060893612725,54.97560422937325,0.00637091472029034,0.7211342952135841,0.8972648033493906,1.3490433366716343,23.277027177035883,1,1
2026-04-16,Chips,0.9759121574535534,18.702857788164554,0.1993071566212015,61.09451263940472,0.006566110228466943,0.7236875721017869,1.169241655903022,1.4652471981629298,25.573346007113702,1,1
2026-04-17,Chips,0.470641480609299,16.16430876672663,0.17932310778937607,50.24926419742503,0.005103919792529702,0.30353679526702193,0.560992975328125,1.3574032769837665,26.06647519858028,1,1
2026-04-18,Chips,0.8405078040180572,16.42607311803837,0.2051792462595441,49.36632352762321,0.0055933431914837305,0.8214083225295714,0.49938390788674386,1.4762022174712697,27.931276252616243,1,1
2026-04-19,Chips,1.817140487851639,21.56882031902227,0.33289857378867244,59.689723034426024,0.013768266344007105,2.850897304061559,1.0370000242178703,2.4058383664194043,41.25319363719272,1,1
2026-04-20,Chips,0.6680820384702112,19.29493480793856,0.20067521421063997,49.7229620395374,0.009711453187422905,0.4877428223138796,0.46611842382217833,2.0215699232259023,42.17284158705238,1,1
2026-04-21,Chips,0.7248559175938015,21.26430498113765,0.2072044216567428,56.06900406515469,0.007033419839579868,0.5915498635602653,0.8038124110299902,1.7861192944280766,43.55060376788602,1,1
2026-04-22,Chips,1.1908360057962422,21.763566815269698,0.26299901512999807,52.90746154144031,0.008487937154585649,1.5176412413453568,0.6075904408920668,1.933153492037012,50.1360725901749,1,1
2026-04-23,Chips,0.7379135494529278,22.583112157479288,0.2225318637744872,54.26865520338294,0.006293863567433576,0.7765533804145855,0.6700949075112106,1.7499434768811153,52.26544113024089,1,1
2026-04-24,Chips,1.2207968907949436,25.01449336470744,0.2634962310625669,59.29400081040453,0.0071103651435047086,1.4355363006184707,0.9352360042747827,1.8242703610180475,58.40297309871248,1,1
2026-04-25,Chips,1.304547845168776,25.639474583195494,0.28838912281916357,56.537311607722096,0.008729184562565565,1.7517539703977765,0.7542689103542203,1.96029725961967,65.46391329269127,1,1
2026-04-26,Chips,0.7529029087977095,26.339794477698455,0.2284355447410582,58.59463025746949,0.005331421007836179,0.718985426853909,0.8528247300727281,1.6968303562145268,66.45465323545557,1,1
2026-04-27,Chips,0.5849621141353377,25.36940069532378,0.22387931955451454,53.2097735426734,0.00249065506888424,0.6284423143156876,0.5231448617712745,1.4634600584599433,68.4467965956426,1,1
2026-04-28,Chips,-0.14262612480634854,22.1143148891826,0.13894112425309033,44.38481879366365,-0.004987544163175019,-0.815461466623689,-0.0066685009571648135,0.8182077957893387,62.61271527166167,1,1
2026-04-29,Chips,-0.44061511404732023,20.5433626970678,0.11304964808785413,43.474384982112966,-0.011200785887064952,-1.2200979182202585,-0.061311215628139,0.16657363658143093,55.11460355959038,1,1
2026-04-30,Chips,0.6986513380497072,24.078229919038293,0.2535479768853152,53.43179524092602,-0.005651330860553503,1.1557601929646355,0.5447593062476334,0.46127916546908404,60.85159864718737,1,1
2026-05-01,Chips,-0.20605730878506123,21.970154421044917,0.1497681450293362,48.30933775856134,-0.00859653800312499,-0.6067884325855312,0.22182898639857637,0.08412563422115725,56.435329111378294,1,1
2026-05-02,Chips,-0.155462910402317,21.363265354106105,0.16930999918594783,47.93320478037537,-0.008821947050797377,-0.266511021610606,0.19544441411149074,-0.0965104714638828,53.91115414565475,1,1
2026-05-03,Chips,-0.39967465416724735,18.37419309231573,0.16020832991651668,38.473988852457275,-0.009138678775813725,-0.41920662156365346,-0.4048042806822049,-0.2898058295428124,50.78831395778991,1,1
2026-05-04,Chips,0.8730417958104183,24.3626900859468,0.28642738966615533,55.76967398955287,-0.0008393644957804106,1.716974647223886,0.702543555455255,0.3260182618553195,59.873301200342006,1,1
2026-05-05,Chips,-0.002717435156929196,22.363875160305867,0.18488970440548194,48.66879044184788,-0.0021077335726589087,-0.026249450643504195,0.23668705326393488,0.18466066786857063,58.48565895836869,1,1
2026-05-06,Chips,0.6399778494457818,23.62180492213277,0.25405054494898194,49.474548618467075,0.0015919338671736318,1.1443326901245985,0.28623299506504957,0.4988401142059094,63.95044556711637,1,1
2026-05-07,Chips,-0.10989852766583957,22.559682379416884,0.16968755625622653,47.04911955539488,-0.001589632793285431,-0.31208294352686206,0.12308354511331975,0.21325346639906861,61.40169828873407,1,1
2026-05-08,Chips,-0.3178120913447997,21.13696069539452,0.15520769669433376,43.76874615883415,-0.004454039558433209,-0.5573047846475829,-0.09713137490202998,-0.10376008223816699,58.24165891215332,1,1
2026-05-09,Chips,0.34273430362896423,22.27296381307236,0.22464649953369817,46.51092572801351,-0.0016038550675066437,0.6563595805941932,0.08900806668205485,0.09331796283115036,60.8350565445088,1,1
2026-05-10,Chips,0.36846208799755287,23.21693635361933,0.21628952837253843,49.29536334337288,-0.00028237590949868044,0.5015777416757066,0.2779500609216209,0.19350464698548947,62.3702258382301,1,1
2026-05-11,Chips,0.4344047939679875,23.867614800032918,0.2219813074142872,49.89003397528927,0.0009088682500002208,0.5950132492262769,0.31578349368148756,0.3072523986301307,65.64999203281509,1,1
2026-05-12,Chips,-0.511129737672025,22.242645249603648,0.1148851057309504,48.64114450637908,-0.005243900282947301,-1.2960154590766206,0.22547851514188802,-0.3117934174965694,58.98403013247713,1,1
2026-05-13,Chips,-0.6151184558235924,21.37053007555906,0.1122082180076074,49.95118990964564,-0.009001466817039417,-1.3074474308943498,0.31513960702016275,-0.8042733399459716,53.15388634213027,1,1
2026-05-14,Chips,-0.19755647281742303,19.977766456308785,0.17002526289219178,44.64090574729782,-0.007179691676354701,-0.2796454793269718,-0.06521774016337933,-0.7894443168025852,53.72409995764169,1,1
2026-05-15,Chips,-0.8423793026205375,19.151651018411403,0.09854368747322606,46.57115262268193,-0.010191565639932457,-1.5090519158093643,0.0739599702696788,-1.2303909756311675,47.11347891367932,1,1
2026-05-16,Chips,-0.8316948829571793,17.92439645292706,0.11105782984268842,46.063699559102275,-0.010691550689080478,-1.2568197470283955,0.03647713765169549,-1.453803823957771,41.043662738451,1,1
2026-05-17,Chips,-0.9149992405827749,16.77210057681402,0.10207360603236444,46.0710121304159,-0.010938529686368367,-1.3765552040692286,0.03667925195158201,-1.6436173248320556,34.62527403183839,1,1
2026-05-18,Chips,-1.0456771279570265,13.525944210019205,0.11268421906438016,36.082946646296286,-0.009738554512782082,-1.1664870210263738,-0.6989234733334612,-1.6835067478811523,30.792721640809106,1,1
2026-05-19,Chips,-0.010815021549626186,17.932708833445062,0.19582083372746847,50.90219339133852,-0.0030439250527440048,0.2721484664693719,0.4076919065979522,-1.179903611838444,34.657412185306455,1,1
2026-05-20,Chips,-0.7437394088049167,14.773604729179628,0.13265078781801162,39.88027972073389,-0.002586307831532483,-0.8200434331501627,-0.4205037053683431,-1.1703262261764602,32.26462381262398,1,1
2026-05-21,Chips,0.2805780942565771,19.233991468174214,0.2144775488834728,53.74948754399461,0.0031973340993407175,0.6072346863621055,0.6272839295350869,-0.6362863663255887,37.307143220970474,1,1
2026-05-22,Chips,0.033025225690342594,18.734559740043665,0.1702023377922609,51.19559831521897,0.003961216431947684,-0.17166648684727043,0.4276039368565226,-0.4902049244546653,37.4951597809936,1,1
2026-05-23,Chips,,,,45.11832454692259,0.003168973145558149,,-0.04029974054042673,-0.4767526572255149,37.4951597809936,1,1
2026-03-24,Cloud,,,0.19698390535955682,,0.0,,,,56.76346144052504,4,4
2026-03-25,Cloud,,8.633432527232605,0.19697957784914086,0.0,-2.761716048960139e-07,,,,56.50404572102444,4,4
2026-03-26,Cloud,,8.005045664431975,0.13521260646805008,0.0,-0.003942257978427382,,,,52.21492203702635,4,4
2026-03-27,Cloud,,8.58603511711591,0.1381783190600759,4.581170066493158,-0.006008105446565523,,,,48.394370750285795,4,4
2026-03-28,Cloud,,12.963540654802678,0.1538480931319961,23.176509961455935,-0.00596529590777717,,,,46.988595068471604,4,4
2026-03-29,Cloud,,17.089767917438905,0.17651415406656246,40.070250318071636,-0.004142982356283366,,,,46.5009883045327,4,4
2026-03-30,Cloud,,16.676526333425816,0.17350035209170556,38.931899721751336,-0.0029302250151552398,,,,45.35961934825501,4,4
2026-03-31,Cloud,,12.616984086655055,0.11716933209051682,25.429220840675868,-0.005559002161590925,,,,41.2399167846451,4,4
2026-04-01,Cloud,,13.307338425804584,0.12821503785179558,30.177698083506726,-0.0061452785358359595,,,,38.06430296516122,4,4
2026-04-02,Cloud,,15.295494522185464,0.15371897877734747,39.12762969411266,-0.0044839242956182315,,,,36.62519146951274,4,4
2026-04-03,Cloud,,17.006689056320994,0.17763832497005655,45.66022024990017,-0.0015917950280995678,,,,37.171697697756414,4,4
2026-04-04,Cloud,,15.569918518038623,0.14979004224120152,40.588893922910806,-0.0013799111290615142,,,,36.123220549683474,4,4
2026-04-05,Cloud,,16.780868927656094,0.17132265253197573,45.28749342032181,0.00029545792021841953,,,,36.17101285497959,4,4
2026-04-06,Cloud,,17.423920026694145,0.18291681612299765,47.52219331690105,0.0021653636365520125,,,,36.45195486488122,4,4
2026-04-07,Cloud,,19.42104888000471,0.22161250961544599,53.81770862825235,0.005783798641928331,,,,38.88526724572567,4,4
2026-04-08,Cloud,,15.729366861484934,0.12636840723702758,41.54958758403566,0.0017475862771322813,,,,35.118696350185765,4,4
2026-04-09,Cloud,,17.241682410584332,0.1316026098730156,49.50036643252875,-0.0004665182546856241,,,,32.04592427188046,4,4
2026-04-10,Cloud,,15.865725048886471,0.11227551477398791,46.57030792378379,-0.0029888752310048092,,,,28.107926245211775,4,4
2026-04-11,Cloud,,19.10876343658388,0.222655758999604,57.28375843694656,0.002712218879943256,,,,31.16764963160393,4,4
2026-04-12,Cloud,,16.965885633373905,0.16697657082620534,49.056337725137794,0.0026650453177159954,0.16262071990631222,,0.7797456614107564,30.445274108585313,4,4
2026-04-13,Cloud,-0.25512223166185155,15.60865271578692,0.12491953625580365,45.538071866443936,-0.00011929830177799354,-1.0679216351371996,0.5436509953743862,0.11849170742082234,27.50479822834027,4,4
2026-04-14,Cloud,1.504112677290643,20.068894572993862,0.24313647182578177,60.388553301291,0.005755295058175149,2.171513932873163,1.311817838039916,1.695890784825061,31.86719025722889,4,4
2026-04-15,Cloud,0.3857658385056205,17.906433113119824,0.15709347691011383,52.1194380883351,0.003700677417359641,-0.17685924191504326,0.8091138661553473,1.346632357479777,31.48650263494064,4,4
2026-04-16,Cloud,0.9045461987380564,18.273639593174096,0.18889462747837638,52.55795722257104,0.004295993854401877,0.6904107062135225,0.8041330043780108,1.5848912171577305,33.0345822343918,4,4
2026-04-17,Cloud,0.8357926377527057,17.965631046947692,0.1838557334781621,50.46489288054453,0.0041601931440644144,0.5339784226923316,0.6626698205327313,1.6393649242170225,34.385887273903776,4,4
2026-04-18,Cloud,1.6511368310596166,20.484929180999465,0.25471021371874464,57.3711079032559,0.008407117189069575,2.2414177785689207,1.0221984839444982,2.4901080246743548,38.981729153756405,4,4
2026-04-19,Cloud,0.6557065813128687,18.727826268187165,0.1802711547998283,50.58517139424866,0.005886961669468619,0.29570176654698677,0.6094043683959461,2.058999203040038,38.39777462079311,4,4
2026-04-20,Cloud,0.0798398137858512,17.51180564062623,0.13815109222921232,47.185010007126444,0.0013065477630120476,-0.7974942752956844,0.3996594758846527,1.2783944203998547,36.20597494514518,4,4
2026-04-21,Cloud,0.8359368003588529,18.2268429422157,0.2003460477239373,48.701095029693036,0.0023290795466517243,0.8376372222279892,0.4801699457445628,1.4577706683491405,38.231469395347595,4,4
2026-04-22,Cloud,1.184024230202168,20.6624984162457,0.22209176542441358,56.42324825004315,0.004223142033350448,1.3518141386604268,0.9205358418253967,1.7922041733927478,41.437875171314765,4,4
2026-04-23,Cloud,-0.5051454007297638,17.64190070375385,0.08665921935640344,47.43277551727152,-0.003476201796540755,-2.0283954339166534,0.36395266874745485,0.4529676067450848,36.325959524978906,4,4
2026-04-24,Cloud,1.461723769686452,21.343291381846566,0.2743809609570362,57.7657163269005,0.0038459801343516953,2.35062672426096,0.9733225387934044,1.6495070000534588,42.504652203117416,4,4
2026-04-25,Cloud,1.3302089801589412,20.50406039834723,0.25575383501031496,51.738395665128834,0.007022054095659435,1.7953644945190734,0.5865071251993611,2.1779187670194267,46.355019460228945,4,4
2026-04-26,Cloud,1.384852769984245,21.901568900110302,0.253620293095594,54.82197193292577,0.00846951017902867,1.6486250571152399,0.76130100356602,2.3983340743814208,50.056622474895875,4,4
2026-04-27,Cloud,1.3892779715020018,23.206410494265555,0.25145911381064606,57.36954566757328,0.008736556546395692,1.5235762576389322,0.8974840859485489,2.4303558166911525,53.65328567261645,4,4
2026-04-28,Cloud,-0.10504806609866932,19.07873463566805,0.12279833199275315,43.07585107048135,0.000156924473149838,-1.1271207439957092,-0.007742908358340073,1.343511697140497,49.661182229473,4,4
2026-04-29,Cloud,0.4152350780137145,21.497179757744505,0.19145115032318402,52.01728022226601,-0.0009261404292788683,0.29643735328966947,0.5568489988958106,1.1488923292153435,49.909292048744724,4,4
2026-04-30,Cloud,0.3726985503834349,21.243467456460642,0.19467777906867986,50.351341713612484,-0.0014269619202393335,0.3590747158774379,0.44150978545832986,1.0187377818108927,50.48632222173974,4,4
2026-05-01,Cloud,0.943337863719227,22.519756787305948,0.2373916652452932,53.11007867713787,0.000986646223985076,1.2279831252303346,0.6114522028962113,1.2872553938242068,53.59913741768312,4,4
2026-05-02,Cloud,0.17734921467002238,20.405072720866755,0.1806382154559008,45.62523963930596,-0.0012495846993995623,0.026662585214768848,0.11426933250475259,0.9641518747569079,52.260296616635436,4,4
2026-05-03,Cloud,1.3822581216880616,23.926756620233583,0.2907368843049821,56.26050399079534,0.004367942723021014,2.2064004651867513,0.8107100118715481,1.6679581114153266,57.6016592520729,4,4
2026-05-04,Cloud,0.32477933930577463,22.82637057623377,0.1805215233294285,52.2292286084659,0.0005436915393286692,-0.031890923349640346,0.530658778177536,1.2082030183846753,57.11862439841589,4,4
2026-05-05,Cloud,-0.3056050987635378,20.73868378765286,0.1274372136076587,46.12692923789641,-0.005353278951234327,-1.0943496458191815,0.11430466805168475,0.3793886279685303,53.264585130483624,4,4
2026-05-06,Cloud,0.7762562741240294,22.557016311369487,0.2430997038093154,51.01473455096233,-0.0014590330572943544,1.239962148441338,0.4445512516091852,0.7711074717054803,56.523382625427416,4,4
2026-05-07,Cloud,0.6985985368564788,24.31911981885491,0.2138924088826502,56.84845241674916,-0.0008739110388142173,0.6350671330824571,0.8335557395374279,0.798611190486028,58.151270696596995,4,4
2026-05-08,Cloud,0.0827747044360149,21.27849554918916,0.18984900278602676,44.47677499689267,-0.002062017678787717,0.14050089112607572,-0.0289653921033206,0.5921445849199576,58.166103397751364,4,4
2026-05-09,Cloud,0.04561622162744147,21.403429266959826,0.1883482984065224,45.4949720468773,-0.0028559448602933895,0.10822931684552069,0.042408369524999996,0.41078450212877266,57.36156229113137,4,4
2026-05-10,Cloud,0.6884883151829432,22.65826480908266,0.2378408761421114,49.008174639244274,-0.00010040760798433069,1.118280389235827,0.2897201407095073,0.7212044787991475,59.675853082194976,4,4
2026-05-11,Cloud,0.04878070112105318,21.981511044788544,0.18606253954782154,46.1307955966683,-0.001727228945151497,0.03598207022871235,0.0815099405820866,0.4712578310570533,59.72130231738787,4,4
2026-05-12,Cloud,0.008669912079303926,23.654485741945834,0.17219290344297486,53.381802042075094,-0.0035923656753706797,-0.2541932653589115,0.6012234550792367,0.13959340292829753,58.52954022000627,4,4
2026-05-13,Cloud,0.5207831836751439,23.55164218076402,0.21873939237146334,51.92660989521164,-0.0016452966430496345,0.7271334616808932,0.48843274900614425,0.32152553372873593,59.766064776547786,4,4
2026-05-14,Cloud,-0.4768772154308607,21.588823899672292,0.13573705487074572,46.25995895212796,-0.005674632958693417,-1.0297940162085917,0.06897727376974554,-0.33855411822075154,56.46990119773689,4,4
2026-05-15,Cloud,-0.26617789219660004,21.364593554650387,0.1744736707347894,45.98733020370593,-0.0054566106606813505,-0.19875790470896956,0.0481640803260211,-0.47390771131479437,55.67097495351091,4,4
2026-05-16,Cloud,0.7712383836638013,24.06767222301489,0.2546943791027932,54.585754167952764,7.199923088655976e-05,1.487621367661855,0.6867315361541698,0.21085771342709347,59.14218865402108,4,4
2026-05-17,Cloud,-0.590808976563818,20.006149103545578,0.1378791311363887,40.61272721397028,-0.0039351748453461035,-0.9871871294884349,-0.36817201738658856,-0.40844294636753403,55.84694016354376,4,4
2026-05-18,Cloud,0.7820460744524068,24.15120060589442,0.2549770554490314,54.5341209136738,0.0012276303633599174,1.4685055383194274,0.6861023623680002,0.2776874043384962,59.83481173657052,4,4
2026-05-19,Cloud,-1.5898837653277917,19.683743433685812,0.0004313615910623708,43.789563102096814,-0.011852867346640806,-3.431080256413189,-0.13754071640448334,-1.698280551392192,48.82768923310292,4,4
2026-05-20,Cloud,0.07877921814064319,21.333292824600733,0.21566783461960576,48.77764773978033,-0.005674797113952859,0.6252278374553288,0.24658034644467705,-1.0836406272101788,51.37484232782598,4,4
2026-05-21,Cloud,0.04141550707192346,21.45331807495252,0.19541162923203947,49.16988247060596,-0.002765352817788138,0.2385866632867006,0.2746804275427777,-0.7962096376358117,51.956825965674895,4,4
2026-05-22,Cloud,-1.8231719301488172,18.517144002859922,-0.017469919946767526,42.038324580936504,-0.014343734446848774,-3.403260716619907,-0.284441143251065,-2.518267991304006,45.170269922419884,4,4
2026-05-23,Cloud,,,,42.08683521374798,-0.011474987557479017,,-0.2780958834399999,-2.3535324666539865,45.170269922419884,4,4
2026-03-24,Commodities,,,-0.027692083779911336,,0.0,,,,29.495253928082548,3,3
2026-03-25,Commodities,,31.070487157243356,0.20244740251913107,100.0,0.014686964367802141,,,,32.97190804443186,3,3
2026-03-26,Commodities,,26.994900394148125,0.14282980635418283,79.42497361652681,0.019284423886206208,,,,38.21987886664326,3,3
2026-03-27,Commodities,,20.925258697688644,0.014557805708232804,55.053462928204034,0.012891653998656959,,,,38.869358642349624,3,3
2026-03-28,Commodities,,26.784843762863083,0.26344063589957134,71.82692450629254,0.02398529831104365,,,,46.69519038585757,3,3
2026-03-29,Commodities,,24.68101651848636,0.14719984987524184,61.16588973042912,0.02210153757145937,,,,50.07940618147008,3,3
2026-03-30,Commodities,,17.3931052108485,-0.2510837806008187,40.54575810875866,-0.0058671486940542646,,,,40.6588900476136,3,3
2026-03-31,Commodities,,18.015535571594683,-0.0991621716156123,47.31992116457767,-0.013593010758802601,,,,35.611655266173486,3,3
2026-04-01,Commodities,,19.45180578022155,0.04609400224331319,52.49510962299668,-0.008620451604354122,,,,37.814097979534445,3,3
2026-04-02,Commodities,,20.498496233647156,0.1367819259958006,55.24035545614906,0.0005877917058798726,,,,41.33778579052409,3,3
2026-04-03,Commodities,,21.02467437552566,0.12459380450836964,54.81463281731296,0.005401519889691175,,,,44.30905487417083,3,3
2026-04-04,Commodities,,18.502851551962646,-0.08199183894178673,48.481614842018786,-0.005209799317585629,,,,40.06755023845645,3,3
2026-04-05,Commodities,,19.172261758965234,0.010752460439918794,51.02201545499121,-0.005818564660867312,,,,39.83588257061154,3,3
2026-04-06,Commodities,,20.540485783823016,0.12623324573792558,53.85526376800484,0.0013382405618029992,,,,43.836085383157645,3,3
2026-04-07,Commodities,,19.131036695888216,-0.00985000188370822,50.41835993840777,-0.0030700955871423175,,,,42.527236583656496,3,3
2026-04-08,Commodities,,17.02247808454094,-0.021078983743921764,44.15914641173565,-0.006521241101014465,,,,40.71004435768709,3,3
2026-04-09,Commodities,,20.11563966793661,0.21166143535408402,51.64937568377417,0.006392897121626981,,,,47.48568290010808,3,3
2026-04-10,Commodities,,19.555160283430546,0.041829708110583265,50.640740155138374,0.0031817130735827762,,,,46.97859538861153,3,3
2026-04-11,Commodities,,16.40882620838126,-0.08295980552782062,41.357545515032875,-0.007100937922528451,,,,42.39164195481712,3,3
2026-04-12,Commodities,,19.992084169967978,0.19372793651999307,51.074795001009825,0.004360711159602484,1.0773093637271007,,0.1457895193058659,48.00321919132155,3,3
2026-04-13,Commodities,-0.5336467461669528,20.598116913458004,-0.05358694747537375,54.90421665342171,-0.004600134681892963,-0.8021908653148144,-0.06277537262961824,-0.7051382218556284,46.94540238275968,3,3
2026-04-14,Commodities,-0.3948244757200384,19.951458668853295,0.027930563579170054,53.27029789739968,-0.00489586246883221,-0.1627003492448224,-0.17662067297190823,-0.8068289334527996,46.71717545590797,3,3
2026-04-15,Commodities,-0.5692410080628693,18.509462479889798,0.007825751415145188,48.9475095244537,-0.0062191001897852136,-0.3157312830819045,-0.4832892767964588,-1.0136460106493732,45.28479596204899,3,3
2026-04-16,Commodities,0.12977669452795218,19.381007609330304,0.1343608342169722,49.934700372748935,0.001255395183191758,0.6939996670170553,-0.3986694060741757,-0.31813875390199176,48.92952085910632,3,3
2026-04-17,Commodities,0.894528559161826,21.659987220265734,0.27873880333731577,53.88074630600084,0.014988143841610421,1.7246989418982956,-0.09295056660996055,1.1944341591317813,56.35085470016753,3,3
2026-04-18,Commodities,0.8847669252950726,22.993905186655738,0.19925381683138946,57.56475154815287,0.017602979184873926,1.054118089836821,0.1930158020381358,1.6783039592821765,59.54542571821567,3,3
2026-04-19,Commodities,0.6884862816590694,22.489457814074306,0.15176202025753682,53.887410661189115,0.015113857751728198,0.6638165872705182,-0.10045109375557502,1.6573005784653165,61.61188916532732,3,3
2026-04-20,Commodities,0.243349586406063,21.628371059201914,0.11430039241004276,49.656242581899456,0.010161813346585065,0.35984767395163425,-0.43755230737230155,1.3800980806819911,62.5682339355068,3,3
2026-04-21,Commodities,-0.06160207747273549,21.80644241017743,0.04107475149507539,51.52214776926839,0.001620114297073063,-0.22562568194108043,-0.27687372304835317,0.7044708996768052,61.12469197775425,3,3
2026-04-22,Commodities,-0.7443792744185902,19.96068331512564,-0.08128989728521914,48.31240662935018,-0.01186337001418003,-1.1777275953227517,-0.5367572699571392,-0.6209069826040002,56.05296990972315,3,3
2026-04-23,Commodities,-0.40516586089273643,19.693676636976633,0.07703465114179683,46.06242174561563,-0.009797475216603697,0.10726096188757153,-0.711511095807541,-0.6377121124258608,57.565178125069714,3,3
2026-04-24,Commodities,-0.41535390844762987,20.872071849363,0.052564852718368964,50.343162124752,-0.009737006201390879,-0.09350706744156714,-0.33499278456352033,-0.8132648552830642,57.910594659672675,3,3
2026-04-25,Commodities,0.04263208713129945,22.60117144329625,0.09382761953464629,55.97003179386147,-0.006719577743640688,0.24910025565684135,0.15690348999500567,-0.6858304618667536,59.48742210879185,3,3
2026-04-26,Commodities,-0.4988030697282927,19.81201589931106,0.06518369121214873,44.78556178399933,-0.0064529296710130815,0.004821216680863131,-0.8201421804916124,-0.7803169247005437,59.56258579772903,3,3
2026-04-27,Commodities,-1.463180238789576,18.084589233805957,-0.1801633594478658,44.85717697169467,-0.021739175062450673,-1.963956955333087,-0.7940952717809263,-2.2935889213148535,51.363208366558936,3,3
2026-04-28,Commodities,-0.29996208925731915,20.3528371433097,0.08810425426812497,52.122735023959706,-0.013145106564484884,0.24802022682982186,-0.1367104904727702,-1.7628852554950305,53.23828476102199,3,3
2026-04-29,Commodities,-0.24891693708968013,20.649013635912993,0.07520955641076746,52.3892388020771,-0.007946996752232026,0.1381758472074594,-0.11076948850681946,-1.45199382075053,54.616174632562505,3,3
2026-04-30,Commodities,-0.11610831368325655,20.178712076578428,0.11292408265829561,49.18882014343632,-0.001902026296250033,0.4511280750113381,-0.401630889760558,-1.0063838405388417,57.194553927537285,3,3
2026-05-01,Commodities,-0.342077974416495,18.470052356896822,0.07762240347640217,41.704866204489264,-0.0002985358840050861,0.14629407388077129,-1.0730060997590978,-0.8714702291403055,57.99791006109607,3,3
2026-05-02,Commodities,-0.8786472045011942,17.815896134272215,-0.012761717140824429,41.33324761458601,-0.005077489040568444,-0.6283677417675575,-1.076657475698944,-1.2814707220180819,55.47795018995273,3,3
2026-05-03,Commodities,-0.3240320152492555,19.211509108021477,0.0628532512317039,46.447280448565046,-0.0030010668764882025,0.03373582689092177,-0.5885668055653505,-1.148574709878761,56.03467921163889,3,3
2026-05-04,Commodities,-1.7747330094891196,16.12464888104823,-0.2327681981444359,38.503379408679,-0.020421278619377932,-2.3723635047084,-1.2928237887398546,-2.5502618310074494,51.41958799881015,3,3
2026-05-05,Commodities,-0.19146575849239753,20.221834281164192,0.11403579136709963,52.04600095053085,-0.008103771585871063,0.5082692036194015,-0.027576639204704184,-1.7523260647629835,54.517013083810085,3,3
2026-05-06,Commodities,-0.8504826200784884,19.278038262751902,-0.042902329608304944,51.056002270515506,-0.009922117134267428,-0.7952599207952732,-0.11978877470279312,-1.9261102507240473,51.65290933500525,3,3
2026-05-07,Commodities,0.023172813084016836,20.23758521547572,0.14107816556862374,51.73724890872497,0.0012740236010725641,0.7439644074560287,-0.053987708594411474,-1.150684186670999,55.635280898480346,3,3
2026-05-08,Commodities,-0.8042669174351385,18.525420779112018,-0.03986199101600358,47.68900024020198,-0.0032508152232682795,-0.7765693480598218,-0.44008058643220954,-1.442968848584495,52.81648385131516,3,3
2026-05-09,Commodities,-0.0006590904997986063,19.96100979629998,0.11574851527298646,50.518454099940804,0.004093226384828861,0.5412201566753047,-0.1617911754314657,-0.8936563138598161,55.92564381875011,3,3
2026-05-10,Commodities,-0.8543055246359164,18.842277168593014,-0.06421591942187461,47.1439804128327,-0.002933472547241394,-0.9826279147234185,-0.4886890655072314,-1.3462755085407798,54.761986249843496,3,3
2026-05-11,Commodities,0.2716429235500626,22.142031380143806,0.13704791710546896,57.14021499946983,0.00573666155467251,0.7333340162961581,0.500579746994727,-0.6980505921460993,59.33173862429737,3,3
2026-05-12,Commodities,0.221659983798831,21.328650348421558,0.1313887590250987,51.10493384550426,0.010572346629648448,0.674564956060124,-0.10443226443744255,-0.22139725633233748,63.107754126554084,3,3
2026-05-13,Commodities,0.3104459996705007,21.936333561634562,0.12932117582665667,51.38899817815933,0.012956288139796934,0.6475060636481866,-0.0748583521891895,0.13738586907532918,67.07175206889067,3,3
2026-05-14,Commodities,0.2838954909860327,21.64655607570915,0.11435374377966173,50.03713178030855,0.012825785909865078,0.5107015525204909,-0.21129460773025885,0.33280433095078676,67.06031944130885,3,3
2026-05-15,Commodities,-0.5485596175197555,19.998394583899547,-0.037952310718025184,47.17023035648411,0.002332257601841147,-0.8146460723996055,-0.5019766277590512,-0.31072236987741875,64.07652460457201,3,3
2026-05-16,Commodities,0.6917709958147736,23.119133127546885,0.20833100360070456,55.02935755579907,0.011325200060465786,1.32130222713905,0.31431612346343346,0.4624754902393049,69.16075720105849,3,3
2026-05-17,Commodities,0.3154231039320943,22.23841061378281,0.10324774832599524,50.90672687565507,0.009611253939268717,0.3977223083346474,-0.11826026111832896,0.502410359899681,70.78358273502435,3,3
2026-05-18,Commodities,-0.6676948366001476,21.58490325773829,-0.11110621340988595,52.834328596720766,-0.005719021830966577,-1.4502380642329553,0.08564690719392859,-0.6094365640237823,65.64702343403704,3,3
2026-05-19,Commodities,-0.4693769535087282,20.167354588764645,0.02758590320284032,47.76973780740478,-0.006236500097334335,-0.23803589954390938,-0.45227887223493685,-0.7387552210310042,65.14388208341725,3,3
2026-05-20,Commodities,0.9266605536700592,23.721056443256465,0.2726450237269608,57.78655758060017,0.009359831148107366,1.8432906743333863,0.6215027182957625,0.46601617157142344,70.04388158866891,3,3
2026-05-21,Commodities,0.760416840504436,23.20453753134064,0.21481844508351333,51.940454512105035,0.014887609890443503,1.314154069602197,-0.013004879424533104,1.0739874854336624,75.33534538665654,3,3
2026-05-22,Commodities,0.0030333023363121464,22.92960980313687,0.04165592534438763,52.15393758565158,0.0064204374988828875,-0.1643375053411413,0.010288789568077345,0.6017942513932768,73.0553945826173,3,3
2026-05-23,Commodities,,,,47.866843910498666,0.005136349999106308,,-0.4586844231060629,0.5808879456117485,73.0553945826173,3,3
2026-03-24,Consumer,,,0.15443523980689558,,0.0,,,,48.98093846007037,9,9
2026-03-25,Consumer,,31.773798132719868,0.1551111875544125,100.0,4.313740610935035e-05,,,,48.592518498369316,9,9
2026-03-26,Consumer,,31.713546032871047,0.1992828447569838,100.0,0.0028867474131872716,,,,47.55023759874418,9,9
2026-03-27,Consumer,,17.445841900303044,0.14355413062543618,44.59062069440649,0.0009545848626242862,,,,44.749952427451284,9,9
2026-03-28,Consumer,,18.740373904336952,0.15521165459776975,50.345891564321114,0.00042860434592511014,,,,43.60583332465496,9,9
2026-03-29,Consumer,,21.689764168410548,0.18496171768641234,60.74997818726555,0.001965210956536181,,,,45.93391149825815,9,9
2026-03-30,Consumer,,18.3870554105551,0.15260462567161748,49.47499034804616,0.000746043103588214,,,,43.104608658065615,9,9
2026-03-31,Consumer,,18.10558041349788,0.1529306288635475,49.5692915857819,-5.242160218309113e-05,,,,41.31295923838414,9,9
2026-04-01,Consumer,,17.97249374445725,0.1546451185978471,50.059495695852796,-0.00045661143959000393,,,,39.84207019998524,9,9
2026-04-02,Consumer,,15.201574829354591,0.11539127506441559,40.94676092584373,-0.003205951738527028,,,,36.71900768635574,9,9
2026-04-03,Consumer,,19.575522835639518,0.19852826455148326,57.3790343327147,0.0005369420964784555,,,,38.03978899932663,9,9
2026-04-04,Consumer,,18.92687662763457,0.18261523196602414,54.47748704540537,0.0018304690220864615,,,,38.321858815323935,9,9
2026-04-05,Consumer,,18.5422245275653,0.17370221758289528,52.976989301913044,0.001963524201300983,,,,38.17836914542772,9,9
2026-04-06,Consumer,,18.057898537699845,0.1654163639112482,51.65436066037948,0.0013977918622021792,,,,36.9949552734322,9,9
2026-04-07,Consumer,,19.810572623836713,0.21623043702737793,58.07361798653827,0.004192163077425159,,,,37.7499939449426,9,9
2026-04-08,Consumer,,18.038621394731187,0.1714319145719752,51.911894200411645,0.0028347692793330905,,,,36.228909522971364,9,9
2026-04-09,Consumer,,17.169009816975084,0.1894248322718025,48.76972344249598,0.002947028435683367,,,,35.536513506841125,9,9
2026-04-10,Consumer,,16.682598006549604,0.1282804435046937,48.11927183382943,-0.0010825221119761712,,,,33.712818085402986,9,9
2026-04-11,Consumer,,20.33837653276724,0.25966502547517867,59.933090289549675,0.004792373372861321,,,,37.59982598773934,9,9
2026-04-12,Consumer,,18.676187070676665,0.203310420485735,51.66084853790356,0.0045752129136180705,0.9270935192613224,,2.202840339175325,40.14614323256367,9,9
2026-04-13,Consumer,0.08701318737287458,18.352430708649063,0.16480062913859853,51.09177117674809,0.0016794402036884462,-0.23852816881126018,-0.3524880110664357,1.3877649281950493,38.899510125649954,9,9
2026-04-14,Consumer,1.1392308384950098,20.139085723521575,0.2348629201681925,56.52038109114174,0.004181555288025253,1.7509726223147986,-0.004315084973116422,2.058652290612861,41.169532573659254,9,9
2026-04-15,Consumer,-0.19192465187295124,18.26891455615872,0.1493887676886003,49.63089396319713,2.9378646642513884e-07,-0.7357117554418368,-0.44530040274720184,0.9621283770075779,40.255429089291255,9,9
2026-04-16,Consumer,0.24009915008713642,19.8039890288219,0.18973255577870474,55.21233779197259,-0.00012138367958334714,0.450887184736211,-0.06943535276105611,0.888828140780527,40.8657418169474,9,9
2026-04-17,Consumer,0.3574972955824549,18.45354014172945,0.19239157327967216,49.515001108039414,-9.689134809950234e-05,0.517924845190663,-0.4491867352211878,0.8576659955244283,41.141432618344346,9,9
2026-04-18,Consumer,1.3342304263733724,20.431408085603707,0.26596758731366843,56.037286995529186,0.0045439113308954945,2.381408141361739,0.0063693202178161535,2.070551903436899,42.98446525655097,9,9
2026-04-19,Consumer,0.8884481162503586,19.934192810650742,0.2209054488796966,53.24884319392389,0.0042532831347102985,1.0993958716848415,-0.1889062156628265,2.0231145576074536,44.28804929019243,9,9
2026-04-20,Consumer,0.5197027889669814,20.089134051004088,0.20934030967426748,53.009555473475395,0.0030149709569916167,0.7620983773203199,-0.20245005973363278,1.7669369905925625,45.25573331063465,9,9
2026-04-21,Consumer,0.30237315764587047,19.244452197192075,0.2019674193219807,48.960876238395514,0.001508250989180204,0.5472811649977233,-0.4917060742519003,1.444913169726321,45.70158236366181,9,9
2026-04-22,Consumer,0.24064767617750873,20.11382181772854,0.19763509388842532,52.02863101349896,0.00010288710961832426,0.41861570132042475,-0.25624107387174033,1.1170447938381285,45.97351187202829,9,9
2026-04-23,Consumer,0.3127419144506516,20.164017321475598,0.21005351544650075,51.610962564292606,-9.651820093029527e-05,0.7493860534159482,-0.2831177631136082,1.0349115707613892,46.485705454111624,9,9
2026-04-24,Consumer,-0.05913953676130256,20.79837938666828,0.17804649640616438,54.07169424539421,-0.0023645067363981913,-0.15723940891558774,-0.0903224534138394,0.4435952431551614,46.23793162574375,9,9
2026-04-25,Consumer,0.6079223245229105,19.550466815860748,0.23570265745633978,47.77050181396857,-8.266758244458196e-05,1.4344595409910803,-0.5764102706189781,0.885843650617987,48.114059092947564,9,9
2026-04-26,Consumer,0.26839221305883254,20.440844863955782,0.2135682352066665,51.01931175400731,-0.00016056256128490175,0.7879485802519287,-0.3115388571798803,0.8396166273605606,48.58465234233991,9,9
2026-04-27,Consumer,1.0902614966482826,22.99597082581799,0.2552607615885909,58.93245835275366,0.002360242909426963,1.8451757911519693,0.3248512826917314,1.4207394080398084,51.4941038978625,9,9
2026-04-28,Consumer,0.7519621740585914,21.00728238274801,0.2356019521400129,50.08104259156648,0.0024570402927017506,1.2585959249295038,-0.3962572258322933,1.4935063891686746,52.07125954310071,9,9
2026-04-29,Consumer,-0.6670908951168736,20.361049167291874,0.1347419218658771,48.446250464067056,-0.004158230215234489,-1.416407962100733,-0.523004281696415,-0.0426078130255016,49.909814730258134,9,9
2026-04-30,Consumer,0.25211195283265664,21.595428858921053,0.21336332496348015,52.3184863148319,-0.0031701482075617675,0.6713961732416903,-0.19454497588826009,-0.002760838653454597,51.14194951160716,9,9
2026-05-01,Consumer,0.3025147159105285,21.794558015522203,0.21733571285117506,52.44105403693615,-0.00222492938405746,0.7624969180162589,-0.18163828545450805,0.07654525288611529,51.93977798719559,9,9
2026-05-02,Consumer,-0.526638463614547,18.93217649813615,0.1839823568261336,41.291267690312324,-0.003733097019264159,-0.13849664069052284,-1.1116464490638398,-0.427734859809712,51.84706535902893,9,9
2026-05-03,Consumer,-0.8258757748953375,19.401412945820056,0.16301486811193014,43.51892342587931,-0.005900993517862415,-0.7003053813635783,-0.8988828601664751,-1.1627965238273554,51.706297972378536,9,9
2026-05-04,Consumer,-0.16841417418967838,20.98629482817578,0.20140933348087375,49.16241259714719,-0.0045669597831135686,0.35414483987502343,-0.40613422278593864,-1.0925731993383911,52.42797521525623,9,9
2026-05-05,Consumer,0.21722260209418842,22.317444333678367,0.2261915008645213,52.46755963993393,-0.00196621230599191,1.020103462037618,-0.11652315201013815,-0.6395542718184991,54.956198760065334,9,9
2026-05-06,Consumer,0.3132782098000783,22.788632035279445,0.22665918996218373,52.97997020020441,-0.0002550604813440407,1.0091490516330333,-0.07047463094375504,-0.2880503464972962,56.50837505552054,9,9
2026-05-07,Consumer,-0.8787358208792388,20.611266905304895,0.1555232261610259,45.00367412596381,-0.0037601878979105652,-0.9512123869335408,-0.7688271728911524,-1.2028831765491361,54.9757184871681,9,9
2026-05-08,Consumer,-0.43976921458800244,22.31329258060846,0.19297174220836888,51.354020750142666,-0.003412855456008703,0.09163502818513547,-0.19660099674845197,-1.2722355428568803,55.19723351853463,9,9
2026-05-09,Consumer,1.3528405324306025,24.526569561685072,0.32253095173893914,56.968021213282675,0.005216984308745459,3.2429129678448607,0.30919292840848883,0.8067000055633119,60.06345756691745,9,9
2026-05-10,Consumer,0.4933774519497347,23.153935859168918,0.22694192990740522,50.960060045025514,0.004205424043294208,0.8427415290699652,-0.23891525750647064,0.8011193121233021,60.907746235585385,9,9
2026-05-11,Consumer,-0.9773094484475048,20.46301072191782,0.13500908304536216,41.94825921928557,-0.002572407782495928,-1.4121112882930273,-1.0498770284802974,-0.7618588458495237,58.11614983225436,9,9
2026-05-12,Consumer,-1.0796882640803722,20.648640424019234,0.1463423405168367,43.95602251103472,-0.006013057199121374,-1.1061544575456317,-0.8488928900861097,-1.740497251694059,55.91179685978348,9,9
2026-05-13,Consumer,-1.1582407522734002,21.99413878608967,0.13898066328195072,50.32862564571035,-0.008361022890336755,-1.2547685750455522,-0.2550367939310373,-2.4704286365423807,54.759678111405684,9,9
2026-05-14,Consumer,-0.3926503165037345,21.71191624494704,0.20377345236509276,49.24021455817568,-0.005277245413048735,0.3309631815078371,-0.3530827063332772,-2.0153801639406757,55.05374723287569,9,9
2026-05-15,Consumer,-1.4782533281045345,19.544716053903233,0.12382812183221843,43.38761270212065,-0.00817543400863735,-1.5909966538075586,-0.8903831611216783,-2.711457347888289,51.53262469672865,9,9
2026-05-16,Consumer,0.3812071194858212,23.162174973421298,0.267822019185907,55.126526806637386,-0.0003611633848757737,1.8364671327664734,0.21881710736148693,-1.3008387806489872,55.98763724091268,9,9
2026-05-17,Consumer,0.13298014621726342,23.042071029872453,0.2229175841421388,53.558684584773125,0.001703605055936159,0.7575483675120911,0.06837427972288518,-0.8465080037502591,58.086567509996975,9,9
2026-05-18,Consumer,0.07403334417874022,22.268657163633026,0.21541136155993518,50.863519941773816,0.002439242031034264,0.5715124611017305,-0.1898241899632937,-0.6003955656369647,57.788812652838274,9,9
2026-05-19,Consumer,-0.6736941172195565,20.915058149354532,0.16918422342533693,46.57489697111626,-0.00017339605027024904,-0.5328966975494154,-0.599899620966177,-1.0543384160152016,56.68932183669358,9,9
2026-05-20,Consumer,-0.4482324959029511,21.136765809257227,0.19452132275564601,48.125126038800154,-0.00018025161208310152,0.07898188772550971,-0.4434542032009401,-1.0442332782955426,56.04882829832745,9,9
2026-05-21,Consumer,0.2607761775346559,22.911608236911682,0.22749116429530003,54.39417666484186,0.0019340208130115034,0.8698989779908495,0.17322337736452414,-0.5750365518662591,57.77978212710616,9,9
2026-05-22,Consumer,0.24885715933458388,22.349698236757945,0.2238848494244082,51.968839540130354,0.002928328634833324,0.771347025324897,-0.06743648351635659,-0.2634418655273962,58.11225833881281,9,9
2026-05-23,Consumer,,,,42.47550559903587,0.002342662907866659,,-1.002688897275608,-0.2760446134026366,58.11225833881281,9,9
2026-03-24,Consumer Defensive,,,0.14751285245893014,,0.0,,,,47.49178977344644,4,4
2026-03-25,Consumer Defensive,,7.119496155369072,0.08283253283854682,0.0,-0.004127746893152651,,,,43.8397270198076,4,4
2026-03-26,Consumer Defensive,,26.85245331259715,0.2852086302055558,75.78027880774088,0.006426022351508154,,,,48.291406786536726,4,4
2026-03-27,Consumer Defensive,,21.272951050435672,0.17367891888117373,53.45576137970582,0.005581253885766796,,,,48.680324156793446,4,4
2026-03-28,Consumer Defensive,,21.69793591086895,0.1773812633836179,53.90652779886499,0.004977506761602243,,,,50.06987704957975,4,4
2026-03-29,Consumer Defensive,,22.044370638926985,0.18258724060032458,54.52579232277975,0.004641090149180501,,,,51.073824412231815,4,4
2026-03-30,Consumer Defensive,,20.098087777964324,0.13388367200095574,48.43773012761825,0.0010389073824925146,,,,49.04744251394236,4,4
2026-03-31,Consumer Defensive,,21.824364465819833,0.19219027552871845,54.5173918572098,0.0024054093414746618,,,,50.545470492726494,4,4
2026-04-01,Consumer Defensive,,19.325895514031476,0.10839720884206779,46.61803562668515,-0.0022593990604373865,,,,47.9411251952898,4,4
2026-04-02,Consumer Defensive,,21.53191341662109,0.2080470561462899,54.4645197791575,0.0012520688562897564,,,,49.528716776129,4,4
2026-04-03,Consumer Defensive,,22.199259940061644,0.22043749462691684,55.28180723413912,0.00413264608270143,,,,52.0672094383822,4,4
2026-04-04,Consumer Defensive,,21.37625731339432,0.17639464661176726,51.96640443638125,0.0028559289865862734,,,,51.877746192104304,4,4
2026-04-05,Consumer Defensive,,18.98931074248165,0.058333454058029977,44.76918096416566,-0.005689759098819563,,,,48.50516119848412,4,4
2026-04-06,Consumer Defensive,,19.508275021122124,0.11631526969588565,48.2866450928472,-0.007095896660298737,,,,46.300694613350885,4,4
2026-04-07,Consumer Defensive,,19.325833430866854,0.12794026383253332,48.93863599755842,-0.00689560128133272,,,,44.587685575993945,4,4
2026-04-08,Consumer Defensive,,20.708480262740498,0.16804520876217427,54.74736472130919,-0.00386568427640349,,,,44.578690590793784,4,4
2026-04-09,Consumer Defensive,,17.03640415073662,0.15186106652492695,40.62624540428613,-0.0028044758763061213,,,,44.01304570653404,4,4
2026-04-10,Consumer Defensive,,19.034018504826985,0.15982594655642707,48.86024416076008,-0.0014853200349090288,,,,43.835794583385834,4,4
2026-04-11,Consumer Defensive,,21.10135205307043,0.24095245418572134,54.63927913051985,0.004598749435612695,,,,47.39355272166706,4,4
2026-04-12,Consumer Defensive,,22.01929926186034,0.2611340958937259,55.609556141694036,0.009450597037087213,1.617899865257125,,1.620963858795254,51.38080207607551,4,4
2026-04-13,Consumer Defensive,0.2587389892214782,21.09973727686939,0.16977187334678626,52.41581867452515,0.0061357613223283255,0.019210815994532542,0.18592511584724017,1.2266902199989045,50.94748005666326,4,4
2026-04-14,Consumer Defensive,0.8740050630660126,21.59191795812705,0.23041614190397985,52.56510597045927,0.007562690391771513,1.053008653750629,0.192232480276,1.6388503468203413,53.82926564472727,4,4
2026-04-15,Consumer Defensive,0.8265773005895594,22.95415048417648,0.20834011065778907,57.31222707761379,0.006590610600067935,0.6383218562999212,0.5348239835636934,1.6052287620913137,55.13014081859477,4,4
2026-04-16,Consumer Defensive,0.8515286452206561,21.977687221094246,0.22866581824941543,51.70664875638708,0.006856795139424497,0.9652453168116938,0.10193694280920267,1.745091104569704,57.594114875820694,4,4
2026-04-17,Consumer Defensive,-0.6882734568986928,18.732854616006946,0.0846473060572969,40.77135773563331,-0.002618546252724287,-1.5296931781498286,-0.7334140635405431,0.22000404090769804,54.77898583100084,4,4
2026-04-18,Consumer Defensive,-0.8687813703492092,18.985728945171488,0.08839061376050728,43.67241792480261,-0.008267191977232271,-1.3787301964056726,-0.4907521902478543,-0.9268108779746489,52.341577157651066,4,4
2026-04-19,Consumer Defensive,-0.23972444835959322,22.34886720241504,0.1578840872848538,57.69524111517077,-0.007006363068728392,-0.1805403893631784,0.6235879018821419,-0.9656409233412293,51.933564540929886,4,4
2026-04-20,Consumer Defensive,0.22710876714571365,22.16833370015612,0.19534870060282888,56.309397004232046,-0.003508942168263267,0.46569206868133395,0.49873090481090826,-0.550174392789014,53.03169046453176,4,4
2026-04-21,Consumer Defensive,0.593753458974511,22.895207317112842,0.22776496217194142,57.713158194108665,0.0008928142542047194,1.0052760853650646,0.6002088945639003,0.16662365490165887,55.49597071950224,4,4
2026-04-22,Consumer Defensive,0.5196742862690529,22.132848489047106,0.2136299642647351,53.66946319605755,0.0026578157849185824,0.7347482619035242,0.25636835261456065,0.5396590959866446,57.112871486596944,4,4
2026-04-23,Consumer Defensive,-0.5326789843243523,19.98866392943335,0.11937385930614997,47.67685849053348,-0.0024415734391534556,-0.9240351198623353,-0.25042722259582434,-0.36916265783323843,52.78516097778963,4,4
2026-04-24,Consumer Defensive,0.09124575612475057,20.932819542751837,0.1803746766757545,51.365827932164066,-0.0016624124792573936,0.1677220325463702,0.0683817541588101,-0.30481059185148474,52.76795472525798,4,4
2026-04-25,Consumer Defensive,0.5561137451495827,20.99990468584573,0.2379174065887699,49.7917379352169,0.002543566856042372,1.1718695105315187,-0.06936634865033106,0.48564116819111536,55.5692763792455,4,4
2026-04-26,Consumer Defensive,0.5878007840206328,20.82402490892141,0.23061060729576732,47.867833745493904,0.004532582416754249,1.0082462942663406,-0.23804257448595115,0.9781012929829137,57.62271646908225,4,4
2026-04-27,Consumer Defensive,0.5934802568593532,22.364957292159726,0.20834876480612366,52.98266262272343,0.004063053959618323,0.5938112203239025,0.22394992386103377,1.0371791451745886,58.747210024823346,4,4
2026-04-28,Consumer Defensive,-0.04176996644446751,20.397718338138787,0.17689940409454277,45.66659465791036,0.001481584728538484,0.019066169714033472,-0.44394711187741,0.6548722716622779,57.33305619488785,4,4
2026-04-29,Consumer Defensive,-0.5320638658788149,19.77830562328954,0.13362414783603904,44.15084094031648,-0.0030463610394350785,-0.7661195001289378,-0.574819362991867,-0.2319768859575343,55.64049221903258,4,4
2026-04-30,Consumer Defensive,-0.7023312941794967,19.085374410193204,0.13706675159028978,42.63444174342182,-0.005568590234384864,-0.6883391253324534,-0.703371980885788,-0.878380494731836,53.719007989201735,4,4
2026-05-01,Consumer Defensive,-1.162685453568544,19.963991471977778,0.0757532393874201,49.175103047923564,-0.010821347811100118,-1.7402701655862836,-0.0808999166260827,-2.0783344611327563,49.52794464416888,4,4
2026-05-02,Consumer Defensive,-0.603406103263338,21.32055928193141,0.14859456367200208,54.94935710701516,-0.008924077151373914,-0.40657309030577365,0.46785271991085264,-1.9934559251460295,49.66431403896987,4,4
2026-05-03,Consumer Defensive,0.6063075088933886,22.758796329736672,0.26047150893712717,57.8842664930475,-0.00013326346155253404,1.5818069734828677,0.7388616823151247,-0.6153030140507847,54.42889628535132,4,4
2026-05-04,Consumer Defensive,-0.6887530741283653,19.38083668765465,0.13399624982611893,45.85228746339621,-0.002693316645030003,-0.6890997167786418,-0.4324738310732606,-1.0943254523679367,52.32187569075751,4,4
2026-05-05,Consumer Defensive,0.6971746801864849,21.681203294662275,0.2676256105743833,52.37038062639983,0.004371736737344279,1.660122874402946,0.20946603080332887,0.1838220456323916,55.07882048697197,4,4
2026-05-06,Consumer Defensive,0.753234610170647,21.99348112792095,0.24776786371388443,52.016343958891845,0.007294105967084748,1.2678852737528787,0.1719932396635226,0.9175845142270064,56.97326830705464,4,4
2026-05-07,Consumer Defensive,-0.05238862348629918,21.884442971496696,0.1584851466497415,52.32374759064308,0.003019561451121571,-0.3019045671391374,0.20074938046375843,0.3533894678192828,55.50431726340254,4,4
2026-05-08,Consumer Defensive,0.6449068558838897,22.315786937019098,0.22945022089376538,52.88164186077752,0.004677966995503055,0.9419290359645379,0.2548598805788252,0.7933215408819856,56.825593086971324,4,4
2026-05-09,Consumer Defensive,1.1931230603843803,22.88686736469328,0.2894187543737489,53.01549088202905,0.009255658763668857,1.907808395551542,0.26562731065088063,1.8147382136411563,59.90103376183207,4,4
2026-05-10,Consumer Defensive,1.0734456901325675,22.968038296701437,0.260315632075046,51.6959905105509,0.00971769191144945,1.362190614367023,0.12628511273785462,2.1317123281017305,62.34056079156501,4,4
2026-05-11,Consumer Defensive,-0.280877950051591,21.07976388614486,0.12758681686810194,45.905437071428494,0.0009405912100058957,-0.892155407840819,-0.47965276805718404,0.8301442384193795,59.49030072439077,4,4
2026-05-12,Consumer Defensive,-0.1685917778858682,21.69584374024677,0.16187344156671882,49.240381694916024,-0.002510918075500853,-0.3010282121083133,-0.12292909465795376,0.21142753316620969,57.80133341076313,4,4
2026-05-13,Consumer Defensive,-0.3774633486790847,21.678102805113937,0.14656422521022427,50.67320440830322,-0.005602883836263103,-0.5587239717173645,0.031071117633115975,-0.46865867160068636,55.69089897494657,4,4
2026-05-14,Consumer Defensive,-0.739871110614335,20.878965923478063,0.1222775476944395,49.24692797514392,-0.008867559219410771,-0.9635817572136575,-0.12290627710771743,-1.2780874306180336,52.917556521888585,4,4
2026-05-15,Consumer Defensive,-0.9888043168224614,20.816506366222928,0.10031761092053028,51.30305103328578,-0.011900647850083606,-1.311279731371033,0.10207250345362108,-2.0813507928609503,49.8986040635485,4,4
2026-05-16,Consumer Defensive,-0.1490385246475844,21.310666208894006,0.19451021665565493,52.38170841203299,-0.007189874979812609,0.31565457831421073,0.21961729402201913,-1.5957222082395368,51.49589980911016,4,4
2026-05-17,Consumer Defensive,-1.0216200781557,18.646623839416204,0.13048108853578966,42.90503254663959,-0.007953300482684859,-0.7901183896041083,-0.8286637323772431,-1.9085738124712104,49.806567848296545,4,4
2026-05-18,Consumer Defensive,0.23056662442551476,22.044988411273742,0.22680152552877542,55.23779100323348,-0.0018565656263680656,0.8826279876880347,0.5501531879569381,-1.0892933128604108,51.49525624942724,4,4
2026-05-19,Consumer Defensive,-1.73213432252565,16.42093511429569,0.03907413775118683,37.8432398528126,-0.009902653176588089,-2.2755927316740836,-1.3791364664483512,-2.4144808453076005,43.367740305126375,4,4
2026-05-20,Consumer Defensive,0.2068708233352162,20.273859926161602,0.25402108932722656,50.275446471486234,-0.0006710928477525304,1.3148243269125952,0.01413587865442097,-1.1680672924554294,47.498393678351526,4,4
2026-05-21,Consumer Defensive,0.3624639026542158,21.48076963087977,0.2319906723018811,53.441737437288374,0.0037840163156950177,0.9309859331717953,0.368609388068661,-0.4380973425549009,49.908230129170214,4,4
2026-05-22,Consumer Defensive,-1.2701109395229713,18.498491595624078,0.06241213285072461,42.84000796574444,-0.004413006772662283,-1.8387843416878509,-0.8275321858200061,-1.6426502523338482,47.65816596978055,4,4
2026-05-23,Consumer Defensive,,,,39.742130576512494,-0.0035304054181298263,,-1.1581620666681407,-1.589909724672937,47.65816596978055,4,4
2026-03-24,Data,,,0.21830868548220184,,0.0,,,,90.24364526271349,1,1
2026-03-25,Data,,38.87880359412154,0.262346982217026,100.0,0.002810421216125558,,,,93.61580021380682,1,1
2026-03-26,Data,,19.964597504232586,0.14258198537631314,26.884866459975143,-0.0032249159606093734,,,,88.07929000645082,1,1
2026-03-27,Data,,22.786893779973205,0.17594589853181974,39.2571417801315,-0.004708541244733418,,,,84.83850304283837,1,1
2026-03-28,Data,,28.406152094811436,0.27212244737575275,59.17247442136134,0.0007578197788884633,,,,88.77183060112097,1,1
2026-03-29,Data,,21.94525033035477,0.10782928470398728,37.9293609875845,-0.006330553809755477,,,,81.76879997160518,1,1
2026-03-30,Data,,27.89370117515339,0.31328550812176964,57.16165020204801,0.002694563059681096,,,,87.04824140065782,1,1
2026-03-31,Data,,23.326953813970114,0.10601783146106851,43.54917801577932,-0.004999024520528256,,,,79.38299148995115,1,1
2026-04-01,Data,,22.81921666187671,0.1254881649572415,44.784374522348095,-0.008286977685682989,,,,73.29090267448805,1,1
2026-04-02,Data,,20.730456852127194,0.06783906973072737,42.059485344401836,-0.013543898690406913,,,,64.35625245881856,1,1
2026-04-03,Data,,22.600450830141043,0.19653675866125575,48.988460639589704,-0.007836268396407843,,,,64.99465307648254,1,1
2026-04-04,Data,,24.033734721277796,0.2591221545113246,51.79200839579145,0.0002432551683157723,,,,69.39104390975604,1,1
2026-04-05,Data,,22.181118190685467,0.13804744417950132,46.814620664848675,-0.0023354198328881214,,,,65.47204117701811,1,1
2026-04-06,Data,,24.188649040110015,0.26827115397951584,51.797131257904695,0.004583332181114732,,,,69.60414537577195,1,1
2026-04-07,Data,,25.196900436947836,0.2894296571582256,52.51983952955011,0.010121462007726525,,,,74.77556008102393,1,1
2026-04-08,Data,,19.9920981321904,-0.012125006528200317,41.77605425829999,-0.0061139425742683055,,,,59.491254748961566,1,1
2026-04-09,Data,,18.66515682092563,-0.0039525726213725035,45.29476553129461,-0.01536549526291972,,,,45.61845279037029,1,1
2026-04-10,Data,,17.420760559244734,0.05526319099005644,46.188154789001,-0.016462236078066447,,,,36.20220581032677,1,1
2026-04-11,Data,,16.750756262166444,0.11780236550897444,45.0198718259191,-0.012140592744039568,,,,33.40930060434842,1,1
2026-04-12,Data,,15.336997306216439,-0.00989909824503795,46.108839111269496,-0.016762401112708707,-1.5888109681080655,,-2.1804316582923122,22.516006349828853,1,1
2026-04-13,Data,-0.6570184217833127,13.523666617542867,0.08890985754919659,42.02145907219633,-0.012253938204565076,-0.6133117135262474,-0.45820287850635305,-1.8344747437382016,17.206094397713805,1,1
2026-04-14,Data,0.1412785502641812,17.15925271232005,0.21485505389974124,54.107694053250945,-0.0004994385374073006,0.6037977323675423,0.39166413322846405,-0.9557590670259123,20.366391712355586,1,1
2026-04-15,Data,0.31434356556296406,17.643931459144568,0.21940641249114565,53.58499949589581,0.007434613489102598,0.6295348418747805,0.34486442713598253,-0.24684905729337725,23.888005858387476,1,1
2026-04-16,Data,0.8439761517286828,20.14264708240098,0.292652438552199,58.48048289468193,0.01692515503783052,1.2904108319453202,0.6861287828254276,0.7357940936316454,31.143270303843536,1,1
2026-04-17,Data,0.6161814821160891,18.942080423212886,0.2313314770905087,51.382829861622696,0.018267437571890803,0.6616885362564153,0.14900596921276965,1.1193300589730752,34.692694251515974,1,1
2026-04-18,Data,1.0484590271726686,20.755011586540647,0.320919723115133,52.40438535841591,0.024021222430117346,1.4631536458689445,0.22290508008901677,1.8104430173726216,43.15145056154357,1,1
2026-04-19,Data,-0.15154714695520244,18.43461443516725,0.07497639512760744,47.76339004796166,0.01077083815475111,-0.9122472368634355,-0.13851816283117074,1.0312493291411549,35.0291426110917,1,1
2026-04-20,Data,-0.7548250999601626,14.550421516366999,-0.003703326042356972,39.989350879406466,-0.003046560412735006,-1.574636386743609,-0.7389006024025291,0.014995482122477682,23.697757135959932,1,1
2026-04-21,Data,0.15284705784212038,16.355258650916806,0.17862291673982764,46.35406647188409,0.00016871290078649195,0.15759205242720556,-0.2209583644041204,0.241933152244468,25.322430197021042,1,1
2026-04-22,Data,0.5975452645781697,19.945591160250384,0.21299921710294056,58.98760365557436,0.0044489808135816525,0.4806107561067454,0.794278234260512,0.6170129114775958,28.99885390175762,1,1
2026-04-23,Data,0.42900058179780887,19.22457020754559,0.16944652918384262,56.73240090203309,0.004189001888976208,0.05222782742088362,0.5940981688548219,0.658915856812298,28.45022413400661,1,1
2026-04-24,Data,0.8557150708760239,20.340811065809923,0.2626375635588651,57.84456687591188,0.009814030046597897,0.952942880290552,0.6710674085938345,1.2050300042938904,33.69115347141468,1,1
2026-04-25,Data,0.6945846503758764,19.888675114564357,0.22348310306897973,54.069696489856646,0.010364444902164042,0.5505984330642649,0.346337957723663,1.3700259136702817,35.980013808650895,1,1
2026-04-26,Data,1.4861587428199492,24.370418578611428,0.36517481128291773,64.28987746213454,0.01922289412596179,1.8469112694325511,1.1764031447058894,2.1464726341527305,47.05501596858653,1,1
2026-04-27,Data,1.2947226537919165,24.361717675156477,0.3244699216726653,59.39030903231097,0.021140346166655388,1.3893452229982095,0.7423163124981366,2.366479019638734,54.43055487372409,1,1
2026-04-28,Data,0.39224417599133166,21.633418809459144,0.19529631350490367,49.22231683979303,0.012912749573579109,0.1531295670378863,-0.1264667813961646,1.9136877685959004,52.627845765647734,1,1
2026-04-29,Data,0.05816280933784729,20.46547229348908,0.1433405014612229,47.08538516308547,0.0036561658335050803,-0.34507961453790154,-0.3074738165754281,1.357557608284978,47.50569647650572,1,1
2026-04-30,Data,0.14280175543115434,20.09808383533354,0.19475737861174458,46.185141438734846,0.0008285486853432493,0.15722892051036827,-0.3808210629036291,1.1644015720065348,46.160609478266664,1,1
2026-05-01,Data,0.7563841341625235,22.260720005222087,0.27712303493153745,51.75564893317821,0.00415190196507392,0.9519948568754625,0.11399349493617422,1.3674046819549652,50.346126323368864,1,1
2026-05-02,Data,-0.7416252931029136,17.18601141357004,0.012733285365973401,39.580707370677885,-0.010982234269767348,-1.6016111225690086,-0.9609470832842141,0.3235311358762829,37.73281520102741,1,1
2026-05-03,Data,-0.12198987500467831,19.997400859992915,0.14275600752115497,52.48641009819814,-0.01169629766279729,-0.3312659919543439,0.2027777237794641,0.1082372216705271,34.81932279506164,1,1
2026-05-04,Data,0.6464197727804174,22.39682595443245,0.25492757569658203,59.26001215076202,-0.004447267093964064,0.7586130608230912,0.8059756939162869,0.46691283869953654,39.34395671181865,1,1
2026-05-05,Data,-0.2688695524029061,18.73873943777921,0.12734810702530225,48.089251283202366,-0.007877344509597206,-0.4966911227038328,-0.21788846104635404,0.14059936409654192,34.22220343012118,1,1
2026-05-06,Data,0.4073634366700529,19.804305687595217,0.24059492168059213,50.97125768100969,-0.0024341447457776793,0.6242034235792309,0.04951993447350377,0.42895583848068086,36.52601516175442,1,1
2026-05-07,Data,0.9564860811099003,22.420277398399513,0.33654262324721734,55.671918694181535,0.0071868706489131755,1.5285474426706804,0.485039523335734,1.102080776676283,45.07654465735543,1,1
2026-05-08,Data,0.1698059939191753,20.667692077821133,0.2083929881440276,48.20140482749215,0.004604361592340203,0.2577272100066818,-0.22175137285373464,0.9922752639858129,44.78451247084452,1,1
2026-05-09,Data,-0.341410100747698,19.106269681381484,0.1026275297485624,46.162295813584855,-0.00407368918405593,-0.7858693431407268,-0.41224364118244566,0.3935250391894898,38.09585112632444,1,1
2026-05-10,Data,0.34710704208269666,19.679516109895026,0.24579387809704012,46.21266916563112,-0.00022185854069096868,0.6417523579780837,-0.40237552815007344,0.6191823205038827,41.301577546536755,1,1
2026-05-11,Data,0.8049929736700387,22.05507093766279,0.3252912902399343,50.02543174787503,0.007218842599360642,1.4001607198086494,-0.0292225143901542,1.1653033805839728,48.84086226364337,1,1
2026-05-12,Data,0.3066899367944391,22.455306373898427,0.22559769088264647,50.95565703468189,0.0050669194562514355,0.3992403785071076,0.062094410193037096,1.0859309600878086,48.622895902404736,1,1
2026-05-13,Data,0.1370126084113514,22.215579189243915,0.1872426407503766,51.39658453298043,0.00091826699864999,0.012491557299881117,0.10508095689223523,0.8295472422764888,45.26596482135403,1,1
2026-05-14,Data,0.4711870052546052,22.277583029506992,0.23234296700683338,51.200471178273546,0.0010594167448665752,0.4662427437594142,0.08446123027017505,0.8406330966639752,45.60239446061225,1,1
2026-05-15,Data,0.06650436481139005,21.182907352760264,0.20587802087152648,47.64019157126651,-0.0006876110173550526,0.1927931952130314,-0.2755874405935127,0.7110206377900594,44.19209869279119,1,1
2026-05-16,Data,0.2719104732426635,23.55859753739915,0.20142435344221715,57.54996981385787,-0.0021202541904122973,0.14529493071270605,0.7329774019830095,0.5810956568206614,43.654684139132286,1,1
2026-05-17,Data,0.20179937822239993,22.561310423768898,0.21711589738172285,53.274947941213995,-0.001990292856306551,0.30630329018664737,0.28839221528632014,0.5513883941312913,44.21779057934446,1,1
2026-05-18,Data,1.0290005514747547,24.220218140957233,0.35917828866002727,54.47360996933524,0.007181494454159436,1.7375800981498901,0.40897226183769525,1.2175469619118529,52.582647739732906,1,1
2026-05-19,Data,0.3222276629905466,23.787037490211546,0.2180992502160562,53.84971367550212,0.0034539302174584063,0.27633249150092987,0.3400508659025427,1.0184064289314627,51.03778083207707,1,1
2026-05-20,Data,0.7624376477572175,23.99312296730581,0.29360065517602085,52.32292086682758,0.005650493130765176,1.0441169328305193,0.17678103036916298,1.2185855667846843,54.65718409093877,1,1
2026-05-21,Data,-0.39058438542282714,20.012450060285452,0.13160413964574327,41.510259669249656,-0.003724404349344429,-0.6354890109070968,-0.9618710607620611,0.5662427315862468,47.28837037461767,1,1
2026-05-22,Data,-0.46449514077456533,19.965347432380913,0.11686267631865252,45.815065260698624,-0.010454659322578632,-0.7792110923541995,-0.49651492942536907,-0.02267475492630122,40.053159074875325,1,1
2026-05-23,Data,,,,50.72054531002276,-0.008363727458062905,,0.03094312479820091,-0.021464205173909914,40.053159074875325,1,1
2026-03-24,E-commerce,,,0.20163648555625382,,0.0,,,,72.04341596415486,1,1
2026-03-25,E-commerce,,36.87020879288812,0.30470102455851994,100.0,0.006577338101569153,,,,78.0623572713349,1,1
2026-03-26,E-commerce,,21.59568235893296,0.1618757793848522,41.91493328918601,0.0012253267024378632,,,,71.8683042605285,1,1
2026-03-27,E-commerce,,23.09818399682618,0.20128202897397815,49.93787916053408,0.0003035869298437851,,,,68.76340861106407,1,1
2026-03-28,E-commerce,,26.057648775487458,0.26498979645392584,59.07630671523786,0.0037571488691142277,,,,73.33921135031285,1,1
2026-03-29,E-commerce,,19.64054214232297,0.08738544036025767,39.1521766607844,-0.005636515545509002,,,,63.95747582016853,1,1
2026-03-30,E-commerce,,21.164310032166714,0.1717420014976659,47.55350160536659,-0.005859560627411459,,,,59.485743287089164,1,1
2026-03-31,E-commerce,,23.755726512790012,0.26864031596024746,54.73282452156244,0.0004907937371003118,,,,64.00615357567422,1,1
2026-04-01,E-commerce,,23.246077013157212,0.2311625773441328,51.980710898605984,0.002051647058739212,,,,64.85793849191074,1,1
2026-04-02,E-commerce,,19.753628885474146,0.10202404492686079,44.3044712335138,-0.005325542438263186,,,,55.73677062667472,1,1
2026-04-03,E-commerce,,20.878486720017506,0.1858808001675628,49.17796657877853,-0.0043131999006986894,,,,54.96884910174807,1,1
2026-04-04,E-commerce,,18.37284656229622,0.08178248130029564,44.35946319467973,-0.010080552961950198,,,,46.28387510117944,1,1
2026-04-05,E-commerce,,17.52665991238732,0.09422304480813691,45.00344474542127,-0.012334738866052113,,,,39.3151730420494,1,1
2026-04-06,E-commerce,,19.0173571485654,0.22245925242237963,50.86537170235416,-0.00485085065538305,,,,41.22886735297021,1,1
2026-04-07,E-commerce,,18.68215851398879,0.20586411374574068,50.17330517320032,-0.0008873861319451722,,,,41.505325760512484,1,1
2026-04-08,E-commerce,,19.444556280564846,0.2985479063527356,49.74559711199697,0.007637722298150381,,,,49.11287870345912,1,1
2026-04-09,E-commerce,,22.550444605039154,0.337838961996983,57.95643691285815,0.015150272832368052,,,,57.995334624869315,1,1
2026-04-10,E-commerce,,20.82651656012049,0.24575780887865786,51.91959755815791,0.013215953390886988,,,,58.28990162638392,1,1
2026-04-11,E-commerce,,16.289373695991276,0.043492577729665374,41.46132736612459,-0.0015998931945545608,,,,45.29391969258212,1,1
2026-04-12,E-commerce,,16.08100645657723,0.03579576484813638,47.711430435771675,-0.01129241189040169,-1.7036172997386818,,-1.3292818044803045,33.043782412801534,1,1
2026-04-13,E-commerce,-0.22778861278655002,16.35369679677346,0.17715445310780262,50.228543533029544,-0.007727518521321622,-0.11199113172630913,-0.09031623245804882,-1.0871020661120803,31.091597756298675,1,1
2026-04-14,E-commerce,-0.6252105836539804,14.46267438834207,0.15084090042000906,44.710558273618695,-0.006722851836324491,-0.40460591144311026,-0.5139844452232224,-1.1010603771513334,27.76642762490937,1,1
2026-04-15,E-commerce,-1.3808966477919165,11.589250843511815,0.007842981505156192,40.84045305450653,-0.014806752842265451,-1.8664745725176628,-0.796911247549329,-2.082191620910539,14.771258690687157,1,1
2026-04-16,E-commerce,0.13442443767129067,16.13349480087744,0.2418430889797252,55.28051320229201,-0.004070539660457733,0.6859082002427312,0.37503212292133803,-1.0643116438341302,20.883791562864303,1,1
2026-04-17,E-commerce,0.1565671499150166,16.04456713321346,0.22470724103927583,51.544170145875,0.0018813140603568292,0.4831897007278191,0.061958560627967285,-0.4180864747356453,25.577077263890157,1,1
2026-04-18,E-commerce,-1.516332261462126,11.299953143555312,-0.08234495895103268,44.37976801496683,-0.013983654233206395,-2.517244483713725,-0.5352993584308379,-2.10159195422045,5.356740470368026,1,1
2026-04-19,E-commerce,0.4638840873353808,16.06737914696891,0.3100324581222061,55.86411493945468,0.001976519692741721,1.2983273809486524,0.4488927128868709,-0.5579309422233839,16.886978316077716,1,1
2026-04-20,E-commerce,0.1973945537704654,15.546238469952524,0.2187053911217954,49.89590973551376,0.006174022476385266,0.3991845464484777,-0.07506707143228565,-0.016672572585121996,22.24164083648996,1,1
2026-04-21,E-commerce,0.40646950641691826,16.98200295648115,0.23613986324191355,50.83912118741998,0.009705706330663278,0.5591072851922475,0.009425902190643742,0.5431401370715546,28.26036107933233,1,1
2026-04-22,E-commerce,0.5277986775415023,17.609966203713675,0.25090898042888565,48.6200420537453,0.01244271308253064,0.6898820608747871,-0.19017256226938825,1.0711697253766532,34.52635507364796,1,1
2026-04-23,E-commerce,1.4919457737559927,21.83379888296929,0.4414533719441109,52.75958639657978,0.025727361109959653,2.32533614687622,0.19185365706455842,2.5776394663859796,53.73152445839658,1,1
2026-04-24,E-commerce,-0.09267784081104107,19.18536481810112,0.09760217073014663,46.520737252022826,0.010764147003192235,-0.845073155248978,-0.3914599864272448,1.4397452804242419,44.610587598466886,1,1
2026-04-25,E-commerce,1.6674285916733371,25.45418489930529,0.4652639620432453,59.19083897014593,0.024262679862364883,2.3161054179170852,0.8039034364223993,2.678658747640541,64.64547694973741,1,1
2026-04-26,E-commerce,-0.8657039737395738,18.421658196179244,-0.12461586615614763,47.21188462108762,-0.006270499794336116,-2.458178827233381,-0.3469271901724164,0.2467662097362927,37.89014738477001,1,1
2026-04-27,E-commerce,-0.1779405134215037,19.089932848505768,0.15910308449484126,49.70104361102614,-0.007035979171051059,-0.21779641981975423,-0.10169623976568569,0.05229967953116702,35.58344801636729,1,1
2026-04-28,E-commerce,0.7736057859346578,22.04533120058901,0.3430157447485804,53.02479120530233,0.00454311911766685,1.209242662239156,0.22538222423158832,1.0128637735928019,47.00674109788757,1,1
2026-04-29,E-commerce,0.8313876577417696,23.928620050964057,0.3040625572897468,54.820312071103125,0.009019431633812304,0.8782808621561421,0.39997287167260565,1.468948256537263,53.910470597963865,1,1
2026-04-30,E-commerce,-0.6026841306980059,19.549706833931367,0.015003515981924731,46.373673489391265,-0.00717252847621721,-1.367857689830563,-0.4547029822876133,0.09258972418389864,38.909873500927205,1,1
2026-05-01,E-commerce,1.2742644643029362,24.786619306120016,0.4863949380372423,53.65288400783546,0.013076367511705825,2.1576358613091466,0.2924182545258132,1.806069373968616,61.38903665423322,1,1
2026-05-02,E-commerce,-0.2035228678775423,22.50074144131628,0.06418861064071851,51.98174366137708,-0.0019529189116498785,-0.9625945747489448,0.11626704515495448,0.6309619794941174,49.51937796213157,1,1
2026-05-03,E-commerce,0.4794474765998087,22.71533074213891,0.2743009526141204,49.49170245968534,0.0020515247753194795,0.5932737709243409,-0.14556482349380165,0.9496192748315078,54.96200274176975,1,1
2026-05-04,E-commerce,-0.37272224043357327,21.012525950682758,0.09187855648083673,48.24140669195142,-0.0072793035974796985,-0.7625696707607759,-0.2760412319302965,0.10469613681780195,46.015406797563166,1,1
2026-05-05,E-commerce,-0.4818751346918173,19.956127098325908,0.10597447051615762,48.193441306393424,-0.011921354250720013,-0.6453429854048863,-0.2776923124524648,-0.47234768814257244,39.06210542608859,1,1
2026-05-06,E-commerce,0.09185304974600557,20.69655167782824,0.22297332868845157,49.62298114517331,-0.0067870292276316704,0.24135577036816858,-0.11940043272495827,-0.20418931981929395,41.66805813735082,1,1
2026-05-07,E-commerce,-0.5991671382336182,18.67497997756084,0.11042965889810703,45.43643128514887,-0.010427610001163106,-0.6143642963344194,-0.5755587863651902,-0.6813736176584506,35.369522928989404,1,1
2026-05-08,E-commerce,-0.3808587823825089,19.6276740528128,0.15084918920383392,50.80109833751475,-0.009591765757231379,-0.29788393232325544,0.02464511349153963,-0.7899946853555181,32.70618321110483,1,1
2026-05-09,E-commerce,0.10438630897256683,19.455924309270095,0.25902174868500677,46.63430416309286,-0.0016482997586292026,0.5407806550314398,-0.4413822100937229,-0.19302189647731544,38.453737726492,1,1
2026-05-10,E-commerce,1.507200951292292,26.61082870324186,0.4952107291382577,61.435088680087226,0.018507141969986266,2.2441651073446813,1.2160665065228098,1.7098262789442953,61.57747815144087,1,1
2026-05-11,E-commerce,0.2801313925915898,23.78658837322243,0.2096172783567487,50.931284729683384,0.011919114637524222,0.09561802830946876,0.022598315215931742,1.3846289206482973,60.720934186952455,1,1
2026-05-12,E-commerce,1.0418487690464304,25.65232389991707,0.38437401059831755,50.7650679886949,0.018265461428957252,1.3812122655097592,0.003476762243274765,2.1020985104712673,73.46002005581195,1,1
2026-05-13,E-commerce,-0.5761104625218283,21.58309624808232,0.0054572071855905,45.0933729942252,-0.00298964488931012,-1.4248151205590063,-0.6454200350496605,0.45955733664939274,56.250223036646254,1,1
2026-05-14,E-commerce,-0.8103369279580165,20.22544452441885,-0.010365277491032956,49.54202026256072,-0.017251934319480074,-1.4934771940559524,-0.12486667907812113,-0.9168782906827863,39.68557750950545,1,1
2026-05-15,E-commerce,-0.28376040779118983,18.94201461263507,0.19207466846204388,44.11521879588408,-0.0124152897483468,-0.006468530584082173,-0.7531480638635889,-0.7748244594538902,40.15355513282294,1,1
2026-05-16,E-commerce,0.884813453988739,24.592764676975076,0.39788100579765096,57.30407247905571,0.004381783936590519,1.474282173520474,0.7958869003137867,0.5670712995489665,56.15514808989775,1,1
2026-05-17,E-commerce,-0.009931330762900037,22.340359374097233,0.2101185078077448,48.58125237086859,0.002668261925782149,0.09715869077043167,-0.2381369992470282,0.48223982988265524,56.242048902847,1,1
2026-05-18,E-commerce,-0.08295313442661685,22.680067983557628,0.16932177929921097,51.826220192075674,-0.0011845866412172569,-0.20276945050332063,0.14948735944919825,0.16368304153924063,53.27966923426726,1,1
2026-05-19,E-commerce,0.3160514567383348,23.228735014432893,0.23071592893285545,52.877392644059604,0.0003479320594999037,0.2530681471803289,0.27403216362229,0.2858440860284177,55.336719542942845,1,1
2026-05-20,E-commerce,0.6899035965855443,24.478872389593505,0.3283830175693116,52.453349698730904,0.007489618688478731,0.9714503062431963,0.22027374030037944,0.9699946420295231,64.67141517192381,1,1
2026-05-21,E-commerce,1.262573171425333,27.857017226630163,0.4153996803680807,57.18335775921355,0.017075888441472835,1.5774067422379723,0.7910709247574117,1.9607915735130075,79.8036311825094,1,1
2026-05-22,E-commerce,-1.7390868537097537,17.896503893889022,-0.2963517566193826,41.99736571443754,-0.023322586028144146,-3.312367250396069,-1.063990745877826,-1.4990243200952444,39.348765502766085,1,1
2026-05-23,E-commerce,,,,39.66136573681354,-0.01865806882251532,,-1.3205792322971965,-1.4480159557003027,39.348765502766085,1,1
2026-03-24,ETF,,,-0.05449922819300834,,0.0,,,,35.308720825330255,14,14
2026-03-25,ETF,,30.744867710371494,0.12592253460639008,100.0,0.011514095403722294,,,,37.36586219256325,14,14
2026-03-26,ETF,,31.15889880895059,0.15606093982267308,100.0,0.020024439090081773,,,,39.77835548285003,14,14
2026-03-27,ETF,,20.563239163302097,0.009336644277705494,58.933480039200994,0.014873358987344626,,,,38.81852854879406,14,14
2026-03-28,ETF,,22.80818054988963,0.09900221331380725,67.1721031784003,0.016481540764137922,,,,39.257684616804795,14,14
2026-03-29,ETF,,25.421337457400277,0.24743049501922756,75.35612365778897,0.025954527669093973,,,,42.50382371103713,14,14
2026-03-30,ETF,,17.55030673566457,-0.10323780577066406,47.42409217473323,0.007950098902011132,,,,39.146164051615855,14,14
2026-03-31,ETF,,20.348808811613946,0.12782148399894613,57.74444811800429,0.010773556148822892,,,,40.86509126727791,14,14
2026-04-01,ETF,,21.54684069006144,0.20874757499825694,60.4626434008581,0.01689781343079621,,,,44.896439813946586,14,14
2026-04-02,ETF,,19.899967356880033,0.06613087993102211,54.30622285607135,0.010465412636165468,,,,44.89753447031965,14,14
2026-04-03,ETF,,20.725847697793256,0.13082671341665647,56.323630331365116,0.009706287360747405,,,,46.25892926862869,14,14
2026-04-04,ETF,,18.884570432501597,-0.021500846514744182,51.01993420043532,-0.001329192681439037,,,,43.35573839145875,14,14
2026-04-05,ETF,,19.040386128574035,0.01654950578488612,52.14555086062208,-0.006074691606225376,,,,42.36466607650963,14,14
2026-04-06,ETF,,19.356800107929374,0.06332154060927211,53.46023939509771,-0.006058542474363292,,,,42.19309656601566,14,14
2026-04-07,ETF,,18.998923075669072,0.042037618285949686,52.800152468165045,-0.007388094703449328,,,,41.49742831173107,14,14
2026-04-08,ETF,,16.86063722221297,-0.01909700770566323,45.48082478851967,-0.012017748997493614,,,,40.41136929933848,14,14
2026-04-09,ETF,,17.447396500532776,0.06383244857533005,47.21747795172301,-0.009251925152438265,,,,41.344706429992826,14,14
2026-04-10,ETF,,18.781993721609872,0.08259893345317805,52.395249971502736,-0.006069391869934496,,,,41.91478767366523,14,14
2026-04-11,ETF,,16.51373277170461,-0.04523411846948873,45.399136531513655,-0.012134313422174317,,,,39.160104772291355,14,14
2026-04-12,ETF,,15.90633908365356,0.019757780601554753,42.32937381926401,-0.011344132849301677,-0.4577738472321694,,-1.4246399131487948,39.8478873697199,14,14
2026-04-13,ETF,-0.21570820469378418,19.819188061214707,0.06484114778008931,57.131231972162205,-0.007543390063120988,0.04415519850740807,-0.10762871216178015,-1.2089563029304067,40.99505806135098,14,14
2026-04-14,ETF,-0.2708210552799186,17.410787248847107,0.07641437302077096,47.31971133815477,-0.004176272484049594,0.17262420510770318,-0.6947563154347505,-0.9966061715973913,41.54289459916943,14,14
2026-04-15,ETF,-0.6376023455952543,16.012064667951414,0.050926791843255416,41.26658922223854,-0.0036130681665147713,-0.12338919467239143,-1.0259310487128415,-0.9762752749716685,42.394305058559496,14,14
2026-04-16,ETF,-0.505643497956843,18.05317477713447,0.05129468087008851,49.02559753069452,-0.003178555842911747,-0.11654709355925705,-0.5218546939731298,-0.9607187349282841,43.019427871063044,14,14
2026-04-17,ETF,0.5323224449922503,20.134780822471434,0.20817046832575192,54.5310965249873,0.007147729996534114,1.6617407226035334,-0.16522013554078255,-0.10442423894988791,46.75706791862077,14,14
2026-04-18,ETF,0.46990753658341355,21.848515888870136,0.14384730225261155,60.80039286296886,0.00899997529751042,0.8750332790150471,0.24063315566028323,0.18731616020517294,47.83920861989228,14,14
2026-04-19,ETF,0.7082329790420345,21.994466697474074,0.18544479887561505,60.981203070885606,0.01218285487812875,1.2954442601887557,0.2476977930140716,0.6282095736074996,48.22904956541629,14,14
2026-04-20,ETF,-0.06962486273765038,19.947518906790734,0.08557557873875227,51.35345902324323,0.006977055877306498,0.13265130641126724,-0.39991198908401315,0.3636155844524892,50.38881418340081,14,14
2026-04-21,ETF,0.5009305560662821,21.568463888343267,0.15492046349337957,56.48619176705815,0.007569238980660135,0.9225969791289251,-0.04350502961693545,0.5391170817879464,51.60159110383698,14,14
2026-04-22,ETF,0.10750536331356084,21.938192277199988,0.10842940648510603,57.453025227468935,0.004354810708354168,0.36421093982801944,0.02434332662675882,0.3694752890719482,52.25749932314683,14,14
2026-04-23,ETF,0.9068374006206381,23.035509972291827,0.23400543780685035,59.47319985351277,0.009893971916364548,1.7473219936253153,0.16676037176350447,0.9605977766938292,55.00925242119705,14,14
2026-04-24,ETF,0.1659253907532706,21.50235272864713,0.13083311870360928,52.45444863528424,0.006008605752265077,0.5407244986583318,-0.3404399503172803,0.7562254008307779,55.95722343058478,14,14
2026-04-25,ETF,0.17103552597401958,23.304280731104317,0.11651308178036783,59.30572123264238,0.0020764559750187025,0.3665574309013875,0.1655487860818421,0.480089615045968,56.49195058654276,14,14
2026-04-26,ETF,0.14354591130433197,22.804364032375474,0.13259992621229094,56.87920163289488,0.00025687639317031885,0.5471414062628498,-0.0172274438609151,0.33554354575624556,57.043884196380986,14,14
2026-04-27,ETF,-0.31268490255205905,21.01375642283429,0.07423258066533014,50.563405146004584,-0.004895277688244961,-0.15172547930579394,-0.4921837831133112,-0.17393486252658177,55.787112018465315,14,14
2026-04-28,ETF,0.20724504056553505,22.05420006547219,0.14374189986429736,53.77655145206773,-0.0036941931438690193,0.6812921121704699,-0.23946327591156738,-0.14921811093421972,56.2030496371648,14,14
2026-04-29,ETF,0.294028493144752,22.869760082024715,0.15345303824047618,55.85454422956578,-0.0023817449352703315,0.7830226766115509,-0.07503396815413214,-0.08876607599063355,57.068774209157596,14,14
2026-04-30,ETF,0.28233222410672265,22.919749560694477,0.1514995450483535,55.711643675030636,-0.0018072779007199356,0.7433594911544963,-0.0852811786567174,-0.07747037332553564,57.5678835889291,14,14
2026-05-01,ETF,0.5140826219786294,21.785290475677716,0.21756093169433982,50.597066222180146,0.002619192207812971,1.4967318240190142,-0.4909348848611182,0.3491546766886245,58.03661151148698,14,14
2026-05-02,ETF,-1.014507908446876,19.202200904471887,-0.015259066303389256,41.66878176472318,-0.009851901055467016,-1.297423207301562,-1.1823720197254208,-0.9127781378893507,56.6427623369356,14,14
2026-05-03,ETF,-0.46301253868070713,20.51479462073586,0.11498395049089842,46.62390576703188,-0.009068016465667031,0.2726729359264793,-0.7642621396645781,-1.0144022903593786,56.749390782960006,14,14
2026-05-04,ETF,-0.6499693630156127,21.06263710845721,0.0724236658671709,49.33321415102916,-0.011024496227336391,-0.24454047710168517,-0.5345037864292299,-1.3700400515837974,56.23576605843927,14,14
2026-05-05,ETF,-0.16643791260664206,21.191316057304576,0.13870311790377066,49.175236883234675,-0.007624996591670517,0.5663687071629254,-0.5391587187476358,-1.2068326804695424,56.92918399019567,14,14
2026-05-06,ETF,0.38202893665336557,23.116693496730072,0.2149098188588041,55.256384785776504,-0.0003957674769056521,1.4610227929643966,-0.03320354351856888,-0.59476017632346,59.37668519037153,14,14
2026-05-07,ETF,-0.39118037911957904,20.523550065347933,0.12793838927534362,44.55654817687048,-0.0015578512977266479,0.38708197850454107,-0.913892699610091,-0.7147065724155731,59.84174567044879,14,14
2026-05-08,ETF,-0.6991469593732922,20.83120712167797,0.06664800570208003,46.55799910591117,-0.006276074126693478,-0.3690680716300791,-0.7324452800088862,-1.2187459749839316,59.10205093985063,14,14
2026-05-09,ETF,-0.8564034980752308,20.777675781032684,0.05307091959782834,46.59512759149952,-0.009916623334953398,-0.5319020482257557,-0.7172782356403238,-1.6676054167728935,58.60421974349809,14,14
2026-05-10,ETF,0.26833317961123404,22.943863802465366,0.21452588219199692,53.8034122461234,-0.0014981255588826133,1.4571734555813185,-0.10214108172620917,-0.9763519330809769,60.47059407038741,14,14
2026-05-11,ETF,-0.5672769316756032,21.410175174358287,0.08467203601542174,50.45448513462704,-0.004549795413992723,-0.16038168744671982,-0.38591392120586504,-1.2890601330770408,56.76952287708557,14,14
2026-05-12,ETF,-0.8791304816843971,20.2931481295185,0.05388471711566836,45.95154210051766,-0.008298206312389932,-0.5411888288375575,-0.7646492425218739,-1.7001169046200477,56.048705409368964,14,14
2026-05-13,ETF,-0.09346186521213803,21.706667215120873,0.16012209333280433,50.27642680679847,-0.0035233138869250804,0.79399551825259,-0.3827792659486935,-1.34542044238446,57.9640858465669,14,14
2026-05-14,ETF,1.049786974643713,24.834426201171688,0.34907760860662224,57.09029784524522,0.011630420922016433,2.8928718353371954,0.2149785202557144,0.10549863989872486,65.64851661555775,14,14
2026-05-15,ETF,-0.34203613791864207,21.91793381040374,0.10797852304903588,46.50641263234666,0.005023441225314857,0.062403443552002606,-0.7153776181771697,-0.3255106180036525,65.84373757093667,14,14
2026-05-16,ETF,-0.44459686105719354,23.52466069434361,0.07535817451323751,53.31170246856622,-0.0015832074415131226,-0.3209191032543126,-0.10648200036163868,-0.8840015397510776,65.23094343546055,14,14
2026-05-17,ETF,-1.1627915236745376,21.036664842521276,-0.011468860797690739,45.227190179999326,-0.011299052848420523,-1.324134845198929,-0.8225697549708334,-1.834618282040997,61.90381294452029,14,14
2026-05-18,ETF,-0.8084653342250654,22.093493845227798,0.06955525803593256,49.89479019548347,-0.01171674051234696,-0.3592317420577864,-0.39618259448861864,-2.005261902825494,61.41429741014623,14,14
2026-05-19,ETF,-1.6389687637439463,19.816944695020798,-0.0687922371688999,42.771469628137666,-0.020257706254847407,-1.9277254818507856,-1.0262546948933335,-2.810907624939023,59.254041523992406,14,14
2026-05-20,ETF,-0.31297289762161384,21.44152793381918,0.1656728760633809,48.455080032736035,-0.009604252662957703,0.7930941032074718,-0.5028691797762989,-2.104036290729583,59.31923197333172,14,14
2026-05-21,ETF,0.04481701832039225,22.91700999751702,0.19665547089771396,52.2346694581493,-0.0004424694485853749,1.1326595343077588,-0.15483691785658132,-1.4287069163720505,61.97858256856559,14,14
2026-05-22,ETF,0.13561011033966056,23.533129331317102,0.18227543969611038,53.87852236467004,0.004410159515518044,0.9496011045956555,-0.0027291227030950176,-0.9967338289902424,63.133038878236846,14,14
2026-05-23,ETF,,,,54.373780375231014,0.0035281276124144354,,0.04313253005881346,-1.009552972777337,63.133038878236846,14,14
2026-03-24,EV,,,0.19781325434950325,,0.0,,,,50.583634198594,4,4
2026-03-25,EV,,6.906077430644229,0.11404181534646333,0.0,-0.00534609753181794,,,,48.93028904726209,4,4
2026-03-26,EV,,14.64055366495377,0.15377305108210226,32.170344342506624,-0.005868937144099191,,,,46.3282803107616,4,4
2026-03-27,EV,,15.768511882831573,0.16516544714441295,37.8988138664994,-0.005136386066361217,,,,43.52079715921115,4,4
2026-03-28,EV,,14.471336442088827,0.1477244995567864,33.5597794525067,-0.005483751732018207,,,,42.11903303985585,4,4
2026-03-29,EV,,20.641883386809518,0.22555840802475607,56.027102248796446,-0.0003970614953043858,,,,45.65931825616586,4,4
2026-03-30,EV,,16.803088102387047,0.14687193649188254,41.753235788014145,-0.0021589230097489587,,,,43.45925611133411,4,4
2026-03-31,EV,,20.10860915337679,0.2265255644088964,53.695182635614096,0.0019888514663939823,,,,44.77062941191916,4,4
2026-04-01,EV,,19.66015724221203,0.21097426423364188,51.62859063978419,0.0035429490112784652,,,,44.34775090341522,4,4
2026-04-02,EV,,19.644404608825717,0.21419413875928672,52.01100423604955,0.0045797691612580824,,,,42.5263819816619,4,4
2026-04-03,EV,,21.496559898046137,0.2607025990230078,56.92934965699168,0.007990156227377917,,,,45.74790444135792,4,4
2026-04-04,EV,,18.424581002193413,0.14904613621374183,45.68773079706965,0.0025975438567952453,,,,43.98698698387367,4,4
2026-04-05,EV,,16.89291523980678,0.08673720729574871,41.152914936867425,-0.00488660436671265,,,,41.57849232035939,4,4
2026-04-06,EV,,17.12096774857446,0.11446720520964931,43.642414192065914,-0.00753214380333509,,,,38.265287648918004,4,4
2026-04-07,EV,,15.890471858139568,0.06521867396316985,40.592574006465604,-0.011901676058764358,,,,35.59645991909467,4,4
2026-04-08,EV,,21.19437033287151,0.27249622164275733,59.56573369096164,-0.0007246941200246748,,,,38.28890436844377,4,4
2026-04-09,EV,,20.589343110394623,0.2566152650629142,56.39256388060154,0.005370823188883473,,,,39.37231209155769,4,4
2026-04-10,EV,,19.23487595371036,0.18280317979792607,51.01739429336649,0.004252569334984778,,,,39.776714978269545,4,4
2026-04-11,EV,,15.709880908267348,-0.04104285910088963,41.20551330616082,-0.010913024694901071,,,,34.96002424988761,4,4
2026-04-12,EV,,17.855308360380782,0.16778580588492814,47.60122185598858,-0.006451052120215859,0.02546068814094783,,-1.3623480560776338,38.58496392267509,4,4
2026-04-13,EV,0.15327575007077293,18.960796941760567,0.1904574946443802,51.89800468620651,-0.0017862050957956187,0.318984829935734,0.5448803394817184,-0.716246453421696,38.94744422072223,4,4
2026-04-14,EV,0.1433159006268012,18.311569938258703,0.1818118304375707,47.92451231370864,0.0007667315335384457,0.19660288464898595,0.23727658395751247,-0.3010342908341783,41.09374484822946,4,4
2026-04-15,EV,1.269636010488768,21.02379272923321,0.3239382511169941,54.692125621173744,0.011482309175197583,1.9342629795978343,0.7367840275270483,1.6152099769364385,46.79113366631988,4,4
2026-04-16,EV,0.09063226213052566,19.080483656177904,0.14547464489696435,47.508366860521775,0.00626686671491102,-0.3671199250319258,0.16829997906458383,1.0362324698084533,46.565547730130994,4,4
2026-04-17,EV,0.6843490753329781,19.60631227785673,0.21924667765921785,48.526031208758134,0.007422377356255343,0.5900327375150959,0.24476493316325945,1.3833876411583745,48.08497837651386,4,4
2026-04-18,EV,0.8166025362963805,20.91135074479042,0.21974420807880307,52.729424085210255,0.00781737954232127,0.5814369662142641,0.5743255384970245,1.5934205084027218,49.04071870752618,4,4
2026-04-19,EV,1.0724587890043171,22.4014059200108,0.24727055946596357,56.36871769258642,0.009422101915438387,0.9213946389309645,0.8480479782955138,1.9345295118638073,52.161973974953085,4,4
2026-04-20,EV,0.16582936495634912,20.671707412950465,0.14511953604119676,51.14824399657117,0.0034037492804825315,-0.4566735639808718,0.40236226844081574,1.2110304342875609,50.68001683892015,4,4
2026-04-21,EV,0.007146158360432711,20.78831115975621,0.13628247595508747,52.74518228389306,-0.0011297857873261035,-0.5654719198916934,0.5260891910472382,0.5829881388703808,49.079517120275355,4,4
2026-04-22,EV,-0.3966929210522071,18.01400884538815,0.12386175023246526,43.24069142823682,-0.00472113672866167,-0.7201334367800477,-0.28828349848322615,-0.032419407540144704,47.17279683922696,4,4
2026-04-23,EV,-0.939795415027902,17.056848420608077,0.062100887256349026,41.50859034366324,-0.010671692228261316,-1.5024410351556254,-0.4315983285624338,-1.1212066979397581,44.655422930154245,4,4
2026-04-24,EV,0.24708434064715626,19.585927546780482,0.20937129198902593,51.0899129546219,-0.004424803372208236,0.5121197290538634,0.4128369321230075,-0.44109951960421895,45.21877925236494,4,4
2026-04-25,EV,0.7405093609132715,22.77930976414556,0.22541066872414162,63.1775726946823,0.0007749624606101335,0.7183816290275812,1.4290820087804446,0.2687400774603556,46.670740743734584,4,4
2026-04-26,EV,-1.3592142565619845,16.46366687389228,-0.016619351267621582,41.170134919562486,-0.01142532074670274,-2.389748303191013,-0.5092742189599933,-1.6538621981011337,42.59553580916897,4,4
2026-04-27,EV,0.176014203166714,19.645774264476227,0.21402748330990795,50.941152218587725,-0.0037008853752828336,0.5757022021202727,0.35986521450785347,-0.7493707299963642,47.0214262933009,4,4
2026-04-28,EV,-1.022600838738485,17.589149958222585,0.046384276159903814,45.2016386783595,-0.009302454989359898,-1.5317031906342062,-0.15878798343248018,-1.690400669415846,43.727100070673956,4,4
2026-04-29,EV,-0.24859547669754165,17.350107698122017,0.16759399765875713,44.37719316520428,-0.004507741555529361,0.014699686107106168,-0.23134693224570227,-1.1821417090909712,42.80918770220707,4,4
2026-04-30,EV,0.2550951835813048,19.726253813179024,0.20268893112794378,52.29426106078177,0.0010664433447885764,0.4614404160119577,0.49935590625690507,-0.43503998944064104,45.287856174164844,4,4
2026-05-01,EV,0.8679949355003921,20.2976128082021,0.27764763239882906,52.33961920429547,0.009378559768022814,1.3863644554533145,0.4954497525799236,0.9086299403315713,48.192527221960134,4,4
2026-05-02,EV,1.58693567440156,22.037042704957145,0.35741188073707475,55.18579548057801,0.01925632690165164,2.2254718710183488,0.7513510045815324,2.5199487082590726,53.82668472799104,4,4
2026-05-03,EV,1.5528688067368592,22.438046410747504,0.3309485331628661,53.154587013340986,0.022774518625217094,1.8002420978266078,0.5476239076372297,3.0998760733663304,59.21952421686145,4,4
2026-05-04,EV,1.726058474721301,24.670195311867012,0.3429341750114493,58.00140055465023,0.024524039209873182,1.8366388577018027,0.9916136035894886,3.3055014538987026,64.28748292341156,4,4
2026-05-05,EV,0.5410900840212092,22.895249012454947,0.17160460054057056,51.26275132589763,0.013318634135721371,-0.1248889924992519,0.3353382208879029,2.382039204812125,63.80195471425759,4,4
2026-05-06,EV,0.3018607183290588,22.5853045890182,0.15598424244389952,51.1457446613372,0.004487381049889589,-0.30224847046977366,0.3197986095314976,1.65342619147781,61.74191129780562,4,4
2026-05-07,EV,0.0171709204122234,22.474830810784617,0.12155715490512392,52.1628586118401,-0.0036032798710799695,-0.6940606090875464,0.41480351517694514,0.8903494897324999,59.24895692748851,4,4
2026-05-08,EV,-0.4356778417956719,20.29311944551643,0.09402672624052959,45.40365949397645,-0.010357284894915405,-0.9962665546198756,-0.2568753672572052,0.11342119611739412,56.01543964281277,4,4
2026-05-09,EV,-0.24429988678754916,20.62429268951096,0.15136786244873582,47.143509965921126,-0.01047953245187127,-0.31676525930031774,-0.08045278680377349,-0.11553159691807237,56.36545875971221,4,4
2026-05-10,EV,-0.18989244421804805,22.69973279371294,0.12469210622135005,56.538014127307775,-0.011776591310349267,-0.6251019939590726,0.8616946658502561,-0.46944556729713505,54.927459283059875,4,4
2026-05-11,EV,0.1289879246131556,20.856599264152514,0.19630802328292862,49.038720412916255,-0.007442418968308143,0.2303852055960877,0.09350975435756369,-0.25500972966023217,55.15092523046523,4,4
2026-05-12,EV,0.029482274872223435,23.0597057795152,0.16623567482373935,57.64271453762362,-0.006278449245839408,-0.13214901059751447,0.9636331996009593,-0.28696303035945175,55.571425135994716,4,4
2026-05-13,EV,0.5121746049587833,22.597430720793767,0.23504358678255932,54.60918077420747,-0.0008379012511178774,0.6985476203371495,0.6406393806815068,0.16770946567627026,57.28966553334857,4,4
2026-05-14,EV,0.5318945008356812,22.26202979701341,0.2343239927354669,52.268357583053735,0.002562747379675457,0.6800091591495966,0.3925507261644393,0.5173997520084848,58.946015883624284,4,4
2026-05-15,EV,-1.010884003632737,17.564848651095495,0.05042685134945067,35.908797368949195,-0.007189245166643613,-1.5393439282268138,-1.290197940628501,-0.5015056384950786,55.906534256452304,4,4
2026-05-16,EV,0.7804446994902846,21.42396503345548,0.3241327768386421,48.33636450429983,0.004545701597651341,1.7257779451721922,0.005187364604436268,0.6405093502845887,60.71303052578865,4,4
2026-05-17,EV,1.049401084854412,22.432702198968435,0.3304467388423302,49.97439936658868,0.012058389343480944,1.7336711964206266,0.17592671432449403,1.5370612753557227,64.04204650959369,4,4
2026-05-18,EV,-1.2703510352809915,17.525107129443313,-0.043799952143745255,35.59438937134554,-0.007783155893684121,-2.470169076866419,-1.3174567482969626,-0.39102956690306656,57.21912433778184,4,4
2026-05-19,EV,0.701813448631377,22.348321832325738,0.2844060488303861,53.76210424346926,0.0011169512928789795,1.1561268988447095,0.5913000435846005,0.42492973432334263,58.53185647824146,4,4
2026-05-20,EV,0.0744055403923724,21.357640480979807,0.1847990577907374,50.91003720111998,0.0002606396157510708,0.05133876898869585,0.28602439137197544,0.3503077081203552,57.0902256973082,4,4
2026-05-21,EV,1.022272532742374,22.999436924922648,0.31158322995323096,55.67064624840482,0.007781243975325493,1.4307737126989681,0.7841464447794791,1.1842288648098929,59.410709865378884,4,4
2026-05-22,EV,-1.1788691027524194,19.02316108451641,-0.07134759733485135,45.92859474268616,-0.012388460995626594,-2.6184921495492395,-0.2590646142588215,-0.9049144892038254,51.01716384324055,4,4
2026-05-23,EV,,,,44.357586359341376,-0.009910768796501275,,-0.4248512907170888,-0.8819498872355264,51.01716384324055,4,4
2026-03-24,Ecommerce,,,0.37362817983544544,,0.0,,,,72.9023686875104,1,1
2026-03-25,Ecommerce,,35.756976647201185,0.38983687762362096,100.0,0.001034401226367887,,,,73.4994444417576,1,1
2026-03-26,Ecommerce,,13.056256446355382,0.27932603306168297,12.791000888712574,-0.00542638268227238,,,,68.04473836839054,1,1
2026-03-27,Ecommerce,,11.857467377722111,0.267033925414216,11.659956405421866,-0.009965860302459245,,,,62.363634929772466,1,1
2026-03-28,Ecommerce,,9.575278480959385,0.20436450966064348,8.036796973383147,-0.01625538134618909,,,,54.74837162529347,1,1
2026-03-29,Ecommerce,,21.835322825260157,0.4097558204914165,54.437495975448506,-0.006168029983675494,,,,58.85259578284035,1,1
2026-03-30,Ecommerce,,14.809585923095376,0.157629914152682,33.616593726112555,-0.015528389664770836,,,,48.35487599864533,1,1
2026-03-31,Ecommerce,,12.577274568129685,0.12540839225993092,32.04999438492365,-0.02251833592176347,,,,37.76601290539285,1,1
2026-04-01,Ecommerce,,13.84762610252276,0.2203722405593562,40.255650745699135,-0.019488131393931574,,,,33.438788545047885,1,1
2026-04-02,Ecommerce,,12.67604590343112,0.20199782714376804,39.336524861934066,-0.017524904495592117,,,,28.44301137208722,1,1
2026-04-03,Ecommerce,,14.199266874384953,0.29181091852524677,45.42701211710434,-0.009389137490036233,,,,28.85846276248902,1,1
2026-04-04,Ecommerce,,14.386319617532678,0.30066220312265846,45.961691160212894,-0.00295642590124863,,,,29.405962210907898,1,1
2026-04-05,Ecommerce,,12.210739701819136,0.19266087815514416,41.05383383801069,-0.005378892085840109,,,,23.994119159240448,1,1
2026-04-06,Ecommerce,,15.277331623595057,0.3743814992885751,50.03156866261628,0.005277014874818933,,,,28.345379975035478,1,1
2026-04-07,Ecommerce,,15.700101664635069,0.3595823746177033,49.418606703735136,0.011018134046198003,,,,31.133220577648842,1,1
2026-04-08,Ecommerce,,15.224576004234859,0.3145186876133689,46.95511476371071,0.011421274271988847,,,,31.36481095787814,1,1
2026-04-09,Ecommerce,,14.598505395701189,0.2148505983025969,47.3704012194558,0.004946782648019659,,,,26.666963327038918,1,1
2026-04-10,Ecommerce,,13.273737456930398,0.16976185241784658,46.1361712550333,-0.0020272203561252713,,,,20.348287610245745,1,1
2026-04-11,Ecommerce,,17.295539552280044,0.41307000676665445,57.24978407935833,0.009460718215667647,,,,26.966725529537758,1,1
2026-04-12,Ecommerce,,15.399979078354773,0.3511313931732612,47.738147657943216,0.012416328868678599,0.7788741106866838,,1.090478542931746,29.237824432084874,1,1
2026-04-13,Ecommerce,-0.19328612948180923,15.215907846825367,0.181238084583225,50.97256558651583,0.002951387928620614,-1.0409315554572003,0.40916183529424427,0.4703023509103202,22.90518099450966,1,1
2026-04-14,Ecommerce,0.6939006206159621,17.59656227708474,0.33751221092160455,57.92758293816187,0.00700617062068655,0.6562586587166229,0.7388491365421271,0.8469204253228789,25.988062843711827,1,1
2026-04-15,Ecommerce,-0.7280711095685946,12.650132888179783,0.08268646434678716,45.40318152445158,-0.006929106209238645,-1.9389817737771728,0.08494616205023252,-0.2641854504391096,15.259534658923034,1,1
2026-04-16,Ecommerce,0.04016729896217603,13.940540731108475,0.23804204196254627,51.102538291648514,-0.005217086897657052,-0.32455394052958947,0.3794517815615579,-0.2294809561122134,14.244043382542833,1,1
2026-04-17,Ecommerce,-0.02255179811908785,12.965643380698397,0.23053809319706173,48.02637611419827,-0.004168816092124904,-0.3945748058142485,0.20763190463672274,-0.22435175684897635,12.925559992013529,1,1
2026-04-18,Ecommerce,0.5369417005451615,14.450068476167186,0.3405168640786529,51.205219025426395,0.003915452202910147,0.7626941129479374,0.375685931130704,0.45322268297411245,16.483240681643288,1,1
2026-04-19,Ecommerce,0.8098077897961372,16.278881519483097,0.36136649342130106,55.38559172982275,0.01028901901312287,0.9529572700592794,0.5963852264201379,1.0957188800678783,20.443861658299785,1,1
2026-04-20,Ecommerce,0.41639098978811717,14.218932946748076,0.27925672934750567,46.757089376484814,0.008662159658926315,0.06164798277782867,0.09987750534850989,1.0914934022463503,20.225963416850895,1,1
2026-04-21,Ecommerce,0.1179775343040704,14.138897013076035,0.25918503811137633,46.58960186643885,0.006045452896706181,-0.1573380797914168,0.08851156113491905,0.9726464092462803,19.034237148982534,1,1
2026-04-22,Ecommerce,0.6351916384193355,15.582367165471371,0.31974753274301343,50.175767929786566,0.008077607603945552,0.5127744289023706,0.29654404109873744,1.2272725752524696,21.335736481524684,1,1
2026-04-23,Ecommerce,0.6629831896180869,16.75825838732513,0.3076291992940822,53.31380809577484,0.008260318555002626,0.3679925869963279,0.47671796269794897,1.3327245751428822,22.638418367867747,1,1
2026-04-24,Ecommerce,0.6499767398400629,17.410517253578302,0.29811039394880373,54.70379308659841,0.007421324853120245,0.2537710926670457,0.5503002719213105,1.3446748412339273,23.5651357014672,1,1
2026-04-25,Ecommerce,0.853314033453462,16.433897197491554,0.36434057860614344,47.947769711125055,0.010803136782702526,0.9993509107905446,0.1287551529870203,1.6828468494280713,26.82134246264984,1,1
2026-04-26,Ecommerce,0.035913301717966334,15.18712549748212,0.23289089252601916,45.29575305477185,0.004013097673745063,-0.5324900527331722,-0.03802673559031984,1.2229827116182004,22.691693501907427,1,1
2026-04-27,Ecommerce,1.1198163214369956,19.683149794055947,0.3936823960182612,58.51384480860058,0.009844487793870534,1.319094803197298,0.7899819132694798,1.7030526038143072,28.566985504966784,1,1
2026-04-28,Ecommerce,-0.023393459546330153,15.917271623034665,0.22260648380426595,45.449069235826315,0.002079613384460719,-0.6715600739331631,-0.05156073454439534,1.1667569735041883,24.72512255632931,1,1
2026-04-29,Ecommerce,0.7205371898099752,20.03220492880992,0.30728858190267005,60.281170309315975,0.0025170501799669934,0.323605577989714,0.8957577798741568,1.1976376060418876,26.11684662159786,1,1
2026-04-30,Ecommerce,0.29370633621471565,18.245785587651802,0.2864377983366809,52.526418848454036,0.001332006743615278,0.0733013202586177,0.3811047333214102,1.1060998439272904,26.335840347766283,1,1
2026-05-01,Ecommerce,0.8231327849586989,19.800010572946924,0.3480153816075417,55.804975382498114,0.004449495956752659,0.8024051785841461,0.5882284368885657,1.3397245433643248,29.894838515320338,1,1
2026-05-02,Ecommerce,0.8570819072602366,19.278892613058403,0.36448230024545997,51.304801848906905,0.007211306813259109,0.9781055316611332,0.28286121106977385,1.5699139249538843,32.75326844214617,1,1
2026-05-03,Ecommerce,0.28267123798340754,18.028372394600996,0.296392886304739,46.6355669045378,0.004192783044607003,0.14689630619469174,-0.03336420961559187,1.388561725318592,31.627295112932398,1,1
2026-05-04,Ecommerce,0.42094156325594767,19.691642192018527,0.313983192103861,51.92694477282401,0.0031678168701005363,0.3590016393266332,0.3257581927060793,1.3272992979085438,32.88752639077096,1,1
2026-05-05,Ecommerce,1.2393135553060468,22.658913356287652,0.42593031803961623,58.396449315573065,0.009460516125472915,1.674175118026343,0.7606447755830058,1.784136172694874,39.92546731495189,1,1
2026-05-06,Ecommerce,1.1387132249940715,22.762496844698994,0.4077184961107312,54.62712598774567,0.011681910204794458,1.4021775159158272,0.49030032153578923,1.9798828106892958,45.219274277204775,1,1
2026-05-07,Ecommerce,0.6338363670616037,22.49683295707915,0.34801499896856736,52.02296036186632,0.008560512709381015,0.6728716138805307,0.30302372117389037,1.8252683181431146,46.73913309018146,1,1
2026-05-08,Ecommerce,0.5022327972756361,22.554015463392776,0.3294177899880987,51.55408089039521,0.0048577819151880836,0.4419750184237186,0.2664623742752945,1.6130941068449458,47.287498122440226,1,1
2026-05-09,Ecommerce,1.1195575259297081,23.832877356307637,0.4261649059373697,52.97867897072821,0.008334719422350322,1.562585954691367,0.36452777650389767,1.836374934640194,51.95495857832309,1,1
2026-05-10,Ecommerce,1.2365049870538827,26.41360004718304,0.42043515475443277,60.28134379031728,0.009570636350786105,1.4445534248882805,0.8784068224141743,1.932697585528966,55.72732532070118,1,1
2026-05-11,Ecommerce,-0.8723288836572786,18.017877835861277,0.08562907268635284,35.81805364084565,-0.011685559882347527,-2.350026612362791,-0.8871934849967994,0.6275809196845221,42.45845201513951,1,1
2026-05-12,Ecommerce,0.020708247067516145,21.937654766988814,0.27551931085268183,52.394484052634205,-0.012413564843968262,-0.2093993855428906,0.3196494321524886,0.4159953772380898,41.07351126181892,1,1
2026-05-13,Ecommerce,0.9918739261653603,24.118069874809507,0.447452471957491,55.878662387781525,-0.0013544196724727987,1.6787027868153774,0.5688806447256353,0.9798834996560021,48.98715681114934,1,1
2026-05-14,Ecommerce,0.0851683688951024,22.32669022259969,0.2878927623819742,50.05466296418812,-0.004639069399471079,-0.09995786551168016,0.13524123191754497,0.7271594491076272,47.32855393481934,1,1
2026-05-15,Ecommerce,-0.23389050675688663,20.652804484737935,0.24386604259834838,46.03482019546084,-0.009358326237107186,-0.5882959088599385,-0.16449315047142699,0.3377097494345717,43.56957633612377,1,1
2026-05-16,Ecommerce,1.2407423684964565,24.761000847479046,0.5188916065943748,54.91168204415124,0.005653125127895115,2.367087348645411,0.5014540417481221,1.21444072080442,54.279794661868664,1,1
2026-05-17,Ecommerce,0.3060993841006465,23.6498803656267,0.3287055821335381,50.953765261891455,0.0025428756892744223,0.3082816798479449,0.19779951267306373,1.0576498201185094,53.494583508162506,1,1
2026-05-18,Ecommerce,0.04368587924729514,22.78145373350398,0.2837548008429866,49.12193890294249,-0.00249988212730487,-0.18006398808023294,0.05634353698136283,0.7367438570434595,51.10800383638506,1,1
2026-05-19,Ecommerce,-0.2557933367354034,20.974064324316615,0.2492595561864203,44.62635358237621,-0.007816603399789356,-0.5530573228702101,-0.28999009062424763,0.3333938799758589,47.25658700493961,1,1
2026-05-20,Ecommerce,-0.9129724841587777,18.56257153994784,0.1249906103577833,41.92169131691694,-0.018737660605094283,-1.8524092795504012,-0.4963543048826475,-0.5264023073493508,37.74888782366715,1,1
2026-05-21,Ecommerce,0.4802883675328484,21.84530293122254,0.3961474480612359,51.227008826238226,-0.007321050497122828,1.061184883739312,0.23522303204332545,0.008674038607417346,43.93911491672127,1,1
2026-05-22,Ecommerce,,,,51.71737894734079,-0.005856840397698262,,0.2717430301023094,0.00860268149928219,44.60816818160731,1,1
2026-05-23,Ecommerce,,,,49.18697222786127,-0.00468547231815861,,0.0683541446273987,0.0146725967163557,44.60816818160731,1,1
2026-03-24,Ecosystem,,,0.2996945355990607,,0.0,,,,35.30318444683952,1,1
2026-03-25,Ecosystem,,29.58432134604844,0.3536349941274317,100.0,0.003442354048534213,,,,38.653576416881045,1,1
2026-03-26,Ecosystem,,9.59391994790722,0.1957840903299806,25.46867725671855,-0.0046620207438226036,,,,30.318563421472987,1,1
2026-03-27,Ecosystem,,14.942056757276992,0.2858470655159909,47.70626617506747,-0.0037469064848747015,,,,29.13527012843553,1,1
2026-03-28,Ecosystem,,11.916897408841233,0.21812055238884726,38.96398676105939,-0.0072877395880475235,,,,23.819350914499644,1,1
2026-03-29,Ecosystem,,18.463840224568912,0.40794411411843706,59.675431237755035,0.0030169964765662735,,,,32.5145937635672,1,1
2026-03-30,Ecosystem,,14.515883346016617,0.2505973377386356,46.57501803755906,-0.0007028005001517958,,,,28.356601657447307,1,1
2026-03-31,Ecosystem,,11.429157914679495,0.1498163727475953,40.833500421609116,-0.009406405423345664,,,,17.87011047453687,1,1
2026-04-01,Ecosystem,,14.897612223620813,0.34086628714388595,52.041070967131546,-0.0021321032098529247,,,,22.19649025527319,1,1
2026-04-02,Ecosystem,,12.342973184268557,0.2026705030241458,45.76971109164291,-0.006231321095643517,,,,16.12886534796603,1,1
2026-04-03,Ecosystem,,11.951567178519667,0.22134336611761307,46.63858932644821,-0.007219160230127572,,,,12.016941268285375,1,1
2026-04-04,Ecosystem,,12.768728683322541,0.2839530376721532,49.359091047362924,-0.003384664882919164,,,,12.685368892962195,1,1
2026-04-05,Ecosystem,,14.69159075524932,0.3716182574995328,52.73323410035244,0.0048780666033253275,,,,19.373151766749665,1,1
2026-04-06,Ecosystem,,13.945758927454234,0.2893701441875902,49.63073728556376,0.004628594601357766,,,,19.549723699020433,1,1
2026-04-07,Ecosystem,,14.366292331301015,0.3085435666719275,50.31221285381443,0.005518852068293643,,,,20.754595322200807,1,1
2026-04-08,Ecosystem,,11.275015221573323,0.16012091206861526,43.599155655520086,-0.0036313675663397684,,,,11.407695626013293,1,1
2026-04-09,Ecosystem,,13.122153761499165,0.25060540292724487,51.89789932370138,-0.003340321584641053,,,,9.61481800050717,1,1
2026-04-10,Ecosystem,,12.81313774032294,0.28631183541131955,50.01671946762121,-0.0006351247789893608,,,,10.380648001567682,1,1
2026-04-11,Ecosystem,,14.112431184631511,0.31251619666222197,53.50032439186174,0.0028364516968782272,,,,12.788358426961018,1,1
2026-04-12,Ecosystem,,13.077206283697572,0.3341461501401212,46.8734727021833,0.006308001462827741,0.831484122020856,,1.2025453007288334,16.392915983843526,1,1
2026-04-13,Ecosystem,-0.33236138634935203,12.69785211021806,0.2138230685016701,48.391561707512686,0.0005240618280594961,-0.8568574538324306,-0.11797311737224792,0.2190176862448579,10.982237566246152,1,1
2026-04-14,Ecosystem,0.7404038843787973,15.734945468968592,0.330816031673663,57.805888774773784,0.004385925542047149,0.7999982623509663,0.5551683879190795,1.0444658967351508,14.562768796347257,1,1
2026-04-15,Ecosystem,-0.22005920221703834,12.243815712805267,0.24191388273009135,45.32020961541544,0.0009414051892730653,-0.4803260358459209,-0.36765652180393643,0.46509462357307046,11.643003475196483,1,1
2026-04-16,Ecosystem,-0.34424192249038377,13.206949996637006,0.2254153239216711,51.215606405830286,-0.002283565378089522,-0.702070314541827,0.08017923628012226,-0.21314420402671116,7.766594693236803,1,1
2026-04-17,Ecosystem,0.04340150304864003,13.464525853252905,0.2623187044617285,52.14808479269392,-0.001788676387223089,-0.14663449187946712,0.1497945919202567,-0.20024627742796033,7.205922003777793,1,1
2026-04-18,Ecosystem,0.7539015483842504,14.588609287567419,0.3476125204023241,53.259745720537005,0.004104046904099946,1.1062876938724155,0.23356118363918474,1.0517322832439788,12.244529080895148,1,1
2026-04-19,Ecosystem,0.9376249825314187,14.437999623250164,0.3578518152841398,49.23436623802247,0.008271963723343677,1.2028950584641396,-0.0922232761516814,1.9967547730203568,17.38776886204244,1,1
2026-04-20,Ecosystem,0.033649284903016635,13.792456570161699,0.2488693261389465,47.81255686218583,0.003513006962771986,-0.42765499516411193,-0.20632951109952533,1.2556649269164777,14.751687032066268,1,1
2026-04-21,Ecosystem,0.07300802220830996,13.823018892724932,0.2707854579601102,47.96671413190271,0.0017539684953949085,-0.09125879729894638,-0.18980260287419615,0.991873467003583,13.546971343812805,1,1
2026-04-22,Ecosystem,-0.1762000404721925,14.92591342153456,0.2287924626322649,54.176745432442026,-0.0021150964410179985,-0.7254968507404037,0.33874083305215,0.2288143615662314,9.915992405291089,1,1
2026-04-23,Ecosystem,0.5497634368730074,15.397445658284369,0.3132339964828068,53.837408732332754,0.000969714697756606,0.5857780622705904,0.30351722081300814,0.7912719560290277,12.72658997527915,1,1
2026-04-24,Ecosystem,1.4373569904980743,17.82366554935632,0.413278422182844,57.21101857605099,0.00924489967487389,1.9925101693857417,0.5905595158534683,2.363621678917604,22.013164835839195,1,1
2026-04-25,Ecosystem,0.14621794957966283,14.989142992580057,0.26086473023436807,47.43429481802953,0.004207153272475081,-0.2910728741593585,-0.28390981174652974,1.6196634422901233,19.314056731517315,1,1
2026-04-26,Ecosystem,1.0227045618560748,16.774225824972838,0.362216618582333,51.292026211285574,0.007274343925155661,1.2064906922085996,0.06727399974085196,2.17380110637954,24.17424423250576,1,1
2026-04-27,Ecosystem,0.36210142496993103,17.13121267387381,0.28005919412235036,53.15972630657679,0.00353304956948872,-0.034751766048401155,0.23684276688544767,1.6544082650376757,22.776646420820803,1,1
2026-04-28,Ecosystem,0.014498238917168074,15.314292616743707,0.26634724447849806,46.58841055927136,8.04313122079207e-05,-0.24157130330098278,-0.37542911208592095,1.1246806358874641,20.745996278598135,1,1
2026-04-29,Ecosystem,0.64223546685313,17.57930735764998,0.3147027340159405,54.02458278116875,0.0009505572435030826,0.50187497214135,0.32831934760903053,1.2379294471370015,22.325899129641325,1,1
2026-04-30,Ecosystem,0.7648522783911522,18.40550480881204,0.3250699127033229,55.547635820065366,0.0020579902845267667,0.6523472014230082,0.46762549205818627,1.4083182075539507,24.680116793722494,1,1
2026-05-01,Ecosystem,1.0451448938864778,19.28219005099905,0.36250902228440474,55.57413434665285,0.004979086163090879,1.2052964132782247,0.46277193086452995,1.8697856017797765,29.94862685594968,1,1
2026-05-02,Ecosystem,0.45849685739025936,17.735660922211324,0.32316789182972566,48.56672571751697,0.003972538207927943,0.576639373525246,-0.2256308269786215,1.767656373670636,31.26120220057691,1,1
2026-05-03,Ecosystem,0.31198988013245177,17.468231478571155,0.3108245643688021,47.249414009215585,0.002270866593075087,0.37553664040545043,-0.3523114407312393,1.5500805747611397,31.636604893657495,1,1
2026-05-04,Ecosystem,0.3077555323292488,18.955960599981843,0.296087178257261,53.10393136617104,6.475037860168703e-05,0.13747060540715236,0.23636007966263972,1.230573294613702,31.49244377648241,1,1
2026-05-05,Ecosystem,-0.025932732472537537,17.942943188199976,0.2700240137254351,49.950216829982715,-0.003064825979710601,-0.28217682051170817,-0.0851941098744338,0.7216336777396294,30.070909586350247,1,1
2026-05-06,Ecosystem,0.6136599669333237,19.913231138732815,0.32218578558684086,56.02592405552668,-0.0016100336504429585,0.565625022333994,0.5358118609364346,0.8396570664294046,32.851977389286404,1,1
2026-05-07,Ecosystem,-0.3224980646128284,17.078431399472763,0.25501093283826665,46.15771921688816,-0.00497022545773984,-0.538244528291584,-0.4878281235974111,0.24557039836469113,30.590741083995134,1,1
2026-05-08,Ecosystem,0.37821166582174615,17.499326253180968,0.34066081845153073,45.114980114195205,-0.0014079633081095274,0.8735085987835658,-0.5887866602996283,0.6521388965172926,35.1455949188638,1,1
2026-05-09,Ecosystem,1.2911168932653148,22.50437505855671,0.40149788919055784,60.78985462832263,0.004726132358427799,1.8024550099081742,1.0502863480336664,1.5483089616353256,42.32385800550372,1,1
2026-05-10,Ecosystem,1.2257831268449937,21.683697376561177,0.4020144636749384,53.61236169421721,0.008290359054778276,1.7328534918745975,0.2861733448685878,2.1352802456778526,48.79239095565646,1,1
2026-05-11,Ecosystem,0.46251599133706256,21.570940585111657,0.3118575904425137,52.84495556182792,0.004251536005390265,0.29444623512915563,0.20182331195128408,1.6960955468611956,49.728233695697256,1,1
2026-05-12,Ecosystem,-0.2654356048950588,19.66429807858715,0.23993564171975862,47.85990373234151,-0.0031869893794434223,-0.8466081016533028,-0.33369908227031253,0.6911804937659185,45.73056367795618,1,1
2026-05-13,Ecosystem,-0.21449597206869425,19.319373485234287,0.27749203869794603,46.93116106449617,-0.005372526477987784,-0.23884863798801306,-0.43000424677496185,0.26005019157301706,45.46332472625355,1,1
2026-05-14,Ecosystem,-0.38402630402352533,18.7479280703661,0.2709359164669613,45.507221203446605,-0.0069539356662933925,-0.3418505583030316,-0.5791504664937693,-0.14540612239474224,44.78829342087758,1,1
2026-05-15,Ecosystem,-0.5664480096772034,17.67102336605833,0.26995596227029434,41.823883481737774,-0.007702081658533202,-0.35417177654055915,-0.9688953580766975,-0.4708210822206957,44.39300693084633,1,1
2026-05-16,Ecosystem,1.2461800254038826,23.362281952896044,0.4402469178726568,58.39942967229671,0.0030589285720667974,2.313215906303372,0.8551135765329216,0.9491371405691157,54.62908754648756,1,1
2026-05-17,Ecosystem,2.6274499394240114,28.955555855638845,0.6137091204722063,67.64927480716662,0.02066495467349605,4.129388672304437,1.8068106607178773,3.3386137843049237,76.05032644440936,1,1
2026-05-18,Ecosystem,0.660089783651317,24.823103893458537,0.32835618225291024,51.42950099436495,0.012310757108928701,0.3704486137941737,0.04389378026836392,2.55403762109883,76.54690548934056,1,1
2026-05-19,Ecosystem,1.3404560947657385,26.999179438590527,0.41602479051729974,56.13301163413769,0.011900440069193857,1.4890859893060557,0.5532864732168902,2.620608801487771,83.56808315316964,1,1
2026-05-20,Ecosystem,1.1687100466159965,27.121954452850737,0.4014871059439639,53.43992062134059,0.009941012594626718,1.268793699962702,0.2536592983082591,2.4984181179308482,89.39789444378556,1,1
2026-05-21,Ecosystem,1.4776912626853518,29.53310477348384,0.44311201389567606,58.34438194527623,0.010674857007108872,1.7475319732227235,0.7883820114514513,2.6239836479569836,98.05575610053464,1,1
2026-05-22,Ecosystem,-0.2871532744781543,24.896653403684375,0.22098580567980183,45.264478195035174,-0.003797987497213679,-1.074417440524436,-0.6641547896686951,1.2110115569368514,90.62160477790684,1,1
2026-05-23,Ecosystem,,,,42.49586875467319,-0.0030383899977709447,,-0.9591259866997017,1.172547200853715,90.62160477790684,1,1
2026-03-24,Energy,,,0.0582172034241612,,0.0,,,,25.84832911783075,5,5
2026-03-25,Energy,,29.33080193302912,0.09004577487836334,100.0,0.002031225072860765,,,,28.918171014131822,5,5
2026-03-26,Energy,,30.057212492473006,0.14781977172063637,100.0,0.006880249357468622,,,,32.43781282152655,5,5
2026-03-27,Energy,,16.633969121343558,0.03640183738018323,44.57384551381318,0.0024281064676278602,,,,34.29673850976584,5,5
2026-03-28,Energy,,9.237549964551324,-0.21957907342771588,19.606628264245543,-0.01685164470497792,,,,28.39085765071483,5,5
2026-03-29,Energy,,15.627332124794972,-0.0024384688196286116,45.5012689745272,-0.014182458953225514,,,,27.801526612896936,5,5
2026-03-30,Energy,,15.23099108134952,-0.04190122528292434,42.98502250247968,-0.014239530225147873,,,,28.79971206307827,5,5
2026-03-31,Energy,,17.51406180453064,0.06341566081702488,50.31739650096398,-0.006730421486267587,,,,31.211305460951344,5,5
2026-04-01,Energy,,16.588244310552952,-0.009003687692294487,46.22922706190709,-0.006199988862707591,,,,31.795826396307206,5,5
2026-04-02,Energy,,18.841546075979526,0.11559864363502119,52.8240472635652,0.002516132973920294,,,,34.587445782749604,5,5
2026-04-03,Energy,,17.939628831819398,0.04340102156651533,49.3191974951795,0.0033409246756064114,,,,34.43862559220909,5,5
2026-04-04,Energy,,17.31284693358645,0.0013760161713906732,47.48527256764053,0.0010942778495006324,,,,33.497059612515635,5,5
2026-04-05,Energy,,18.309504127009532,0.0784191990486349,50.83672309852821,0.004636445326835284,,,,34.117587536984495,5,5
2026-04-06,Energy,,17.85602319526013,0.006108756832200473,47.963749563639965,0.002079276356346759,,,,35.103467423232765,5,5
2026-04-07,Energy,,18.576979164398832,0.04281681364755667,49.41498000825896,0.002785779316806728,,,,36.34868472532995,5,5
2026-04-08,Energy,,17.57859255603065,-0.027599665871091278,45.6582488271435,-0.0013419344378299732,,,,35.32657563818957,5,5
2026-04-09,Energy,,19.63265746431098,0.17623301613820602,50.94655646697283,0.009221739333289129,,,,38.15119970468724,5,5
2026-04-10,Energy,,19.849274067989533,0.07044555002258639,51.13840007948624,0.008659672217835332,,,,38.629766279474154,5,5
2026-04-11,Energy,,22.052910028494026,0.035494758597940754,60.00906837463638,0.005654564689794249,,,,38.43208096101527,5,5
2026-04-12,Energy,,19.601898064619153,0.013600051861611312,50.74323447427455,0.0020960603897110007,-0.24862862655671367,,0.6602953203244503,37.68605281951526,5,5
2026-04-13,Energy,1.3671014523177636,22.97121565908769,0.24275946998496237,61.21891222578212,0.01439415078426403,2.165157150054191,0.4404641901263467,2.02339438784343,41.730502295682285,5,5
2026-04-14,Energy,0.08188287483806708,19.644773639013692,0.01578783462345177,48.287162139719236,0.006844135910645793,-0.2985625809301368,-0.27533635567298514,1.3634785444998003,41.08092884146985,5,5
2026-04-15,Energy,-0.13012113416497528,19.835127418104314,-0.008509286929187936,50.01841759386438,0.0001681122486147128,-0.553024096084597,-0.17226874573285395,0.7180667226144201,39.43151473922508,5,5
2026-04-16,Energy,1.0838756785427246,21.106744850280784,0.2159680090301137,53.480040245059094,0.010265676519344714,1.7975754613872035,0.0299468813319326,1.7433996858140957,41.83518328563743,5,5
2026-04-17,Energy,0.24672419680138621,19.999808145851603,0.058558074747137666,50.49620931710455,0.005952721314244264,0.11368623881911684,-0.1459521917479324,1.397555402321153,40.82081471132309,5,5
2026-04-18,Energy,1.2936952389593528,22.17120680475804,0.2444519482380991,57.272700928257834,0.014728903454374453,1.9318017842378548,0.26382004821629634,2.1878154033341994,43.13032055051765,5,5
2026-04-19,Energy,1.0115350051190226,21.344027764730725,0.17777874477253253,52.99134623000328,0.015097230375081901,1.191714074581647,-0.0037860895036544487,2.2182121666759778,44.743735971977124,5,5
2026-04-20,Energy,1.4511916640195583,23.088350147549875,0.2868990473052725,58.27024781166929,0.021360689450911786,2.064804047948379,0.32638542470009496,2.59597492126466,47.85687170792649,5,5
2026-04-21,Energy,1.0815643462831754,22.23579210162737,0.20314301445470742,54.59481939282255,0.018633159817296976,1.2174863215309375,0.08618346869749209,2.3783180264698003,49.30574055911198,5,5
2026-04-22,Energy,1.125639781097601,23.071700426914166,0.2216638389454649,57.3626997081384,0.016897835613233332,1.324620513949871,0.264458741927206,2.2475601118436552,51.07202390612582,5,5
2026-04-23,Energy,0.5890130132142624,21.20825406818623,0.17466921536852925,49.94909195232731,0.011655818687372303,0.8661575087995217,-0.23038624931946594,1.9479805165186965,52.52954954694685,5,5
2026-04-24,Energy,1.3712424574870212,23.791566129250455,0.33172987012667005,58.2310844136263,0.017486435073181462,2.10797098705218,0.3303350086921493,2.2209887467316767,56.51440673649688,5,5
2026-04-25,Energy,-0.4704273404623529,20.050571127413264,-0.10383841982161184,46.4952881472801,-0.007908536923954865,-1.580206135965366,-0.47559332057741116,0.9010801643776886,52.943016882678194,5,5
2026-04-26,Energy,0.8262741344015102,22.82319260445312,0.24916650215835237,55.07925361526956,-0.001200931094221723,1.3450631837576592,0.1262513260403302,1.1622064418340488,55.62068157265503,5,5
2026-04-27,Energy,0.23918367457954423,20.708132763333985,0.1600890858947181,48.1028687206275,-0.002933600071146819,0.5904865510056032,-0.366058341313617,1.0151956060229548,55.55085361079449,5,5
2026-04-28,Energy,0.3495810117036049,21.89916930409973,0.17204934140748987,53.97851953019258,-0.0034109659724051583,0.6772161609704909,0.05850814000118443,0.9276885566063897,56.49875229499734,5,5
2026-04-29,Energy,0.7319921162798483,22.355820641647924,0.22431977658118588,55.844724840084886,-0.0004962321402946987,1.0872000862789735,0.19288329859812942,1.029328792667681,58.70914365030906,5,5
2026-04-30,Energy,-0.10561738148073704,19.817737144891357,0.08492422464962386,46.56360859068427,-0.007838735591988305,-0.09104115120629856,-0.49043120634915804,0.5809319368136444,58.26390319445206,5,5
2026-05-01,Energy,0.6421362812103467,22.033328894773973,0.22732777197221918,54.46079460738871,-0.0032237442492631524,1.0978150203275485,0.10298032931772441,0.7466631490184406,59.92084108962082,5,5
2026-05-02,Energy,0.7644255460971168,21.65414629835303,0.2790264286092805,50.98362411342858,0.002862821048189721,1.476680649764403,-0.16037691335993032,1.0433414098073137,62.668024222182524,5,5
2026-05-03,Energy,0.3947465139080363,21.910503190977447,0.21637612924468377,51.10059266655782,0.0022486644006034714,0.9280730149376574,-0.14943222953375676,1.0147514634596875,64.07844524762349,5,5
2026-05-04,Energy,0.30735824565244096,21.18904887566489,0.21425894244790106,47.7940769896674,0.0013247768253976805,0.890649261086699,-0.40269973313451385,0.9635906797877818,64.97113312011071,5,5
2026-05-05,Energy,-0.3336563772101835,20.15759316825085,0.04573818706574606,45.45399492501033,-0.010367318813811446,-0.5240670295334737,-0.578638037508431,0.2786065342449304,63.03173352791674,5,5
2026-05-06,Energy,-0.3438879015367931,19.956105631977543,0.07834646497405888,45.89426348250287,-0.015336585431829027,-0.24348277261893883,-0.5354157688247737,-0.1444351449892821,61.69393602168924,5,5
2026-05-07,Energy,-0.35915001339216623,20.067810337901502,0.08818489404639009,47.46851646867955,-0.017249779272487185,-0.15699760710640914,-0.4033548597935544,-0.4423578097839077,60.616045108327796,5,5
2026-05-08,Energy,-0.5942239195612422,18.33511962658035,0.0700845332552537,41.66317427608848,-0.01889086568248017,-0.3108908389480588,-0.8582582950901111,-0.7430228552849419,59.50667246669766,5,5
2026-05-09,Energy,1.3035556664951604,25.82406011725655,0.4307870809965718,67.88824528077767,0.0039420008088464735,2.6089189886340316,1.2435156656641604,0.4304768672782285,64.14754522237305,5,5
2026-05-10,Energy,-0.441523877216779,19.34223398357174,0.05828025469125253,43.695340403785515,-0.005882963709632719,-0.437567575496129,-0.704245210582727,-0.13225092551067927,62.549469976601145,5,5
2026-05-11,Energy,0.3546622666866983,21.593852051710904,0.21557630146068396,51.75362798235495,-0.0018379930348787158,0.8471747867475865,-0.04761828057381087,0.04822341425708667,64.06063448138875,5,5
2026-05-12,Energy,-0.28015302413028187,20.484826225303493,0.10374321694764849,47.96942688190268,-0.006482662998881204,-0.0788834354986997,-0.3549817851724346,-0.268464054464764,63.5606061158696,5,5
2026-05-13,Energy,-0.19733880707388538,20.372382921009716,0.1465672289194621,47.67555297380352,-0.006445720203707199,0.2767704622422872,-0.37510565003571583,-0.3457443380482691,63.58549140102273,5,5
2026-05-14,Energy,0.42864051032328887,22.4397028227513,0.23179692886751774,54.53778675160169,-0.0007554467919565558,0.9781550392631719,0.19793138376939176,-0.05935595427754708,65.42714253529678,5,5
2026-05-15,Energy,0.3389104750941399,21.4024498879768,0.2207612192673023,49.77919566275687,0.002038219464303952,0.8701096179197646,-0.20269764581663216,0.1128867162405396,66.64544117689923,5,5
2026-05-16,Energy,1.0687920496568433,23.170593934543415,0.4035967182637248,53.84927961896142,0.015237661970337123,2.274755830028627,0.1436025130624865,0.9950551463310867,70.67652569321606,5,5
2026-05-17,Energy,-0.4280261530046826,20.63339162012776,0.03547145530626552,45.29769319325744,-0.0009284515478582833,-0.7036133612279741,-0.5865048670755387,0.12529557909244127,68.61313335527197,5,5
2026-05-18,Energy,1.1176651309927021,23.797488107425988,0.42419107426077635,54.5436390975532,0.013649316072040073,2.319676113369617,0.21378955756943802,1.0660635917026666,73.28801167257981,5,5
2026-05-19,Energy,1.6465730689537303,26.325305079979206,0.5175758931428105,60.55546354953415,0.027853875577104843,2.799090989964698,0.7299951800348478,2.0889206964626994,78.69573959595891,5,5
2026-05-20,Energy,1.1393447434524684,25.446680332165872,0.34300023256937134,55.566952544610935,0.023915792573847974,1.4822176267358083,0.2886526225376382,2.0892488531331828,81.37090092783643,5,5
2026-05-21,Energy,1.415250455522053,26.41611947575529,0.4369201193173737,57.084977835962306,0.025892943192728973,2.0606230287099403,0.41896930777851915,2.3659047252909393,84.93062107213716,5,5
2026-05-22,Energy,,,,57.50792645852371,0.020714354554183176,,0.4521056647711462,2.242449895963599,85.02971967455024,5,5
2026-05-23,Energy,,,,50.1472669448155,0.01657148364334654,,-0.20794058812994587,2.1164895797468217,85.02971967455024,5,5
2026-03-24,Enterprise,,,0.16588351604799081,,0.0,,,,57.55637651626133,3,3
2026-03-25,Enterprise,,33.4048795408455,0.1797501584836155,100.0,0.0008849367252364404,,,,56.84448920249825,3,3
2026-03-26,Enterprise,,29.92832983395879,0.17756665548164338,86.39574320082264,0.0012518450647900224,,,,55.15407711701884,3,3
2026-03-27,Enterprise,,14.972869221829914,0.14318401302133574,27.49529227631865,-0.0007828977586665671,,,,52.97542730233823,3,3
2026-03-28,Enterprise,,26.798085975963925,0.228769739134795,73.11678801370758,0.003441600974425772,,,,55.393817774531655,3,3
2026-03-29,Enterprise,,28.636858771380297,0.2690892019167617,79.26360156375414,0.00847118456890527,,,,57.01146052146989,3,3
2026-03-30,Enterprise,,22.227639868373053,0.1825741515816729,53.17489886192707,0.005628130812642834,,,,56.89670835140938,3,3
2026-03-31,Enterprise,,19.66501271289343,0.13146141609129722,44.51817617475578,0.00024616343764386275,,,,53.96396247055338,3,3
2026-04-01,Enterprise,,17.658692315191363,0.08752379312354623,39.052950310036096,-0.005987676321017175,,,,49.54010785645137,3,3
2026-04-02,Enterprise,,16.504907539906277,0.07151251083757211,37.38067621853859,-0.010632824058361051,,,,45.03235065404208,3,3
2026-04-03,Enterprise,,17.39622038238922,0.10002470185846442,41.81729390893241,-0.011173085686367611,,,,43.89679848081195,3,3
2026-04-04,Enterprise,,15.641833827539621,0.0449316124944255,36.78178907671318,-0.0144221907732455,,,,41.09572489832685,3,3
2026-04-05,Enterprise,,17.96884227339477,0.12982128399344323,46.67573815608775,-0.010232579140471156,,,,40.039668824870574,3,3
2026-04-06,Enterprise,,17.55187645151441,0.12012802925867483,45.85625352598647,-0.007612889616084263,,,,38.63452348821073,3,3
2026-04-07,Enterprise,,19.59152556476308,0.1995379139292672,52.66458574217439,-0.0004108197974552405,,,,40.632644715948175,3,3
2026-04-08,Enterprise,,15.74472918040011,0.04803649186413538,41.43768523094677,-0.0054494309901417515,,,,34.46867906715037,3,3
2026-04-09,Enterprise,,15.68546352521032,0.08743831667052189,44.41144874706539,-0.00570071198861136,,,,29.265239017719693,3,3
2026-04-10,Enterprise,,16.37732171288694,0.12689668566757703,48.99639557473783,-0.0029216130082734965,,,,26.526384140483383,3,3
2026-04-11,Enterprise,,15.20298410973606,0.14085562148772837,44.05836987698314,-9.470833225099298e-06,,,,26.793414234561844,3,3
2026-04-12,Enterprise,,14.042873580010095,0.1295323015141919,40.183368176172635,0.0012199680190409946,-0.15018653085210323,,-0.5174002063205646,25.448102582643912,3,3
2026-04-13,Enterprise,0.016986539082886998,15.630426688248335,0.14610435367036936,47.1546900261933,0.003107708738533735,0.1329288211345992,-0.23579978848174538,-0.25683450770987615,24.31392943246662,3,3
2026-04-14,Enterprise,0.9602359982801647,19.483504136407408,0.2576313211748389,58.99555998643317,0.011361819595810254,1.8733675678943567,0.39271185310430606,0.7957532322406333,29.340702738245522,3,3
2026-04-15,Enterprise,1.0801405721778503,20.910256451036314,0.24875219388475056,62.100030308661914,0.015463622223638927,1.586431411791108,0.5475118768120718,1.4661456344765047,32.95122949033223,3,3
2026-04-16,Enterprise,0.8717929692529195,20.874545180592786,0.20743977255875978,59.827973058603206,0.014642753446870164,0.8966787926827203,0.40957525525139354,1.6004461427070409,35.77532094412317,3,3
2026-04-17,Enterprise,0.37272565769324917,19.913218227402584,0.16948742053805552,54.9547378556786,0.010960538875691197,0.2873213281334197,0.12813637379597542,1.4183574951578202,37.05531503123306,3,3
2026-04-18,Enterprise,1.5393712855481383,24.0981146794541,0.3190320391634597,67.22982650413678,0.017618553320784984,2.3382171784335797,0.8173260076723551,2.129873459289786,43.406171658934106,3,3
2026-04-19,Enterprise,0.4506887056860711,20.42010215561603,0.18376213335444583,53.18873050331809,0.012192245053065903,0.36409260285958606,-0.008837804122995393,1.7756328022375576,42.272531030148954,3,3
2026-04-20,Enterprise,-0.07065027958949807,18.962756614550234,0.11369057603500461,49.64480381224924,0.003609191159794632,-0.654871168713577,-0.21751255694746818,1.1238291434870973,38.91764682043407,3,3
2026-04-21,Enterprise,0.6047466877931523,19.791821266398475,0.21276397525168114,50.714268756548236,0.0042836980286199405,0.8020345805612497,-0.1493639301225204,1.2052110120712383,42.19549148985075,3,3
2026-04-22,Enterprise,1.0480428078805006,23.61015594111333,0.25897254216364574,62.85327961164014,0.007341832359628774,1.4186634845649304,0.5932399983873566,1.4945776146883631,46.84403743964681,3,3
2026-04-23,Enterprise,-0.4226336322416806,19.28710955959732,0.0673517432003119,48.96756046754806,-0.003460782288007872,-1.3405543321601097,-0.27748953950011257,0.6002873332133772,40.87080452625812,3,3
2026-04-24,Enterprise,0.9457069103108058,22.22030604749466,0.2821613834091468,56.76167135673147,0.0035605739974081604,1.668687502425619,0.2183847184978798,1.1588533199206936,45.75709368310422,3,3
2026-04-25,Enterprise,0.0069174139895470665,20.597135217398225,0.1521210363375319,50.44555329977514,-0.0006300569669195847,-0.15743101536554896,-0.1899574724106967,0.8082836048899668,45.82714936636813,3,3
2026-04-26,Enterprise,1.075273517062528,23.084832883949417,0.3070841462112715,56.305802904842146,0.006561226302226955,1.9074767483377864,0.19477905241245724,1.4138102818944298,51.91649338637579,3,3
2026-04-27,Enterprise,0.9893523801390212,23.676801726209447,0.2823971114227332,54.81273385145361,0.009029687057798684,1.4951619833162613,0.09309175503386237,1.6682330325347003,56.8530370626929,3,3
2026-04-28,Enterprise,-0.2230433986385557,20.992001155869097,0.1159096770962242,45.18255194541682,-0.0006613773438539916,-0.7172766746847812,-0.5534371964178729,0.925938174980434,53.991792504492686,3,3
2026-04-29,Enterprise,-0.2967586991068304,21.02648069915295,0.12591037407336544,45.82750255976383,-0.006201207291153678,-0.5721311353036527,-0.5002201049645594,0.40257872360965613,51.786091816608874,3,3
2026-04-30,Enterprise,0.2733544883477105,22.054033433457068,0.19942528946758378,49.73360435275624,-0.004781254020893784,0.42120084653879647,-0.22488603801855872,0.41277311965683033,51.58009297153728,3,3
2026-05-01,Enterprise,0.6290780134491423,23.388119292397413,0.2553067712710298,52.81897399744427,-0.0001879068518482966,1.1535822383140155,-0.006932314062620994,0.7371271336999381,54.560338880234625,3,3
2026-05-02,Enterprise,0.5596207001828225,22.087166635616867,0.2507531172720457,47.521064935975616,0.0022972703836628347,1.0617864876033698,-0.38058881307822207,0.9437040307528977,54.82066600334101,3,3
2026-05-03,Enterprise,0.6483035380352614,23.734841768085914,0.24563372706114603,52.48075399684415,0.0032894705423511736,0.9681586641394667,-0.02122137614456274,1.0519193042005381,57.89279060537585,3,3
2026-05-04,Enterprise,0.06900765628289271,23.748342923139305,0.17454866658622537,52.43813583229023,-0.0009233835159657543,-0.003199675140596689,-0.024056032144483524,0.7057037474196938,58.2284255383787,3,3
2026-05-05,Enterprise,-0.24907163126038992,21.76115749464175,0.14721463349137184,47.21376356934603,-0.005383627012863379,-0.37636152873202233,-0.4064893780481433,0.26415914758505565,53.560493109909224,3,3
2026-05-06,Enterprise,0.27829464936004267,22.210854349878744,0.21690485452014938,48.246869696257846,-0.0035609844760437163,0.5886904856732224,-0.32477907653034827,0.33115613259552873,54.60663175595814,3,3
2026-05-07,Enterprise,0.6083986163257628,25.192833762419312,0.2402034604257024,58.378937359105294,-0.0008483849205319378,0.8983080606934352,0.43792262218468253,0.5167019689560949,57.03877028470394,3,3
2026-05-08,Enterprise,-0.31897086725809687,21.309518878529104,0.1583328742163208,43.109357409811544,-0.004429895003616326,-0.2542867118601833,-0.7191709815968576,0.15030716033028535,56.34832915889221,3,3
2026-05-09,Enterprise,-0.3683854889910426,22.374508282568385,0.14143987282388912,49.319999615018915,-0.007611868103965197,-0.4887506170297082,-0.23819403254599697,-0.24681320693198744,53.5425719314555,3,3
2026-05-10,Enterprise,0.44232537540358496,22.34907487094054,0.2665679348488709,47.31873975328232,-0.0012958134086403826,1.2743605491460919,-0.3891639990997266,0.22683600120149028,56.506006687717424,3,3
2026-05-11,Enterprise,0.40181482774213007,22.938019968065376,0.2444381595490722,47.47944147772646,0.0012476253416874705,0.9397912743622167,-0.37212083481492075,0.4504884785144808,59.48204491286496,3,3
2026-05-12,Enterprise,0.09984891316284858,24.991054219271128,0.19188238918983358,55.944142669770564,-0.0006514292712615291,0.18663398409095563,0.29569922664892556,0.28056040986562786,58.5867560716775,3,3
2026-05-13,Enterprise,-0.04834893987193452,24.293998982897904,0.17901067980510912,54.13601284883264,-0.0027013722767931956,0.0007984672960629128,0.1494441038500505,0.05729209033682795,56.60850838611701,3,3
2026-05-14,Enterprise,-0.5003243886342956,21.499663678887284,0.14077506291798308,45.16603315964002,-0.006350936152121913,-0.5498666325521495,-0.5684003712115049,-0.3709623050977544,53.06039983777407,3,3
2026-05-15,Enterprise,0.3903732023675407,22.986939601621668,0.25378261264878416,49.88518977575341,-0.0011453345997755153,1.0864339490821624,-0.18241594138661135,0.03822030479721849,54.85830335827817,3,3
2026-05-16,Enterprise,1.6149186666278623,26.86503655324045,0.4284607180783875,60.655242609817805,0.013275908094617442,3.230360840188754,0.692968925199767,1.483176645197958,61.93393947572438,3,3
2026-05-17,Enterprise,-0.7019410350552555,21.34775278410291,0.06609313653661804,42.46353348186448,-0.001585908837659222,-1.5151330430798347,-0.797384935169237,0.21388376430069275,56.76351162707799,3,3
2026-05-18,Enterprise,0.3500554190617038,24.105026069373835,0.22815932839682326,52.09069264390303,-0.000550946382582778,0.5942000374658336,0.0005160612306742142,0.2863066797133684,58.78806833975629,3,3
2026-05-19,Enterprise,-1.4373988814889793,20.048794696449278,-0.03943907039102556,43.86971933218367,-0.017025379703478047,-2.6976881678371454,-0.6782836532560015,-1.425793759996635,46.28875193982588,3,3
2026-05-20,Enterprise,0.7628799821217875,23.804125460035944,0.3618685595746339,53.90946693139921,-0.0008839217131708546,2.144688987001364,0.16428028614757575,-0.0927553330868685,53.5245665835882,3,3
2026-05-21,Enterprise,-0.29697468050741227,22.01205050354048,0.17127497655693225,48.29494972530806,-0.002917354811222253,-0.12905322276258976,-0.3089689162547555,-0.322960829739443,51.85669568721575,3,3
2026-05-22,Enterprise,-1.1017108758072878,20.864253681212674,0.02849201526198144,46.88214712392283,-0.013178050188464952,-1.7818347663392866,-0.4254790835390068,-1.437740616913257,46.71079712293076,3,3
2026-05-23,Enterprise,,,,47.26561266483133,-0.010542440150771961,,-0.3887270115665583,-1.3958249436213388,46.71079712293076,3,3
2026-03-24,Enterprise Software,,,0.18699015763885504,,0.0,,,,38.946367581048655,1,1
2026-03-25,Enterprise Software,,31.987587418631175,0.2106507178964253,100.0,0.0015099616802552117,,,,38.58687301194993,1,1
2026-03-26,Enterprise Software,,32.86556657134691,0.26894214386780996,100.0,0.006093802840238855,,,,42.24563166121076,1,1
2026-03-27,Enterprise Software,,16.759582693765346,0.14313912172344748,39.446455164004725,0.0006016329692584768,,,,36.727931553940536,1,1
2026-03-28,Enterprise Software,,28.02199898777009,0.4125843996225143,73.63727018542596,0.014304375102299122,,,,51.00474349935627,1,1
2026-03-29,Enterprise Software,,27.712403795442384,0.354859138109338,65.6908733528818,0.018407933767307226,,,,60.220057250745185,1,1
2026-03-30,Enterprise Software,,20.329485224495894,0.08564105579966884,43.69832091891444,0.00274086173357288,,,,49.844605662373134,1,1
2026-03-31,Enterprise Software,,23.82432466013228,0.27883534605832355,54.604517011991234,0.005007065562633351,,,,53.156474550355924,1,1
2026-04-01,Enterprise Software,,25.72473037924069,0.3364468855475928,57.083596589118045,0.00973071460444538,,,,59.79193575599608,1,1
2026-04-02,Enterprise Software,,21.902692752008893,0.1227907781565663,47.46968714545939,-0.00158682455136701,,,,52.716732237792826,1,1
2026-04-03,Enterprise Software,,21.967435713782884,0.17739251182296153,49.63733400619233,-0.005242180184908976,,,,50.547724708057736,1,1
2026-04-04,Enterprise Software,,20.19304885024836,0.11485436949561129,47.39722080647034,-0.01136705308214131,,,,44.63466050243066,1,1
2026-04-05,Enterprise Software,,25.04907498418128,0.4115117439444533,56.67264652515384,0.004230230948118186,,,,58.419401280407484,1,1
2026-04-06,Enterprise Software,,21.66490176296567,0.1358744978706149,48.69472385385392,-0.003907240538930334,,,,52.18555226551299,1,1
2026-04-07,Enterprise Software,,18.44289162992453,0.026182122655020085,46.11148831557158,-0.015895497891478226,,,,39.16816881035902,1,1
2026-04-08,Enterprise Software,,17.344064062795624,0.10327217115777533,47.46887436170852,-0.0177126619833958,,,,32.075880170375385,1,1
2026-04-09,Enterprise Software,,16.38771169536883,0.14622522690454468,47.08624883228913,-0.015197695509835872,,,,27.62874407593784,1,1
2026-04-10,Enterprise Software,,17.70426989279872,0.2267344393122265,52.02849091842382,-0.007667887421165282,,,,28.01112875746093,1,1
2026-04-11,Enterprise Software,,15.041521312873183,0.15592187249731848,43.107499444391344,-0.007029124512427077,,,,26.030716446281883,1,1
2026-04-12,Enterprise Software,,19.47853889255577,0.39064980423091306,50.877695602423934,0.008771881387737008,1.5201300024399234,,0.03680394148534733,39.292241180861005,1,1
2026-04-13,Enterprise Software,0.07844672874163641,19.800355906026653,0.2173419141357352,53.38912941566234,0.007188086819171705,0.024171577845136214,-0.16686931159395157,0.05156504229184269,38.133535104898655,1,1
2026-04-14,Enterprise Software,-0.4934452157310344,17.05720056401129,0.14993246467953206,46.45326464135204,0.0015326692243922517,-0.5557140196287925,-0.5599877304220859,-0.34482740883202795,32.6355532180042,1,1
2026-04-15,Enterprise Software,0.011636775446309686,17.413797296238986,0.23664833835861887,47.29734982658983,0.003454128327127956,0.2198499209312687,-0.49490213575570513,-0.1234846640503857,33.620249477917795,1,1
2026-04-16,Enterprise Software,0.1540919261675251,19.156970869395114,0.23779464363522698,53.51952262846617,0.004555178287657828,0.22550038615529305,-0.11042945011865943,0.055300753589430436,35.02762528638883,1,1
2026-04-17,Enterprise Software,0.3089465405744019,19.534396222736312,0.2683044574585403,52.823865756487365,0.006947821177694985,0.49959652412762556,-0.15095842252298994,0.3855769165936625,38.57790212787479,1,1
2026-04-18,Enterprise Software,1.021655307429669,23.308236384111982,0.4053008988900575,58.62286143452953,0.01680447551159687,1.6681459557804812,0.2168950491018718,1.4623279243955065,51.11678224154027,1,1
2026-04-19,Enterprise Software,1.1418265487299895,23.907519411686582,0.44059413588641166,51.02201160949406,0.024293963800340705,1.8215771515857029,-0.2754769331917398,2.2514653545133227,64.80610953603136,1,1
2026-04-20,Enterprise Software,0.2847704111293238,24.114065143475933,0.23143777656205958,53.522886899832145,0.014251573903694907,0.0010784977947264607,-0.10651842030071518,1.6468976660326275,63.99570398235467,1,1
2026-04-21,Enterprise Software,0.4594667836902572,25.917661377613783,0.2780409964853507,59.73757955518868,0.010036477708863373,0.40624220592811183,0.31049539862861125,1.4405634797257294,66.82447134990518,1,1
2026-04-22,Enterprise Software,0.02834823910147924,23.83783987240117,0.20572486147998958,53.97578852934865,0.0020827480434197215,-0.24073208349290753,-0.08698899119948822,0.8922336648587297,64.80214743789256,1,1
2026-04-23,Enterprise Software,-0.4497371184264768,21.202211897781453,0.13297124137323038,49.4972916922357,-0.007830003281273312,-0.8805279128662219,-0.39511415691910756,0.057547279510671144,57.546669346649196,1,1
2026-04-24,Enterprise Software,-0.9531920020138595,17.741563526427488,0.06856107730789436,43.926495878570044,-0.017900682590888416,-1.4015583588079128,-0.7731719831865501,-0.9519076543164574,47.09439834387181,1,1
2026-04-25,Enterprise Software,-0.19974656448902364,19.746229074380338,0.2136536607614509,52.09714296245468,-0.014131651264862507,-0.0903819198759488,-0.18177007021054684,-0.9088523312983333,47.52142716149524,1,1
2026-04-26,Enterprise Software,-1.5618945766907524,12.59686183708471,-0.017862057374823465,35.12584161622489,-0.025887789372335726,-2.035706789771025,-1.360139752540217,-2.03729917231734,32.980703130831024,1,1
2026-04-27,Enterprise Software,-0.41202414362830964,16.354677208337186,0.20854250014609935,49.6915351207446,-0.017476121006798174,-0.06740615217267294,-0.3051209036136369,-1.6637053435379292,33.7664168651772,1,1
2026-04-28,Enterprise Software,-1.801479092830825,10.473345719601253,-0.12453154947629837,41.88930413679306,-0.03252940186367789,-2.6425598649889,-0.8537150973704427,-2.771855183437057,12.987988478167107,1,1
2026-04-29,Enterprise Software,-0.30875296575490696,13.729714473384227,0.2565643628572074,50.50131756364655,-0.015850140817030598,0.39150672254088176,-0.21857401686642108,-1.8913326035392204,18.307454409308185,1,1
2026-04-30,Enterprise Software,-0.23691357700309204,14.256332183282987,0.23505046275996724,49.931625752731954,-0.005813383674307683,0.2148822080883974,-0.2572655758653592,-1.3516807463427443,22.163200927317376,1,1
2026-05-01,Enterprise Software,0.08545808708081495,15.770770382903583,0.2942814122083148,50.63811116364672,0.004700034854372884,0.6861445982592074,-0.2012645010867797,-0.6849520393979188,29.313185089772894,1,1
2026-05-02,Enterprise Software,-0.5433944093861103,13.85447093774932,0.17097749185155411,44.204977207782406,0.003301423447056452,-0.3248924162272511,-0.679665787113049,-0.7038116487404696,27.756579526605673,1,1
2026-05-03,Enterprise Software,-0.19852558051366007,14.118271956839276,0.21013378748941186,44.311383473092135,0.004870206807537964,0.001342678983578415,-0.6594484916390887,-0.5373795792207919,28.854020197791023,1,1
2026-05-04,Enterprise Software,-0.6303095845026323,13.931691837346508,0.1210290977895021,47.10300992293697,2.0240874773520476e-05,-0.7367232061165621,-0.4367737320510186,-0.7984587963340076,24.088239959144556,1,1
2026-05-05,Enterprise Software,-0.1653506081982213,14.358786288020507,0.20094426401267587,48.01183085551272,0.002187776675986297,-0.057981029356981434,-0.36077380438788315,-0.6321371851647082,24.908363861795515,1,1
2026-05-06,Enterprise Software,0.21707974298531071,16.36549317958368,0.27517952744221175,51.78932458180223,0.008272656291485126,0.5708109396298363,-0.06118488426223567,-0.15873048882767304,30.37817240765947,1,1
2026-05-07,Enterprise Software,0.6053104794667089,18.94552800552712,0.33752207298554643,55.29815803989475,0.015716051144971585,1.0831981354651092,0.21721514216412036,0.49964005008869244,39.30427388863302,1,1
2026-05-08,Enterprise Software,0.5341296717000709,19.906868429821884,0.28443201917288263,55.624346984221624,0.0162182830940785,0.6154199540193256,0.24080709649200918,0.7553849243960328,43.98023046742465,1,1
2026-05-09,Enterprise Software,-0.30594470529205486,17.115899587265865,0.14224167636564922,48.136599075206036,0.006620463741815888,-0.6118733041722293,-0.3675960063561473,0.28124223156132655,39.1487846520192,1,1
2026-05-10,Enterprise Software,0.4440942144153659,20.15557084282229,0.2599714396228398,57.70737454912712,0.007767666026675786,0.4137266600526186,0.41825539083963903,0.4604138272420706,42.46553817705558,1,1
2026-05-11,Enterprise Software,0.5248792294656642,19.975955731780587,0.3000327358112626,52.83068490896383,0.010615177265848447,0.7552435001853328,0.011380653030691214,0.7796435423873124,48.095136787170034,1,1
2026-05-12,Enterprise Software,0.7789072281046321,23.910190976119484,0.28296588821232477,65.6725329540192,0.010709159161711924,0.5956722155871073,1.0698275744997696,0.9298861705397135,52.159622479984094,1,1
2026-05-13,Enterprise Software,0.474541756286863,20.871242855833817,0.27748227393189084,51.131401629722724,0.009787162073510497,0.5398106822551357,-0.1523853187282392,1.0021696077974578,55.588558008384595,1,1
2026-05-14,Enterprise Software,-0.002206771230320592,20.11666474909617,0.2152721150103125,48.97534352421578,0.004634239174221259,-0.01954505899732067,-0.33205797424124617,0.7482827053590422,54.80801948883577,1,1
2026-05-15,Enterprise Software,0.06762016005714883,20.102949035660437,0.25271435992944985,47.79679670846909,0.003448599914818761,0.31728154755473353,-0.42826008445617914,0.7181322633313734,56.64009080822869,1,1
2026-05-16,Enterprise Software,0.6539048272577851,23.356731869072572,0.3009351143772093,57.48389097035674,0.005491729591762107,0.7481628466191621,0.4049388932276772,0.9115185750305154,61.50086700939043,1,1
2026-05-17,Enterprise Software,-0.3405734684882069,19.603614816645234,0.14943181448832155,46.90484305147405,-0.0033069544659782898,-0.637603883090406,-0.5112755594076801,0.3179565142330336,56.24809230635363,1,1
2026-05-18,Enterprise Software,-0.06093975763790925,21.250750782189375,0.20689566710049767,54.52426884616608,-0.005096503068936281,-0.10500852483692417,0.15616593080830446,0.12731073819244443,55.317962243874035,1,1
2026-05-19,Enterprise Software,0.5203884459017101,22.450000599457937,0.30670685582404517,55.45814408477292,0.0003150737574402606,0.8147395804655374,0.23667294126741853,0.4649972076744823,60.95915029909818,1,1
2026-05-20,Enterprise Software,-0.12719660337735728,20.28500337402358,0.22472380602410774,47.416763648297234,-0.0016459090204104104,0.046670193470659004,-0.4767595372903845,0.3129178756293459,60.83007312363204,1,1
2026-05-21,Enterprise Software,0.5521120028602033,22.180686635847906,0.33701096111354417,49.975105204451346,0.004276550614618589,1.0867293737565535,-0.2443228690856858,0.7458989931031614,68.0237690497271,1,1
2026-05-22,Enterprise Software,-1.165487378641327,16.432115919910817,-0.0017354683793642963,39.095889041975504,-0.013963922689347326,-2.0158109490310716,-1.205490358205169,-0.6287934359323304,52.803697775923936,1,1
2026-05-23,Enterprise Software,,,,43.8471813415122,-0.011171138151477862,,-0.7659062864859764,-0.6214579212809617,52.803697775923936,1,1
2026-03-24,FX,,,-0.5859,,0.0,,,,30.34982688766116,2,2
2026-03-25,FX,,,,,0.0,,,,30.391145795497685,2,2
2026-03-26,FX,,,,,0.0,,,,30.475373943993976,2,2
2026-03-27,FX,,,,,0.0,,,,30.65893966263087,2,2
2026-03-28,FX,,,,,0.0,,,,30.65893966263087,2,2
2026-03-29,FX,,,,,0.0,,,,30.65893966263087,2,2
2026-03-30,FX,,,-0.4767,,0.016614173305557145,,,,65.96693634278962,2,2
2026-03-31,FX,,,,,0.013291338644445715,,,,66.26454704964675,2,2
2026-04-01,FX,,,,,0.010633070915556573,,,,66.42297338052704,2,2
2026-04-02,FX,,,,,0.008506456732445258,,,,66.61697610882929,2,2
2026-04-03,FX,,,,,0.006805165385956206,,,,66.61697610882929,2,2
2026-04-04,FX,,,,,0.005444132308764964,,,,66.61697610882929,2,2
2026-04-05,FX,,,,,0.004355305847011971,,,,66.61697610882929,2,2
2026-04-06,FX,,,,,0.003484244677609577,,,,66.80056652864653,2,2
2026-04-07,FX,,,,,0.0027873957420876602,,,,67.03512547528798,2,2
2026-04-08,FX,,,,,0.0022299165936701254,,,,67.01033745634535,2,2
2026-04-09,FX,,,,,0.0017839332749360996,,,,66.93335857881591,2,2
2026-04-10,FX,,,,,0.001427146619948881,,,,66.94784074181123,2,2
2026-04-11,FX,,,,,0.0011417172959591049,,,,66.94784074181123,2,2
2026-04-12,FX,,,,,0.0009133738367672825,,,0.6380774695464941,66.94784074181123,2,2
2026-04-13,FX,,,,,0.0007306990694138267,,,0.6172133998483675,66.98581766704226,2,2
2026-04-14,FX,,,,,0.00058455925553106,,,0.5982930264130992,67.02970772095539,2,2
2026-04-15,FX,,,,,0.0004676474044248459,,,0.5810300404698442,67.10669747858337,2,2
2026-04-16,FX,,,,,0.0003741179235398767,,,0.565194165260439,67.29662419651027,2,2
2026-04-17,FX,,,,,0.00029929433883190207,,,0.5505977612893481,67.41459456614709,2,2
2026-04-18,FX,,,,,0.00023943547106551957,,,0.5370861555295746,67.41459456614709,2,2
2026-04-19,FX,,,,,0.00019154837685241358,,,0.5245305283129622,67.41459456614709,2,2
2026-04-20,FX,,,,,0.00015323870148193156,,,0.5128225940683708,67.58312430467808,2,2
2026-04-21,FX,,,,,0.00012259096118554316,,,0.5018705639589912,67.7019104418428,2,2
2026-04-22,FX,,,,,9.807276894843384e-05,,,0.4915960401250875,67.64660604857811,2,2
2026-04-23,FX,,,,,7.845821515874499e-05,,,0.48193159734149926,67.58121805365711,2,2
2026-04-24,FX,,,,,6.276657212699391e-05,,,0.4728188789670864,67.61993399533287,2,2
2026-04-25,FX,,,,,5.0213257701593045e-05,,,0.46420708254852777,67.61993399533287,2,2
2026-04-26,FX,,,,,4.017060616127305e-05,,,0.45605174407879545,67.61993399533287,2,2
2026-04-27,FX,,,,,3.213648492901913e-05,,,0.44831375360887243,67.45277037752533,2,2
2026-04-28,FX,,,,,2.5709187943215306e-05,,,0.44095855184409866,67.49014052593543,2,2
2026-04-29,FX,,,,,2.0567350354570857e-05,,,0.433955469613729,67.50481284201958,2,2
2026-04-30,FX,,,,,1.6453880283654604e-05,,,0.4272771810823556,67.50481284201958,2,2
2026-05-01,FX,,,,,1.3163104226922295e-05,,,0.42089924822477076,67.50481284201958,2,2
2026-05-02,FX,,,,,1.0530483381537836e-05,,,0.41479973906622913,67.50481284201958,2,2
2026-05-03,FX,,,,,8.424386705230269e-06,,,0.4089589059545983,67.50481284201958,2,2
2026-05-04,FX,,,,,6.739509364184909e-06,,,0.40335891300231963,67.50481284201958,2,2
2026-05-05,FX,,,,,5.391607491345846e-06,,,0.39798360404496985,67.50481284201958,2,2
2026-05-06,FX,,,,,4.313285993075289e-06,,,0.39281830417598157,67.50481284201958,2,2
2026-05-07,FX,,,,,3.450628794459537e-06,,,0.3878496492551596,67.50481284201958,2,2
2026-05-08,FX,,,,,2.760503035565548e-06,,,0.3830654388414369,67.50481284201958,2,2
2026-05-09,FX,,,,,2.2084024284517445e-06,,,0.3784545088341213,67.50481284201958,2,2
2026-05-10,FX,,,,,1.766721942759314e-06,,,0.37400662077154784,67.50481284201958,2,2
2026-05-11,FX,,,,,1.4133775542053695e-06,,,0.3697123652689319,67.50481284201958,2,2
2026-05-12,FX,,,,,1.1307020433629078e-06,,,0.3655630775069657,67.50481284201958,2,2
2026-05-13,FX,,,,,9.045616346896324e-07,,,0.36155076303109357,67.50481284201958,2,2
2026-05-14,FX,,,,,7.23649307751012e-07,,,0.3576680324053049,67.50481284201958,2,2
2026-05-15,FX,,,,,5.789194462008096e-07,,,0.3539080434967621,67.50481284201958,2,2
2026-05-16,FX,,,,,4.631355569606477e-07,,,0.35026445035884674,67.50481284201958,2,2
2026-05-17,FX,,,,,3.7050844556643647e-07,,,0.34673135783823894,67.50481284201958,2,2
2026-05-18,FX,,,0.9601,,0.2723176449857653,,,7.27730045774222,67.50481284201958,2,2
2026-05-19,FX,,,,,0.2178541159886122,,,5.171597757541779,67.50481284201958,2,2
2026-05-20,FX,,,,,0.17428329279088975,,,4.230099190568245,67.50481284201958,2,2
2026-05-21,FX,,,,,0.1394266342327118,,,3.666898597611501,67.50481284201958,2,2
2026-05-22,FX,,,,,0.11154130738616941,,,3.28184793557298,67.50481284201958,2,2
2026-05-23,FX,,,,,0.0892330459089355,,,2.9703058480367917,67.50481284201958,2,2
2026-03-24,Financials,,,0.3543271640320657,,0.0,,,,63.62580576217299,9,9
2026-03-25,Financials,,8.370605705138724,0.23426934970666272,0.0,-0.007661809233302064,,,,60.2111569018193,9,9
2026-03-26,Financials,,12.538936581307606,0.2617491720163424,18.625635421860423,-0.010291277251279984,,,,57.425975099767825,9,9
2026-03-27,Financials,,10.200984688240935,0.1974840687573537,12.974252516007653,-0.015460221144001494,,,,52.49514817786962,9,9
2026-03-28,Financials,,11.33576944737618,0.21443364660491943,19.422491800684583,-0.016731726549872643,,,,49.50215666613845,9,9
2026-03-29,Financials,,10.6558353158194,0.20441210371978563,18.607313229605694,-0.01717683753009553,,,,46.52327704780216,9,9
2026-03-30,Financials,,12.232892313577686,0.23170934649184247,26.957697402332144,-0.01465989983674612,,,,43.29769824034672,9,9
2026-03-31,Financials,,11.266695088011524,0.21072610694875338,24.987130378938588,-0.013466084164369917,,,,40.57834534283073,9,9
2026-04-01,Financials,,10.730933834253031,0.20713861594337798,24.67870573040419,-0.012023309570083657,,,,37.92969743843919,9,9
2026-04-02,Financials,,9.207181232545755,0.15876247354431472,21.157179835214166,-0.013331028517897602,,,,34.33663638691316,9,9
2026-04-03,Financials,,9.779075254266566,0.17624620700413055,25.023828479706708,-0.012060743216620554,,,,31.802980274922003,9,9
2026-04-04,Financials,,15.58890322063976,0.3217721156684334,46.757643686734035,-0.001042363885684447,,,,33.74758513537519,9,9
2026-04-05,Financials,,13.83918281870465,0.2391295063140301,40.14849292509726,0.000949524260993248,,,,33.00250713335494,9,9
2026-04-06,Financials,,12.08441665658075,0.15367060406760105,35.028515329343065,-0.0030025288533715028,,,,30.033019658206115,9,9
2026-04-07,Financials,,13.349876469303453,0.2171368178190054,40.64945358716622,-0.0009620596848042354,,,,28.76833440477833,9,9
2026-04-08,Financials,,14.53543629792353,0.1843700584990236,46.13964412189243,-0.0014117292042933813,,,,27.581920424894015,9,9
2026-04-09,Financials,,13.92279039718249,0.18661381646256206,43.95111900808003,-0.0011610899536956543,,,,26.958056829710465,9,9
2026-04-10,Financials,,16.888259355790574,0.26114430913009057,55.04172746177177,0.004131167235763705,,,,27.369871910723667,9,9
2026-04-11,Financials,,21.50036419402673,0.5351901745589203,68.05187597955349,0.025029173229576474,,,,34.73608076503689,9,9
2026-04-12,Financials,,18.10223709383577,0.3039545091707549,54.48533057905245,0.022310118818224724,0.7081395268351791,,1.951292470972203,34.57729597908351,9,9
2026-04-13,Financials,1.011441863862063,18.024522264684716,0.295245529870832,52.911683604069296,0.01908116977825391,0.5881279407344415,1.112604848588325,1.8267925406167593,35.45578412098503,9,9
2026-04-14,Financials,1.1871038687307103,19.30749745250519,0.3389361417492025,55.75571371603072,0.019002425155976697,1.0476866768882929,1.2005833131519161,1.8887394048382864,37.743403576739375,9,9
2026-04-15,Financials,1.2825978903835697,20.300060495612442,0.3669125046731464,57.01900484573092,0.019856138528681136,1.2919715959158593,1.1996611501465426,1.9780373970867546,40.80000634163915,9,9
2026-04-16,Financials,1.0497972380173044,20.6859506335006,0.31804923355854736,56.9946111693014,0.016300563353100296,0.7071276499474093,1.136574639035146,1.8138533068321028,42.17383963104337,9,9
2026-04-17,Financials,1.401779194790941,22.241244660283286,0.4128746540418872,59.729941585074634,0.019300444997232564,1.6644161407174194,1.2207289639107115,1.9859584492347724,45.761619666842975,9,9
2026-04-18,Financials,1.5252531967662835,22.248449526801668,0.4728767091165989,56.68334124487633,0.02398556577792831,2.0743190713519826,1.0084388325683533,2.19911846398433,49.95234903919408,9,9
2026-04-19,Financials,1.395113088406647,23.325706047987484,0.4386743503899178,59.22096863550514,0.023414786461489125,1.6020450406434443,1.0988590186432947,2.1570261192915865,52.287652756494296,9,9
2026-04-20,Financials,1.2677507121032754,24.73964422051224,0.4065615153680171,62.29212243664712,0.01965961346946779,1.223452410795685,1.2083686782845011,1.9940273850236392,54.85936782530289,9,9
2026-04-21,Financials,0.7585659933193666,23.659474865155595,0.3549662432432384,56.777609416040264,0.012817244729711706,0.6971142784544653,0.8787289450216487,1.7204531171333906,55.49041084066846,9,9
2026-04-22,Financials,0.6190304438278922,23.930015271382224,0.33172323951099547,57.314439540846536,0.006178732219354159,0.4569018003500921,0.8799949260674984,1.4498822206061677,55.1166469875878,9,9
2026-04-23,Financials,0.19339814986933054,22.50951646445573,0.24786360176253788,52.812482540585265,-0.0038664999123151633,-0.38084954556818956,0.6182542716525992,1.01676252535045,52.412244269438176,9,9
2026-04-24,Financials,0.3070289041678804,22.300707748983186,0.3042520270702452,52.01296882704439,-0.006561293961585491,0.19237637895863674,0.5617823262916846,0.8372156826453396,51.3755901472198,9,9
2026-04-25,Financials,-0.15025683923106586,17.343701592386658,0.2605503105245752,33.660279095513275,-0.01088027477356807,-0.25724450623626277,-0.45984325928129405,0.5703249296426958,49.04908945420321,9,9
2026-04-26,Financials,0.717863007483504,22.853999484285524,0.3720838290045847,54.726584706133565,-0.00605930788316358,0.8935607788247397,0.7211768915404466,0.6766797478360367,50.32403804770139,9,9
2026-04-27,Financials,0.26707625271042146,22.124377701369966,0.31622107244291703,51.36584910078601,-0.006431350710381143,0.2986109104463302,0.518838513129719,0.5919253573782954,50.29726915612614,9,9
2026-04-28,Financials,0.08962983857899595,21.146239421228117,0.292440215174797,46.89176532264554,-0.007976718110568192,0.04328250079202533,0.25574136521371055,0.45225480692297454,49.90217212191278,9,9
2026-04-29,Financials,-0.40957266960009864,19.089350302554234,0.19924082819886563,39.69025110065076,-0.014588439746813169,-0.9444944607681829,-0.1650142396585918,0.06422044680919592,47.14255912549599,9,9
2026-04-30,Financials,0.0011468738996158606,21.261622995159197,0.28855458543065204,48.27238036063052,-0.012348244208629428,0.026939969567659695,0.3412003983609016,0.031397879961959724,47.18314770071575,9,9
2026-05-01,Financials,-0.14581032644662245,19.46278908240027,0.2795211385389818,41.31619731127741,-0.010925417891319733,-0.07178574533570392,-0.07744461222739538,-0.019130387894041576,46.73751198495607,9,9
2026-05-02,Financials,0.4328920340762702,20.230802829843277,0.3672316639091797,43.360146726284846,-0.003890614137690607,0.888137356010287,0.04695737334437088,0.2164210756606827,48.32723859916723,9,9
2026-05-03,Financials,-0.6860784156088485,17.8770893259056,0.15965673323673976,35.60146984680462,-0.012542668153638257,-1.3853523848489537,-0.42754267437584087,-0.2496330378190661,46.408775024090225,9,9
2026-05-04,Financials,0.7422322517184577,22.42007588443983,0.42656068440663397,50.83073645145009,-0.0002646646984242622,1.5053902396828127,0.5182486952599626,0.23932728908225004,50.25481204199664,9,9
2026-05-05,Financials,-0.24545871936503003,20.677717342038,0.23037781056967807,45.37975714841029,-0.005064256024734683,-0.6193224808540154,0.1715788862521929,-0.007800524554496763,48.11526364405372,9,9
2026-05-06,Financials,-0.12132506189270047,21.116384228941754,0.2638723844573072,47.50280311303499,-0.005647129794580047,-0.2491545990288886,0.3035513791934605,-0.08906824544219989,47.48342179467606,9,9
2026-05-07,Financials,0.6400134503179545,23.296221699090086,0.37707836977651255,54.65509063168328,0.0015433755230117325,0.9833540522364759,0.752477213065916,0.22452118584279337,49.67707052557277,9,9
2026-05-08,Financials,0.791952885645995,23.472627097766285,0.40589865178354184,53.73613312118399,0.007840329976732653,1.2652536953692317,0.6814720892045423,0.5647322041571979,51.93874139845118,9,9
2026-05-09,Financials,0.8116726900476245,24.13392780395562,0.3929648251492347,54.979671605705434,0.010564607936016551,1.096244551355836,0.7498110333790786,0.7792400932071012,53.976554458909234,9,9
2026-05-10,Financials,1.035344292169555,24.174003962476206,0.4511324689955848,53.097068705689274,0.01542024119214083,1.6644712593298072,0.6169263341906526,1.1236010458701353,56.81509313995796,9,9
2026-05-11,Financials,0.23269997293617214,23.094239266788406,0.30235212131571304,49.49350204773775,0.008115143138439217,0.06351802934555333,0.3740759089184766,0.8826128725191846,55.72241760628985,9,9
2026-05-12,Financials,0.2031246923707056,23.152197543529887,0.3035720351210141,50.41334858220799,0.0031250498106165803,0.07601751474734414,0.4302718714788476,0.6926894126572294,54.69461981646087,9,9
2026-05-13,Financials,0.4219134552424788,24.422192911439957,0.3456259685626511,55.650208171519225,0.0024463546506878,0.5311058520228554,0.7704303104385364,0.6799233307028549,54.39749412454595,9,9
2026-05-14,Financials,0.8559937941643606,24.506263996829745,0.4092730918213838,54.75371013701207,0.005877989849909265,1.2055069381452208,0.6994395842145105,0.8759668136039879,56.26562943398535,9,9
2026-05-15,Financials,0.2983422399423049,23.674780988291026,0.32742748635448266,51.78416634533908,0.0024076053226727307,0.30148156413974786,0.49170842409393967,0.7410300519862099,55.776242959315674,9,9
2026-05-16,Financials,0.19458546957362613,22.693773137213924,0.32398319547001914,48.28143852696976,-0.00020900684596309935,0.2606596553284379,0.24936495102261158,0.6172528864298181,55.095331138700054,9,9
2026-05-17,Financials,1.0483345118665803,26.49462407190985,0.4341423131814512,61.82251544164311,0.005097056600272633,1.4517456703247467,1.1589936642788323,0.889617447759271,57.637478916595725,9,9
2026-05-18,Financials,0.32422820417404774,22.66466325663252,0.3604114585546199,46.58209375794452,0.003343701363327938,0.6267661923714523,0.10860755788847132,0.8365527999204223,57.64566289923623,9,9
2026-05-19,Financials,0.3242991710298425,24.900283944290035,0.32568937203057197,55.910973505623254,-0.0002606194848082371,0.23763993423385005,0.7463714652712412,0.6671250880552441,57.17687844682248,9,9
2026-05-20,Financials,0.17439990763092225,24.02561477258347,0.31093883613441403,52.9884161635469,-0.0035610135557474047,0.07124899351937075,0.5363556404943459,0.4774214567900486,56.45640663114541,9,9
2026-05-21,Financials,0.09548705998850238,22.378592790604433,0.32831315418962714,46.47471813352388,-0.004439650700065698,0.26583180376154003,0.0782897610288925,0.38545573433900293,56.53648703347149,9,9
2026-05-22,Financials,-0.5328517835101316,20.00779857859436,0.22066596591605098,37.97934673645767,-0.01172277950789616,-0.9491837326086772,-0.5179214308707973,-0.07037969456539475,55.37670714970041,9,9
2026-05-23,Financials,,,,38.62778294754321,-0.009378223606316929,,-0.4669341828123712,-0.06723501674235062,55.37670714970041,9,9
2026-03-24,Fintech,,,0.2893021005971421,,0.0,,,,70.87205877169573,4,4
2026-03-25,Fintech,,9.105924051627147,0.23460859776277385,0.0,-0.003490411576894159,,,,68.07510207072978,4,4
2026-03-26,Fintech,,24.160702797417503,0.31874925490754263,60.60515449325498,-0.00011754526520623353,,,,66.6748394897299,4,4
2026-03-27,Fintech,,14.502670193603016,0.13432245151442823,26.028709519087997,-0.009758800561733142,,,,61.44875071480376,4,4
2026-03-28,Fintech,,19.93249502537536,0.2606537305200014,46.81396080973018,-0.007197547511169343,,,,62.56238590002026,4,4
2026-03-29,Fintech,,17.92043801516978,0.17519611484933692,39.33688290620345,-0.010621731561771475,,,,61.85056626421067,4,4
2026-03-30,Fintech,,19.894581921401546,0.26616379086920383,48.15194395773811,-0.006334711215245618,,,,60.017407322510415,4,4
2026-03-31,Fintech,,17.818443529403385,0.177926497357719,42.20337063616323,-0.008861194445751105,,,,56.64193694911361,4,4
2026-04-01,Fintech,,22.21246778172467,0.4356813494369105,57.52972176630567,0.006574799592353464,,,,58.60681066259044,4,4
2026-04-02,Fintech,,19.00119454570556,0.2214264955053099,47.13910332940732,0.0023226040420747836,,,,55.47450974001956,4,4
2026-04-03,Fintech,,19.307950919534246,0.2674605678182756,49.11378895203524,0.0025588773046890806,,,,53.69010562860134,4,4
2026-04-04,Fintech,,20.56195706553049,0.35613080426637506,52.529533684922455,0.008311158218550097,,,,55.60605430806352,4,4
2026-04-05,Fintech,,15.801441777452613,-0.05483977923565934,40.06484075899011,-0.014685630893225929,,,,47.061602487629365,4,4
2026-04-06,Fintech,,16.05320519802629,0.08119702642909969,44.42966482504778,-0.01955404525837151,,,,42.45897387138692,4,4
2026-04-07,Fintech,,17.99349055511433,0.33296209791563913,51.02984258637134,-0.005374660024679633,,,,43.42667006872352,4,4
2026-04-08,Fintech,,17.13290583287401,0.20602384936086007,49.34797147959644,-0.004155501051561733,,,,40.73306542999222,4,4
2026-04-09,Fintech,,16.766446881777867,0.24726868263134533,48.33695739132712,-0.00038094854198937947,,,,39.65813932811862,4,4
2026-04-10,Fintech,,14.125052009126655,-0.10405806756816491,44.853593896903625,-0.020254726229141963,,,,30.324814264585562,4,4
2026-04-11,Fintech,,18.745102362802285,0.5738510168370596,55.46102636141292,0.011820588226991741,,,,40.52653317409485,4,4
2026-04-12,Fintech,,18.53652331044119,0.3583242849505699,53.05454203432747,0.017731218153251176,0.7778990334168878,,1.302911361934673,42.47333812003289,4,4
2026-04-13,Fintech,0.2119737632763208,17.450089444383277,0.22535484322738353,49.32872045767366,0.012160686079282352,-0.08631861890904861,0.3129291552040594,1.0395603848137416,40.94983460915558,4,4
2026-04-14,Fintech,0.12880397399669638,17.65147934292244,0.2095262859783627,50.53247957377405,0.007133941508073331,-0.18772640659981615,0.3947865514133264,0.7469983361709148,39.21865184868839,4,4
2026-04-15,Fintech,0.5955852014975195,17.702664239165188,0.3155074304726022,47.86581816151459,0.010468893565240316,0.522664701616051,0.18062331149889568,1.1721389823725303,42.249157907051,4,4
2026-04-16,Fintech,0.11292736827275762,18.26397647748696,0.20626631963232142,49.72033764024251,0.005111129115414123,-0.2322682175915025,0.32241004919201877,0.8096532778772039,42.20544258476584,4,4
2026-04-17,Fintech,-0.1290610494800484,18.030699343920848,0.1677385709987526,48.1553025308921,-0.0009130864897501411,-0.49357324365134847,0.18953828614173404,0.2890064032107313,42.088890298832574,4,4
2026-04-18,Fintech,1.1279261098467217,20.140448734319108,0.4681764017352824,51.92207510048459,0.014594851067600254,1.5587734085386,0.4938639220108644,1.739649767000002,48.27427892267082,4,4
2026-04-19,Fintech,0.5612601316022214,21.186884921223307,0.2745531756869029,56.10584741985448,0.01122268632256296,0.2023289353421377,0.8236124685095401,1.578859932754539,48.45641232224503,4,4
2026-04-20,Fintech,0.02704647969912391,20.122459830147868,0.16071285625305598,51.48618824448688,0.0012595936114028223,-0.5933996380012687,0.4173465686183201,0.8067781935030216,48.31501003705705,4,4
2026-04-21,Fintech,-0.12586346561523948,19.094359618056462,0.18545051394208903,46.987263295256525,-0.0034714313903507084,-0.4069644650600951,0.02387471369353951,0.36326833505735323,47.51046714759512,4,4
2026-04-22,Fintech,-0.40065593881759143,19.206503194023323,0.12550122020333482,48.30916067494719,-0.010071700867228028,-0.8216531475216401,0.1391382512651468,-0.3521309516320706,45.10469091007993,4,4
2026-04-23,Fintech,-0.2219420165093806,19.69581933808089,0.2037760607993928,49.100713460857754,-0.008653482755384866,-0.24195016136350117,0.20729647794166464,-0.4044262893121845,45.15012425236419,4,4
2026-04-24,Fintech,-0.32399838337317044,21.278153533066124,0.13899556085647327,55.70112812532498,-0.011393511895986683,-0.7088987103190212,0.7940309913165056,-0.8371107095805226,43.269903396975664,4,4
2026-04-25,Fintech,-1.7525664620698849,13.643703017631564,-0.09725894507098103,30.144357393010665,-0.027513315349658653,-2.2437584896444864,-1.4927991796615656,-2.4157572281281543,35.88604032391214,4,4
2026-04-26,Fintech,-0.4280599946484209,17.639781458392925,0.19963747579970437,45.52071944363419,-0.017087120378173372,-0.16197036474151005,-0.09694184982772275,-1.8233954570269257,36.50167814660328,4,4
2026-04-27,Fintech,-0.052233477930307776,19.50538705064464,0.24371827541717322,50.54573357345933,-0.006664123565406761,0.14925022556263506,0.35998023298012755,-1.1515172017450868,37.87812868942336,4,4
2026-04-28,Fintech,0.46070432245451953,21.174753146687635,0.3333675277356267,53.52567981592945,0.006133739068104493,0.7781339141166755,0.6255379060968056,-0.12221383217895312,39.973706990852385,4,4
2026-04-29,Fintech,0.2647739153169505,20.118526664139672,0.2570458873280569,48.30704765758425,0.00914338181497705,0.22139382009217695,0.13208547451532335,0.2592194073616194,38.584955289075445,4,4
2026-04-30,Fintech,0.3212369888409769,20.84438550018946,0.23536166878477452,50.887562997608576,0.009326180523972329,0.06118122840514319,0.37290734202635906,0.4376174017153813,38.8303939753342,4,4
2026-05-01,Fintech,-0.7906183477791111,18.854719434626766,0.007701601503823957,45.623077488605,-0.0054385681764952155,-1.560871808614374,-0.13445484403339736,-0.7485226204479616,35.02145011401162,4,4
2026-05-02,Fintech,-0.9372211402246101,16.611561192393882,0.07665104936429905,37.73956236937742,-0.009856835567230805,-1.0299213354702934,-0.886277451372048,-1.223948516449023,33.04547888617528,4,4
2026-05-03,Fintech,0.7151544840178652,21.603746162593914,0.39599870506234003,53.52541954387368,0.008443778330198333,1.2567906503831638,0.6533119074730558,0.29099262474661675,37.92902729404081,4,4
2026-05-04,Fintech,0.2718808492340996,20.96632665982047,0.20873974885408536,51.33716678599854,0.007675102935087181,-0.09654996653451063,0.4304161815351393,0.3725071351072077,37.53749885139629,4,4
2026-05-05,Fintech,-0.08277974550383294,20.191648933347437,0.17342258397327887,49.667079133068874,0.004673538726010076,-0.35057095706545655,0.26006452953519776,0.23023490873904814,34.82980818267243,4,4
2026-05-06,Fintech,-0.7010699093365047,18.830763524490266,0.026426142977011617,47.38377219532613,-0.006707972416379292,-1.3892340956397131,0.02869719079846889,-0.7606725116782386,30.869560887716005,4,4
2026-05-07,Fintech,0.0023238622500894174,19.61011735618354,0.1954895294606963,49.79119345675333,-0.0025597456864744073,-0.1510752605547191,0.27192992057477117,-0.48274747503206517,31.74784913786292,4,4
2026-05-08,Fintech,0.4890141547369087,20.98969106523972,0.2842103902679008,53.61554552007495,0.00598332486528377,0.49830660852221736,0.657252154668751,0.29682097334499136,33.73862069199389,4,4
2026-05-09,Fintech,1.2536519439416367,24.23748693150262,0.39035442959621885,62.981627170633665,0.017931425849053606,1.254003074505022,1.569874897196715,1.533356806185392,38.4373464945765,4,4
2026-05-10,Fintech,0.8530177932917511,22.037766185166255,0.294643204389368,52.83276988773818,0.018464593985741337,0.5376813240977233,0.523619487968409,1.8411743696280782,40.273121470692175,4,4
2026-05-11,Fintech,0.8788793379483114,22.121955379725353,0.2987705967871009,51.68154991199758,0.01814453659274519,0.5608963037369119,0.3999663860245354,2.04078897058234,42.196111161666444,4,4
2026-05-12,Fintech,0.19216901944728473,20.46906200277322,0.1971746950135952,45.8701872444743,0.01051810319060583,-0.20085696270536915,-0.20305562086803164,1.6147588169454088,41.06862910614584,4,4
2026-05-13,Fintech,-0.15065052318416963,19.921970958725275,0.12376784485272813,45.951416470436904,0.00048695162937383864,-0.7466393457894219,-0.19252180824235243,0.8898506959145356,37.64563489733833,4,4
2026-05-14,Fintech,0.5220944871177018,21.340345542165164,0.25682306581396036,50.61061657409731,0.002649236038392018,0.2653720304220053,0.29928162491426713,1.0695200496826873,38.95737929593702,4,4
2026-05-15,Fintech,1.0144730204672612,23.9311712999248,0.31884840639997586,59.77391839327422,0.00780178019411542,0.7319960929582854,1.2496658623330987,1.526989712304303,40.19353491655606,4,4
2026-05-16,Fintech,-0.08188693149608338,21.24988876855892,0.1149770124101437,51.10984114920399,-0.002428233903279247,-0.8308765944053772,0.32284742557767626,0.7509915907537287,37.12351430378057,4,4
2026-05-17,Fintech,0.5135299807638186,20.472024044262316,0.2937883431531241,46.77794567833875,0.0026639886513024937,0.5489197722551552,-0.14156201824452527,1.1346749267066505,38.17573959453287,4,4
2026-05-18,Fintech,0.6649067976466526,22.070229560590796,0.2758193848512265,52.36726785117213,0.004528819476266535,0.4044842467611216,0.45991606931812873,1.3131312108775233,39.3367037218201,4,4
2026-05-19,Fintech,0.20696530470644678,21.653907014051043,0.2071710935232879,51.163624035684386,0.0010284674435110316,-0.13414649011025614,0.32512114930906033,1.065013151717785,38.91963171272444,4,4
2026-05-20,Fintech,-0.866397454394706,19.48948161608736,-0.04699127484443656,47.64281687290495,-0.017492602113294627,-2.0506532153006773,-0.062402910844319,-0.5332453603396407,32.40644252498858,4,4
2026-05-21,Fintech,0.14110908812592807,20.62084113339681,0.2288170963881544,51.00139466402165,-0.010596097672117714,0.07183211230607517,0.3082157887327762,-0.2316769630056132,34.05542795778111,4,4
2026-05-22,Fintech,0.07001011228759789,19.785591922222565,0.21677742842489478,47.87596174834123,-0.006475515173991624,-0.02147284424116447,-0.04182047192854599,-0.053372347313516394,33.4614137281542,4,4
2026-05-23,Fintech,,,,44.14079075758497,-0.0051804121391933,,-0.45956071896077916,-0.04241133216417064,33.4614137281542,4,4
2026-03-24,Gold,,,0.07913513124266726,,0.0,,,,71.3561153170979,1,1
2026-03-25,Gold,,11.175977149444345,0.034946310005311745,0.0,-0.0028200273382243957,,,,68.16566500762812,1,1
2026-03-26,Gold,,27.202067277735463,0.11574798447523905,64.64625491137983,0.0007232661620915959,,,,67.78130258923645,1,1
2026-03-27,Gold,,27.762942564279335,0.12521126116889011,67.13456197749005,0.003514922229230404,,,,68.55120012817731,1,1
2026-03-28,Gold,,25.41121324517085,0.10198948345722422,57.24727207174357,0.0035952282582016448,,,,69.26335444311749,1,1
2026-03-29,Gold,,32.402036363729955,0.2772555603905964,79.75302771626286,0.014630739763276456,,,,77.02926985431816,1,1
2026-03-30,Gold,,20.32947521791686,-0.07884008759941882,38.53652592061617,-0.0019893482673897277,,,,68.84208172878039,1,1
2026-03-31,Gold,,13.291165319642262,-0.41583334827431373,25.87944694189615,-0.0338485739722045,,,,48.96017974360332,1,1
2026-04-01,Gold,,20.317115537842533,0.1282338726507647,51.56355682952171,-0.01728491331897633,,,,54.150029771173116,1,1
2026-04-02,Gold,,20.847714379752833,0.14474087290110424,52.06748849622724,-0.004867285058081275,,,,58.92158644730834,1,1
2026-04-03,Gold,,18.491969976590003,-0.06036513749116429,46.10706506648619,-0.009830993254911897,,,,54.13376910787364,1,1
2026-04-04,Gold,,18.67368487110376,0.0024156384522500225,47.93152217191766,-0.008310464931385653,,,,52.37733723160203,1,1
2026-04-05,Gold,,17.09724656950663,-0.09619443503543734,45.51150936597254,-0.013086097126337869,,,,46.7192076120518,1,1
2026-04-06,Gold,,16.99147014017253,-0.02560815168045969,47.41206924941883,-0.010730152143801124,,,,44.70211351686081,1,1
2026-04-07,Gold,,16.215649100657267,-0.039896828426200986,47.07965339191573,-0.009419840760045484,,,,42.71747080272118,1,1
2026-04-08,Gold,,15.477899699446603,-0.06843715571919456,47.44394921376971,-0.009721638267581472,,,,39.45100570625658,1,1
2026-04-09,Gold,,15.769454361754558,0.048883674597491836,48.376171174322984,-0.0016873777719111846,,,,41.262074810161515,1,1
2026-04-10,Gold,,15.312831635580517,0.018208270661108607,47.42788613971536,0.0017096651241403395,,,,40.99947553060413,1,1
2026-04-11,Gold,,11.68865455461611,-0.29221879321166444,41.67375991703298,-0.015834882794275147,,,,28.08191869578683,1,1
2026-04-12,Gold,,13.338072304857533,0.0611963741613062,45.755912238999834,-0.0031845486937271544,0.3771848962085655,,-0.8592450704094309,30.872646858407666,1,1
2026-04-13,Gold,-0.6070804894776084,13.025225205686874,-0.13104674122408033,48.90394054525009,-0.007087177550758453,-0.8338610586826294,0.0878080882485821,-1.1132270064419723,25.089787461971458,1,1
2026-04-14,Gold,0.6207565411112179,17.589987124556504,0.1597597333993349,62.323357569198656,0.009682948801725044,1.014774467398344,0.8995670169693333,-0.04194655882364038,32.53899531023758,1,1
2026-04-15,Gold,-0.7539125983167887,11.050960814224009,-0.19685699705928564,42.43243988649165,-0.0028078659616644595,-1.234687259623577,-0.3605499913799208,-0.7681985778374194,24.482808770156687,1,1
2026-04-16,Gold,0.058940605316699146,12.528911800425707,0.02174937046587467,47.3831854688813,0.003731711393921335,0.16625894591108373,-0.03706112087451962,-0.32967619503361073,25.947022432286634,1,1
2026-04-17,Gold,0.9683717968642076,16.70042496007728,0.249688035248013,56.53333321967971,0.022443414482478528,1.543843307361821,0.5578475212542456,1.0532986746847295,36.677809771950294,1,1
2026-04-18,Gold,1.436239177070277,19.33419578271434,0.36018029708834365,57.39009896144417,0.04025716363069891,2.0099275562208496,0.5992316059398716,2.3226608188538576,49.9329724226575,1,1
2026-04-19,Gold,0.590215680916039,18.484958611124696,0.07862997566820207,53.35747828683468,0.03146327047937372,0.3386609438172872,0.3157511843365976,2.0390896369594067,50.240476905187066,1,1
2026-04-20,Gold,0.23139324084957377,17.33620280052654,-0.016834149951234993,50.16690857610308,0.01825708814752615,-0.23117248455328956,0.09100482053027287,1.515431888449956,47.38119477371078,1,1
2026-04-21,Gold,0.22834424839839415,17.46717764467342,0.011904897235333929,50.98004052445191,0.010862403067893918,-0.054285069948011216,0.1463263848021549,1.2340643264540987,45.672930874347024,1,1
2026-04-22,Gold,0.15821279820074732,17.530739164480494,0.003566734926076612,51.37274011309838,0.0051069549848194815,-0.1045262002770727,0.1718171039961512,0.9882570128740733,44.20352406665095,1,1
2026-04-23,Gold,0.8378137118153262,19.128678144161807,0.18965324583540982,52.615174290670225,0.0130767476427133,1.039172788833649,0.25905423382589793,1.4406976750075995,50.08071702471578,1,1
2026-04-24,Gold,0.11740743276342891,18.042052050575087,-0.005939191740967331,49.57729714446346,0.004843802220589123,-0.19597943211643296,0.030347878332032386,1.0772659692081936,47.431658385908186,1,1
2026-04-25,Gold,-0.007508452661759091,18.562968696139926,-0.05905573473845919,54.485619978416324,-0.004031682190270999,-0.5272771763495124,0.39815302963552934,0.6084991333202204,42.89690041151766,1,1
2026-04-26,Gold,-0.2219097051088003,16.195428802455254,-0.05535559159416395,47.40913979921244,-0.009209532837694734,-0.4940857439111636,-0.1477638057038465,0.25601997150478073,39.04084021232787,1,1
2026-04-27,Gold,-0.0053753232046879484,17.691712094636912,0.003754057013283348,53.18503708072551,-0.008241251210151625,-0.10361092194780883,0.3018370376636739,0.2014315883249428,38.13022353192501,1,1
2026-04-28,Gold,-0.2620470799162486,15.351201469893889,-0.0254417525910255,45.00682623407731,-0.00908811643283446,-0.2941703036412279,-0.3451342321614317,0.05119783459826753,35.4126441785594,1,1
2026-04-29,Gold,0.23244135162926158,18.183114044766562,0.004863992374911907,56.599799289929784,-0.007210322599769597,-0.08788564483594542,0.5810696253579894,0.054128469688942374,34.07801910203419,1,1
2026-04-30,Gold,0.7274795416520113,18.987800352886683,0.18005690997545093,55.33085795512481,0.005539592346773876,1.0820513884926684,0.4697097253312195,0.7360928498723286,40.315443175571595,1,1
2026-05-01,Gold,-0.6022096121045872,13.429526368500456,-0.12248819491255517,38.06690516260337,-0.006065179794067088,-0.9636842879601266,-0.9309744947165949,0.08380561868614082,33.23208178508931,1,1
2026-05-02,Gold,-0.39761718450283945,13.207753553556858,-0.015280910900831224,37.93616606041505,-0.006163392666087232,-0.22657973608469903,-0.9192736606052911,0.0013562303109887338,31.612770777642822,1,1
2026-05-03,Gold,-0.207167157480395,15.232389487822616,-0.007570443286870916,46.63884607255515,-0.005379975387655203,-0.17099062172256171,-0.19632543526818755,-0.02692981795892559,30.420725634783242,1,1
2026-05-04,Gold,,,,50.39026777233163,-0.004303980310124161,,0.1166857564809163,-0.026614975669432994,29.84165294280922,1,1
2026-05-05,Gold,0.05705896976495424,15.606260351875859,-0.0022226482253717736,49.15916900516814,-0.003431888435897143,-0.13187008424899382,0.01205608207744038,-0.025581749824931947,28.36804571888964,1,1
2026-05-06,Gold,-0.1488932993266803,15.523233894077194,-0.006358036734532849,49.338218511669304,-0.0028392942598882455,-0.15935774828946692,0.027127805386999305,-0.031424812990774965,27.42472710385606,1,1
2026-05-07,Gold,-0.005766404277217002,13.706472003963,0.02723968694924631,41.62373624409373,-0.00010871804535615183,0.08121592135789935,-0.6335527345190685,0.11194665309944399,28.107924043029584,1,1
2026-05-08,Gold,0.11838861922034732,15.694577571015747,-0.00011229876772988505,50.02875155274458,-7.065769980674295e-05,-0.11639498788466686,0.1013939024257895,0.11182640154896095,27.73532050556063,1,1
2026-05-09,Gold,-0.29529337339278217,15.04430875946855,-0.06236220917612469,49.48627284654015,-0.003949152307141185,-0.5660548512263689,0.05277062088029066,-0.15273197990612886,24.377705606782193,1,1
2026-05-10,Gold,-0.40912887844114654,14.249085753668208,-0.07588070103008958,48.48185173448599,-0.006960224382836172,-0.6561149299984816,-0.03681169096743597,-0.41046545553041064,20.792047838813904,1,1
2026-05-11,Gold,1.369181296654194,20.316191475871836,0.3270961246502719,63.29421216720517,0.017325854468615988,2.1993517115243693,1.268516556985854,1.157539558814237,34.230510864386005,1,1
2026-05-12,Gold,0.8175681042247969,18.873411086683515,0.12359617550441868,55.24304873074708,0.018704722247200777,0.7364433656846318,0.5373588729878873,1.446759485753588,37.73964374947131,1,1
2026-05-13,Gold,1.8375304632005578,23.19957701936677,0.41132315701221833,62.321317149586704,0.036959834657373264,2.572385009786398,1.1508477813030973,2.70141403132565,52.731346613086224,1,1
2026-05-14,Gold,-0.08400608575952044,16.96061572128595,-0.09468764759293374,42.84942734093988,0.014096956964828072,-0.8152120427312771,-0.5987950079400957,1.6487605715600817,45.36401516963794,1,1
2026-05-15,Gold,1.7985744998874198,24.339198435199513,0.41850749416058963,62.346777545292944,0.031671842120737065,2.4572659361971954,1.146103338385035,2.6892783994535723,59.12084775688603,1,1
2026-05-16,Gold,0.29608264698347453,20.428127460994205,-0.01086032493395587,49.98139136889696,0.013446676402280987,-0.2819889441841944,0.026265694503590394,1.9023970250984954,54.47938311775274,1,1
2026-05-17,Gold,1.4312357411765504,23.851131742984833,0.34175734236235944,56.06399558492144,0.023611964845912454,1.9021897764121825,0.5752153715966043,2.460672549552934,64.88885389496997,1,1
2026-05-18,Gold,0.46122218306236884,22.08813943320539,0.06525262109542888,51.08385182540799,0.010836021188697788,0.16557255447115105,0.1159489577187329,1.9342794845093776,62.364543327670596,1,1
2026-05-19,Gold,0.583800950511143,22.48554276703106,0.13952614170252928,52.223840478775756,0.006711844204229385,0.6279920495055299,0.21975487466517807,1.7628369543461226,62.92088826694591,1,1
2026-05-20,Gold,0.17617022206585656,21.332273883897138,0.01827062292632766,50.372693152017995,-0.0042668810224924456,-0.14280636185924855,0.045952095457347936,1.2349146052301145,58.85246011037945,1,1
2026-05-21,Gold,1.3528941907271461,24.496428979532322,0.389804884387806,54.97744199941934,0.012492036238016355,2.1325313775773176,0.47612461157271846,1.9684617277150787,70.37010657498413,1,1
2026-05-22,Gold,-0.34851940395440895,20.480219304295712,-0.1684913245682547,47.982531713589985,-0.013610239939497379,-1.3046294609237385,-0.18790270321706617,0.7711823749728719,57.98904650061861,1,1
2026-05-23,Gold,,,,48.70913586596121,-0.010888191951597903,,-0.11718713743015544,0.7551035892334199,57.98904650061861,1,1
2026-03-24,Growth,,,0.25226077677435377,,0.0,,,,68.91316530953182,3,3
2026-03-25,Growth,,10.242847038156928,0.17241311093708686,0.0,-0.005095691495027865,,,,68.04691312644626,3,3
2026-03-26,Growth,,15.231508070010506,0.1937632669222943,21.0974461709866,-0.00664831644697359,,,,65.32603438084627,3,3
2026-03-27,Growth,,13.057877306095529,0.144070794580714,14.149456135326119,-0.010417446478032093,,,,62.304294292173836,3,3
2026-03-28,Growth,,19.08760542497554,0.20185977714696493,37.92381293986215,-0.00849529610372167,,,,62.97551893027586,3,3
2026-03-29,Growth,,17.797457863972625,0.17831514812017915,34.07880781845033,-0.008277882312052785,,,,60.98691912711896,3,3
2026-03-30,Growth,,20.353715991546245,0.21693920343490036,43.479446328545876,-0.005154034408841034,,,,61.584074096958474,3,3
2026-03-31,Growth,,16.632771416843013,0.11350768389518025,31.463972770766674,-0.009426155013014127,,,,57.17545139382037,3,3
2026-04-01,Growth,,19.302547524389723,0.1904223889371931,43.14725346608922,-0.006579214927348578,,,,55.01396521970548,3,3
2026-04-02,Growth,,18.57006046235514,0.17700071510753082,41.900829456130204,-0.0051694881197326265,,,,51.985534421201976,3,3
2026-04-03,Growth,,20.06050001893184,0.2162363323904597,46.42509290484676,-0.0013622313491913236,,,,53.84058119843212,3,3
2026-04-04,Growth,,18.17552946925525,0.12878652343627703,39.55910833276295,-0.004333495078269203,,,,53.12826144501272,3,3
2026-04-05,Growth,,18.117442640219217,0.1325529002700965,39.941658399781865,-0.0055665647890773655,,,,51.95735129825431,3,3
2026-04-06,Growth,,19.343402743407864,0.17512473519362814,43.951437929593844,-0.0031563676060421264,,,,52.78345800142815,3,3
2026-04-07,Growth,,18.24911015154637,0.11783094646438874,40.32786074734519,-0.004954984631723544,,,,51.82948850721539,3,3
2026-04-08,Growth,,19.9468971668502,0.16245110559511267,49.24496604004902,-0.00278211491346355,,,,48.27943852171635,3,3
2026-04-09,Growth,,18.005466403809255,0.12476912413783266,44.897166793903835,-0.0034798890025807515,,,,43.30504115726932,3,3
2026-04-10,Growth,,18.376911450641273,0.12742161661472037,48.67653093577725,-0.0033583652770421135,,,,39.94854450667427,3,3
2026-04-11,Growth,,16.557626899117402,0.1250070874786059,43.301117051844614,-0.0030454031162762338,,,,37.1650404900044,3,3
2026-04-12,Growth,,15.278083468991076,0.06754492050538713,40.8837197359714,-0.006134927602422683,-2.0953307877504557,,-1.5533471459428752,32.92503920907117,3,3
2026-04-13,Growth,-0.41699487845295735,14.995409958358877,0.11814068462935452,42.02610667148518,-0.004285119362405901,-0.9169941773639476,0.38207743469624134,-1.3499753470310998,29.528612576505974,3,3
2026-04-14,Growth,1.2419931993791764,20.82537020687247,0.2676256873523707,61.577967191742765,0.006884243772904988,2.111429581182206,1.7617736973285063,0.2673274331381374,34.27746624528555,3,3
2026-04-15,Growth,1.0802551162126797,19.371790418183245,0.23523374959759516,53.607749460815874,0.011686754867059515,1.3583359965315172,1.0943999187681117,1.193527670320419,37.23854227751088,3,3
2026-04-16,Growth,0.9763044082200891,19.610871595401356,0.20859307155954754,52.49048102767506,0.012587286361710373,0.8000258696251541,0.9663733793588024,1.5771942687373384,40.31723951161503,3,3
2026-04-17,Growth,0.6275423696146997,18.25150089068897,0.17271505453681293,46.5508824859252,0.010376730922632638,0.07963343598660128,0.5027086080219043,1.511747296336341,41.18065353813612,3,3
2026-04-18,Growth,1.6801036998165206,23.096101225464867,0.28311871477228584,61.80165260555421,0.015643791667328367,2.078727980876025,1.5568419062385632,2.2654281125116777,46.469654992276226,3,3
2026-04-19,Growth,1.4209076653499209,22.6841233757778,0.25025213243899264,58.61686440587576,0.016142741801920206,1.3757373623864007,1.2520922843498188,2.378839687952155,47.598638858597425,3,3
2026-04-20,Growth,-0.3726683532163284,17.369157197255966,0.05852765876382646,42.99390083366946,0.0034522447108743257,-1.9751704030748705,0.10191852324002056,1.182343521949841,40.175405310569076,3,3
2026-04-21,Growth,0.9224850340462314,20.592354293544652,0.21549593953554416,55.24074314305521,0.005405003063351078,0.7397955533196692,0.9832311949529999,1.4176326736009968,41.04105145700315,3,3
2026-04-22,Growth,0.29452388625514636,19.09842738780432,0.1629950623052953,50.02894413829949,0.003053352020371057,-0.1793272232582463,0.579115679467937,1.2148078586776991,40.69383694917475,3,3
2026-04-23,Growth,-0.08440194125014552,18.68018976540059,0.11542675875137277,49.508064969083456,-0.0015651158860740342,-0.9955578976409101,0.5282115278267203,0.7308540830929752,39.44320902836553,3,3
2026-04-24,Growth,1.1339412370118012,20.79200573515438,0.2581929106638579,56.00051956226102,0.0047879945398816275,1.4739382797774458,0.9933344429278841,1.3706845257620148,42.38473560277386,3,3
2026-04-25,Growth,0.325714090845001,19.3857141896521,0.16677138259425384,51.77166525733292,0.002728613723842653,-0.12265808046640486,0.6538019796625819,1.1967949712311396,40.602928720038875,3,3
2026-04-26,Growth,0.3511649212187907,20.668193012529017,0.16834760527496273,54.488947666139765,0.0014330826502658564,-0.09329194803933413,0.8417761441501689,1.0752087825365992,44.140247322280196,3,3
2026-04-27,Growth,0.081853438522477,19.913516777420774,0.14302215179262745,51.13353430156276,-0.0010358367340713385,-0.5399072935172561,0.569428867438609,0.8069647902991482,44.981330485277276,3,3
2026-04-28,Growth,0.31475709505587757,18.207691927731933,0.17107939973045658,45.05443424710474,-0.0007016681711052592,-0.02822542074494162,0.09019627709176246,0.8026391074176018,43.35561947286608,3,3
2026-04-29,Growth,0.4813567220001863,18.65883942239778,0.18751928258713554,47.515227038952716,0.0006321100886336629,0.27179834963168736,0.2823274661750444,0.9163446799549171,41.68536706972786,3,3
2026-04-30,Growth,0.5932978163697792,19.097898866683565,0.1954567415572196,49.30232347468778,0.001978459944327561,0.4140722394503816,0.4201305506685586,1.05543764153339,41.32757790979544,3,3
2026-05-01,Growth,0.8080403703087762,19.94424514856521,0.21410077823077803,52.239002191733526,0.003940871014744239,0.7518331170240483,0.6480421596602417,1.2807405296163639,41.749329934987955,3,3
2026-05-02,Growth,0.7543615436294078,18.26752019614356,0.21962095581369293,46.12495627853705,0.005340028418782334,0.8386356576502881,0.14210921538488425,1.4678805041489074,40.30679498598114,3,3
2026-05-03,Growth,0.9106173294902338,19.0793013419472,0.23072884074138197,48.77605815632009,0.006657226617550767,1.0244058840092218,0.35849614322380313,1.6534935119848038,40.84135265689918,3,3
2026-05-04,Growth,1.667812537841027,24.606908420243997,0.286816900768891,67.24443298856622,0.010709361195023605,1.9685430366973655,1.8140606967884048,2.092246020588372,45.5684434455426,3,3
2026-05-05,Growth,-0.4778140917699353,17.031454063237298,0.07497619946643036,40.19803858731784,-0.0008597150983237012,-1.8243242712235352,-0.39476430537824925,1.0774106657939215,40.85146885650785,3,3
2026-05-06,Growth,-0.2836438809920273,18.134482806948824,0.11112379875993168,46.297240947108214,-0.005785400173308115,-1.1481149589381885,0.10852260592821479,0.5371886348768267,38.36008844306589,3,3
2026-05-07,Growth,0.7636005713702042,21.314731859474968,0.2174809063659553,56.72090229790067,-0.00179513089000567,0.7279874278263552,0.959508371721009,0.8198924057438614,41.496372339025505,3,3
2026-05-08,Growth,-0.8785588669721881,15.861026806761632,0.05737325299863976,37.070103451995834,-0.00942675772374154,-2.008674887821837,-0.6755950032361557,-0.024235272760523775,38.2754897696109,3,3
2026-05-09,Growth,0.2803471127642194,19.034640632368916,0.1791129848918369,50.76476435755139,-0.005934374232671751,0.08519612226218225,0.472426173806332,0.1459234145627663,36.55565044814274,3,3
2026-05-10,Growth,0.6083077469936373,20.088445110458448,0.215906942546629,52.82382998202973,-0.001060268315199022,0.7138379311416927,0.6378274672370061,0.5369543878320426,39.5999016261865,3,3
2026-05-11,Growth,1.0209388789616316,21.36661249086837,0.25550511229690825,56.567353503662275,0.004605740595203123,1.364305902867992,0.9392364076480126,1.1046250471332426,41.32029901795686,3,3
2026-05-12,Growth,0.2689798052051223,19.879306467087513,0.17917535752543826,50.44746246146867,0.003062330681473405,0.04201183976090097,0.41004571322385397,1.0157704307808988,41.30564746237704,3,3
2026-05-13,Growth,0.7835893509571581,20.24947717325917,0.22352579061361819,51.93051400123121,0.004775652803682704,0.8047493002351872,0.5313456807417196,1.2361496686754365,40.903845607936915,3,3
2026-05-14,Growth,1.2088732441054348,21.18663142148009,0.27627506814799335,54.134460374739945,0.008965526248426932,1.6662436483071128,0.7125199462414787,1.7209081502089845,43.02031556172397,3,3
2026-05-15,Growth,-0.4498758778940485,18.206382458661462,0.07809995721757933,44.12221625110074,-0.001545828520605531,-1.6838470933932814,-0.161831807296303,0.7873039325517202,40.60776466496042,3,3
2026-05-16,Growth,1.5103065659419812,21.170861764517408,0.34378625479069935,54.38105197840978,0.008885468944022867,2.5968160842644346,0.7335583044733993,1.7864275922969504,42.46255164401369,3,3
2026-05-17,Growth,2.0681471650249668,22.794645705209916,0.425551222890056,56.54764427330107,0.02013870789779293,3.4133127323089605,0.9100084759823482,2.86008973897548,48.20326367106585,3,3
2026-05-18,Growth,-0.8554487231444733,17.947622807439124,-0.04127916470884955,41.35893991863777,-0.0037387636985724247,-2.924686773882398,-0.4349095020352784,0.9326636031246658,43.514544483220305,3,3
2026-05-19,Growth,1.028201859683859,21.404165790804274,0.2814431626569844,55.13764844089348,0.0020121435726188092,1.2873957757724313,0.787141094561194,1.378289835981586,43.34335085632567,3,3
2026-05-20,Growth,1.2026335469947294,21.71835160864401,0.30428968547260893,54.83869948628951,0.006890113294777978,1.538829412950985,0.7498445032426327,1.8114541899767604,45.93234085606146,3,3
2026-05-21,Growth,1.3378183779174118,21.3730290520703,0.32997290367565907,52.936548514983805,0.011130558750178538,1.80099737577995,0.5717027353499158,2.215564691326613,46.74987475861984,3,3
2026-05-22,Growth,-0.9077743558189452,18.227366917572507,-0.06891346552586824,47.06876642964151,-0.012371282802765476,-2.960701968062294,0.0390356394690383,0.2933471638313877,37.96554050118259,3,3
2026-05-23,Growth,,,,43.89823851391382,-0.009897026242212382,,-0.24891089262524027,0.29642704104826645,37.96554050118259,3,3
2026-03-24,Hardware,,,0.23610981946795634,,0.0,,,,34.51657687243439,2,2
2026-03-25,Hardware,,29.91912992705555,0.266548521404756,100.0,0.00194252684724876,,,,35.03431979437363,2,2
2026-03-26,Hardware,,7.907879609401883,0.11292325515045545,16.53702364234448,-0.006750198432434393,,,,28.04413959407462,2,2
2026-03-27,Hardware,,11.29717812390694,0.15529397381904264,32.1547116367838,-0.009129815739924408,,,,24.84536583241526,2,2
2026-03-28,Hardware,,20.449266456995822,0.39667358484262993,67.1610579348663,0.005293335481600519,,,,26.408187589570662,2,2
2026-03-29,Hardware,,23.397935565330698,0.5058412932066222,73.37434017163022,0.02104253173431354,,,,34.62796273395817,2,2
2026-03-30,Hardware,,18.86190887223954,0.33018773475905094,56.24989833753333,0.018572680391143334,,,,32.49516281882954,2,2
2026-03-31,Hardware,,17.468181550018862,0.2890419250177221,53.33417407200844,0.01335459605745156,,,,28.100883188735345,2,2
2026-04-01,Hardware,,18.377013726989375,0.3336967960417534,55.81958241322415,0.012132674305307638,,,,29.987171432794412,2,2
2026-04-02,Hardware,,18.48422297032957,0.35805300488342084,57.06677398529961,0.012156458980089026,,,,28.49516517707993,2,2
2026-04-03,Hardware,,17.715232905264855,0.31645771676214673,54.44211556201067,0.008723203987501798,,,,27.407764730117215,2,2
2026-04-04,Hardware,,20.112572438982156,0.47223924784438615,61.136402189609,0.015879365952211472,,,,31.04540901048937,2,2
2026-04-05,Hardware,,21.258660278055686,0.48905668541092895,61.74326773685143,0.02039307538968839,,,,36.78199176305894,2,2
2026-04-06,Hardware,,16.903811855811863,0.1660923050168558,47.499287122317256,0.0012833688947711946,,,,32.69153966254724,2,2
2026-04-07,Hardware,,18.001197701260608,0.29966639800609896,52.0722378472291,-0.0024989808962991994,,,,32.31144035142706,2,2
2026-04-08,Hardware,,16.321904332212593,0.23231697347279334,48.910125915414554,-0.009292937230919632,,,,27.0184311664922,2,2
2026-04-09,Hardware,,18.573395430993518,0.35676355430139345,57.910434927068295,-0.005357206309507458,,,,27.133536009772474,2,2
2026-04-10,Hardware,,18.000393933313283,0.3267273796062359,55.60634649132154,-0.004749151203797226,,,,27.616370233167363,2,2
2026-04-11,Hardware,,15.824217965449346,0.3025046564313134,46.41060434937129,-0.005876868913993475,,,,28.520536426001808,2,2
2026-04-12,Hardware,,16.82494891876088,0.4403426832063271,47.5568171582785,0.0023223144595080555,1.1176554150520162,,0.36474922511508856,32.56065791890795,2,2
2026-04-13,Hardware,-0.8363186002722836,14.988211692678231,0.15880181477512242,44.07511771477124,-0.010831470371679315,-1.3748720084810915,-0.6424509503595742,-0.6466323795826073,27.379491645789336,2,2
2026-04-14,Hardware,-0.09541164305447425,16.959219423051195,0.3168678065174633,50.89000465110455,-0.00859996893492632,0.04560628283480206,-0.21526219357543105,-0.621144521725437,29.155141244681413,2,2
2026-04-15,Hardware,-0.6107068061958647,15.680993417217099,0.2495956404955485,47.34840691888896,-0.011203200849343634,-0.5580678893368184,-0.4283288818035948,-0.9426552629249806,27.314602200250455,2,2
2026-04-16,Hardware,-0.6327102072028127,15.197199378201743,0.25854116579126846,46.83174167656352,-0.01181071488295663,-0.46251618889747825,-0.4498977519468705,-1.124499573085665,25.534295655169995,2,2
2026-04-17,Hardware,-1.4044156517911073,13.318000027261203,0.06611564604288585,42.72802779765468,-0.023959615369806446,-2.0380312375542937,-0.6980219402741711,-2.0667476600933847,21.31089894905513,2,2
2026-04-18,Hardware,0.1595882735066617,15.96961971069799,0.4469689315181127,49.35082878739769,-0.0060656449775945585,1.2498752357901712,-0.2513612421074741,-1.01668697047321,26.89780946456084,2,2
2026-04-19,Hardware,-0.12582153547123298,15.578167614416326,0.33355079375435753,46.19409013739891,-0.0018088393329446584,0.25871249938591506,-0.4552996197442368,-0.7599633597283588,29.798081946027953,2,2
2026-04-20,Hardware,0.1486166506351898,17.968525751075603,0.35188466306947325,55.34401327005037,0.002089534863579539,0.41239280760061775,0.17351980211913365,-0.47569287186408327,30.346057139211513,2,2
2026-04-21,Hardware,-0.47516232139086345,16.305305542500374,0.2583878619279997,48.78467082869726,-0.001582642649076287,-0.4199241815982124,-0.28287589930811013,-0.7122372330675191,29.34571396288636,2,2
2026-04-22,Hardware,-0.7774513159491605,15.913852807649153,0.189531161073104,48.74141042180516,-0.00823131289463268,-1.0124564301464714,-0.28077030617338616,-1.210604642059805,26.371503173908472,2,2
2026-04-23,Hardware,-0.2685551584608622,16.095868670705794,0.29325626700116,48.108811236356885,-0.005364528286816075,-0.06554551719982671,-0.32095963271513805,-1.0752166415029636,27.606068780287963,2,2
2026-04-24,Hardware,-0.019135077618806506,17.487441989273385,0.33900034200129203,50.362090087840826,-0.0003719096026400163,0.3524934141356036,-0.15173240566584503,-0.7497598582855117,32.26781956065196,2,2
2026-04-25,Hardware,0.4083473519241857,18.561134124383333,0.41790679588245383,53.298292369206564,0.007808612579050174,1.0589768783556721,0.06811544492837684,-0.10955136138902144,33.87305249145493,2,2
2026-04-26,Hardware,0.5255644738007392,18.424234679759213,0.43564612157793087,49.855873904481086,0.013637073791758545,1.1812414622441332,-0.1921380947656626,0.4732111434114007,38.21107720254006,2,2
2026-04-27,Hardware,0.8146258467312074,21.502315398522647,0.4344815854935686,60.218328435883144,0.016448289242667478,1.1314598702924146,0.6003114562803146,0.8976707711889876,39.8611617484162,2,2
2026-04-28,Hardware,0.2211632304547246,19.521561277864844,0.36033642965366286,51.71809119040057,0.012526043309499692,0.4365273301790786,-0.06526294308574312,0.8263993627320644,39.52599218674343,2,2
2026-04-29,Hardware,-0.36947550020270725,18.786271612762796,0.23102463334714812,49.300298436042404,0.0010398493409295995,-0.7602763502641029,-0.2539391215737923,0.09285923373322161,37.88043582731301,2,2
2026-04-30,Hardware,-0.06385497196032028,19.770567944058545,0.32534194877355294,52.364733151880095,-0.00031603800491169023,0.12818889589373486,-0.006644375898994556,-0.002028228275940697,38.99367466629936,2,2
2026-05-01,Hardware,1.009844827690426,23.889404251569804,0.4835771446022733,65.14464642455937,0.008828442556881297,1.56659215270986,1.0108891667896938,0.744038924239773,44.29411173010742,2,2
2026-05-02,Hardware,0.4314365944848455,19.78280422640261,0.39723394591486283,47.70539554529134,0.008446437950969742,0.7430221998337557,-0.4087584087924407,0.8421863049785834,45.98895652443523,2,2
2026-05-03,Hardware,1.2069536737095805,23.364439819400303,0.5356784848668751,59.115000060628596,0.01643961944367948,1.9244351593583908,0.5259723271799843,1.587678941886817,49.90539580821413,2,2
2026-05-04,Hardware,0.14883468695806737,20.84626326016758,0.33844991372697264,49.47832649272042,0.007803846636152731,0.13260458533252345,-0.2745480231344211,1.1134351930270578,49.44160757191041,2,2
2026-05-05,Hardware,0.20429884881389507,21.89632437523234,0.35299928514115064,53.91373109529249,0.002695455906999055,0.26301780629539956,0.09872893801189908,0.8046189003901633,49.01537707754607,2,2
2026-05-06,Hardware,0.24892891378156992,22.99191781156213,0.3616734054002797,57.49403281206139,-0.0003153380812434582,0.3393099580391162,0.39931279903920924,0.5904667578435525,50.38971263359183,2,2
2026-05-07,Hardware,0.2481051069026918,22.263858460153937,0.38919079442840276,54.4732185386492,-0.0006503161627209354,0.5887399145075509,0.13694793108222683,0.5491836219683426,50.488158931796804,2,2
2026-05-08,Hardware,-0.4997747787351917,20.082020262749953,0.25422385706053674,46.350698216859364,-0.00965847248394898,-0.6769433633456262,-0.5640659869732689,-0.21813198217586052,50.4602655566614,2,2
2026-05-09,Hardware,0.33086632060317167,21.695654676303505,0.42158743586585623,50.147225477923925,-0.004314545603376463,0.8978704636058402,-0.22732444553232406,0.07163905542611096,54.76932612584708,2,2
2026-05-10,Hardware,0.8569987430246281,23.412321274805528,0.5232619311350367,53.28410794797533,0.005562561377101316,1.7831241705650345,0.05118153134107373,0.832557337149496,60.604988379626874,2,2
2026-05-11,Hardware,0.21045961805686084,22.48176215338364,0.4054777823510023,49.000252079911085,0.0037451873822078596,0.677691449478676,-0.3302826592415631,0.7592438229543321,61.94424480059932,2,2
2026-05-12,Hardware,-0.08568807856566013,22.20339385365945,0.33785809436247727,49.22168064663558,-0.0021139483253978415,0.04495357179678449,-0.3067543220056934,0.3126127707024936,60.14406742918859,2,2
2026-05-13,Hardware,-1.0540628648652295,20.742500584035795,0.13613753048595598,46.87138434842004,-0.018752422896272894,-1.782116092990163,-0.5156346120168029,-1.153546903737942,56.00179613992589,2,2
2026-05-14,Hardware,-0.4323806273660361,21.56756504607791,0.3343708034105628,50.27860728806791,-0.015708101840802836,0.046922793489405965,-0.19890825443182295,-1.1865685254577165,56.15569242536286,2,2
2026-05-15,Hardware,-0.8194202600325301,19.54632320506731,0.27965911482822664,43.2781584080405,-0.016593128722391527,-0.4577755894089756,-0.8377929069140224,-1.4885441023004526,55.34557773153201,2,2
2026-05-16,Hardware,-1.2155077835307582,19.49842651616379,0.1912249015922494,43.21857982240401,-0.022008873839864346,-1.2570680681840554,-0.8298672568124407,-2.1193150100587492,56.613654800038944,2,2
2026-05-17,Hardware,0.21936112967926738,22.65700341183892,0.49423556257954915,48.769135715148494,-0.004949223003091344,1.523542513333241,-0.3061146759034264,-1.0510207594137932,68.18689004471136,2,2
2026-05-18,Hardware,0.23096037947278095,23.93934967283734,0.42448551016915415,52.7646218995356,0.001525837898728859,0.8668789534777264,0.07126849134318174,-0.5904243257759306,70.54611474405934,2,2
2026-05-19,Hardware,0.6407055384639462,25.234151607802875,0.49644239525864986,54.4453184874819,0.010067177499681458,1.4873837785584934,0.2296194376469771,0.14391892834826658,76.39192195280118,2,2
2026-05-20,Hardware,0.35720873590567603,24.92140211833337,0.41070095907110926,51.45010317646204,0.009368985837233055,0.6955242735576166,-0.05840268749918613,0.2519508809340062,79.80964839477652,2,2
2026-05-21,Hardware,0.03264529440857686,25.011342998937963,0.38547337655370495,49.889899643541476,0.006756734294961528,0.45941272308230197,-0.2081877485555775,0.18784288567853516,83.7163438514022,2,2
2026-05-22,Hardware,-0.7959598289333355,23.549912023386593,0.19529044271454318,48.30982460336477,-0.007460739475875944,-1.2682205001673525,-0.3596316763271702,-0.8959099757494267,78.1485618180277,2,2
2026-05-23,Hardware,,,,42.820743801247,-0.005968591580700755,,-0.8882694366912693,-0.8968050804166432,78.1485618180277,2,2
2026-03-24,Healthcare,,,0.2632534017209057,,0.0,,,,26.91005153566466,1,1
2026-03-25,Healthcare,,6.638041145695399,0.24135031141862825,0.0,-0.0013978040534786905,,,,26.903324682232704,1,1
2026-03-26,Healthcare,,31.356425861944068,0.5546722222222222,93.46615251546827,0.017798012892566842,,,,35.68162515836916,1,1
2026-03-27,Healthcare,,18.32522426460156,0.17819113132255462,44.02405913383069,0.004833054737817444,,,,33.29695586748007,1,1
2026-03-28,Healthcare,,16.79452437352458,0.12195507781931665,40.800197337263214,-0.0071837350358428245,,,,28.999500173225936,1,1
2026-03-29,Healthcare,,19.47494037967973,0.28141797560527254,50.97932257408449,-0.004194514916108382,,,,29.602812758235824,1,1
2026-03-30,Healthcare,,19.098857937053435,0.2614858433357957,49.90670911948234,-0.0033955299387244857,,,,30.45615795022262,1,1
2026-03-31,Healthcare,,18.25174210508293,0.21716649933577878,47.676266858741606,-0.005559821809528957,,,,30.365904944271893,1,1
2026-04-01,Healthcare,,16.936101782323934,0.15004250673166575,44.65371275310931,-0.010910649883931105,,,,28.58660733285486,1,1
2026-04-02,Healthcare,,19.113956703197925,0.31468784951595524,52.10206640585674,-0.0031623927606555203,,,,31.588947145494764,1,1
2026-04-03,Healthcare,,19.012046732015076,0.2908322543747102,51.10555851895853,0.00036745899822510433,,,,32.558639864849916,1,1
2026-04-04,Healthcare,,19.687048398139467,0.327933884542561,52.51795915936836,0.00495756553543876,,,,34.41546847905095,1,1
2026-04-05,Healthcare,,14.501132138083856,-0.10967622674669893,39.17157076179524,-0.020334695363584378,,,,24.05174120572247,1,1
2026-04-06,Healthcare,,15.831567631962006,0.11532675210682469,46.20115715011017,-0.020698016832239534,,,,21.900181979303937,1,1
2026-04-07,Healthcare,,16.277337318384536,0.19800598775691905,48.392663827690114,-0.014452909937894182,,,,22.03517869173582,1,1
2026-04-08,Healthcare,,17.66799279371974,0.32430832263509596,51.943652983084675,-0.0015762816086099772,,,,25.6895135764624,1,1
2026-04-09,Healthcare,,15.189473598192993,0.24800844667049465,41.917362412645105,0.0018558346318889446,,,,26.652748792012254,1,1
2026-04-10,Healthcare,,17.533071443229492,0.22795964117663847,51.61521008364287,0.002773978543274559,,,,26.591113466975163,1,1
2026-04-11,Healthcare,,19.62827586260796,0.3621667386518605,57.42039234355455,0.011906211580866211,,,,30.0309658762691,1,1
2026-04-12,Healthcare,,19.543781137300208,0.4043067198657092,54.092830420273465,0.019805504864481155,1.1786034025290724,,1.3564627277970345,34.193664652662235,1,1
2026-04-13,Healthcare,0.28509535258041363,18.553454383817183,0.27098120536163806,50.294035623760195,0.015274982620271674,0.1649760629818176,0.11847578296207716,1.2242190624170532,34.382704053783954,1,1
2026-04-14,Healthcare,0.6150725320899083,19.376000197814605,0.3056965603132046,52.7578464204212,0.013880351210484242,0.4230945938484668,0.26697987270197704,1.2847665604823626,35.79278509374181,1,1
2026-04-15,Healthcare,0.8243648834842106,20.617898168704688,0.3504000996636861,56.32986409966377,0.015130130772435448,0.7505998744364714,0.48376607815372463,1.5109606815573282,38.23230254136314,1,1
2026-04-16,Healthcare,0.20978261174501003,18.491850618607153,0.26305395816592503,48.2849737197784,0.009510273622774151,0.05102375432035499,-0.04417220385596166,1.223371061149163,37.875933178356696,1,1
2026-04-17,Healthcare,-1.043845555308171,14.957513391859107,-0.04912379759828249,40.52339952109843,-0.014490640744743578,-2.1843500225715338,-0.5511773041207509,-0.5919354602046109,28.887252111634883,1,1
2026-04-18,Healthcare,-1.1794925929005657,13.847471458301008,-0.010607453230305448,40.570273544709,-0.026340772798897644,-1.7411261719485704,-0.5340339167079877,-1.6872109184544395,22.11929437065895,1,1
2026-04-19,Healthcare,0.33400347734229907,20.05453816220836,0.3287024480153768,62.91799769031183,-0.010697848354373209,0.6490936223237522,0.9770418242528128,-0.8251276466144918,25.38381814331427,1,1
2026-04-20,Healthcare,0.5482071681133347,19.476609233117802,0.36899744921250655,58.38821019971465,0.0022991135190000723,0.9072592759247047,0.6454683616180861,0.05322048362435778,28.807372473576834,1,1
2026-04-21,Healthcare,0.8488878796114389,19.925590318328844,0.41780931737113014,57.434832958124595,0.013494601503481442,1.2037676765734526,0.5650546804795561,0.9801479707339152,32.797336228148325,1,1
2026-04-22,Healthcare,0.8620173868600318,19.2973816751834,0.40212910456926765,52.84520577322872,0.01882758370679942,1.0528239672667914,0.23472361478992332,1.5459412206780467,35.83526105688186,1,1
2026-04-23,Healthcare,1.2572240400972414,21.600810729787526,0.4789533328220381,58.44034030291748,0.026067002571830575,1.5107656333021449,0.6243744739260674,2.1861004586971293,40.88083601176088,1,1
2026-04-24,Healthcare,1.1102333360809673,21.59257091447798,0.4200557654836153,56.826683781638884,0.02540097680768837,1.0644842517604511,0.49642612545452913,2.2648524293816865,43.420631112082916,1,1
2026-04-25,Healthcare,0.945737202517227,20.721300701851114,0.4020768687744961,51.54603859773939,0.022368325676857682,0.9136006605857387,0.1041488189761826,2.1814554262744856,45.91444143435865,1,1
2026-04-26,Healthcare,1.0288617878035018,21.346805882549447,0.44469396843505055,51.56394309671843,0.021827409184987073,1.1662892551458603,0.10391696319499091,2.2100167075222332,49.41228796251325,1,1
2026-04-27,Healthcare,0.4380207584646928,21.070569939282727,0.31252530753105845,51.61018337939683,0.011672451439634489,0.25138527671924005,0.10588679558642554,1.7474286441634352,48.260856770149815,1,1
2026-04-28,Healthcare,1.1069442267399658,22.794794809753775,0.48000702385123817,56.125575241533625,0.015120321715416343,1.3639499489077904,0.44830298431176613,1.939842803676894,52.114105748746965,1,1
2026-04-29,Healthcare,-0.1254365530942754,19.050038314882606,0.18686339504283078,45.10735077874018,-0.0025170576859456645,-0.6449745001459029,-0.40966159842330624,1.0891914437504275,47.62489742111321,1,1
2026-04-30,Healthcare,0.17361655570263865,20.316614424786774,0.3032041107125403,51.18071765165791,-0.006307611405051306,0.16166241723199098,0.07173153817153301,0.8308867665887798,47.313374594299226,1,1
2026-05-01,Healthcare,0.27343242259573686,22.574928954408993,0.2843342103206214,61.85050596148907,-0.00983498527267121,0.02835559140045923,0.9085193497537112,0.5535780790230004,46.32696640903049,1,1
2026-05-02,Healthcare,0.18928830156314944,22.14991050111648,0.2839,60.757448844663266,-0.011813553749105112,0.024945687190873565,0.8029085887407605,0.32628257564827295,45.79825989004281,1,1
2026-05-03,Healthcare,0.7302021389566086,21.417087990378874,0.45124,55.119024986126036,-0.0019837575525802204,1.1979147644991153,0.3409788493393055,0.7385984463648385,49.96898910693512,1,1
2026-05-04,Healthcare,0.11075881768716017,19.51091364623521,0.3333467527417559,48.601365190061045,-0.0034663994030859867,0.34572721377253407,-0.1911653246769074,0.6202676355790181,49.759769521640614,1,1
2026-05-05,Healthcare,0.9696957936161531,21.594239483046863,0.5285058019946781,53.89548897889503,0.008024431114143683,1.6827031677959876,0.24527439663420963,1.2088662011569118,55.174840258803286,1,1
2026-05-06,Healthcare,1.4051159258834574,23.689558707113008,0.6344860410736333,57.68818915881491,0.021334941821107324,2.2570654294367,0.5552864513530396,1.9492410383918535,62.91661564716835,1,1
2026-05-07,Healthcare,0.36343120016231145,20.673898621778335,0.3763528581554846,46.96885594280913,0.011802739247561901,0.5120402926215135,-0.34807096853360714,1.5899800251416991,62.400286964108474,1,1
2026-05-08,Healthcare,1.1091290358376757,22.93068043822648,0.5516790441887972,53.63828015298721,0.016088323792979267,1.632403597999749,0.22005233606329858,1.8542564234902397,66.7775957343435,1,1
2026-05-09,Healthcare,1.6634062506592964,25.75446323621263,0.7348284680843531,58.42819955747604,0.029272564405678658,2.60083108873487,0.6248446588542886,2.4995820846154047,76.56946176810153,1,1
2026-05-10,Healthcare,0.8792364416329536,24.582800219276912,0.5312646595011355,52.02743187549523,0.02259731740720796,1.2999924131579168,0.06665875388598887,2.2907064839149927,79.83247987481323,1,1
2026-05-11,Healthcare,0.0018439755036529087,22.42407820374143,0.23466866869403913,48.30703104617638,-0.0021641445924769215,-0.5182727427598266,-0.25807480404583694,1.2974989966313621,73.862192608664,1,1
2026-05-12,Healthcare,0.17563333325996336,22.010210623946122,0.38012689801768285,47.807134004751425,-0.008747858879541853,0.37930367044305885,-0.2992128990078056,0.9500900991187684,73.10377209103626,1,1
2026-05-13,Healthcare,0.31177191626992506,23.678711258215735,0.3965525826451495,55.24047447655827,-0.011807601298892648,0.47629344996155915,0.36414694236,0.713793239863459,73.63163270495852,1,1
2026-05-14,Healthcare,-0.2461518618037396,21.24929335896168,0.2579128999256005,48.88057566684601,-0.02236718723995531,-0.39335509988341094,-0.20992985148216298,0.10380907722771833,70.46639071886852,1,1
2026-05-15,Healthcare,-0.44143480814679614,20.338939811782613,0.23073088300314087,48.6805535868504,-0.029910031670517395,-0.5591716479190589,-0.22595088892042148,-0.46277422522461564,66.91862354557233,1,1
2026-05-16,Healthcare,-0.16586702060330968,20.961433274428252,0.35008439681169085,51.53902867071881,-0.025746906347394228,0.20268278057953487,0.037657299948357224,-0.5434352785515476,67.15993290727258,1,1
2026-05-17,Healthcare,-0.563708713901945,18.86668822402257,0.2603211727673739,45.39427133915434,-0.027751603140969198,-0.37315433768118483,-0.528986353579269,-0.8744862577795622,64.94122828874758,1,1
2026-05-18,Healthcare,0.38058176526832865,21.470259245008723,0.4890757856160416,53.5660662642244,-0.013126766076299659,1.0939470864617318,0.2359397618323354,-0.43088646273133696,69.52763152514297,1,1
2026-05-19,Healthcare,0.02345298104212315,19.728774464296905,0.38690895317025686,46.613313844688214,-0.009934232472914462,0.42573651268557977,-0.4181827642285431,-0.39917271701972257,70.99890101069886,1,1
2026-05-20,Healthcare,0.14895008929582243,19.752444445007782,0.4425067666177056,45.294879800421846,-0.00398378982621898,0.7786630208985152,-0.537876588104101,-0.20270047786688397,73.91397431818255,1,1
2026-05-21,Healthcare,0.3166451851107239,21.64937517421576,0.43545558507300697,51.651810935198675,-0.0006057078950051902,0.7228943291144555,0.07203499931913623,-0.0742181157965721,76.49445030341842,1,1
2026-05-22,Healthcare,,,,46.39885623138232,-0.0004845663160041539,,-0.4325649631270783,-0.07360416950058962,76.87791094077525,1,1
2026-05-23,Healthcare,,,,39.536460076020134,-0.00038765305280332417,,-1.0820251872249864,-0.0814235567614703,76.87791094077525,1,1
2026-03-24,Index,,,-0.02580406140967032,,0.0,,,,19.197749449431285,4,4
2026-03-25,Index,,28.21758358693878,0.0779000778256503,100.0,0.006618155894219895,,,,21.418709258708766,4,4
2026-03-26,Index,,29.07354389057011,0.22581032677016816,100.0,0.019843555552101818,,,,26.300836396011608,4,4
2026-03-27,Index,,15.49598291986387,-0.045897813622552845,48.08017511995028,0.009692657513985977,,,,23.25792205046807,4,4
2026-03-28,Index,,15.003100451973074,-0.052788489505016335,47.455322890054966,0.0023000161989482158,,,,21.288292714397663,4,4
2026-03-29,Index,,18.83276918534147,0.11894682344247061,60.31064823584051,0.00841798233720277,,,,24.576202787225697,4,4
2026-03-30,Index,,15.837560465915203,-0.023571617404917262,50.132180660412075,0.0026092948911424114,,,,22.1456221262542,4,4
2026-03-31,Index,,21.42192322331014,0.3597440750766553,65.70099301601263,0.023181271864210345,,,,31.72864977464865,4,4
2026-04-01,Index,,19.53598216733325,0.14095817864271099,55.76406283612193,0.020732169597121097,,,,35.85572353489603,4,4
2026-04-02,Index,,18.719869398352355,0.05946526552023603,52.79011444061423,0.012696751487807002,,,,35.736819074594266,4,4
2026-04-03,Index,,19.692653589036922,0.14282303302702135,55.23225401336027,0.012072615580279507,,,,37.63092219618427,4,4
2026-04-04,Index,,17.192653382701376,-0.07779867870448157,48.58096464513892,-0.0033003301343998946,,,,33.09412583803093,4,4
2026-04-05,Index,,17.54596553100962,0.011307197310201694,50.96586211995005,-0.007338055697515861,,,,31.650401269053937,4,4
2026-04-06,Index,,17.019803399997453,-0.010953958794787517,50.38206343782532,-0.011149879526208346,,,,29.903186341972788,4,4
2026-04-07,Index,,17.034504294448418,0.024868307807224932,51.28010294703647,-0.010888129245844098,,,,29.060876947491835,4,4
2026-04-08,Index,,14.340741715602535,-0.1706390157155084,43.99963586205897,-0.022824960779052078,,,,25.01192477535374,4,4
2026-04-09,Index,,14.366713122579108,-0.0009280562131869508,44.58298248776529,-0.01842247832476831,,,,24.49434457572851,4,4
2026-04-10,Index,,17.357458088987435,0.1282334093789138,54.46424505939049,-0.006555401229002385,,,,27.59072688252586,4,4
2026-04-11,Index,,15.351792494549569,-0.09458706573101218,49.03521735687189,-0.013079476692148762,,,,24.139503726319322,4,4
2026-04-12,Index,,14.367547592432405,-0.05368361044799715,45.75926913146946,-0.013928711563509423,-0.7339381125059298,,-1.5250785127277005,23.042129966457786,4,4
2026-04-13,Index,-0.0017248417646351655,16.818523107714572,0.11099684180600888,53.27011806567276,-0.0032456428644230774,0.5846210266988664,-0.19759674854705167,-0.9147965137433209,26.298280140995473,4,4
2026-04-14,Index,-0.1762502073401864,14.335339878973993,0.07899382415193364,41.77281282200975,0.0015611440961609039,0.31253968918678104,-0.8859165601164939,-0.5962107254622385,28.863674730886157,4,4
2026-04-15,Index,-0.09933419473445484,15.890921494409348,0.05869724496126431,47.272054929353764,0.0031763311814118353,0.13816950021681107,-0.520653877082647,-0.4434500100675872,30.214514315405335,4,4
2026-04-16,Index,0.15172795150886623,17.386360130652683,0.10062017395059908,51.401566442525755,0.0066698786750532865,0.48753414067023315,-0.24751356138316497,-0.13268000825061183,33.04304007927121,4,4
2026-04-17,Index,0.3089822909088543,17.635848979693378,0.13492879688649176,49.72186280412651,0.010656479323753906,0.7637534345498203,-0.3505056296247313,0.2672703836085087,36.89082474057739,4,4
2026-04-18,Index,-0.032709836407276274,19.048772446788938,0.05539078323741856,55.21068166011916,0.0074534172921544815,0.058108546547331275,0.01958636934504003,0.18037991225248168,37.20767657129594,4,4
2026-04-19,Index,-0.6117756125547303,16.44813954165511,-0.05520604641077842,47.440880078711814,-0.0020871651397260695,-0.9093562509229522,-0.5038279392299547,-0.44802206039469944,33.625051858982275,4,4
2026-04-20,Index,0.22543531747399068,19.325367266754707,0.10722399751731648,54.10424937586362,0.002328844818437467,0.5501427772860197,-0.03673666062559994,-0.12369269068677011,40.45987813408601,4,4
2026-04-21,Index,-0.30108308831643593,18.506391311979897,0.028373542049866977,50.11820199127592,-0.00014218374116382534,-0.1710277763102085,-0.3150922930768005,-0.283004098818736,41.51502518117728,4,4
2026-04-22,Index,0.5121809825728914,22.026472885735682,0.13923830944092472,61.08218189398764,0.005307167159667628,0.8404719147502483,0.4709148098463309,0.16653236566863736,45.734207562701236,4,4
2026-04-23,Index,0.729613865104989,22.02655356863131,0.19178633171900772,57.52246885916084,0.011701459942155884,1.2757331471693172,0.20526768098758,0.7785801397219847,50.53965925174868,4,4
2026-04-24,Index,0.3556951034700383,20.314867653873364,0.11153077110761296,49.32214376445437,0.009850940194982269,0.5203921041335307,-0.40121569928384226,0.7992807020831297,52.38853441953556,4,4
2026-04-25,Index,0.17363780438396245,22.534165650836407,0.0762265302424452,58.17678827083402,0.005775974912144509,0.18590971020775085,0.2668144335650618,0.6056975203434078,52.468625084841165,4,4
2026-04-26,Index,0.09222241573643683,22.134082122182228,0.07527948260635849,56.41897027480742,0.0026998178679386586,0.1742543440656148,0.1292924363999394,0.4314524946979587,52.64789225237056,4,4
2026-04-27,Index,-0.5302304310715747,18.709622994206768,-0.004885929897134017,43.70223919948389,-0.0046507326953892265,-0.590248093597661,-0.8447045567190266,-0.16451416175520936,51.08621844920491,4,4
2026-04-28,Index,-0.6794834631504278,18.811039028407105,-0.018278352500391604,44.60450875360649,-0.010023166118888148,-0.706120501347099,-0.7563053116165447,-0.7111326493873596,49.825398887702285,4,4
2026-04-29,Index,0.032160176796552434,21.04632212846033,0.09153003055875518,51.65666063340894,-0.005988889783162803,0.36914612900912935,-0.19543014053667448,-0.5199193286440449,51.7217536743178,4,4
2026-04-30,Index,-0.016209523567010234,20.79987722537892,0.08386692168157465,49.12440021462877,-0.003753259729760001,0.28868299009979187,-0.3924942057913035,-0.41928240264487276,53.6658114424999,4,4
2026-05-01,Index,-0.6861506388181626,19.10967555175442,-0.000671958809575148,43.26644521656801,-0.007659659452604127,-0.5548921778192013,-0.8483953786109639,-0.8280080374442471,52.282778859065594,4,4
2026-05-02,Index,-0.06868410543246287,21.02279394937707,0.0747265090137927,50.96412180017795,-0.004986698679911835,0.21013681497507314,-0.21813281721293146,-0.7093382969280935,52.16752103115016,4,4
2026-05-03,Index,0.5925468374324604,23.84846746860905,0.17051822118204085,61.42377244187252,0.002982771674175693,1.1627259004968795,0.6339126970786808,-0.06248249325414691,53.26331219764984,4,4
2026-05-04,Index,1.1573731818559656,23.85863456756202,0.28817069702914294,59.59236390692216,0.015242523345809448,2.196338259051985,0.47445060879568135,1.1130080547625643,55.46643665599292,4,4
2026-05-05,Index,-0.21520888377963981,21.336577331881784,0.018486076092090218,49.564050524704676,0.004794974369182206,-0.42458309390224336,-0.3629434953861973,0.4153071951040628,55.712637037423306,4,4
2026-05-06,Index,1.0348763286624607,23.954323587747837,0.2690185820395448,55.09468551813127,0.013850720040048246,1.9259475000084363,0.10534640452310728,1.3180145398442606,62.268809227197075,4,4
2026-05-07,Index,-0.2699536587274489,21.10821042778243,0.026852365808611455,44.364318768202786,0.0031815857943235867,-0.37079613771733666,-0.8012164970580383,0.5703067225279043,61.664410688102734,4,4
2026-05-08,Index,-0.12507723212666672,22.31175801214298,0.07294328884491393,48.649972046895286,-0.0009027816724210339,0.07081750699925876,-0.4259143055200753,0.2423483937682379,62.47060600763458,4,4
2026-05-09,Index,-0.35223461930836386,22.05634846368398,0.03662218946526358,48.615381252246415,-0.005903120717557924,-0.2785255992117471,-0.423478023474298,-0.24863928701525012,61.1353111137135,4,4
2026-05-10,Index,0.4076355650423147,23.638345052339382,0.16431006768534698,52.85923701141844,-0.0007353227655657602,0.9538737649843937,-0.049999108150908265,0.13389926343465428,63.930565896570464,4,4
2026-05-11,Index,0.025736714237502983,24.033011854650297,0.10470984172462922,53.566806891205,-0.0014158513616811773,0.3648363722038697,0.012735423188259418,0.0528215836917231,63.94401138210518,4,4
2026-05-12,Index,0.48194779989952496,25.028626484961265,0.15678410017249228,55.55750022527167,0.001403708410939633,0.8649928626950936,0.18952146310373202,0.29901010651011317,67.2881622099635,4,4
2026-05-13,Index,-0.3832670559376087,23.279235004242366,0.0368016382119518,48.27375359872493,-0.00471420749328072,-0.3225149501476408,-0.4655983552156753,-0.27753334124657403,68.69915621692107,4,4
2026-05-14,Index,1.3629685463744339,27.143833077895692,0.37130705357046007,57.516633148233915,0.012901850453421772,2.761336947442236,0.37552473400226144,1.3544085063407678,77.93430918303966,4,4
2026-05-15,Index,-0.12388998203856383,25.1983049369345,0.040290765637967144,50.948868151836166,0.0019689942887354886,-0.31821483707149867,-0.2280707760755388,0.5185448954440829,77.07856750074356,4,4
2026-05-16,Index,-0.3476969128174837,24.437671778642866,0.036928591614586885,49.09421297686966,-0.005379017417096593,-0.3462100067339248,-0.396443375862639,-0.1754151609025435,75.46607863948093,4,4
2026-05-17,Index,-0.7513562267519444,22.936522107450113,-0.006329561912942113,45.65256978573641,-0.012628731489378875,-0.7453178328133725,-0.7095403586309955,-0.9973403902228841,72.1382196992678,4,4
2026-05-18,Index,-0.646813017354947,22.598112856620055,0.05912890710200926,44.22119677197174,-0.012469968215638316,-0.12154537618667831,-0.8315093937237441,-1.2087047327599623,73.08461295671937,4,4
2026-05-19,Index,-0.765708694943078,23.705100706307476,0.009998410704984487,49.75903559697556,-0.014960415992517578,-0.5861726603733373,-0.3047268590876642,-1.6522085075266402,72.13329125888387,4,4
2026-05-20,Index,-0.3430436880926573,22.556946787580127,0.10437195525628838,44.87090980962899,-0.009788594088499997,0.32198557866157207,-0.7602474807698458,-1.3993998353474268,73.00429701994476,4,4
2026-05-21,Index,0.7386577294311054,26.874742989003074,0.2711462296208619,57.98536115014799,0.004557430179766654,1.8688068516113487,0.4899809573403933,-0.18411241427487338,79.35471783881096,4,4
2026-05-22,Index,0.5643082085550433,26.398381785968706,0.20128870274129648,54.1311068196575,0.008789948412666254,1.1800045096300558,0.11751239539504982,0.32114302513462994,82.87738173948986,4,4
2026-05-23,Index,,,,55.42708316789972,0.007031958730133004,,0.24136667538404127,0.300400383268414,82.87738173948986,4,4
2026-03-24,Intermediate Duration,,,-0.7506,,0.0,,,,23.619394823186234,1,1
2026-03-25,Intermediate Duration,,,,,0.0,,,,23.38707722420441,1,1
2026-03-26,Intermediate Duration,,,0.7216,,0.11464554877621155,,,,34.425413178315424,1,1
2026-03-27,Intermediate Duration,,5.520120546648149,-0.24955,0.0,0.09858259156040601,,,,35.50782512292035,1,1
2026-03-28,Intermediate Duration,,20.922638822938325,0.8943,54.08274231678487,0.15585862351351715,,,,46.07848937323815,1,1
2026-03-29,Intermediate Duration,,22.734727295905408,0.9652,55.57207557527792,0.18727121310313433,,,,56.05460439316266,1,1
2026-03-30,Intermediate Duration,,15.465307883182478,-0.6908,31.618470027850805,0.09019284560186794,,,,52.24205395444302,1,1
2026-03-31,Intermediate Duration,,18.92685849716538,0.1027,43.324200716227296,0.07378364370045176,,,,55.636600997913945,1,1
2026-04-01,Intermediate Duration,,22.40452567495123,0.9357,51.9576110013898,0.11114913932608039,,,,64.70526735857422,1,1
2026-04-02,Intermediate Duration,,,,51.9576110013898,0.08891931146086429,,,,64.86729634312255,1,1
2026-04-03,Intermediate Duration,,,,51.9576110013898,0.07113544916869141,,,,64.86729634312255,1,1
2026-04-04,Intermediate Duration,,,,51.9576110013898,0.05690835933495314,,,,64.86729634312255,1,1
2026-04-05,Intermediate Duration,,,,51.9576110013898,0.04552668746796251,,,,64.86729634312255,1,1
2026-04-06,Intermediate Duration,,,,51.9576110013898,0.03642134997437002,,,,64.44436646933912,1,1
2026-04-07,Intermediate Duration,,,,51.9576110013898,0.029137079979495994,,,,64.60108575684208,1,1
2026-04-08,Intermediate Duration,,,,51.9576110013898,0.023309663983596796,,,,64.87717141537185,1,1
2026-04-09,Intermediate Duration,,,,51.9576110013898,0.018647731186877403,,,,64.7814412813536,1,1
2026-04-10,Intermediate Duration,,,,63.17749735949747,0.014918184949501923,,,,64.43474201917965,1,1
2026-04-11,Intermediate Duration,,,,50.617283950617285,0.011934547959601527,,,,64.43474201917965,1,1
2026-04-12,Intermediate Duration,,,,49.55064737242955,0.009547638367681188,,,0.5637719650917371,64.43474201917965,1,1
2026-04-13,Intermediate Duration,,,,100.0,0.0076381106941449395,,,0.546537672536494,64.5253685042357,1,1
2026-04-14,Intermediate Duration,,,,100.0,0.006110488555315929,,,0.5308080608775854,64.75794730580999,1,1
2026-04-15,Intermediate Duration,,,,,0.0048883908442527435,,,0.516374733730827,64.9211623987449,1,1
2026-04-16,Intermediate Duration,,,,,0.003910712675402217,,,0.5030677754083609,64.65253974250768,1,1
2026-04-17,Intermediate Duration,,,,,0.0031285701403217514,,,0.4907470420519825,65.04479538459425,1,1
2026-04-18,Intermediate Duration,,,,,0.0025028561122574233,,,0.4792957521861572,65.04479538459425,1,1
2026-04-19,Intermediate Duration,,,,,0.0020022848898059165,,,0.4686156908176016,65.04479538459425,1,1
2026-04-20,Intermediate Duration,,,,,0.001601827911844711,,,0.4586235671994569,65.33946837109451,1,1
2026-04-21,Intermediate Duration,,,0.22807285959124562,,0.01718998602841254,,,0.6589407967056771,71.59558363348994,1,1
2026-04-22,Intermediate Duration,,,,,0.013751988822729988,,,0.6434460934356452,71.77009523864479,1,1
2026-04-23,Intermediate Duration,,,,,0.011001591058183935,,,0.6290045151618255,71.69452625085916,1,1
2026-04-24,Intermediate Duration,,,,,0.008801272846547137,,,0.6155013048361315,71.72671110418896,1,1
2026-04-25,Intermediate Duration,,,,,0.007041018277237687,,,0.602838539417546,71.72671110418896,1,1
2026-04-26,Intermediate Duration,,,,,0.005632814621790105,,,0.5909320759600961,71.72671110418896,1,1
2026-04-27,Intermediate Duration,,,,,0.004506251697432073,,,0.5797091494870361,71.74020975609997,1,1
2026-04-28,Intermediate Duration,,,,,0.003605001357945614,,,0.5691064642560726,71.52250690032056,1,1
2026-04-29,Intermediate Duration,,,,,0.002884001086356447,,,0.5590686628572767,70.7598277808424,1,1
2026-04-30,Intermediate Duration,,,,,0.0023072008690851464,,,0.5495470877453204,70.50452355663391,1,1
2026-05-01,Intermediate Duration,,,,,0.001845760695268095,,,0.5404987713435486,69.93676469262434,1,1
2026-05-02,Intermediate Duration,,,,,0.0014766085562144537,,,0.5318856064360988,69.93676469262434,1,1
2026-05-03,Intermediate Duration,,,,,0.0011812868449715408,,,0.5236736599699721,69.93676469262434,1,1
2026-05-04,Intermediate Duration,,,,,0.0009450294759771882,,,0.5158326018330806,69.05304290641988,1,1
2026-05-05,Intermediate Duration,,,,,0.0007560235807816951,,,0.5083352264911135,68.17227680833338,1,1
2026-05-06,Intermediate Duration,,,,,0.0006048188646253227,,,0.5011570501374097,67.72915681832863,1,1
2026-05-07,Intermediate Duration,,,,,0.000483855091700236,,,0.4942759696469211,66.90740050090938,1,1
2026-05-08,Intermediate Duration,,,,,0.0003870840733601333,,,0.4876719724210505,66.65600826971206,1,1
2026-05-09,Intermediate Duration,,,,,0.0003096672586880844,,,0.4813268883764801,66.65600826971206,1,1
2026-05-10,Intermediate Duration,,,,,0.00024773380695042313,,,0.47522417702238784,66.65600826971206,1,1
2026-05-11,Intermediate Duration,,,,,0.0001981870455602941,,,0.46934874390021175,66.00850305525168,1,1
2026-05-12,Intermediate Duration,,,,,0.00015854963644817976,,,0.46368678171266015,65.08313352606675,1,1
2026-05-13,Intermediate Duration,,,0.3818,,0.008212037122067972,,,0.5909505077917877,73.62200814101448,1,1
2026-05-14,Intermediate Duration,,37.243751927633106,0.875,100.0,0.019058736501901485,,1.9303746918571794,0.7885644227838837,79.57064323377578,1,1
2026-05-15,Intermediate Duration,,,,100.0,0.015246989201521122,,1.7314287327580706,0.7766028323978345,77.73230652028703,1,1
2026-05-16,Intermediate Duration,,,,100.0,0.012197591361216897,,1.5840094308589627,0.765172592578587,77.73230652028703,1,1
2026-05-17,Intermediate Duration,,,,100.0,0.009758073088973473,,1.4691159171665806,0.7542353774109981,77.73230652028703,1,1
2026-05-18,Intermediate Duration,,,,100.0,0.007806458471178779,,1.3763003352835586,0.7437566287968633,75.88914122971737,1,1
2026-05-19,Intermediate Duration,,34.34253355601517,-0.8271,100.0,-0.1876589881201962,,1.2992803721001147,-2.4199935382544364,62.45938822084579,1,1
2026-05-20,Intermediate Duration,,35.607488372825,0.9136,100.0,-0.1057486935713007,,1.234021844038813,-1.6387217890669585,69.56285553826606,1,1
2026-05-21,Intermediate Duration,,,,100.0,-0.08459895485704058,,1.1778001111180032,-1.5886446943374304,68.06292523685781,1,1
2026-05-22,Intermediate Duration,,,,100.0,-0.06767916388563247,,1.1286998290406953,-1.5429130261976798,66.71513751370047,1,1
2026-05-23,Intermediate Duration,,,,100.0,-0.05414333110850597,,1.0853300092074483,-1.7692222162010594,66.71513751370047,1,1
2026-03-24,Internet,,,0.05322006032735813,,0.0,,,,22.820059442895186,2,2
2026-03-25,Internet,,28.62821629310302,0.11679851806496663,100.0,0.004057428641944244,,,,24.035529584405435,2,2
2026-03-26,Internet,,9.712848731835024,-0.04161655182869944,28.63977991430933,-0.0037310781794680494,,,,17.960484155919605,2,2
2026-03-27,Internet,,11.329096335111075,-0.0064071870088311805,38.408519288422106,-0.006170938494606014,,,,13.131309259395248,2,2
2026-03-28,Internet,,15.151563619444538,0.07472895225473165,53.17860044381611,-0.002185465021956693,,,,13.75760385740574,2,2
2026-03-29,Internet,,16.76215153796782,0.11587813964903661,58.255602699445,0.0030714653497314875,,,,15.533642334498214,2,2
2026-03-30,Internet,,15.148476118774084,0.07252534364628588,52.28280637745432,0.0034500236375896373,,,,14.908093596256146,2,2
2026-03-31,Internet,,15.490699401913025,0.08617164994356277,53.774633076378095,0.004380754408841936,,,,14.787028098865003,2,2
2026-04-01,Internet,,17.19547535356647,0.14499126378968294,59.26407414576667,0.00848165607958908,,,,16.579603573242526,2,2
2026-04-02,Internet,,16.24594790395392,0.10224182120225933,54.555448359469445,0.007853352104102776,,,,18.342708891888257,2,2
2026-04-03,Internet,,18.19750889386994,0.17242186822512962,59.79896985979918,0.011482807207148938,,,,21.544636009345062,2,2
2026-04-04,Internet,,18.777750676967607,0.1791196248208748,60.236832517128576,0.013513218071014957,,,,23.709622799383894,2,2
2026-04-05,Internet,,20.89389943914378,0.24042379053181173,63.841549432037866,0.01788899559359526,,,,30.344594483126052,2,2
2026-04-06,Internet,,14.404015208090636,-0.07973412286332177,43.32824758319615,-0.0008793733509161253,,,,23.16574049918293,2,2
2026-04-07,Internet,,15.440047228010119,0.029471252299847792,48.925978071124135,-0.005767209736437313,,,,21.300495585406246,2,2
2026-04-08,Internet,,17.012603403261295,0.18619549855044554,52.894562235630154,0.0013469192131382833,,,,24.911887119197335,2,2
2026-04-09,Internet,,20.228562511903814,0.21490804354713394,61.99784010627885,0.007438235506278052,,,,31.028880479381872,2,2
2026-04-10,Internet,,17.391503924488013,0.05226201615946696,52.45173870771705,0.00034014549165644475,,,,29.114688010213115,2,2
2026-04-11,Internet,,18.505276651814853,0.1798523359306143,54.228834206306274,0.003868715102464053,,,,32.81867760662233,2,2
2026-04-12,Internet,,19.131251925175924,0.21704223708908985,54.082567385964346,0.008094934535920521,1.2610121897738786,,1.3918093674416494,36.44544342389889,2,2
2026-04-13,Internet,-0.04000941913093963,17.993648016895932,0.08585316545961356,50.50224954485924,0.001772879283702615,-0.2170831280429544,-0.3376797458114063,0.8404933571117099,35.37705350351191,2,2
2026-04-14,Internet,0.4342267517196021,18.941000465814618,0.1540335903253478,52.45636859283599,0.0018900371478898052,0.5560577238406191,-0.18745391200725645,0.8568557834164581,38.050648065745925,2,2
2026-04-15,Internet,0.49299340212301923,19.15629820966701,0.17254037512979445,51.02715930027614,0.00286266399731043,0.7477257140409713,-0.289554797137822,0.9635822316412341,41.690653212427016,2,2
2026-04-16,Internet,-0.2673760229569858,18.43879800412599,0.07045265203024564,48.86497436681729,-0.0033820888271302828,-0.45529388662012504,-0.44673590041077144,0.32642058253946743,41.27757476742985,2,2
2026-04-17,Internet,0.3556930187534634,19.314894546054575,0.1696583905089969,49.903334210308415,-0.0009694082209845897,0.7230498513494156,-0.3557415374848901,0.5099856594590849,45.01167768794134,2,2
2026-04-18,Internet,0.9109839130389427,20.97525975090318,0.2649925336054311,52.828424373214986,0.006498240537835813,1.7337268628599074,-0.11606917205363312,1.2758957052202031,50.33558876439206,2,2
2026-04-19,Internet,1.0759669226701145,21.56986796538291,0.2901777086025811,51.67870306351206,0.012251224848143134,1.8501481091415855,-0.20721490976968185,1.8873785532712997,55.28795532682667,2,2
2026-04-20,Internet,0.6055609796738392,24.11094361109477,0.1801083275416741,60.21532329750093,0.007968356948873469,0.617228059298802,0.5023077482307936,1.5801788107708217,57.77532401698081,2,2
2026-04-21,Internet,-0.21495655967599725,21.578742524866918,0.06312507312068379,51.31500845040488,-0.0028396624193003338,-0.6742472150889253,-0.2559063360874184,0.6097839294793393,56.14418496191953,2,2
2026-04-22,Internet,0.442730301841915,21.94190998918547,0.19748201339205326,50.44886170948869,-0.0011245298665060605,0.8199033045352777,-0.3252879671470134,0.7117516090378727,59.204744335195265,2,2
2026-04-23,Internet,-0.23326693103394067,20.769676899647365,0.11804398052429493,46.29714032039879,-0.005291371076622642,-0.08108207701967057,-0.6766363264598204,0.2430629683393714,58.21721409768422,2,2
2026-04-24,Internet,0.744842390808948,24.833952859872976,0.2428591907604771,57.50304533234017,0.00012053812014209755,1.3016145799249,0.32074965851354387,0.6945055913216479,65.31603340430317,2,2
2026-04-25,Internet,1.026354360290746,25.35559796102222,0.3026730369642421,55.107503065485226,0.007104011349588178,1.8442950239289073,0.10144868112856045,1.3873109408929971,72.10725058534683,2,2
2026-04-26,Internet,0.05125172365046535,23.523239950228067,0.15510491976639354,47.64090346104425,0.0014556013610635202,0.22712528868288145,-0.5764265932372014,0.9109969452789085,73.016390573,2,2
2026-04-27,Internet,-0.30237276906101335,23.904175240201223,0.09122659001073402,50.215726870059974,-0.006476560213069454,-0.47331193455703957,-0.3306904143364659,0.09299418021182024,70.92031060812192,2,2
2026-04-28,Internet,0.026961053539058477,24.413027259806512,0.18432374831691895,51.19220688676631,-0.005391745704906158,0.5612587801807187,-0.2347640220145904,0.06920294872118724,71.26799736370639,2,2
2026-04-29,Internet,-0.7118592732711778,22.910611546077153,0.06426128523939764,46.05366848791252,-0.01230319322317059,-0.7821927138363028,-0.7126517851440408,-0.7921591530074845,69.85554436205695,2,2
2026-04-30,Internet,-0.2043460580297465,25.116900032419785,0.16130187623135345,53.32331023200744,-0.009981182182298824,0.3189923425241193,-0.009955110542254035,-0.7901506188037939,71.96940227068451,2,2
2026-05-01,Internet,0.31117276539528527,25.50072700888537,0.22904529089504633,52.22358545935805,-0.0038404700706274678,1.0697420895758423,-0.11620484473647198,-0.3248668390110036,75.53760071928595,2,2
2026-05-02,Internet,-0.3600780857111644,23.720803723604746,0.15238743229946572,45.72399690329514,-0.004834775087816696,0.18511156728187364,-0.7466662976560992,-0.5148987264111495,75.38330174655673,2,2
2026-05-03,Internet,0.14757014557870596,24.772691261857688,0.21206622261217872,47.10955853551369,-0.001537341644655521,0.8617631225467297,-0.59793623398133,-0.2470641699727207,80.29825012046543,2,2
2026-05-04,Internet,-0.8773315019812131,23.544767125715325,0.05282979202823371,45.45554047320467,-0.009689940648350449,-0.9761594567818851,-0.7499683821504339,-1.1837362439698436,75.55419672952402,2,2
2026-05-05,Internet,-1.143389735841288,23.400848637801957,0.01581724617696533,48.20857934503758,-0.016769697333269662,-1.361058884386969,-0.4643399399638414,-2.0714394697296528,70.7918009831591,2,2
2026-05-06,Internet,-0.8105912425562907,23.24241032727791,0.11610599321597859,46.83689554680547,-0.014005415409237009,-0.1989125258419363,-0.5951428122683067,-2.0082322981752223,71.97452597284317,2,2
2026-05-07,Internet,-0.7349640013046531,23.83386013937291,0.11216896523126588,49.75739729286694,-0.011835513318927633,-0.2421204919124648,-0.2905553415657311,-1.9584404828621544,71.6454159074637,2,2
2026-05-08,Internet,-0.9692297677573054,21.892077330233903,0.09441425937464183,43.2755498050966,-0.0110067432387507,-0.44619517514850077,-0.9453385589433062,-1.9953771356159102,70.38305137248383,2,2
2026-05-09,Internet,-0.7048400219714713,21.278275264317283,0.11612851504366167,41.247551042103716,-0.008518110705408422,-0.18512195286310823,-1.1278178412837931,-1.869539545109158,70.53279050635459,2,2
2026-05-10,Internet,-0.8008545020426935,22.57025642689637,0.10036123460595456,47.068986654469924,-0.007492136346264111,-0.3708267972878336,-0.5157879881276581,-1.8422990394067469,70.40010003873203,2,2
2026-05-11,Internet,-0.2285489730394126,24.24777475923795,0.14265153968165195,52.81848012233325,-0.003714535496961757,0.1423322272900942,0.08568614221409208,-1.5718202939098802,72.30708535010169,2,2
2026-05-12,Internet,-0.4070243302783062,22.677660781417078,0.1287328966717946,46.66362696459855,-0.001988954124899458,-0.028516507520024013,-0.5585241946897664,-1.4358446545357644,72.5779100462435,2,2
2026-05-13,Internet,-0.09173415702873605,24.959516594543132,0.14038989246008055,55.25243964349905,-3.285886342622134e-06,0.11515431993802504,0.3535618832326201,-1.259477633979983,74.1855101002196,2,2
2026-05-14,Internet,-0.332290779087006,22.888056566199964,0.12763333657208842,47.37134393049029,0.0004832994069144791,-0.044475150107362374,-0.48865619190446147,-1.187379708372722,74.35619940864291,2,2
2026-05-15,Internet,-1.4246084520345021,18.785357472114704,0.013181311654447407,34.29216887442962,-0.006486287844419715,-1.4500270485549596,-1.8250576193006525,-1.7299072668864288,70.5854374442829,2,2
2026-05-16,Internet,-0.28610343947109595,22.545586345232515,0.1391787395400626,49.103232923833744,-0.0024041964100475263,0.12736728278000856,-0.2551904522950058,-1.4434564618581325,71.15724087006996,2,2
2026-05-17,Internet,-0.586173741166751,20.556110059350026,0.10347131772307894,42.37920189547616,-0.0019232629464651253,-0.32099381179942027,-0.9558239334077049,-1.4036785041907809,69.78570091475686,2,2
2026-05-18,Internet,0.1824136315458454,25.244525189816123,0.1648651311276331,59.113784194726335,0.002476480631122824,0.4570072876376806,0.819651433750012,-1.0404131982259948,73.6225326110043,2,2
2026-05-19,Internet,-0.8379442064364199,22.374782394945555,0.03208105586346009,51.14466274659857,-0.003295806980550719,-1.220995957184705,-0.03412045856284235,-1.4498227228184668,69.20596666054492,2,2
2026-05-20,Internet,-0.041264290331069264,23.097419715029034,0.15476093841778366,52.637445127784176,0.001169490966567847,0.34415334694026717,0.12621836158178237,-1.1061626075098843,71.6663382034855,2,2
2026-05-21,Internet,-0.5740125318896487,21.924384242932526,0.09630449073276894,48.99251407808081,0.00025506797514749345,-0.40505627716080106,-0.2690430653884317,-1.1405992671781484,70.84844000110726,2,2
2026-05-22,Internet,-0.9796755111745816,20.247471357867273,0.03147875016741454,46.22870064780272,-0.004390379057116573,-1.220203757154944,-0.5667260246494353,-1.485434294744341,65.3947246746186,2,2
2026-05-23,Internet,,,,44.79197987345541,-0.0035123032456932587,,-0.7165652998998195,-1.4468554466209809,65.3947246746186,2,2
2026-03-24,Investment Bank,,,0.16008468445365615,,0.0,,,,29.039889360196128,1,1
2026-03-25,Investment Bank,,3.2611142837167275,-0.0020268258838265635,0.0,-0.010345577867691214,,,,23.021512740336124,1,1
2026-03-26,Investment Bank,,7.1315623393841445,0.03604034927108749,19.01659762690366,-0.013834715509749114,,,,18.521518589070986,1,1
2026-03-27,Investment Bank,,5.0950887757125995,-0.007817302158386588,15.598978264905455,-0.018040181815138334,,,,12.419902162269628,1,1
2026-03-28,Investment Bank,,14.104470570054238,0.1636457098245633,50.42852358015642,-0.00869179262201851,,,,14.209790637786474,1,1
2026-03-29,Investment Bank,,10.681197037557748,0.0405686445526908,38.904449140827474,-0.010115216670755722,,,,11.266841741743132,1,1
2026-03-30,Investment Bank,,9.60589259952756,0.01998748671021426,37.47247602875716,-0.011651482346150252,,,,6.732266249447273,1,1
2026-03-31,Investment Bank,,11.469927831415426,0.09907370539433603,45.22040167503306,-0.006790846167882725,,,,6.256142264309256,1,1
2026-04-01,Investment Bank,,12.499566889718158,0.14044777064087224,48.555297389491066,-0.0005667822344644358,,,,7.4472605533855525,1,1
2026-04-02,Investment Bank,,11.838283062602443,0.1050242107323299,46.149840240007,0.001285822872948393,,,,7.10732246275195,1,1
2026-04-03,Investment Bank,,10.93865159937929,0.06465853880122233,43.68379333508266,-1.6959037591551818e-05,,,,5.253339466394081,1,1
2026-04-04,Investment Bank,,16.244333820310604,0.345221966031699,58.93545129392398,0.017251801592192997,,,,13.546182107320096,1,1
2026-04-05,Investment Bank,,15.547537231957474,0.24257143142071144,53.62222123830363,0.020760448195654986,,,,17.050781178688304,1,1
2026-04-06,Investment Bank,,14.08517555328976,0.1144593867141171,48.19909584965096,0.013788381499992293,,,,15.739845530357766,1,1
2026-04-07,Investment Bank,,15.065442963544282,0.17704174810007994,50.6378118742776,0.012750938999959365,,,,17.18499494217924,1,1
2026-04-08,Investment Bank,,18.135134904805554,0.23802878960631352,59.7727315235216,0.015356716866118024,,,,21.67123218742274,1,1
2026-04-09,Investment Bank,,17.841039054537724,0.20075278058853904,56.70981160874369,0.013803476107188788,,,,24.31777632398174,1,1
2026-04-10,Investment Bank,,18.9796953588891,0.2087796724696529,59.08872937707373,0.012584530880152184,,,,27.030647393303553,1,1
2026-04-11,Investment Bank,,18.70346793016082,0.27579552684321124,55.158106770157815,0.015374869824968829,,,,30.8106971113918,1,1
2026-04-12,Investment Bank,,18.449578065160186,0.14674109620191156,54.8564871765753,0.007984086265598277,0.08567047513815973,,1.320176964777818,29.583440243735385,1,1
2026-04-13,Investment Bank,0.21110485378299046,18.28655650690744,0.11621131846201081,54.361725031307415,0.0008688252775954936,-0.22438191100316793,0.5969769067357822,0.9194600234674227,28.34989694581219,1,1
2026-04-14,Investment Bank,1.199342691171181,20.84447898006722,0.32518029965864725,59.16947737538337,0.00958152129197598,1.7843661921491125,0.8599934350787632,1.3916946684920766,35.37600002760462,1,1
2026-04-15,Investment Bank,0.31498125870110916,18.91939113049235,0.16470505725130088,50.89706788325639,0.004159234708342008,0.18282953597373006,0.331134069303417,1.1111485134951629,35.6418177235749,1,1
2026-04-16,Investment Bank,1.4899375413621867,23.029144013329088,0.4258480530818005,60.167123601050605,0.01705887134504065,2.3948123102918646,0.8904881563455961,1.7886214949637298,45.3704204283268,1,1
2026-04-17,Investment Bank,1.0420900153339137,23.008466350160855,0.2926536481997141,56.823830937515766,0.015561541945613815,1.144956791770607,0.6546045679269661,1.7388501208491693,49.77247812509538,1,1
2026-04-18,Investment Bank,1.422753626815488,23.728503806281406,0.45798333333333335,53.62496025937639,0.02413460774788833,2.2725757783994482,0.4350829268049437,2.1229979592819705,58.41465725691734,1,1
2026-04-19,Investment Bank,-0.06417636160953488,20.598491729867714,0.07179052111648379,45.35640939494329,0.00331830291416179,-0.8040614611619259,-0.11259406283692067,1.2287570614351666,52.372316872738864,1,1
2026-04-20,Investment Bank,0.3556423648017807,22.853871875531585,0.2170673076923077,52.76414266691433,-0.0009178798692944003,0.3631814717200603,0.3819084832083336,1.0066294710350288,54.37641362889481,1,1
2026-04-21,Investment Bank,0.7696737667586939,23.780781179047363,0.29868005599665903,53.24354348503678,0.001399306181692525,0.9976786775557498,0.4064899989061318,1.0739238500231805,58.76390933430132,1,1
2026-04-22,Investment Bank,0.4454985724311976,23.75668983779334,0.27288484735718194,50.947231168824686,0.0008448319470731741,0.7649478209256301,0.2411775875546656,1.0230166235585092,62.08788843216676,1,1
2026-04-23,Investment Bank,0.7537201966285029,24.92800478110183,0.3039845728778743,52.81482568415515,0.002148499372606999,0.9890258285161098,0.36736513401367643,1.0599483413735291,66.10082149376527,1,1
2026-04-24,Investment Bank,0.15902801422287235,24.145693196062588,0.19972883291017565,49.76551553531052,-0.004094492865204406,0.12488917970017237,0.1442974815185995,0.744854205914328,66.10511376596921,1,1
2026-04-25,Investment Bank,0.11356867041553437,23.687319542397226,0.21352266322916555,48.34091433474054,-0.007197337239899657,0.2370407008998386,0.03885646457584342,0.5329302474803557,65.83458770636058,1,1
2026-04-26,Investment Bank,0.27305517691839365,24.953437028423153,0.24994249374885,52.89227355642125,-0.006708998877650668,0.5374325699276102,0.37287951683025367,0.4748976714730541,67.0052778326284,1,1
2026-04-27,Investment Bank,-0.05269167090168423,24.47201096617392,0.16719118316558976,51.388106694372276,-0.011585308906687988,-0.17368755695562904,0.25483822918416765,0.14592921045813398,66.76133691282892,1,1
2026-04-28,Investment Bank,0.4453563431743244,24.582453211636654,0.28761798255469745,48.92541984947834,-0.006575694807640708,0.8586194371466385,0.06446560757699081,0.285270164385486,70.73364625503447,1,1
2026-04-29,Investment Bank,-0.1587290381604916,24.60273314229694,0.1594275956236452,49.84618139936787,-0.011483567913634283,-0.26321513516698886,0.13447287054819154,-0.05041935495601053,69.12993877468386,1,1
2026-04-30,Investment Bank,0.19710614310472174,23.44374517608867,0.25315946315913296,44.42245947718309,-0.008161517844634373,0.5608657265210555,-0.29083880588104377,0.005711838231527621,70.73978584473643,1,1
2026-05-01,Investment Bank,-0.18276186602099037,23.70687793554046,0.1884940109637516,46.48000447793158,-0.00994520387383049,-0.019574284383948187,-0.12411944806494282,-0.1817308799592194,69.89517609945005,1,1
2026-05-02,Investment Bank,0.4193890598285561,23.99222077805659,0.3194786102350798,45.20810264243948,-0.0023269662640310364,1.138171877718661,-0.2245353303942224,0.1334707180285368,73.88204347864033,1,1
2026-05-03,Investment Bank,-0.6586948832786416,23.616307535153634,0.03652981805243065,48.68621699060027,-0.015626104058787553,-1.3740645877950877,0.06113450123182659,-0.6401542634685066,67.3386025585891,1,1
2026-05-04,Investment Bank,0.6389935617833339,26.005801887936855,0.35447540983606557,54.53605298038612,-0.002955393903364606,1.4178661245283721,0.5405527006731453,-0.09079054764568904,73.02373894024728,1,1
2026-05-05,Investment Bank,0.30243754258271777,24.778254653296806,0.2647052261946172,48.884446702495374,-0.0006842380847492443,0.614998039271145,0.06409150294725907,0.006820981739266763,74.79713366054366,1,1
2026-05-06,Investment Bank,-0.08636178127872751,24.443332387556566,0.21247795805301273,48.050398733100764,-0.0026529185154099463,0.14855977299236678,-0.00689977416072999,-0.11576631452121489,74.55126521450475,1,1
2026-05-07,Investment Bank,0.794844824904044,26.51932706365971,0.3864819562867881,52.43769931963647,0.007267752753941488,1.642042372783775,0.3667480348432515,0.43748537364925993,80.60481028729889,1,1
2026-05-08,Investment Bank,0.9435265818074291,28.185129133761507,0.38452565318154197,55.811892552846324,0.012874441318020473,1.5622422375695026,0.650293888101937,0.8455916344869424,85.88419101874554,1,1
2026-05-09,Investment Bank,0.9483267735971204,28.689719011812223,0.3747132599423999,55.08220021014082,0.014952596443943655,1.4282713386543744,0.5778321792757602,1.0992227870327085,90.26293688270394,1,1
2026-05-10,Investment Bank,0.46649957029863454,28.039629626584233,0.30497592081211156,51.69945185393447,0.010851844801125849,0.8168765816578583,0.27580490029716587,1.0104965990849566,91.76082747915335,1,1
2026-05-11,Investment Bank,-0.15273732354958686,26.714444737098212,0.14898980796029193,49.46225732462998,-0.0024356865171858977,-0.5161176493842415,0.07534223395432527,0.3386082322874604,87.69656522635776,1,1
2026-05-12,Investment Bank,-0.5030362398143077,24.67609096743068,0.11709127788544166,44.68386173640515,-0.012860227946420322,-0.7794212134555616,-0.3516958593707086,-0.3196878043735123,83.182029477123,1,1
2026-05-13,Investment Bank,-0.28067973370586075,25.76924514887719,0.17746461120941215,50.58712647013101,-0.015025945271991963,-0.2522051911916307,0.18388943766236046,-0.6015932615984189,81.49284791741442,1,1
2026-05-14,Investment Bank,-0.17648323775157737,25.389740886400375,0.23017307673164655,49.23123397675152,-0.012356567956381178,0.2080548678100628,0.05862945679053982,-0.6140603432995309,81.93800020109659,1,1
2026-05-15,Investment Bank,-0.382030926597382,25.034843913533095,0.17236001146829433,49.45792338495174,-0.013821642939286448,-0.3007938880904105,0.07892678778287722,-0.8441296341768217,80.29159490137263,1,1
2026-05-16,Investment Bank,0.4560605728537709,26.17767828026669,0.3510166432147741,51.02673696087991,-0.0026788649267968524,1.2635761836693737,0.22388182015136115,-0.320120173851842,85.23924518754133,1,1
2026-05-17,Investment Bank,0.8904524674202882,29.933449469920873,0.3694312111867193,63.09291285514208,0.00556197977215692,1.3883519475813035,1.3305580740831982,0.1613769226435933,90.22298297200248,1,1
2026-05-18,Investment Bank,-0.625884989162775,23.44904120352433,0.12713463414011983,40.493042743833975,-0.00509870288977756,-0.7332724491541582,-0.7808815095556348,-0.4379573647567242,86.01113187358818,1,1
2026-05-19,Investment Bank,0.22172394862951422,26.131463935726245,0.27304914071283576,50.33327690401957,-0.00226130071704344,0.5496001436147859,0.14550511835054855,-0.31903832696762396,87.63157542401612,1,1
2026-05-20,Investment Bank,-0.28996029258442757,25.47070149631373,0.19001319189667612,49.124254248609134,-0.005718231012937198,-0.18698853273467225,0.030229947631427632,-0.5637302834678799,86.13844595190865,1,1
2026-05-21,Investment Bank,-0.5009865855710092,23.271112743229253,0.1949643797316721,41.400623094293366,-0.007310942448026015,-0.14137400765106242,-0.701984498182517,-0.7309448561014068,85.06996888762608,1,1
2026-05-22,Investment Bank,-0.9998952616491603,21.486894673148043,0.08912540184069669,37.86795141312177,-0.014705411485737648,-1.0785365470066253,-1.0243065479559483,-1.2766023134690845,80.4066468044194,1,1
2026-05-23,Investment Bank,,,,38.17564225699752,-0.011764329188590118,,-0.9783058629966845,-1.2484437841276215,80.4066468044194,1,1
2026-03-24,Long Duration,,,0.2657639518544906,,0.0,,,,94.45946033792563,1,1
2026-03-25,Long Duration,,39.94900165950755,0.45783816311194503,100.0,0.012257727442071164,,,,98.7940616824457,1,1
2026-03-26,Long Duration,,20.26806737332797,-0.024870838975124057,28.464580543645994,-0.011535235453605321,,,,90.08545497604142,1,1
2026-03-27,Long Duration,,14.990029936975652,-0.3347317709661688,19.50696728024471,-0.04561975504019413,,,,74.54443073055863,1,1
2026-03-28,Long Duration,,21.298318293901026,0.13052280523033946,45.336186430965164,-0.034798018570298954,,,,73.52370273421396,1,1
2026-03-29,Long Duration,,24.612484114061743,0.41502309011761096,54.30290658927626,-0.00785320896390881,,,,79.44577001789325,1,1
2026-03-30,Long Duration,,17.940657707065224,-0.2886261290575306,38.63045293583477,-0.03525875471522695,,,,66.4423368209893,1,1
2026-03-31,Long Duration,,20.99071552078056,0.24245223107409422,49.60743134205753,-0.016415614872892156,,,,68.41812868654685,1,1
2026-04-01,Long Duration,,23.51677598568962,0.5264800160469282,54.00712715235247,0.014698740541653689,,,,76.69250533122946,1,1
2026-04-02,Long Duration,,21.48557127099457,0.14033208834489602,48.27670452706407,0.009070840485853278,,,,74.76736648985796,1,1
2026-04-03,Long Duration,,22.705252104080742,0.3231809305926164,50.751108166910186,0.01700000063528458,,,,77.48420783872982,1,1
2026-04-04,Long Duration,,21.369416098701024,0.09222012292593718,47.85912860116429,0.006563692237167899,,,,74.12430677418492,1,1
2026-04-05,Long Duration,,21.772397903801554,0.2044762570982527,49.26431838024222,0.007051695911611162,,,,73.95039609094484,1,1
2026-04-06,Long Duration,,21.81151669969256,0.22735063219264462,49.5414148052448,0.008641057501378217,,,,73.88576746196968,1,1
2026-04-07,Long Duration,,20.235507088491126,0.023007493466621426,47.23674754805118,-0.003682773693637835,,,,68.91891550502103,1,1
2026-04-08,Long Duration,,18.696579962941723,0.016783336074869818,44.75775428967184,-0.01142920465452683,,,,64.63721609491915,1,1
2026-04-09,Long Duration,,20.020736554011258,0.10046245461519468,51.645784953171365,-0.010137062607465858,,,,62.46872437601932,1,1
2026-04-10,Long Duration,,18.332856286865713,-0.19449218696169557,51.848760906915835,-0.027387871923529004,,,,53.105455383512364,1,1
2026-04-11,Long Duration,,17.287533401011462,0.047326197828565335,48.83457351809818,-0.021038704944175438,,,,51.220981284275716,1,1
2026-04-12,Long Duration,,16.345797475566542,0.1042642037825659,45.35042787097484,-0.011981046253725924,-0.0856061874275041,,-0.9584745200205833,50.79533857240581,1,1
2026-04-13,Long Duration,0.36073713857402057,20.44629045055566,0.2408243492993371,59.54063902573738,0.003408031296398467,0.4996215668943585,0.6903255127300773,-0.2534192728569146,53.44211802801799,1,1
2026-04-14,Long Duration,-1.3871526980525508,12.455021983439828,-0.4355669240063677,38.39018131701968,-0.029929629285825862,-2.166441751925967,-0.7010243941244657,-1.831528268613104,39.084088537263895,1,1
2026-04-15,Long Duration,-0.25133526846057685,14.169329903423991,0.12727840057710807,43.76021727756582,-0.012907249806105699,0.09297556997375134,-0.32839376586163865,-1.1940362187604476,40.18538148205609,1,1
2026-04-16,Long Duration,0.3285347615738029,17.174594649275605,0.28319197398955004,52.40617638555154,0.008847470428072199,0.7109535950609399,0.26500684644196587,-0.21359874935636047,44.157828472616,1,1
2026-04-17,Long Duration,0.4678730109179503,17.216086572776682,0.28564131399600634,49.32681473312026,0.022614017753518727,0.699623960150565,0.0458728541697906,0.5783024166158023,47.89098908279555,1,1
2026-04-18,Long Duration,0.355824586086256,17.684712591507896,0.14470242945411138,50.972547794131536,0.021449824467013684,0.10571543316449425,0.16180996114933033,0.7329505582662013,47.729211560981945,1,1
2026-04-19,Long Duration,0.6413870938507245,18.428330083515466,0.2690021462142468,51.1904134927028,0.0278663805578141,0.6220234148254028,0.17449737882666003,1.239269638293653,50.57639211001704,1,1
2026-04-20,Long Duration,-0.1520624605244397,16.331730660336486,-0.012862963630631568,45.95493884096256,0.012714033544733931,-0.5858584037752301,-0.216291955111561,0.715861732994837,45.89906603737019,1,1
2026-04-21,Long Duration,0.8999167002781676,19.902569017528823,0.35831080965325235,55.34594730961991,0.026483465042865847,1.0064984830316048,0.49439408151086245,1.4893184208603425,50.880389748795395,1,1
2026-04-22,Long Duration,0.6376453996853118,19.442420899943688,0.19584241644642314,52.71936511003164,0.023542533097905938,0.2887991889400419,0.2843556597179771,1.518489031763413,51.24206063150668,1,1
2026-04-23,Long Duration,0.7790608822471712,20.00296581413302,0.26951292972031515,52.57519331767528,0.02529821274552973,0.6035871743418489,0.2681553310037536,1.7205514956411103,53.05568704434709,1,1
2026-04-24,Long Duration,0.4390498939127928,20.72782553822118,0.15835429827452382,55.69384383032284,0.01805257795707033,0.10133225608636938,0.5089663508893443,1.5267275135778604,51.87978825971809,1,1
2026-04-25,Long Duration,,,,51.94331154954609,0.014442062365656264,,0.19978107043946663,1.4521441044194532,51.87978825971809,1,1
2026-04-26,Long Duration,0.8419480619126004,20.405881332673438,0.3261148982167244,50.96598607886227,0.02249267843232377,0.8465008268483943,0.11700686968305207,1.8295148714793772,55.69972302877204,1,1
2026-04-27,Long Duration,1.2081287664128553,22.107181393874345,0.5042075957320444,51.68274644217064,0.03569217405842208,1.576327009238674,0.17471210082700256,2.357361538081728,62.5418083839812,1,1
2026-04-28,Long Duration,0.43190760565874586,22.96709088423435,0.10490909172222018,57.267746819232,0.016479342368031245,-0.2108159177411135,0.6388241229047376,1.747822599458935,58.71460209957436,1,1
2026-04-29,Long Duration,0.2364450646205377,20.262617443591658,0.1737003400877687,47.069284924884926,0.007793094930601999,0.10063911177199188,-0.23672600682269687,1.4644345206603688,56.59871171148279,1,1
2026-04-30,Long Duration,0.02375884279728517,18.73698756047648,0.14653119488436728,42.1596489881844,1.832383679457178e-05,-0.024381886716699948,-0.6528991840922403,1.1803008953952645,54.278861883735715,1,1
2026-05-01,Long Duration,-0.14907271393926436,17.988970430283423,0.09780533132638564,41.054860293504625,-0.008153326363819553,-0.2489050891802937,-0.7349644463882623,0.8414436903641849,50.990017958418285,1,1
2026-05-02,Long Duration,-0.7592307222634838,15.863606003659548,-0.15521789266467093,38.863344265238666,-0.02916455848014881,-1.3919947846683849,-0.907244767267913,-0.04796343148941375,42.51114781816703,1,1
2026-05-03,Long Duration,1.0229445373502335,21.428953893696992,0.5766415112546955,52.58336618661196,0.005797432085746261,1.9068339373487073,0.3069510925476357,1.0820617925999172,53.099888205830595,1,1
2026-05-04,Long Duration,,,,58.694203334928055,0.004637945668597007,,0.8381423229014207,1.0544613941181682,52.02784566861169,1,1
2026-05-05,Long Duration,-0.0785584316044172,19.99082755468571,0.04482109762196029,51.23086075126098,-0.009901107761074054,-0.48156934876879876,0.16315155148123303,0.5073036727716326,46.71297563687242,1,1
2026-05-06,Long Duration,0.7512527303789995,22.983994526296286,0.29734792907599894,60.855800001004354,-0.00028169685618159926,0.655706849294147,1.0166267160057547,0.7977163916809281,49.1678033067817,1,1
2026-05-07,Long Duration,0.8892219616191561,23.537461270080925,0.3499989801061206,60.46829406624675,0.00901883401614942,0.8782464218654386,0.9596423077282986,1.1387277367592523,52.06438268973111,1,1
2026-05-08,Long Duration,-0.04787424358937277,21.12191857712152,0.01604721701499076,54.726007053211426,-0.007060696304520575,-0.6447147606231627,0.42990309902466245,0.5593955211243617,46.8818390080052,1,1
2026-05-09,Long Duration,-0.052862292875566805,20.79367882518767,0.05985151543825864,55.555832757821626,-0.014081439643976254,-0.43639948823227576,0.4995141565113608,0.21693249916528284,43.69656159748689,1,1
2026-05-10,Long Duration,1.6896940651833956,26.30347133278258,0.7807180447757245,65.85502228792424,0.028184352451059064,2.6542825005211985,1.4089057193127588,1.7450067887122644,58.60776765456835,1,1
2026-05-11,Long Duration,-0.1056600751618815,20.98643855291261,-0.011928370192646975,50.21051173861221,0.002473249351301745,-0.7608723412853443,-0.027422510236555248,0.9278661354362152,51.48384581919735,1,1
2026-05-12,Long Duration,0.4008456520399426,23.274189989282135,0.22677062421619895,59.16878332090508,0.0013157813647916433,0.2731227413204013,0.7907046957904815,0.8852620318429321,50.736897116565395,1,1
2026-05-13,Long Duration,0.1225745865172578,22.043160104997252,0.12002628687012808,56.63600392028564,-0.006439652777091076,-0.19323257830450233,0.5475298544809819,0.5783937244879144,47.49494980083165,1,1
2026-05-14,Long Duration,-0.22130343062246283,20.56853617464987,-0.006746930438733341,55.11229720001401,-0.019187530665173758,-0.7434258532986311,0.39997273238385855,0.01394247330639799,41.18767938996383,1,1
2026-05-15,Long Duration,-0.406564200251894,19.381170716021572,-0.04837182232389848,55.218205929482245,-0.02891861127975306,-0.9119681617841129,0.40544538158680093,-0.5305560950796347,33.66294117125211,1,1
2026-05-16,Long Duration,-0.8342168466982041,17.816515078584324,-0.23564211133588106,56.21857543278815,-0.04547754010840048,-1.680984699099607,0.49506182755741146,-1.4035762498884006,24.23340720725875,1,1
2026-05-17,Long Duration,-1.1469630723654183,13.803625236009632,-0.19953535269557615,45.83530466287742,-0.05108893166397075,-1.4762828975598428,-0.4973066260656188,-1.9116527365356177,16.829709939273226,1,1
2026-05-18,Long Duration,-0.015316965903955176,16.163180718854488,0.24557233117352137,52.97077119327941,-0.023326534971234453,0.4426586429683212,0.1917421119697127,-1.19297265232749,19.12778135896561,1,1
2026-05-19,Long Duration,-1.0808862780481312,12.750642540988038,-0.20873497389241605,46.69252862822813,-0.03344684257675088,-1.4900394038245117,-0.41722089603671536,-1.7108841242665143,8.762157390803065,1,1
2026-05-20,Long Duration,-0.6585405345816827,11.85433331802089,-0.033218588722508186,45.599569165667496,-0.026510663431070038,-0.7247319223659411,-0.518991178819205,-1.645616057983562,4.352909211666237,1,1
2026-05-21,Long Duration,-0.5137882559406878,11.564754766632099,0.030025635134056206,45.75256218668559,-0.01635193868336972,-0.4466891063841059,-0.49843776033216575,-1.4231166318004012,2.0107760994175337,1,1
2026-05-22,Long Duration,0.4814946843575212,15.440954045881522,0.4100985710312333,55.16750131411785,0.015550615687530064,1.1824312178582572,0.43621294433980906,-0.34346775165674626,9.36997715717418,1,1
2026-05-23,Long Duration,,,,54.646443582632386,0.012440492550024052,,0.38024280495594737,-0.33019391507288737,9.36997715717418,1,1
2026-03-24,Macro,,,-0.048629672997185965,,0.0,,,,21.428359790598908,3,3
2026-03-25,Macro,,28.089891290346245,0.03606048234802285,100.0,0.005404727862486264,,,,22.834518260904076,3,3
2026-03-26,Macro,,29.50532810544287,0.38896978025387585,100.0,0.0310185102780941,,,,29.8718829817941,3,3
2026-03-27,Macro,,19.128940177558327,0.07031183483823694,57.86382440985831,0.02502766974958702,,,,30.680492769793183,3,3
2026-03-28,Macro,,16.708489052924723,-0.06297427739998424,49.19370979457736,0.01131466781194529,,,,29.448623441446465,3,3
2026-03-29,Macro,,16.347478458450496,-0.07379620326379313,48.602426901407625,0.0012700127864980412,,,,28.269293393058188,3,3
2026-03-30,Macro,,17.12269073393675,-0.025314437212924916,51.22860855335703,-0.0021671075899162007,,,,28.229221789477343,3,3
2026-03-31,Macro,,23.35947904644029,0.5377515684606465,69.39202720645063,0.03156192955883701,,,,37.128063193933265,3,3
2026-04-01,Macro,,18.79177299522109,0.021291748920739637,51.72358390078103,0.017853110136566798,,,,37.413928942368884,3,3
2026-04-02,Macro,,18.732750308556895,0.012826172052667319,51.50860860801574,0.007508115157272295,,,,37.407141712004346,3,3
2026-04-03,Macro,,20.14167628549805,0.19906786323823036,55.571043400264,0.012222452364158087,,,,39.28582685223971,3,3
2026-04-04,Macro,,18.065042678996335,-0.0740585064763762,49.49065047723067,-0.0032151000292471588,,,,36.60601036205098,3,3
2026-04-05,Macro,,17.981510911240825,-0.05471835022456135,49.87897905191035,-0.011802346115969042,,,,35.5890635832997,3,3
2026-04-06,Macro,,17.94233574030148,-0.0340770760695716,50.286899007005275,-0.0155358610534319,,,,35.035630935866166,3,3
2026-04-07,Macro,,18.65447556071495,0.07983932333542028,52.42384774912214,-0.010043424360897332,,,,36.14756319798469,3,3
2026-04-08,Macro,,15.061164099710375,-0.38685687929921675,43.02602336453086,-0.03608671137987894,,,,30.129852536985037,3,3
2026-04-09,Macro,,15.755493004599165,0.059144732470676926,44.72314177831572,-0.02220225573110813,,,,30.821694526320886,3,3
2026-04-10,Macro,,17.495050350321815,0.11922704546787939,50.853184017338805,-0.00859757525314999,,,,31.965093906773312,3,3
2026-04-11,Macro,,18.393016807261326,0.13287359326591094,53.564775217673485,0.0011747412970812936,,,,33.18069687997552,3,3
2026-04-12,Macro,,17.94016920516414,0.034654957413630415,51.91313432696826,0.0008910732449512668,-0.06406728676886138,,-0.5156868321536605,33.0905004236859,3,3
2026-04-13,Macro,0.08527745558525075,18.217135104949513,0.11405266279425508,52.43198068206711,0.005652408226042946,0.3530538634496189,-0.2706091469683873,-0.21441544164519336,33.870318642089224,3,3
2026-04-14,Macro,-0.9622874016940359,13.66263413623741,-0.1514279335660072,36.57990608595141,-0.008695954177252878,-1.0511217325986446,-1.2019007483646187,-0.9792938389141077,31.28705154874671,3,3
2026-04-15,Macro,0.10786520861604934,17.948161542764606,0.14434925955261851,52.62155557087441,0.0015682409445917228,0.5515809607094193,-0.19047062417626814,-0.4442281963540347,32.48346051760829,3,3
2026-04-16,Macro,0.6709406507237085,19.354748102178842,0.30877804914522183,55.911953871318325,0.01833512163210691,1.3735517391781047,0.020548462768504843,0.6064117886743868,35.68669031837056,3,3
2026-04-17,Macro,0.4411654321581978,17.99939306427833,0.18700965218585558,49.752755765520945,0.01999258677468604,0.6904916212305856,-0.3756375184635015,0.9090470568850899,37.24490564445996,3,3
2026-04-18,Macro,-0.20934570110895,18.12356073695087,-0.01465710824734221,51.25474921244084,0.006948381861017414,-0.408654270328568,-0.2691987062279506,0.32672386996579783,36.09408001691372,3,3
2026-04-19,Macro,-0.298646712742988,17.938396721582624,-0.0042363383658230586,51.07037630151401,-0.0011076523073582228,-0.34329775738614565,-0.2761150004729551,-0.1031813627375359,35.264745298286655,3,3
2026-04-20,Macro,0.6498397161674451,20.956655392108356,0.2756618117249619,55.91691906551812,0.011585054353884416,1.192852580733364,0.06044897686286878,0.7012512028269893,45.23535644079145,3,3
2026-04-21,Macro,-0.1631090130233233,19.24669102139388,0.03914424571173637,49.25738943022733,0.0036344478975663987,-0.13748811146148174,-0.4042632799508555,0.319629759404111,45.4832851491615,3,3
2026-04-22,Macro,0.8199933733984138,23.31604567967179,0.26608992257212527,63.05762655017261,0.012730654418410266,1.1195335123085575,0.5782208876253591,0.953400843147849,48.5981602733723,3,3
2026-04-23,Macro,0.8111779776441299,21.911007292350355,0.2807814160505931,55.35628437411865,0.018460053029574135,1.1568287629931508,0.015443211783183622,1.4369364184541324,51.55273353236737,3,3
2026-04-24,Macro,0.11369301732644985,20.51613014243502,0.10596628534910933,49.69636576507423,0.00964291289820357,0.16338112180031059,-0.39782791058499506,1.0591051984931497,52.05721415652533,3,3
2026-04-25,Macro,-0.21878626235653437,19.830698888229897,0.026208405645028694,47.62943570745802,-0.0017851533098538486,-0.29117727600467375,-0.5425578738851243,0.4215752974788037,51.24075148326267,3,3
2026-04-26,Macro,0.9579763077571826,22.80554596644899,0.37095127201080325,56.735871199701975,0.012844095342401503,1.6268063455634283,0.1496790829751817,1.3229224243822928,54.625099689362095,3,3
2026-04-27,Macro,-0.18459384902006332,20.449646350544405,0.024704289097823198,48.38322011385932,-0.0010879574470830655,-0.33572179644509487,-0.4883571165030083,0.558529493017371,53.91064062204737,3,3
2026-04-28,Macro,-0.6146473747835608,20.735386923512728,-0.09668243998140097,51.04513455060783,-0.017838803666831084,-1.005458053749429,-0.2755224465903275,-0.5680331691900189,52.043943535589484,3,3
2026-04-29,Macro,0.8284312580105206,22.55891833242484,0.413221658506648,54.74504492248344,0.0048498560855741585,1.8123911722784565,0.018207003251200515,0.7110881725472147,56.56600730872841,3,3
2026-04-30,Macro,0.5476140431155345,21.587060572423134,0.2664892182721255,49.248998279943166,0.009152993394034657,0.9712037726767773,-0.41819360927834615,1.0405687002655637,58.940645134627445,3,3
2026-05-01,Macro,-0.3270025380891991,20.84920440705875,0.013985215553641323,47.06363039357837,-0.005064091686392269,-0.4260531331036987,-0.5859241921744611,0.19537104274291306,58.10568677781517,3,3
2026-05-02,Macro,0.3700722987535402,22.762744384973935,0.20566319380303222,53.75173980380672,-0.00178581184672192,0.6397396970181952,-0.03514604176663976,0.3466148696077702,59.23851768075701,3,3
2026-05-03,Macro,0.0030974040651899765,22.474653052250737,0.1467899916768074,52.53001346324296,-0.003699149834871955,0.30233251161683466,-0.13531170575323015,0.18603755825253573,59.57340010727826,3,3
2026-05-04,Macro,0.5109848858276915,22.39216301911307,0.28817069702914294,50.21974891921487,0.004021974696206278,1.0829762944860553,-0.32603413632594475,0.6669114789713924,61.96966691420148,3,3
2026-05-05,Macro,-0.5663672209743036,21.625528683817443,-0.04171047614380304,48.62470468221735,-0.012706959450393213,-0.7867387846224767,-0.4556910064742911,-0.457729066272272,60.44255350486507,3,3
2026-05-06,Macro,0.06825074458706673,21.99563819849178,0.18779366733292666,48.6693809442147,-0.008156132515165383,0.5228160491922444,-0.44559701404364976,-0.3097839841613512,62.09650339811746,3,3
2026-05-07,Macro,-0.3367606246263949,21.689524642230978,0.11765308498358532,47.27897041687936,-0.009610162360843704,0.11553029280123271,-0.5582776778352632,-0.5258585438574399,62.64374753810709,3,3
2026-05-08,Macro,0.04919003423385585,22.828067429595023,0.16834928221883075,51.085514854762636,-0.007018272975910789,0.40714546104952254,-0.22152436053622843,-0.4706249842441573,63.90489374781945,3,3
2026-05-09,Macro,-0.34323920909854555,22.772619916472983,0.09837324280530835,51.26001622411265,-0.009711375090977727,-0.006295351285110975,-0.2037388281603506,-0.759615208336574,63.678349953448695,3,3
2026-05-10,Macro,0.4264048339450365,22.75149299275645,0.3289619175070431,49.23641639977233,0.003627641441168422,1.3309400512092848,-0.3806430513705967,0.0834359549426252,66.22261355323566,3,3
2026-05-11,Macro,-0.05048945807690057,23.76320900481516,0.15647685637776185,52.55796443536696,0.0005845337637069084,0.3061061728855994,-0.07901641062478083,-0.08911003945092674,65.82812009236414,3,3
2026-05-12,Macro,0.5919376897862434,25.635482394456993,0.2827330487984404,57.3513023440282,0.006496589355931233,1.0386174027691975,0.3556451780458154,0.36275021660363826,70.29223450026129,3,3
2026-05-13,Macro,-1.6232407440220584,19.06356842633177,-0.2823155509874858,36.80568090789234,-0.026420615793949092,-2.1966143908761575,-1.4913524131698561,-1.9498643502276416,63.93056157912066,3,3
2026-05-14,Macro,1.2400124192982067,25.977362093416453,0.6759014676977602,55.938279435920954,0.01532179603019962,2.961441216100729,0.24995398632084795,0.7381370872184236,75.63583726205654,3,3
2026-05-15,Macro,-0.6944487713304417,23.461422245723288,-0.08324632323894256,48.770426744063606,-0.00796192837252847,-1.0071385124248702,-0.4050505430447602,-0.7540686447688185,73.34355122593573,3,3
2026-05-16,Macro,0.2717338284618649,24.409120196145842,0.2831667966986505,50.93861652033654,0.0010666107728333103,0.9017232225530878,-0.20191406850051208,-0.19693656145116178,75.23374665043626,3,3
2026-05-17,Macro,-1.527788206456819,21.78911902193095,-0.3082415289121625,45.11888543590762,-0.031253798254447226,-2.0968522789333055,-0.736225134226142,-2.4426514134448096,69.95737190636666,3,3
2026-05-18,Macro,-0.3940391852251097,21.64311556968852,0.16656534617770466,48.782624371383825,-0.01968204072212817,0.31445985196310133,-0.3875968226369034,-1.9685722395599716,63.82642034694792,3,3
2026-05-19,Macro,-1.1251094168052889,21.388671756955866,-0.08904229823667555,49.519014511100046,-0.027774623075279777,-0.9788305651649557,-0.3147025243437974,-2.605123969430622,62.618847880141686,3,3
2026-05-20,Macro,-1.0983350956294669,20.770208551707086,-0.027502818653124737,47.73483308774756,-0.02746531364350739,-0.6550710171615011,-0.48003215700582996,-2.724600197326594,62.128978809431814,3,3
2026-05-21,Macro,-0.39074890670841755,21.71618771934065,0.15942374499571466,50.42893459958183,-0.013841565940749413,0.3055304929784381,-0.2187662175623163,-2.114931343332508,63.939280833287896,3,3
2026-05-22,Macro,0.2466828690955541,22.772239780922124,0.3609926795002738,51.91876263704343,0.008379223989378357,1.321182658355601,-0.07354055509542155,-0.9348733969200723,67.98998886425827,3,3
2026-05-23,Macro,,,,52.65271392985896,0.006703379191502686,,-0.0016710169253778746,-0.9353819519961262,67.98998886425827,3,3
2026-03-24,Macro Hedge,,,0.07913513124266726,,0.0,,,,71.3561153170979,1,1
2026-03-25,Macro Hedge,,11.175977149444345,0.034946310005311745,0.0,-0.0028200273382243957,,,,68.16566500762812,1,1
2026-03-26,Macro Hedge,,27.202067277735463,0.11574798447523905,64.64625491137983,0.0007232661620915959,,,,67.78130258923645,1,1
2026-03-27,Macro Hedge,,27.762942564279335,0.12521126116889011,67.13456197749005,0.003514922229230404,,,,68.55120012817731,1,1
2026-03-28,Macro Hedge,,25.41121324517085,0.10198948345722422,57.24727207174357,0.0035952282582016448,,,,69.26335444311749,1,1
2026-03-29,Macro Hedge,,32.402036363729955,0.2772555603905964,79.75302771626286,0.014630739763276456,,,,77.02926985431816,1,1
2026-03-30,Macro Hedge,,20.32947521791686,-0.07884008759941882,38.53652592061617,-0.0019893482673897277,,,,68.84208172878039,1,1
2026-03-31,Macro Hedge,,13.291165319642262,-0.41583334827431373,25.87944694189615,-0.0338485739722045,,,,48.96017974360332,1,1
2026-04-01,Macro Hedge,,20.317115537842533,0.1282338726507647,51.56355682952171,-0.01728491331897633,,,,54.150029771173116,1,1
2026-04-02,Macro Hedge,,20.847714379752833,0.14474087290110424,52.06748849622724,-0.004867285058081275,,,,58.92158644730834,1,1
2026-04-03,Macro Hedge,,18.491969976590003,-0.06036513749116429,46.10706506648619,-0.009830993254911897,,,,54.13376910787364,1,1
2026-04-04,Macro Hedge,,18.67368487110376,0.0024156384522500225,47.93152217191766,-0.008310464931385653,,,,52.37733723160203,1,1
2026-04-05,Macro Hedge,,17.09724656950663,-0.09619443503543734,45.51150936597254,-0.013086097126337869,,,,46.7192076120518,1,1
2026-04-06,Macro Hedge,,16.99147014017253,-0.02560815168045969,47.41206924941883,-0.010730152143801124,,,,44.70211351686081,1,1
2026-04-07,Macro Hedge,,16.215649100657267,-0.039896828426200986,47.07965339191573,-0.009419840760045484,,,,42.71747080272118,1,1
2026-04-08,Macro Hedge,,15.477899699446603,-0.06843715571919456,47.44394921376971,-0.009721638267581472,,,,39.45100570625658,1,1
2026-04-09,Macro Hedge,,15.769454361754558,0.048883674597491836,48.376171174322984,-0.0016873777719111846,,,,41.262074810161515,1,1
2026-04-10,Macro Hedge,,15.312831635580517,0.018208270661108607,47.42788613971536,0.0017096651241403395,,,,40.99947553060413,1,1
2026-04-11,Macro Hedge,,11.68865455461611,-0.29221879321166444,41.67375991703298,-0.015834882794275147,,,,28.08191869578683,1,1
2026-04-12,Macro Hedge,,13.338072304857533,0.0611963741613062,45.755912238999834,-0.0031845486937271544,0.3771848962085655,,-0.8592450704094309,30.872646858407666,1,1
2026-04-13,Macro Hedge,-0.6070804894776084,13.025225205686874,-0.13104674122408033,48.90394054525009,-0.007087177550758453,-0.8338610586826294,0.0878080882485821,-1.1132270064419723,25.089787461971458,1,1
2026-04-14,Macro Hedge,0.6207565411112179,17.589987124556504,0.1597597333993349,62.323357569198656,0.009682948801725044,1.014774467398344,0.8995670169693333,-0.04194655882364038,32.53899531023758,1,1
2026-04-15,Macro Hedge,-0.7539125983167887,11.050960814224009,-0.19685699705928564,42.43243988649165,-0.0028078659616644595,-1.234687259623577,-0.3605499913799208,-0.7681985778374194,24.482808770156687,1,1
2026-04-16,Macro Hedge,0.058940605316699146,12.528911800425707,0.02174937046587467,47.3831854688813,0.003731711393921335,0.16625894591108373,-0.03706112087451962,-0.32967619503361073,25.947022432286634,1,1
2026-04-17,Macro Hedge,0.9683717968642076,16.70042496007728,0.249688035248013,56.53333321967971,0.022443414482478528,1.543843307361821,0.5578475212542456,1.0532986746847295,36.677809771950294,1,1
2026-04-18,Macro Hedge,1.436239177070277,19.33419578271434,0.36018029708834365,57.39009896144417,0.04025716363069891,2.0099275562208496,0.5992316059398716,2.3226608188538576,49.9329724226575,1,1
2026-04-19,Macro Hedge,0.590215680916039,18.484958611124696,0.07862997566820207,53.35747828683468,0.03146327047937372,0.3386609438172872,0.3157511843365976,2.0390896369594067,50.240476905187066,1,1
2026-04-20,Macro Hedge,0.23139324084957377,17.33620280052654,-0.016834149951234993,50.16690857610308,0.01825708814752615,-0.23117248455328956,0.09100482053027287,1.515431888449956,47.38119477371078,1,1
2026-04-21,Macro Hedge,0.22834424839839415,17.46717764467342,0.011904897235333929,50.98004052445191,0.010862403067893918,-0.054285069948011216,0.1463263848021549,1.2340643264540987,45.672930874347024,1,1
2026-04-22,Macro Hedge,0.15821279820074732,17.530739164480494,0.003566734926076612,51.37274011309838,0.0051069549848194815,-0.1045262002770727,0.1718171039961512,0.9882570128740733,44.20352406665095,1,1
2026-04-23,Macro Hedge,0.8378137118153262,19.128678144161807,0.18965324583540982,52.615174290670225,0.0130767476427133,1.039172788833649,0.25905423382589793,1.4406976750075995,50.08071702471578,1,1
2026-04-24,Macro Hedge,0.11740743276342891,18.042052050575087,-0.005939191740967331,49.57729714446346,0.004843802220589123,-0.19597943211643296,0.030347878332032386,1.0772659692081936,47.431658385908186,1,1
2026-04-25,Macro Hedge,-0.007508452661759091,18.562968696139926,-0.05905573473845919,54.485619978416324,-0.004031682190270999,-0.5272771763495124,0.39815302963552934,0.6084991333202204,42.89690041151766,1,1
2026-04-26,Macro Hedge,-0.2219097051088003,16.195428802455254,-0.05535559159416395,47.40913979921244,-0.009209532837694734,-0.4940857439111636,-0.1477638057038465,0.25601997150478073,39.04084021232787,1,1
2026-04-27,Macro Hedge,-0.0053753232046879484,17.691712094636912,0.003754057013283348,53.18503708072551,-0.008241251210151625,-0.10361092194780883,0.3018370376636739,0.2014315883249428,38.13022353192501,1,1
2026-04-28,Macro Hedge,-0.2620470799162486,15.351201469893889,-0.0254417525910255,45.00682623407731,-0.00908811643283446,-0.2941703036412279,-0.3451342321614317,0.05119783459826753,35.4126441785594,1,1
2026-04-29,Macro Hedge,0.23244135162926158,18.183114044766562,0.004863992374911907,56.599799289929784,-0.007210322599769597,-0.08788564483594542,0.5810696253579894,0.054128469688942374,34.07801910203419,1,1
2026-04-30,Macro Hedge,0.7274795416520113,18.987800352886683,0.18005690997545093,55.33085795512481,0.005539592346773876,1.0820513884926684,0.4697097253312195,0.7360928498723286,40.315443175571595,1,1
2026-05-01,Macro Hedge,-0.6022096121045872,13.429526368500456,-0.12248819491255517,38.06690516260337,-0.006065179794067088,-0.9636842879601266,-0.9309744947165949,0.08380561868614082,33.23208178508931,1,1
2026-05-02,Macro Hedge,-0.39761718450283945,13.207753553556858,-0.015280910900831224,37.93616606041505,-0.006163392666087232,-0.22657973608469903,-0.9192736606052911,0.0013562303109887338,31.612770777642822,1,1
2026-05-03,Macro Hedge,-0.207167157480395,15.232389487822616,-0.007570443286870916,46.63884607255515,-0.005379975387655203,-0.17099062172256171,-0.19632543526818755,-0.02692981795892559,30.420725634783242,1,1
2026-05-04,Macro Hedge,,,,50.39026777233163,-0.004303980310124161,,0.1166857564809163,-0.026614975669432994,29.84165294280922,1,1
2026-05-05,Macro Hedge,0.05705896976495424,15.606260351875859,-0.0022226482253717736,49.15916900516814,-0.003431888435897143,-0.13187008424899382,0.01205608207744038,-0.025581749824931947,28.36804571888964,1,1
2026-05-06,Macro Hedge,-0.1488932993266803,15.523233894077194,-0.006358036734532849,49.338218511669304,-0.0028392942598882455,-0.15935774828946692,0.027127805386999305,-0.031424812990774965,27.42472710385606,1,1
2026-05-07,Macro Hedge,-0.005766404277217002,13.706472003963,0.02723968694924631,41.62373624409373,-0.00010871804535615183,0.08121592135789935,-0.6335527345190685,0.11194665309944399,28.107924043029584,1,1
2026-05-08,Macro Hedge,0.11838861922034732,15.694577571015747,-0.00011229876772988505,50.02875155274458,-7.065769980674295e-05,-0.11639498788466686,0.1013939024257895,0.11182640154896095,27.73532050556063,1,1
2026-05-09,Macro Hedge,-0.29529337339278217,15.04430875946855,-0.06236220917612469,49.48627284654015,-0.003949152307141185,-0.5660548512263689,0.05277062088029066,-0.15273197990612886,24.377705606782193,1,1
2026-05-10,Macro Hedge,-0.40912887844114654,14.249085753668208,-0.07588070103008958,48.48185173448599,-0.006960224382836172,-0.6561149299984816,-0.03681169096743597,-0.41046545553041064,20.792047838813904,1,1
2026-05-11,Macro Hedge,1.369181296654194,20.316191475871836,0.3270961246502719,63.29421216720517,0.017325854468615988,2.1993517115243693,1.268516556985854,1.157539558814237,34.230510864386005,1,1
2026-05-12,Macro Hedge,0.8175681042247969,18.873411086683515,0.12359617550441868,55.24304873074708,0.018704722247200777,0.7364433656846318,0.5373588729878873,1.446759485753588,37.73964374947131,1,1
2026-05-13,Macro Hedge,1.8375304632005578,23.19957701936677,0.41132315701221833,62.321317149586704,0.036959834657373264,2.572385009786398,1.1508477813030973,2.70141403132565,52.731346613086224,1,1
2026-05-14,Macro Hedge,-0.08400608575952044,16.96061572128595,-0.09468764759293374,42.84942734093988,0.014096956964828072,-0.8152120427312771,-0.5987950079400957,1.6487605715600817,45.36401516963794,1,1
2026-05-15,Macro Hedge,1.7985744998874198,24.339198435199513,0.41850749416058963,62.346777545292944,0.031671842120737065,2.4572659361971954,1.146103338385035,2.6892783994535723,59.12084775688603,1,1
2026-05-16,Macro Hedge,0.29608264698347453,20.428127460994205,-0.01086032493395587,49.98139136889696,0.013446676402280987,-0.2819889441841944,0.026265694503590394,1.9023970250984954,54.47938311775274,1,1
2026-05-17,Macro Hedge,1.4312357411765504,23.851131742984833,0.34175734236235944,56.06399558492144,0.023611964845912454,1.9021897764121825,0.5752153715966043,2.460672549552934,64.88885389496997,1,1
2026-05-18,Macro Hedge,0.46122218306236884,22.08813943320539,0.06525262109542888,51.08385182540799,0.010836021188697788,0.16557255447115105,0.1159489577187329,1.9342794845093776,62.364543327670596,1,1
2026-05-19,Macro Hedge,0.583800950511143,22.48554276703106,0.13952614170252928,52.223840478775756,0.006711844204229385,0.6279920495055299,0.21975487466517807,1.7628369543461226,62.92088826694591,1,1
2026-05-20,Macro Hedge,0.17617022206585656,21.332273883897138,0.01827062292632766,50.372693152017995,-0.0042668810224924456,-0.14280636185924855,0.045952095457347936,1.2349146052301145,58.85246011037945,1,1
2026-05-21,Macro Hedge,1.3528941907271461,24.496428979532322,0.389804884387806,54.97744199941934,0.012492036238016355,2.1325313775773176,0.47612461157271846,1.9684617277150787,70.37010657498413,1,1
2026-05-22,Macro Hedge,-0.34851940395440895,20.480219304295712,-0.1684913245682547,47.982531713589985,-0.013610239939497379,-1.3046294609237385,-0.18790270321706617,0.7711823749728719,57.98904650061861,1,1
2026-05-23,Macro Hedge,,,,48.70913586596121,-0.010888191951597903,,-0.11718713743015544,0.7551035892334199,57.98904650061861,1,1
2026-03-24,Manufacturing,,,0.10736623506440804,,0.0,,,,9.321346291183378,2,2
2026-03-25,Manufacturing,,26.90621710290118,0.13111981826124214,100.0,0.0015158981869204835,,,,9.835601430346603,2,2
2026-03-26,Manufacturing,,26.962252633495545,0.1432759575161562,100.0,0.0031588892844808835,,,,10.140397399785497,2,2
2026-03-27,Manufacturing,,27.045891505451877,0.15536807988172602,100.0,0.004784126292003645,,,,10.801146283917138,2,2
2026-03-28,Manufacturing,,27.285687090350237,0.16103495713407523,100.0,0.005892089646203182,,,,12.058671350566488,2,2
2026-03-29,Manufacturing,,28.086996046089418,0.2606412190098256,100.0,0.01259931742888946,,,,16.33998927697023,2,2
2026-03-30,Manufacturing,,18.249045638277458,0.161462786493896,60.714165050281785,0.009749760524250702,,,,16.177982550401936,2,2
2026-03-31,Manufacturing,,20.145490024059985,0.21199537958034584,67.2663326389386,0.0105915608301753,,,,17.762120779528907,2,2
2026-04-01,Manufacturing,,18.475879058741135,0.175841866905874,60.09549571114093,0.00814665869446499,,,,18.357553675048415,2,2
2026-04-02,Manufacturing,,19.354644620771438,0.19809094999235582,62.55223789505448,0.007478430291595631,,,,19.60347902534388,2,2
2026-04-03,Manufacturing,,23.37420836816949,0.3456123956841286,73.40749216402051,0.015936360868677966,,,,26.435363917461252,2,2
2026-04-04,Manufacturing,,21.07343287606212,0.25931537202714616,62.764392715776495,0.014712941733122133,,,,28.375345950669008,2,2
2026-04-05,Manufacturing,,21.754098013730513,0.26309560993284664,62.99938843462613,0.013200560434977797,,,,31.38567470485956,2,2
2026-04-06,Manufacturing,,21.62309812500214,0.2424306123258206,60.8984002031968,0.00999622020886574,,,,33.286824908853404,2,2
2026-04-07,Manufacturing,,19.069021027832346,0.13835040842401777,52.14058182803473,0.000553222714484311,,,,31.271108051623646,2,2
2026-04-08,Manufacturing,,19.607522537803938,0.1840846938875253,53.55128985686544,-0.0027454769494448805,,,,32.472924364305,2,2
2026-04-09,Manufacturing,,17.662780807382,0.10576991550615131,47.69015012914103,-0.009930390436878336,,,,30.70797082233786,2,2
2026-04-10,Manufacturing,,20.672875365394667,0.29524982884107587,57.07002198378908,-0.002061797446270698,,,,35.23183441346222,2,2
2026-04-11,Manufacturing,,19.71312352280584,0.23284393880334195,53.432556104939025,-0.001240507143551027,,,,35.52711391193132,2,2
2026-04-12,Manufacturing,,20.166772910575556,0.31429140670771505,52.60985147160627,0.004303829571455392,1.5779264269505564,,0.7439199300144529,39.384126822577755,2,2
2026-04-13,Manufacturing,-0.1907321259243985,19.9095077878483,0.2083430576099176,52.26560157942265,0.0005488644364366677,0.05583122533300673,-0.8662439349774808,0.4377650604906425,39.20108953285571,2,2
2026-04-14,Manufacturing,0.696967239506678,21.994768793721562,0.3354669630082885,55.555771321627624,0.006034994345987282,1.7377993451476046,-0.6716420712157984,0.9713538636669665,46.15418947934535,2,2
2026-04-15,Manufacturing,0.5757828538195942,22.780578850406634,0.30156033191819,55.668334345488,0.0067353239895863795,1.196795684243758,-0.6443788244828662,1.110401754412335,50.7210642120413,2,2
2026-04-16,Manufacturing,0.10027558118133553,22.454144145703296,0.25690972567844117,52.599481923743,0.003698287745734243,0.5673390059565158,-0.7794996604748385,0.9006401637753292,53.70777534538494,2,2
2026-04-17,Manufacturing,-0.16647936783872466,20.668309777946064,0.23541645020687046,44.51940097636548,-5.26329691771521e-05,0.2620133709461644,-1.1530195572677837,0.57419167236037,55.47157588239621,2,2
2026-04-18,Manufacturing,0.6885342284594587,23.982431432707433,0.3436043709189682,54.10277861843032,0.0042216977643754205,1.6627118488929935,-0.6245876910257031,0.9813384841220871,60.432094843815534,2,2
2026-04-19,Manufacturing,1.2246634484261336,26.4712246244982,0.4452719479377767,58.0959647411056,0.012876297945858248,2.5707641304101094,-0.4001228178691954,1.8091101852144191,68.51156388476437,2,2
2026-04-20,Manufacturing,-0.507067507817771,22.59841010550478,0.14342417039101688,46.47986753109265,-0.0019580772157359455,-0.9985856670227892,-0.9986584599581364,0.5748207869006107,64.35738456799439,2,2
2026-04-21,Manufacturing,-0.313910360407626,24.168783801244736,0.21124379311718536,52.660288135375474,-0.007141471877664729,-0.18540644953562904,-0.6430069774321248,0.012640780296913684,64.60564147280482,2,2
2026-04-22,Manufacturing,-0.34175229463107826,23.90067965538202,0.22971577267876453,51.69914524095371,-0.009137071262325127,0.03845466199678636,-0.6787761067469604,-0.33266671929339936,65.33031616395334,2,2
2026-04-23,Manufacturing,-0.666854696476301,24.041338963278754,0.17774818201843118,52.73386716080236,-0.01350447328597175,-0.5912004190915785,-0.6067452585369992,-0.9481356163202552,65.35540045006145,2,2
2026-04-24,Manufacturing,-0.09566898733612286,23.683900314829206,0.27798292691535575,49.29647665142553,-0.009385551914263747,0.6474422776926746,-0.7804162461495106,-0.7798994497834473,68.68377954959234,2,2
2026-04-25,Manufacturing,-1.2889991930138613,21.35662175329275,0.09070119536029624,44.74343294762052,-0.018490726375189455,-1.6180143554740603,-1.006529653379894,-1.802358749684789,63.14324683790562,2,2
2026-04-26,Manufacturing,-0.9374600401905291,21.592236398277088,0.18768405943903246,45.371132817467576,-0.01722395311475112,-0.4206827864145759,-0.9426494343798992,-1.9011556966774266,63.97153198394434,2,2
2026-04-27,Manufacturing,-1.106441305517217,22.004933813513816,0.14649639114130242,47.626437974698106,-0.018301114019648963,-0.9079210454478847,-0.794457055349322,-2.139541936418161,63.80644395901643,2,2
2026-04-28,Manufacturing,-0.43884638378663166,22.043024458799685,0.24854588597725352,46.598665150234176,-0.011608167831423405,0.3574639297476561,-0.8325685028564952,-1.7532901096793665,65.49879950662148,2,2
2026-04-29,Manufacturing,-0.8875703547965019,21.817387151936487,0.18650250993844197,45.59464602014212,-0.01084149065375548,-0.4184008110202678,-0.8684765893762767,-1.778946378391101,65.73134970275598,2,2
2026-04-30,Manufacturing,-1.0606930887988495,21.64164323565189,0.14848961323989812,45.82758376240924,-0.012271195563400287,-0.8821073709271027,-0.8352717185744346,-1.9471727899882427,64.76801607215572,2,2
2026-05-01,Manufacturing,-0.297235986320032,22.98237786579994,0.2516356476147541,50.587268534489354,-0.00596620097554215,0.43108061203295833,-0.5497680930376185,-1.5583979644196486,65.89175757218786,2,2
2026-05-02,Manufacturing,-0.4924553422432849,21.765595475084098,0.21380834907877305,45.04799713140818,-0.004126755411582183,-0.057475327253518095,-0.8544771957936625,-1.446696883159681,67.3270111503701,2,2
2026-05-03,Manufacturing,0.39313323009661505,23.40294967671442,0.38162361687713964,47.68835367963534,0.007950377635523607,2.003953887370504,-0.6865363456213835,-0.5513012898191557,73.17679474006971,2,2
2026-05-04,Manufacturing,0.2160790068077677,26.325678017067844,0.28800936542781763,56.18702547909192,0.009109249899064448,0.810952949257389,-0.1817272315011023,-0.3284747542720165,77.29110513698419,2,2
2026-05-05,Manufacturing,-0.4425173391313614,24.505716007144215,0.20735961987522084,49.83559541410427,0.004170620482075216,-0.20435339391110546,-0.55322233337608,-0.5700645607374506,75.94779000528915,2,2
2026-05-06,Manufacturing,-0.648667495781979,23.649056163299804,0.18079815484882322,47.94355685626337,-0.0008886317299077497,-0.5355376593937127,-0.6563513827434865,-0.8935608450541906,73.70129555680145,2,2
2026-05-07,Manufacturing,0.0904721845050429,25.659882238577673,0.28017195141080153,54.14074114825932,0.0022806459463298144,0.7310034776211433,-0.27631301180265144,-0.6404981989876769,76.2938083125721,2,2
2026-05-08,Manufacturing,-0.34142006296719707,24.202618768801837,0.24254599481541897,48.490981870395956,0.0016930657270796089,0.24132745226299726,-0.613939856926343,-0.64126761214305,76.34834987140609,2,2
2026-05-09,Manufacturing,-0.529908083238154,25.416926042200934,0.18773098859845533,54.65725814259843,-0.0023192621419659857,-0.4694323591100733,-0.22974397262202167,-0.9247326720366916,74.9940273922906,2,2
2026-05-10,Manufacturing,0.08067943958907106,25.89628487430887,0.2777432104692119,54.35180004066929,0.000979998788743306,0.7066463057184762,-0.24607912538829926,-0.6805963873687461,78.1756042112274,2,2
2026-05-11,Manufacturing,-0.8107077955384909,24.14306377758048,0.148908175559662,50.107440459142964,-0.005279485055729281,-0.9815000569924781,-0.5075885667887329,-1.1544108049308952,74.80781281841392,2,2
2026-05-12,Manufacturing,-0.5918081125049438,23.693339812281977,0.21209524885854242,48.317951839159676,-0.004935637093615818,-0.14201766755035078,-0.612866414680936,-1.183588809753902,75.25286774061354,2,2
2026-05-13,Manufacturing,-0.5794519670665026,24.207597252231388,0.20666555174251583,50.98173770487228,-0.004838686432565011,-0.21259042353757182,-0.43686354275665107,-1.2253907288854367,75.28722482602275,2,2
2026-05-14,Manufacturing,-0.07746396391684035,25.489576358010005,0.25249520387123237,55.02577215084319,-0.0016192882677216337,0.4028453010900925,-0.17368035707663093,-1.0207156903380066,77.61738929922889,2,2
2026-05-15,Manufacturing,-0.6541600036521703,23.42868734099049,0.19774190139489428,47.2679651428779,-0.003026845168228121,-0.340387197666845,-0.6706599175737588,-1.1366497525576833,77.52848686131506,2,2
2026-05-16,Manufacturing,-1.205448579463773,21.977219043066288,0.1025521924867972,44.670068496554386,-0.00983435960532852,-1.5944154174519025,-0.8277416734952827,-1.6770477016821537,73.63738543038126,2,2
2026-05-17,Manufacturing,0.05373815960850158,23.4541662076876,0.3152725872985435,46.952452979781974,2.9163239549522164e-06,1.2562493556469994,-0.6684204758248824,-1.0280613145216193,78.76577713803621,2,2
2026-05-18,Manufacturing,-0.9070116099255344,22.00616733167322,0.15463716722048168,44.229401786619626,-0.004069564393728064,-0.8924342366543045,-0.8354550995735402,-1.3196343074169863,75.74597118932428,2,2
2026-05-19,Manufacturing,-0.9503891161107838,22.030133170767392,0.14531348357483875,47.1388651474637,-0.006981288044533853,-1.0001891866066237,-0.6343678105575546,-1.5650988116928566,72.7061229484663,2,2
2026-05-20,Manufacturing,-0.09063180864451689,23.797515044717322,0.2595670815744348,53.36049340210727,-0.0011105091050923402,0.5349597376711392,-0.21729656210779827,-1.1894196183409038,74.70169060849487,2,2
2026-05-21,Manufacturing,0.439304335412285,24.410144009036294,0.35028402323363084,53.013427442764275,0.008457693032718944,1.7062488146152386,-0.23848281385074277,-0.4564714721967999,79.71268508809865,2,2
2026-05-22,Manufacturing,-0.5299188511966872,22.56280172665409,0.1921607307195694,48.037689598997744,0.003942108231494581,-0.3989546090823965,-0.5696617097792246,-0.6698561410113083,77.72423036681603,2,2
2026-05-23,Manufacturing,,,,50.180215866588625,0.0031536865851956647,,-0.4193104050325113,-0.6739179989284451,77.72423036681603,2,2
2026-03-24,Media,,,0.09589753094543833,,0.0,,,,40.24138323019183,6,6
2026-03-25,Media,,30.98729963956518,0.147144280689582,100.0,0.0032704478469197107,,,,41.41401455297303,6,6
2026-03-26,Media,,19.053242065465316,0.10146802553411116,52.87366997878487,0.0022264530098226373,,,,40.24576528476446,6,6
2026-03-27,Media,,20.495833530374068,0.11604017289527506,59.03296759608197,0.0023728147780921072,,,,39.55932263801457,6,6
2026-03-28,Media,,13.234495112648542,0.019529226139629097,31.64277269586718,-0.003836875201201183,,,,37.60249192044826,6,6
2026-03-29,Media,,15.582433086354756,0.05367642607142353,41.282153689955884,-0.0053578503738995744,,,,37.31676001143449,6,6
2026-03-30,Media,,20.98155883174589,0.18478160337807648,61.90650421719366,0.002339545319853554,,,,38.54828099581569,6,6
2026-03-31,Media,,19.157902788163394,0.13383666518074613,54.471809153669916,0.0037879817153421997,,,,39.18518299658353,6,6
2026-04-01,Media,,18.9583226211905,0.1255751066545183,53.43121149265424,0.003959082053751751,,,,39.549643441465506,6,6
2026-04-02,Media,,19.991015813532616,0.1606724707710132,56.92687741147381,0.0060786451350953695,,,,40.38855592669468,6,6
2026-04-03,Media,,21.97145246161758,0.2238291508086073,62.052669655063895,0.01108518144513789,,,,43.9446068366429,6,6
2026-04-04,Media,,19.38461072526311,0.11393586264121432,51.407897689955476,0.006569855673303385,,,,44.44416203147419,6,6
2026-04-05,Media,,19.648780031526265,0.12639095760615351,52.33463090091074,0.004116126009202225,,,,44.29998903607899,6,6
2026-04-06,Media,,19.199388987770412,0.11419502051425622,51.37520651908447,0.0015006406489195528,,,,43.25713707716686,6,6
2026-04-07,Media,,17.337497343210458,0.03902055405014391,46.15923332103023,-0.005101684862324585,,,,40.60513438095865,6,6
2026-04-08,Media,,19.95035376265488,0.22516992153373905,54.45687408705945,0.0028319246250462973,,,,43.724181504862365,6,6
2026-04-09,Media,,18.59054005877867,0.08720343855897295,49.2629115776622,-0.0012302872688923563,,,,43.88206283298373,6,6
2026-04-10,Media,,18.358281181645502,0.09300100086152484,48.79861154916587,-0.003420810162866878,,,,43.170419086199566,6,6
2026-04-11,Media,,20.015108304085125,0.11627539490376146,55.46206172606324,-0.003200236531654861,,,,43.2179740953644,6,6
2026-04-12,Media,,19.76971810550385,0.1240974624376024,54.09760834412482,-0.002458834535303273,0.07622954876468131,,-0.3428996990546734,43.75176910124807,6,6
2026-04-13,Media,-0.43790692494364236,17.52719101391579,0.112389436260448,45.107957945357505,-0.0026706137010605365,-0.1428895410674321,-0.6987719675973014,-0.4810365098599407,43.509732697703335,6,6
2026-04-14,Media,-0.5103673225913375,18.32683057727561,0.10135947244117059,47.68014170589258,-0.0034193673147856866,-0.3489793477136256,-0.48455052770396034,-0.7375021072280705,44.21469362803798,6,6
2026-04-15,Media,-0.40168805699158006,18.892327991113696,0.11452215103040835,49.21597273850628,-0.002913723858020298,-0.08505226015541564,-0.35386239564152816,-0.7507380051351975,45.00559589927914,6,6
2026-04-16,Media,-0.6225961530448852,17.994373749645945,0.09856315292281415,45.471398468402604,-0.0035001916919078593,-0.40052109184931617,-0.6368040738468526,-0.9723706218107632,45.20506438021545,6,6
2026-04-17,Media,0.3162484091081398,18.788774245382662,0.17783445587083482,46.723369394098974,0.0013449228707834533,1.1832744790968426,-0.5201648697223796,-0.036843406873427215,47.59242475931053,6,6
2026-04-18,Media,1.6890469876024035,23.5209750510647,0.2945335450993516,62.74209763680983,0.011725947671880229,2.8565955486882624,0.7880673041216714,2.134880983174402,51.42378969012943,6,6
2026-04-19,Media,1.0614099641348662,21.922651489369162,0.2013666436452819,54.74904028196274,0.011612700241300563,1.2087243060794157,0.11470375697872172,2.2793509612135456,53.77434283501052,6,6
2026-04-20,Media,0.457744649278923,21.56043642997099,0.15405294287018037,52.41711121741613,0.007827559354224363,0.4021895560820845,-0.08354410981323009,1.8326265400498287,54.91386018511821,6,6
2026-04-21,Media,0.88750934946994,23.506205180681924,0.17766540417382778,58.96874960109843,0.00644787150126081,0.7842418366498424,0.4782117709227868,1.7306425109682215,56.25546616239799,6,6
2026-04-22,Media,0.2583992715765875,20.285469609879762,0.16546168784657186,45.015901911164285,0.004347799739083816,0.5612145851040977,-0.7381858758998668,1.4987307088122621,57.556671300232175,6,6
2026-04-23,Media,-0.11727705408739238,21.681823422962246,0.10422213035181431,51.62933003706047,-0.0012329678109741227,-0.497824187586141,-0.14487136610620693,0.6755077786611272,55.91867779892253,6,6
2026-04-24,Media,-0.47370069187693964,20.916529658386125,0.08581972613683153,49.328683760688634,-0.005966237761878214,-0.8019303467862516,-0.3476916898096332,-0.182304729798074,54.6166837525504,6,6
2026-04-25,Media,0.36996969499873256,22.42851307573535,0.17184035050809868,54.64891960045217,-0.0032425548083607116,0.7108922566910592,0.14088659852491345,0.08515625574017469,55.66434482585073,6,6
2026-04-26,Media,-0.1597244100193888,21.674153135252958,0.13608824171973763,50.95843190564363,-0.003751639109261901,0.06931624032847061,-0.20191841824232012,-0.11957991259811315,56.70536452557858,6,6
2026-04-27,Media,0.5695539138286434,23.14957332173126,0.19197453330001926,55.94167121519498,-0.00040357288392524684,1.0527783440376794,0.26819182085776166,0.34539095240985435,57.39967614960125,6,6
2026-04-28,Media,-0.1122630765899574,22.250119120509382,0.13432606048506932,52.3010487974621,-0.002058034199670959,0.006128492436555244,-0.08214286269562321,0.026603953358192673,57.047381548274586,6,6
2026-04-29,Media,-0.710610566569869,20.806118520264988,0.08280247750688148,47.89852215273933,-0.006365686430303285,-0.9191402289925071,-0.5046845597298704,-0.8324298022233142,54.66474700095821,6,6
2026-04-30,Media,0.34808517961230645,22.758632430352915,0.18378346661201025,55.07432189074852,-0.00236349887865893,0.9211434974160819,0.20323987354329118,-0.3176358771261556,55.14014341249125,6,6
2026-05-01,Media,-0.643737392238206,20.381562650039537,0.1060281414858065,45.71666268622803,-0.004763813146183539,-0.5080408147170413,-0.7214829443071832,-0.8423811399635635,54.85146180182322,6,6
2026-05-02,Media,-0.007074267728215539,19.870813196566118,0.1776888474132022,42.634292593914715,-0.0015050233441273623,0.8125187500699865,-1.005927232349154,-0.39854535223410176,56.288979249900365,6,6
2026-05-03,Media,-0.7913053913168817,19.782346406418398,0.09697989124511673,43.31461747108623,-0.00459049351162544,-0.6880782033798185,-0.9154767186773876,-1.0223577651161952,55.226835234193025,6,6
2026-05-04,Media,-0.008249443538872178,21.67938085936621,0.1579865582626846,50.24758346969187,-0.0024362548131748674,0.4566363747800374,-0.21133599626213734,-0.7702434976274589,55.75675335748251,6,6
2026-05-05,Media,-0.0661372723977964,21.24118373497535,0.15149565020290093,48.31658195665633,-0.0014127816971315106,0.32870677520572145,-0.4034832180316043,-0.6557821128831512,55.78294798556425,6,6
2026-05-06,Media,-0.06574971436275331,21.504739221997255,0.14756341582673715,48.83627655706855,-0.000985194101298928,0.24995368657170627,-0.3452161735188695,-0.6177996234463945,56.33804063793205,6,6
2026-05-07,Media,-0.576392315052706,21.720885806191262,0.10738420874151507,50.211383436449374,-0.003264462515755733,-0.5250596727899486,-0.19907801707847855,-1.0751814821670493,55.57562085499153,6,6
2026-05-08,Media,-0.08885461587737034,22.645264362963914,0.13947782645517712,53.52253834355625,-0.002501129613773906,0.10404659867485427,0.1494161609164602,-1.029745763035182,56.09364306581411,6,6
2026-05-09,Media,0.7778882821801955,23.343629762421525,0.23621243630182612,54.1672673896065,0.004260169361398706,1.919950158014689,0.2159243928865472,0.1885580096903988,58.92390487188767,6,6
2026-05-10,Media,-0.6605632317603011,21.355358560572242,0.09019084440448127,47.39994374660233,-0.0010754046537300981,-0.8726556273156739,-0.508791183431705,-0.6840332207592662,57.62602935667942,6,6
2026-05-11,Media,-0.618745029012068,20.803806774314005,0.11853001755845657,45.70538103064776,-0.0025836169455408778,-0.3225446369905764,-0.6828797205280829,-1.0041851845202192,56.77664353011509,6,6
2026-05-12,Media,-0.9083984291115732,20.80241725609729,0.0869359014346085,47.14180220300784,-0.005432763997942924,-0.9201060001456982,-0.5186767107058805,-1.609106870344819,55.049103505384934,6,6
2026-05-13,Media,-0.7521094086101141,21.480391837662374,0.10308903410268201,51.27805235598751,-0.005913525743873422,-0.5971963993092595,-0.061234152096217236,-1.8297841459003683,53.65939239295833,6,6
2026-05-14,Media,0.47649066843800425,21.98238579844211,0.22309553496588452,52.418678062713965,0.001756530321349516,1.6902131223521994,0.06540320123217552,-0.5909399497610222,55.32833927469768,6,6
2026-05-15,Media,-0.6447754201748152,20.640786408441006,0.09925008018606846,49.605360809104056,-0.0014327815445017431,-0.6830833939252611,-0.24915808918254007,-1.1088245159056167,52.496183988349024,6,6
2026-05-16,Media,0.38784236683717377,21.182775279807394,0.20072695349897338,51.29633950735048,0.003121464333259239,1.2486035192070584,-0.05625460765105488,-0.2928339928331505,53.39589375588571,6,6
2026-05-17,Media,-0.499495558405581,21.018153503741914,0.10685947732445507,50.54780585058501,-0.0001830533802646792,-0.5498777860304327,-0.14091455517695067,-0.7958742227854183,53.847977234390534,6,6
2026-05-18,Media,0.697446513550135,21.953716155847452,0.22312852486217852,53.403432505979595,0.005170775657506491,1.6428693820929796,0.18842282272541064,0.2272613637826947,55.27183673278189,6,6
2026-05-19,Media,-0.45785615757063747,20.15472348907082,0.10963133693527327,48.032710948420636,0.0009959025187997587,-0.5122928441784207,-0.43530099427932595,-0.37980186398551646,53.30699979971693,6,6
2026-05-20,Media,0.13732031311814868,20.7293953015964,0.15956381025336228,50.54055321247412,0.0014949065219730705,0.4401379343840158,-0.13847135360818869,-0.24076200743350218,53.22941446817517,6,6
2026-05-21,Media,-0.4250552737066077,20.485013307458832,0.11632356540885186,50.40156255308136,-0.0010522248438125737,-0.39067517329916424,-0.15364866958426684,-0.676638142252471,52.62942410909925,6,6
2026-05-22,Media,1.3678874136761137,22.64171647284494,0.29264780152453684,56.09121597776321,0.008639400455196438,2.8017011225267017,0.5231237841485856,1.1816439333587034,56.75032765512297,6,6
2026-05-23,Media,,,,52.43136934296563,0.00691152036415715,,0.08069345368184717,1.1419533723259236,56.75032765512297,6,6
2026-03-24,MegaCap,,,0.21857242276433586,,0.0,,,,48.30796758060196,8,8
2026-03-25,MegaCap,,31.735095253498,0.23099218118714127,100.0,0.0007925999677232065,,,,47.92628090767773,8,8
2026-03-26,MegaCap,,9.717497370598874,0.15887895193550935,14.6922033214273,-0.0033560674445780414,,,,43.69689863171535,8,8
2026-03-27,MegaCap,,7.901988066867743,0.12571947529929467,10.55272187182959,-0.00789075887590501,,,,39.09578978705879,8,8
2026-03-28,MegaCap,,14.788459547383157,0.18073543505466433,39.045992425011214,-0.006784551673548275,,,,37.68527212449384,8,8
2026-03-29,MegaCap,,20.885602106719976,0.280700762076158,61.392431259707486,0.0006832992752103121,,,,40.7947035447191,8,8
2026-03-30,MegaCap,,15.295991081541086,0.1518169830881762,41.68793576556653,-0.0028591444976298393,,,,36.77837424514591,8,8
2026-03-31,MegaCap,,14.136312999629057,0.134428500978911,39.957665267342854,-0.005995040998817872,,,,32.42485384534192,8,8
2026-04-01,MegaCap,,15.200442699257572,0.17455057785605527,45.205303313693825,-0.0050278792393792645,,,,31.007650763608062,8,8
2026-04-02,MegaCap,,13.443271327661309,0.12548059128120512,40.83990789644373,-0.007220269835977665,,,,27.40482663228362,8,8
2026-04-03,MegaCap,,14.676582712968377,0.17275023597520137,45.87490548728358,-0.005113451244712198,,,,27.145793214505556,8,8
2026-04-04,MegaCap,,14.150708364787368,0.15168662968462954,44.19868864322175,-0.004771628385092827,,,,26.37463140734144,8,8
2026-04-05,MegaCap,,16.165763367630344,0.22733370231764044,50.67175527966415,0.0006287355258575329,,,,28.506852627210293,8,8
2026-04-06,MegaCap,,13.9556731937104,0.12008930968057208,43.51541093826416,-0.0027565400935030196,,,,26.046713809770313,8,8
2026-04-07,MegaCap,,14.722049308432675,0.17089741963739863,47.057719364014616,-0.0013781984339294173,,,,25.184199473212708,8,8
2026-04-08,MegaCap,,14.54301991443944,0.17361033156764583,46.41571353294566,-0.00015255068381130228,,,,24.934011112161002,8,8
2026-04-09,MegaCap,,16.2645016183867,0.20262500015140555,52.88804074932996,0.002592005359478731,,,,25.49505847034226,8,8
2026-04-10,MegaCap,,15.86013142254123,0.16154953682698564,52.34097272700674,0.0016658133522573278,,,,24.087190257057152,8,8
2026-04-11,MegaCap,,17.02944857440598,0.2549809194481626,54.61899778396805,0.007067536046802086,,,,27.26217147024878,8,8
2026-04-12,MegaCap,,15.356430511439994,0.2338026102064705,46.76524263597934,0.00882207472494577,1.1232748306593008,,1.7519610717911596,28.810128976985407,8,8
2026-04-13,MegaCap,0.3003685114515864,16.528128399602206,0.17788814763617997,51.99950468999278,0.005961765854295566,-0.1000429893196969,0.31702365083535755,1.4050499291174547,27.72626586012276,8,8
2026-04-14,MegaCap,1.1916393815507118,18.772807089968424,0.25273612569379145,58.3385687700305,0.00869026746759663,1.4632113323969267,0.6583093729064803,1.950434127027974,31.26148054329285,8,8
2026-04-15,MegaCap,0.42908415782398923,17.078034411925373,0.1940130184915571,51.33670407461906,0.006234693163490013,0.18053904733492657,0.24413516233705074,1.655913372562288,31.353042199968986,8,8
2026-04-16,MegaCap,0.39656280251925125,18.013287656819738,0.1910106793448172,54.80472751192297,0.004200324885816875,0.1113587195416835,0.4395818588706461,1.413432602578826,31.421858417548805,8,8
2026-04-17,MegaCap,0.2950984859905702,17.336437375673764,0.1907221719288149,51.41521934993801,0.002700222343142116,0.10273971811990387,0.2285508658909078,1.228885435110244,32.05845747788258,8,8
2026-04-18,MegaCap,1.6254243507723123,20.583654735720074,0.3172737134798708,61.18166418524221,0.009702106317482886,2.551548656104757,0.8070944679674431,2.228973583574613,36.45492245632719,8,8
2026-04-19,MegaCap,1.3810304752532074,19.758677443126366,0.292838794936114,54.7520620027243,0.012008104187657694,1.8727425290505304,0.3962772108985195,2.4784304456868376,40.80921672398087,8,8
2026-04-20,MegaCap,0.7283342784959771,20.77131439484991,0.2241837440962113,57.99940322167534,0.008400532968056103,0.5444797378519342,0.5878735824799597,2.072690821272663,41.61389025886918,8,8
2026-04-21,MegaCap,0.3302309233357369,19.377730350593737,0.1943403222942041,51.86151090227621,0.003733287032683212,-0.03431711479893876,0.18906871778139084,1.5745290829911642,41.89491717483618,8,8
2026-04-22,MegaCap,1.0266830560692042,21.133040315399843,0.26341561109218364,56.45119094363952,0.004950774360999015,1.2713783389109432,0.4798363769463955,1.7002597682698628,44.66938882499223,8,8
2026-04-23,MegaCap,0.06264374618803978,18.99413984136761,0.17857767435044142,48.40081031409983,-4.0790505579977807e-05,-0.3786087460351794,-0.05468488445902904,1.161591069450593,43.03924554978069,8,8
2026-04-24,MegaCap,1.1449647806902847,22.314505468463977,0.2902605740824816,57.82469173103802,0.0038791907249504445,1.7157215345976118,0.5707588620945342,1.5482785075847627,47.9338173184541,8,8
2026-04-25,MegaCap,1.0082434564270544,21.311574908282925,0.2813129999419086,51.78405657803813,0.005472068022135585,1.467922516244308,0.15480263621610452,1.7154798122778552,50.77957084510642,8,8
2026-04-26,MegaCap,0.846877203954644,21.50016920245683,0.25811054681262235,51.64241154812054,0.004600675372400312,1.0019612882077886,0.14276002740885035,1.642283732083034,52.18086088377244,8,8
2026-04-27,MegaCap,0.5169414384468556,22.476739166514,0.23730397438590192,54.214488675581165,0.002372819542813792,0.6002029601606207,0.31929807667436266,1.428877985297868,53.3538125493562,8,8
2026-04-28,MegaCap,-0.18223030389493894,19.723678945804586,0.17170375205254437,44.17579529703734,-0.003452487471518651,-0.6284164777665834,-0.39324206380025883,0.8210959930932881,50.94060602666097,8,8
2026-04-29,MegaCap,-0.33589002505505605,20.372707970624727,0.1586187138276041,47.27741883485944,-0.007867969692616375,-0.8573537509294105,-0.16591548594340844,0.2537328766961775,49.45074210736125,8,8
2026-04-30,MegaCap,-0.1934343798264807,21.134058241124144,0.18642639821488893,49.66033259420621,-0.008540723453179149,-0.32023043482125896,0.009255545101154639,0.0024066312279763208,50.12006549473841,8,8
2026-05-01,MegaCap,0.2684721475334013,22.021723022755708,0.221440260806596,52.164634521339615,-0.006352993165156019,0.35341790773183435,0.19346612757114334,0.05608118048556719,51.477064212564,8,8
2026-05-02,MegaCap,0.5998081002641228,21.031602231293228,0.2780815023808534,46.936357278324394,-0.001092362771347959,1.4081203650370064,-0.19913227323160007,0.5066252203632952,53.593917284538875,8,8
2026-05-03,MegaCap,0.29053651529632873,20.825624283914237,0.23055357329764303,45.30083992988414,-0.0008268124586896866,0.4814743167052407,-0.31995785100409924,0.504311193263931,55.37748414583498,8,8
2026-05-04,MegaCap,-0.17868531614902428,21.34441936496513,0.19053663157512038,47.346814959540495,-0.00322478401714113,-0.29629668949084687,-0.15947945559662388,0.20157588541463767,55.09317552441506,8,8
2026-05-05,MegaCap,-0.26708144981237436,21.53883917319813,0.18240512041822307,49.025502359272174,-0.005124290228256135,-0.4505809940423163,-0.027497949487028488,-0.0988584254044178,53.44247508811825,8,8
2026-05-06,MegaCap,0.13631181685237662,21.272833438556095,0.22214857727404902,46.46107840056781,-0.0035448448542824097,0.33773187757604517,-0.2283336653593185,-0.0319746139865905,55.47071703392707,8,8
2026-05-07,MegaCap,0.2914516285108719,23.19346689053488,0.22071043270205148,54.21626489771758,-0.002487691338603312,0.3050500544348699,0.3894009203243791,0.01017143612485357,55.18985068296506,8,8
2026-05-08,MegaCap,-0.5160484691013544,18.9170110280846,0.18526299498524298,37.60095867367768,-0.003978041660206887,-0.4114900610968371,-0.9381685400531687,-0.23124331874138196,54.636364093376336,8,8
2026-05-09,MegaCap,0.5340300294928443,22.0962047643307,0.2689944675035811,48.763681093878795,0.0006277949820379237,1.2722083298985185,-0.03129592407991907,0.23886093201797245,57.01182677105091,8,8
2026-05-10,MegaCap,0.8066996338561798,23.47309558057752,0.283865213966943,52.628766203459776,0.0044171964055142,1.5198268747257586,0.2828890850875994,0.7181597204562677,59.61185362817214,8,8
2026-05-11,MegaCap,-0.3459501608430863,21.204352766226638,0.17413952720766301,44.54332414605655,-0.0004652956058603195,-0.6753806138744078,-0.38330146114045777,0.21195708078253794,58.3606082962335,8,8
2026-05-12,MegaCap,-0.20344340029105618,22.57910747578169,0.18626219144686923,51.38571612266947,-0.0027500765169701973,-0.4253045969728932,0.18759866564865157,-0.08981783042926336,56.48088516750484,8,8
2026-05-13,MegaCap,0.03136523766536972,23.452833200311222,0.21300196755824694,55.045216663715,-0.0023477925335705064,0.11858681647133155,0.4909831682162035,-0.10775253166032524,56.56877996724952,8,8
2026-05-14,MegaCap,-0.3150331828062835,21.84167697311956,0.18461787769644472,49.83240006223761,-0.003794921975455188,-0.46039545611921256,0.04618993068846602,-0.35288977059624554,54.99306887655771,8,8
2026-05-15,MegaCap,-0.37967501263801495,20.788600630413676,0.18984002247771814,46.90037693122701,-0.004172046227159314,-0.34835475460391485,-0.2042295315286199,-0.4958767591753443,53.52916718536685,8,8
2026-05-16,MegaCap,1.2808166029406878,23.917059898794484,0.35350502541757794,56.11442590572858,0.006262219514883385,2.8079494774672136,0.5891345231310816,0.7597925874227073,58.5113365933704,8,8
2026-05-17,MegaCap,-0.23291641870869326,21.353886284024686,0.18291126264459098,46.780197621973706,0.0015799871982110744,-0.5059398196496082,-0.2251766414010429,0.30235364435264744,57.72501018124975,8,8
2026-05-18,MegaCap,0.014550266730569278,22.475245412329855,0.2122378903530273,51.48813558734999,0.0004233282682475888,0.06810572973626793,0.1886109505528974,0.1882835714310189,57.700285587591814,8,8
2026-05-19,MegaCap,-0.9411037148317315,20.169392803941783,0.10975126413494733,45.5887028209489,-0.006875914368785121,-1.87830516264013,-0.333519861472311,-0.7733215141947674,52.84511914134164,8,8
2026-05-20,MegaCap,0.23057146066667064,21.762750292448104,0.24051218989895706,51.004008159936134,-0.002741585652940312,0.6379866328926764,0.15139202759547074,-0.3960697173210438,54.6050631472855,8,8
2026-05-21,MegaCap,0.20692357904786596,21.93682068367476,0.22979874266157851,50.4919032418177,-0.0006799596078853674,0.42582714675728334,0.10409812352156654,-0.1881530378960761,57.00176880804274,8,8
2026-05-22,MegaCap,-1.145392011598084,20.042611325223483,0.09104718110667916,45.41347896058281,-0.008195080855790331,-2.172714482109358,-0.3565833883893292,-1.2139017228870366,53.58754148935348,8,8
2026-05-23,MegaCap,,,,40.56846226616434,-0.006556064684632264,,-0.7917965495034003,-1.178498570221866,53.58754148935348,8,8
2026-03-24,Meme Stocks,,,0.10856297666274121,,0.0,,,,41.715974355401606,5,5
2026-03-25,Meme Stocks,,30.470984165311968,0.11417503756911593,100.0,0.000358148616247278,,,,41.32127423353706,5,5
2026-03-26,Meme Stocks,,30.584023390583233,0.20206660586819467,100.0,0.006172072753118551,,,,41.16719877203167,5,5
2026-03-27,Meme Stocks,,18.239280344527348,0.11772528348991233,52.575925474853065,0.004095227662193421,,,,37.85972238411088,5,5
2026-03-28,Meme Stocks,,16.667819258802194,0.097434057713192,47.19159845066984,0.001259666620564739,,,,36.11250772222409,5,5
2026-03-29,Meme Stocks,,17.427223106554912,0.10727191502185067,49.689609896989154,1.7098575594815847e-05,,,,37.051087650041026,5,5
2026-03-30,Meme Stocks,,20.296006249785588,0.1711152792136577,61.506309532253674,0.003284591461150288,,,,36.13249003881123,5,5
2026-03-31,Meme Stocks,,19.548016688231957,0.15724880841556374,58.52092766226748,0.004240869414166348,,,,36.16981902959513,5,5
2026-04-01,Meme Stocks,,19.719464321424095,0.16360076921970848,59.423123263621264,0.0049790202243466634,,,,35.44812269909951,5,5
2026-04-02,Meme Stocks,,15.45176847463619,0.06899220449422146,44.88279506169839,-0.0009126549893317768,,,,31.400682224445497,5,5
2026-04-03,Meme Stocks,,18.661464288986792,0.17273675525096563,56.54315101500786,0.0020095872029049205,,,,32.70684557493432,5,5
2026-04-04,Meme Stocks,,19.181931526463863,0.18796140260460148,57.85169020316497,0.004649319614435708,,,,33.4560692237503,5,5
2026-04-05,Meme Stocks,,18.338287071756017,0.15680791471495154,54.494029136936945,0.004003260250272421,,,,33.07909503555395,5,5
2026-04-06,Meme Stocks,,17.243495063423286,0.1285740819004361,51.7708914040431,0.0015087990830626712,,,,30.279151548078183,5,5
2026-04-07,Meme Stocks,,19.10200051532501,0.21748429734666042,58.32844982892624,0.005458979883318935,,,,31.399887997942223,5,5
2026-04-08,Meme Stocks,,18.293576361935866,0.18509818409206352,55.209687857141596,0.0054881719636685426,,,,31.172208336847397,5,5
2026-04-09,Meme Stocks,,17.5421588508169,0.22405881749891163,51.740566979837794,0.00759890801834155,,,,31.72831453153488,5,5
2026-04-10,Meme Stocks,,15.742159048823163,0.07482688310492033,46.92107105682026,-0.001123662235271175,,,,28.65427856961687,5,5
2026-04-11,Meme Stocks,,21.526844746113785,0.37735318195952444,64.29792945467278,0.01265362864900884,,,,36.86405342717271,5,5
2026-04-12,Meme Stocks,,17.98513341860035,0.11353579424831786,50.254038656371485,0.003639597071956397,-0.6366313455197317,,1.3974060464920226,37.21967746751043,5,5
2026-04-13,Meme Stocks,0.7545482586059692,18.956469641190676,0.23886424090952135,52.61711466102013,0.0056390192037615895,1.1193403983145662,-0.40505933737933236,1.6786802230526314,39.36611366179805,5,5
2026-04-14,Meme Stocks,0.8467756955733499,19.59967217177095,0.2500986179096474,53.59405877898587,0.007142578295544901,1.2068593982556908,-0.3311737374823827,1.8687295604026857,41.55222133841246,5,5
2026-04-15,Meme Stocks,0.3098857196195449,19.36192513136417,0.2000227175452931,51.3636721517045,0.004327562938056358,0.4815152772207125,-0.47015043493488695,1.5325682305974015,43.48859363518635,5,5
2026-04-16,Meme Stocks,0.24302365152702313,20.313215230613224,0.19064485694485558,54.8653055158633,0.001540706965466019,0.3378984020130325,-0.22169406184606694,1.18927125723101,44.05344846200364,5,5
2026-04-17,Meme Stocks,0.6151177222447163,20.15410633982488,0.23548172471922402,52.6334707723239,0.002373938071498327,0.9607516791249562,-0.37149938891392886,1.278497576693284,46.11223954902663,5,5
2026-04-18,Meme Stocks,1.5662356948219733,22.483018946433916,0.4064162475140523,58.10889261750228,0.01347433734547105,2.8060287764523792,0.024681288368780828,2.4672393657321208,51.4744925674251,5,5
2026-04-19,Meme Stocks,1.0182045653139593,22.05666710263649,0.29240873805944395,54.7417454543704,0.012213051884520848,1.322141525493682,-0.2200902644424178,2.305621904101764,54.29056655191323,5,5
2026-04-20,Meme Stocks,0.6123799097462185,22.5218941976753,0.2619642663166245,54.65724258864939,0.008574782417972,0.9199490165444023,-0.22217801498366127,1.9683566636600744,57.07882329794349,5,5
2026-04-21,Meme Stocks,0.07403606029416995,21.170062983265282,0.19023616615634573,49.0370939429385,0.0009832211407887967,0.04456421904173624,-0.6378127021179586,1.2834181828413493,56.83928091401312,5,5
2026-04-22,Meme Stocks,-0.24127358971529025,20.99611130555896,0.1552088554589854,48.94572621247835,-0.0063483069847780245,-0.3830270133166176,-0.6294380788359617,0.5275435779034463,55.68574778043137,5,5
2026-04-23,Meme Stocks,0.05281096205186439,21.59402782984818,0.2326329169390581,50.294441229108934,-0.005941667608269769,0.5800857317576076,-0.5125656743780057,0.42813815548655787,56.72454447185171,5,5
2026-04-24,Meme Stocks,-0.3067715840621874,22.129873652103747,0.1611650605863553,53.132210030737326,-0.010194603557797922,-0.3251248854403063,-0.2818446772872191,-0.15237116169757192,55.235856531190755,5,5
2026-04-25,Meme Stocks,-1.3446700903490147,17.0417580363369,0.0461626929143105,36.09269628088017,-0.019900160364772563,-1.7003599472104964,-1.5657487656232199,-1.3666274203609763,50.70175208690932,5,5
2026-04-26,Meme Stocks,-0.05936310530912539,21.857612766526454,0.2206425794915845,54.862436331232765,-0.013995095291158447,0.4741626237098363,-0.0865049633172652,-1.1209051228713698,51.4213601493048,5,5
2026-04-27,Meme Stocks,0.4177309105901835,22.524235130897225,0.3095768082664575,53.319915773302355,-0.004042574497219013,1.5215588046468027,-0.2067393116478303,-0.3517843624354526,57.33932956055526,5,5
2026-04-28,Meme Stocks,0.415172132532755,22.8546500790798,0.28973855821948785,51.846158183447315,0.000992693903135139,1.230072246083878,-0.32131351608243325,0.10380197416234471,60.38243575441895,5,5
2026-04-29,Meme Stocks,-1.0745802608651522,20.368891273762383,0.05834597264336946,44.35503984062581,-0.010821199337908727,-1.5380267009782291,-0.9134505568479442,-1.133430768208582,55.57677584726438,5,5
2026-04-30,Meme Stocks,-0.042213014336832305,22.665954355322782,0.23198716035398861,51.45657735970015,-0.006703543987440082,0.5428458315238985,-0.32318025594976707,-0.8980635069676837,58.16997972766893,5,5
2026-05-01,Meme Stocks,0.10075931797698148,22.92652920664735,0.2542344769896442,50.671386213863435,-0.002462481358353521,0.7961130498652679,-0.38294095943487455,-0.5708076054113201,60.35651714006726,5,5
2026-05-02,Meme Stocks,-0.7688069001543372,20.157372229972054,0.15593613607551732,40.54030597472374,-0.006053722703932712,-0.39840992644976025,-1.1991051872560776,-0.9959886328129344,59.35434773031575,5,5
2026-05-03,Meme Stocks,-0.8932205682096609,20.81973750073147,0.13359110497837307,43.55589664655651,-0.009504881187985611,-0.6624307503305008,-0.9238991622539489,-1.4517352586756742,59.25323394701384,5,5
2026-05-04,Meme Stocks,-0.11226568605700538,22.601638360583685,0.23573063338635797,48.99408297907935,-0.00472134570193125,0.597533121389971,-0.45995004987605675,-1.1075937196441585,61.42738401010246,5,5
2026-05-05,Meme Stocks,-0.7125522060814743,22.507852370018256,0.15073765373406883,48.50069902418545,-0.0069588229894050665,-0.4608626996519233,-0.49445656002523825,-1.401126151504421,61.4645450561605,5,5
2026-05-06,Meme Stocks,0.01685501159461654,24.084853162523594,0.24032573805064833,53.10239820914927,-0.0023224265925270646,0.6613307883554149,-0.09899197228385302,-1.0288072432636772,63.32769944070202,5,5
2026-05-07,Meme Stocks,-0.7434859244187164,22.391612993516816,0.14813837935436797,46.953076602205854,-0.0052158577322849176,-0.5052567786493307,-0.6222932919465307,-1.3436633131200066,61.8749453780991,5,5
2026-05-08,Meme Stocks,-0.28447560893338253,23.514679697885697,0.1892441448700112,51.035217189369526,-0.004158816668497002,0.02231921955388197,-0.26265816951093907,-1.302034264445915,61.711957509633535,5,5
2026-05-09,Meme Stocks,0.7779538763839178,26.760935887373662,0.3473255197190026,60.761411801549784,0.0067934808955991376,1.9634888842791802,0.5872501236286162,-0.23668154634315922,66.81298234131498,5,5
2026-05-10,Meme Stocks,-0.40644950857508766,23.3617325459214,0.17848096638088418,48.48735267327156,0.002494663299526253,-0.15458917417401757,-0.49754945567026115,-0.541271508912792,65.12872963420367,5,5
2026-05-11,Meme Stocks,-0.5532538893401439,22.571805134637728,0.176502604592803,44.90792961949135,-0.0004945820212993663,-0.1778238273298797,-0.8043721880281439,-0.7940096202061159,65.22437797354554,5,5
2026-05-12,Meme Stocks,-0.6865589529363215,22.51331119298315,0.15971699894058883,45.013088400858045,-0.0034501480899368398,-0.3884785603205861,-0.7817955577374951,-1.0967387403866389,64.1426876379866,5,5
2026-05-13,Meme Stocks,-0.799447511973142,24.14489550329311,0.11668399897270032,52.61542520606929,-0.007896852799756174,-0.9274873418169102,-0.09400012804147666,-1.588236742506896,62.625771769203084,5,5
2026-05-14,Meme Stocks,-0.06836268406724744,23.754635995371792,0.2391636784249079,50.33720848579572,-0.002464439655300177,0.6490594291474042,-0.29875774790640514,-1.155490824631722,63.95897296842245,5,5
2026-05-15,Meme Stocks,-0.04914583966013067,23.442150227208316,0.23338232171918252,49.00480437166205,0.0006955343662757716,0.5666670389538352,-0.41677840931183013,-0.8611389391185529,64.54100743624024,5,5
2026-05-16,Meme Stocks,-0.31866250887586156,24.338748473472464,0.1977656412360415,52.12341274485805,0.00035993058404052455,0.099008002619664,-0.12594241039954523,-0.8674189797930079,65.82366736940283,5,5
2026-05-17,Meme Stocks,0.14293104833735754,25.171603939589115,0.23297603635109426,54.98007961660197,0.002370157404902056,0.558084671928115,0.14058977919426754,-0.6396082986274101,66.77763426448686,5,5
2026-05-18,Meme Stocks,0.25406776591828795,24.257466313590704,0.2607466298463409,51.35447721251109,0.00526513316299967,0.9125251434776265,-0.20065947319072078,-0.2797841389288181,67.17077296967405,5,5
2026-05-19,Meme Stocks,-0.33538483249406004,23.965820827012394,0.17932499515033662,51.55385503040727,0.0015824997878452116,-0.17147035496875584,-0.17996651448227297,-0.5544935861601827,65.91895748093371,5,5
2026-05-20,Meme Stocks,-0.2956665169548795,22.900287251801938,0.20959079784842477,48.21425217472809,0.0010942226593710397,0.2334681694194661,-0.4962731072743164,-0.5664688752631084,64.94311396580021,5,5
2026-05-21,Meme Stocks,0.16704119852813187,24.52441628837929,0.22728895255390577,55.034556420463346,0.0018291705459159173,0.46863102055857925,0.1638620288841428,-0.45853135565111997,65.14455070044077,5,5
2026-05-22,Meme Stocks,-0.1719945588953491,23.419738067302713,0.21428520973519377,51.651848618701386,0.0013287925669710947,0.2884713182388929,-0.16566602008311226,-0.4684105254500748,63.87129021024291,5,5
2026-05-23,Meme Stocks,,,,38.91126645205562,0.0010630340535768756,,-1.3874814819291332,-0.4793253508175279,63.87129021024291,5,5
2026-03-24,Momentum,,,0.20714145842746967,,0.0,,,,67.32845213587674,1,1
2026-03-25,Momentum,,8.993616643055496,0.1967336562356001,0.0,-0.0006642016213614932,,,,66.07357887982398,1,1
2026-03-26,Momentum,,8.161050672913072,0.16457881718004685,0.0,-0.0030962246424833585,,,,61.67921822593191,1,1
2026-03-27,Momentum,,6.818964323655884,0.12724401819060158,0.0,-0.006832309222476578,,,,54.224631188646995,1,1
2026-03-28,Momentum,,17.98441050083967,0.1920834545744674,44.798145363997314,-0.004653809377796473,,,,53.99313086789798,1,1
2026-03-29,Momentum,,16.26794368485614,0.17245754343988598,39.448975810991605,-0.004262137341164698,,,,51.89734518253827,1,1
2026-03-30,Momentum,,12.754984207843133,0.12303663617425038,30.32945818319378,-0.006902679226776091,,,,44.71477077933909,1,1
2026-03-31,Momentum,,10.093711631221026,0.08985013070824434,26.253951390094997,-0.010253558287615715,,,,35.59217682513395,1,1
2026-04-01,Momentum,,10.598959808960892,0.11304334688086976,32.58496418388734,-0.010252612255849444,,,,29.510998258021942,1,1
2026-04-02,Momentum,,6.24385659615622,0.028336533098226358,24.806998447513692,-0.01501341684460897,,,,16.177750234559813,1,1
2026-04-03,Momentum,,12.102733615386233,0.17611896373075997,46.914122106667236,-0.007638086173273995,,,,17.523026976152778,1,1
2026-04-04,Momentum,,13.887477248881885,0.21318274274126015,50.55967206713549,-9.108500201511147e-05,,,,21.819363471165637,1,1
2026-04-05,Momentum,,13.770188896453758,0.19021467170020936,48.49589011314898,0.0033370048167621937,,,,23.33955763605058,1,1
2026-04-06,Momentum,,14.69859944647643,0.2054031384037466,49.84959324190489,0.006431190052673123,,,,25.85939938518767,1,1
2026-04-07,Momentum,,12.032322250295746,0.1139401866300418,43.03778060647132,0.0023329857088013866,,,,19.71443877483179,1,1
2026-04-08,Momentum,,15.11469879020933,0.22131873485187384,51.60412791627771,0.0066258482131007265,,,,24.187243195913048,1,1
2026-04-09,Momentum,,14.530278245586715,0.16287291540991097,49.89238538890576,0.0053554045130668245,,,,22.84024852051069,1,1
2026-04-10,Momentum,,14.006038181747776,0.13176978315160573,50.287764541107464,0.0023973273897588236,,,,18.812955579612954,1,1
2026-04-11,Momentum,,14.680006639298448,0.2016107914581852,50.60195396871793,0.004973096855311696,,,,21.158059709354347,1,1
2026-04-12,Momentum,,12.867968987452269,0.11835346096433451,46.83601479621453,0.0011006350524011919,-0.7800550869936762,,0.39688581413946583,15.551243449325835,1,1
2026-04-13,Momentum,0.678827872319775,14.986511645510703,0.18687398946544317,53.651610536802096,0.003073147470450073,0.5682613184992215,0.9194924283899879,0.7128091589757823,17.078630118415226,1,1
2026-04-14,Momentum,0.9527813784791986,16.630993466505284,0.21055741968611766,56.9805640481399,0.0057373709445129265,0.9999048106010205,1.046592659722509,1.1630076549889843,20.878747496909135,1,1
2026-04-15,Momentum,0.8781399508149165,16.656310129432857,0.19802060893612725,54.97560422937325,0.00637091472029034,0.7211342952135841,0.8972648033493906,1.3490433366716343,23.277027177035883,1,1
2026-04-16,Momentum,0.9759121574535534,18.702857788164554,0.1993071566212015,61.09451263940472,0.006566110228466943,0.7236875721017869,1.169241655903022,1.4652471981629298,25.573346007113702,1,1
2026-04-17,Momentum,0.470641480609299,16.16430876672663,0.17932310778937607,50.24926419742503,0.005103919792529702,0.30353679526702193,0.560992975328125,1.3574032769837665,26.06647519858028,1,1
2026-04-18,Momentum,0.8405078040180572,16.42607311803837,0.2051792462595441,49.36632352762321,0.0055933431914837305,0.8214083225295714,0.49938390788674386,1.4762022174712697,27.931276252616243,1,1
2026-04-19,Momentum,1.817140487851639,21.56882031902227,0.33289857378867244,59.689723034426024,0.013768266344007105,2.850897304061559,1.0370000242178703,2.4058383664194043,41.25319363719272,1,1
2026-04-20,Momentum,0.6680820384702112,19.29493480793856,0.20067521421063997,49.7229620395374,0.009711453187422905,0.4877428223138796,0.46611842382217833,2.0215699232259023,42.17284158705238,1,1
2026-04-21,Momentum,0.7248559175938015,21.26430498113765,0.2072044216567428,56.06900406515469,0.007033419839579868,0.5915498635602653,0.8038124110299902,1.7861192944280766,43.55060376788602,1,1
2026-04-22,Momentum,1.1908360057962422,21.763566815269698,0.26299901512999807,52.90746154144031,0.008487937154585649,1.5176412413453568,0.6075904408920668,1.933153492037012,50.1360725901749,1,1
2026-04-23,Momentum,0.7379135494529278,22.583112157479288,0.2225318637744872,54.26865520338294,0.006293863567433576,0.7765533804145855,0.6700949075112106,1.7499434768811153,52.26544113024089,1,1
2026-04-24,Momentum,1.2207968907949436,25.01449336470744,0.2634962310625669,59.29400081040453,0.0071103651435047086,1.4355363006184707,0.9352360042747827,1.8242703610180475,58.40297309871248,1,1
2026-04-25,Momentum,1.304547845168776,25.639474583195494,0.28838912281916357,56.537311607722096,0.008729184562565565,1.7517539703977765,0.7542689103542203,1.96029725961967,65.46391329269127,1,1
2026-04-26,Momentum,0.7529029087977095,26.339794477698455,0.2284355447410582,58.59463025746949,0.005331421007836179,0.718985426853909,0.8528247300727281,1.6968303562145268,66.45465323545557,1,1
2026-04-27,Momentum,0.5849621141353377,25.36940069532378,0.22387931955451454,53.2097735426734,0.00249065506888424,0.6284423143156876,0.5231448617712745,1.4634600584599433,68.4467965956426,1,1
2026-04-28,Momentum,-0.14262612480634854,22.1143148891826,0.13894112425309033,44.38481879366365,-0.004987544163175019,-0.815461466623689,-0.0066685009571648135,0.8182077957893387,62.61271527166167,1,1
2026-04-29,Momentum,-0.44061511404732023,20.5433626970678,0.11304964808785413,43.474384982112966,-0.011200785887064952,-1.2200979182202585,-0.061311215628139,0.16657363658143093,55.11460355959038,1,1
2026-04-30,Momentum,0.6986513380497072,24.078229919038293,0.2535479768853152,53.43179524092602,-0.005651330860553503,1.1557601929646355,0.5447593062476334,0.46127916546908404,60.85159864718737,1,1
2026-05-01,Momentum,-0.20605730878506123,21.970154421044917,0.1497681450293362,48.30933775856134,-0.00859653800312499,-0.6067884325855312,0.22182898639857637,0.08412563422115725,56.435329111378294,1,1
2026-05-02,Momentum,-0.155462910402317,21.363265354106105,0.16930999918594783,47.93320478037537,-0.008821947050797377,-0.266511021610606,0.19544441411149074,-0.0965104714638828,53.91115414565475,1,1
2026-05-03,Momentum,-0.39967465416724735,18.37419309231573,0.16020832991651668,38.473988852457275,-0.009138678775813725,-0.41920662156365346,-0.4048042806822049,-0.2898058295428124,50.78831395778991,1,1
2026-05-04,Momentum,0.8730417958104183,24.3626900859468,0.28642738966615533,55.76967398955287,-0.0008393644957804106,1.716974647223886,0.702543555455255,0.3260182618553195,59.873301200342006,1,1
2026-05-05,Momentum,-0.002717435156929196,22.363875160305867,0.18488970440548194,48.66879044184788,-0.0021077335726589087,-0.026249450643504195,0.23668705326393488,0.18466066786857063,58.48565895836869,1,1
2026-05-06,Momentum,0.6399778494457818,23.62180492213277,0.25405054494898194,49.474548618467075,0.0015919338671736318,1.1443326901245985,0.28623299506504957,0.4988401142059094,63.95044556711637,1,1
2026-05-07,Momentum,-0.10989852766583957,22.559682379416884,0.16968755625622653,47.04911955539488,-0.001589632793285431,-0.31208294352686206,0.12308354511331975,0.21325346639906861,61.40169828873407,1,1
2026-05-08,Momentum,-0.3178120913447997,21.13696069539452,0.15520769669433376,43.76874615883415,-0.004454039558433209,-0.5573047846475829,-0.09713137490202998,-0.10376008223816699,58.24165891215332,1,1
2026-05-09,Momentum,0.34273430362896423,22.27296381307236,0.22464649953369817,46.51092572801351,-0.0016038550675066437,0.6563595805941932,0.08900806668205485,0.09331796283115036,60.8350565445088,1,1
2026-05-10,Momentum,0.36846208799755287,23.21693635361933,0.21628952837253843,49.29536334337288,-0.00028237590949868044,0.5015777416757066,0.2779500609216209,0.19350464698548947,62.3702258382301,1,1
2026-05-11,Momentum,0.4344047939679875,23.867614800032918,0.2219813074142872,49.89003397528927,0.0009088682500002208,0.5950132492262769,0.31578349368148756,0.3072523986301307,65.64999203281509,1,1
2026-05-12,Momentum,-0.511129737672025,22.242645249603648,0.1148851057309504,48.64114450637908,-0.005243900282947301,-1.2960154590766206,0.22547851514188802,-0.3117934174965694,58.98403013247713,1,1
2026-05-13,Momentum,-0.6151184558235924,21.37053007555906,0.1122082180076074,49.95118990964564,-0.009001466817039417,-1.3074474308943498,0.31513960702016275,-0.8042733399459716,53.15388634213027,1,1
2026-05-14,Momentum,-0.19755647281742303,19.977766456308785,0.17002526289219178,44.64090574729782,-0.007179691676354701,-0.2796454793269718,-0.06521774016337933,-0.7894443168025852,53.72409995764169,1,1
2026-05-15,Momentum,-0.8423793026205375,19.151651018411403,0.09854368747322606,46.57115262268193,-0.010191565639932457,-1.5090519158093643,0.0739599702696788,-1.2303909756311675,47.11347891367932,1,1
2026-05-16,Momentum,-0.8316948829571793,17.92439645292706,0.11105782984268842,46.063699559102275,-0.010691550689080478,-1.2568197470283955,0.03647713765169549,-1.453803823957771,41.043662738451,1,1
2026-05-17,Momentum,-0.9149992405827749,16.77210057681402,0.10207360603236444,46.0710121304159,-0.010938529686368367,-1.3765552040692286,0.03667925195158201,-1.6436173248320556,34.62527403183839,1,1
2026-05-18,Momentum,-1.0456771279570265,13.525944210019205,0.11268421906438016,36.082946646296286,-0.009738554512782082,-1.1664870210263738,-0.6989234733334612,-1.6835067478811523,30.792721640809106,1,1
2026-05-19,Momentum,-0.010815021549626186,17.932708833445062,0.19582083372746847,50.90219339133852,-0.0030439250527440048,0.2721484664693719,0.4076919065979522,-1.179903611838444,34.657412185306455,1,1
2026-05-20,Momentum,-0.7437394088049167,14.773604729179628,0.13265078781801162,39.88027972073389,-0.002586307831532483,-0.8200434331501627,-0.4205037053683431,-1.1703262261764602,32.26462381262398,1,1
2026-05-21,Momentum,0.2805780942565771,19.233991468174214,0.2144775488834728,53.74948754399461,0.0031973340993407175,0.6072346863621055,0.6272839295350869,-0.6362863663255887,37.307143220970474,1,1
2026-05-22,Momentum,0.033025225690342594,18.734559740043665,0.1702023377922609,51.19559831521897,0.003961216431947684,-0.17166648684727043,0.4276039368565226,-0.4902049244546653,37.4951597809936,1,1
2026-05-23,Momentum,,,,45.11832454692259,0.003168973145558149,,-0.04029974054042673,-0.4767526572255149,37.4951597809936,1,1
2026-03-24,Network,,,0.53065208293017,,0.0,,,,75.92681887080832,1,1
2026-03-25,Network,,8.321388123752794,0.32689289609486655,0.0,-0.013003435285215924,,,,69.27806463902652,1,1
2026-03-26,Network,,18.91674519893441,0.48068299552397803,43.012279799484936,-0.010627912715584217,,,,67.54137803891437,1,1
2026-03-27,Network,,10.917827820722037,0.06799873204492242,19.966684063597583,-0.03486453341143742,,,,54.24115393371231,1,1
2026-03-28,Network,,12.901984925870906,0.20638932986804284,32.156386998378636,-0.039262832676250976,,,,47.25902970603909,1,1
2026-03-29,Network,,12.001422374233455,0.21111575658291576,32.5074656246516,-0.03943693748346475,,,,40.9704869347399,1,1
2026-03-30,Network,,16.9837867157042,0.5485285991286362,50.71462420302529,-0.01563311757921848,,,,43.08797474542914,1,1
2026-03-31,Network,,15.074074564675904,0.3864351821498511,44.896266297844704,-0.009889926076688746,,,,40.354952758060165,1,1
2026-04-01,Network,,13.172682287164971,0.26203910624459387,41.26321456317701,-0.013339556771070162,,,,34.04065648742788,1,1
2026-04-02,Network,,12.175115502655446,0.24947684110651414,40.92874923453386,-0.015202858895486206,,,,27.95302658641474,1,1
2026-04-03,Network,,15.910301981831319,0.6037375200338475,51.919183969449435,0.007470230087400394,,,,32.89110362257897,1,1
2026-04-04,Network,,14.916668332731494,0.4400809351411249,47.80989198371986,0.011264396884196747,,,,32.70140503803591,1,1
2026-04-05,Network,,14.667524120962131,0.4078082180991556,47.07515325624513,0.011385662177712794,,,,31.544001422021996,1,1
2026-04-06,Network,,14.315551425690913,0.39514519165464573,46.79299162026362,0.010423961452763114,,,,29.08238571828566,1,1
2026-04-07,Network,,15.112629012155175,0.49391239114997904,49.169324772384726,0.015921350930568172,,,,29.38694666065327,1,1
2026-04-08,Network,,12.80581693906176,0.12697785757287094,45.79057240558143,-0.004577293846192904,,,,20.250836021765497,1,1
2026-04-09,Network,,10.504264433241262,0.11040546080406756,41.72524606849847,-0.017925450795401796,,,,11.39283170587003,1,1
2026-04-10,Network,,14.648813141935804,0.39338730083086954,57.719078133049806,-0.006934380750921711,,,,10.614612660296142,1,1
2026-04-11,Network,,18.682515278018496,0.9062,64.09707683920873,0.033418948550487194,,,,24.16260363666191,1,1
2026-04-12,Network,,20.837645611863692,0.92078,64.23904187613275,0.05818836946770672,2.2395211469020957,,2.7182965704613666,36.5243896121943,1,1
2026-04-13,Network,1.2708457724214368,19.087186435371027,0.7071999999999999,53.35013641057466,0.0571983833052319,1.2325757455761537,0.6556918542315086,2.5432764968973203,41.63874999669349,1,1
2026-04-14,Network,1.5649834556956759,22.681344504343205,0.8888999999999999,60.52176564850652,0.0652102760066107,1.7976400334648948,1.084522193852312,2.6085178040913055,51.41539184188557,1,1
2026-04-15,Network,1.530353956652224,25.10763864595435,0.8885,63.83683203466334,0.06667455133914954,1.6418913611956958,1.2316129418025041,2.512280086104626,60.360149293100775,1,1
2026-04-16,Network,0.14446210603904286,20.258660460094056,0.25793999999999995,50.146841039968294,0.023590843400079088,-0.7427694622980574,0.30822008483515684,1.5758260929143038,51.555584388333195,1,1
2026-04-17,Network,1.013679619026208,22.427305670917434,0.786725,52.993644534226426,0.028776762901478195,1.2297289649385168,0.4899491673561328,1.6841425067317721,58.26816788959876,1,1
2026-04-18,Network,0.3740239302073559,21.671147172391713,0.5103714285714286,51.10904566866603,0.012497644533237262,0.17356227949834785,0.3510977518633548,1.3419851164620238,56.8048432597727,1,1
2026-04-19,Network,0.9674808862879185,23.788975470956608,0.7753375,55.402210648949975,0.01813530488587447,1.1498741803008001,0.6373699906955663,1.4486359434655054,62.81536758480174,1,1
2026-04-20,Network,0.8402586919785656,24.230268229092385,0.7026166666666667,54.44102924321327,0.015622718678766134,0.8426172017272822,0.5548524267713922,1.394484461685099,66.29752965269168,1,1
2026-04-21,Network,0.4804645945321895,23.95213256819479,0.6391125,52.11881191482053,0.008686008544185282,0.5827798250570727,0.378492361258421,1.2459363100012635,67.62223954918518,1,1
2026-04-22,Network,0.3315026073866272,24.682547932495233,0.5170444444444444,56.1300677444952,-0.0044172306944246995,0.10229267917953065,0.6578410744048244,0.951101158891134,65.5921592683837,1,1
2026-04-23,Network,-0.47677695200888026,20.9599829738901,0.09746205564767121,49.81945789544722,-0.03967523939441257,-1.4873922864190783,0.18430165647547916,0.11153200661133014,52.32182202171314,1,1
2026-04-24,Network,-0.3087851612950894,19.94992672917582,0.3201,48.96024280860871,-0.045895716092599806,-0.6056254905405887,0.11726215475042423,-0.21857444899354067,46.34877013742314,1,1
2026-04-25,Network,-0.28353288650597774,18.168782874264767,0.451628751607053,42.76843696173855,-0.039299712827759424,-0.08588882325833086,-0.35383926364775775,-0.2759341244893164,45.16746941699488,1,1
2026-04-26,Network,-0.6015972843609761,16.529558819181872,0.28275658406862725,40.32494224036432,-0.04409767448258718,-0.7446145313697674,-0.5343891010222513,-0.5721336466677427,39.47224373650097,1,1
2026-04-27,Network,-0.603340085709847,16.350362743764286,0.2777497431403647,43.048009965555124,-0.04522762568791189,-0.7477086423790313,-0.31396654187768347,-0.7971686870559459,33.56567829808878,1,1
2026-04-28,Network,-0.034414256699016404,17.050334153049988,0.5187333333333333,44.120548490664575,-0.028197687552112473,0.22661901161589196,-0.22460677344232421,-0.5889852737919202,34.82724201474218,1,1
2026-04-29,Network,-0.46320844837353925,16.46280514449895,0.3744285869811183,42.19181242961154,-0.025202153391304077,-0.36136682767134415,-0.37551243086594166,-0.6423591677477954,33.54135506253198,1,1
2026-04-30,Network,0.6771402953699096,22.144423034412018,0.7598066666666666,58.2362548039952,0.0027004187264902738,1.2022591756646628,0.9218233506864276,-0.06740425072415113,42.600296731030916,1,1
2026-05-01,Network,0.16832273088835847,19.413406558339105,0.5423888888888889,45.53369138231338,0.006276362586192826,0.29898720014835345,-0.12445029940788487,0.03689856898079436,44.71348423244119,1,1
2026-05-02,Network,0.6414395502808524,22.483334472738683,0.7150000000000001,53.887937571009225,0.01929381766311311,0.9957458208414579,0.5644514826940354,0.39927536962254506,50.42675191005264,1,1
2026-05-03,Network,,,,48.72523703829113,0.01543505413049049,,0.12724684720769644,0.3937151107860609,50.42675191005264,1,1
2026-05-04,Network,0.4258080098299585,22.143741269648338,0.5897,50.269919285392014,0.016200902453858905,0.46445257904754517,0.2559375902388612,0.4880249246491852,53.17351771651128,1,1
2026-05-05,Network,-1.009186552002544,17.19431336322978,-0.04565250423699618,40.238747557177305,-0.025506104875713035,-2.073642927331206,-0.601624722032264,-0.5275165597610653,38.29132711912909,1,1
2026-05-06,Network,0.2339585397321096,20.926756071713353,0.5489202012089391,52.35416494126041,-0.012334379379244757,0.3257772788765949,0.4479779640194079,-0.3071117920035462,40.93119132955035,1,1
2026-05-07,Network,0.25994834501534186,22.418217736672993,0.4638322517810441,58.18426156946927,-0.008802453578151282,-0.021671965792885863,0.9402108089785072,-0.2749435949282989,40.831510412135465,1,1
2026-05-08,Network,0.8525896154824119,24.41604172889273,0.8031333333333334,59.74762786040826,0.015605862220366893,1.3374300678405688,1.0523515606930276,0.34176690728649306,48.88731223782817,1,1
2026-05-09,Network,0.820403551639984,24.78020543933604,0.7556888888888889,57.07037300366154,0.02710280570161319,1.1148709886884807,0.8022116824229331,0.7342482797481669,55.34379296937485,1,1
2026-05-10,Network,1.0594469726055145,27.032267492490156,0.81314,61.2086009574578,0.03653687889804014,1.309587362352917,1.1386368456454712,1.1202188927847108,62.72054113249452,1,1
2026-05-11,Network,1.2329142181988175,28.881712785061836,0.88078125,62.189459529780585,0.044750471178564406,1.526938267981,1.193470062401136,1.4981004047868685,71.12737139496691,1,1
2026-05-12,Network,0.5828036818422179,27.452853489212607,0.6686666666666666,54.65129010851692,0.03381316048738002,0.6712708287322757,0.5266368730901045,1.4000464680277722,73.21482024577381,1,1
2026-05-13,Network,-0.024036928835195745,25.641248812928765,0.34977798952149847,51.606144424257366,0.004554646471884714,-0.5990186752041377,0.25531622458615283,0.7786064112770391,66.28185602194839,1,1
2026-05-14,Network,0.8965439571127389,27.483560221294518,0.8486,53.29708611877398,0.017520541607755173,1.3732142251989474,0.40133481227811835,1.130045533718977,73.9372187290553,1,1
2026-05-15,Network,0.35407386324674617,27.454931812780075,0.6067666666666667,52.89927813126401,0.008965358134306982,0.40199169348729324,0.3616677451932588,0.9747632131849227,74.65807981422516,1,1
2026-05-16,Network,-0.16869086102465858,25.01208667598093,0.3887980180132865,46.971154883819786,-0.011127789065110257,-0.471120572612862,-0.17369820383313375,0.4734294846562119,69.40496180566147,1,1
2026-05-17,Network,0.7210075587314712,27.48863660525506,0.79115,52.70851295662992,0.002213383525632995,1.1378607158005936,0.3473764333276191,0.7656631352486927,75.70370304717754,1,1
2026-05-18,Network,0.02902948276712697,26.274965350305315,0.5123800000000001,49.032919819865356,-0.007661484696037807,0.009122189882494382,0.008345153902770411,0.5015422450650163,74.45171431377089,1,1
2026-05-19,Network,-0.2762747085503686,26.443059611901177,0.28240343567878007,54.56619504731634,-0.028438715471813602,-0.9153485223752293,0.5175074722808264,-0.11303331577453389,67.25678387720146,1,1
2026-05-20,Network,0.23128225864812776,25.92625724258891,0.5927125,50.66192289995499,-0.020415574913289235,0.3510580409105611,0.15030056579144127,-0.047608879023684325,69.2841749187679,1,1
2026-05-21,Network,0.9140484635698471,29.197545531610885,0.9201250000000001,56.42614207029517,0.006376526689122412,1.6457644392252506,0.6864155658988773,0.583506468000334,80.00750361538874,1,1
2026-05-22,Network,,,,51.821741567452555,0.005101221351297928,,0.24689419313897104,0.577043516509325,80.61181803119862,1,1
2026-05-23,Network,,,,52.59892597251229,0.004080977081038339,,0.31839103179687733,0.5641519487403357,80.61181803119862,1,1
2026-03-24,Oil,,,-0.27374760078507415,,0.0,,,,0.09293823359630718,1,1
2026-03-25,Oil,,27.876224556930914,0.4599213905054415,100.0,0.04682104103962266,,,,14.600506741418993,1,1
2026-03-26,Oil,,13.536464032901945,-0.4078954893378966,45.81176796590014,0.018224365632971525,,,,10.504796891283815,1,1
2026-03-27,Oil,,13.25809480575698,-0.3990072784185541,46.110851539731186,-0.0002358546458168624,,,,7.637784139412995,1,1
2026-03-28,Oil,,16.755981017794777,-0.01622037571171118,56.46027157471094,0.01248685259965733,,,,11.914222116790883,1,1
2026-03-29,Oil,,17.043180572133092,-0.055113791905488915,55.37962489530205,0.017148356473528713,,,,14.835262361249999,1,1
2026-03-30,Oil,,13.73124054838706,-0.4898987053558388,45.61886533693879,-0.008791064543648003,,,,10.21924774205222,1,1
2026-03-31,Oil,,16.648829517696154,-0.06814120639611365,53.55893202951926,0.002131807203580017,,,,14.33330268298813,1,1
2026-04-01,Oil,,16.999488664545638,-0.10976005964269571,52.79821623730636,0.006010199842078394,,,,17.326886608532188,1,1
2026-04-02,Oil,,19.79547908688878,0.18573762407033526,57.122226542685944,0.026770229060499254,,,,26.19128482849026,1,1
2026-04-03,Oil,,19.1228456770167,-0.05450857615617828,53.16274644050743,0.022772128154902448,,,,27.940704923480574,1,1
2026-04-04,Oil,,19.025560683086034,-0.11549509701621569,52.243477793035694,0.014853729655756473,,,,28.391630893562308,1,1
2026-04-05,Oil,,20.793291549523744,0.11769935591527493,55.205217121092794,0.023633347940112168,,,,33.3547575095778,1,1
2026-04-06,Oil,,20.778575739332055,-0.03350861126465088,53.07105068803231,0.017833187954070136,,,,36.32719439094862,1,1
2026-04-07,Oil,,21.018500763985564,-0.0652485755869046,52.643854272266836,0.01078228277687223,,,,38.379358024172845,1,1
2026-04-08,Oil,,18.483606359667043,-0.08206367233902653,41.600346277593935,0.004244950022909637,,,,39.37961142539227,1,1
2026-04-09,Oil,,22.721911207068075,-0.05976209390325764,57.31151718093777,0.0008588720267108871,,,,40.81421770568587,1,1
2026-04-10,Oil,,23.28493441724913,-0.018377854678229076,57.88635447489829,0.0008412965544327827,,,,42.98590448335027,1,1
2026-04-11,Oil,,20.227846045343803,-0.16031151128083226,46.68353771662567,-0.00876488279200497,,,,41.87053309984951,1,1
2026-04-12,Oil,,21.683229707835608,-0.010545660943413776,50.97598672904181,-0.005241883479327546,0.34341450758400976,,0.08466636099271553,43.90064949150461,1,1
2026-04-13,Oil,0.5034757455670815,25.336327577964774,0.023872846273332835,63.64332317841707,-0.0010237014357883517,0.4922137741376575,0.7414855767961415,0.28017597383315895,46.97484954387049,1,1
2026-04-14,Oil,-0.18292559136962883,21.96522880500264,-0.06917394938178752,49.9667748257738,-0.004723121021858047,0.04055030784889097,-0.4024782866683273,0.024067631707756536,47.39186648586546,1,1
2026-04-15,Oil,0.1697544559974914,23.05672517399246,-0.012711842990319789,53.092676173119784,-0.0036391364354753583,0.3133569348156005,-0.12979409288567167,0.03271391490591099,48.89842191997384,1,1
2026-04-16,Oil,-0.2914160744248149,20.50266976115234,-0.02080695658884942,41.94191264952813,-0.0037254276812222348,0.2664133178083412,-1.0622421219628249,-0.02271109784002317,50.25956915532996,1,1
2026-04-17,Oil,1.0329578119406972,26.73891113228265,0.26281510734494384,61.974714380478225,0.014084498152011647,1.6028097233672547,0.6793524428939696,1.120574716679619,56.892676146538385,1,1
2026-04-18,Oil,1.342106548679122,28.95860619708834,0.302591850913683,66.0338414110769,0.02658406030246903,1.6626924258068299,0.9982895376418265,1.9672475152160356,63.38325977738966,1,1
2026-04-19,Oil,0.25385296178783967,24.412316275643967,0.04851873318186651,47.38870649945313,0.0162865395607507,0.43757837556038387,-0.642468154002063,1.5352763048215732,64.21432368264435,1,1
2026-04-20,Oil,0.3631816357489067,26.404894928324524,0.06760841225260296,54.23962033603241,0.009635553183982654,0.5184520388441802,-0.02535039694188503,1.2576313325568047,65.70803381440066,1,1
2026-04-21,Oil,0.1520822327686794,26.237138036249597,0.014975033346570004,53.30568747668236,0.0010196402214447259,0.2544967341924471,-0.1091261335397873,0.8154033847464391,66.52647728854204,1,1
2026-04-22,Oil,-0.0902186833300995,25.872291758609993,-0.03264499805929283,51.98592534287356,-0.008058574104432288,0.015614185547818578,-0.2284294013598033,0.2532547885228171,66.59508563641414,1,1
2026-04-23,Oil,-0.32981779324699556,25.239651663996376,-0.062184909755305245,49.90320052027704,-0.015778456850691833,-0.13286808607037345,-0.41835377685099917,-0.33680989406896183,66.66715979903503,1,1
2026-04-24,Oil,0.305647277248128,27.004407298892744,0.11106889717770525,54.678806953252625,-0.009264491013425205,0.7468085105274453,0.04193821221084602,-0.1171984530848326,70.24540231014531,1,1
2026-04-25,Oil,-0.33987300652622693,26.40319729881265,-0.0627477764078549,53.44696102629988,-0.01629860909021895,-0.15839184499631648,-0.0777826375214226,-0.687195666448166,69.36631538015894,1,1
2026-04-26,Oil,-0.578818485406418,24.83599376738516,-0.06124038976116783,47.99934819468625,-0.020229743839393792,-0.14818681285687546,-0.6085172590081706,-1.1253370789056416,68.77444954032339,1,1
2026-04-27,Oil,-0.6078690435357965,24.714379156479506,-0.03826387668643147,47.525445494637296,-0.020593695003039293,-0.02414766187727791,-0.6426643203474572,-1.3576297095772332,69.64433623613087,1,1
2026-04-28,Oil,-0.4812797650402627,25.925106047260613,-0.01894884137726078,52.12497426029439,-0.01888945544223667,0.08028679386792077,-0.17248689733372866,-1.4477690657489244,71.406421308749,1,1
2026-04-29,Oil,-0.5986551973111249,25.24243228663069,-0.030405554061732246,49.22175923602081,-0.017898981235405502,0.016551240834917786,-0.4640877599216435,-1.5490008098839496,73.24702078483912,1,1
2026-04-30,Oil,-0.12523071965685834,26.468145252457894,0.04595307448196828,52.770034547725906,-0.011762838295753909,0.43894731190655983,-0.09263746617116736,-1.336300360090423,76.23391669841278,1,1
2026-05-01,Oil,-0.9041991616390382,22.159350066577097,-0.025631913050257804,35.47601897254587,-0.012137762701781095,0.03160540275733554,-1.8092877114850834,-1.4440716723472833,77.45819969601128,1,1
2026-05-02,Oil,-0.9527161187533206,21.451981768652836,-0.024539866494737567,32.86044335479143,-0.011908300877755544,0.03743152208250544,-1.9433000439406474,-1.5113832122134767,77.73906387343285,1,1
2026-05-03,Oil,-0.7291562501428069,24.08347032989314,-0.039981846176801866,43.81708710658255,-0.01234007174310366,-0.05205790185904155,-0.8484289813635976,-1.6043198214563306,77.75949100052296,1,1
2026-05-04,Oil,,,,42.27743988746971,-0.009872057394482929,,-0.97606345080041,-1.5380087785676406,78.73132790666212,1,1
2026-05-05,Oil,-0.8173785802561877,24.333290149032486,-0.09099253306165336,45.732921097994904,-0.014579489015432247,-0.34888329291718284,-0.6249225344693915,-1.8225909135048166,78.54518748656884,1,1
2026-05-06,Oil,-0.47601211021875844,26.41817810321998,-0.028554558737217798,54.18204769802002,-0.011823469663401845,0.023882407298733282,0.21166651424758212,-1.7442939046555679,79.46755800327226,1,1
2026-05-07,Oil,-0.010591689537395726,27.97447785060966,0.01611674806743679,59.594141587401545,-0.006728997083243978,0.2904351984034688,0.742061663487903,-1.5343155490453873,81.21691835150122,1,1
2026-05-08,Oil,-0.41167799331237676,24.150119213008537,-0.002660598337113855,43.96280415176563,-0.004469696068631594,0.17368182542368207,-0.8208740187590651,-1.4347128957978421,82.05740079711543,1,1
2026-05-09,Oil,-0.7355140224402328,25.246250357271386,-0.11501056473900874,49.86329871350226,-0.010067260621467873,-0.5136312713849608,-0.22034362527916193,-1.7021091869365352,80.69385788512284,1,1
2026-05-10,Oil,-0.46363552190163204,26.647668913222912,-0.05255113781365965,55.75230454171652,-0.00911705029692261,-0.12306347451713591,0.3783222334288593,-1.6846565307149501,80.7885429463713,1,1
2026-05-11,Oil,-0.5038891027549022,26.158427226358633,-0.05140335895472765,53.80926608695852,-0.008004619668667654,-0.11462936043103701,0.17551976096980992,-1.6531654497566093,81.25715868326691,1,1
2026-05-12,Oil,-0.5624320893278361,25.594783321809274,-0.05501749477285978,51.55196019784795,-0.007134478071110878,-0.1362314401946087,-0.059740169791887614,-1.6261450681178378,82.01096186591201,1,1
2026-05-13,Oil,-0.5556415801630933,25.73130430775712,-0.06137644133155958,52.10371929425825,-0.006620719294865987,-0.17533914235960169,-0.0014638426575336021,-1.6102389387443292,82.44673646645504,1,1
2026-05-14,Oil,,,,42.95901799378849,-0.00529657543589279,,-0.9585402020798293,-1.5559111213590044,83.02683426896246,1,1
2026-05-15,Oil,-0.21810773614367626,26.086020068907793,-0.022056583331856464,52.32467129160643,-0.002028060282063613,0.07936957178621755,0.04090203757104466,-1.409681068322536,84.95183551826467,1,1
2026-05-16,Oil,-0.02740789044396036,27.104966975607603,0.005048710769389334,55.824433067555894,0.0015695069800839468,0.2546655664645953,0.4136487375107002,-1.2304749566469235,86.15507844456229,1,1
2026-05-17,Oil,-0.18313336013257733,26.26615427404654,-0.032463136218051455,52.551514695902114,0.0013765877793783612,0.0061210945361326,0.057400968274122825,-1.197340213345447,86.50355457537762,1,1
2026-05-18,Oil,-1.5643337019610455,20.316340785293825,-0.2783387754455947,31.788319057686408,-0.014482449725989636,-1.5839171054480607,-2.106732843666175,-1.842109577665588,83.2724081136736,1,1
2026-05-19,Oil,-0.8548248935535375,23.90216984859271,-0.1139418080157824,46.042417173585825,-0.0131137020120454,-0.49522973180646856,-0.588446721381278,-1.8358133035494832,84.05639235353857,1,1
2026-05-20,Oil,1.3147410947559772,31.18751756370051,0.4490205720193676,67.0231784602858,0.02444673799329861,2.942596534026452,1.5965319380161231,-0.28615224962542424,95.08768374387053,1,1
2026-05-21,Oil,-0.29901453766576686,26.22316667784174,-0.023623345134244897,47.69531882146298,0.016576755664131776,0.04229419136357775,-0.43024875169019183,-0.4150721112439154,95.30406680646584,1,1
2026-05-22,Oil,-0.3729824019604334,26.14916218672719,-0.042519861509852305,47.692005247067016,0.009563739529153827,-0.07405483109749976,-0.4263171319645279,-0.5748978460591301,95.23144469227688,1,1
2026-05-23,Oil,,,,51.03466647112548,0.007650991623323061,,-0.06939652312129142,-0.5861009836216322,95.23144469227688,1,1
2026-03-24,Oil & Gas,,,0.0582172034241612,,0.0,,,,25.84832911783075,5,5
2026-03-25,Oil & Gas,,29.33080193302912,0.09004577487836334,100.0,0.002031225072860765,,,,28.918171014131822,5,5
2026-03-26,Oil & Gas,,30.057212492473006,0.14781977172063637,100.0,0.006880249357468622,,,,32.43781282152655,5,5
2026-03-27,Oil & Gas,,16.633969121343558,0.03640183738018323,44.57384551381318,0.0024281064676278602,,,,34.29673850976584,5,5
2026-03-28,Oil & Gas,,9.237549964551324,-0.21957907342771588,19.606628264245543,-0.01685164470497792,,,,28.39085765071483,5,5
2026-03-29,Oil & Gas,,15.627332124794972,-0.0024384688196286116,45.5012689745272,-0.014182458953225514,,,,27.801526612896936,5,5
2026-03-30,Oil & Gas,,15.23099108134952,-0.04190122528292434,42.98502250247968,-0.014239530225147873,,,,28.79971206307827,5,5
2026-03-31,Oil & Gas,,17.51406180453064,0.06341566081702488,50.31739650096398,-0.006730421486267587,,,,31.211305460951344,5,5
2026-04-01,Oil & Gas,,16.588244310552952,-0.009003687692294487,46.22922706190709,-0.006199988862707591,,,,31.795826396307206,5,5
2026-04-02,Oil & Gas,,18.841546075979526,0.11559864363502119,52.8240472635652,0.002516132973920294,,,,34.587445782749604,5,5
2026-04-03,Oil & Gas,,17.939628831819398,0.04340102156651533,49.3191974951795,0.0033409246756064114,,,,34.43862559220909,5,5
2026-04-04,Oil & Gas,,17.31284693358645,0.0013760161713906732,47.48527256764053,0.0010942778495006324,,,,33.497059612515635,5,5
2026-04-05,Oil & Gas,,18.309504127009532,0.0784191990486349,50.83672309852821,0.004636445326835284,,,,34.117587536984495,5,5
2026-04-06,Oil & Gas,,17.85602319526013,0.006108756832200473,47.963749563639965,0.002079276356346759,,,,35.103467423232765,5,5
2026-04-07,Oil & Gas,,18.576979164398832,0.04281681364755667,49.41498000825896,0.002785779316806728,,,,36.34868472532995,5,5
2026-04-08,Oil & Gas,,17.57859255603065,-0.027599665871091278,45.6582488271435,-0.0013419344378299732,,,,35.32657563818957,5,5
2026-04-09,Oil & Gas,,19.63265746431098,0.17623301613820602,50.94655646697283,0.009221739333289129,,,,38.15119970468724,5,5
2026-04-10,Oil & Gas,,19.849274067989533,0.07044555002258639,51.13840007948624,0.008659672217835332,,,,38.629766279474154,5,5
2026-04-11,Oil & Gas,,22.052910028494026,0.035494758597940754,60.00906837463638,0.005654564689794249,,,,38.43208096101527,5,5
2026-04-12,Oil & Gas,,19.601898064619153,0.013600051861611312,50.74323447427455,0.0020960603897110007,-0.24862862655671367,,0.6602953203244503,37.68605281951526,5,5
2026-04-13,Oil & Gas,1.3671014523177636,22.97121565908769,0.24275946998496237,61.21891222578212,0.01439415078426403,2.165157150054191,0.4404641901263467,2.02339438784343,41.730502295682285,5,5
2026-04-14,Oil & Gas,0.08188287483806708,19.644773639013692,0.01578783462345177,48.287162139719236,0.006844135910645793,-0.2985625809301368,-0.27533635567298514,1.3634785444998003,41.08092884146985,5,5
2026-04-15,Oil & Gas,-0.13012113416497528,19.835127418104314,-0.008509286929187936,50.01841759386438,0.0001681122486147128,-0.553024096084597,-0.17226874573285395,0.7180667226144201,39.43151473922508,5,5
2026-04-16,Oil & Gas,1.0838756785427246,21.106744850280784,0.2159680090301137,53.480040245059094,0.010265676519344714,1.7975754613872035,0.0299468813319326,1.7433996858140957,41.83518328563743,5,5
2026-04-17,Oil & Gas,0.24672419680138621,19.999808145851603,0.058558074747137666,50.49620931710455,0.005952721314244264,0.11368623881911684,-0.1459521917479324,1.397555402321153,40.82081471132309,5,5
2026-04-18,Oil & Gas,1.2936952389593528,22.17120680475804,0.2444519482380991,57.272700928257834,0.014728903454374453,1.9318017842378548,0.26382004821629634,2.1878154033341994,43.13032055051765,5,5
2026-04-19,Oil & Gas,1.0115350051190226,21.344027764730725,0.17777874477253253,52.99134623000328,0.015097230375081901,1.191714074581647,-0.0037860895036544487,2.2182121666759778,44.743735971977124,5,5
2026-04-20,Oil & Gas,1.4511916640195583,23.088350147549875,0.2868990473052725,58.27024781166929,0.021360689450911786,2.064804047948379,0.32638542470009496,2.59597492126466,47.85687170792649,5,5
2026-04-21,Oil & Gas,1.0815643462831754,22.23579210162737,0.20314301445470742,54.59481939282255,0.018633159817296976,1.2174863215309375,0.08618346869749209,2.3783180264698003,49.30574055911198,5,5
2026-04-22,Oil & Gas,1.125639781097601,23.071700426914166,0.2216638389454649,57.3626997081384,0.016897835613233332,1.324620513949871,0.264458741927206,2.2475601118436552,51.07202390612582,5,5
2026-04-23,Oil & Gas,0.5890130132142624,21.20825406818623,0.17466921536852925,49.94909195232731,0.011655818687372303,0.8661575087995217,-0.23038624931946594,1.9479805165186965,52.52954954694685,5,5
2026-04-24,Oil & Gas,1.3712424574870212,23.791566129250455,0.33172987012667005,58.2310844136263,0.017486435073181462,2.10797098705218,0.3303350086921493,2.2209887467316767,56.51440673649688,5,5
2026-04-25,Oil & Gas,-0.4704273404623529,20.050571127413264,-0.10383841982161184,46.4952881472801,-0.007908536923954865,-1.580206135965366,-0.47559332057741116,0.9010801643776886,52.943016882678194,5,5
2026-04-26,Oil & Gas,0.8262741344015102,22.82319260445312,0.24916650215835237,55.07925361526956,-0.001200931094221723,1.3450631837576592,0.1262513260403302,1.1622064418340488,55.62068157265503,5,5
2026-04-27,Oil & Gas,0.23918367457954423,20.708132763333985,0.1600890858947181,48.1028687206275,-0.002933600071146819,0.5904865510056032,-0.366058341313617,1.0151956060229548,55.55085361079449,5,5
2026-04-28,Oil & Gas,0.3495810117036049,21.89916930409973,0.17204934140748987,53.97851953019258,-0.0034109659724051583,0.6772161609704909,0.05850814000118443,0.9276885566063897,56.49875229499734,5,5
2026-04-29,Oil & Gas,0.7319921162798483,22.355820641647924,0.22431977658118588,55.844724840084886,-0.0004962321402946987,1.0872000862789735,0.19288329859812942,1.029328792667681,58.70914365030906,5,5
2026-04-30,Oil & Gas,-0.10561738148073704,19.817737144891357,0.08492422464962386,46.56360859068427,-0.007838735591988305,-0.09104115120629856,-0.49043120634915804,0.5809319368136444,58.26390319445206,5,5
2026-05-01,Oil & Gas,0.6421362812103467,22.033328894773973,0.22732777197221918,54.46079460738871,-0.0032237442492631524,1.0978150203275485,0.10298032931772441,0.7466631490184406,59.92084108962082,5,5
2026-05-02,Oil & Gas,0.7644255460971168,21.65414629835303,0.2790264286092805,50.98362411342858,0.002862821048189721,1.476680649764403,-0.16037691335993032,1.0433414098073137,62.668024222182524,5,5
2026-05-03,Oil & Gas,0.3947465139080363,21.910503190977447,0.21637612924468377,51.10059266655782,0.0022486644006034714,0.9280730149376574,-0.14943222953375676,1.0147514634596875,64.07844524762349,5,5
2026-05-04,Oil & Gas,0.30735824565244096,21.18904887566489,0.21425894244790106,47.7940769896674,0.0013247768253976805,0.890649261086699,-0.40269973313451385,0.9635906797877818,64.97113312011071,5,5
2026-05-05,Oil & Gas,-0.3336563772101835,20.15759316825085,0.04573818706574606,45.45399492501033,-0.010367318813811446,-0.5240670295334737,-0.578638037508431,0.2786065342449304,63.03173352791674,5,5
2026-05-06,Oil & Gas,-0.3438879015367931,19.956105631977543,0.07834646497405888,45.89426348250287,-0.015336585431829027,-0.24348277261893883,-0.5354157688247737,-0.1444351449892821,61.69393602168924,5,5
2026-05-07,Oil & Gas,-0.35915001339216623,20.067810337901502,0.08818489404639009,47.46851646867955,-0.017249779272487185,-0.15699760710640914,-0.4033548597935544,-0.4423578097839077,60.616045108327796,5,5
2026-05-08,Oil & Gas,-0.5942239195612422,18.33511962658035,0.0700845332552537,41.66317427608848,-0.01889086568248017,-0.3108908389480588,-0.8582582950901111,-0.7430228552849419,59.50667246669766,5,5
2026-05-09,Oil & Gas,1.3035556664951604,25.82406011725655,0.4307870809965718,67.88824528077767,0.0039420008088464735,2.6089189886340316,1.2435156656641604,0.4304768672782285,64.14754522237305,5,5
2026-05-10,Oil & Gas,-0.441523877216779,19.34223398357174,0.05828025469125253,43.695340403785515,-0.005882963709632719,-0.437567575496129,-0.704245210582727,-0.13225092551067927,62.549469976601145,5,5
2026-05-11,Oil & Gas,0.3546622666866983,21.593852051710904,0.21557630146068396,51.75362798235495,-0.0018379930348787158,0.8471747867475865,-0.04761828057381087,0.04822341425708667,64.06063448138875,5,5
2026-05-12,Oil & Gas,-0.28015302413028187,20.484826225303493,0.10374321694764849,47.96942688190268,-0.006482662998881204,-0.0788834354986997,-0.3549817851724346,-0.268464054464764,63.5606061158696,5,5
2026-05-13,Oil & Gas,-0.19733880707388538,20.372382921009716,0.1465672289194621,47.67555297380352,-0.006445720203707199,0.2767704622422872,-0.37510565003571583,-0.3457443380482691,63.58549140102273,5,5
2026-05-14,Oil & Gas,0.42864051032328887,22.4397028227513,0.23179692886751774,54.53778675160169,-0.0007554467919565558,0.9781550392631719,0.19793138376939176,-0.05935595427754708,65.42714253529678,5,5
2026-05-15,Oil & Gas,0.3389104750941399,21.4024498879768,0.2207612192673023,49.77919566275687,0.002038219464303952,0.8701096179197646,-0.20269764581663216,0.1128867162405396,66.64544117689923,5,5
2026-05-16,Oil & Gas,1.0687920496568433,23.170593934543415,0.4035967182637248,53.84927961896142,0.015237661970337123,2.274755830028627,0.1436025130624865,0.9950551463310867,70.67652569321606,5,5
2026-05-17,Oil & Gas,-0.4280261530046826,20.63339162012776,0.03547145530626552,45.29769319325744,-0.0009284515478582833,-0.7036133612279741,-0.5865048670755387,0.12529557909244127,68.61313335527197,5,5
2026-05-18,Oil & Gas,1.1176651309927021,23.797488107425988,0.42419107426077635,54.5436390975532,0.013649316072040073,2.319676113369617,0.21378955756943802,1.0660635917026666,73.28801167257981,5,5
2026-05-19,Oil & Gas,1.6465730689537303,26.325305079979206,0.5175758931428105,60.55546354953415,0.027853875577104843,2.799090989964698,0.7299951800348478,2.0889206964626994,78.69573959595891,5,5
2026-05-20,Oil & Gas,1.1393447434524684,25.446680332165872,0.34300023256937134,55.566952544610935,0.023915792573847974,1.4822176267358083,0.2886526225376382,2.0892488531331828,81.37090092783643,5,5
2026-05-21,Oil & Gas,1.415250455522053,26.41611947575529,0.4369201193173737,57.084977835962306,0.025892943192728973,2.0606230287099403,0.41896930777851915,2.3659047252909393,84.93062107213716,5,5
2026-05-22,Oil & Gas,,,,57.50792645852371,0.020714354554183176,,0.4521056647711462,2.242449895963599,85.02971967455024,5,5
2026-05-23,Oil & Gas,,,,50.1472669448155,0.01657148364334654,,-0.20794058812994587,2.1164895797468217,85.02971967455024,5,5
2026-03-24,Payments,,,0.53065208293017,,0.0,,,,75.92681887080832,1,1
2026-03-25,Payments,,8.321388123752794,0.32689289609486655,0.0,-0.013003435285215924,,,,69.27806463902652,1,1
2026-03-26,Payments,,18.91674519893441,0.48068299552397803,43.012279799484936,-0.010627912715584217,,,,67.54137803891437,1,1
2026-03-27,Payments,,10.917827820722037,0.06799873204492242,19.966684063597583,-0.03486453341143742,,,,54.24115393371231,1,1
2026-03-28,Payments,,12.901984925870906,0.20638932986804284,32.156386998378636,-0.039262832676250976,,,,47.25902970603909,1,1
2026-03-29,Payments,,12.001422374233455,0.21111575658291576,32.5074656246516,-0.03943693748346475,,,,40.9704869347399,1,1
2026-03-30,Payments,,16.9837867157042,0.5485285991286362,50.71462420302529,-0.01563311757921848,,,,43.08797474542914,1,1
2026-03-31,Payments,,15.074074564675904,0.3864351821498511,44.896266297844704,-0.009889926076688746,,,,40.354952758060165,1,1
2026-04-01,Payments,,13.172682287164971,0.26203910624459387,41.26321456317701,-0.013339556771070162,,,,34.04065648742788,1,1
2026-04-02,Payments,,12.175115502655446,0.24947684110651414,40.92874923453386,-0.015202858895486206,,,,27.95302658641474,1,1
2026-04-03,Payments,,15.910301981831319,0.6037375200338475,51.919183969449435,0.007470230087400394,,,,32.89110362257897,1,1
2026-04-04,Payments,,14.916668332731494,0.4400809351411249,47.80989198371986,0.011264396884196747,,,,32.70140503803591,1,1
2026-04-05,Payments,,14.667524120962131,0.4078082180991556,47.07515325624513,0.011385662177712794,,,,31.544001422021996,1,1
2026-04-06,Payments,,14.315551425690913,0.39514519165464573,46.79299162026362,0.010423961452763114,,,,29.08238571828566,1,1
2026-04-07,Payments,,15.112629012155175,0.49391239114997904,49.169324772384726,0.015921350930568172,,,,29.38694666065327,1,1
2026-04-08,Payments,,12.80581693906176,0.12697785757287094,45.79057240558143,-0.004577293846192904,,,,20.250836021765497,1,1
2026-04-09,Payments,,10.504264433241262,0.11040546080406756,41.72524606849847,-0.017925450795401796,,,,11.39283170587003,1,1
2026-04-10,Payments,,14.648813141935804,0.39338730083086954,57.719078133049806,-0.006934380750921711,,,,10.614612660296142,1,1
2026-04-11,Payments,,18.682515278018496,0.9062,64.09707683920873,0.033418948550487194,,,,24.16260363666191,1,1
2026-04-12,Payments,,20.837645611863692,0.92078,64.23904187613275,0.05818836946770672,2.2395211469020957,,2.7182965704613666,36.5243896121943,1,1
2026-04-13,Payments,1.2708457724214368,19.087186435371027,0.7071999999999999,53.35013641057466,0.0571983833052319,1.2325757455761537,0.6556918542315086,2.5432764968973203,41.63874999669349,1,1
2026-04-14,Payments,1.5649834556956759,22.681344504343205,0.8888999999999999,60.52176564850652,0.0652102760066107,1.7976400334648948,1.084522193852312,2.6085178040913055,51.41539184188557,1,1
2026-04-15,Payments,1.530353956652224,25.10763864595435,0.8885,63.83683203466334,0.06667455133914954,1.6418913611956958,1.2316129418025041,2.512280086104626,60.360149293100775,1,1
2026-04-16,Payments,0.14446210603904286,20.258660460094056,0.25793999999999995,50.146841039968294,0.023590843400079088,-0.7427694622980574,0.30822008483515684,1.5758260929143038,51.555584388333195,1,1
2026-04-17,Payments,1.013679619026208,22.427305670917434,0.786725,52.993644534226426,0.028776762901478195,1.2297289649385168,0.4899491673561328,1.6841425067317721,58.26816788959876,1,1
2026-04-18,Payments,0.3740239302073559,21.671147172391713,0.5103714285714286,51.10904566866603,0.012497644533237262,0.17356227949834785,0.3510977518633548,1.3419851164620238,56.8048432597727,1,1
2026-04-19,Payments,0.9674808862879185,23.788975470956608,0.7753375,55.402210648949975,0.01813530488587447,1.1498741803008001,0.6373699906955663,1.4486359434655054,62.81536758480174,1,1
2026-04-20,Payments,0.8402586919785656,24.230268229092385,0.7026166666666667,54.44102924321327,0.015622718678766134,0.8426172017272822,0.5548524267713922,1.394484461685099,66.29752965269168,1,1
2026-04-21,Payments,0.4804645945321895,23.95213256819479,0.6391125,52.11881191482053,0.008686008544185282,0.5827798250570727,0.378492361258421,1.2459363100012635,67.62223954918518,1,1
2026-04-22,Payments,0.3315026073866272,24.682547932495233,0.5170444444444444,56.1300677444952,-0.0044172306944246995,0.10229267917953065,0.6578410744048244,0.951101158891134,65.5921592683837,1,1
2026-04-23,Payments,-0.47677695200888026,20.9599829738901,0.09746205564767121,49.81945789544722,-0.03967523939441257,-1.4873922864190783,0.18430165647547916,0.11153200661133014,52.32182202171314,1,1
2026-04-24,Payments,-0.3087851612950894,19.94992672917582,0.3201,48.96024280860871,-0.045895716092599806,-0.6056254905405887,0.11726215475042423,-0.21857444899354067,46.34877013742314,1,1
2026-04-25,Payments,-0.28353288650597774,18.168782874264767,0.451628751607053,42.76843696173855,-0.039299712827759424,-0.08588882325833086,-0.35383926364775775,-0.2759341244893164,45.16746941699488,1,1
2026-04-26,Payments,-0.6015972843609761,16.529558819181872,0.28275658406862725,40.32494224036432,-0.04409767448258718,-0.7446145313697674,-0.5343891010222513,-0.5721336466677427,39.47224373650097,1,1
2026-04-27,Payments,-0.603340085709847,16.350362743764286,0.2777497431403647,43.048009965555124,-0.04522762568791189,-0.7477086423790313,-0.31396654187768347,-0.7971686870559459,33.56567829808878,1,1
2026-04-28,Payments,-0.034414256699016404,17.050334153049988,0.5187333333333333,44.120548490664575,-0.028197687552112473,0.22661901161589196,-0.22460677344232421,-0.5889852737919202,34.82724201474218,1,1
2026-04-29,Payments,-0.46320844837353925,16.46280514449895,0.3744285869811183,42.19181242961154,-0.025202153391304077,-0.36136682767134415,-0.37551243086594166,-0.6423591677477954,33.54135506253198,1,1
2026-04-30,Payments,0.6771402953699096,22.144423034412018,0.7598066666666666,58.2362548039952,0.0027004187264902738,1.2022591756646628,0.9218233506864276,-0.06740425072415113,42.600296731030916,1,1
2026-05-01,Payments,0.16832273088835847,19.413406558339105,0.5423888888888889,45.53369138231338,0.006276362586192826,0.29898720014835345,-0.12445029940788487,0.03689856898079436,44.71348423244119,1,1
2026-05-02,Payments,0.6414395502808524,22.483334472738683,0.7150000000000001,53.887937571009225,0.01929381766311311,0.9957458208414579,0.5644514826940354,0.39927536962254506,50.42675191005264,1,1
2026-05-03,Payments,,,,48.72523703829113,0.01543505413049049,,0.12724684720769644,0.3937151107860609,50.42675191005264,1,1
2026-05-04,Payments,0.4258080098299585,22.143741269648338,0.5897,50.269919285392014,0.016200902453858905,0.46445257904754517,0.2559375902388612,0.4880249246491852,53.17351771651128,1,1
2026-05-05,Payments,-1.009186552002544,17.19431336322978,-0.04565250423699618,40.238747557177305,-0.025506104875713035,-2.073642927331206,-0.601624722032264,-0.5275165597610653,38.29132711912909,1,1
2026-05-06,Payments,0.2339585397321096,20.926756071713353,0.5489202012089391,52.35416494126041,-0.012334379379244757,0.3257772788765949,0.4479779640194079,-0.3071117920035462,40.93119132955035,1,1
2026-05-07,Payments,0.25994834501534186,22.418217736672993,0.4638322517810441,58.18426156946927,-0.008802453578151282,-0.021671965792885863,0.9402108089785072,-0.2749435949282989,40.831510412135465,1,1
2026-05-08,Payments,0.8525896154824119,24.41604172889273,0.8031333333333334,59.74762786040826,0.015605862220366893,1.3374300678405688,1.0523515606930276,0.34176690728649306,48.88731223782817,1,1
2026-05-09,Payments,0.820403551639984,24.78020543933604,0.7556888888888889,57.07037300366154,0.02710280570161319,1.1148709886884807,0.8022116824229331,0.7342482797481669,55.34379296937485,1,1
2026-05-10,Payments,1.0594469726055145,27.032267492490156,0.81314,61.2086009574578,0.03653687889804014,1.309587362352917,1.1386368456454712,1.1202188927847108,62.72054113249452,1,1
2026-05-11,Payments,1.2329142181988175,28.881712785061836,0.88078125,62.189459529780585,0.044750471178564406,1.526938267981,1.193470062401136,1.4981004047868685,71.12737139496691,1,1
2026-05-12,Payments,0.5828036818422179,27.452853489212607,0.6686666666666666,54.65129010851692,0.03381316048738002,0.6712708287322757,0.5266368730901045,1.4000464680277722,73.21482024577381,1,1
2026-05-13,Payments,-0.024036928835195745,25.641248812928765,0.34977798952149847,51.606144424257366,0.004554646471884714,-0.5990186752041377,0.25531622458615283,0.7786064112770391,66.28185602194839,1,1
2026-05-14,Payments,0.8965439571127389,27.483560221294518,0.8486,53.29708611877398,0.017520541607755173,1.3732142251989474,0.40133481227811835,1.130045533718977,73.9372187290553,1,1
2026-05-15,Payments,0.35407386324674617,27.454931812780075,0.6067666666666667,52.89927813126401,0.008965358134306982,0.40199169348729324,0.3616677451932588,0.9747632131849227,74.65807981422516,1,1
2026-05-16,Payments,-0.16869086102465858,25.01208667598093,0.3887980180132865,46.971154883819786,-0.011127789065110257,-0.471120572612862,-0.17369820383313375,0.4734294846562119,69.40496180566147,1,1
2026-05-17,Payments,0.7210075587314712,27.48863660525506,0.79115,52.70851295662992,0.002213383525632995,1.1378607158005936,0.3473764333276191,0.7656631352486927,75.70370304717754,1,1
2026-05-18,Payments,0.02902948276712697,26.274965350305315,0.5123800000000001,49.032919819865356,-0.007661484696037807,0.009122189882494382,0.008345153902770411,0.5015422450650163,74.45171431377089,1,1
2026-05-19,Payments,-0.2762747085503686,26.443059611901177,0.28240343567878007,54.56619504731634,-0.028438715471813602,-0.9153485223752293,0.5175074722808264,-0.11303331577453389,67.25678387720146,1,1
2026-05-20,Payments,0.23128225864812776,25.92625724258891,0.5927125,50.66192289995499,-0.020415574913289235,0.3510580409105611,0.15030056579144127,-0.047608879023684325,69.2841749187679,1,1
2026-05-21,Payments,0.9140484635698471,29.197545531610885,0.9201250000000001,56.42614207029517,0.006376526689122412,1.6457644392252506,0.6864155658988773,0.583506468000334,80.00750361538874,1,1
2026-05-22,Payments,,,,51.821741567452555,0.005101221351297928,,0.24689419313897104,0.577043516509325,80.61181803119862,1,1
2026-05-23,Payments,,,,52.59892597251229,0.004080977081038339,,0.31839103179687733,0.5641519487403357,80.61181803119862,1,1
2026-03-24,Rates,,,-0.24241802407275473,,0.0,,,,59.03942758055594,2,2
2026-03-25,Rates,,34.7008698381314,0.45783816311194503,100.0,0.04468871393999223,,,,61.09056945332507,2,2
2026-03-26,Rates,,31.12321986078825,0.34836458051243796,86.48023245722067,0.06326787493407054,,,,62.25543407717843,2,2
2026-03-27,Rates,,19.89251844226065,-0.29214088548308437,48.28569668617948,0.030474709152051666,,,,55.02612792673949,2,2
2026-03-28,Rates,,25.370728807177528,0.5124114026151697,66.73837154708266,0.05935218805386961,,,,59.80109605372604,2,2
2026-03-29,Rates,,27.233208354682517,0.6901115450588055,69.16822810743624,0.08523031198572774,,,,67.75018720552796,2,2
2026-03-30,Rates,,19.567161516697418,-0.4897130645287653,46.577053400044605,0.02104360894087655,,,,59.34219538771616,2,2
2026-03-31,Rates,,22.056202835634025,0.1725761155370471,54.854185166546074,0.02128222613030545,,,,62.0273648422304,2,2
2026-04-01,Rates,,24.732631082812944,0.7310900080234641,60.07122696136486,0.05521767429572698,,,,70.69888634490182,2,2
2026-04-02,Rates,,22.568859209649315,0.14033208834489602,53.52838362453948,0.03502499663933195,,,,69.81733141649026,2,2
2026-04-03,Rates,,23.279774159880617,0.3231809305926164,55.04393604257176,0.03125433909095804,,,,71.1757520909262,2,2
2026-04-04,Rates,,22.385376853480185,0.09222012292593718,52.86618981962642,0.011494749614662222,,,,69.49580155865372,2,2
2026-04-05,Rates,,22.651470292261457,0.2044762570982527,53.755452595802325,0.004626542245838694,,,,69.4088462170337,2,2
2026-04-06,Rates,,22.598875442389087,0.22735063219264462,53.93255759602806,0.00048376633595560714,,,,69.1650669656544,2,2
2026-04-07,Rates,,21.54616892276107,0.023007493466621426,52.148444148220996,-0.016235184288848598,,,,66.76000063093156,2,2
2026-04-08,Rates,,19.467239007683883,0.016783336074869818,45.9780703126398,-0.027279708749742476,,,,64.7571937551455,2,2
2026-04-09,Rates,,19.661947179448827,0.10046245461519468,47.728723362727315,-0.028389047586650576,,,,63.62508282868644,2,2
2026-04-10,Rates,,19.501908359252862,-0.19449218696169557,50.95513414985464,-0.047311868807263256,,,,58.770098701346,2,2
2026-04-11,Rates,,17.88013317026549,0.047326197828565335,44.888101023743936,-0.042044436262308256,,,,57.82786165172767,2,2
2026-04-12,Rates,,17.47826851374704,0.1042642037825659,43.38516402676459,-0.033593954906312416,-0.14171269469893355,,-1.3161285677952914,57.61504029579273,2,2
2026-04-13,Rates,-0.00752568446914316,22.11883438059407,0.2408243492993371,60.790743997250566,-0.018433522064248836,0.28691975283165577,0.24191661589208352,-1.0205438780970437,58.98374326612684,2,2
2026-04-14,Rates,-1.3594261171965343,15.719351969463311,-0.4355669240063677,41.054406879313774,-0.051700803186091625,-1.734765075780532,-1.0875697147529315,-1.8499396703292208,51.921017921536944,2,2
2026-04-15,Rates,-0.5394930767441741,15.998227890471387,0.12727840057710807,41.12942448315393,-0.03437469018870641,0.0030003043997400853,-1.0302250435456177,-1.5348406048908505,52.553271940400485,2,2
2026-04-16,Rates,-0.08401738654028876,19.224545677094476,0.28319197398955004,52.40617638555154,-0.012136968208420681,0.48316691630832254,-0.23721645204027164,-1.0863347856621428,54.40518410756185,2,2
2026-04-17,Rates,-0.05514263122642071,18.872227806559728,0.28564131399600634,49.32681473312026,0.002247450746433427,0.4791315428691542,-0.4458316213116913,-0.7556752676935616,56.4678922336949,2,2
2026-04-18,Rates,-0.15760039578848947,19.287068902151983,0.14470242945411138,50.97254779413153,0.0017996925934685368,0.01835852766702128,-0.31922142852606555,-0.733211253826479,56.3870034727881,2,2
2026-04-19,Rates,0.022852983450851197,19.70855352242821,0.2690021462142468,51.1904134927028,0.009001691424506672,0.4234949856886633,-0.29689188175305836,-0.5236711359447987,57.810593747305646,2,2
2026-04-20,Rates,-0.6328946294165698,17.959698335572337,-0.012862963630631568,45.95493884096256,-0.005320137981213981,-0.5195334478155406,-0.6733114566500382,-0.8285661780771831,55.619267204232344,2,2
2026-04-21,Rates,0.10857440536838539,21.627082983593123,0.29319183462224896,54.3990602756833,0.005149888740567057,0.52010834625266,-0.028959275232498947,-0.5655761183599206,61.23798669114266,2,2
2026-04-22,Rates,-0.017027126436071308,21.346743082197975,0.19584241644642314,52.83136955999825,0.004854062178513682,0.17828126374166914,-0.14817846698285714,-0.5342346308444611,61.50607793507574,2,2
2026-04-23,Rates,0.0917750200877474,21.64965990741935,0.26951292972031515,52.681596449376435,0.008728944166400694,0.4307684237854122,-0.15735873160214603,-0.3948861438011539,62.37510664760312,2,2
2026-04-24,Rates,-0.18766167456682276,22.428726852815224,0.15835429827452382,55.943672439437,0.0031995585057285753,0.03137147245459617,0.10342574185749463,-0.4898264086566051,61.803249681953524,2,2
2026-04-25,Rates,,,,52.03614080721685,0.0025596468045828574,,-0.21282000824359007,-0.48078260006738355,61.803249681953524,2,2
2026-04-26,Rates,0.1634822227540474,21.656661400779853,0.3261148982167244,51.01311408067891,0.011376164531371968,0.6297727958331409,-0.29302975984348034,-0.21343292768395206,63.7132170664805,2,2
2026-04-27,Rates,0.47827315428753414,22.680950334043672,0.5042075957320444,51.763585645431476,0.025273741015396034,1.2365253594730943,-0.22626950762905176,0.2474452887163258,67.1410090700406,2,2
2026-04-28,Rates,-0.13475536876591712,23.850359362353515,0.10490909172222018,57.656638001359674,0.006674008041358183,-0.21739030615739133,0.27373812714799167,-0.14511874243731118,65.11855449994746,2,2
2026-04-29,Rates,-0.33724422925145725,21.06123652109429,0.1737003400877687,46.872525411734436,-0.0014621971471413739,0.03673444625679342,-0.6487063521879596,-0.3409511985359075,63.679269746162596,2,2
2026-04-30,Rates,-0.5289735652173743,19.56095207106623,0.14653119488436728,41.59585360684091,-0.008734188004985509,-0.06443113647575872,-1.077255774632515,-0.5575389073224356,62.391692720184814,2,2
2026-05-01,Rates,-0.6670005232334411,19.00592132303906,0.09780533132638564,40.427646153105925,-0.016439088709582016,-0.246574879737026,-1.1426727566757455,-0.8247136114207908,60.46339132552132,2,2
2026-05-02,Rates,-1.1531223994191626,17.59379579949573,-0.15521789266467093,38.1269055522022,-0.03701173755108496,-1.1842413108849308,-1.295165876627222,-1.4843039146958015,56.223956255395684,2,2
2026-05-03,Rates,0.3988289050543553,22.440487653664604,0.5766415112546955,52.71392290811811,-0.0016339237037030219,1.5509183229694823,-0.04074544962900833,-0.6390286508855315,61.51832644922747,2,2
2026-05-04,Rates,,,,59.187545288693485,-0.0013071389629624175,,0.5149808765762632,-0.6284395084174424,60.540444287515776,2,2
2026-05-05,Rates,-0.50580483353874,21.767566192099935,0.04482109762196029,52.90801942644291,-0.015809715210482092,-0.4422829458724908,-0.036506915349340245,-1.0485908817385745,57.442626222602904,2,2
2026-05-06,Rates,0.21039204430603087,24.07898919518106,0.29734792907599894,60.85580000100436,-0.00603361500830743,0.5092221763234642,0.6595240269953777,-0.8323295399394504,58.44848006255518,2,2
2026-05-07,Rates,0.32122993890248375,24.27548025893604,0.3499989801061206,60.46829406624675,0.003453280731984032,0.6987276304331946,0.6150493993611184,-0.5727428866403318,59.48589159532024,2,2
2026-05-08,Rates,-0.5053665811199975,22.26254701790047,0.01604721701499076,54.726007053211426,-0.012418369180537313,-0.580221187751136,0.09583438864090532,-1.0134447909364703,56.768923638858624,2,2
2026-05-09,Rates,-0.49527085377588587,22.208238202184596,0.05985151543825864,55.555832757821626,-0.019216432802350653,-0.4047307721387127,0.16968133285344197,-1.2604469526615698,55.17628493359948,2,2
2026-05-10,Rates,1.0328859503437646,26.382600333484845,0.7807180447757245,65.85502228792424,0.023281345380158094,2.255176479454358,1.0934365425135788,-0.08743176229476929,62.631887962140205,2,2
2026-05-11,Rates,-0.5743553877470848,21.59102261039215,-0.011928370192646975,50.21051173861221,-0.00219292472896334,-0.6918667521000259,-0.3425059781744434,-0.71426646977732,58.746174437224525,2,2
2026-05-12,Rates,-0.1047730410612337,23.830924558362504,0.22677062421619895,59.16878332090508,-0.0031123018019536264,0.20180533155343006,0.4837426536859865,-0.7443222347856459,57.91001532131607,2,2
2026-05-13,Rates,0.11292246752409205,24.311883277363986,0.25091314343506405,58.65087771508937,-0.0022783518000781613,0.29014682607228687,0.4301168360278367,-0.7267089020389551,60.55847897092307,2,2
2026-05-14,Rates,0.4665741923231944,24.769937641790648,0.43412653478063334,61.14514650076121,0.009767556872777874,0.9721359524662413,0.6563812105239085,-0.3624427033470409,60.379161311869815,2,2
2026-05-15,Rates,-0.6090079261697833,22.27645618825502,-0.04837182232389848,54.69165765529034,-0.014296993208626221,-0.8608312327906615,0.04293178958784972,-1.0349104955647652,55.697623845769556,2,2
2026-05-16,Rates,-0.9983896465947697,21.552912392020296,-0.23564211133588106,55.5808815796042,-0.04086002444273515,-1.527953594716306,0.127028859371986,-1.8723319171535804,50.98285686377289,2,2
2026-05-17,Rates,-1.2839603101506847,18.539127853317062,-0.19953535269557615,46.35112121685433,-0.05324804767662193,-1.3533461167885992,-0.7557590038705568,-2.3457868825246457,47.28100822978012,2,2
2026-05-18,Rates,-0.31249240926417154,20.341530709613043,0.24557233117352137,52.64600017927083,-0.02987920324435871,0.3143547413883795,-0.1422930647144402,-1.891261879456771,47.508461294341494,2,2
2026-05-19,Rates,-1.7625860670572984,16.140142584499312,-0.517917486946208,43.825524370748774,-0.06238544864957382,-2.409463560357041,-0.9899586772536184,-2.749788275520083,35.610772805824425,2,2
2026-05-20,Rates,-0.10779074039338715,18.346931228974668,0.4401907056387459,51.35716156657357,-0.018198534653320837,1.0265660048915293,-0.24847677588646533,-1.8304203036900875,36.95788237496614,2,2
2026-05-21,Rates,-0.8453203907754532,16.879672308717563,0.030025635134056206,47.15329755339755,-0.015536710157618976,-0.4469654388268751,-0.656362901334013,-1.7880711939580685,35.036850668137674,2,2
2026-05-22,Rates,0.08284353910255775,19.207898433948323,0.4100985710312333,53.47721543794845,0.011425010208982463,0.9178065008932805,-0.0270940740626246,-1.1548267597666197,38.04255733543733,2,2
2026-05-23,Rates,,,,53.11475409283932,0.009140008167185971,,-0.0629385740320505,-1.1470987449152779,38.04255733543733,2,2
2026-03-24,Real Estate,,,0.11925993034577824,,0.0,,,,22.84443517218356,1,1
2026-03-25,Real Estate,,3.432109369811597,0.04322956323840552,0.0,-0.004852080407991876,,,,20.64008757155191,1,1
2026-03-26,Real Estate,,25.839185711376192,0.45215465227141977,84.32219575123965,0.018468786396608556,,,,26.901005259586082,1,1
2026-03-27,Real Estate,,19.62373937297306,0.248490941520118,59.38334404469649,0.019089312156421793,,,,27.528880407957995,1,1
2026-03-28,Real Estate,,17.62140778537437,0.14512413908888896,51.63287038817256,0.011806380915695837,,,,27.036005553150687,1,1
2026-03-29,Real Estate,,16.685356954243286,0.09802899595510679,48.73486996218336,0.0035157159377647226,,,,25.678182283392818,1,1
2026-03-30,Real Estate,,19.60123941833001,0.32016552029432105,59.465805268518146,0.012201756350300002,,,,27.551987499801083,1,1
2026-03-31,Real Estate,,18.19329861226019,0.21223205549958354,53.976052583251004,0.00998102434298112,,,,27.4617289449936,1,1
2026-04-01,Real Estate,,19.987819629667534,0.35563395982899326,59.00436128739516,0.017057440442423723,,,,30.037827816091465,1,1
2026-04-02,Real Estate,,15.125430862136145,-0.08161838640902665,44.259981074264736,-0.007504703679804842,,,,23.189700238609362,1,1
2026-04-03,Real Estate,,16.754736372022023,0.145747916191568,50.6698453769059,-0.008178181990038717,,,,23.03095334377127,1,1
2026-04-04,Real Estate,,18.644901381153577,0.34757802998626913,55.239052646388394,0.004545577294847572,,,,27.235826151499587,1,1
2026-04-05,Real Estate,,19.06750860231942,0.32874889831238735,54.7658117816286,0.010907147234299051,,,,30.45787977797051,1,1
2026-04-06,Real Estate,,18.42846674195659,0.24133392141512078,52.67091590212046,0.008545688131947619,,,,30.190078117765097,1,1
2026-04-07,Real Estate,,20.26956728647147,0.45887470283447185,56.78473275637249,0.02028268171926373,,,,34.716639703434744,1,1
2026-04-08,Real Estate,,18.871739839786805,0.19265886104637242,52.774430822442966,0.009322593837912958,,,,33.04663084053843,1,1
2026-04-09,Real Estate,,17.63728366368573,0.3261370548355543,47.393665318234255,0.010197252440240064,,,,34.1903690821842,1,1
2026-04-10,Real Estate,,17.14538850675899,0.16730128888378645,48.289085319276545,-0.0002341858008037198,,,,31.426885719181094,1,1
2026-04-11,Real Estate,,18.409636701696524,0.2663499326324711,52.559256492716095,-0.0007471189591568839,,,,32.49575030060782,1,1
2026-04-12,Real Estate,,15.768624533237347,-0.0738362889286131,46.771234108707674,-0.023045676617412792,-1.9242923111616175,,-1.3381497732246448,26.218749305033402,1,1
2026-04-13,Real Estate,-1.0516360636476894,14.384411087643763,0.03291744620278477,44.359029634731606,-0.029254924753905648,-1.1453517160890252,-0.4606251363226224,-1.9660878672313173,22.310878094903238,1,1
2026-04-14,Real Estate,0.34389264544498555,17.434307261845564,0.4125041692439467,53.55377120091705,-0.007575964544298278,1.2686116181055742,0.1589563058848293,-0.7136336534609893,27.158854288394927,1,1
2026-04-15,Real Estate,-0.5619281236589821,15.212556025901645,0.14956912544692558,46.49224337073228,-0.01054063350065836,-0.4207986122312956,-0.3238194666541093,-1.0166947623716545,26.214233545658857,1,1
2026-04-16,Real Estate,0.43882483935128724,18.63344292621506,0.35886939580738547,58.12911539463976,0.001364939811392591,0.9210786813800745,0.4895777221982582,-0.2444715057551582,30.525347990868557,1,1
2026-04-17,Real Estate,0.28956798592654676,17.62906377962123,0.2971974719635987,52.97703896704589,0.004670859699182742,0.5008732114304513,0.11467770137095393,0.04075693469365728,33.21311976614308,1,1
2026-04-18,Real Estate,1.3897856427282116,19.967657756959348,0.6519809787530452,55.64423942545279,0.02897994847344687,2.450258485013626,0.3051464386972738,1.9010643198421713,42.51835250308666,1,1
2026-04-19,Real Estate,0.9585394650342398,19.569550810270922,0.43545634615570306,51.8434219513122,0.02865349206404999,1.1155426845709622,0.018433061495308028,2.074338810513851,45.941022428004935,1,1
2026-04-20,Real Estate,0.6072792265174415,20.12435010701705,0.37525166285792366,52.33544925332648,0.022813733455754104,0.7392771951607713,0.05525349233919733,1.886785309635386,49.029656549832175,1,1
2026-04-21,Real Estate,0.3459153806573756,19.33612007498818,0.32954146202590096,47.60070601894407,0.014697480531512895,0.45774066741928277,-0.3099602261324198,1.5461097009753282,51.26757433929058,1,1
2026-04-22,Real Estate,0.7957893997147457,21.508114944607982,0.4012680019887521,54.1709380696096,0.013040872375585238,0.864362709570951,0.21031891255490442,1.5349619908437497,54.82510985542323,1,1
2026-04-23,Real Estate,0.756953301933674,21.347406726952446,0.41259266583293674,51.817369074505976,0.011635457143131703,0.9052617602008156,0.018997033748987632,1.5219006821233982,58.0127006331674,1,1
2026-04-24,Real Estate,1.119029829882507,23.758264929744644,0.518422506907368,57.549089195646296,0.01646573902658851,1.4687840381166233,0.4827101634079081,1.8272896237261298,63.5894487530997,1,1
2026-04-25,Real Estate,0.5730334084460681,22.898905427467255,0.4107017065543345,53.09202593040617,0.011285391906193855,0.807078126484806,0.10810658332388656,1.6164768983361573,65.29863485785609,1,1
2026-04-26,Real Estate,1.334968531162658,26.707024188241842,0.5637429811321198,64.84735597923405,0.016717643563842914,1.6260482105497291,1.0709656426558904,1.913805964315623,70.22726302482975,1,1
2026-04-27,Real Estate,1.0556780908931314,26.284650524285222,0.4815510386171957,60.568258928504335,0.013466761668617655,1.1105506594838672,0.6927528028411539,1.7972524459419599,73.62232434091507,1,1
2026-04-28,Real Estate,0.42719550511523097,24.11639786708284,0.41446515695774666,50.05416939885005,0.005877216522872514,0.7068358623834556,-0.20267371622734925,1.4657007982341372,75.62163600107529,1,1
2026-04-29,Real Estate,-0.36352947211717324,23.580412100642494,0.1339988121280819,49.57401886746153,-0.017664700225903322,-0.9065002367940673,-0.2407696388846919,0.28563527129098026,72.0758395025052,1,1
2026-04-30,Real Estate,-0.14198157203491418,23.656544129257682,0.3160269366313393,48.810136848852416,-0.020415570283086826,0.15585879635548794,-0.3034213320833142,-0.04839360663174593,72.5790705779718,1,1
2026-05-01,Real Estate,0.9078102222097169,27.271830932884342,0.6034755909075153,57.55836509416201,-0.0032165867666454767,1.7577534876138055,0.46762650824487045,0.6477522607275186,79.56669613687657,1,1
2026-05-02,Real Estate,0.39317877458541595,24.397482421236123,0.4668040759898722,44.87888680433271,-0.001474047783062496,0.9485732913248228,-0.6605608689160735,0.6944384068528231,82.04282936374481,1,1
2026-05-03,Real Estate,-1.0439221255999653,21.69541309740434,0.02171808512847247,39.842110130103194,-0.029189587253725842,-1.544433745979207,-1.0860708613411674,-0.822291971370008,74.80046784946897,1,1
2026-05-04,Real Estate,-0.6203333607176909,23.309911248414416,0.23704137383441948,46.84689686433095,-0.03170367886559267,-0.32401029654590724,-0.44647010832082257,-1.241874974163546,73.5772055219236,1,1
2026-05-05,Real Estate,-1.1338517129734467,22.021194114690804,0.07592702658190613,44.50351264462586,-0.04224130975889394,-1.2078234115639612,-0.6492350547974246,-2.0283445198863985,69.21499386771085,1,1
2026-05-06,Real Estate,-0.026764100943878988,24.58884221186692,0.4395379331010911,50.736259368371236,-0.02367252327665578,0.8394431755127794,-0.07534949070930255,-1.4440989859467783,73.79823088585506,1,1
2026-05-07,Real Estate,-0.7792366866431207,23.348705767827983,0.21192062424366262,46.43596441216362,-0.02551065375871768,-0.4507989185408299,-0.4689249046613837,-1.7037768220934073,72.61255068429773,1,1
2026-05-08,Real Estate,-0.9185826656604508,22.625913923595583,0.19182302084170902,44.01723741617096,-0.026741519870598553,-0.558268107854118,-0.6846778904950587,-1.9165645442899912,70.75015086414456,1,1
2026-05-09,Real Estate,0.78092370523787,27.090699444417954,0.7278780921120662,55.02204926330749,0.008026073352149225,2.35888135981023,0.3506042398791018,-0.4722766953242116,80.76340229499101,1,1
2026-05-10,Real Estate,0.20568141051294964,25.65155463319485,0.4446187539404051,48.1885312220939,0.011229204204916467,0.792377388925099,-0.2978571593766781,-0.23267423804324075,83.29473064434387,1,1
2026-05-11,Real Estate,-0.6453073547472784,24.576153840867953,0.18239413201432264,45.687006491925686,-0.004202779040748216,-0.641333297683492,-0.5317347264870338,-0.8733016640795491,79.69066417068674,1,1
2026-05-12,Real Estate,-0.7200810688957993,24.467724306927025,0.1891914220109582,46.69473401986988,-0.013327991801037734,-0.5955419409272067,-0.4286875340966866,-1.332003528089643,76.57380739714537,1,1
2026-05-13,Real Estate,-1.527587299719002,22.609658144632874,-0.13306984959344068,46.12898563458176,-0.03899125574323746,-2.243721015267756,-0.4781860847765344,-2.5255334646269634,67.00038620310218,1,1
2026-05-14,Real Estate,-0.3546676624564069,23.825825457948458,0.33373343955553497,50.23707480201611,-0.023229813241031454,0.24343533966922232,-0.07195373992754844,-2.0428209131779256,68.28494288215691,1,1
2026-05-15,Real Estate,-1.0887914386497095,21.087836598812757,0.12876024663175145,43.50042457883468,-0.025148668380159625,-0.8459928471690888,-0.732666158590113,-2.2040257705121507,64.0762691327968,1,1
2026-05-16,Real Estate,-0.1532014648115783,23.065629582092186,0.4021934913663566,49.147315412496575,-0.0074605018904603145,0.6217902553440918,-0.16546732992073548,-1.5998160521453215,67.76690504630577,1,1
2026-05-17,Real Estate,0.2834024747351071,25.579605777980028,0.4649077649128934,56.50546964701068,0.008159134518986165,0.945557850497727,0.5714458063618872,-0.9795690960344083,72.23135819756456,1,1
2026-05-18,Real Estate,-0.4140543310918281,23.378687404853608,0.2640657197629205,50.398377198183084,0.0048253043358216195,-0.14439360897494544,-0.04955237572390732,-1.032541616233787,70.02512711737599,1,1
2026-05-19,Real Estate,-0.5876875770834157,22.717644005405784,0.17851660051951804,51.54677613765114,-0.002866699289410416,-0.6060718089325461,0.06779618010973286,-1.2878968463453064,66.34410671141536,1,1
2026-05-20,Real Estate,-0.01640681118241706,22.05772507084959,0.3859764712110265,49.15253199158599,0.0058185889469614775,0.5318514193596666,-0.17876341096058254,-0.9291415111899306,67.71268130611911,1,1
2026-05-21,Real Estate,0.025249251250672705,22.55425286596368,0.34072593273454244,52.16281710790655,0.008172899603512826,0.2782404794323951,0.1348175584627983,-0.7694681430019534,68.14405672850305,1,1
2026-05-22,Real Estate,9.493364719923014e-05,22.274556849661742,0.31760720903665446,52.10994767095338,0.007829432333331148,0.14768041771522158,0.1281418714184135,-0.705624194413143,68.25768284489874,1,1
2026-05-23,Real Estate,,,,41.60892757643934,0.006263545866664919,,-0.9727853103687705,-0.7060502648756275,68.25768284489874,1,1
2026-03-24,Retail,,,-0.019746003016747535,,0.0,,,,10.915327484817308,1,1
2026-03-25,Retail,,27.838496862220154,0.15527067068464437,100.0,0.011169155244761194,,,,14.66711863225782,1,1
2026-03-26,Retail,,28.632430842714854,0.22147033263391255,100.0,0.021783510802629164,,,,18.69073255057632,1,1
2026-03-27,Retail,,18.78412610442221,0.06712564956634312,60.98081566082881,0.01736943271263232,,,,17.420005170593292,1,1
2026-03-28,Retail,,20.42454920728174,0.12168832610985605,65.71060695264674,0.017059608022760325,,,,19.67222126759842,1,1
2026-03-29,Retail,,21.94058586070998,0.17287117870559804,69.21151664042341,0.01908391660773972,,,,23.056559605907758,1,1
2026-03-30,Retail,,21.402962844404808,0.14966756551014598,66.14969366721147,0.017674430536008978,,,,23.808152164972277,1,1
2026-03-31,Retail,,17.06576722055726,-0.009747449758435209,50.730968357685654,0.005453619018058055,,,,22.40864120522716,1,1
2026-04-01,Retail,,19.095340797438443,0.11092278645665035,58.12015501439697,0.004959069812875076,,,,24.36506488506451,1,1
2026-04-02,Retail,,19.52514801425306,0.12483507814615727,58.83199268720412,0.005015894399603926,,,,26.853359907032825,1,1
2026-04-03,Retail,,20.422151806100207,0.16136480271960926,60.59081156193531,0.0068472900487415445,,,,29.44503053688164,1,1
2026-04-04,Retail,,19.8173182046291,0.11450099957307902,57.44244479521072,0.004357361198788573,,,,30.490453852939687,1,1
2026-04-05,Retail,,22.129230559406697,0.25743115221082974,63.264205082142375,0.011391711612790206,,,,35.33822456050687,1,1
2026-04-06,Retail,,19.270714260916055,0.05739862757326926,53.09851663376869,0.002113902625638507,,,,34.17903824271102,1,1
2026-04-07,Retail,,21.487409939512517,0.24888750174480329,59.35123696168109,0.008079469217783276,,,,38.85100484117082,1,1
2026-04-08,Retail,,19.226594740897966,0.1639251767712684,50.32141856009723,0.00562567901769441,,,,39.93013202789043,1,1
2026-04-09,Retail,,19.139440507397936,0.19821551518356906,49.11537545261675,0.005621035148143411,,,,41.92354750288848,1,1
2026-04-10,Retail,,18.5465631488292,0.03939849398282359,48.94882227397541,-0.005184759842583306,,,,39.66979720586811,1,1
2026-04-11,Retail,,19.683671061556442,0.179593341953048,52.061419681451696,-0.003099993413154721,,,,41.781064268193234,1,1
2026-04-12,Retail,,20.3404805939446,0.24086489059079083,52.403314076566765,0.0019254052094807433,1.2861738586041151,,0.5394878789603507,45.33257780614907,1,1
2026-04-13,Retail,0.4704092993962714,20.766965475471796,0.22976178027776178,52.85544575255078,0.0039073253796493845,1.0860874302178372,-0.5947681748957863,0.7719169556134351,48.51895837597705,1,1
2026-04-14,Retail,0.1553500557494273,22.252861515249073,0.1879206627207768,57.69191745170526,0.001907223289868934,0.55062069207384,-0.25404767009962526,0.6153123811156518,50.56569264943246,1,1
2026-04-15,Retail,-0.3149785096701185,20.672019866563843,0.13126420225465105,50.83305403495313,-0.003433712072086731,-0.16028814300840238,-0.7142222645523966,0.0491337428339964,51.413583747311336,1,1
2026-04-16,Retail,-0.18738588521081745,21.285012641085537,0.1711711694183506,51.85806828494926,-0.004418357863252641,0.34638772896572795,-0.6215856617611364,-0.1427874597382153,53.98002460970273,1,1
2026-04-17,Retail,-0.13668600426512306,21.479553912998924,0.190026129597118,51.165839539635684,-0.003954368560517403,0.578631445944831,-0.6519609685609551,-0.18893094249837677,56.61095103980144,1,1
2026-04-18,Retail,0.7539184350376735,23.699736410581707,0.30073781643016406,57.20138810810489,0.0032643685752440296,1.8653096156891495,-0.20387080035789942,0.5779590699697851,61.041295530329045,1,1
2026-04-19,Retail,-0.0776234603877527,21.41700934871166,0.19697332912587143,47.58920157352183,0.0006436241281882749,0.5456833154899595,-0.8929138576985831,0.32858397292562447,62.143178881646065,1,1
2026-04-20,Retail,-0.9762337844341986,21.470694658783152,0.0407572929413141,49.31238688191445,-0.011355735260788924,-1.3705314958467487,-0.741138614709737,-1.1132234107292893,60.52812331519815,1,1
2026-04-21,Retail,-0.9162630557887701,20.189140154071076,0.1135048399493214,43.79740257139825,-0.013966599557867165,-0.4498232091130607,-1.1125565107147404,-1.6102668558300495,61.00197954023768,1,1
2026-04-22,Retail,-0.9004456933349415,21.338380782348224,0.11582636035877208,47.615796149137886,-0.015018662979952135,-0.412244597972118,-0.8005848932139483,-1.904581670892447,63.07226094197002,1,1
2026-04-23,Retail,-0.20659150074137114,22.595764923263744,0.20550821419947968,50.34267330480003,-0.009429186348735134,0.7258186177935926,-0.5801417988912815,-1.5184994174441275,66.76352552272792,1,1
2026-04-24,Retail,-1.0414048731223877,22.71430330924236,0.06998431148557516,51.469347313685475,-0.01432054491988926,-1.0024358009645133,-0.48378108784934637,-2.0755268455623375,66.24678820498217,1,1
2026-04-25,Retail,0.43939115308222143,24.690501783940956,0.3172963494974558,55.99797106398072,-0.0010603400683052815,2.0275738331840203,-0.12896465659218614,-0.9517573788335555,71.57840177300523,1,1
2026-04-26,Retail,-0.39377483572595684,22.73699412046679,0.18887502694158814,47.86061038817717,-0.0010942173276320723,0.4414310150621149,-0.754717539311619,-0.9499760490302519,72.71888877380556,1,1
2026-04-27,Retail,-0.02190424192246207,23.746555617809214,0.21613768492601781,49.44672491334418,0.0004790900715483104,0.7629436896983924,-0.6156176575054267,-0.7882089697893194,76.32418132516551,1,1
2026-04-28,Retail,1.0643330220541662,27.312598328628674,0.40221232426833764,57.7898402087844,0.013111191998039673,2.7030239647946948,0.054785808259549054,0.5525535622330816,84.62938618356428,1,1
2026-04-29,Retail,-0.1444079175115393,25.916135556484367,0.17858006841638266,51.53380732455318,0.0058361164732797025,0.18346936626182062,-0.4485144778321348,0.05304598683436887,85.30888985718585,1,1
2026-04-30,Retail,0.41495248202932866,26.88795463660317,0.2652028519389383,52.95855706204144,0.006251429379262489,1.1357775216142738,-0.325958880212976,0.22204451429284278,88.90011594664008,1,1
2026-05-01,Retail,0.08917200017578808,27.245221349166435,0.2422423715020199,51.63866739798876,0.00445756120575154,0.8554274750897042,-0.4296334529912306,0.16008027473556727,92.90492031254868,1,1
2026-05-02,Retail,-0.8428241797229118,24.758410970595975,0.09586225148529359,43.711313077868105,-0.006513454086415585,-0.796021148163209,-1.0694096856306408,-0.9416219039396474,90.38553090554947,1,1
2026-05-03,Retail,-1.1843133388215874,24.613538706666322,0.056799640081969784,45.519373562572056,-0.01579781048547485,-1.205268179984276,-0.8959952082462118,-1.9896428074508357,87.3477979276478,1,1
2026-05-04,Retail,-0.6482216176028898,26.778180663939978,0.16305183515204974,54.03810676702061,-0.014228642589323128,0.003439337019521696,-0.17333039903574335,-2.02288807869877,87.74976901803532,1,1
2026-05-05,Retail,-1.0869018061935836,25.33906928725922,0.09149736135004823,49.272750681602574,-0.017253730570681268,-0.8048914074668276,-0.5722062668905581,-2.406595860673972,86.68255655531047,1,1
2026-05-06,Retail,-1.4371381943812036,24.43809729085131,0.030206284500528483,47.2767712918249,-0.022305518261449747,-1.4584380132686345,-0.7312096158751032,-2.862966278824897,84.88389932762746,1,1
2026-05-07,Retail,-1.4256747092016129,23.50765930212794,0.05017793658689048,44.83032745522016,-0.023125942703748792,-1.1968548414853892,-0.9235272780351529,-2.9403049849415366,82.93003823242854,1,1
2026-05-08,Retail,-0.5208666157639087,25.932156563820435,0.16701929877755375,53.27016691826636,-0.015016515337213265,0.12671043788602654,-0.18763854231377497,-2.4496225656179846,85.03375574102087,1,1
2026-05-09,Retail,-0.44966721315140834,24.222141014005743,0.20157262154092706,45.44710589911748,-0.006952344200028704,0.5158913908205395,-0.8587021220508434,-1.961566833574308,87.28712010659373,1,1
2026-05-10,Retail,-1.1312270419564228,23.81654178737655,0.07238160251899843,45.41959796933044,-0.009773211524417205,-0.9576260519250932,-0.8453287209014572,-2.128322516531925,85.74201618475368,1,1
2026-05-11,Retail,-1.5422689233403117,22.172616056846934,-0.005327052912830027,41.62448758155767,-0.01596097625376167,-1.7751300369341836,-1.151807900712697,-2.4830405448104154,81.65011862462204,1,1
2026-05-12,Retail,-2.194526281672208,17.83288764051247,-0.11409048289182827,29.26137343746082,-0.02588013906551058,-2.732572573971723,-2.1105062302839555,-2.9819561286075578,73.86469567553709,1,1
2026-05-13,Retail,-1.3578157616976558,20.902295294398407,0.03171996011904096,43.70759700313273,-0.021312795085713522,-1.1755184419884248,-0.8714078726923584,-2.7489287017955024,71.29623565897501,1,1
2026-05-14,Retail,-0.7423446278945307,20.67880193843176,0.12363608542695853,43.96178609074391,-0.011295850295562342,-0.21387041213305785,-0.8356109567826819,-2.280000253122276,70.67510731046256,1,1
2026-05-15,Retail,-1.3216542289399384,19.049340247944407,0.016076887403499652,41.002726613507384,-0.011092609688451764,-1.3120868274464192,-1.0649425905668253,-2.246142167531224,66.5404093306805,1,1
2026-05-16,Retail,-0.5407071432390267,21.532672871268794,0.10960227942092003,50.570598713241246,-0.004193031881265158,-0.33044508126122263,-0.2491815042507806,-1.919453499126607,67.62589871227311,1,1
2026-05-17,Retail,-0.28578633343557525,22.489811534608997,0.14227011679474755,53.56838825363256,0.002667762888465687,0.014031469669351754,0.007887596756610537,-1.5708817882988728,69.37628264281669,1,1
2026-05-18,Retail,0.49822945837687216,23.76485104471847,0.3158971649834516,56.04140795300184,0.018134202159447662,1.7907236381728058,0.21995540959992244,-0.7839059378241382,73.6777716734308,1,1
2026-05-19,Retail,-0.20433414838238598,22.121817477637975,0.12363002446784406,51.159443210782555,0.014791872538649116,-0.21116292908254466,-0.20468915534057855,-0.7593941786954573,71.90529874683719,1,1
2026-05-20,Retail,0.41671542426622943,24.045281084011815,0.24668952627185864,57.47802784011626,0.01992547738725113,1.0623767328099096,0.34881092572925815,-0.3608472977143981,74.33394550575804,1,1
2026-05-21,Retail,-0.9715549549588923,20.41875743995866,-0.025523754744064073,47.773091603903936,0.004831721942341627,-1.73283179188952,-0.5078506791150498,-0.8934166604693663,68.90345789874075,1,1
2026-05-22,Retail,-0.2199632904531932,20.48136730642183,0.13518738420158183,49.08716455124471,0.005468301156118901,-0.07571426589475566,-0.3865679873233544,-0.8032295172168342,68.23675363080605,1,1
2026-05-23,Retail,,,,48.05779835351874,0.004374640924895121,,-0.4744352211902625,-0.7995606406376299,68.23675363080605,1,1
2026-03-24,Semiconductors,,,0.13770851333459794,,0.0,,,,22.63821302112263,7,7
2026-03-25,Semiconductors,,28.74668804287469,0.18224988604774423,100.0,0.0028425263497848575,,,,23.72833522282009,7,7
2026-03-26,Semiconductors,,17.5078193738294,0.1476377232115301,56.27212025844397,0.0022598108042167597,,,,22.28716317500845,7,7
2026-03-27,Semiconductors,,17.0478463342598,0.14683837730261626,55.70952778780275,0.001713471325853696,,,,20.904921474721572,7,7
2026-03-28,Semiconductors,,23.649448771423533,0.24243895216176167,79.828646220955,0.0073666840678063596,,,,23.91806006723417,7,7
2026-03-29,Semiconductors,,24.171894614434656,0.24774506884476358,80.4204399260384,0.010830133743142725,,,,25.86209085680531,7,7
2026-03-30,Semiconductors,,17.11982905357505,0.1568893737875967,53.52958826902093,0.006578016356780873,,,,24.093062486873542,7,7
2026-03-31,Semiconductors,,17.382320696439567,0.17037420129232966,55.7268017202669,0.0043566097927454795,,,,22.32988532090732,7,7
2026-04-01,Semiconductors,,19.335639622451133,0.22592010736902618,62.94389275444507,0.006198773410669801,,,,23.024872018555907,7,7
2026-04-02,Semiconductors,,17.43711928622041,0.18677569725675075,56.45807085469113,0.004434291809505258,,,,21.563157299810307,7,7
2026-04-03,Semiconductors,,18.044821758962954,0.20510204161259293,58.46191518117127,0.0041592745385404875,,,,21.78213077324684,7,7
2026-04-04,Semiconductors,,20.656407298646478,0.29207217557637705,65.90764975319262,0.009203447974176186,,,,25.688667353748592,7,7
2026-04-05,Semiconductors,,21.901863576326868,0.3227763237630996,67.93671499446329,0.013705422903974005,,,,29.58081244094846,7,7
2026-04-06,Semiconductors,,18.795183026557204,0.20682373348105834,55.46932951640261,0.008241029486147536,,,,29.502306575470193,7,7
2026-04-07,Semiconductors,,17.76926797838009,0.17060754145464685,52.46228160317823,0.0018861696858363357,,,,27.660590027676772,7,7
2026-04-08,Semiconductors,,17.081665137579872,0.17976096117385626,49.80330049418516,-0.0018026012725024174,,,,27.613378827784892,7,7
2026-04-09,Semiconductors,,18.09052472497524,0.19307432635196786,53.71594737946383,-0.003357361432650925,,,,28.05090600356693,7,7
2026-04-10,Semiconductors,,20.94831139599438,0.32966525244425365,62.23471125927849,0.0043818761740729885,,,,32.22945482821329,7,7
2026-04-11,Semiconductors,,20.103071350846708,0.32464627325555373,56.26023779775558,0.008493507391950365,,,,35.816247232897226,7,7
2026-04-12,Semiconductors,,17.214723298409034,0.1852774052651454,46.04957977854601,0.0015226322422294061,-0.4467040339092489,,0.8262036307891863,34.10813257527401,7,7
2026-04-13,Semiconductors,0.4125554476177441,20.276927058178018,0.25614612367525125,56.43973352029211,0.0013842828231664765,0.6822493029789932,-0.3828842501440717,0.8143237885255645,36.64150295613659,7,7
2026-04-14,Semiconductors,1.136373126203108,22.590166354714032,0.36515213378612765,61.24350192017172,0.007966358469329388,2.1330721305848286,-0.002937996798258926,1.585314478803498,42.83380524732835,7,7
2026-04-15,Semiconductors,-0.06347079708937543,19.804767733282368,0.222680075435961,49.83002775264931,0.0023487232954279916,0.015395955585592027,-0.8904718338250113,1.020125680504817,43.36938613578983,7,7
2026-04-16,Semiconductors,0.48228002689488003,21.49803440631838,0.2789221438187417,54.748818982669356,0.0020551495658779825,0.8396140177270026,-0.4768422932340414,0.9983374940763904,46.08985509894903,7,7
2026-04-17,Semiconductors,0.08896029807919428,21.18594362666979,0.25766711411402116,52.70081782756422,0.0001636161712803702,0.5016475727871669,-0.6279949951911311,0.7825993519040191,47.57415109531381,7,7
2026-04-18,Semiconductors,0.3827452767840711,20.8511461130068,0.2888811095898034,49.82607651046701,0.000717747617868969,0.9501434859944756,-0.8396221153957646,0.8301376119982561,49.93744892442706,7,7
2026-04-19,Semiconductors,1.1410646403737261,22.922935602239562,0.40883378678570786,54.27455466203944,0.008437185386053512,2.4211955719268055,-0.45301796253429405,1.707910344071153,55.219358979918276,7,7
2026-04-20,Semiconductors,0.1629487891304862,22.624212388145168,0.26103934829951764,52.6103683633115,0.0031368071890778074,0.36078730498182027,-0.5813035693655049,1.2019604304691478,56.30611385372596,7,7
2026-04-21,Semiconductors,-0.5443608436009831,21.712623971258843,0.1696370338786589,49.955629999071995,-0.006454620638093763,-0.900490346848045,-0.7886109709256784,0.09623804593407793,55.16075919517434,7,7
2026-04-22,Semiconductors,0.4305294921144668,23.828576606306115,0.31253369355270527,55.408715712961694,-0.0032656721985609982,1.0817814100601295,-0.3051720410706634,0.3282033053004183,59.40081833758857,7,7
2026-04-23,Semiconductors,-0.27337115547695806,23.098939374834806,0.23814833929958953,51.749131896506576,-0.006092388849689236,0.031743691777761124,-0.6166152021429379,-0.11322192435278738,60.7729169011963,7,7
2026-04-24,Semiconductors,0.05047599967016888,22.885094952018473,0.2846760983862839,48.12295690278278,-0.004811148474245373,0.683398378761621,-0.9147326869786949,-0.10347275015732778,65.00379572423506,7,7
2026-04-25,Semiconductors,0.12348894966400455,23.378350423891906,0.29453680021465284,48.74882373632327,-0.0033513253092556337,0.8053521175143441,-0.8353107844276926,-0.037404754668572515,67.25159929320584,7,7
2026-04-26,Semiconductors,-0.2645476656074395,24.365088494304505,0.24966539267662793,52.903631760129976,-0.0053413332613470935,0.1501967263876273,-0.45043752320361924,-0.38665907438432,67.43527999488485,7,7
2026-04-27,Semiconductors,-1.1904644924825185,22.112733426761114,0.14092988670978204,44.97581409436653,-0.013452792602714685,-1.392824600406066,-1.1375377930452188,-1.548340793400757,66.09945251040833,7,7
2026-04-28,Semiconductors,-0.7843103024982566,22.177215846970313,0.23769066683209086,44.381842669186874,-0.011830888443456485,0.014488189005042193,-1.151313380949779,-1.602779328668656,67.17498871027016,7,7
2026-04-29,Semiconductors,-0.7201883323971997,23.810165833874095,0.22714858863615708,50.22288165707377,-0.011014176255612901,-0.13919387154887553,-0.6091150398794994,-1.7038309111002248,68.01510721317686,7,7
2026-04-30,Semiconductors,-0.6982419783854098,23.425842202741727,0.2402367500690528,47.98363788630887,-0.009211825974542195,0.05592289586290696,-0.7962239160818919,-1.6636512300102098,69.54294464597362,7,7
2026-05-01,Semiconductors,0.08257692369335591,24.97553156888406,0.3142051878349322,52.79338233972519,-0.002979946388694492,1.14250825217555,-0.34817635725285334,-1.0947206077798528,72.00239341023018,7,7
2026-05-02,Semiconductors,0.09622350427091383,24.717648326944282,0.30750866343210265,50.94318371091231,0.0005605333886154005,1.0146110876878989,-0.5122474722154269,-0.721864061176182,73.6241857894162,7,7
2026-05-03,Semiconductors,0.0471848000357638,23.368326065253697,0.31282585816847686,44.500302249477144,0.0029939080269692896,1.0658820793437014,-1.0875858425806897,-0.40400619314673514,75.79042136680155,7,7
2026-05-04,Semiconductors,-0.4704088002817223,24.52905286401328,0.239162343899073,48.63048983511677,-0.00044137896449739956,-0.042751847118756486,-0.6873955551777262,-0.7415191767136183,76.91098411676268,7,7
2026-05-05,Semiconductors,-0.8966871845540492,24.540379501864713,0.1753836451506503,50.372627745699994,-0.0067431141242716725,-0.9912884968978981,-0.5149959739612004,-1.4790115625011815,75.05852386733773,7,7
2026-05-06,Semiconductors,-0.40976500263646387,23.73131340458729,0.2561170995759122,46.02100151104088,-0.0052733391635271035,0.23645672979904825,-0.9098755629333475,-1.4129930994393114,76.94200806411648,7,7
2026-05-07,Semiconductors,-0.6819257448047269,24.476499787398666,0.22982604614444518,49.37032014570152,-0.00582761530655303,-0.16685893441592237,-0.5810764932792986,-1.5455912926526365,76.98290595049633,7,7
2026-05-08,Semiconductors,-0.3096757495170853,24.369379377713926,0.2634044275131644,48.35837829913625,-0.003787461620600144,0.3521771069345514,-0.6675762765822364,-1.3941765651198879,78.41339976410553,7,7
2026-05-09,Semiconductors,0.1110123889277712,25.549683871611624,0.31341906303837114,51.37217803804601,0.000829437925625222,1.111879098266428,-0.37109409295244383,-0.9210409728672374,81.22782794030175,7,7
2026-05-10,Semiconductors,-0.905900150407886,23.8108201887121,0.1923196251348515,46.24832008049484,-0.004102624515427474,-0.7753981525044582,-0.8559851003268083,-1.4347546308714219,79.1847760111059,7,7
2026-05-11,Semiconductors,0.0951525576843085,27.39004915924302,0.28084793302723654,59.40232791476773,-0.0013739407537598919,0.6110727137436197,0.4286403358277803,-1.182271441012181,80.99024991743241,7,7
2026-05-12,Semiconductors,-1.472667002217462,22.402357544696212,0.12025392118870035,42.731920193018844,-0.009881964758433826,-1.8478783873454065,-1.1899067870660198,-2.0789157509116265,77.16987577998984,7,7
2026-05-13,Semiconductors,-0.7749003161350547,24.121325466458075,0.22637199306373565,49.95702150205637,-0.007943469731536203,-0.20660493350745293,-0.47273755474558415,-1.9789188406232965,77.18986648150242,7,7
2026-05-14,Semiconductors,-0.3773398082527687,24.386914510906607,0.25156427420501287,50.6186023232468,-0.004705308203784166,0.1844834353885069,-0.4024825104709162,-1.729081578797089,78.5590258631774,7,7
2026-05-15,Semiconductors,-1.214726019595488,21.84577931895965,0.172914542645181,42.323290866940575,-0.00743852097764041,-1.0331962597952977,-1.203252127516102,-2.013979301904186,76.58708475426599,7,7
2026-05-16,Semiconductors,-1.1563790011067678,21.720894902239763,0.1833669736579216,43.282457560871826,-0.00806795019852548,-0.854754194373597,-1.0846864693190899,-2.114065935151459,74.89719798211236,7,7
2026-05-17,Semiconductors,-1.0709508503077227,21.527115946311145,0.19569099741876897,43.70931301127656,-0.007207943758344028,-0.6518388312843191,-1.0223121876530457,-2.078907824236901,73.71631098905623,7,7
2026-05-18,Semiconductors,-1.1018563388991018,21.87362201698358,0.17613031048735667,46.40603601814887,-0.007477850245697143,-0.9455925574913527,-0.7437163552731906,-2.128142183714083,72.38790922458126,7,7
2026-05-19,Semiconductors,-0.2555283633184092,24.155077466636737,0.25031129909375405,54.22214450709076,-0.0024423970534115866,0.22946143066296354,0.03570326780197014,-1.7349403794427365,74.50071721125275,7,7
2026-05-20,Semiconductors,-0.4177943221459428,22.838162862481944,0.23420654852775094,48.668357268047046,-0.00010187220595962374,-0.028051158177426316,-0.5176496531672765,-1.5207922683219677,75.22637925567831,7,7
2026-05-21,Semiconductors,-0.7247450056544996,22.84854910653251,0.2092790424475374,48.74915547796557,-0.00013598587363599854,-0.42627286222554955,-0.5039816425112081,-1.4834437013816968,75.41434140015903,7,7
2026-05-22,Semiconductors,-1.8513583120720465,19.521859357706756,0.053330431488479955,38.86960881742911,-0.010017839548235982,-2.741104832336718,-1.4704572066359785,-2.2406957174234816,70.59970901535094,7,7
2026-05-23,Semiconductors,,,,35.44846102368852,-0.008014271638588786,,-1.7525091175480778,-2.1370702587253967,70.59970901535094,7,7
2026-03-24,Silver,,,0.1115362182026729,,0.0,,,,17.036708233553423,1,1
2026-03-25,Silver,,29.159259765354804,0.11247450704663993,100.0,5.9879402008156114e-05,,,,16.14955238424848,1,1
2026-03-26,Silver,,33.291945378731846,0.7206369239252061,100.0,0.038905639863555525,,,,36.373537119409505,1,1
2026-03-27,Silver,,23.8189624854912,0.31746943437436237,60.17187031723714,0.03539589441255735,,,,40.41909165945857,1,1
2026-03-28,Silver,,30.541273995053757,0.704552799953201,71.18897775014366,0.055873814075272,,,,58.90799459766434,1,1
2026-03-29,Silver,,25.722448879951337,0.21945778114061804,52.8634816211437,0.03452551647757295,,,,58.37368632884208,1,1
2026-03-30,Silver,,19.63102446549822,-0.1845125488471985,43.5315814657476,-0.006821033271125029,,,,42.91534067200819,1,1
2026-03-31,Silver,,21.328560101119418,0.18648803982359047,51.40917741701275,-0.009062265507783294,,,,43.541483371929004,1,1
2026-04-01,Silver,,20.29585375551223,0.11980819372187057,50.15171827110492,-0.014586641336164448,,,,41.965377558898034,1,1
2026-04-02,Silver,,19.076342347808435,0.07986728101596237,49.42753978356833,-0.020139568884778355,,,,38.90048609577366,1,1
2026-04-03,Silver,,23.1504871742807,0.48865512717245146,55.939205750186964,0.003263424769082972,,,,50.852690591158286,1,1
2026-04-04,Silver,,18.187027148465223,-0.1328960582613945,46.78071674817135,-0.022172662677127704,,,,39.433682590205,1,1
2026-04-05,Silver,,,,46.78071674817135,-0.01773813014170216,,,,39.433682590205,1,1
2026-04-06,Silver,,20.279577932334824,0.43781650015888735,46.78071674817134,0.006555090842989622,,,,50.47894824166353,1,1
2026-04-07,Silver,,17.955423863482977,0.07559539836198093,42.70603552817023,-0.005441424930637408,,,,46.484880924075476,1,1
2026-04-08,Silver,,16.96319692446464,0.08726387682645581,42.853487351905585,-0.01210989034472561,,,,43.299515941412416,1,1
2026-04-09,Silver,,20.083574734631533,0.6458627253680179,42.16597603105562,0.01984215434010444,,,,60.380756184476866,1,1
2026-04-10,Silver,,18.66720843853728,0.12565870834887027,41.00119184981766,0.0054339046874107115,,,,56.95040615188019,1,1
2026-04-11,Silver,,17.471540771956576,0.20365088790903485,36.3582803454772,0.0008863237497625728,,,,57.22247406881502,1,1
2026-04-12,Silver,,22.471381407178264,0.5305330963420868,46.55607623740481,0.018639170716147506,,,0.7070384048534596,69.23636122405235,1,1
2026-04-13,Silver,,,,52.14428643180275,0.014911336572918002,,-0.10272274197248747,0.6823665405120535,68.77157014243713,1,1
2026-04-14,Silver,-0.634443295846477,19.97744680797032,-0.006794093280037235,46.21530327917294,-0.012885899878081187,-0.9431139480536322,-0.4295793760023157,-0.5640495851510261,60.2206645716209,1,1
2026-04-15,Silver,-0.2846154410254904,21.409898547679894,0.233046094295041,51.26042334106873,-0.010662993400088909,-0.03372195240724073,-0.13199554642069508,-0.5658227380437657,62.47315719601645,1,1
2026-04-16,Silver,0.29099682994971954,23.58946955657546,0.40214008877389135,54.38127775083261,0.0018464273076502398,0.6042661051793645,0.05349283198515837,-0.019813249415378258,70.58197098970234,1,1
2026-04-17,Silver,0.11740526639875304,22.42303646130432,0.32371326741899054,46.65719482529972,0.004347062753280485,0.28802737693348485,-0.4092687536110143,0.13182200643226444,75.48207818201391,1,1
2026-04-18,Silver,-0.7743457267252751,21.03010562686832,-0.06501069750785828,50.63102389134256,-0.019369048570541756,-1.2108184323897775,-0.15831244759426658,-1.074664991052518,65.32004495459987,1,1
2026-04-19,Silver,0.09680677373134308,23.552191712910176,0.3281373519225419,56.838430051247045,-0.008332679781721215,0.3470233747050585,0.2321172631108384,-0.6648994973688924,70.38086690815052,1,1
2026-04-20,Silver,0.08683196851366545,24.05137515976243,0.29212691492876036,56.19129142532966,-0.003461574562727457,0.19701624946139953,0.18657878640901948,-0.47727269633936187,74.61547321840894,1,1
2026-04-21,Silver,-0.43633947219193736,23.97272919185766,0.09634432390332223,59.31253123022884,-0.012898484477780116,-0.5977256906429116,0.3850653931802254,-1.0080878407626819,71.1746677703737,1,1
2026-04-22,Silver,-1.1996865304579425,19.476200265645176,-0.2147914287224412,53.56922592947853,-0.03814085370712999,-1.754306400577548,-0.0008499092635320361,-2.2788174988127277,57.36030002610437,1,1
2026-04-23,Silver,-0.831535225839429,18.274755924943143,0.10363561734528592,49.919822447921575,-0.031702374166181976,-0.4678597813088423,-0.24624503787262794,-2.1178692823142384,55.947657551458335,1,1
2026-04-24,Silver,,,,60.161931989763715,-0.02536189933294558,,0.457269042583183,-1.9492101908636557,56.05472328296453,1,1
2026-04-25,Silver,0.1863589858804594,22.568477632990756,0.4032863697502529,58.897600615482474,0.0019882953266419107,0.7312303623559306,0.3617347066183692,-0.9049141053201475,66.19905053469893,1,1
2026-04-26,Silver,0.015553395363335554,21.276640062796485,0.312147054991778,50.43413042650256,0.009690450931704465,0.35135399941742745,-0.23965258313224794,-0.5238085420505183,70.8724676405358,1,1
2026-04-27,Silver,-1.786273958213247,12.597641195143503,-0.5059802586704493,36.860610234317676,-0.03815827687191213,-2.6348936998431514,-1.1807316873933271,-2.3795363868392414,46.315065331620914,1,1
2026-04-28,Silver,-0.23519496371458762,17.52420756355482,0.3087033567726612,50.20555891748065,-0.014027763435830079,0.3788196335856652,-0.21550517827763752,-1.5881076659143611,52.895788795757575,1,1
2026-04-29,Silver,-0.26400878769012526,17.226096688899084,0.2511702309191227,46.16681879385591,-0.0016778801102507943,0.1602149351114783,-0.5020151318505991,-1.1510501063628826,56.52348401081417,1,1
2026-04-30,Silver,-0.698801410709195,15.69111977623218,0.11276226351746757,41.91238312333318,-0.002516688021397699,-0.3619090552154046,-0.7983148731985998,-1.162012711413096,55.034301908627455,1,1
2026-05-01,Silver,0.07478059640172224,18.63666133141043,0.3809873183920195,46.83692345704297,0.014378165158308705,0.661151125225923,-0.42588501752868635,-0.4765697049232457,63.303448702187644,1,1
2026-05-02,Silver,-0.6761286368198843,17.223763093223575,0.0015356259730954964,46.95054892569149,0.0001364897624613077,-0.7988164860994659,-0.41116581928615076,-0.9290859234919351,57.08201591878251,1,1
2026-05-03,Silver,-0.17228766316790137,17.259657149605935,0.2361120431587845,44.65434658021018,0.006311142013323636,0.11789323469387077,-0.5758504618864599,-0.6578730475194678,59.92382099961044,1,1
2026-05-04,Silver,-1.2373588804495523,12.967897564205874,-0.2327681981444359,39.93565231188317,-0.01994867748197343,-1.65572788711672,-0.9160913692048371,-1.6339718925069915,45.685783146959125,1,1
2026-05-05,Silver,0.1834059678342883,18.02754732243521,0.435322555388324,50.43040324290261,0.0074430874126723105,0.9079628111663646,-0.10941550368998743,-0.6582170130716224,56.63780604597177,1,1
2026-05-06,Silver,-0.8206216137797543,15.51804801975155,-0.0937943933531642,48.13383720564919,-0.00939325854495359,-1.1118215542937224,-0.28425033365555713,-1.2563763920734476,48.06644289788744,1,1
2026-05-07,Silver,0.15310294817461337,17.976613646932428,0.3798780616891881,49.76316513031208,0.010948747718829449,0.7055886746119474,-0.15448540901011398,-0.4890408851031656,57.58100030091022,1,1
2026-05-08,Silver,-0.879192370192706,14.768722107607532,-0.11681307594316699,45.21844018131016,-0.008424228640271113,-1.1902191085559486,-0.508412984977028,-1.1715019521189907,48.656730251269444,1,1
2026-05-09,Silver,0.46142799401817003,19.291019046184076,0.5246183197340928,50.997791139187704,0.020977298467923573,1.2512476202541,-0.04483122928643167,-0.024812279635878825,62.70536796434531,1,1
2026-05-10,Silver,,,,51.77387906176132,0.01678183877433886,,0.017868606488672816,-0.02455785637358447,62.70536796434531,1,1
2026-05-11,Silver,-0.04884717924924459,21.366599997131594,0.1354509856208627,59.96563771995285,0.009598769286241768,-0.23968456923820455,0.6785246827310983,-0.18437856577561657,62.50754632523918,1,1
2026-05-12,Silver,0.3613249547238464,21.505980889930317,0.32558759634373713,54.465821357211254,0.017387613910365526,0.49138552793579865,0.22296617308742195,0.22781671304431894,69.57265676427895,1,1
2026-05-13,Silver,-0.3473423466171008,19.903965527573117,0.0380168117993112,51.842594726235504,0.0030262277993601894,-0.624565874154232,0.004598160115586414,-0.23904656593444495,66.03717312713079,1,1
2026-05-14,Silver,0.38368720316953453,22.303524380690405,0.3233951351522572,56.09154155838604,0.012091729942986601,0.49317133722863654,0.35792575924272213,0.1801820749093028,72.79010888532613,1,1
2026-05-15,Silver,-1.4553790271209077,14.213371810525988,-0.5103078429828087,45.42580345797807,-0.03607919059347133,-2.5837908039569912,-0.5401056355664319,-1.7579852208948796,48.156890538565335,1,1
2026-05-16,Silver,0.6817649446210485,21.53735716270974,0.6308046249666802,58.1470207266844,0.008510747254746192,1.5977112801441382,0.5399817816878953,-0.1488625892414283,66.84781004086042,1,1
2026-05-17,Silver,-0.4797291259937626,18.357455428067176,0.00044903883367776546,51.1548382754138,-0.0041664346150711035,-0.6958393775166026,-0.06086872341155712,-0.6175530113341361,60.958339734725485,1,1
2026-05-18,Silver,-0.7138190337783394,16.93538103596212,-0.12023248587949206,53.98307199982143,-0.019537274798468764,-1.1142962725696743,0.18299984066100394,-1.2930183851375465,51.30411886076691,1,1
2026-05-19,Silver,-0.6039184481984663,15.37454265636675,0.05717337592177407,50.09486541066411,-0.01672291296434795,-0.4590404676826923,-0.1562607499444135,-1.3080179350674346,48.45436562976727,1,1
2026-05-20,Silver,0.2801644599401998,19.019981063273633,0.35064387623518706,57.48083282619903,0.004787136673618478,0.6164748522969142,0.49133473311818354,-0.5195294496362298,56.19150091175673,1,1
2026-05-21,Silver,0.19806407448038296,18.79957175357403,0.2782737959969789,52.78090889427828,0.013529686852360502,0.3442166779257948,0.07236256259079267,-0.09801626693694743,60.331862778519664,1,1
2026-05-22,Silver,0.5188129391743289,21.684670015440506,0.3359789621112699,58.89771928806608,0.02208177824049249,0.5537713765392775,0.6144010199718626,0.390696070499018,65.9456925549564,1,1
2026-05-23,Silver,,,,52.45150825788733,0.01766542259239399,,0.03215328309821821,0.3805188031482167,65.9456925549564,1,1
2026-03-24,Small Caps,,,0.06954560627109807,,0.0,,,,53.42033924471251,1,1
2026-03-25,Small Caps,,7.706689499622109,0.05027899424501766,0.0,-0.0012295501691857668,,,,52.62495193261477,1,1
2026-03-26,Small Caps,,6.942526629398469,-0.022083245608330224,0.0,-0.006550940045788312,,,,48.72382930965217,1,1
2026-03-27,Small Caps,,5.774509580279235,-0.08352428366691761,0.0,-0.01344616322627388,,,,42.519293739263446,1,1
2026-03-28,Small Caps,,5.2867958779100785,-0.08106930608234059,1.5785112848402747,-0.01685803466700283,,,,37.41507515289096,1,1
2026-03-29,Small Caps,,26.43168241953793,0.3913853791204654,75.62502007052613,0.012124953423999843,,,,51.89110372881403,1,1
2026-03-30,Small Caps,,16.1351342997678,-0.1313839280990024,41.269618360528845,-0.0036474296442328847,,,,42.93699685357048,1,1
2026-03-31,Small Caps,,22.97179939470821,0.376911369048059,59.26333881660299,0.019163649609327364,,,,56.02366998642996,1,1
2026-04-01,Small Caps,,25.77246493967018,0.4379804452536318,60.7096100375972,0.03637769063995924,,,,70.21603369905323,1,1
2026-04-02,Small Caps,,23.500756383832066,0.1363945889491549,51.65328715390621,0.02595452538926648,,,,70.80303425465897,1,1
2026-04-03,Small Caps,,22.348955114314656,0.03870429641415055,49.27240104822432,0.011708277138135242,,,,67.62188236585732,1,1
2026-04-04,Small Caps,,20.431660421111683,-0.07408592131659389,46.78270674106592,-0.0051777210798641966,,,,60.367557100340335,1,1
2026-04-05,Small Caps,,18.778139332409054,-0.11538478184808047,45.932875737764725,-0.018258859033967748,,,,52.29668384915222,1,1
2026-04-06,Small Caps,,18.023341760242122,-0.07177787027479365,46.950404196251405,-0.02280934576645678,,,,46.79780903153999,1,1
2026-04-07,Small Caps,,16.75778397491098,-0.1023857050714298,46.33829260895768,-0.026458666166866367,,,,40.78783527717883,1,1
2026-04-08,Small Caps,,17.450678869546095,0.020721730997053284,49.397168000189254,-0.01948179543127259,,,,40.781798352109696,1,1
2026-04-09,Small Caps,,15.5738072995408,-0.15592946800142526,47.381543578740484,-0.025295865894451208,,,,33.697976303200015,1,1
2026-04-10,Small Caps,,18.13923094214526,0.13513313051382234,53.92500030467836,-0.008916211030519882,,,,38.931689147344834,1,1
2026-04-11,Small Caps,,14.172301959566635,-0.26985444252043966,47.03910775077101,-0.02388458166920039,,,,26.49275989215473,1,1
2026-04-12,Small Caps,,14.648250343754878,0.11182280264943838,45.48684936355919,-0.007459071959489961,0.41423788604636735,,-0.9500956548959261,30.69838733954483,1,1
2026-04-13,Small Caps,0.3749378875684687,18.285261835229928,0.15875178905568,55.53406981913731,0.00643661028369474,0.6389979240103748,0.6452620836457678,-0.3185099761099861,37.011285945449345,1,1
2026-04-14,Small Caps,0.8165016346916009,19.02728828528739,0.3368501108056933,49.12574381296232,0.026374461266375937,1.4689105794252577,0.34737945469954945,0.7453218022368349,50.07214534680954,1,1
2026-04-15,Small Caps,-0.15356581338678388,16.330255407086998,-0.03633903567258802,40.88997285946083,0.01381226041794886,-0.4477617449357798,-0.03127086323177628,0.35796535790515244,46.68135990137065,1,1
2026-04-16,Small Caps,0.27288532115222275,18.378365865492626,0.05372096507906913,48.27169656333847,0.011070185445258255,0.025771163251533526,0.30977085547040484,0.3508348446811965,47.45497092420565,1,1
2026-04-17,Small Caps,0.7592099666444916,21.319044070877904,0.23197864843898142,53.908758537298006,0.020230258091451514,0.9471089100584976,0.5656125869302512,0.9290095327098955,55.70103572561054,1,1
2026-04-18,Small Caps,0.7714843260460382,22.58634461621529,0.1918734242398478,55.54165320614456,0.022388660662626847,0.7097749320641369,0.6275720820375353,1.2035330765749208,60.38429091779913,1,1
2026-04-19,Small Caps,-0.675820516234956,17.49801059270156,-0.3096495164060344,46.603600808037676,-0.009452223947824146,-1.8440641954542543,0.18116460052511618,-0.25788805468087206,44.33571330551337,1,1
2026-04-20,Small Caps,-0.32763449719875437,17.900731711997537,-0.0669321323636387,50.07920529212803,-0.013416828931351526,-0.5776365091905108,0.3495301517133612,-0.5639768045932197,41.13347602654956,1,1
2026-04-21,Small Caps,0.22123166325173615,19.2672189215483,0.08588617751184437,52.95914790948636,-0.005407859979191328,0.21687553153421027,0.4867209199276849,-0.26470770634473756,44.293019959096775,1,1
2026-04-22,Small Caps,0.5881056697213902,20.747352935018824,0.21338409092815386,53.0239813622273,0.00808250682034603,0.8681974846416908,0.47982877504937654,0.4245525248643059,52.23062831492946,1,1
2026-04-23,Small Caps,0.7950763353682576,23.01682998212863,0.23165692827449336,56.40173902104997,0.017312409425831777,0.9360828398373068,0.6429633074644691,1.0086194242190163,59.979357950214784,1,1
2026-04-24,Small Caps,0.22263691821647077,21.359039871394145,0.07925757043562828,49.03280382217815,0.01245672960874903,0.11958093844366152,0.24517150458512363,0.9025756411143238,60.8692101117874,1,1
2026-04-25,Small Caps,0.27646805169727007,23.292797871763295,0.069433627506271,56.80380701756907,0.0080974608627638,0.06522997257868142,0.6520986167542321,0.7764315843525482,60.59547729541538,1,1
2026-04-26,Small Caps,-0.4089641873621074,18.861393608262087,-0.12729043863281606,44.82083754939224,-0.00766813195165612,-0.9903004687656253,-0.004241743945534068,-0.03618139266321169,52.44002031981758,1,1
2026-04-27,Small Caps,-0.7648731925700267,16.686510135554002,-0.19830671710943185,42.346023910289105,-0.02171667473208636,-1.3260939171255581,-0.13989445859715433,-0.9204945265469023,43.256546761063916,1,1
2026-04-28,Small Caps,-0.20112684569205588,16.95279540124486,0.004936151674818245,42.96090922888156,-0.016400481235973256,-0.21533340519189206,-0.10366821892946777,-0.8429255068833331,43.02584234563236,1,1
2026-04-29,Small Caps,-0.5540816541978656,17.69794570012004,-0.09531542341933937,48.585501654557746,-0.0185564562224143,-0.7529471386991748,0.21572850307522384,-1.1258005178108585,38.57313235456449,1,1
2026-04-30,Small Caps,-0.03606988917617596,18.40605630958455,0.04125883074432611,49.70762973263317,-0.010126856810160827,0.006121747285091837,0.2769470725967689,-0.8309318801274682,40.33645818276784,1,1
2026-05-01,Small Caps,-0.9800448155247011,14.379068325691197,-0.22089585475623608,39.77766061841011,-0.02092718624264594,-1.4129767658584298,-0.30355179480195577,-1.514642497869475,31.24574865453885,1,1
2026-05-02,Small Caps,-1.0910911735726372,12.912429271221765,-0.23315745522528886,40.284022501841115,-0.027219001232352796,-1.4234272220288502,-0.26965639346609976,-1.9813570082707102,21.73950327738312,1,1
2026-05-03,Small Caps,,,,52.26877742671681,-0.02177520098588223,,0.4471816061428546,-1.8680766923404224,21.73950327738312,1,1
2026-05-04,Small Caps,,,,44.24043723841465,-0.017420160788705785,,-0.04206369765830428,-1.7723243362490588,22.49478155871078,1,1
2026-05-05,Small Caps,-0.09045303924204953,13.759425086501768,0.09777299354157985,37.63607035967797,0.004747951764569058,0.3831632681336521,-0.4437219462543428,-0.7872281726720047,29.627428334805366,1,1
2026-05-06,Small Caps,0.6363883727782322,17.41436735761179,0.3192561738765,41.870480774147275,0.02784527037262134,1.542227720609751,-0.17740885072399215,0.46026562262473697,43.43283060373411,1,1
2026-05-07,Small Caps,-0.43444933810322117,14.324442720591586,-0.07117045648656786,31.958186351353334,0.016186588175698433,-0.5706036436650674,-0.7882612019636215,0.13823303601001716,39.737991554125635,1,1
2026-05-08,Small Caps,-0.4544672832812804,14.619678207791246,-0.07498463095087898,34.91165815435137,0.007990496625272495,-0.5825307421305231,-0.592029541300027,-0.12432331431082337,36.502685191624266,1,1
2026-05-09,Small Caps,-0.6893350843981546,13.264232171155681,-0.14438299480655364,33.66426275745357,-0.0018092992354371805,-0.9451530626488417,-0.6612140647112922,-0.5578417494348883,29.843265350584545,1,1
2026-05-10,Small Caps,0.3132550198051153,17.72491605728207,0.11884777019110819,47.55480503172605,0.009131193283561758,0.5026537148522091,0.22896202097755478,0.015584284084299424,34.46666005502621,1,1
2026-05-11,Small Caps,-0.33916899071718554,16.39852902430462,-0.08315655582558365,44.21451687550392,0.0027867495855747795,-0.6139541421571268,0.011915791340088138,-0.2295876810996409,31.339809827156916,1,1
2026-05-12,Small Caps,-0.4345340901639483,14.590605825903587,-0.06448529786129947,38.08668533809726,1.76776192443856e-05,-0.5025931273499861,-0.3858037867241851,-0.3481149600870171,29.113077437507208,1,1
2026-05-13,Small Caps,1.2913825068005964,22.270833072429248,0.4461197985932995,55.034495431901874,0.031028766750442728,2.232632281499665,0.7254387984924947,1.345425178582769,47.86923856486261,1,1
2026-05-14,Small Caps,0.5213410531151091,19.82743460251094,0.0857743831812404,43.81231736655101,0.025934206087421047,0.28223265016680865,-0.021208135048810747,1.3673375709655435,50.03184040983349,1,1
2026-05-15,Small Caps,0.642498529939271,21.768054558571862,0.09613180285179364,49.66297868977568,0.02207466850830756,0.33508398340189083,0.36808989570103345,1.3991397921545965,52.14759243390423,1,1
2026-05-16,Small Caps,-0.3847246675797461,18.50842080208056,-0.19897357064545154,43.67397352389147,-0.00035269166866871374,-1.2568370353002123,-0.037634188941801504,0.4159461742207292,41.78770084679393,1,1
2026-05-17,Small Caps,-0.35225192987542653,17.992500567769063,-0.1232074470576644,45.43656660140497,-0.009573367675370896,-0.828855384038437,0.08227755791545614,-0.09201320940082006,35.63558978818277,1,1
2026-05-18,Small Caps,1.3206329872153364,23.83998244574552,0.4463265752548533,55.827208839080555,0.021499946578775613,2.169830306310892,0.7885881166318284,1.4755681442969102,53.59470058410577,1,1
2026-05-19,Small Caps,0.7230652846415294,22.869283516593413,0.12310366989235792,50.38218080057841,0.01917717461619018,0.457228727026096,0.4067124300878834,1.5358856273703345,56.34807075589977,1,1
2026-05-20,Small Caps,0.15055022730576648,21.21008339521086,0.004775728612870442,45.102786160502056,0.009076355622826902,-0.170945219066698,0.03743097225210289,1.1730368918860634,54.47551996385893,1,1
2026-05-21,Small Caps,1.6411275324168941,27.848771765851332,0.49255020463519783,58.52016014510016,0.033289262514845826,2.3066737537164514,0.9670470351530994,2.416440501046443,72.89888728005866,1,1
2026-05-22,Small Caps,0.5923716666955112,26.152300542651872,0.08511744624988643,52.15667737817243,0.020534160139707915,0.2067380982857568,0.5125991521703823,2.011850421604839,73.26798364548844,1,1
2026-05-23,Small Caps,,,,53.15042052962064,0.01642732811176633,,0.5766975970640908,1.9179159229906775,73.26798364548844,1,1
2026-03-24,Streaming,,,0.20964871836102494,,0.0,,,,86.8574003143184,1,1
2026-03-25,Streaming,,38.09180280367622,0.21290086097560157,100.0,0.00020754414406414233,,,,86.76172159264004,1,1
2026-03-26,Streaming,,12.484419470203102,0.03965254423653543,1.8425689238918608,-0.010730026883932995,,,,79.20637022999713,1,1
2026-03-27,Streaming,,11.289978778000668,0.013909089628101478,1.6080299035284895,-0.018641903033596904,,,,71.57783589295519,1,1
2026-03-28,Streaming,,9.86788319333981,-0.00712432578552442,1.4565485101733344,-0.0238995062636662,,,,64.3616177137834,1,1
2026-03-29,Streaming,,16.217971051449204,0.08011935948399729,29.1432217518326,-0.020253386980751086,,,,61.81671063305457,1,1
2026-03-30,Streaming,,15.294567867243206,0.07042041836997738,28.260521012668292,-0.017358212892581843,,,,58.47890384553225,1,1
2026-03-31,Streaming,,15.814065979950865,0.08860471471930374,32.11547241390949,-0.01326648056103194,,,,56.42611033762637,1,1
2026-04-01,Streaming,,14.986219135485278,0.07599627111464176,30.961878462143517,-0.010574147807479985,,,,53.75484557840275,1,1
2026-04-02,Streaming,,13.607162799792054,0.04229723675892035,28.249755788300334,-0.010221919738835853,,,,50.21159647242483,1,1
2026-04-03,Streaming,,13.140878550602714,0.04525879713359671,28.797878873817922,-0.008991996996091448,,,,47.140548224018104,1,1
2026-04-04,Streaming,,15.032268847930975,0.09566060311455941,36.9898886998149,-0.004228406592340625,,,,46.490250541297236,1,1
2026-04-05,Streaming,,14.330589032731265,0.07626150347480361,35.421340041279734,-0.0019445903727431518,,,,44.904884705180564,1,1
2026-04-06,Streaming,,15.356799292307066,0.1083260214379785,39.65120694036165,0.001953949971211913,,,,44.70971266234055,1,1
2026-04-07,Streaming,,15.782918744304425,0.12059184353688486,41.12633820415464,0.005392240223125108,,,,44.786512418850215,1,1
2026-04-08,Streaming,,14.695189879647057,0.08049909104422265,37.7097407343694,0.005008121859898601,,,,43.029831574820776,1,1
2026-04-09,Streaming,,19.37742828556039,0.08878474679627478,56.574057459160585,0.005324310419026257,,,,42.063885541145666,1,1
2026-04-10,Streaming,,21.533049153172918,0.12021494200060583,64.01086925285246,0.0075277579206775025,,,,42.5033460440147,1,1
2026-04-11,Streaming,,17.78048167487536,0.01205223294031646,52.055371875162415,0.0018729440874591732,,,,37.88942781480709,1,1
2026-04-12,Streaming,,14.99505017253217,0.025996223388572066,43.117586735836,-0.0006225455446726771,-0.9393563306950998,,0.0075442085891249495,34.44287726365302,1,1
2026-04-13,Streaming,0.34773601735924964,17.3036728182393,0.08515127458540418,51.66392093102348,0.0018796688991900637,0.0874691980022205,0.6479188061524875,0.23687337301438244,34.25994872168233,1,1
2026-04-14,Streaming,0.9643881518124039,19.583853949467585,0.16401367961034094,57.490961095265305,0.008636570356106706,1.3895930109602657,0.8676495967183269,0.9188249797605925,37.928416852901194,1,1
2026-04-15,Streaming,0.9490013125501502,20.139389794639925,0.1477662712065887,57.07830007968304,0.011616648676205921,1.0549552597975096,0.8167462672819382,1.3109589749659907,40.48044060661052,1,1
2026-04-16,Streaming,0.7804644374758457,20.531709787487465,0.11408706261475358,57.080532284100094,0.01093433333720632,0.46019675264662907,0.78783589205765,1.3809652474716576,41.344361251012636,1,1
2026-04-17,Streaming,0.3217066471204546,19.45831088091371,0.08070880218596281,53.29847951946196,0.007986552953814341,-0.12525195815645293,0.5993403785011201,1.238169016626417,39.67676264150322,1,1
2026-04-18,Streaming,0.5044434437919542,18.367084164657264,0.08901504343565854,49.32910178649395,0.006415355033451264,0.023709529583021964,0.4076398487075263,1.1816694346254641,38.47462169435319,1,1
2026-04-19,Streaming,1.206390863630841,21.50527582441714,0.1825891000482618,59.336018856284035,0.011216308006830066,1.6183803874052218,0.8458436353884534,1.6346213422586093,41.37698129640734,1,1
2026-04-20,Streaming,0.9781695976020278,20.45855316461987,0.15009804810496627,53.665017828769656,0.011688782871534947,1.0046284075056537,0.5655052459819786,1.740261187186313,42.15498104491391,1,1
2026-04-21,Streaming,1.4592691211972002,22.535462588574028,0.22701577400675135,58.38608748891294,0.016379055103800343,2.123532933973501,0.7675821142044522,2.117740835412861,45.73977678011708,1,1
2026-04-22,Streaming,1.4322543182689926,24.00532333346421,0.2185520618391583,61.44912123645838,0.017980914102312225,1.8315691070978726,0.8859228300199873,2.2427726795289,48.339276816188104,1,1
2026-04-23,Streaming,0.6213768635315621,21.870418965815198,0.1289317777851072,52.9337281338466,0.012342838461117852,0.4156981923475999,0.4667970472977689,1.9208935224217254,46.52001567548662,1,1
2026-04-24,Streaming,1.0835602370512725,22.69571348604825,0.18478181396872903,54.555611153072455,0.011717913457010603,1.2515963572967916,0.5346482825313151,1.896755215573567,47.18893091524658,1,1
2026-04-25,Streaming,0.5825901590750989,23.61965802648407,0.12600245823644357,58.642167457396205,0.006925806260746089,0.3195110578792264,0.7188259935678928,1.6293456355298621,45.881159380703735,1,1
2026-04-26,Streaming,1.2347471042036644,25.21621679093206,0.21092801727624214,62.66221866471974,0.008928126802438168,1.587229668512238,0.8934389586001772,1.739180115102874,48.43160521329304,1,1
2026-04-27,Streaming,0.4431788271340573,22.52151836027152,0.1257696178932359,52.68549714563243,0.004209388182507812,0.2558354357793882,0.3892751683990318,1.4779041738316525,46.14038605524845,1,1
2026-04-28,Streaming,0.7774434516251809,22.044397249004078,0.16545905033470176,50.100781589826035,0.0034832868770274944,0.8616712504145442,0.25482030065469513,1.420890117183065,46.395564781316,1,1
2026-04-29,Streaming,0.30232003035268695,21.434097022417575,0.12367082507037758,48.37767661274795,9.010383675666159e-05,0.19607496120296122,0.16421115863283686,1.21112727216679,44.92056679901304,1,1
2026-04-30,Streaming,0.18051676729636087,21.399500574123238,0.10719384920218872,49.52488076496198,-0.0031817786630837196,-0.06795897669654223,0.2207078801462123,0.9845368919413263,43.09500924349315,1,1
2026-05-01,Streaming,0.27107524556012963,22.06974324518012,0.12288512500314337,52.9796803771341,-0.004145960259188938,0.18535210499751675,0.39658767429082875,0.8660910506170306,42.062731859115694,1,1
2026-05-02,Streaming,0.6934695534950559,22.74820024391313,0.16141933839434922,54.90570391031938,-0.002145943250111671,0.8045621940143926,0.4913100393078928,0.91650812937644,42.896538587026214,1,1
2026-05-03,Streaming,-0.8907340231746613,16.77261993262217,-0.043066374812801934,36.70850932805069,-0.0138969411157637,-2.3652721912467767,-0.48044619934508154,0.16192682940040534,34.808585859359205,1,1
2026-05-04,Streaming,1.6921083673038066,24.52556746588015,0.39467762146885504,59.7510053601504,0.007366471655990159,3.6051674578166515,0.7570189790832479,1.2759715284776962,46.34600741612611,1,1
2026-05-05,Streaming,-0.09749125514671707,19.757189517023576,0.06569576173631343,44.64476210682124,-0.0007394284121813796,-0.6386057258529774,-0.06750783630937719,0.8471859896145685,41.676488482970775,1,1
2026-05-06,Streaming,0.46299260579807866,20.37233853605818,0.1481623174939521,47.77274693216454,-0.0005691581493542045,0.42959164075655604,0.10428435370430893,0.832164908289943,41.24422885671004,1,1
2026-05-07,Streaming,0.511199073927104,20.919308892325418,0.15094659631014742,50.73709217158403,-0.0003043100431798741,0.4599759400523111,0.26696664400939096,0.8257830153980997,40.77597525895838,1,1
2026-05-08,Streaming,0.8112773039613927,21.181970486087007,0.21387995130603307,50.969653999324194,0.003845200954283293,1.2578995399223643,0.2768215315574458,1.0567639118868748,42.78641425958917,1,1
2026-05-09,Streaming,0.41246729237356605,21.37388218972757,0.16492365988691185,51.305540736833954,0.003062719339981863,0.6040496405201279,0.2925832935886215,1.0324330279932117,43.07462090921826,1,1
2026-05-10,Streaming,0.3097613909811099,20.598663729666853,0.15553140727622472,48.04263718623004,0.001747883255457868,0.4733821199215119,0.10294839617795622,0.9683897699489329,42.93354345069433,1,1
2026-05-11,Streaming,0.031934883363367195,20.027321803070414,0.09963510541658623,49.05707455664911,-0.002803459977996593,-0.2713602392186485,0.16049734343710223,0.6949753603699262,39.151691014764125,1,1
2026-05-12,Streaming,-0.41598752452607024,17.818909926185107,0.03095083714609825,45.246440006739086,-0.00995450274674957,-1.1702684666824579,-0.06378590895670738,0.20801383825355202,33.08417230679207,1,1
2026-05-13,Streaming,-0.29736417305572094,17.514254886775515,0.06473655016989437,47.90539777630302,-0.011798034198212683,-0.7052783339632946,0.09387830121565562,-0.035083776682179206,29.12990835268659,1,1
2026-05-14,Streaming,0.4489567771920855,18.39570668171948,0.16977251813714864,52.092411357504005,-0.005644364491263455,0.7044242730535122,0.3424451412072788,0.20617580846319533,30.074982547626387,1,1
2026-05-15,Streaming,-0.972284349812494,14.434781798768347,-0.06563163192053927,44.50415676179867,-0.016514017917997555,-2.334817145412902,-0.11778828156340052,-0.5635692800286003,20.5264714740152,1,1
2026-05-16,Streaming,-0.812666200959495,13.685422656232806,-0.00876015275712733,45.09122783807542,-0.018793768659464957,-1.5461187123209597,-0.08097831428970396,-0.9115527576005911,15.673283138539512,1,1
2026-05-17,Streaming,-0.635614402654642,14.763239754446138,0.016965207442971086,51.9306958301583,-0.017514864259761363,-1.1901018727784984,0.33951279342663576,-1.0526082320449108,12.505719623554773,1,1
2026-05-18,Streaming,-0.420152777951442,10.545054744911816,0.07421294665146735,36.35351426732938,-0.012020901537268605,-0.4563383529832921,-0.6263069204254802,-0.9076936627356074,11.64330455964937,1,1
2026-05-19,Streaming,-0.6875353440799359,12.556170632304148,0.01683767948013385,47.29335792393664,-0.011460598942293287,-1.1670571451991225,0.06093654797030586,-1.009687411194863,8.303758720734047,1,1
2026-05-20,Streaming,-0.7060472810938657,10.916406153145097,0.029229806965764195,42.856773725903864,-0.009543477761367991,-0.9913144752786412,-0.21854890808098992,-1.015875346656337,5.85256245495841,1,1
2026-05-21,Streaming,0.0322121906461454,12.531773327776333,0.12116653236528688,48.38439298864047,-0.0017783257124647893,0.18190385295730332,0.1340119218588304,-0.6263760110713276,7.513364517764269,1,1
2026-05-22,Streaming,1.8504946174614094,18.67561192050005,0.4828733751315821,61.020612604460155,0.026465348509774625,4.062798757401161,0.9345229226903307,1.1781530337340407,24.177772832314314,1,1
2026-05-23,Streaming,,,,63.570727585923144,0.021172278807819703,,1.0792565259736087,1.1584180329353084,24.177772832314314,1,1
2026-03-24,Tech,,,0.14029539509738825,,0.0,,,,45.85040363821645,14,14
2026-03-25,Tech,,6.548338641333251,0.13860644063747252,0.0,-0.00010778512792624096,,,,45.35071159886921,14,14
2026-03-26,Tech,,5.903072531809037,0.08261640368141505,0.0,-0.003742600174944113,,,,41.35221851170602,14,14
2026-03-27,Tech,,16.057974974970527,0.12578683119805342,42.806818297570175,-0.0030608269057417307,,,,37.86200790198832,14,14
2026-03-28,Tech,,16.83741343318453,0.13237285828842424,46.31288503830047,-0.002036994111207932,,,,37.324093771493196,14,14
2026-03-29,Tech,,23.93136387163031,0.2387514035077321,73.02375252393452,0.0055207320552080556,,,,39.86961847044624,14,14
2026-03-30,Tech,,16.98555441716668,0.12043851337533405,47.01064821373903,0.002425722161309669,,,,37.26833772096682,14,14
2026-03-31,Tech,,15.69221330400174,0.09889811587362769,44.14742588637543,-0.0010137050944775874,,,,33.87127049953423,14,14
2026-04-01,Tech,,16.986464637445454,0.139877911942014,49.94710677186285,-0.0004965028860579965,,,,32.81100891037454,14,14
2026-04-02,Tech,,14.522777102860715,0.07383452584401806,42.786819472782724,-0.004355312406206909,,,,28.953680379442723,14,14
2026-04-03,Tech,,16.645346798476165,0.15147700778365417,51.03854063103762,-0.0015750130692230584,,,,29.127548193070417,14,14
2026-04-04,Tech,,16.812018058837815,0.15512012172423903,51.36765512401197,0.0005019261767218453,,,,29.420920463739474,14,14
2026-04-05,Tech,,17.75612593254583,0.1870956477045372,54.07702095448652,0.0038361007121090695,,,,30.72644937600584,14,14
2026-04-06,Tech,,15.761640303131797,0.10456402893369397,47.278577268041786,0.0004671813136812597,,,,28.867563072026712,14,14
2026-04-07,Tech,,16.842036695217953,0.15819919458829526,51.2606207862399,0.0017622780906688016,,,,29.185181043226045,14,14
2026-04-08,Tech,,16.19223343539135,0.12881630847915027,49.336543171489296,0.0006107640298054802,,,,28.01961454379201,14,14
2026-04-09,Tech,,16.60210569679753,0.1116046058838434,52.07344733372876,-0.0012385295926566208,,,,26.347204350353316,14,14
2026-04-10,Tech,,16.93760988560931,0.17525419853447663,53.43755834959728,0.0017349669167466494,,,,26.245571506372716,14,14
2026-04-11,Tech,,17.998227163280628,0.21674594381216514,55.59192587475064,0.006157402852218347,,,,29.128223989090884,14,14
2026-04-12,Tech,,16.10079734906008,0.19295260425824942,46.591507453056145,0.0070757989871562815,1.1562876218879161,,2.471255103110982,31.09520102110887,14,14
2026-04-13,Tech,1.0715286905693469,18.36449383197647,0.18177673200975195,55.43107714702206,0.00653887712622917,0.856649656399615,0.5768184382861278,2.280877617343469,31.0595923965267,14,14
2026-04-14,Tech,1.7310770943980522,20.933725845114832,0.2590658884008773,62.90748362739562,0.010748664504553654,2.262641105424717,0.9706535578954647,2.8357267117852984,34.82069074953419,14,14
2026-04-15,Tech,0.680056143439389,18.514577904801417,0.17390637083017219,52.559973934431206,0.007321320021127519,0.4727614961120494,0.34971282494762035,2.2038367592667343,35.72320242887536,14,14
2026-04-16,Tech,0.6109934284314551,19.994455231907168,0.16925864068748134,57.90943769648753,0.004408223717987799,0.36537563583519495,0.6521371349450058,1.7541102319280377,36.32189847643249,14,14
2026-04-17,Tech,0.8623009343864911,19.16803390213748,0.19261897939273434,53.74735163011365,0.0037475198218575485,0.8412204222747612,0.3880208646881943,1.6516078957043232,37.343621848910566,14,14
2026-04-18,Tech,1.270775834703195,20.512188672482274,0.24214148152342138,57.31484991418057,0.006194273834853039,1.7587123442290586,0.5941330103425351,1.9769173864066907,39.76793006216112,14,14
2026-04-19,Tech,1.5322765025854672,21.331448018754934,0.282469142853365,57.905905391791244,0.009859548113273001,2.271206705396305,0.6148452149051506,2.3863606844384564,43.39478980826311,14,14
2026-04-20,Tech,0.500457429183531,20.6696352265428,0.171843230306808,55.32885045567292,0.00444045121889023,0.18189640756375888,0.4400586496905721,1.745218971602905,43.21510134764255,14,14
2026-04-21,Tech,1.0019499401295504,21.053687796712616,0.22829401548147568,55.527209064216315,0.004263848321146641,1.2105035706862117,0.4434190130581359,1.7114207189635946,44.68523475615855,14,14
2026-04-22,Tech,1.03816160055363,22.218886774407903,0.23158883263190985,58.45167847977315,0.0039803890421476265,1.2188700741158722,0.6213560129211326,1.6683616451617258,46.911961229299195,14,14
2026-04-23,Tech,0.14893675534992942,20.774473171259487,0.1537420800592832,53.15100380505463,-0.0015425238726715501,-0.24323616852556185,0.2628372515190564,1.0271565896645303,45.66279847203329,14,14
2026-04-24,Tech,0.252218915010045,20.87023168573852,0.18844927237249623,51.031359353096754,-0.002873459060159733,0.4133752489606908,0.11711223319801863,0.7965328480703436,48.88855438038753,14,14
2026-04-25,Tech,0.8247301627143344,21.565145998981563,0.24312211388284619,52.020003333667006,-0.00022646371566328524,1.4051822082002963,0.1824019113948093,1.0292639378559412,51.423935554096694,14,14
2026-04-26,Tech,0.4688016930290285,21.735064036530606,0.21912900103165817,52.00409058178179,-0.00024469972167411036,0.9215252299794204,0.17851403304334296,0.9908942274720384,52.53561138439094,14,14
2026-04-27,Tech,0.4860118857321487,22.451545186027978,0.2217136260749455,53.09836702027689,-0.0002358082803556212,0.9443443070012383,0.25247550795883605,0.9583788908197811,54.77536049667434,14,14
2026-04-28,Tech,0.09696661202248366,20.311523021135002,0.19309161338532685,44.46353429836424,-0.002201377245591586,0.39047140019004106,-0.3651815391194943,0.6854886722920333,54.20323834417265,14,14
2026-04-29,Tech,-0.08306464537629986,21.483627170077114,0.16613377156277115,49.277120997035915,-0.005190240487930004,-0.12987874195894766,-0.01286889671551998,0.23817937490678612,53.371590752240834,14,14
2026-04-30,Tech,0.16335574245499604,22.51824737643568,0.20076417018365408,52.775344205923176,-0.004721556376935467,0.5408981613289872,0.2433076919989848,0.16132216621951048,54.27489153164024,14,14
2026-05-01,Tech,0.839566143359893,23.609045761737747,0.25908232194901804,55.515130224435794,-0.0005878593154313699,1.615747005536476,0.4423745666003504,0.5753989073023924,56.607605372716776,14,14
2026-05-02,Tech,0.05833938524906182,21.354563615311953,0.198099823926275,46.41363109669462,-0.0019858472813369943,0.4279878798465638,-0.24637872778761605,0.3669085928824828,57.064314767493784,14,14
2026-05-03,Tech,0.5130102002136208,21.56574316865145,0.23694093387964335,46.283581721496226,-0.0004026678141016097,1.1540214312489234,-0.2530371849374433,0.5196592632877343,58.919192371762236,14,14
2026-05-04,Tech,0.0926098828639865,23.03396812648808,0.19273583510900688,51.91286649749698,-0.0023328405066170375,0.2888822005269817,0.18340874181509967,0.24137750213613626,59.306038838487495,14,14
2026-05-05,Tech,-0.09629150613731675,21.412688540100874,0.19056269543790447,46.16418769842252,-0.0036762329751098017,0.2430689572938326,-0.2667619689238191,-0.009181824093138875,58.14607508903869,14,14
2026-05-06,Tech,-0.11762390521002077,21.61673546559347,0.1942116135385563,46.202919807054826,-0.004201491109777392,0.31191596797099885,-0.260445166588389,-0.18371936345204784,59.33128170371644,14,14
2026-05-07,Tech,0.11047947249108717,24.064016621800405,0.2031180963988055,55.83305180189651,-0.003841322046091073,0.4846481278386063,0.5094404129372442,-0.24886021180008847,59.54804954064385,14,14
2026-05-08,Tech,-0.2072403315504923,22.383519670299435,0.1827553339470826,49.30374756271086,-0.004804204733075027,0.07006227394261068,-0.02187627333857304,-0.4902942080464278,59.391188054738926,14,14
2026-05-09,Tech,0.1887665699102794,21.97039779756831,0.2181665016024235,46.79758444820279,-0.002975563048327582,0.7840476374548153,-0.22569391555017984,-0.36053087012354706,60.935352200111865,14,14
2026-05-10,Tech,0.603710270586854,24.018597785418194,0.24882172950575773,53.74624915240039,0.00021016055885656262,1.3731063888306678,0.3485125364828074,0.01730557376904804,62.8958850804979,14,14
2026-05-11,Tech,-0.19982889460458236,22.148494963920864,0.18765218408834186,46.25603281807585,-0.0017810455840105745,0.12232130414820212,-0.2778558534364569,-0.26727070294416705,63.1491368918355,14,14
2026-05-12,Tech,-0.5000860364087755,21.813072352338907,0.1588864223199424,46.241419957824476,-0.004840675549605215,-0.46571141331052185,-0.27606951526269047,-0.7637130148585866,61.34237938297743,14,14
2026-05-13,Tech,-0.08531847863968357,23.522957152703576,0.20015379015337129,53.62425856765422,-0.003929198410107196,0.3885398144473035,0.3527176429134244,-0.7602110058237114,60.859900434068564,14,14
2026-05-14,Tech,0.09042722819500526,22.61352187158458,0.2052746216063964,50.512751663178285,-0.0028743214769890524,0.49012496268360933,0.08281422499848316,-0.7093897860643417,60.532983573199125,14,14
2026-05-15,Tech,-0.7968747250124609,19.063302831909997,0.15564620746326682,38.00430067951555,-0.0052722805129456,-0.5523402792229557,-0.9904294263258415,-1.1327747269907789,58.60203879450639,14,14
2026-05-16,Tech,0.6921446209850132,24.271990909193292,0.267070971790915,57.16091438962314,0.0005813489275108001,1.749022013569442,0.6736137129865518,-0.40626123199876263,61.495381012180054,14,14
2026-05-17,Tech,-0.2947151881410067,21.204680590589817,0.18955113382411345,45.44555972335887,-0.0007592708839736064,0.13166194675516774,-0.3514894082691138,-0.5847535053881231,61.17939270622196,14,14
2026-05-18,Tech,0.2885862558497533,23.102846561905857,0.2196805219885721,52.661552681905796,0.00033282341038739713,0.7548454459143203,0.28467916727030923,-0.4366187990272635,62.03714283004102,14,14
2026-05-19,Tech,-1.0703083079381168,20.172332773960512,0.10594943750641692,43.15140309800181,-0.006289151462609779,-1.5949413752791917,-0.5580964703244558,-1.4059294059975216,58.965310380748164,14,14
2026-05-20,Tech,0.11706614106167156,22.518379643451553,0.21960451852095794,51.744622784367415,-0.0028734324634119646,0.7602502579016593,0.21227186090521266,-1.0573865504938555,60.24263982718868,14,14
2026-05-21,Tech,-0.04999661275959302,22.135865751726428,0.19800988735768663,49.655053916386024,-0.0019701105710934036,0.3062763373969641,0.02265709098297295,-0.9903394645975201,61.44422025216007,14,14
2026-05-22,Tech,-0.8912156617489124,21.05079828809685,0.1293492527024146,46.614441688294185,-0.005688016246000003,-1.1178500065608592,-0.2531459404869779,-1.5682407347410783,59.44859081364571,14,14
2026-05-23,Tech,,,,44.1049656281055,-0.004550412996800002,,-0.47958726226811055,-1.531688498611919,59.44859081364571,14,14
2026-03-24,Tech Tilt,,,-0.07550250591540743,,0.0,,,,4.115429927484557,1,1
2026-03-25,Tech Tilt,,26.70457741966932,0.18920035236153784,100.0,0.016892718021092802,,,,10.703456862481856,1,1
2026-03-26,Tech Tilt,,24.043545530256274,0.14738499218125115,86.35795275375413,0.023888141698007376,,,,14.922547512260845,1,1
2026-03-27,Tech Tilt,,10.859662053728083,-0.24069064049976766,38.10901260400869,0.0021614537830437416,,,,8.267506474726694,1,1
2026-03-28,Tech Tilt,,14.90409040261947,-0.014321885032724179,53.321558358824014,0.002778730651306009,,,,9.1888157018577,1,1
2026-03-29,Tech Tilt,,15.941351960972755,0.039251294470739585,55.887613467964556,0.006334669832469818,,,,11.402417562411609,1,1
2026-03-30,Tech Tilt,,16.930926015775185,0.08772633290518318,57.97786469627417,0.011206307965465245,,,,13.856704257556562,1,1
2026-03-31,Tech Tilt,,15.594067824751445,-0.013438205662730808,52.760436773890675,0.0070720317296021455,,,,13.668152162775295,1,1
2026-04-01,Tech Tilt,,17.002934735573646,0.08326877147573293,56.50231689642933,0.010121327710349258,,,,16.197182788555402,1,1
2026-04-02,Tech Tilt,,16.53142151716135,0.02917503555888588,54.10507865328092,0.007866480691099957,,,,16.994307270922743,1,1
2026-04-03,Tech Tilt,,18.7520464704329,0.19069693942868315,59.26556977606673,0.01614745951750003,,,,22.115816225378328,1,1
2026-04-04,Tech Tilt,,15.834075907800727,-0.08899178054858,49.6069986257012,0.0024041526853500854,,,,19.26240552884812,1,1
2026-04-05,Tech Tilt,,18.66227926204503,0.2040247240032469,56.956171214626586,0.012120127072954831,,,,24.609220840382086,1,1
2026-04-06,Tech Tilt,,18.20127061778477,0.09611618723478679,54.053132619303206,0.010416873290705751,,,,26.29544778653646,1,1
2026-04-07,Tech Tilt,,17.90538212997216,0.04218028962948897,52.71027667551332,0.005066221476684063,,,,26.497765012279803,1,1
2026-04-08,Tech Tilt,,16.66224496178985,0.07043596473934655,46.93051897956885,0.00294366846045771,,,,27.86469614263106,1,1
2026-04-09,Tech Tilt,,17.373169848407024,0.09400056689118749,48.60713247292698,0.002649610435643303,,,,29.871791586213202,1,1
2026-04-10,Tech Tilt,,21.11422980255952,0.13034005215503974,61.856943606854614,0.00432625685278832,,,,32.60875374409386,1,1
2026-04-11,Tech Tilt,,16.21116735058328,-0.14678034793850783,45.90004590541993,-0.012863927938990848,,,,27.595981454851163,1,1
2026-04-12,Tech Tilt,,13.232034468962901,-0.30752859140706024,39.93405570399748,-0.03352242046593666,-2.3918954282752316,,-2.5120991750363113,19.271448336883772,1,1
2026-04-13,Tech Tilt,-0.39833065551026203,16.026468893923656,0.06018607356809158,49.32558206853661,-0.021470156165899965,0.24052432171855423,-0.46970853057186024,-1.8149171676348774,22.210971886317118,1,1
2026-04-14,Tech Tilt,-0.27365340190773124,16.89457218584888,0.051559295216114784,51.66725056977597,-0.013515519691445835,0.17310881433306308,-0.2974485924620141,-1.4067258949892234,24.728292707934386,1,1
2026-04-15,Tech Tilt,-0.1821407901507032,16.723284047418097,0.06808151100376242,49.59371871710919,-0.006910437485588225,0.29063747640013526,-0.4347891056991253,-1.044490015717634,27.50016149421061,1,1
2026-04-16,Tech Tilt,-0.7855384753522523,15.967474672627247,-0.06063849237249372,47.689605281366255,-0.010750747903553947,-0.6777115201969118,-0.5582711341213858,-1.3680177440937875,26.67965578175988,1,1
2026-04-17,Tech Tilt,-0.7293893709259062,15.187922642540066,-0.014201909965361737,44.3973794494396,-0.009734125403228572,-0.3097375779165452,-0.7766494818794141,-1.3686561447841636,27.481461562203076,1,1
2026-04-18,Tech Tilt,-0.5598127891249144,17.15539965022162,-0.011043966280249878,52.51109608896033,-0.008466320051144262,-0.27894027427816115,-0.16345184594330897,-1.3407314715582743,27.518090575527374,1,1
2026-04-19,Tech Tilt,0.11778046200719457,16.71882435080706,0.14826771553952217,48.03445874469789,0.00287712461480306,0.9712753122111226,-0.49499130175978034,-0.6042423151926477,31.724173494439686,1,1
2026-04-20,Tech Tilt,-0.7226715375336932,15.693011767716595,-0.05549550101701915,44.99372780989954,-0.0032360066626251982,-0.6584320730069974,-0.7114726434512973,-0.9863261658978446,30.837006953806462,1,1
2026-04-21,Tech Tilt,-0.6845010828472802,16.17257638739966,-0.039909797073979805,47.21892027714708,-0.005964409927282066,-0.5196104951209422,-0.5243521721438907,-1.1884317628015086,30.568647544601152,1,1
2026-04-22,Tech Tilt,-0.8201066229319584,15.58889681688753,-0.061759085177504974,45.50191985323189,-0.008803723479750404,-0.6833129097250413,-0.6451384785002543,-1.4132964237885672,30.018535573123234,1,1
2026-04-23,Tech Tilt,-0.13814754254813155,16.924287750660486,0.06292065083193671,49.0105567266225,-0.0021925064767738664,0.3516611236989705,-0.3557766388516835,-1.0212321159331206,32.82062265798889,1,1
2026-04-24,Tech Tilt,0.27697245248333036,18.126314523628583,0.1493684575381013,50.58704850138497,0.0075606738257215245,1.0482266772380442,-0.2230539769748632,-0.3315855652810388,37.681493547063106,1,1
2026-04-25,Tech Tilt,0.5403123494069694,21.04083206382233,0.13303755757603594,60.288219084481504,0.01219556877180467,0.8852492701084816,0.5714176533588843,0.12445910528320155,40.72497704444554,1,1
2026-04-26,Tech Tilt,-0.13033955297309008,20.901113287177274,-0.017822385558911732,60.72980809343899,0.004766327343219353,-0.3880671632094363,0.5960911642235514,-0.2492737164274759,39.44445807186262,1,1
2026-04-27,Tech Tilt,0.5166008672266041,20.109627147190558,0.1589446383202066,54.260291312692665,0.01106249628243863,1.0950642512040434,0.04614449593110356,0.3025571543265295,43.937475311147224,1,1
2026-04-28,Tech Tilt,-0.14651623612819478,19.05493582393047,0.03691123080540792,49.42442192133824,0.0065374718090815045,0.049204138327327764,-0.36486617148988054,0.12091252359274286,44.622662797459505,1,1
2026-04-29,Tech Tilt,-0.5661836096860433,17.998387389608972,-0.04331614341104314,45.831458442824676,-0.0018797946358463241,-0.6356593361506292,-0.6650741342733154,-0.43331421504854695,43.40325534480705,1,1
2026-04-30,Tech Tilt,-0.6220641103487697,18.902032284487113,-0.05614728397172767,50.18402341943945,-0.007990041313141773,-0.7329172405670723,-0.27787229712841394,-0.9276403527839461,42.29224711163499,1,1
2026-05-01,Tech Tilt,0.6460228242342058,21.827518085689118,0.2048947627738693,57.63463047057206,0.0051621744495986225,1.5009015014649916,0.38084268110110725,-0.003610289672329572,48.3557013765636,1,1
2026-05-02,Tech Tilt,0.9972804611519163,23.072409785509688,0.25167378846363475,58.88455464404329,0.016012736524484754,1.8005368086736873,0.485867040287696,0.9366691354291418,54.00242273323206,1,1
2026-05-03,Tech Tilt,0.771946909744286,21.834594062031876,0.19424645068727434,51.66998166496677,0.018165159327671036,1.2755346963071033,-0.16957187523992953,1.324040393594508,57.38094011966699,1,1
2026-05-04,Tech Tilt,,,,60.64670102822165,0.014532127462136828,,0.6476459970248346,1.2814469840765015,58.24935925094201,1,1
2026-05-05,Tech Tilt,0.060449443560933985,23.917853484145418,-0.0006042891215061602,60.116706989727945,0.0014776563958318924,-0.34055318583277916,0.5888105053217837,0.466725114708226,56.68285422857822,1,1
2026-05-06,Tech Tilt,1.4216549387648525,27.57467778804302,0.3000059049092078,69.38028554348978,0.013643079871492964,2.0485361176035535,1.4053086223511655,1.416837314206566,64.14029103898736,1,1
2026-05-07,Tech Tilt,0.0950229550324054,23.916857456561736,0.03407446892881691,55.26234258406756,0.0033286222540796703,-0.09464962018013934,0.09758351020092176,0.7998807749664244,63.77580351224962,1,1
2026-05-08,Tech Tilt,0.3082008222097965,24.385365712138388,0.12546521526679003,55.40210447671057,0.0022607918896923873,0.6407105279088726,0.10944649904103207,0.7547052092642925,66.45245252374124,1,1
2026-05-09,Tech Tilt,0.6338834088448763,25.057457688024826,0.15587632039703606,56.8185188379738,0.003147814738426489,0.8732868747679746,0.24082480412224389,0.8460949909223558,68.45032417220892,1,1
2026-05-10,Tech Tilt,0.0655202199556808,25.18903287719476,0.04512051535788962,58.28275736713781,-0.0038025144160164226,-0.03818048933317313,0.37638912399664676,0.33466872612926307,67.37515779983426,1,1
2026-05-11,Tech Tilt,0.674024916974551,25.663293672433877,0.18904220996857682,57.383288174776744,0.0009607935219392294,1.1318501561516663,0.28626425626356794,0.6496138217252606,71.73927035245694,1,1
2026-05-12,Tech Tilt,0.343942772009884,26.534325471778914,0.12615560095438771,59.701280345937185,-0.0003839308527703103,0.6016818668409893,0.5059107137169415,0.5484184169485681,73.95026282984847,1,1
2026-05-13,Tech Tilt,1.1867082620695748,29.184571336508732,0.2657178562294793,66.53654094541037,0.007434129742521341,1.6965873954394026,1.150292142147618,1.1567653943910288,79.9230964937453,1,1
2026-05-14,Tech Tilt,0.08599631710385369,27.017753137110994,0.04765089570507961,58.63753682918143,-0.002254594161491083,-0.08662524746202659,0.37220246551137126,0.47983404883622954,79.58527946444107,1,1
2026-05-15,Tech Tilt,0.04203897180563618,25.821263754970172,0.10798681730105035,53.20476848719754,-0.004636172296807153,0.40739272773251906,-0.16312969893878673,0.24383056136611578,80.92341881954849,1,1
2026-05-16,Tech Tilt,-0.42135411371603326,24.401125446392648,0.026592548790561665,49.03274430546232,-0.011347249616579711,-0.26808334174553794,-0.572223203926401,-0.3876740849535193,79.16276868810658,1,1
2026-05-17,Tech Tilt,1.3596454958838495,28.846366688108148,0.41246029023100056,60.92107746645282,0.009425265156802816,2.729569425932135,0.6139228939966568,1.1399242459951462,87.83256821807397,1,1
2026-05-18,Tech Tilt,0.912287803768719,28.227118866301836,0.2505930146200697,56.11780461340586,0.011358382193968106,1.4171566851610684,0.1274634499715656,1.419190657875765,92.05188513021344,1,1
2026-05-19,Tech Tilt,-0.32200768015372194,26.0835351443028,-0.00406613954072891,49.924992228747975,-0.004565656440444522,-0.5571808817652142,-0.49840298085828894,0.2858154994594677,89.1159455674962,1,1
2026-05-20,Tech Tilt,0.8915751647054833,27.449080576154138,0.33584295580911944,50.76347807062574,0.007106912837726617,2.007518782062217,-0.408129993318014,1.1600283946702454,95.94212661591027,1,1
2026-05-21,Tech Tilt,0.2761364268254639,28.091058386428923,0.16146473923167318,52.824108438557424,0.002627793080594319,0.6730432783983489,-0.19325402044458873,0.8916766622632193,97.48953650360707,1,1
2026-05-22,Tech Tilt,0.1486101148662034,27.749383873381085,0.15775598247372918,50.74480778923514,-0.0008543526558631581,0.6370360099751687,-0.4061586480522578,0.6376341891070382,99.05897164798179,1,1
2026-05-23,Tech Tilt,,,,50.04397253498146,-0.0006834821246905279,,-0.474932629949999,0.6120464851391936,99.05897164798179,1,1
2026-03-24,US Equities,,,-0.026103957278040612,,0.0,,,,19.573314947820567,5,5
2026-03-25,US Equities,,28.586610227201078,0.09410713084209545,100.0,0.007671590808806405,,,,22.763543371938443,5,5
2026-03-26,US Equities,,29.129671850426607,0.1786381540274024,100.0,0.017454925150000713,,,,26.42350934940972,5,5
2026-03-27,US Equities,,15.210743483660645,-0.05081330552793244,47.154569999631015,0.007971589040303241,,,,23.00611816259783,5,5
2026-03-28,US Equities,,14.985244890879601,-0.04895378283683828,47.37992621808112,0.0016529669371869952,,,,21.28296223321329,5,5
2026-03-29,US Equities,,19.612215940766223,0.13918270154200538,63.240100817446894,0.009533151946324446,,,,25.83184965361042,5,5
2026-03-30,US Equities,,17.191158651298615,0.04259734882059202,54.76579464524899,0.007707771393994284,,,,26.00458180034763,5,5
2026-03-31,US Equities,,21.1820602665092,0.2807884232769833,66.00121270828025,0.021241901754221477,,,,33.01797313963278,5,5
2026-04-01,US Equities,,19.232941068959345,0.12001542197178346,56.52470702605121,0.018184224660521064,,,,36.403921470643226,5,5
2026-04-02,US Equities,,17.81845490256343,0.018574052563478733,51.829296094421956,0.008632373189105706,,,,35.12993285474353,5,5
2026-04-03,US Equities,,18.533902788943593,0.07469634230716544,53.94582671369287,0.005546492573616498,,,,35.568328073224905,5,5
2026-04-04,US Equities,,15.994551848103502,-0.1097248645040585,47.13964761723291,-0.00868844139019219,,,,30.01820865623633,5,5
2026-04-05,US Equities,,16.46801947861325,-0.0234514700580777,50.085674803076586,-0.011870267463467168,,,,28.02726130475822,5,5
2026-04-06,US Equities,,15.996087465775034,-0.03258375485695644,49.79193132735273,-0.014018935888446996,,,,25.687134125838224,5,5
2026-04-07,US Equities,,16.193133726930242,0.014505267191842303,51.26570110633259,-0.011787539915297782,,,,24.916843410410667,5,5
2026-04-08,US Equities,,13.42756414932332,-0.13936226805023277,42.87279566729831,-0.01972548972477219,,,,22.058233978705907,5,5
2026-04-09,US Equities,,13.877317665394893,0.002607058446143784,44.808302008882784,-0.01469669224353928,,,,22.23150485812484,5,5
2026-04-10,US Equities,,16.998097986153006,0.11436460265612003,55.235036640239656,-0.00369875527261866,,,,25.68532745419112,5,5
2026-04-11,US Equities,,14.840016287730286,-0.09458706573101218,48.72155019167432,-0.009994489841557801,,,,22.924348929225893,5,5
2026-04-12,US Equities,,13.557984509784403,-0.05368361044799715,44.110875073986605,-0.010831580138748008,-0.7445008041493704,,-1.4182377152910273,22.046449921336663,5,5
2026-04-13,US Equities,0.0821555375536634,16.05534410087797,0.11099684180600888,52.005175619134775,-0.00027957015811980076,0.7814604568461452,-0.2707000878196892,-0.7426231571574706,24.736647655196737,5,5
2026-04-14,US Equities,-0.05136837782034884,14.27945661026065,0.07899382415193364,43.270756921374215,0.004306511069408597,0.4630498499761261,-0.7840279462328462,-0.3793704686178527,27.232945070532235,5,5
2026-04-15,US Equities,0.006220154464115335,15.62246540276779,0.05869724496126431,47.743845598796085,0.005650115922168577,0.2595942356924914,-0.4884279790468443,-0.1993069394610049,28.72286946811525,5,5
2026-04-16,US Equities,0.30039074605019656,17.40148266638706,0.10062017395059908,53.157099748226315,0.008848791312690727,0.6562790876819057,-0.1381927431700315,0.15005647286505291,31.295244473037997,5,5
2026-04-17,US Equities,0.489723740773339,17.850839543866492,0.13492879688649176,52.357292466620244,0.012536413718810632,0.9622996159238525,-0.1866907653970264,0.5880974990474305,34.923241205912355,5,5
2026-04-18,US Equities,0.10170447320444692,19.048487379469936,0.05539078323741856,57.04001510552265,0.009043187978721473,0.15798163742875962,0.12474503211849196,0.4929878672829478,35.176722670487194,5,5
2026-04-19,US Equities,-0.5409061395650038,16.422105666188408,-0.05520604641077842,48.67359574241862,-0.0007704459303468966,-0.943685647585738,-0.4379234353113603,-0.18927584768910707,32.31062290063626,5,5
2026-04-20,US Equities,0.3561367358624916,19.12398645615567,0.10722399751731648,55.176856816424696,0.0033945509058971052,0.7083990264314942,0.014398135764522799,0.1580645221425632,38.19963059201048,5,5
2026-04-21,US Equities,-0.21595347020376893,18.18024830462245,0.028373542049866977,50.50171879507349,0.0006970520013916074,-0.10865853054738486,-0.3113168327455776,-0.02109751705097319,39.26655466829903,5,5
2026-04-22,US Equities,0.6218985663334331,21.318527236065837,0.13923830944092472,60.40273497829554,0.005945274656166616,1.0265361126203572,0.3955118798234404,0.45754523383833684,42.591385951736434,5,5
2026-04-23,US Equities,0.8697822631978248,21.355965435968347,0.19178633171900772,57.56927578745902,0.012163412228144715,1.4953089717059385,0.18465887037216372,1.0963958201204038,46.24162067437294,5,5
2026-04-24,US Equities,0.474458032968221,19.723010857829035,0.11153077110761296,49.883683020281964,0.01016057134984778,0.6525576803341956,-0.38126070651820815,1.0958087012063915,47.57825764232727,5,5
2026-04-25,US Equities,0.2627764267550653,21.79817251602713,0.0762265302424452,58.17678827083402,0.00595550288846184,0.2804077451798317,0.24201932308552404,0.8736835668146473,47.64233017457175,5,5
2026-04-26,US Equities,0.17510863392964235,21.390005358352195,0.07527948260635849,56.41897027480742,0.0027695794909806705,0.2662233913198426,0.10539651639683034,0.6765673611478225,47.78574390859527,5,5
2026-04-27,US Equities,-0.48098255922270483,18.025873384924445,-0.004885929897134017,43.70223919948389,-0.004672395564762545,-0.5816213132683516,-0.8638737642748756,0.0413331328848518,46.338597306058276,5,5
2026-04-28,US Equities,-0.6443408589741201,18.189096824136094,-0.018278352500391604,44.60450875360649,-0.010119915160605182,-0.7113388142373591,-0.7749987022382016,-0.5455671572190506,44.995344297386794,5,5
2026-04-29,US Equities,0.10036393677326029,20.3807193255567,0.09153003055875518,51.65666063340894,-0.006146327802863848,0.47740217862758866,-0.21643873382164705,-0.3559629356012284,46.1072770174916,5,5
2026-04-30,US Equities,0.04805690682499386,20.05645395139664,0.08386692168157465,49.124400214628764,-0.003958822595337367,0.3871077578093957,-0.41211261983220027,-0.260668182062576,47.66252323203727,5,5
2026-05-01,US Equities,-0.6569714156728842,18.405161584242485,-0.000671958809575148,43.26644521656801,-0.00790248090616528,-0.5459407590010418,-0.8648547156330308,-0.705534324842308,46.55609716528984,5,5
2026-05-02,US Equities,-0.017746228643087142,20.325865430597997,0.0747265090137927,50.96412180017795,-0.005257461365564722,0.2982092989081174,-0.23774353573162896,-0.5916247992101442,46.46389090295749,5,5
2026-05-03,US Equities,0.6768074932235342,23.116504777339163,0.17051822118204085,61.42377244187252,0.0026919895430842257,1.3400872838890083,0.6101277759120982,0.08554847699746085,47.34052383615723,5,5
2026-05-04,US Equities,1.2723462298634938,23.04208487892449,0.28817069702914294,59.59236390692216,0.01493839919538948,2.431438301798235,0.4519224940508668,1.3133440594647643,49.103023402831695,5,5
2026-05-05,US Equities,-0.17455277017640305,20.50366162347308,0.018486076092090218,49.564050524704676,0.00448308605191295,-0.40136815239406415,-0.3809941051517429,0.568158623971207,49.299983707976004,5,5
2026-05-06,US Equities,1.13139059044358,22.89253309707717,0.2690185820395448,55.09468551813127,0.013535681512822188,2.114445640143533,0.08513343898594433,1.4981195482804894,54.54492145979501,5,5
2026-05-07,US Equities,-0.23141734280399223,20.061659414957127,0.026852365808611455,44.364318768202786,0.0028671721716744293,-0.3437354453827445,-0.8162244730835495,0.7070183228461655,54.061402628519545,5,5
2026-05-08,US Equities,-0.08323639952918199,21.241772505411753,0.07294328884491393,48.6499720468953,-0.0012135203681248284,0.1282945563636032,-0.4426087665764931,0.3574633298761735,54.70635888414502,5,5
2026-05-09,US Equities,-0.32478471168574446,21.032831529767222,0.03662218946526358,48.61538125224643,-0.006207757200784102,-0.24616611670296323,-0.43987295836169754,-0.16124807788458223,53.63812296900816,5,5
2026-05-10,US Equities,0.461972733094526,22.519792398092168,0.16431006768534698,52.85923701141845,-0.0010319612206616466,1.0690176053496168,-0.06832066906486456,0.23142335275344542,55.874326795293726,5,5
2026-05-11,US Equities,0.06548868374681002,22.866665004612035,0.10470984172462922,53.566806891205,-0.001703046698931461,0.4393577236328498,-0.005753968600489122,0.1409181740895105,55.8850831837215,5,5
2026-05-12,US Equities,0.5317977476410288,23.76648043217334,0.15678410017249228,55.55750022527167,0.0011270214981982142,0.9700674790920781,0.1702264466605093,0.39163883956444057,58.56040384600815,5,5
2026-05-13,US Equities,-0.36300958172909903,21.994002545079766,0.0368016382119518,48.27375359872493,-0.004979638511470118,-0.29477935294385316,-0.4809052449107895,-0.21445723061796843,59.689199051574214,5,5
2026-05-14,US Equities,1.4021358253400977,27.3590943434586,0.3619523095230347,57.30775797684934,0.012051160837197386,2.872302096942278,0.33685917051484365,1.4169041786916265,76.15063002565039,5,5
2026-05-15,US Equities,0.3523354220457209,26.23355662596126,0.13114307422847538,53.21665973519851,0.007183759371569339,0.5926609133851682,-0.03811214194292768,1.1374893187127038,78.25922734195319,5,5
2026-05-16,US Equities,-0.23372984465353602,24.930462879335593,0.036928591614586885,49.0860172376987,-0.002453068132884057,-0.337097590574985,-0.41622127035329826,0.2899190382442059,76.96923625294309,5,5
2026-05-17,US Equities,-1.6771901693640272,21.5636680080829,-0.21772217143470654,41.281835853531604,-0.02480717862795398,-2.6580303444866433,-1.120903339590281,-1.9867985624210323,65.50808538138753,5,5
2026-05-18,US Equities,-0.7825938459823968,22.637856205839263,0.05912890710200926,45.199928462261504,-0.019984649893386806,-0.058635601252399916,-0.7452266229176899,-1.9147165860135056,66.2651999873488,5,5
2026-05-19,US Equities,-0.7267306104257361,23.737574942909,0.03861130802873838,50.470953071324665,-0.017312960351824926,-0.2506760842979405,-0.2498613418703888,-1.9555871784564693,66.65990945263395,5,5
2026-05-20,US Equities,-0.3561747327537911,22.621594306680386,0.10437195525628838,45.78235254568354,-0.010583893672388585,0.3739055901187186,-0.6832663449498485,-1.5917525315123138,67.35671406148269,5,5
2026-05-21,US Equities,0.6700568273164397,26.147414250374034,0.2711462296208619,56.5093455556132,0.0048060861302329245,1.8996937304093824,0.3303508698847188,-0.33639263764429095,72.43705071657564,5,5
2026-05-22,US Equities,0.5282846854393524,25.74976085607906,0.20128870274129648,53.37706262725891,0.009705547533878946,1.2170792221445421,0.03084450383488139,0.2188688320342314,75.25518183711877,5,5
2026-05-23,US Equities,,,,54.41718347358248,0.007764438027103155,,0.12998339780808596,0.19996528932993943,75.25518183711877,5,5
2026-03-24,US Sectors,,,0.06530866617913511,,0.0,,,,53.467810835026214,2,2
2026-03-25,US Sectors,,31.67939338831093,0.20497879408392122,100.0,0.008913421267997745,,,,54.5206613417793,2,2
2026-03-26,US Sectors,,32.15184386453859,0.25143312160651,100.0,0.016977215932157102,,,,56.01475613553303,2,2
2026-03-27,US Sectors,,26.66399688522106,0.19514723075391519,76.78073905822984,0.017490428433881086,,,,56.69202461231366,2,2
2026-03-28,US Sectors,,18.332500261728043,0.03921301156442847,46.72448718059547,0.006844991125744724,,,,52.34366337898052,2,2
2026-03-29,US Sectors,,23.15047603921347,0.2706876379159386,66.30459776424095,0.014471506055551846,,,,51.71027337991417,2,2
2026-03-30,US Sectors,,18.82027621024217,0.05249025198009276,49.244212051081014,0.004420731348771797,,,,50.72965564647512,2,2
2026-03-31,US Sectors,,19.533808616174966,0.13584055800089848,53.78647196127945,0.0030510456713522885,,,,47.64976639433815,2,2
2026-04-01,US Sectors,,21.58892886757468,0.2792232545787365,59.95183400438512,0.011018472571893694,,,,49.96049506740111,2,2
2026-04-02,US Sectors,,21.153222066294084,0.2355718212293088,57.611900962345764,0.012459360508768898,,,,50.20275561842694,2,2
2026-04-03,US Sectors,,21.507427258253607,0.24741228146725336,58.05596058392959,0.013246972143379356,,,,51.51532410184858,2,2
2026-04-04,US Sectors,,21.5980363333294,0.24245534645018635,57.802454569741634,0.012481671891944067,,,,52.479438443774555,2,2
2026-04-05,US Sectors,,18.577678019783676,0.001255006888695065,47.67314307139372,-0.0043217955663639035,,,,50.05584463530471,2,2
2026-04-06,US Sectors,,20.90998560083581,0.27264483213814283,56.29134614899456,0.0024253470720204777,,,,49.91398653723594,2,2
2026-04-07,US Sectors,,20.61309998985068,0.20304811675284834,54.01014994839609,0.0018133672284965721,,,,50.70232207710402,2,2
2026-04-08,US Sectors,,21.324344817475904,0.32114351690425946,53.42505010477845,0.008594852277680448,,,,54.65509109593054,2,2
2026-04-09,US Sectors,,18.877020308275338,0.07884160793072616,45.43808921480344,-0.00336438248718178,,,,51.62444204301731,2,2
2026-04-10,US Sectors,,19.61782385109784,0.141275735549193,48.58069042808463,-0.006987804470750883,,,,50.50633619201044,2,2
2026-04-11,US Sectors,,18.26089400444726,-0.057612265050083024,47.50548062149121,-0.02185759583357555,,,,44.77247829645049,2,2
2026-04-12,US Sectors,,16.164872182025057,-0.09431527123659847,39.547385317550834,-0.032596809278586936,-2.05549226323771,,-2.692453486308796,44.41418051284785,2,2
2026-04-13,US Sectors,-1.5736592772783518,17.486080724760374,-0.10675896655799864,44.830359197746645,-0.03856162192556817,-1.8989066136253359,-0.8074899653383817,-2.8022171201732724,44.162193383138096,2,2
2026-04-14,US Sectors,-0.2617961953024134,19.74897164135835,0.22199110489100304,52.412322939242195,-0.019359168471499398,0.5932514092690684,-0.33979801590715225,-1.8250335209598612,45.85719464805943,2,2
2026-04-15,US Sectors,-0.3160068522389968,19.07021210425587,0.1802051221557893,47.060097866116195,-0.008991606414220095,0.263037235256225,-0.6493661920027928,-1.3335537634421541,49.36211774793686,2,2
2026-04-16,US Sectors,-2.246713036698119,13.623686374453099,-0.5444640327662229,33.509143584718515,-0.04826458287830983,-3.5347312153719606,-1.3982096545169582,-2.9264293849556973,38.46903690136679,2,2
2026-04-17,US Sectors,-0.5645292892324276,17.52924385240445,0.11445078992228955,47.79289917484983,-0.02818543097483127,-0.019658472008395114,-0.5110350539043773,-2.1287050542791675,39.16190354092923,2,2
2026-04-18,US Sectors,-0.13755037785863092,18.302765246868994,0.23488130780793726,49.87891626167105,-0.006258667210849254,0.6196642860291317,-0.372856767767371,-1.3290867256866186,40.68611109614278,2,2
2026-04-19,US Sectors,1.2103314071968991,21.906153395753226,0.7598162589751184,61.1182358943433,0.04150549938882654,2.8415881877006473,0.33158350901773137,0.6765800779503351,44.467916457851906,2,2
2026-04-20,US Sectors,-0.21122333242682245,18.271201552008446,0.09138339898213746,47.620229922907455,0.02670762778029695,-0.24892295807580309,-0.5259339915137897,0.38299659736284575,44.370114480321845,2,2
2026-04-21,US Sectors,-0.09484866532441628,18.50255863395381,0.15963774765192842,49.42986700648446,0.020425596068102413,0.07154210204501021,-0.39932903375332707,0.3345541030797173,42.891672714665276,2,2
2026-04-22,US Sectors,0.6734434381468718,19.454975925169517,0.4238714312016964,51.2993082636259,0.03227083155008195,1.278887176956768,-0.27018836908803784,1.0213323319796035,44.76016135679309,2,2
2026-04-23,US Sectors,1.120013562707603,21.73862172392252,0.5654091345636174,56.31510089858729,0.0469532175403294,1.8078251186524588,0.06747963366180895,1.8326161986355212,50.449774903818636,2,2
2026-04-24,US Sectors,1.3474385825458723,22.936471335868525,0.6573726743320003,56.647406038096086,0.05937347638263059,2.0348501869784856,0.08888884883574871,2.4481398057983745,56.08747209571025,2,2
2026-04-25,US Sectors,0.2270456614507759,21.676914254329073,0.14776866309940814,52.44929244236966,0.031198827365175506,-0.1471169826382895,-0.20130415166612892,1.6941771535056445,55.79532109983766,2,2
2026-04-26,US Sectors,,,,52.91249441309138,0.0249590618921404,,-0.16584974523400614,1.6015839445023452,55.79532109983766,2,2
2026-04-27,US Sectors,0.7380285921465708,21.99850926066568,0.3924998236358166,53.071399953897874,0.02326003610897709,0.8936998722264085,-0.15211839758307977,1.6301465262000407,56.41646114806324,2,2
2026-04-28,US Sectors,0.4185875716984796,21.488032718457127,0.37934758620833914,48.85871673869492,0.0185256502332993,0.816251107694933,-0.4526578126258041,1.547547959512744,59.14036453109814,2,2
2026-04-29,US Sectors,0.2548726187490765,21.57228754132394,0.3071772969931643,48.473951700463054,0.009432877785367833,0.49117736476174123,-0.47305909271299257,1.305830551195845,59.61869955725981,2,2
2026-04-30,US Sectors,0.26446010855562896,23.432900487373836,0.24058242819927012,58.441836079249896,-0.0015806779037189009,0.1931903732880968,0.2697023596740283,0.9608731166687778,55.785112760799976,2,2
2026-05-01,US Sectors,1.1158441567626496,23.776879122799244,0.6802714972428046,55.38560472290603,0.019092666297526067,2.016966299375851,0.03727691008359087,1.5955615534057357,60.87851974307633,2,2
2026-05-02,US Sectors,,,,53.50732895716933,0.01527413303802086,,-0.10586628686946797,1.5269280854917306,60.87851974307633,2,2
2026-05-03,US Sectors,-0.7878314002420158,19.092965123688742,-0.15706022189129143,43.05807084697761,-0.033734004606371576,-1.508223573369534,-0.8994506778041291,-0.019029979602099574,52.661190365952905,2,2
2026-05-04,US Sectors,-0.45358981663428255,23.874712236557432,-0.05395686595560983,62.632308328779054,-0.04940678453251033,-1.045280908004159,0.619302334656741,-0.7681147211651739,51.75347113971039,2,2
2026-05-05,US Sectors,0.36154813324821944,25.48580801901595,0.31238265743454297,68.01754232916583,-0.03371645913746127,0.4884390969438381,1.0176993256482534,-0.5605381932322548,52.87093462294543,2,2
2026-05-06,US Sectors,0.9001379243921088,26.91644989649481,0.5979538169861306,68.34410428137869,-0.004268461375692742,1.6250875091990478,1.0183594173061814,0.22073491625625835,61.10565933938504,2,2
2026-05-07,US Sectors,-0.386920049664096,22.24933933368522,0.08612127850872153,52.3030844309349,-0.018619846248930573,-0.49483103620871244,-0.23986671011997482,-0.3064137065117661,57.98923084883381,2,2
2026-05-08,US Sectors,0.2916363890959991,23.253662651770235,0.37006630385629835,55.755919096119996,-0.008844408875316533,0.6843418205898019,0.034231567100791005,-0.09192192948647082,58.26399001568548,2,2
2026-05-09,US Sectors,-0.6875739022152191,22.64615600626749,-0.09371062514446676,56.73633334039406,-0.03215690142668738,-1.2361787751921873,0.11184369090654656,-0.9661840823735813,54.02721967101312,2,2
2026-05-10,US Sectors,0.0976656590933285,24.1402288968808,0.2619369064003229,61.93131585842773,-0.022619141223612853,0.25176922135444657,0.5270157986976813,-0.8400294179085718,54.94631210640957,2,2
2026-05-11,US Sectors,-0.41724256244280766,22.70919587334419,0.10972426109072986,58.9041408618397,-0.02535036059409354,-0.3882776602150118,0.27584422173758216,-1.0752537554431971,50.637674126417195,2,2
2026-05-12,US Sectors,-1.2026978198626541,19.75274667955262,-0.24956275517912585,53.0117216877366,-0.048785587630670826,-1.8339021230652401,-0.20964634070037808,-1.9862097414942517,42.69013173301871,2,2
2026-05-13,US Sectors,-0.2175227367954007,21.324239814413414,0.2046022432619939,59.56175398780836,-0.03194537281379464,0.055397766467134985,0.33426485409946183,-1.6743746696869977,41.349530397533655,2,2
2026-05-14,US Sectors,0.35470492564612655,23.67357287265157,0.4552042130524525,63.06394220297662,-0.0036621901575866443,1.0847406251788732,0.6212221138199219,-0.9150382154967879,48.917283803916796,2,2
2026-05-15,US Sectors,-0.15048365382537662,21.573451972391833,0.19290355034573,54.54642077622729,-0.002413329017139417,-0.015792730487030816,-0.10090146232238191,-0.8823400879491524,49.016717784230636,2,2
2026-05-16,US Sectors,-0.9961174555935504,19.502274164135038,-0.12788422649945133,50.34986806153335,-0.021901534748314286,-1.3379392221965247,-0.4554669567331,-1.5134903632379706,43.76565305944509,2,2
2026-05-17,US Sectors,-0.959300165190808,19.591522560992516,-0.06042070686817169,51.140414499229784,-0.028538519560491613,-1.033545730685426,-0.38309535474884987,-1.8083417833109507,43.387792179369924,2,2
2026-05-18,US Sectors,-0.8233941354738603,19.809127338913445,0.041041637953929566,51.121483762300606,-0.024537915704160917,-0.5997670152242556,-0.38077407836750266,-1.7922284952309482,44.15424903403833,2,2
2026-05-19,US Sectors,-1.1584696866233108,17.604940960943306,-0.08655349135015691,45.00911733647995,-0.028641581624890042,-1.115402719800636,-0.9024378892848449,-1.9884519689168538,39.88946224354451,2,2
2026-05-20,US Sectors,-1.144576881068556,16.694573839335565,-0.027870974109448582,41.699409369522435,-0.025656641705472244,-0.8545805433450225,-1.1683689689467456,-1.983070215110671,39.17494096634705,2,2
2026-05-21,US Sectors,-0.04676857198287068,20.570870074485033,0.33905116969091037,53.48883231754808,0.0013444330817962424,0.6866585369587951,-0.13421012892255196,-1.287789276582572,43.727225734168655,2,2
2026-05-22,US Sectors,-0.12002924841904697,19.691656458212528,0.28109362985952757,48.691140519526954,0.014865021928964904,0.43614680597460864,-0.5521003962487806,-0.8582875023287017,45.47517958572449,2,2
2026-05-23,US Sectors,,,,56.38489436277857,0.011892017543171922,,0.13090481673875864,-0.8451505990487834,45.47517958572449,2,2
2026-03-24,USD,,,,,,,,,45.02985074626864,1,1
2026-03-25,USD,,,,,,,,,46.15712654297379,1,1
2026-03-26,USD,,,,,,,,,48.05868018324888,1,1
2026-03-27,USD,,,,,,,,,49.7965903214974,1,1
2026-03-28,USD,,,,,,,,,49.7965903214974,1,1
2026-03-29,USD,,,,,,,,,49.7965903214974,1,1
2026-03-30,USD,,,,,,,,,52.898877974542266,1,1
2026-03-31,USD,,,,,,,,,54.16141263241043,1,1
2026-04-01,USD,,,,,,,,,55.232109175131164,1,1
2026-04-02,USD,,,,,,,,,57.07149036321764,1,1
2026-04-03,USD,,,,,,,,,57.07149036321764,1,1
2026-04-04,USD,,,,,,,,,57.07149036321764,1,1
2026-04-05,USD,,,,,,,,,57.07149036321764,1,1
2026-04-06,USD,,,,,,,,,58.587404257783795,1,1
2026-04-07,USD,,,,,,,,,59.48478209344535,1,1
2026-04-08,USD,,,,,,,,,58.98835300428091,1,1
2026-04-09,USD,,,,,,,,,58.05747316546184,1,1
2026-04-10,USD,,,,,,,,,57.072817081655174,1,1
2026-04-11,USD,,,,,,,,,57.072817081655174,1,1
2026-04-12,USD,,,,,,,,,57.072817081655174,1,1
2026-04-13,USD,,,,,,,,,55.64009319405225,1,1
2026-04-14,USD,,,,,,,,,53.206893777439426,1,1
2026-04-15,USD,,,,,,,,,50.7738456867848,1,1
2026-04-16,USD,,,,,,,,,49.0225373439924,1,1
2026-04-17,USD,,,,,,,,,47.35391525888393,1,1
2026-04-18,USD,,,,,,,,,47.35391525888393,1,1
2026-04-19,USD,,,,,,,,,47.35391525888393,1,1
2026-04-20,USD,,,,,,,,,45.837039766386326,1,1
2026-04-21,USD,,,,,,,,,45.2514222264733,1,1
2026-04-22,USD,,,,,,,,,45.10681445736466,1,1
2026-04-23,USD,,,,,,,,,45.29954419831108,1,1
2026-04-24,USD,,,,,,,,,45.16820845028427,1,1
2026-04-25,USD,,,,,,,,,45.16820845028427,1,1
2026-04-26,USD,,,,,,,,,45.16820845028427,1,1
2026-04-27,USD,,,,,,,,,44.58107014153362,1,1
2026-04-28,USD,,,,,,,,,44.47874019905119,1,1
2026-04-29,USD,,,,,,,,,44.787394928285565,1,1
2026-04-30,USD,,,,,,,,,44.787394928285565,1,1
2026-05-01,USD,,,,,,,,,44.787394928285565,1,1
2026-05-02,USD,,,,,,,,,44.787394928285565,1,1
2026-05-03,USD,,,,,,,,,44.787394928285565,1,1
2026-05-04,USD,,,,,,,,,44.787394928285565,1,1
2026-05-05,USD,,,,,,,,,44.787394928285565,1,1
2026-05-06,USD,,,,,,,,,44.787394928285565,1,1
2026-05-07,USD,,,,,,,,,44.787394928285565,1,1
2026-05-08,USD,,,,,,,,,44.787394928285565,1,1
2026-05-09,USD,,,,,,,,,44.787394928285565,1,1
2026-05-10,USD,,,,,,,,,44.787394928285565,1,1
2026-05-11,USD,,,,,,,,,44.787394928285565,1,1
2026-05-12,USD,,,,,,,,,44.787394928285565,1,1
2026-05-13,USD,,,,,,,,,44.787394928285565,1,1
2026-05-14,USD,,,,,,,,,44.787394928285565,1,1
2026-05-15,USD,,,,,,,,,44.787394928285565,1,1
2026-05-16,USD,,,,,,,,,44.787394928285565,1,1
2026-05-17,USD,,,,,,,,,44.787394928285565,1,1
2026-05-18,USD,,,0.9601,,0.0,,,,44.787394928285565,1,1
2026-05-19,USD,,,,,0.0,,,,44.787394928285565,1,1
2026-05-20,USD,,,,,0.0,,,,44.787394928285565,1,1
2026-05-21,USD,,,,,0.0,,,,44.787394928285565,1,1
2026-05-22,USD,,,,,0.0,,,,44.787394928285565,1,1
2026-05-23,USD,,,,,0.0,,,,44.787394928285565,1,1
2026-03-24,macro,,,-0.22771978199812395,,0.0,,,,19.9887206002126,4,4
2026-03-25,macro,,27.786318390588324,0.03606048234802285,100.0,0.0168338402317769,,,,20.782179957683454,4,4
2026-03-26,macro,,28.778137576819297,0.38896978025387585,100.0,0.04898598664668262,,,,25.62692916253034,4,4
2026-03-27,macro,,20.25117506426198,0.07031183483823694,65.93159838419444,0.04608438043063481,,,,25.89069182828597,4,4
2026-03-28,macro,,17.99483890868752,-0.06297427739998424,57.708231405477065,0.03308882986813443,,,,24.96678983202594,4,4
2026-03-29,macro,,17.68984852067374,-0.07379620326379313,57.12968585587195,0.022187800915385553,,,,24.082292295734728,4,4
2026-03-30,macro,,18.990337314287867,-0.1757762914752833,52.19832079839185,0.007302956035444473,,,,40.93066501986725,4,4
2026-03-31,macro,,24.821605501968957,0.5377515684606465,70.19752235111561,0.04272858783778969,,,,47.437967762170715,4,4
2026-04-01,macro,,20.88968938130246,0.021291748920739637,55.16316503886418,0.02923845426808605,,,,47.463906103257386,4,4
2026-04-02,macro,,20.796473404375345,0.012826172052667319,54.970185924909934,0.018148407160679905,,,,47.095971747613504,4,4
2026-04-03,macro,,21.912981639954424,0.19906786323823036,58.18814775177092,0.02152844542978262,,,,48.50498560279002,4,4
2026-04-04,macro,,20.090798735368015,-0.0740585064763762,52.668418938024246,0.004436001528437608,,,,46.49512323514847,4,4
2026-04-05,macro,,20.035181359156546,-0.05471835022456135,52.984226944256896,-0.005937763538972005,,,,45.732413151085005,4,4
2026-04-06,macro,,19.99345162866702,-0.0340770760695716,53.31666483879768,-0.011460013299918873,,,,45.03015540177694,4,4
2026-04-07,macro,,20.572710728995954,0.07983932333542028,55.069954017123884,-0.007673221524503324,,,,45.75703961277118,4,4
2026-04-08,macro,,16.71822477171149,-0.38685687929921675,43.465572938168265,-0.035286063763720246,,,,41.35546987984123,4,4
2026-04-09,macro,,17.385889701668095,0.059144732470676926,45.04642691729031,-0.02280541110933343,,,,42.06858189278314,4,4
2026-04-10,macro,,19.04221409248604,0.11922704546787939,50.7965122669584,-0.010425678955997074,,,,43.17953653057181,4,4
2026-04-11,macro,,19.83911737333021,0.13287359326591094,53.318389235056806,-0.0016978276549374158,,,,44.091238760473466,4,4
2026-04-12,macro,,19.416694687099444,0.034654957413630415,51.784708070860475,-0.0028515379011239544,0.02271585182201926,,-0.4695702332969067,44.02359141825625,4,4
2026-04-13,macro,0.07563175929229814,20.379839792030722,0.11405266279425508,54.805235601442,0.0012032190950645658,0.40748819114709867,-0.29301604871625564,-0.29518496819905204,44.98562451657499,4,4
2026-04-14,macro,-0.962505918053675,15.490433721765495,-0.1514279335660072,36.57990608595141,-0.013702084506123757,-0.9057465544959656,-1.387746793490985,-0.9680486834374685,43.67841907767787,4,4
2026-04-15,macro,0.04045332045192307,19.841722446861084,0.14434925955261851,52.62155557087441,-0.0038604353814689282,0.5893468874209495,-0.34723446758070114,-0.6017191316284611,45.22248270580171,4,4
2026-04-16,macro,0.5198058368158062,21.20829397649667,0.30877804914522183,55.911953871318325,0.012602659227841512,1.3538613543829965,-0.12825137603402126,0.17499559427114167,48.15769550103495,4,4
2026-04-17,macro,0.27450831648907437,19.907366904468535,0.18700965218585558,49.752755765520945,0.014059765118253187,0.7127438644501238,-0.5279963323980023,0.36874814214616103,49.80249770169753,4,4
2026-04-18,macro,-0.34086490360117094,20.075609065905475,-0.01465710824734221,51.25474921244084,0.0009040521469847046,-0.31602125976512696,-0.4156159931946869,-0.16344622951803547,48.939378481037856,4,4
2026-04-19,macro,-0.4244219370921535,19.925214673699955,-0.0042363383658230586,51.070376301514,-0.007188178184871309,-0.2564907716834072,-0.4189096885716401,-0.5670334238256557,48.31737744206755,4,4
2026-04-20,macro,0.44561368382865973,22.59262110820674,0.2756618117249619,55.91691906551812,0.005531292560230931,1.1799439294097709,-0.07498974693754053,0.035870849406390626,56.25881954133606,4,4
2026-04-21,macro,-0.33841408601705,20.933952220842084,0.03914424571173637,49.25738943022733,-0.002340692818761099,-0.06777114499103072,-0.5422199522974307,-0.3267281543480593,56.65056352617421,4,4
2026-04-22,macro,0.586516102450005,24.901501165092476,0.26608992257212527,63.05762655017261,0.006876134845827171,1.1086215124889864,0.4559828213422999,0.15536142892051807,58.99521961497711,4,4
2026-04-23,macro,0.5535197329799465,23.402308720751236,0.2807814160505931,55.35628437411865,0.012759499903371434,1.1420235868690456,-0.11264284518885527,0.5526641768524319,61.13027312652632,4,4
2026-04-24,macro,-0.11954963319465223,22.04358577595438,0.10596628534910933,49.69636576507423,0.004122147946208833,0.20889838998086116,-0.5282192971409686,0.20238542237357052,61.56082550248938,4,4
2026-04-25,macro,-0.4328066291800632,21.392325425657397,0.026208405645028694,47.62943570745802,-0.007106787382004653,-0.21853438784872106,-0.6703867064176285,-0.39339629201467313,60.948478497542375,4,4
2026-04-26,macro,0.6809209105170161,24.22362691355237,0.37095127201080325,56.735871199701975,0.007735406093993549,1.582483178866701,0.03009485127522517,0.3878985581529994,63.486739652116924,4,4
2026-04-27,macro,-0.41623537929952037,21.973416527724588,0.024704289097823198,48.383220113859316,-0.005974562742689447,-0.2650286537271884,-0.6105628676578002,-0.33026282125871315,63.01409811991478,4,4
2026-04-28,macro,-0.8061549812045335,22.410522219975395,-0.09668243998140097,51.04513455060783,-0.022498101226451128,-0.8997641440555078,-0.3938837394546873,-1.3421599869806877,61.65834286489703,4,4
2026-04-29,macro,0.5464107513782338,24.13219879386746,0.413221658506648,54.74504492248344,0.00041984406252789513,1.7631705648551081,-0.09673185496723603,-0.24263897986780297,64.98006317048471,4,4
2026-04-30,macro,0.26575760272243565,23.047169994336027,0.2664892182721255,49.24899827994316,0.004951583921450321,0.9655195752188707,-0.5331411730309772,0.035240239322361075,66.76104153990897,4,4
2026-05-01,macro,-0.5699174051504836,22.33393854689947,0.013985215553641323,47.06363039357837,-0.009039734552375243,-0.35880533940262754,-0.6982211959995391,-0.7443815164744746,66.13482277229977,4,4
2026-05-02,macro,0.10187838959662097,24.203869832862587,0.20566319380303222,53.751739803806714,-0.0055402393850722195,0.6504507675862834,-0.14465172231959747,-0.6292214145258727,66.98444594950615,4,4
2026-05-03,macro,-0.2590118470639332,23.905947285818876,0.1467899916768074,52.53001346324296,-0.00723825407228719,0.33005786629128325,-0.24353927457212957,-0.7871745219510284,67.23560776939709,4,4
2026-05-04,macro,0.21869696662622823,23.712448386125175,0.28817069702914294,50.21974891921487,0.0006912794827439242,1.0689256024826777,-0.43269028458346526,-0.3784735132611219,69.03280787458951,4,4
2026-05-05,macro,-0.7940316571248452,23.007528225821993,-0.04171047614380304,48.62470468221735,-0.015836913192056663,-0.7050343773244003,-0.5601622164439785,-1.3617281908769967,67.8874728175872,4,4
2026-05-06,macro,-0.18233661562297895,23.30800577644731,0.18779366733292666,48.669380944214694,-0.011093540060134369,0.5373187625845277,-0.54794436881502,-1.2269726040250848,69.1279352375265,4,4
2026-05-07,macro,-0.5683929869612637,22.985015530124258,0.11765308498358532,47.27897041687936,-0.012363558992611545,0.15031542407480164,-0.6579148103885951,-1.3942912828739698,69.53836834251872,4,4
2026-05-08,macro,-0.18571219210230086,24.081202588853216,0.16834928221883075,51.085514854762636,-0.009596379053070148,0.4264521410949628,-0.32094337090215974,-1.3337952008915088,70.48422799980298,4,4
2026-05-09,macro,-0.5518138734007177,24.043971230339412,0.09837324280530835,51.26001622411265,-0.012122969360632486,0.0337726231832219,-0.3019404130714729,-1.5436192952921763,70.31432015402493,4,4
2026-05-10,macro,0.1560420475179939,23.922616508714178,0.3289619175070431,49.236416399772324,0.0013738243174649598,1.302413864021252,-0.47639932150616005,-0.8678652251503521,72.22251785386513,4,4
2026-05-11,macro,-0.2963012101951312,24.873632517797713,0.15647685637776185,52.55796443536696,-0.0015201149642682793,0.3287962454075821,-0.17537911509704449,-1.0030716329634588,71.9266477582115,4,4
2026-05-12,macro,0.30973525926305134,26.58885205262751,0.2827330487984404,57.3513023440282,0.004532690492208377,1.0237835921537093,0.25803744575260545,-0.6505111105166625,75.27473356413438,4,4
2026-05-13,macro,-1.7131460673612693,20.323822021631862,-0.2823155509874858,36.80568090789233,-0.028251943583550668,-2.064084200012471,-1.5720382583715864,-2.3877059230698663,70.5034788732789,4,4
2026-05-14,macro,0.9275748594797694,26.79157147400307,0.6759014676977602,55.938279435920954,0.01361513737921799,2.878950988061568,0.15664385599601252,-0.31919394987384564,79.28243563548081,4,4
2026-05-15,macro,-0.8696330568452958,24.38855064384365,-0.08324632323894256,48.770426744063606,-0.009551516206941793,-0.9380638260281151,-0.4920829116815994,-1.4505509114106878,77.5632211083902,4,4
2026-05-16,macro,0.04329427630233601,25.267413026635573,0.2831667966986505,50.938616520336524,-0.00041318277950933707,0.8989716559878371,-0.2896186254082907,-1.019584271660792,78.9808676767656,4,4
2026-05-17,macro,-1.5670485427237175,22.884362012273435,-0.3082415289121625,45.118885435907615,-0.03263074116442778,-1.997554145786522,-0.8170344372572719,-2.6379446612233615,75.0235866187134,4,4
2026-05-18,macro,-0.4749654775616451,23.045748428792574,0.16656534617770466,48.782624371383825,-0.02096273839780183,0.3331157941837727,-0.4706104903231178,-2.23156130021086,70.42537294914933,4,4
2026-05-19,macro,-1.1382482587192286,22.87758259395403,-0.08904229823667555,49.519014511100046,-0.028965342023606226,-0.9184331876903334,-0.3974197497472414,-2.6473558842485905,69.51969359904466,4,4
2026-05-20,macro,-1.0951800808780308,22.307150586919125,-0.027502818653124737,47.73483308774756,-0.028571984533875952,-0.6058524701463796,-0.559573041902804,-2.691424461976168,69.15229179601226,4,4
2026-05-21,macro,-0.42864899041312454,23.201962939041792,0.15942374499571466,50.42893459958183,-0.014869789613102504,0.32385746780634994,-0.3005169624216236,-2.2067018596054933,70.51001831390434,4,4
2026-05-22,macro,0.12426221986484987,24.106231845078398,0.3609926795002738,51.918762637043415,0.007424168234012455,1.3068419062990244,-0.15632433221505931,-1.3244970758466177,73.5480493371321,4,4
2026-05-23,macro,,,,52.65271392985896,0.005939334587209965,,-0.08464847186571246,-1.3285197346934725,73.5480493371321,4,4
2026-03-24,stocks,,,0.1454891061867923,,0.0,,,,44.38675787711847,60,60
2026-03-25,stocks,,31.536843436688414,0.16845352344219186,100.0,0.0014655354601736503,,,,44.24128763150371,60,60
2026-03-26,stocks,,31.474797115418525,0.18298156004041422,100.0,0.003231084007760674,,,,43.610096875538716,60,60
2026-03-27,stocks,,14.668421900716499,0.11189756625119686,34.530926980548145,-0.0003788020940241239,,,,41.2800098744057,60,60
2026-03-28,stocks,,19.099659286161234,0.15186539704929564,52.14625932732864,-8.07389256033777e-05,,,,41.2546296068969,60,60
2026-03-29,stocks,,22.426802394315555,0.20491221735859427,64.73852554507499,0.0034859807480527452,,,,42.25570642674269,60,60
2026-03-30,stocks,,16.97093326820375,0.11339757408078435,44.52560501135846,-0.00031906248368470595,,,,40.187642169837666,60,60
2026-03-31,stocks,,18.15240887698858,0.1455059258992944,50.00258594458548,-0.0006550592868697696,,,,39.21058638856007,60,60
2026-04-01,stocks,,20.07942731140589,0.20100978163605648,57.29157575969684,0.0026954279289151677,,,,39.87351817641146,60,60
2026-04-02,stocks,,18.209678824373054,0.15180323906234694,50.73433044531555,0.00149237740938748,,,,38.632123624942324,60,60
2026-04-03,stocks,,19.09004119973843,0.18064823851645986,53.83189520800447,0.002475989189820567,,,,38.94486282039888,60,60
2026-04-04,stocks,,18.792593472893003,0.17056500641452543,52.674176661398555,0.0022886439076442557,,,,38.76546289049158,60,60
2026-04-05,stocks,,18.384501635699998,0.1559768841343498,51.08470126536472,0.0010844785237563801,,,,38.53420546669537,60,60
2026-04-06,stocks,,17.370961415955726,0.12358291191042248,47.87662702257267,-0.0018326851532142353,,,,37.22803288346525,60,60
2026-04-07,stocks,,17.91845459385978,0.15063474392062862,50.47391455764118,-0.001872731023503306,,,,36.61868491480233,60,60
2026-04-08,stocks,,17.407043016222197,0.15448045821258477,48.66610153383768,-0.0015840478071449007,,,,36.35194325311695,60,60
2026-04-09,stocks,,17.406886066468292,0.1677642946884781,48.54386853849419,-0.0004985275450675756,,,,36.51868689286106,60,60
2026-04-10,stocks,,18.960846450738103,0.15796076981222307,54.9933739671965,-0.00044271524599910584,,,,36.25956353453048,60,60
2026-04-11,stocks,,19.6035482471125,0.2160387347203869,56.69373952695948,0.0032978174097729627,,,,37.39474589815836,60,60
2026-04-12,stocks,,17.777000405066318,0.19347770396883407,48.72629336474333,0.003998067788915706,1.085726809105699,,2.105849409163841,38.22427827801405,60,60
2026-04-13,stocks,0.9485013832510919,20.782883728786487,0.1885119058176918,60.36577957996095,0.0038697940888088762,0.8732288018683196,0.2463230076209713,2.0994722932125747,38.580838851067995,60,60
2026-04-14,stocks,1.2046606599332357,20.82725786568055,0.21052851440234602,59.23020980062472,0.004942075984878249,1.5158043439361513,0.17172212289749092,2.4270321837551543,40.27783912127367,60,60
2026-04-15,stocks,0.46831105600636425,18.082010091622312,0.18564795931675176,47.61168470601068,0.003706500665191556,0.6519337364058929,-0.5505530070949487,2.04160032749469,41.02506617786285,60,60
2026-04-16,stocks,0.921846390611331,20.880113857786956,0.1972574772734618,58.002317682351524,0.003409439402574266,1.005465814579208,0.11884730869206343,1.9617571568230008,42.096730920439484,60,60
2026-04-17,stocks,1.1719574318166377,21.016935367823688,0.22084671442144702,57.21046445936804,0.004472939901067919,1.6682589383362059,0.06510500529987423,2.219941301773725,43.83848523106843,60,60
2026-04-18,stocks,2.015099995329864,24.262362861418552,0.2966964816621591,68.3055261116113,0.009658413905055414,3.136960009583802,0.7890479555033458,3.103959983323448,46.3376080206548,60,60
2026-04-19,stocks,1.7716725093830983,24.611602861868143,0.28153138305348907,68.19132354845115,0.01132526034033944,2.374071094686005,0.757499042088026,3.0785064172130125,48.43868958264852,60,60
2026-04-20,stocks,0.8368046893396476,23.254375309584983,0.21622056781449644,62.25329184319449,0.007473325293243148,0.8372678616212599,0.34225121984216295,2.4010395450604296,49.16666265087771,60,60
2026-04-21,stocks,0.7037849176978858,22.841097492732807,0.21970859737283677,59.743876550283076,0.0047377980580231155,0.889639084547834,0.16377828220416418,1.984414918218264,50.043988224724515,60,60
2026-04-22,stocks,0.5942614327798108,22.859225292241476,0.21844485365635408,59.08932394608211,0.0025313689992656797,0.8356048064089182,0.11516175191924047,1.6597876462328771,50.93427695521691,60,60
2026-04-23,stocks,0.2987560711164511,21.86617937124582,0.20217089083535408,54.84797067432599,-0.0001914535342430121,0.44549201109695674,-0.18917804483702258,1.2507201903533067,51.10715570316107,60,60
2026-04-24,stocks,0.5405299332656571,23.2650899028159,0.22846989238810886,59.493591998054754,-0.00037786314760703335,1.0350280076298515,0.1509951243648006,1.1692033497021124,52.1746433763124,60,60
2026-04-25,stocks,0.22632874938702743,21.043655271814607,0.2165690223402071,50.08153904684229,-0.0014016917182898478,0.7351668159433912,-0.5436456502513822,0.9673101692675246,53.07629815689286,60,60
2026-04-26,stocks,0.2684320079499618,22.04635395585349,0.21819732255347446,54.06250205072393,-0.0020301327040289363,0.7561012507811781,-0.23789340222060076,0.8047543227477331,53.13349914256391,60,60
2026-04-27,stocks,0.18045784491588615,22.15860420450006,0.2132199308707626,54.06044200355469,-0.0027947412381482926,0.6238608523227738,-0.23443149126318194,0.6082151656768607,53.547981589854885,60,60
2026-04-28,stocks,0.039866605142539674,21.257897613080377,0.21121028835626643,50.11992677358651,-0.003408850311462319,0.5646405947000145,-0.5323991202304186,0.4148833558210318,53.52930370382713,60,60
2026-04-29,stocks,-0.2335140028909314,21.34738979241633,0.18728077782625965,50.28818354546586,-0.005287541934554453,-0.02119493524802193,-0.5101011463751485,0.002759287951741477,53.19613182622709,60,60
2026-04-30,stocks,-0.0779660136045959,21.775330715989455,0.20814576463577295,51.86092532043928,-0.0049896337318157905,0.48907272228742293,-0.3787305043351878,-0.11964101673601722,53.4173767225657,60,60
2026-05-01,stocks,0.590863061793208,22.820385147331315,0.2527023379755768,55.080354980996034,-0.0018197776771787313,1.5358489986655803,-0.1171545376309857,0.23650202175098434,54.7952003774231,60,60
2026-05-02,stocks,0.09020444378474352,18.460834874785753,0.23143791690320756,37.398529898440906,-0.00121240389228126,0.9871605137417924,-1.4975127394787888,0.27361618900288115,55.30623780149563,60,60
2026-05-03,stocks,0.16045845882169396,19.29342508545935,0.23262005197620603,40.01603305864816,-0.0008077338003033546,0.9913759671432354,-1.2450769383670992,0.29717851842523174,56.49700821273113,60,60
2026-05-04,stocks,0.48663738421661307,23.168714339580042,0.23554099743147477,55.29154278314708,-0.00043852012579439527,1.0366384104841952,-0.02598783145703904,0.32846744228523306,56.799333108046106,60,60
2026-05-05,stocks,-0.5027545444370879,19.746509220163194,0.18298063888748858,42.07191076352265,-0.003650572368484359,-0.2521806733944616,-1.065917208807111,-0.24083428273396196,56.085127215556156,60,60
2026-05-06,stocks,-0.30666739885020333,21.051160487548202,0.2034009056715135,47.00066869161701,-0.004273138215949291,0.2523954523700795,-0.6573597985697707,-0.47150799951455713,56.608212601517735,60,60
2026-05-07,stocks,-0.2836752668106032,21.910912945843236,0.20361271540600737,50.30712900575814,-0.004519945399009325,0.2547129485546255,-0.383916468764915,-0.6558894193299233,56.81337401085697,60,60
2026-05-08,stocks,-0.4703402711984498,20.245888672439015,0.20187302630448403,43.6724417666556,-0.004632534517312072,0.20816409887841503,-0.9089683551438782,-0.821681359204967,56.87979628476732,60,60
2026-05-09,stocks,0.8418458203692591,25.06787459057416,0.2799476534693021,61.46748212575231,0.0004490254413175767,2.0818531742022484,0.5450830228097637,-0.07800107690300895,59.02169105498247,60,60
2026-05-10,stocks,0.6263099750809944,24.01705167461256,0.2567057354447161,56.46213463188144,0.0020529850041940342,1.4578654044162969,0.12927770754330858,0.22567682515554283,60.40708866997986,60,60
2026-05-11,stocks,-0.1973028596854997,21.94407837790184,0.20561808316504018,48.895287525902454,-0.0003885590749238173,0.21083105836595412,-0.4975111586605012,-0.14368207658150295,59.519697131989574,60,60
2026-05-12,stocks,-0.8976610935791246,20.216632642073087,0.15585002670999853,42.935551427722906,-0.005152657559885601,-0.9937040675448697,-0.9801246423944345,-1.0156539457182472,58.10134787672156,60,60
2026-05-13,stocks,-0.3934404452439194,22.39332421031755,0.20275651541221437,51.86544602845205,-0.004941458664767307,0.15907825170286888,-0.22420078992301531,-1.1400452267876755,57.87218829197393,60,60
2026-05-14,stocks,0.45701840852664344,23.65392260305685,0.2614052383286197,55.88393681136973,-0.0008622866150134207,1.5618576448588932,0.11708859593023353,-0.5647895758127318,59.37093790619055,60,60
2026-05-15,stocks,-0.6901228998819627,20.168584741502237,0.18472682496563816,42.98795739320481,-0.003206877229253548,-0.3120881403420284,-0.9741044995912669,-1.0106228075575288,58.511513737000975,60,60
2026-05-16,stocks,0.2162978610669931,22.427358626045127,0.24495484379765314,51.29059809254753,-0.0007104927318849191,1.1497079346995493,-0.2566793860030555,-0.6587061958941901,59.72850557714453,60,60
2026-05-17,stocks,-0.48073720665781694,21.321421386684865,0.1989634852197758,47.0397669338511,-0.002087796582076827,0.01752278408412151,-0.6180094720073761,-0.925206994326553,59.51804456283243,60,60
2026-05-18,stocks,0.18521634637417503,22.27518097806395,0.24204949564562442,50.534672544826854,-0.0001313845994216304,1.0669880961837823,-0.30950213303039187,-0.6307876232265667,60.15085427908732,60,60
2026-05-19,stocks,-0.528921743012877,22.10156440202231,0.18730802310494815,50.35422483730843,-0.002430844434501785,-0.2883186488104714,-0.32223013866728617,-1.0463115864341737,59.671183774825444,60,60
2026-05-20,stocks,0.13480002236408906,22.72743242024094,0.23522695274659916,52.4929415602115,-0.0007201733707345574,0.8960856734006941,-0.13102094936288744,-0.8056940203500227,60.1978894489157,60,60
2026-05-21,stocks,0.4240882671847249,23.343437143309664,0.25630991123746216,53.99709118473274,0.0017033262830384987,1.3883231983819013,0.0037928341126239836,-0.374567335921819,61.73678852299789,60,60
2026-05-22,stocks,-1.20787134044281,20.71570160582759,0.12746850069706603,45.2686696857252,-0.0051251359753103146,-1.7494786413297325,-0.774976770485829,-1.553890323188862,59.28536492474721,60,60
2026-05-23,stocks,,,,39.23506473758681,-0.004100108780248251,,-1.2926480734205192,-1.5346431602336235,59.28536492474721,60,60
